Instance,Terminal,Layer,X location,Y location,Voltage
FILLER_113_760,VSS,Metal1,432.6000,462.5600,0.000000
FILLER_113_758,VSS,Metal1,431.7600,462.5600,0.000000
FILLER_113_750,VSS,Metal1,428.4530,462.0980,0.000000
FILLER_113_716,VSS,Metal1,415.9640,461.9620,0.000000
FILLER_113_682,VSS,Metal1,396.9240,461.9620,0.000000
FILLER_113_648,VSS,Metal1,377.8840,461.9620,0.000000
FILLER_113_614,VSS,Metal1,358.8440,461.9620,0.000000
FILLER_113_580,VSS,Metal1,339.8040,461.9620,0.000000
FILLER_113_546,VSS,Metal1,320.7640,461.9620,0.000000
FILLER_113_512,VSS,Metal1,301.7240,461.9620,0.000000
FILLER_113_478,VSS,Metal1,282.6840,461.9620,0.000000
FILLER_113_444,VSS,Metal1,263.6440,461.9620,0.000000
FILLER_113_410,VSS,Metal1,244.6040,461.9620,0.000000
FILLER_113_407,VSS,Metal1,234.9200,462.5600,0.000000
FILLER_113_403,VSS,Metal1,233.1400,462.2110,0.000000
FILLER_113_376,VSS,Metal1,217.5600,462.5600,0.000000
FILLER_113_342,VSS,Metal1,206.5240,461.9620,0.000000
FILLER_113_308,VSS,Metal1,187.4840,461.9620,0.000000
FILLER_113_274,VSS,Metal1,168.4440,461.9620,0.000000
FILLER_113_240,VSS,Metal1,149.4040,461.9620,0.000000
FILLER_113_206,VSS,Metal1,130.3640,461.9620,0.000000
FILLER_113_172,VSS,Metal1,111.3240,461.9620,0.000000
FILLER_113_138,VSS,Metal1,92.2840,461.9620,0.000000
FILLER_113_104,VSS,Metal1,73.2440,461.9620,0.000000
FILLER_113_70,VSS,Metal1,54.2040,461.9620,0.000000
FILLER_113_36,VSS,Metal1,35.1640,461.9620,0.000000
FILLER_113_2,VSS,Metal1,16.1240,461.9620,0.000000
FILLER_112_753,VSS,Metal1,430.1330,455.1815,0.000000
FILLER_112_737,VSS,Metal1,423.3120,455.2680,0.000000
FILLER_112_731,VSS,Metal1,416.8200,455.0685,0.000000
FILLER_112_667,VSS,Metal1,397.4445,455.3575,0.000000
FILLER_112_661,VSS,Metal1,377.6200,455.0685,0.000000
FILLER_112_597,VSS,Metal1,358.2445,455.3575,0.000000
FILLER_112_591,VSS,Metal1,338.4200,455.0685,0.000000
FILLER_112_527,VSS,Metal1,319.0445,455.3575,0.000000
FILLER_112_521,VSS,Metal1,299.2200,455.0685,0.000000
FILLER_112_457,VSS,Metal1,279.8445,455.3575,0.000000
FILLER_112_451,VSS,Metal1,260.0200,455.0685,0.000000
FILLER_112_387,VSS,Metal1,240.6445,455.3575,0.000000
FILLER_112_381,VSS,Metal1,220.8200,455.0685,0.000000
FILLER_112_317,VSS,Metal1,201.4445,455.3575,0.000000
FILLER_112_311,VSS,Metal1,181.6200,455.0685,0.000000
FILLER_112_247,VSS,Metal1,162.2445,455.3575,0.000000
FILLER_112_241,VSS,Metal1,142.4200,455.0685,0.000000
FILLER_112_177,VSS,Metal1,123.0445,455.3575,0.000000
FILLER_112_171,VSS,Metal1,103.2200,455.0685,0.000000
FILLER_112_107,VSS,Metal1,83.8445,455.3575,0.000000
FILLER_112_101,VSS,Metal1,64.0200,455.0685,0.000000
FILLER_112_37,VSS,Metal1,44.6445,455.3575,0.000000
FILLER_112_34,VSS,Metal1,26.0400,454.7200,0.000000
FILLER_112_2,VSS,Metal1,16.1240,455.3175,0.000000
FILLER_111_776,VSS,Metal1,441.5600,454.7200,0.000000
FILLER_111_772,VSS,Metal1,439.7800,454.3710,0.000000
FILLER_111_753,VSS,Metal1,428.6800,454.7200,0.000000
FILLER_111_751,VSS,Metal1,427.8400,454.7200,0.000000
FILLER_111_743,VSS,Metal1,424.5330,454.2580,0.000000
FILLER_111_727,VSS,Metal1,417.7120,454.1720,0.000000
FILLER_111_706,VSS,Metal1,402.3600,454.7200,0.000000
FILLER_111_702,VSS,Metal1,400.5800,454.3710,0.000000
FILLER_111_698,VSS,Metal1,398.1600,454.7200,0.000000
FILLER_111_682,VSS,Metal1,392.5120,454.1720,0.000000
FILLER_111_668,VSS,Metal1,381.0800,454.7200,0.000000
FILLER_111_632,VSS,Metal1,361.2000,454.7200,0.000000
FILLER_111_595,VSS,Metal1,340.2000,454.7200,0.000000
FILLER_111_591,VSS,Metal1,338.4200,454.3710,0.000000
FILLER_111_575,VSS,Metal1,332.5920,454.1720,0.000000
FILLER_111_556,VSS,Metal1,318.8200,454.3710,0.000000
FILLER_111_548,VSS,Metal1,315.3330,454.2580,0.000000
FILLER_111_532,VSS,Metal1,308.5120,454.1720,0.000000
FILLER_111_496,VSS,Metal1,285.0400,454.7200,0.000000
FILLER_111_492,VSS,Metal1,282.9800,454.3710,0.000000
FILLER_111_455,VSS,Metal1,261.8000,454.7200,0.000000
FILLER_111_451,VSS,Metal1,260.0200,454.3710,0.000000
FILLER_111_435,VSS,Metal1,254.1920,454.1720,0.000000
FILLER_111_419,VSS,Metal1,241.6400,454.7200,0.000000
FILLER_111_417,VSS,Metal1,240.8000,454.7200,0.000000
FILLER_111_409,VSS,Metal1,237.4930,454.2580,0.000000
FILLER_111_374,VSS,Metal1,216.4400,454.7200,0.000000
FILLER_111_372,VSS,Metal1,215.6000,454.7200,0.000000
FILLER_111_368,VSS,Metal1,213.5400,454.3710,0.000000
FILLER_111_352,VSS,Metal1,207.7120,454.1720,0.000000
FILLER_111_314,VSS,Metal1,183.1200,454.7200,0.000000
FILLER_111_310,VSS,Metal1,181.0600,454.3710,0.000000
FILLER_111_302,VSS,Metal1,177.5730,454.2580,0.000000
FILLER_111_286,VSS,Metal1,170.7520,454.1720,0.000000
FILLER_111_276,VSS,Metal1,162.0200,454.3710,0.000000
FILLER_111_212,VSS,Metal1,142.6445,454.0820,0.000000
FILLER_111_209,VSS,Metal1,124.0400,454.7200,0.000000
FILLER_111_207,VSS,Metal1,123.2000,454.7200,0.000000
FILLER_111_199,VSS,Metal1,119.8930,454.2580,0.000000
FILLER_111_183,VSS,Metal1,113.0720,454.1720,0.000000
FILLER_111_166,VSS,Metal1,100.4200,454.3710,0.000000
FILLER_111_158,VSS,Metal1,96.9330,454.2580,0.000000
FILLER_111_142,VSS,Metal1,90.1120,454.1720,0.000000
FILLER_111_104,VSS,Metal1,65.5200,454.7200,0.000000
FILLER_111_72,VSS,Metal1,55.3240,454.1220,0.000000
FILLER_111_66,VSS,Metal1,44.4200,454.3710,0.000000
FILLER_111_2,VSS,Metal1,25.0445,454.0820,0.000000
FILLER_110_741,VSS,Metal1,422.2400,446.8800,0.000000
FILLER_110_737,VSS,Metal1,420.1800,447.2285,0.000000
FILLER_110_734,VSS,Metal1,418.0400,446.8800,0.000000
FILLER_110_732,VSS,Metal1,417.2000,446.8800,0.000000
FILLER_110_728,VSS,Metal1,415.1400,447.2285,0.000000
FILLER_110_720,VSS,Metal1,411.6530,447.3415,0.000000
FILLER_110_711,VSS,Metal1,405.1600,446.8800,0.000000
FILLER_110_709,VSS,Metal1,404.3200,446.8800,0.000000
FILLER_110_705,VSS,Metal1,402.2600,447.2285,0.000000
FILLER_110_697,VSS,Metal1,398.7730,447.3415,0.000000
FILLER_110_681,VSS,Metal1,391.9520,447.4280,0.000000
FILLER_110_667,VSS,Metal1,380.8000,446.8800,0.000000
FILLER_110_664,VSS,Metal1,378.8400,446.8800,0.000000
FILLER_110_662,VSS,Metal1,378.0000,446.8800,0.000000
FILLER_110_654,VSS,Metal1,374.6930,447.3415,0.000000
FILLER_110_615,VSS,Metal1,351.4000,446.8800,0.000000
FILLER_110_613,VSS,Metal1,350.5600,446.8800,0.000000
FILLER_110_597,VSS,Metal1,344.9120,447.4280,0.000000
FILLER_110_587,VSS,Metal1,336.0000,446.8800,0.000000
FILLER_110_583,VSS,Metal1,333.9400,447.2285,0.000000
FILLER_110_573,VSS,Metal1,328.1600,446.8800,0.000000
FILLER_110_559,VSS,Metal1,320.3200,446.8800,0.000000
FILLER_110_527,VSS,Metal1,310.1240,447.4775,0.000000
FILLER_110_521,VSS,Metal1,299.2200,447.2285,0.000000
FILLER_110_457,VSS,Metal1,279.8445,447.5175,0.000000
FILLER_110_447,VSS,Metal1,258.7730,447.3415,0.000000
FILLER_110_439,VSS,Metal1,253.1200,446.8800,0.000000
FILLER_110_387,VSS,Metal1,231.7240,447.4775,0.000000
FILLER_110_381,VSS,Metal1,220.8200,447.2285,0.000000
FILLER_110_317,VSS,Metal1,201.4445,447.5175,0.000000
FILLER_110_311,VSS,Metal1,181.6200,447.2285,0.000000
FILLER_110_303,VSS,Metal1,178.1330,447.3415,0.000000
FILLER_110_288,VSS,Metal1,168.2800,446.8800,0.000000
FILLER_110_271,VSS,Metal1,159.2200,447.2285,0.000000
FILLER_110_263,VSS,Metal1,155.7330,447.3415,0.000000
FILLER_110_247,VSS,Metal1,148.9120,447.4280,0.000000
FILLER_110_241,VSS,Metal1,142.4200,447.2285,0.000000
FILLER_110_193,VSS,Metal1,115.0800,446.8800,0.000000
FILLER_110_189,VSS,Metal1,113.3000,447.2285,0.000000
FILLER_110_173,VSS,Metal1,104.1600,446.8800,0.000000
FILLER_110_164,VSS,Metal1,98.8400,446.8800,0.000000
FILLER_110_160,VSS,Metal1,97.0600,447.2285,0.000000
FILLER_110_144,VSS,Metal1,91.2320,447.4280,-0.000000
FILLER_110_112,VSS,Metal1,77.7240,447.4775,-0.000000
FILLER_110_104,VSS,Metal1,65.2400,446.8800,-0.000000
FILLER_110_102,VSS,Metal1,64.4000,446.8800,-0.000000
FILLER_110_98,VSS,Metal1,62.3400,447.2285,-0.000000
FILLER_110_90,VSS,Metal1,58.8530,447.3415,-0.000000
FILLER_110_55,VSS,Metal1,37.8000,446.8800,-0.000000
FILLER_110_53,VSS,Metal1,36.9600,446.8800,-0.000000
FILLER_110_37,VSS,Metal1,31.3120,447.4280,-0.000000
FILLER_110_34,VSS,Metal1,26.0400,446.8800,-0.000000
FILLER_110_2,VSS,Metal1,16.1240,447.4775,-0.000000
FILLER_109_776,VSS,Metal1,441.5600,446.8800,0.000000
FILLER_109_772,VSS,Metal1,439.7800,446.5310,0.000000
FILLER_109_766,VSS,Metal1,436.4200,446.5310,0.000000
FILLER_109_702,VSS,Metal1,417.0445,446.2420,0.000000
FILLER_109_696,VSS,Metal1,397.2200,446.5310,0.000000
FILLER_109_632,VSS,Metal1,377.8445,446.2420,0.000000
FILLER_109_628,VSS,Metal1,358.9600,446.8800,0.000000
FILLER_109_624,VSS,Metal1,356.9000,446.5310,0.000000
FILLER_109_592,VSS,Metal1,346.5240,446.2820,0.000000
FILLER_109_578,VSS,Metal1,331.1400,446.5310,0.000000
FILLER_109_562,VSS,Metal1,325.3120,446.3320,0.000000
FILLER_109_556,VSS,Metal1,318.8200,446.5310,0.000000
FILLER_109_548,VSS,Metal1,315.3330,446.4180,0.000000
FILLER_109_524,VSS,Metal1,304.0320,446.3320,0.000000
FILLER_109_492,VSS,Metal1,290.5240,446.2820,0.000000
FILLER_109_489,VSS,Metal1,280.8400,446.8800,0.000000
FILLER_109_487,VSS,Metal1,280.0000,446.8800,0.000000
FILLER_109_471,VSS,Metal1,274.3520,446.3320,0.000000
FILLER_109_439,VSS,Metal1,260.8440,446.2820,0.000000
FILLER_109_428,VSS,Metal1,246.6800,446.8800,0.000000
FILLER_109_426,VSS,Metal1,245.8400,446.8800,0.000000
FILLER_109_422,VSS,Metal1,243.7800,446.5310,0.000000
FILLER_109_416,VSS,Metal1,240.4200,446.5310,0.000000
FILLER_109_352,VSS,Metal1,221.0445,446.2420,0.000000
FILLER_109_346,VSS,Metal1,201.2200,446.5310,0.000000
FILLER_109_338,VSS,Metal1,197.7330,446.4180,0.000000
FILLER_109_306,VSS,Metal1,186.3640,446.2820,0.000000
FILLER_109_286,VSS,Metal1,167.4400,446.8800,0.000000
FILLER_109_282,VSS,Metal1,165.3800,446.5310,0.000000
FILLER_109_279,VSS,Metal1,163.2400,446.8800,0.000000
FILLER_109_277,VSS,Metal1,162.4000,446.8800,0.000000
FILLER_109_267,VSS,Metal1,156.8000,446.8800,0.000000
FILLER_109_262,VSS,Metal1,153.7200,446.8800,0.000000
FILLER_109_258,VSS,Metal1,151.9400,446.5310,0.000000
FILLER_109_220,VSS,Metal1,130.4800,446.8800,0.000000
FILLER_109_212,VSS,Metal1,127.1730,446.4180,0.000000
FILLER_109_208,VSS,Metal1,123.7600,446.8800,0.000000
FILLER_109_200,VSS,Metal1,120.4530,446.4180,0.000000
FILLER_109_184,VSS,Metal1,113.6320,446.3320,0.000000
FILLER_109_178,VSS,Metal1,106.6800,446.8800,0.000000
FILLER_109_160,VSS,Metal1,98.0530,446.4180,0.000000
FILLER_109_146,VSS,Metal1,88.7600,446.8800,-0.000000
FILLER_109_142,VSS,Metal1,86.9800,446.5310,-0.000000
FILLER_109_132,VSS,Metal1,82.3730,446.4180,-0.000000
FILLER_109_116,VSS,Metal1,75.5520,446.3320,-0.000000
FILLER_109_96,VSS,Metal1,61.0400,446.8800,-0.000000
FILLER_109_88,VSS,Metal1,57.7330,446.4180,-0.000000
FILLER_109_72,VSS,Metal1,50.9120,446.3320,-0.000000
FILLER_109_69,VSS,Metal1,45.6400,446.8800,-0.000000
FILLER_109_67,VSS,Metal1,44.8000,446.8800,-0.000000
FILLER_109_46,VSS,Metal1,32.7600,446.8800,-0.000000
FILLER_109_44,VSS,Metal1,31.9200,446.8800,-0.000000
FILLER_109_36,VSS,Metal1,28.6130,446.4180,-0.000000
FILLER_108_741,VSS,Metal1,422.2400,439.0400,0.000000
FILLER_108_737,VSS,Metal1,420.1800,439.3885,0.000000
FILLER_108_733,VSS,Metal1,417.7600,439.0400,0.000000
FILLER_108_701,VSS,Metal1,407.5640,439.6375,0.000000
FILLER_108_691,VSS,Metal1,394.4200,439.3885,0.000000
FILLER_108_683,VSS,Metal1,390.9330,439.5015,0.000000
FILLER_108_667,VSS,Metal1,384.1120,439.5880,0.000000
FILLER_108_661,VSS,Metal1,377.6200,439.3885,0.000000
FILLER_108_597,VSS,Metal1,358.2445,439.6775,0.000000
FILLER_108_593,VSS,Metal1,339.3600,439.0400,0.000000
FILLER_108_589,VSS,Metal1,337.3000,439.3885,0.000000
FILLER_108_581,VSS,Metal1,333.8130,439.5015,0.000000
FILLER_108_549,VSS,Metal1,322.4440,439.6375,0.000000
FILLER_108_535,VSS,Metal1,306.8800,439.0400,0.000000
FILLER_108_527,VSS,Metal1,303.5730,439.5015,0.000000
FILLER_108_521,VSS,Metal1,299.2200,439.3885,0.000000
FILLER_108_485,VSS,Metal1,278.8800,439.0400,0.000000
FILLER_108_481,VSS,Metal1,276.8200,439.3885,0.000000
FILLER_108_473,VSS,Metal1,273.3330,439.5015,0.000000
FILLER_108_457,VSS,Metal1,266.5120,439.5880,0.000000
FILLER_108_451,VSS,Metal1,260.0200,439.3885,0.000000
FILLER_108_387,VSS,Metal1,240.6445,439.6775,0.000000
FILLER_108_376,VSS,Metal1,217.5600,439.0400,0.000000
FILLER_108_372,VSS,Metal1,215.7800,439.3885,0.000000
FILLER_108_364,VSS,Metal1,212.2930,439.5015,0.000000
FILLER_108_329,VSS,Metal1,191.2400,439.0400,0.000000
FILLER_108_325,VSS,Metal1,189.4600,439.3885,0.000000
FILLER_108_317,VSS,Metal1,185.9730,439.5015,0.000000
FILLER_108_314,VSS,Metal1,182.8400,439.0400,0.000000
FILLER_108_312,VSS,Metal1,182.0000,439.0400,0.000000
FILLER_108_304,VSS,Metal1,178.6930,439.5015,0.000000
FILLER_108_272,VSS,Metal1,167.3240,439.6375,0.000000
FILLER_108_263,VSS,Metal1,154.7400,439.3885,0.000000
FILLER_108_247,VSS,Metal1,148.9120,439.5880,0.000000
FILLER_108_241,VSS,Metal1,142.4200,439.3885,0.000000
FILLER_108_177,VSS,Metal1,123.0445,439.6775,0.000000
FILLER_108_171,VSS,Metal1,103.2200,439.3885,0.000000
FILLER_108_107,VSS,Metal1,83.8445,439.6775,0.000000
FILLER_108_104,VSS,Metal1,65.2400,439.0400,0.000000
FILLER_108_102,VSS,Metal1,64.4000,439.0400,0.000000
FILLER_108_94,VSS,Metal1,61.0930,439.5015,0.000000
FILLER_108_62,VSS,Metal1,49.7240,439.6375,0.000000
FILLER_108_52,VSS,Metal1,36.1200,439.0400,0.000000
FILLER_108_50,VSS,Metal1,35.2800,439.0400,0.000000
FILLER_108_42,VSS,Metal1,31.9730,439.5015,0.000000
FILLER_108_34,VSS,Metal1,26.0400,439.0400,0.000000
FILLER_108_20,VSS,Metal1,18.2000,439.0400,0.000000
FILLER_108_18,VSS,Metal1,17.3600,439.0400,0.000000
FILLER_108_2,VSS,Metal1,11.7120,439.5880,0.000000
FILLER_107_776,VSS,Metal1,441.5600,439.0400,0.000000
FILLER_107_772,VSS,Metal1,439.7800,438.6910,0.000000
FILLER_107_766,VSS,Metal1,436.4200,438.6910,0.000000
FILLER_107_702,VSS,Metal1,417.0445,438.4020,0.000000
FILLER_107_699,VSS,Metal1,398.4400,439.0400,0.000000
FILLER_107_697,VSS,Metal1,397.6000,439.0400,0.000000
FILLER_107_693,VSS,Metal1,395.5400,438.6910,0.000000
FILLER_107_686,VSS,Metal1,391.1600,439.0400,0.000000
FILLER_107_684,VSS,Metal1,390.3200,439.0400,0.000000
FILLER_107_680,VSS,Metal1,388.2600,438.6910,0.000000
FILLER_107_664,VSS,Metal1,382.4320,438.4920,0.000000
FILLER_107_632,VSS,Metal1,368.9240,438.4420,0.000000
FILLER_107_626,VSS,Metal1,358.0200,438.6910,0.000000
FILLER_107_562,VSS,Metal1,338.6445,438.4020,0.000000
FILLER_107_558,VSS,Metal1,319.7600,439.0400,0.000000
FILLER_107_550,VSS,Metal1,316.4530,438.5780,0.000000
FILLER_107_538,VSS,Metal1,308.5600,439.0400,0.000000
FILLER_107_532,VSS,Metal1,305.2000,439.0400,0.000000
FILLER_107_524,VSS,Metal1,301.8930,438.5780,0.000000
FILLER_107_492,VSS,Metal1,290.5240,438.4420,0.000000
FILLER_107_486,VSS,Metal1,279.6200,438.6910,0.000000
FILLER_107_422,VSS,Metal1,260.2445,438.4020,0.000000
FILLER_107_388,VSS,Metal1,232.2840,438.4420,0.000000
FILLER_107_368,VSS,Metal1,214.5330,438.5780,0.000000
FILLER_107_352,VSS,Metal1,207.7120,438.4920,0.000000
FILLER_107_349,VSS,Metal1,202.4400,439.0400,0.000000
FILLER_107_333,VSS,Metal1,197.0720,438.4920,0.000000
FILLER_107_301,VSS,Metal1,183.5640,438.4420,0.000000
FILLER_107_294,VSS,Metal1,171.9200,439.0400,0.000000
FILLER_107_290,VSS,Metal1,169.8600,438.6910,0.000000
FILLER_107_282,VSS,Metal1,166.3730,438.5780,0.000000
FILLER_107_276,VSS,Metal1,162.0200,438.6910,0.000000
FILLER_107_212,VSS,Metal1,142.6445,438.4020,0.000000
FILLER_107_206,VSS,Metal1,122.8200,438.6910,0.000000
FILLER_107_142,VSS,Metal1,103.4445,438.4020,0.000000
FILLER_107_136,VSS,Metal1,83.6200,438.6910,0.000000
FILLER_107_72,VSS,Metal1,64.2445,438.4020,0.000000
FILLER_107_66,VSS,Metal1,44.4200,438.6910,0.000000
FILLER_107_2,VSS,Metal1,25.0445,438.4020,0.000000
FILLER_106_776,VSS,Metal1,441.5600,431.2000,0.000000
FILLER_106_774,VSS,Metal1,440.7200,431.2000,0.000000
FILLER_106_742,VSS,Metal1,430.5240,431.7975,0.000000
FILLER_106_733,VSS,Metal1,417.7600,431.2000,0.000000
FILLER_106_701,VSS,Metal1,407.5640,431.7975,0.000000
FILLER_106_675,VSS,Metal1,385.2800,431.2000,0.000000
FILLER_106_667,VSS,Metal1,381.9730,431.6615,0.000000
FILLER_106_664,VSS,Metal1,378.8400,431.2000,0.000000
FILLER_106_648,VSS,Metal1,373.4720,431.7480,0.000000
FILLER_106_613,VSS,Metal1,350.2800,431.2000,0.000000
FILLER_106_597,VSS,Metal1,344.9120,431.7480,0.000000
FILLER_106_591,VSS,Metal1,338.4200,431.5485,0.000000
FILLER_106_527,VSS,Metal1,319.0445,431.8375,0.000000
FILLER_106_523,VSS,Metal1,300.1600,431.2000,0.000000
FILLER_106_491,VSS,Metal1,289.9640,431.7975,0.000000
FILLER_106_447,VSS,Metal1,258.7730,431.6615,0.000000
FILLER_106_431,VSS,Metal1,251.9520,431.7480,0.000000
FILLER_106_399,VSS,Metal1,238.4440,431.7975,0.000000
FILLER_106_374,VSS,Metal1,216.4400,431.2000,0.000000
FILLER_106_370,VSS,Metal1,214.6600,431.5485,0.000000
FILLER_106_338,VSS,Metal1,204.2840,431.7975,0.000000
FILLER_106_333,VSS,Metal1,193.4800,431.2000,0.000000
FILLER_106_317,VSS,Metal1,188.1120,431.7480,0.000000
FILLER_106_311,VSS,Metal1,181.6200,431.5485,0.000000
FILLER_106_247,VSS,Metal1,162.2445,431.8375,0.000000
FILLER_106_241,VSS,Metal1,142.4200,431.5485,0.000000
FILLER_106_177,VSS,Metal1,123.0445,431.8375,0.000000
FILLER_106_171,VSS,Metal1,103.2200,431.5485,0.000000
FILLER_106_107,VSS,Metal1,83.8445,431.8375,0.000000
FILLER_106_101,VSS,Metal1,64.0200,431.5485,0.000000
FILLER_106_37,VSS,Metal1,44.6445,431.8375,0.000000
FILLER_106_34,VSS,Metal1,26.0400,431.2000,0.000000
FILLER_106_2,VSS,Metal1,16.1240,431.7975,0.000000
FILLER_105_776,VSS,Metal1,441.5600,431.2000,0.000000
FILLER_105_772,VSS,Metal1,439.7800,430.8510,0.000000
FILLER_105_738,VSS,Metal1,428.2840,430.6020,0.000000
FILLER_105_714,VSS,Metal1,406.8400,431.2000,0.000000
FILLER_105_710,VSS,Metal1,405.0600,430.8510,0.000000
FILLER_105_702,VSS,Metal1,401.5730,430.7380,0.000000
FILLER_105_698,VSS,Metal1,398.1600,431.2000,0.000000
FILLER_105_688,VSS,Metal1,392.5600,431.2000,0.000000
FILLER_105_684,VSS,Metal1,390.5000,430.8510,0.000000
FILLER_105_678,VSS,Metal1,386.9600,431.2000,0.000000
FILLER_105_674,VSS,Metal1,384.9000,430.8510,0.000000
FILLER_105_632,VSS,Metal1,362.3730,430.7380,0.000000
FILLER_105_622,VSS,Metal1,356.7730,430.7380,0.000000
FILLER_105_606,VSS,Metal1,349.9520,430.6520,0.000000
FILLER_105_574,VSS,Metal1,336.4440,430.6020,0.000000
FILLER_105_568,VSS,Metal1,325.0800,431.2000,0.000000
FILLER_105_566,VSS,Metal1,324.2400,431.2000,0.000000
FILLER_105_562,VSS,Metal1,322.1800,430.8510,0.000000
FILLER_105_558,VSS,Metal1,319.7600,431.2000,0.000000
FILLER_105_554,VSS,Metal1,317.7000,430.8510,0.000000
FILLER_105_546,VSS,Metal1,314.2130,430.7380,0.000000
FILLER_105_532,VSS,Metal1,305.2000,431.2000,0.000000
FILLER_105_524,VSS,Metal1,301.8930,430.7380,0.000000
FILLER_105_492,VSS,Metal1,290.5240,430.6020,0.000000
FILLER_105_488,VSS,Metal1,280.5600,431.2000,0.000000
FILLER_105_484,VSS,Metal1,278.5000,430.8510,0.000000
FILLER_105_452,VSS,Metal1,268.1240,430.6020,0.000000
FILLER_105_438,VSS,Metal1,253.7330,430.7380,0.000000
FILLER_105_422,VSS,Metal1,246.9120,430.6520,0.000000
FILLER_105_416,VSS,Metal1,240.4200,430.8510,0.000000
FILLER_105_352,VSS,Metal1,221.0445,430.5620,0.000000
FILLER_105_349,VSS,Metal1,202.4400,431.2000,0.000000
FILLER_105_347,VSS,Metal1,201.6000,431.2000,0.000000
FILLER_105_343,VSS,Metal1,199.5400,430.8510,0.000000
FILLER_105_335,VSS,Metal1,196.0530,430.7380,0.000000
FILLER_105_303,VSS,Metal1,184.6840,430.6020,0.000000
FILLER_105_292,VSS,Metal1,170.5200,431.2000,0.000000
FILLER_105_290,VSS,Metal1,169.6800,431.2000,0.000000
FILLER_105_282,VSS,Metal1,166.3730,430.7380,0.000000
FILLER_105_276,VSS,Metal1,162.0200,430.8510,0.000000
FILLER_105_212,VSS,Metal1,142.6445,430.5620,0.000000
FILLER_105_208,VSS,Metal1,123.7600,431.2000,0.000000
FILLER_105_204,VSS,Metal1,121.7000,430.8510,0.000000
FILLER_105_196,VSS,Metal1,118.2130,430.7380,0.000000
FILLER_105_164,VSS,Metal1,106.8440,430.6020,0.000000
FILLER_105_152,VSS,Metal1,92.5800,430.8510,0.000000
FILLER_105_144,VSS,Metal1,87.6400,431.2000,0.000000
FILLER_105_142,VSS,Metal1,86.8000,431.2000,0.000000
FILLER_105_128,VSS,Metal1,79.1400,430.8510,0.000000
FILLER_105_120,VSS,Metal1,75.6530,430.7380,0.000000
FILLER_105_104,VSS,Metal1,68.8320,430.6520,0.000000
FILLER_105_72,VSS,Metal1,55.3240,430.6020,0.000000
FILLER_105_66,VSS,Metal1,44.4200,430.8510,0.000000
FILLER_105_2,VSS,Metal1,25.0445,430.5620,0.000000
FILLER_104_769,VSS,Metal1,439.0930,423.8215,0.000000
FILLER_104_737,VSS,Metal1,427.7240,423.9575,0.000000
FILLER_104_731,VSS,Metal1,416.8200,423.7085,0.000000
FILLER_104_667,VSS,Metal1,397.4445,423.9975,0.000000
FILLER_104_664,VSS,Metal1,378.8400,423.3600,0.000000
FILLER_104_656,VSS,Metal1,375.8130,423.8215,0.000000
FILLER_104_640,VSS,Metal1,368.9920,423.9080,0.000000
FILLER_104_608,VSS,Metal1,355.4840,423.9575,0.000000
FILLER_104_601,VSS,Metal1,343.5600,423.3600,0.000000
FILLER_104_597,VSS,Metal1,341.7800,423.7085,0.000000
FILLER_104_593,VSS,Metal1,339.3600,423.3600,0.000000
FILLER_104_583,VSS,Metal1,333.7600,423.3600,0.000000
FILLER_104_575,VSS,Metal1,330.4530,423.8215,0.000000
FILLER_104_559,VSS,Metal1,323.6320,423.9080,0.000000
FILLER_104_527,VSS,Metal1,310.1240,423.9575,0.000000
FILLER_104_521,VSS,Metal1,299.2200,423.7085,0.000000
FILLER_104_457,VSS,Metal1,279.8445,423.9975,0.000000
FILLER_104_447,VSS,Metal1,258.7730,423.8215,0.000000
FILLER_104_435,VSS,Metal1,250.8800,423.3600,0.000000
FILLER_104_419,VSS,Metal1,245.2320,423.9080,0.000000
FILLER_104_387,VSS,Metal1,231.7240,423.9575,0.000000
FILLER_104_381,VSS,Metal1,220.8200,423.7085,0.000000
FILLER_104_317,VSS,Metal1,201.4445,423.9975,0.000000
FILLER_104_311,VSS,Metal1,181.6200,423.7085,0.000000
FILLER_104_295,VSS,Metal1,172.6600,423.7085,0.000000
FILLER_104_279,VSS,Metal1,166.8320,423.9080,0.000000
FILLER_104_247,VSS,Metal1,153.3240,423.9575,0.000000
FILLER_104_243,VSS,Metal1,143.3600,423.3600,0.000000
FILLER_104_235,VSS,Metal1,140.0530,423.8215,0.000000
FILLER_104_200,VSS,Metal1,119.0000,423.3600,0.000000
FILLER_104_192,VSS,Metal1,115.9730,423.8215,0.000000
FILLER_104_185,VSS,Metal1,110.8800,423.3600,0.000000
FILLER_104_177,VSS,Metal1,107.5730,423.8215,0.000000
FILLER_104_174,VSS,Metal1,104.4400,423.3600,0.000000
FILLER_104_172,VSS,Metal1,103.6000,423.3600,0.000000
FILLER_104_168,VSS,Metal1,101.5400,423.7085,0.000000
FILLER_104_152,VSS,Metal1,95.7120,423.9080,0.000000
FILLER_104_145,VSS,Metal1,88.4800,423.3600,0.000000
FILLER_104_141,VSS,Metal1,86.4200,423.7085,0.000000
FILLER_104_135,VSS,Metal1,82.6000,423.3600,0.000000
FILLER_104_131,VSS,Metal1,80.8200,423.7085,0.000000
FILLER_104_123,VSS,Metal1,77.3330,423.8215,0.000000
FILLER_104_107,VSS,Metal1,70.5120,423.9080,0.000000
FILLER_104_99,VSS,Metal1,62.4400,423.3600,0.000000
FILLER_104_89,VSS,Metal1,57.3000,423.7085,0.000000
FILLER_104_73,VSS,Metal1,51.4720,423.9080,0.000000
FILLER_104_37,VSS,Metal1,28.0000,423.3600,0.000000
FILLER_104_34,VSS,Metal1,26.0400,423.3600,0.000000
FILLER_104_2,VSS,Metal1,16.1240,423.9575,0.000000
FILLER_103_776,VSS,Metal1,441.5600,423.3600,0.000000
FILLER_103_772,VSS,Metal1,439.7800,423.0110,0.000000
FILLER_103_769,VSS,Metal1,437.6400,423.3600,0.000000
FILLER_103_767,VSS,Metal1,436.8000,423.3600,0.000000
FILLER_103_763,VSS,Metal1,434.7400,423.0110,0.000000
FILLER_103_731,VSS,Metal1,424.3640,422.7620,0.000000
FILLER_103_722,VSS,Metal1,411.3200,423.3600,0.000000
FILLER_103_718,VSS,Metal1,409.5400,423.0110,0.000000
FILLER_103_702,VSS,Metal1,403.7120,422.8120,0.000000
FILLER_103_696,VSS,Metal1,397.2200,423.0110,0.000000
FILLER_103_632,VSS,Metal1,377.8445,422.7220,0.000000
FILLER_103_629,VSS,Metal1,359.2400,423.3600,0.000000
FILLER_103_627,VSS,Metal1,358.4000,423.3600,0.000000
FILLER_103_619,VSS,Metal1,355.0930,422.8980,0.000000
FILLER_103_603,VSS,Metal1,348.2720,422.8120,0.000000
FILLER_103_577,VSS,Metal1,330.4000,423.3600,0.000000
FILLER_103_573,VSS,Metal1,328.3400,423.0110,0.000000
FILLER_103_566,VSS,Metal1,323.9600,423.3600,0.000000
FILLER_103_562,VSS,Metal1,322.1800,423.0110,0.000000
FILLER_103_558,VSS,Metal1,319.7600,423.3600,0.000000
FILLER_103_554,VSS,Metal1,317.7000,423.0110,0.000000
FILLER_103_536,VSS,Metal1,307.4400,423.3600,0.000000
FILLER_103_532,VSS,Metal1,305.3800,423.0110,0.000000
FILLER_103_524,VSS,Metal1,301.8930,422.8980,0.000000
FILLER_103_492,VSS,Metal1,290.5240,422.7620,0.000000
FILLER_103_486,VSS,Metal1,279.6200,423.0110,0.000000
FILLER_103_470,VSS,Metal1,273.7920,422.8120,0.000000
FILLER_103_438,VSS,Metal1,260.2840,422.7620,0.000000
FILLER_103_422,VSS,Metal1,243.6000,423.3600,0.000000
FILLER_103_419,VSS,Metal1,241.6400,423.3600,0.000000
FILLER_103_417,VSS,Metal1,240.8000,423.3600,0.000000
FILLER_103_413,VSS,Metal1,238.7400,423.0110,0.000000
FILLER_103_405,VSS,Metal1,235.2530,422.8980,0.000000
FILLER_103_389,VSS,Metal1,228.4320,422.8120,0.000000
FILLER_103_366,VSS,Metal1,211.9600,423.3600,0.000000
FILLER_103_364,VSS,Metal1,211.1200,423.3600,0.000000
FILLER_103_360,VSS,Metal1,209.0600,423.0110,0.000000
FILLER_103_352,VSS,Metal1,205.5730,422.8980,0.000000
FILLER_103_315,VSS,Metal1,183.4000,423.3600,0.000000
FILLER_103_299,VSS,Metal1,178.0320,422.8120,0.000000
FILLER_103_290,VSS,Metal1,169.8600,423.0110,0.000000
FILLER_103_282,VSS,Metal1,166.3730,422.8980,0.000000
FILLER_103_264,VSS,Metal1,158.4320,422.8120,0.000000
FILLER_103_244,VSS,Metal1,143.6400,423.3600,0.000000
FILLER_103_212,VSS,Metal1,133.7240,422.7620,0.000000
FILLER_103_208,VSS,Metal1,123.7600,423.3600,0.000000
FILLER_103_204,VSS,Metal1,121.7000,423.0110,0.000000
FILLER_103_196,VSS,Metal1,118.2130,422.8980,0.000000
FILLER_103_180,VSS,Metal1,107.8000,423.3600,0.000000
FILLER_103_178,VSS,Metal1,106.9600,423.3600,0.000000
FILLER_103_174,VSS,Metal1,104.9000,423.0110,0.000000
FILLER_103_142,VSS,Metal1,94.5240,422.7620,0.000000
FILLER_103_139,VSS,Metal1,84.8400,423.3600,0.000000
FILLER_103_137,VSS,Metal1,84.0000,423.3600,0.000000
FILLER_103_129,VSS,Metal1,80.6930,422.8980,0.000000
FILLER_103_113,VSS,Metal1,73.8720,422.8120,0.000000
FILLER_103_78,VSS,Metal1,50.6800,423.3600,0.000000
FILLER_103_76,VSS,Metal1,49.8400,423.3600,0.000000
FILLER_103_72,VSS,Metal1,47.7800,423.0110,0.000000
FILLER_103_66,VSS,Metal1,44.4200,423.0110,0.000000
FILLER_103_50,VSS,Metal1,38.5920,422.8120,0.000000
FILLER_103_34,VSS,Metal1,26.5000,423.0110,0.000000
FILLER_103_2,VSS,Metal1,16.1240,422.7620,0.000000
FILLER_102_741,VSS,Metal1,422.2400,415.5200,0.000000
FILLER_102_737,VSS,Metal1,420.1800,415.8685,0.000000
FILLER_102_734,VSS,Metal1,418.0400,415.5200,0.000000
FILLER_102_702,VSS,Metal1,408.1240,416.1175,0.000000
FILLER_102_697,VSS,Metal1,397.3200,415.5200,0.000000
FILLER_102_695,VSS,Metal1,396.4800,415.5200,0.000000
FILLER_102_691,VSS,Metal1,394.4200,415.8685,0.000000
FILLER_102_683,VSS,Metal1,390.9330,415.9815,0.000000
FILLER_102_667,VSS,Metal1,384.1120,416.0680,0.000000
FILLER_102_661,VSS,Metal1,377.6200,415.8685,0.000000
FILLER_102_597,VSS,Metal1,358.2445,416.1575,0.000000
FILLER_102_591,VSS,Metal1,338.4200,415.8685,0.000000
FILLER_102_583,VSS,Metal1,334.9330,415.9815,0.000000
FILLER_102_551,VSS,Metal1,323.5640,416.1175,0.000000
FILLER_102_527,VSS,Metal1,303.5730,415.9815,0.000000
FILLER_102_489,VSS,Metal1,281.1200,415.5200,0.000000
FILLER_102_457,VSS,Metal1,270.9240,416.1175,0.000000
FILLER_102_454,VSS,Metal1,261.2400,415.5200,0.000000
FILLER_102_452,VSS,Metal1,260.4000,415.5200,0.000000
FILLER_102_444,VSS,Metal1,257.0930,415.9815,0.000000
FILLER_102_428,VSS,Metal1,250.2720,416.0680,0.000000
FILLER_102_412,VSS,Metal1,239.1730,415.9815,0.000000
FILLER_102_399,VSS,Metal1,230.7200,415.5200,0.000000
FILLER_102_391,VSS,Metal1,227.4130,415.9815,0.000000
FILLER_102_373,VSS,Metal1,216.1600,415.5200,0.000000
FILLER_102_365,VSS,Metal1,212.8530,415.9815,0.000000
FILLER_102_349,VSS,Metal1,206.0320,416.0680,0.000000
FILLER_102_317,VSS,Metal1,192.5240,416.1175,0.000000
FILLER_102_314,VSS,Metal1,182.8400,415.5200,0.000000
FILLER_102_310,VSS,Metal1,181.0600,415.8685,0.000000
FILLER_102_294,VSS,Metal1,175.2320,416.0680,0.000000
FILLER_102_288,VSS,Metal1,168.2800,415.5200,0.000000
FILLER_102_284,VSS,Metal1,166.5000,415.8685,0.000000
FILLER_102_272,VSS,Metal1,159.7800,415.8685,0.000000
FILLER_102_264,VSS,Metal1,156.2930,415.9815,0.000000
FILLER_102_255,VSS,Metal1,149.8000,415.5200,0.000000
FILLER_102_244,VSS,Metal1,143.6400,415.5200,0.000000
FILLER_102_240,VSS,Metal1,141.8600,415.8685,0.000000
FILLER_102_224,VSS,Metal1,136.0320,416.0680,0.000000
FILLER_102_192,VSS,Metal1,122.5240,416.1175,0.000000
FILLER_102_185,VSS,Metal1,110.6000,415.5200,0.000000
FILLER_102_177,VSS,Metal1,107.5730,415.9815,0.000000
FILLER_102_173,VSS,Metal1,104.1600,415.5200,0.000000
FILLER_102_157,VSS,Metal1,98.5120,416.0680,0.000000
FILLER_102_147,VSS,Metal1,89.6000,415.5200,0.000000
FILLER_102_139,VSS,Metal1,86.2930,415.9815,0.000000
FILLER_102_107,VSS,Metal1,74.9240,416.1175,0.000000
FILLER_102_96,VSS,Metal1,60.7600,415.5200,0.000000
FILLER_102_89,VSS,Metal1,56.8400,415.5200,0.000000
FILLER_102_85,VSS,Metal1,55.0600,415.8685,0.000000
FILLER_102_69,VSS,Metal1,49.2320,416.0680,0.000000
FILLER_102_37,VSS,Metal1,35.7240,416.1175,0.000000
FILLER_102_34,VSS,Metal1,26.0400,415.5200,0.000000
FILLER_102_2,VSS,Metal1,16.1240,416.1175,0.000000
FILLER_101_776,VSS,Metal1,441.5600,415.5200,0.000000
FILLER_101_772,VSS,Metal1,439.7800,415.1710,0.000000
FILLER_101_766,VSS,Metal1,436.4200,415.1710,0.000000
FILLER_101_758,VSS,Metal1,432.9330,415.0580,0.000000
FILLER_101_742,VSS,Metal1,426.1120,414.9720,0.000000
FILLER_101_714,VSS,Metal1,410.4320,414.9720,0.000000
FILLER_101_694,VSS,Metal1,395.6400,415.5200,0.000000
FILLER_101_692,VSS,Metal1,394.8000,415.5200,0.000000
FILLER_101_688,VSS,Metal1,392.7400,415.1710,0.000000
FILLER_101_680,VSS,Metal1,389.2530,415.0580,0.000000
FILLER_101_664,VSS,Metal1,382.4320,414.9720,0.000000
FILLER_101_632,VSS,Metal1,368.9240,414.9220,0.000000
FILLER_101_626,VSS,Metal1,358.0200,415.1710,0.000000
FILLER_101_562,VSS,Metal1,338.6445,414.8820,0.000000
FILLER_101_558,VSS,Metal1,319.7600,415.5200,0.000000
FILLER_101_554,VSS,Metal1,317.7000,415.1710,0.000000
FILLER_101_546,VSS,Metal1,314.2130,415.0580,0.000000
FILLER_101_540,VSS,Metal1,309.6800,415.5200,0.000000
FILLER_101_524,VSS,Metal1,304.0320,414.9720,0.000000
FILLER_101_492,VSS,Metal1,290.5240,414.9220,0.000000
FILLER_101_442,VSS,Metal1,254.8000,415.5200,0.000000
FILLER_101_434,VSS,Metal1,251.4930,415.0580,0.000000
FILLER_101_422,VSS,Metal1,243.7800,415.1710,0.000000
FILLER_101_416,VSS,Metal1,240.4200,415.1710,0.000000
FILLER_101_352,VSS,Metal1,221.0445,414.8820,0.000000
FILLER_101_346,VSS,Metal1,201.2200,415.1710,0.000000
FILLER_101_338,VSS,Metal1,197.7330,415.0580,0.000000
FILLER_101_322,VSS,Metal1,190.9120,414.9720,0.000000
FILLER_101_290,VSS,Metal1,177.4040,414.9220,0.000000
FILLER_101_284,VSS,Metal1,166.0400,415.5200,0.000000
FILLER_101_282,VSS,Metal1,165.2000,415.5200,0.000000
FILLER_101_279,VSS,Metal1,163.2400,415.5200,0.000000
FILLER_101_277,VSS,Metal1,162.4000,415.5200,0.000000
FILLER_101_273,VSS,Metal1,160.3400,415.1710,0.000000
FILLER_101_257,VSS,Metal1,154.5120,414.9720,0.000000
FILLER_101_250,VSS,Metal1,147.0000,415.5200,0.000000
FILLER_101_248,VSS,Metal1,146.1600,415.5200,0.000000
FILLER_101_244,VSS,Metal1,144.1000,415.1710,0.000000
FILLER_101_212,VSS,Metal1,133.7240,414.9220,0.000000
FILLER_101_194,VSS,Metal1,119.2320,414.9720,0.000000
FILLER_101_162,VSS,Metal1,105.7240,414.9220,0.000000
FILLER_101_157,VSS,Metal1,94.9200,415.5200,0.000000
FILLER_101_148,VSS,Metal1,89.8800,415.5200,0.000000
FILLER_101_146,VSS,Metal1,89.0400,415.5200,0.000000
FILLER_101_142,VSS,Metal1,86.9800,415.1710,0.000000
FILLER_101_136,VSS,Metal1,83.6200,415.1710,0.000000
FILLER_101_72,VSS,Metal1,64.2445,414.8820,0.000000
FILLER_101_68,VSS,Metal1,45.3600,415.5200,0.000000
FILLER_101_36,VSS,Metal1,35.1640,414.9220,0.000000
FILLER_100_769,VSS,Metal1,439.0930,408.1415,0.000000
FILLER_100_737,VSS,Metal1,427.7240,408.2775,0.000000
FILLER_100_733,VSS,Metal1,417.7600,407.6800,0.000000
FILLER_100_701,VSS,Metal1,407.5640,408.2775,0.000000
FILLER_100_664,VSS,Metal1,378.8400,407.6800,0.000000
FILLER_100_662,VSS,Metal1,378.0000,407.6800,0.000000
FILLER_100_658,VSS,Metal1,375.9400,408.0285,0.000000
FILLER_100_616,VSS,Metal1,353.4130,408.1415,0.000000
FILLER_100_603,VSS,Metal1,344.6800,407.6800,0.000000
FILLER_100_601,VSS,Metal1,343.8400,407.6800,0.000000
FILLER_100_597,VSS,Metal1,341.7800,408.0285,0.000000
FILLER_100_594,VSS,Metal1,339.6400,407.6800,0.000000
FILLER_100_592,VSS,Metal1,338.8000,407.6800,0.000000
FILLER_100_588,VSS,Metal1,336.7400,408.0285,0.000000
FILLER_100_579,VSS,Metal1,331.2400,407.6800,0.000000
FILLER_100_575,VSS,Metal1,329.4600,408.0285,0.000000
FILLER_100_559,VSS,Metal1,323.6320,408.2280,0.000000
FILLER_100_527,VSS,Metal1,310.1240,408.2775,0.000000
FILLER_100_521,VSS,Metal1,299.2200,408.0285,0.000000
FILLER_100_457,VSS,Metal1,279.8445,408.3175,0.000000
FILLER_100_453,VSS,Metal1,260.9600,407.6800,0.000000
FILLER_100_449,VSS,Metal1,258.9000,408.0285,0.000000
FILLER_100_433,VSS,Metal1,253.0720,408.2280,0.000000
FILLER_100_423,VSS,Metal1,244.1600,407.6800,0.000000
FILLER_100_419,VSS,Metal1,242.1000,408.0285,0.000000
FILLER_100_387,VSS,Metal1,231.7240,408.2775,0.000000
FILLER_100_381,VSS,Metal1,220.8200,408.0285,0.000000
FILLER_100_373,VSS,Metal1,217.3330,408.1415,0.000000
FILLER_100_337,VSS,Metal1,196.0000,407.6800,0.000000
FILLER_100_333,VSS,Metal1,193.9400,408.0285,0.000000
FILLER_100_317,VSS,Metal1,188.1120,408.2280,0.000000
FILLER_100_311,VSS,Metal1,181.6200,408.0285,0.000000
FILLER_100_247,VSS,Metal1,162.2445,408.3175,0.000000
FILLER_100_241,VSS,Metal1,142.4200,408.0285,0.000000
FILLER_100_177,VSS,Metal1,123.0445,408.3175,0.000000
FILLER_100_174,VSS,Metal1,104.4400,407.6800,0.000000
FILLER_100_166,VSS,Metal1,101.4130,408.1415,0.000000
FILLER_100_148,VSS,Metal1,90.1600,407.6800,0.000000
FILLER_100_139,VSS,Metal1,84.8400,407.6800,0.000000
FILLER_100_107,VSS,Metal1,74.9240,408.2775,0.000000
FILLER_100_101,VSS,Metal1,64.0200,408.0285,0.000000
FILLER_100_37,VSS,Metal1,44.6445,408.3175,0.000000
FILLER_100_34,VSS,Metal1,26.0400,407.6800,0.000000
FILLER_100_32,VSS,Metal1,25.2000,407.6800,0.000000
FILLER_100_28,VSS,Metal1,23.1400,408.0285,0.000000
FILLER_100_14,VSS,Metal1,14.8400,407.6800,0.000000
FILLER_100_10,VSS,Metal1,13.0600,408.0285,0.000000
FILLER_100_2,VSS,Metal1,9.5730,408.1415,0.000000
FILLER_99_776,VSS,Metal1,441.5600,407.6800,0.000000
FILLER_99_772,VSS,Metal1,439.7800,407.3310,0.000000
FILLER_99_766,VSS,Metal1,436.4200,407.3310,0.000000
FILLER_99_702,VSS,Metal1,417.0445,407.0420,0.000000
FILLER_99_696,VSS,Metal1,397.2200,407.3310,0.000000
FILLER_99_632,VSS,Metal1,377.8445,407.0420,0.000000
FILLER_99_629,VSS,Metal1,359.2400,407.6800,0.000000
FILLER_99_625,VSS,Metal1,357.4600,407.3310,0.000000
FILLER_99_593,VSS,Metal1,347.0840,407.0820,0.000000
FILLER_99_584,VSS,Metal1,334.0400,407.6800,0.000000
FILLER_99_582,VSS,Metal1,333.2000,407.6800,0.000000
FILLER_99_578,VSS,Metal1,331.1400,407.3310,0.000000
FILLER_99_562,VSS,Metal1,325.3120,407.1320,0.000000
FILLER_99_556,VSS,Metal1,318.8200,407.3310,0.000000
FILLER_99_492,VSS,Metal1,299.4445,407.0420,0.000000
FILLER_99_486,VSS,Metal1,279.6200,407.3310,0.000000
FILLER_99_422,VSS,Metal1,260.2445,407.0420,0.000000
FILLER_99_416,VSS,Metal1,240.4200,407.3310,0.000000
FILLER_99_352,VSS,Metal1,221.0445,407.0420,0.000000
FILLER_99_346,VSS,Metal1,201.2200,407.3310,0.000000
FILLER_99_282,VSS,Metal1,181.8445,407.0420,0.000000
FILLER_99_276,VSS,Metal1,162.0200,407.3310,0.000000
FILLER_99_212,VSS,Metal1,142.6445,407.0420,0.000000
FILLER_99_206,VSS,Metal1,122.8200,407.3310,0.000000
FILLER_99_142,VSS,Metal1,103.4445,407.0420,0.000000
FILLER_99_136,VSS,Metal1,83.6200,407.3310,0.000000
FILLER_99_72,VSS,Metal1,64.2445,407.0420,0.000000
FILLER_99_69,VSS,Metal1,45.6400,407.6800,0.000000
FILLER_99_37,VSS,Metal1,35.7240,407.0820,0.000000
FILLER_99_18,VSS,Metal1,18.5330,407.2180,0.000000
FILLER_99_2,VSS,Metal1,11.7120,407.1320,0.000000
FILLER_98_753,VSS,Metal1,430.1330,400.3015,0.000000
FILLER_98_737,VSS,Metal1,423.3120,400.3880,0.000000
FILLER_98_731,VSS,Metal1,416.8200,400.1885,0.000000
FILLER_98_667,VSS,Metal1,397.4445,400.4775,0.000000
FILLER_98_661,VSS,Metal1,377.6200,400.1885,0.000000
FILLER_98_597,VSS,Metal1,358.2445,400.4775,0.000000
FILLER_98_591,VSS,Metal1,338.4200,400.1885,0.000000
FILLER_98_527,VSS,Metal1,319.0445,400.4775,0.000000
FILLER_98_521,VSS,Metal1,299.2200,400.1885,0.000000
FILLER_98_457,VSS,Metal1,279.8445,400.4775,0.000000
FILLER_98_451,VSS,Metal1,260.0200,400.1885,0.000000
FILLER_98_387,VSS,Metal1,240.6445,400.4775,0.000000
FILLER_98_381,VSS,Metal1,220.8200,400.1885,0.000000
FILLER_98_317,VSS,Metal1,201.4445,400.4775,0.000000
FILLER_98_313,VSS,Metal1,182.5600,399.8400,0.000000
FILLER_98_309,VSS,Metal1,180.5000,400.1885,0.000000
FILLER_98_285,VSS,Metal1,166.6000,399.8400,0.000000
FILLER_98_283,VSS,Metal1,165.7600,399.8400,0.000000
FILLER_98_279,VSS,Metal1,163.7000,400.1885,0.000000
FILLER_98_247,VSS,Metal1,153.3240,400.4375,0.000000
FILLER_98_243,VSS,Metal1,143.3600,399.8400,0.000000
FILLER_98_235,VSS,Metal1,140.0530,400.3015,0.000000
FILLER_98_177,VSS,Metal1,106.1200,399.8400,0.000000
FILLER_98_171,VSS,Metal1,103.2200,400.1885,0.000000
FILLER_98_107,VSS,Metal1,83.8445,400.4775,0.000000
FILLER_98_101,VSS,Metal1,64.0200,400.1885,0.000000
FILLER_98_37,VSS,Metal1,44.6445,400.4775,0.000000
FILLER_98_33,VSS,Metal1,25.7600,399.8400,0.000000
FILLER_98_29,VSS,Metal1,23.7000,400.1885,0.000000
FILLER_98_18,VSS,Metal1,17.5400,400.1885,0.000000
FILLER_98_2,VSS,Metal1,11.7120,400.3880,0.000000
FILLER_97_776,VSS,Metal1,441.5600,399.8400,0.000000
FILLER_97_772,VSS,Metal1,439.7800,399.4910,0.000000
FILLER_97_769,VSS,Metal1,437.6400,399.8400,0.000000
FILLER_97_767,VSS,Metal1,436.8000,399.8400,0.000000
FILLER_97_735,VSS,Metal1,426.6040,399.2420,0.000000
FILLER_97_710,VSS,Metal1,404.8800,399.8400,0.000000
FILLER_97_702,VSS,Metal1,401.5730,399.3780,0.000000
FILLER_97_684,VSS,Metal1,393.6320,399.2920,0.000000
FILLER_97_648,VSS,Metal1,370.1600,399.8400,0.000000
FILLER_97_632,VSS,Metal1,364.5120,399.2920,0.000000
FILLER_97_626,VSS,Metal1,358.0200,399.4910,0.000000
FILLER_97_562,VSS,Metal1,338.6445,399.2020,0.000000
FILLER_97_558,VSS,Metal1,319.7600,399.8400,0.000000
FILLER_97_554,VSS,Metal1,317.7000,399.4910,0.000000
FILLER_97_538,VSS,Metal1,311.8720,399.2920,0.000000
FILLER_97_500,VSS,Metal1,287.4600,399.4910,0.000000
FILLER_97_492,VSS,Metal1,283.9730,399.3780,0.000000
FILLER_97_486,VSS,Metal1,279.6200,399.4910,0.000000
FILLER_97_422,VSS,Metal1,260.2445,399.2020,0.000000
FILLER_97_416,VSS,Metal1,240.4200,399.4910,0.000000
FILLER_97_352,VSS,Metal1,221.0445,399.2020,0.000000
FILLER_97_348,VSS,Metal1,202.1600,399.8400,0.000000
FILLER_97_344,VSS,Metal1,200.1000,399.4910,0.000000
FILLER_97_306,VSS,Metal1,178.8200,399.4910,0.000000
FILLER_97_298,VSS,Metal1,175.3330,399.3780,0.000000
FILLER_97_282,VSS,Metal1,168.5120,399.2920,0.000000
FILLER_97_279,VSS,Metal1,163.2400,399.8400,0.000000
FILLER_97_277,VSS,Metal1,162.4000,399.8400,0.000000
FILLER_97_273,VSS,Metal1,160.3400,399.4910,0.000000
FILLER_97_257,VSS,Metal1,154.5120,399.2920,0.000000
FILLER_97_252,VSS,Metal1,148.1200,399.8400,0.000000
FILLER_97_244,VSS,Metal1,145.0930,399.3780,0.000000
FILLER_97_212,VSS,Metal1,133.7240,399.2420,0.000000
FILLER_97_209,VSS,Metal1,124.0400,399.8400,0.000000
FILLER_97_205,VSS,Metal1,122.2600,399.4910,0.000000
FILLER_97_197,VSS,Metal1,118.7730,399.3780,0.000000
FILLER_97_165,VSS,Metal1,107.4040,399.2420,0.000000
FILLER_97_158,VSS,Metal1,95.7600,399.8400,0.000000
FILLER_97_142,VSS,Metal1,90.1120,399.2920,0.000000
FILLER_97_139,VSS,Metal1,84.8400,399.8400,0.000000
FILLER_97_137,VSS,Metal1,84.0000,399.8400,0.000000
FILLER_97_133,VSS,Metal1,81.9400,399.4910,0.000000
FILLER_97_86,VSS,Metal1,55.1600,399.8400,0.000000
FILLER_97_84,VSS,Metal1,54.3200,399.8400,0.000000
FILLER_97_80,VSS,Metal1,52.2600,399.4910,0.000000
FILLER_97_72,VSS,Metal1,48.7730,399.3780,0.000000
FILLER_97_69,VSS,Metal1,45.6400,399.8400,0.000000
FILLER_97_61,VSS,Metal1,42.6130,399.3780,0.000000
FILLER_97_46,VSS,Metal1,33.0400,399.8400,0.000000
FILLER_97_42,VSS,Metal1,30.9800,399.4910,0.000000
FILLER_97_36,VSS,Metal1,27.1600,399.8400,0.000000
FILLER_97_34,VSS,Metal1,26.3200,399.8400,0.000000
FILLER_97_2,VSS,Metal1,16.1240,399.2420,0.000000
FILLER_96_741,VSS,Metal1,422.2400,392.0000,0.000000
FILLER_96_737,VSS,Metal1,420.1800,392.3485,0.000000
FILLER_96_734,VSS,Metal1,418.0400,392.0000,0.000000
FILLER_96_730,VSS,Metal1,416.2600,392.3485,0.000000
FILLER_96_722,VSS,Metal1,412.7730,392.4615,0.000000
FILLER_96_706,VSS,Metal1,405.9520,392.5480,0.000000
FILLER_96_701,VSS,Metal1,399.5600,392.0000,0.000000
FILLER_96_699,VSS,Metal1,398.7200,392.0000,0.000000
FILLER_96_667,VSS,Metal1,388.5240,392.5975,0.000000
FILLER_96_664,VSS,Metal1,378.8400,392.0000,0.000000
FILLER_96_662,VSS,Metal1,378.0000,392.0000,0.000000
FILLER_96_658,VSS,Metal1,375.9400,392.3485,0.000000
FILLER_96_642,VSS,Metal1,370.1120,392.5480,0.000000
FILLER_96_607,VSS,Metal1,346.9200,392.0000,0.000000
FILLER_96_605,VSS,Metal1,346.0800,392.0000,0.000000
FILLER_96_597,VSS,Metal1,342.7730,392.4615,0.000000
FILLER_96_587,VSS,Metal1,337.1730,392.4615,0.000000
FILLER_96_571,VSS,Metal1,330.3520,392.5480,0.000000
FILLER_96_543,VSS,Metal1,311.0800,392.0000,0.000000
FILLER_96_527,VSS,Metal1,305.7120,392.5480,0.000000
FILLER_96_521,VSS,Metal1,299.2200,392.3485,0.000000
FILLER_96_513,VSS,Metal1,295.7330,392.4615,0.000000
FILLER_96_497,VSS,Metal1,288.9120,392.5480,0.000000
FILLER_96_461,VSS,Metal1,265.4400,392.0000,0.000000
FILLER_96_457,VSS,Metal1,263.3800,392.3485,0.000000
FILLER_96_453,VSS,Metal1,260.9600,392.0000,0.000000
FILLER_96_437,VSS,Metal1,255.3120,392.5480,0.000000
FILLER_96_431,VSS,Metal1,248.6400,392.0000,0.000000
FILLER_96_399,VSS,Metal1,238.4440,392.5975,0.000000
FILLER_96_387,VSS,Metal1,225.1730,392.4615,0.000000
FILLER_96_381,VSS,Metal1,220.8200,392.3485,0.000000
FILLER_96_317,VSS,Metal1,201.4445,392.6375,0.000000
FILLER_96_311,VSS,Metal1,181.6200,392.3485,0.000000
FILLER_96_295,VSS,Metal1,175.7920,392.5480,0.000000
FILLER_96_263,VSS,Metal1,162.2840,392.5975,0.000000
FILLER_96_241,VSS,Metal1,142.4200,392.3485,0.000000
FILLER_96_177,VSS,Metal1,123.0445,392.6375,0.000000
FILLER_96_171,VSS,Metal1,103.2200,392.3485,0.000000
FILLER_96_107,VSS,Metal1,83.8445,392.6375,0.000000
FILLER_96_104,VSS,Metal1,65.2400,392.0000,0.000000
FILLER_96_88,VSS,Metal1,59.8720,392.5480,0.000000
FILLER_96_53,VSS,Metal1,36.6800,392.0000,0.000000
FILLER_96_37,VSS,Metal1,31.3120,392.5480,0.000000
FILLER_96_34,VSS,Metal1,26.0400,392.0000,0.000000
FILLER_96_2,VSS,Metal1,16.1240,392.5975,0.000000
FILLER_95_776,VSS,Metal1,441.5600,392.0000,0.000000
FILLER_95_772,VSS,Metal1,439.7800,391.6510,0.000000
FILLER_95_769,VSS,Metal1,437.6400,392.0000,0.000000
FILLER_95_767,VSS,Metal1,436.8000,392.0000,0.000000
FILLER_95_763,VSS,Metal1,434.7400,391.6510,0.000000
FILLER_95_747,VSS,Metal1,428.9120,391.4520,0.000000
FILLER_95_715,VSS,Metal1,415.4040,391.4020,0.000000
FILLER_95_696,VSS,Metal1,397.2200,391.6510,0.000000
FILLER_95_632,VSS,Metal1,377.8445,391.3620,0.000000
FILLER_95_628,VSS,Metal1,358.9600,392.0000,0.000000
FILLER_95_596,VSS,Metal1,348.7640,391.4020,0.000000
FILLER_95_590,VSS,Metal1,337.6800,392.0000,0.000000
FILLER_95_586,VSS,Metal1,335.6200,391.6510,0.000000
FILLER_95_578,VSS,Metal1,332.1330,391.5380,0.000000
FILLER_95_572,VSS,Metal1,327.3200,392.0000,0.000000
FILLER_95_570,VSS,Metal1,326.4800,392.0000,0.000000
FILLER_95_562,VSS,Metal1,323.1730,391.5380,0.000000
FILLER_95_548,VSS,Metal1,314.3400,391.6510,0.000000
FILLER_95_540,VSS,Metal1,310.8530,391.5380,0.000000
FILLER_95_524,VSS,Metal1,304.0320,391.4520,0.000000
FILLER_95_492,VSS,Metal1,290.5240,391.4020,0.000000
FILLER_95_488,VSS,Metal1,280.5600,392.0000,0.000000
FILLER_95_484,VSS,Metal1,278.5000,391.6510,0.000000
FILLER_95_452,VSS,Metal1,268.1240,391.4020,0.000000
FILLER_95_428,VSS,Metal1,246.6800,392.0000,0.000000
FILLER_95_426,VSS,Metal1,245.8400,392.0000,0.000000
FILLER_95_422,VSS,Metal1,243.7800,391.6510,0.000000
FILLER_95_419,VSS,Metal1,241.6400,392.0000,0.000000
FILLER_95_417,VSS,Metal1,240.8000,392.0000,0.000000
FILLER_95_406,VSS,Metal1,234.3600,392.0000,0.000000
FILLER_95_397,VSS,Metal1,229.3200,392.0000,0.000000
FILLER_95_395,VSS,Metal1,228.4800,392.0000,0.000000
FILLER_95_360,VSS,Metal1,208.6000,392.0000,0.000000
FILLER_95_352,VSS,Metal1,205.5730,391.5380,0.000000
FILLER_95_346,VSS,Metal1,201.2200,391.6510,0.000000
FILLER_95_282,VSS,Metal1,181.8445,391.3620,0.000000
FILLER_95_278,VSS,Metal1,162.9600,392.0000,0.000000
FILLER_95_262,VSS,Metal1,157.3120,391.4520,0.000000
FILLER_95_248,VSS,Metal1,145.8800,392.0000,0.000000
FILLER_95_244,VSS,Metal1,144.1000,391.6510,0.000000
FILLER_95_212,VSS,Metal1,133.7240,391.4020,0.000000
FILLER_95_209,VSS,Metal1,124.0400,392.0000,0.000000
FILLER_95_207,VSS,Metal1,123.2000,392.0000,0.000000
FILLER_95_191,VSS,Metal1,117.5520,391.4520,0.000000
FILLER_95_159,VSS,Metal1,104.0440,391.4020,0.000000
FILLER_95_150,VSS,Metal1,91.0000,392.0000,0.000000
FILLER_95_142,VSS,Metal1,87.9730,391.5380,0.000000
FILLER_95_136,VSS,Metal1,83.6200,391.6510,0.000000
FILLER_95_72,VSS,Metal1,64.2445,391.3620,0.000000
FILLER_95_66,VSS,Metal1,44.4200,391.6510,0.000000
FILLER_95_2,VSS,Metal1,25.0445,391.3620,0.000000
FILLER_94_769,VSS,Metal1,439.0930,384.6215,0.000000
FILLER_94_737,VSS,Metal1,427.7240,384.7575,0.000000
FILLER_94_731,VSS,Metal1,416.8200,384.5085,0.000000
FILLER_94_667,VSS,Metal1,397.4445,384.7975,0.000000
FILLER_94_661,VSS,Metal1,377.6200,384.5085,0.000000
FILLER_94_597,VSS,Metal1,358.2445,384.7975,0.000000
FILLER_94_586,VSS,Metal1,335.1600,384.1600,0.000000
FILLER_94_584,VSS,Metal1,334.3200,384.1600,0.000000
FILLER_94_580,VSS,Metal1,332.2600,384.5085,0.000000
FILLER_94_571,VSS,Metal1,327.0400,384.1600,0.000000
FILLER_94_564,VSS,Metal1,323.1200,384.1600,0.000000
FILLER_94_560,VSS,Metal1,321.0600,384.5085,0.000000
FILLER_94_551,VSS,Metal1,316.0200,384.5085,0.000000
FILLER_94_543,VSS,Metal1,312.5330,384.6215,0.000000
FILLER_94_527,VSS,Metal1,305.7120,384.7080,0.000000
FILLER_94_521,VSS,Metal1,299.2200,384.5085,0.000000
FILLER_94_457,VSS,Metal1,279.8445,384.7975,0.000000
FILLER_94_453,VSS,Metal1,260.9600,384.1600,0.000000
FILLER_94_449,VSS,Metal1,258.9000,384.5085,0.000000
FILLER_94_441,VSS,Metal1,255.4130,384.6215,0.000000
FILLER_94_431,VSS,Metal1,248.6400,384.1600,0.000000
FILLER_94_427,VSS,Metal1,246.5800,384.5085,0.000000
FILLER_94_419,VSS,Metal1,243.0930,384.6215,0.000000
FILLER_94_387,VSS,Metal1,231.7240,384.7575,0.000000
FILLER_94_384,VSS,Metal1,222.0400,384.1600,0.000000
FILLER_94_382,VSS,Metal1,221.2000,384.1600,0.000000
FILLER_94_378,VSS,Metal1,219.1400,384.5085,0.000000
FILLER_94_370,VSS,Metal1,215.6530,384.6215,0.000000
FILLER_94_354,VSS,Metal1,208.8320,384.7080,0.000000
FILLER_94_319,VSS,Metal1,185.6400,384.1600,0.000000
FILLER_94_317,VSS,Metal1,184.8000,384.1600,0.000000
FILLER_94_314,VSS,Metal1,182.8400,384.1600,0.000000
FILLER_94_312,VSS,Metal1,182.0000,384.1600,0.000000
FILLER_94_308,VSS,Metal1,179.9400,384.5085,0.000000
FILLER_94_283,VSS,Metal1,165.4800,384.1600,0.000000
FILLER_94_281,VSS,Metal1,164.6400,384.1600,-0.000000
FILLER_94_277,VSS,Metal1,162.5800,384.5085,-0.000000
FILLER_94_269,VSS,Metal1,159.0930,384.6215,-0.000000
FILLER_94_253,VSS,Metal1,152.2720,384.7080,-0.000000
FILLER_94_247,VSS,Metal1,145.3200,384.1600,-0.000000
FILLER_94_241,VSS,Metal1,142.4200,384.5085,-0.000000
FILLER_94_177,VSS,Metal1,123.0445,384.7975,-0.000000
FILLER_94_167,VSS,Metal1,101.9730,384.6215,-0.000000
FILLER_94_153,VSS,Metal1,92.6800,384.1600,-0.000000
FILLER_94_151,VSS,Metal1,91.8400,384.1600,-0.000000
FILLER_94_147,VSS,Metal1,89.7800,384.5085,-0.000000
FILLER_94_139,VSS,Metal1,86.2930,384.6215,-0.000000
FILLER_94_107,VSS,Metal1,74.9240,384.7575,-0.000000
FILLER_94_104,VSS,Metal1,65.2400,384.1600,-0.000000
FILLER_94_96,VSS,Metal1,62.2130,384.6215,-0.000000
FILLER_94_85,VSS,Metal1,55.0600,384.5085,-0.000000
FILLER_94_69,VSS,Metal1,49.2320,384.7080,-0.000000
FILLER_94_37,VSS,Metal1,35.7240,384.7575,-0.000000
FILLER_94_34,VSS,Metal1,26.0400,384.1600,-0.000000
FILLER_94_32,VSS,Metal1,25.2000,384.1600,-0.000000
FILLER_94_28,VSS,Metal1,23.1400,384.5085,-0.000000
FILLER_94_14,VSS,Metal1,15.1200,384.1600,-0.000000
FILLER_94_10,VSS,Metal1,13.0600,384.5085,-0.000000
FILLER_94_2,VSS,Metal1,9.5730,384.6215,-0.000000
FILLER_93_776,VSS,Metal1,441.5600,384.1600,0.000000
FILLER_93_772,VSS,Metal1,439.7800,383.8110,0.000000
FILLER_93_768,VSS,Metal1,437.3600,384.1600,0.000000
FILLER_93_736,VSS,Metal1,427.1640,383.5620,0.000000
FILLER_93_719,VSS,Metal1,409.6400,384.1600,0.000000
FILLER_93_717,VSS,Metal1,408.8000,384.1600,0.000000
FILLER_93_696,VSS,Metal1,397.2200,383.8110,0.000000
FILLER_93_632,VSS,Metal1,377.8445,383.5220,0.000000
FILLER_93_626,VSS,Metal1,358.0200,383.8110,0.000000
FILLER_93_562,VSS,Metal1,338.6445,383.5220,0.000000
FILLER_93_556,VSS,Metal1,318.8200,383.8110,0.000000
FILLER_93_492,VSS,Metal1,299.4445,383.5220,0.000000
FILLER_93_462,VSS,Metal1,266.0000,384.1600,0.000000
FILLER_93_454,VSS,Metal1,262.6930,383.6980,0.000000
FILLER_93_422,VSS,Metal1,251.3240,383.5620,0.000000
FILLER_93_418,VSS,Metal1,241.3600,384.1600,0.000000
FILLER_93_414,VSS,Metal1,239.3000,383.8110,0.000000
FILLER_93_406,VSS,Metal1,235.8130,383.6980,0.000000
FILLER_93_398,VSS,Metal1,229.8800,384.1600,0.000000
FILLER_93_396,VSS,Metal1,229.0400,384.1600,0.000000
FILLER_93_392,VSS,Metal1,226.9800,383.8110,0.000000
FILLER_93_384,VSS,Metal1,223.4930,383.6980,0.000000
FILLER_93_352,VSS,Metal1,212.1240,383.5620,0.000000
FILLER_93_346,VSS,Metal1,201.2200,383.8110,0.000000
FILLER_93_282,VSS,Metal1,181.8445,383.5220,0.000000
FILLER_93_276,VSS,Metal1,162.0200,383.8110,-0.000000
FILLER_93_260,VSS,Metal1,156.1920,383.6120,-0.000000
FILLER_93_244,VSS,Metal1,143.6400,384.1600,-0.000000
FILLER_93_212,VSS,Metal1,133.7240,383.5620,-0.000000
FILLER_93_208,VSS,Metal1,123.7600,384.1600,-0.000000
FILLER_93_204,VSS,Metal1,121.7000,383.8110,-0.000000
FILLER_93_196,VSS,Metal1,118.2130,383.6980,-0.000000
FILLER_93_164,VSS,Metal1,106.8440,383.5620,-0.000000
FILLER_93_158,VSS,Metal1,95.4800,384.1600,-0.000000
FILLER_93_142,VSS,Metal1,90.1120,383.6120,-0.000000
FILLER_93_124,VSS,Metal1,80.0320,383.6120,-0.000000
FILLER_93_72,VSS,Metal1,47.6000,384.1600,-0.000000
FILLER_93_66,VSS,Metal1,44.4200,383.8110,-0.000000
FILLER_93_58,VSS,Metal1,40.9330,383.6980,-0.000000
FILLER_93_42,VSS,Metal1,34.1120,383.6120,-0.000000
FILLER_93_6,VSS,Metal1,10.6400,384.1600,-0.000000
FILLER_93_2,VSS,Metal1,8.5800,383.8110,-0.000000
FILLER_92_741,VSS,Metal1,422.2400,376.3200,0.000000
FILLER_92_737,VSS,Metal1,420.1800,376.6685,0.000000
FILLER_92_734,VSS,Metal1,418.0400,376.3200,0.000000
FILLER_92_718,VSS,Metal1,412.6720,376.8680,0.000000
FILLER_92_712,VSS,Metal1,405.7200,376.3200,0.000000
FILLER_92_710,VSS,Metal1,404.8800,376.3200,0.000000
FILLER_92_702,VSS,Metal1,401.5730,376.7815,0.000000
FILLER_92_686,VSS,Metal1,394.7520,376.8680,0.000000
FILLER_92_673,VSS,Metal1,383.8800,376.3200,0.000000
FILLER_92_671,VSS,Metal1,383.0400,376.3200,0.000000
FILLER_92_667,VSS,Metal1,380.9800,376.6685,0.000000
FILLER_92_661,VSS,Metal1,377.6200,376.6685,0.000000
FILLER_92_653,VSS,Metal1,373.1400,376.6685,0.000000
FILLER_92_645,VSS,Metal1,369.6530,376.7815,0.000000
FILLER_92_629,VSS,Metal1,362.8320,376.8680,0.000000
FILLER_92_597,VSS,Metal1,349.3240,376.9175,0.000000
FILLER_92_593,VSS,Metal1,339.3600,376.3200,0.000000
FILLER_92_589,VSS,Metal1,337.3000,376.6685,0.000000
FILLER_92_573,VSS,Metal1,331.4720,376.8680,0.000000
FILLER_92_564,VSS,Metal1,322.8400,376.3200,0.000000
FILLER_92_562,VSS,Metal1,322.0000,376.3200,0.000000
FILLER_92_558,VSS,Metal1,319.9400,376.6685,0.000000
FILLER_92_542,VSS,Metal1,314.1120,376.8680,0.000000
FILLER_92_529,VSS,Metal1,303.2400,376.3200,0.000000
FILLER_92_527,VSS,Metal1,302.4000,376.3200,0.000000
FILLER_92_517,VSS,Metal1,297.9730,376.7815,0.000000
FILLER_92_511,VSS,Metal1,293.4400,376.3200,0.000000
FILLER_92_495,VSS,Metal1,287.7920,376.8680,0.000000
FILLER_92_457,VSS,Metal1,263.3800,376.6685,0.000000
FILLER_92_447,VSS,Metal1,258.7730,376.7815,0.000000
FILLER_92_423,VSS,Metal1,247.4720,376.8680,0.000000
FILLER_92_413,VSS,Metal1,238.2800,376.3200,0.000000
FILLER_92_411,VSS,Metal1,237.4400,376.3200,0.000000
FILLER_92_403,VSS,Metal1,234.1330,376.7815,0.000000
FILLER_92_387,VSS,Metal1,227.3120,376.8680,0.000000
FILLER_92_381,VSS,Metal1,220.8200,376.6685,0.000000
FILLER_92_317,VSS,Metal1,201.4445,376.9575,0.000000
FILLER_92_314,VSS,Metal1,182.8400,376.3200,0.000000
FILLER_92_310,VSS,Metal1,181.0600,376.6685,0.000000
FILLER_92_302,VSS,Metal1,177.5730,376.7815,0.000000
FILLER_92_286,VSS,Metal1,170.7520,376.8680,0.000000
FILLER_92_254,VSS,Metal1,157.2440,376.9175,0.000000
FILLER_92_241,VSS,Metal1,142.4200,376.6685,0.000000
FILLER_92_233,VSS,Metal1,138.9330,376.7815,0.000000
FILLER_92_197,VSS,Metal1,117.6000,376.3200,0.000000
FILLER_92_193,VSS,Metal1,115.5400,376.6685,0.000000
FILLER_92_177,VSS,Metal1,109.7120,376.8680,0.000000
FILLER_92_174,VSS,Metal1,104.4400,376.3200,0.000000
FILLER_92_166,VSS,Metal1,101.4130,376.7815,0.000000
FILLER_92_157,VSS,Metal1,94.9200,376.3200,0.000000
FILLER_92_149,VSS,Metal1,90.4400,376.3200,0.000000
FILLER_92_147,VSS,Metal1,89.6000,376.3200,0.000000
FILLER_92_139,VSS,Metal1,86.2930,376.7815,0.000000
FILLER_92_107,VSS,Metal1,74.9240,376.9175,0.000000
FILLER_92_104,VSS,Metal1,65.2400,376.3200,0.000000
FILLER_92_102,VSS,Metal1,64.4000,376.3200,0.000000
FILLER_92_94,VSS,Metal1,61.0930,376.7815,0.000000
FILLER_92_82,VSS,Metal1,53.2000,376.3200,0.000000
FILLER_92_73,VSS,Metal1,47.8800,376.3200,0.000000
FILLER_92_69,VSS,Metal1,46.1000,376.6685,0.000000
FILLER_92_37,VSS,Metal1,35.7240,376.9175,0.000000
FILLER_92_34,VSS,Metal1,26.0400,376.3200,0.000000
FILLER_92_2,VSS,Metal1,16.1240,376.9175,0.000000
FILLER_91_776,VSS,Metal1,441.5600,376.3200,0.000000
FILLER_91_772,VSS,Metal1,439.7800,375.9710,0.000000
FILLER_91_768,VSS,Metal1,437.3600,376.3200,0.000000
FILLER_91_764,VSS,Metal1,435.3000,375.9710,0.000000
FILLER_91_748,VSS,Metal1,429.4720,375.7720,0.000000
FILLER_91_734,VSS,Metal1,418.3200,376.3200,0.000000
FILLER_91_702,VSS,Metal1,408.1240,375.7220,0.000000
FILLER_91_698,VSS,Metal1,398.1600,376.3200,0.000000
FILLER_91_682,VSS,Metal1,392.5120,375.7720,0.000000
FILLER_91_675,VSS,Metal1,385.0000,376.3200,0.000000
FILLER_91_673,VSS,Metal1,384.1600,376.3200,0.000000
FILLER_91_638,VSS,Metal1,364.2800,376.3200,0.000000
FILLER_91_636,VSS,Metal1,363.4400,376.3200,0.000000
FILLER_91_632,VSS,Metal1,361.3800,375.9710,0.000000
FILLER_91_629,VSS,Metal1,359.2400,376.3200,0.000000
FILLER_91_627,VSS,Metal1,358.4000,376.3200,0.000000
FILLER_91_595,VSS,Metal1,348.2040,375.7220,0.000000
FILLER_91_582,VSS,Metal1,332.9200,376.3200,0.000000
FILLER_91_578,VSS,Metal1,331.1400,375.9710,0.000000
FILLER_91_562,VSS,Metal1,325.3120,375.7720,0.000000
FILLER_91_558,VSS,Metal1,319.7600,376.3200,0.000000
FILLER_91_554,VSS,Metal1,317.7000,375.9710,0.000000
FILLER_91_538,VSS,Metal1,311.8720,375.7720,0.000000
FILLER_91_531,VSS,Metal1,304.3600,376.3200,0.000000
FILLER_91_529,VSS,Metal1,303.5200,376.3200,0.000000
FILLER_91_494,VSS,Metal1,283.6400,376.3200,0.000000
FILLER_91_492,VSS,Metal1,282.8000,376.3200,0.000000
FILLER_91_488,VSS,Metal1,280.5600,376.3200,0.000000
FILLER_91_456,VSS,Metal1,270.3640,375.7220,0.000000
FILLER_91_443,VSS,Metal1,255.0800,376.3200,0.000000
FILLER_91_441,VSS,Metal1,254.2400,376.3200,0.000000
FILLER_91_437,VSS,Metal1,252.1800,375.9710,0.000000
FILLER_91_430,VSS,Metal1,248.0800,376.3200,0.000000
FILLER_91_422,VSS,Metal1,244.7730,375.8580,0.000000
FILLER_91_418,VSS,Metal1,241.3600,376.3200,0.000000
FILLER_91_414,VSS,Metal1,239.3000,375.9710,0.000000
FILLER_91_406,VSS,Metal1,235.8130,375.8580,0.000000
FILLER_91_397,VSS,Metal1,229.7800,375.9710,0.000000
FILLER_91_389,VSS,Metal1,226.2930,375.8580,0.000000
FILLER_91_384,VSS,Metal1,222.0400,376.3200,0.000000
FILLER_91_352,VSS,Metal1,212.1240,375.7220,0.000000
FILLER_91_348,VSS,Metal1,202.1600,376.3200,0.000000
FILLER_91_344,VSS,Metal1,200.1000,375.9710,0.000000
FILLER_91_328,VSS,Metal1,194.2720,375.7720,0.000000
FILLER_91_290,VSS,Metal1,169.8600,375.9710,0.000000
FILLER_91_228,VSS,Metal1,134.9600,376.3200,0.000000
FILLER_91_212,VSS,Metal1,129.3120,375.7720,0.000000
FILLER_91_209,VSS,Metal1,124.0400,376.3200,0.000000
FILLER_91_205,VSS,Metal1,122.2600,375.9710,0.000000
FILLER_91_174,VSS,Metal1,105.8930,375.8580,0.000000
FILLER_91_142,VSS,Metal1,94.5240,375.7220,0.000000
FILLER_91_136,VSS,Metal1,83.6200,375.9710,0.000000
FILLER_91_104,VSS,Metal1,73.2440,375.7220,0.000000
FILLER_91_88,VSS,Metal1,56.5600,376.3200,0.000000
FILLER_91_72,VSS,Metal1,50.9120,375.7720,0.000000
FILLER_91_56,VSS,Metal1,38.6400,376.3200,0.000000
FILLER_91_40,VSS,Metal1,32.9920,375.7720,0.000000
FILLER_91_2,VSS,Metal1,8.5800,375.9710,0.000000
FILLER_90_753,VSS,Metal1,430.1330,368.9415,0.000000
FILLER_90_737,VSS,Metal1,423.3120,369.0280,0.000000
FILLER_90_731,VSS,Metal1,416.8200,368.8285,0.000000
FILLER_90_667,VSS,Metal1,397.4445,369.1175,0.000000
FILLER_90_664,VSS,Metal1,378.8400,368.4800,0.000000
FILLER_90_656,VSS,Metal1,375.8130,368.9415,0.000000
FILLER_90_640,VSS,Metal1,368.9920,369.0280,0.000000
FILLER_90_605,VSS,Metal1,345.8000,368.4800,0.000000
FILLER_90_597,VSS,Metal1,342.7730,368.9415,0.000000
FILLER_90_594,VSS,Metal1,339.6400,368.4800,0.000000
FILLER_90_590,VSS,Metal1,337.8600,368.8285,0.000000
FILLER_90_581,VSS,Metal1,332.3600,368.4800,0.000000
FILLER_90_579,VSS,Metal1,331.5200,368.4800,0.000000
FILLER_90_575,VSS,Metal1,329.4600,368.8285,0.000000
FILLER_90_559,VSS,Metal1,323.6320,369.0280,0.000000
FILLER_90_527,VSS,Metal1,310.1240,369.0775,0.000000
FILLER_90_521,VSS,Metal1,299.2200,368.8285,0.000000
FILLER_90_457,VSS,Metal1,279.8445,369.1175,0.000000
FILLER_90_454,VSS,Metal1,261.2400,368.4800,0.000000
FILLER_90_452,VSS,Metal1,260.4000,368.4800,0.000000
FILLER_90_448,VSS,Metal1,258.3400,368.8285,0.000000
FILLER_90_440,VSS,Metal1,254.8530,368.9415,0.000000
FILLER_90_408,VSS,Metal1,243.4840,369.0775,0.000000
FILLER_90_399,VSS,Metal1,230.4400,368.4800,0.000000
FILLER_90_395,VSS,Metal1,228.6600,368.8285,0.000000
FILLER_90_387,VSS,Metal1,225.1730,368.9415,0.000000
FILLER_90_383,VSS,Metal1,221.7600,368.4800,0.000000
FILLER_90_379,VSS,Metal1,219.7000,368.8285,0.000000
FILLER_90_341,VSS,Metal1,198.4200,368.8285,0.000000
FILLER_90_333,VSS,Metal1,194.9330,368.9415,0.000000
FILLER_90_317,VSS,Metal1,188.1120,369.0280,0.000000
FILLER_90_314,VSS,Metal1,182.8400,368.4800,0.000000
FILLER_90_312,VSS,Metal1,182.0000,368.4800,0.000000
FILLER_90_308,VSS,Metal1,179.9400,368.8285,0.000000
FILLER_90_292,VSS,Metal1,174.1120,369.0280,0.000000
FILLER_90_279,VSS,Metal1,163.2400,368.4800,0.000000
FILLER_90_247,VSS,Metal1,153.3240,369.0775,0.000000
FILLER_90_241,VSS,Metal1,142.4200,368.8285,0.000000
FILLER_90_177,VSS,Metal1,123.0445,369.1175,0.000000
FILLER_90_173,VSS,Metal1,104.1600,368.4800,0.000000
FILLER_90_165,VSS,Metal1,100.8530,368.9415,0.000000
FILLER_90_153,VSS,Metal1,92.6800,368.4800,0.000000
FILLER_90_149,VSS,Metal1,90.9000,368.8285,0.000000
FILLER_90_141,VSS,Metal1,87.4130,368.9415,0.000000
FILLER_90_101,VSS,Metal1,64.0200,368.8285,0.000000
FILLER_90_85,VSS,Metal1,58.1920,369.0280,0.000000
FILLER_90_49,VSS,Metal1,34.7200,368.4800,0.000000
FILLER_90_45,VSS,Metal1,32.6600,368.8285,0.000000
FILLER_90_37,VSS,Metal1,29.1730,368.9415,0.000000
FILLER_90_34,VSS,Metal1,26.0400,368.4800,0.000000
FILLER_90_32,VSS,Metal1,25.2000,368.4800,0.000000
FILLER_90_28,VSS,Metal1,23.1400,368.8285,0.000000
FILLER_90_20,VSS,Metal1,19.6530,368.9415,0.000000
FILLER_90_14,VSS,Metal1,15.1200,368.4800,0.000000
FILLER_90_10,VSS,Metal1,13.0600,368.8285,0.000000
FILLER_90_2,VSS,Metal1,9.5730,368.9415,0.000000
FILLER_89_776,VSS,Metal1,441.5600,368.4800,0.000000
FILLER_89_772,VSS,Metal1,439.7800,368.1310,0.000000
FILLER_89_766,VSS,Metal1,436.4200,368.1310,0.000000
FILLER_89_702,VSS,Metal1,417.0445,367.8420,0.000000
FILLER_89_696,VSS,Metal1,397.2200,368.1310,0.000000
FILLER_89_632,VSS,Metal1,377.8445,367.8420,0.000000
FILLER_89_626,VSS,Metal1,358.0200,368.1310,0.000000
FILLER_89_618,VSS,Metal1,354.5330,368.0180,0.000000
FILLER_89_586,VSS,Metal1,343.1640,367.8820,0.000000
FILLER_89_580,VSS,Metal1,331.8000,368.4800,0.000000
FILLER_89_578,VSS,Metal1,330.9600,368.4800,0.000000
FILLER_89_562,VSS,Metal1,325.3120,367.9320,0.000000
FILLER_89_556,VSS,Metal1,318.8200,368.1310,0.000000
FILLER_89_492,VSS,Metal1,299.4445,367.8420,0.000000
FILLER_89_486,VSS,Metal1,279.6200,368.1310,0.000000
FILLER_89_422,VSS,Metal1,260.2445,367.8420,0.000000
FILLER_89_416,VSS,Metal1,240.4200,368.1310,0.000000
FILLER_89_352,VSS,Metal1,221.0445,367.8420,0.000000
FILLER_89_346,VSS,Metal1,201.2200,368.1310,0.000000
FILLER_89_282,VSS,Metal1,181.8445,367.8420,0.000000
FILLER_89_279,VSS,Metal1,163.2400,368.4800,0.000000
FILLER_89_275,VSS,Metal1,161.4600,368.1310,0.000000
FILLER_89_267,VSS,Metal1,157.9730,368.0180,0.000000
FILLER_89_246,VSS,Metal1,144.7600,368.4800,0.000000
FILLER_89_244,VSS,Metal1,143.9200,368.4800,0.000000
FILLER_89_212,VSS,Metal1,133.7240,367.8820,0.000000
FILLER_89_208,VSS,Metal1,123.7600,368.4800,0.000000
FILLER_89_204,VSS,Metal1,121.7000,368.1310,0.000000
FILLER_89_196,VSS,Metal1,118.2130,368.0180,0.000000
FILLER_89_164,VSS,Metal1,106.8440,367.8820,0.000000
FILLER_89_150,VSS,Metal1,91.0000,368.4800,0.000000
FILLER_89_142,VSS,Metal1,87.9730,368.0180,0.000000
FILLER_89_136,VSS,Metal1,83.6200,368.1310,0.000000
FILLER_89_72,VSS,Metal1,64.2445,367.8420,0.000000
FILLER_89_66,VSS,Metal1,44.4200,368.1310,0.000000
FILLER_89_2,VSS,Metal1,25.0445,367.8420,0.000000
FILLER_88_753,VSS,Metal1,430.1330,361.1015,0.000000
FILLER_88_737,VSS,Metal1,423.3120,361.1880,0.000000
FILLER_88_731,VSS,Metal1,416.8200,360.9885,0.000000
FILLER_88_667,VSS,Metal1,397.4445,361.2775,0.000000
FILLER_88_661,VSS,Metal1,377.6200,360.9885,0.000000
FILLER_88_597,VSS,Metal1,358.2445,361.2775,0.000000
FILLER_88_591,VSS,Metal1,338.4200,360.9885,0.000000
FILLER_88_527,VSS,Metal1,319.0445,361.2775,0.000000
FILLER_88_521,VSS,Metal1,299.2200,360.9885,0.000000
FILLER_88_457,VSS,Metal1,279.8445,361.2775,0.000000
FILLER_88_453,VSS,Metal1,260.9600,360.6400,0.000000
FILLER_88_445,VSS,Metal1,257.6530,361.1015,0.000000
FILLER_88_429,VSS,Metal1,250.8320,361.1880,0.000000
FILLER_88_419,VSS,Metal1,241.9200,360.6400,0.000000
FILLER_88_387,VSS,Metal1,231.7240,361.2375,0.000000
FILLER_88_381,VSS,Metal1,220.8200,360.9885,0.000000
FILLER_88_317,VSS,Metal1,201.4445,361.2775,0.000000
FILLER_88_311,VSS,Metal1,181.6200,360.9885,0.000000
FILLER_88_247,VSS,Metal1,162.2445,361.2775,0.000000
FILLER_88_244,VSS,Metal1,143.6400,360.6400,0.000000
FILLER_88_242,VSS,Metal1,142.8000,360.6400,0.000000
FILLER_88_238,VSS,Metal1,140.7400,360.9885,0.000000
FILLER_88_222,VSS,Metal1,134.9120,361.1880,0.000000
FILLER_88_190,VSS,Metal1,121.4040,361.2375,0.000000
FILLER_88_181,VSS,Metal1,108.3600,360.6400,0.000000
FILLER_88_177,VSS,Metal1,106.5800,360.9885,0.000000
FILLER_88_169,VSS,Metal1,101.6400,360.6400,0.000000
FILLER_88_167,VSS,Metal1,100.8000,360.6400,0.000000
FILLER_88_163,VSS,Metal1,98.7400,360.9885,0.000000
FILLER_88_155,VSS,Metal1,95.2530,361.1015,0.000000
FILLER_88_139,VSS,Metal1,88.4320,361.1880,0.000000
FILLER_88_107,VSS,Metal1,74.9240,361.2375,0.000000
FILLER_88_101,VSS,Metal1,64.0200,360.9885,0.000000
FILLER_88_37,VSS,Metal1,44.6445,361.2775,0.000000
FILLER_88_34,VSS,Metal1,26.0400,360.6400,0.000000
FILLER_88_2,VSS,Metal1,16.1240,361.2375,0.000000
FILLER_87_776,VSS,Metal1,441.5600,360.6400,0.000000
FILLER_87_772,VSS,Metal1,439.7800,360.2910,0.000000
FILLER_87_768,VSS,Metal1,437.3600,360.6400,0.000000
FILLER_87_764,VSS,Metal1,435.3000,360.2910,0.000000
FILLER_87_756,VSS,Metal1,431.8130,360.1780,0.000000
FILLER_87_740,VSS,Metal1,424.9920,360.0920,0.000000
FILLER_87_708,VSS,Metal1,411.4840,360.0420,0.000000
FILLER_87_687,VSS,Metal1,391.7200,360.6400,0.000000
FILLER_87_685,VSS,Metal1,390.8800,360.6400,0.000000
FILLER_87_681,VSS,Metal1,388.8200,360.2910,0.000000
FILLER_87_646,VSS,Metal1,368.7600,360.6400,0.000000
FILLER_87_644,VSS,Metal1,367.9200,360.6400,0.000000
FILLER_87_640,VSS,Metal1,365.8600,360.2910,0.000000
FILLER_87_632,VSS,Metal1,362.3730,360.1780,0.000000
FILLER_87_628,VSS,Metal1,358.9600,360.6400,0.000000
FILLER_87_624,VSS,Metal1,356.9000,360.2910,0.000000
FILLER_87_592,VSS,Metal1,346.5240,360.0420,0.000000
FILLER_87_586,VSS,Metal1,335.4400,360.6400,0.000000
FILLER_87_578,VSS,Metal1,332.1330,360.1780,0.000000
FILLER_87_562,VSS,Metal1,325.3120,360.0920,0.000000
FILLER_87_559,VSS,Metal1,320.0400,360.6400,0.000000
FILLER_87_551,VSS,Metal1,317.0130,360.1780,0.000000
FILLER_87_527,VSS,Metal1,302.4000,360.6400,0.000000
FILLER_87_492,VSS,Metal1,282.5200,360.6400,0.000000
FILLER_87_454,VSS,Metal1,261.5200,360.6400,0.000000
FILLER_87_422,VSS,Metal1,251.3240,360.0420,0.000000
FILLER_87_419,VSS,Metal1,241.6400,360.6400,0.000000
FILLER_87_411,VSS,Metal1,238.6130,360.1780,0.000000
FILLER_87_395,VSS,Metal1,231.7920,360.0920,0.000000
FILLER_87_360,VSS,Metal1,208.6000,360.6400,0.000000
FILLER_87_352,VSS,Metal1,205.5730,360.1780,0.000000
FILLER_87_346,VSS,Metal1,201.2200,360.2910,0.000000
FILLER_87_282,VSS,Metal1,181.8445,360.0020,0.000000
FILLER_87_276,VSS,Metal1,162.0200,360.2910,0.000000
FILLER_87_212,VSS,Metal1,142.6445,360.0020,0.000000
FILLER_87_209,VSS,Metal1,124.0400,360.6400,0.000000
FILLER_87_207,VSS,Metal1,123.2000,360.6400,0.000000
FILLER_87_203,VSS,Metal1,121.1400,360.2910,0.000000
FILLER_87_195,VSS,Metal1,117.6530,360.1780,0.000000
FILLER_87_182,VSS,Metal1,108.9200,360.6400,0.000000
FILLER_87_174,VSS,Metal1,105.8930,360.1780,0.000000
FILLER_87_142,VSS,Metal1,94.5240,360.0420,0.000000
FILLER_87_136,VSS,Metal1,83.6200,360.2910,0.000000
FILLER_87_72,VSS,Metal1,64.2445,360.0020,0.000000
FILLER_87_66,VSS,Metal1,44.4200,360.2910,0.000000
FILLER_87_2,VSS,Metal1,25.0445,360.0020,0.000000
FILLER_86_741,VSS,Metal1,422.2400,352.8000,0.000000
FILLER_86_737,VSS,Metal1,420.1800,353.1485,0.000000
FILLER_86_711,VSS,Metal1,408.7520,353.3480,0.000000
FILLER_86_691,VSS,Metal1,393.9600,352.8000,0.000000
FILLER_86_683,VSS,Metal1,390.9330,353.2615,0.000000
FILLER_86_667,VSS,Metal1,384.1120,353.3480,0.000000
FILLER_86_663,VSS,Metal1,378.5600,352.8000,0.000000
FILLER_86_647,VSS,Metal1,372.9120,353.3480,0.000000
FILLER_86_597,VSS,Metal1,344.9120,353.3480,0.000000
FILLER_86_586,VSS,Metal1,335.1600,352.8000,0.000000
FILLER_86_582,VSS,Metal1,333.3800,353.1485,0.000000
FILLER_86_574,VSS,Metal1,329.8930,353.2615,0.000000
FILLER_86_558,VSS,Metal1,323.0720,353.3480,0.000000
FILLER_86_545,VSS,Metal1,312.4800,352.8000,0.000000
FILLER_86_539,VSS,Metal1,308.8400,352.8000,0.000000
FILLER_86_535,VSS,Metal1,307.0600,353.1485,0.000000
FILLER_86_527,VSS,Metal1,303.5730,353.2615,0.000000
FILLER_86_521,VSS,Metal1,299.2200,353.1485,0.000000
FILLER_86_457,VSS,Metal1,279.8445,353.4375,0.000000
FILLER_86_438,VSS,Metal1,252.7400,353.1485,0.000000
FILLER_86_430,VSS,Metal1,249.2530,353.2615,0.000000
FILLER_86_414,VSS,Metal1,242.4320,353.3480,0.000000
FILLER_86_401,VSS,Metal1,231.5600,352.8000,0.000000
FILLER_86_399,VSS,Metal1,230.7200,352.8000,0.000000
FILLER_86_395,VSS,Metal1,228.6600,353.1485,0.000000
FILLER_86_387,VSS,Metal1,225.1730,353.2615,0.000000
FILLER_86_384,VSS,Metal1,222.0400,352.8000,0.000000
FILLER_86_382,VSS,Metal1,221.2000,352.8000,0.000000
FILLER_86_374,VSS,Metal1,217.8930,353.2615,0.000000
FILLER_86_358,VSS,Metal1,211.0720,353.3480,0.000000
FILLER_86_323,VSS,Metal1,187.8800,352.8000,0.000000
FILLER_86_321,VSS,Metal1,187.0400,352.8000,0.000000
FILLER_86_317,VSS,Metal1,184.9800,353.1485,0.000000
FILLER_86_311,VSS,Metal1,181.6200,353.1485,0.000000
FILLER_86_247,VSS,Metal1,162.2445,353.4375,0.000000
FILLER_86_244,VSS,Metal1,143.6400,352.8000,0.000000
FILLER_86_242,VSS,Metal1,142.8000,352.8000,0.000000
FILLER_86_238,VSS,Metal1,140.7400,353.1485,0.000000
FILLER_86_230,VSS,Metal1,137.2530,353.2615,0.000000
FILLER_86_195,VSS,Metal1,116.2000,352.8000,0.000000
FILLER_86_193,VSS,Metal1,115.3600,352.8000,0.000000
FILLER_86_177,VSS,Metal1,109.7120,353.3480,0.000000
FILLER_86_174,VSS,Metal1,104.4400,352.8000,0.000000
FILLER_86_158,VSS,Metal1,99.0720,353.3480,0.000000
FILLER_86_149,VSS,Metal1,90.4400,352.8000,0.000000
FILLER_86_147,VSS,Metal1,89.6000,352.8000,0.000000
FILLER_86_139,VSS,Metal1,86.2930,353.2615,0.000000
FILLER_86_107,VSS,Metal1,74.9240,353.3975,0.000000
FILLER_86_101,VSS,Metal1,64.0200,353.1485,0.000000
FILLER_86_37,VSS,Metal1,44.6445,353.4375,0.000000
FILLER_86_34,VSS,Metal1,26.0400,352.8000,0.000000
FILLER_86_26,VSS,Metal1,21.8400,352.8000,0.000000
FILLER_86_18,VSS,Metal1,18.5330,353.2615,0.000000
FILLER_86_2,VSS,Metal1,11.7120,353.3480,0.000000
FILLER_85_776,VSS,Metal1,441.5600,352.8000,0.000000
FILLER_85_772,VSS,Metal1,439.7800,352.4510,0.000000
FILLER_85_768,VSS,Metal1,437.3600,352.8000,0.000000
FILLER_85_760,VSS,Metal1,434.0530,352.3380,0.000000
FILLER_85_744,VSS,Metal1,427.2320,352.2520,0.000000
FILLER_85_730,VSS,Metal1,416.0800,352.8000,0.000000
FILLER_85_726,VSS,Metal1,414.0200,352.4510,0.000000
FILLER_85_718,VSS,Metal1,410.5330,352.3380,0.000000
FILLER_85_702,VSS,Metal1,403.7120,352.2520,0.000000
FILLER_85_696,VSS,Metal1,397.2200,352.4510,0.000000
FILLER_85_632,VSS,Metal1,377.8445,352.1620,0.000000
FILLER_85_629,VSS,Metal1,359.2400,352.8000,0.000000
FILLER_85_625,VSS,Metal1,357.4600,352.4510,0.000000
FILLER_85_593,VSS,Metal1,347.0840,352.2020,0.000000
FILLER_85_580,VSS,Metal1,331.8000,352.8000,0.000000
FILLER_85_578,VSS,Metal1,330.9600,352.8000,0.000000
FILLER_85_562,VSS,Metal1,325.3120,352.2520,0.000000
FILLER_85_552,VSS,Metal1,316.4000,352.8000,0.000000
FILLER_85_548,VSS,Metal1,314.3400,352.4510,0.000000
FILLER_85_540,VSS,Metal1,310.8530,352.3380,0.000000
FILLER_85_524,VSS,Metal1,304.0320,352.2520,0.000000
FILLER_85_492,VSS,Metal1,290.5240,352.2020,0.000000
FILLER_85_486,VSS,Metal1,279.6200,352.4510,0.000000
FILLER_85_422,VSS,Metal1,260.2445,352.1620,0.000000
FILLER_85_419,VSS,Metal1,241.6400,352.8000,0.000000
FILLER_85_403,VSS,Metal1,236.2720,352.2520,0.000000
FILLER_85_398,VSS,Metal1,229.8800,352.8000,0.000000
FILLER_85_396,VSS,Metal1,229.0400,352.8000,0.000000
FILLER_85_392,VSS,Metal1,226.9800,352.4510,0.000000
FILLER_85_384,VSS,Metal1,223.4930,352.3380,0.000000
FILLER_85_352,VSS,Metal1,212.1240,352.2020,0.000000
FILLER_85_349,VSS,Metal1,202.4400,352.8000,0.000000
FILLER_85_347,VSS,Metal1,201.6000,352.8000,0.000000
FILLER_85_339,VSS,Metal1,198.2930,352.3380,0.000000
FILLER_85_323,VSS,Metal1,191.4720,352.2520,0.000000
FILLER_85_298,VSS,Metal1,174.1600,352.8000,0.000000
FILLER_85_282,VSS,Metal1,168.5120,352.2520,0.000000
FILLER_85_276,VSS,Metal1,162.0200,352.4510,0.000000
FILLER_85_212,VSS,Metal1,142.6445,352.1620,0.000000
FILLER_85_206,VSS,Metal1,122.8200,352.4510,0.000000
FILLER_85_142,VSS,Metal1,103.4445,352.1620,0.000000
FILLER_85_136,VSS,Metal1,83.6200,352.4510,0.000000
FILLER_85_72,VSS,Metal1,64.2445,352.1620,0.000000
FILLER_85_69,VSS,Metal1,45.6400,352.8000,0.000000
FILLER_85_61,VSS,Metal1,42.6130,352.3380,0.000000
FILLER_85_45,VSS,Metal1,35.7920,352.2520,0.000000
FILLER_85_10,VSS,Metal1,12.6000,352.8000,0.000000
FILLER_85_2,VSS,Metal1,9.5730,352.3380,0.000000
FILLER_84_769,VSS,Metal1,439.0930,345.4215,0.000000
FILLER_84_737,VSS,Metal1,427.7240,345.5575,0.000000
FILLER_84_731,VSS,Metal1,416.8200,345.3085,0.000000
FILLER_84_667,VSS,Metal1,397.4445,345.5975,0.000000
FILLER_84_661,VSS,Metal1,377.6200,345.3085,0.000000
FILLER_84_597,VSS,Metal1,358.2445,345.5975,0.000000
FILLER_84_591,VSS,Metal1,338.4200,345.3085,0.000000
FILLER_84_527,VSS,Metal1,319.0445,345.5975,0.000000
FILLER_84_521,VSS,Metal1,299.2200,345.3085,0.000000
FILLER_84_457,VSS,Metal1,279.8445,345.5975,0.000000
FILLER_84_454,VSS,Metal1,261.2400,344.9600,0.000000
FILLER_84_452,VSS,Metal1,260.4000,344.9600,0.000000
FILLER_84_448,VSS,Metal1,258.3400,345.3085,0.000000
FILLER_84_440,VSS,Metal1,254.8530,345.4215,0.000000
FILLER_84_433,VSS,Metal1,249.4800,344.9600,0.000000
FILLER_84_431,VSS,Metal1,248.6400,344.9600,0.000000
FILLER_84_427,VSS,Metal1,246.5800,345.3085,0.000000
FILLER_84_419,VSS,Metal1,243.0930,345.4215,0.000000
FILLER_84_387,VSS,Metal1,231.7240,345.5575,0.000000
FILLER_84_381,VSS,Metal1,220.8200,345.3085,0.000000
FILLER_84_317,VSS,Metal1,201.4445,345.5975,0.000000
FILLER_84_313,VSS,Metal1,182.5600,344.9600,0.000000
FILLER_84_297,VSS,Metal1,176.9120,345.5080,0.000000
FILLER_84_283,VSS,Metal1,165.4800,344.9600,0.000000
FILLER_84_279,VSS,Metal1,163.7000,345.3085,0.000000
FILLER_84_247,VSS,Metal1,153.3240,345.5575,0.000000
FILLER_84_241,VSS,Metal1,142.4200,345.3085,0.000000
FILLER_84_177,VSS,Metal1,123.0445,345.5975,0.000000
FILLER_84_174,VSS,Metal1,104.4400,344.9600,0.000000
FILLER_84_172,VSS,Metal1,103.6000,344.9600,0.000000
FILLER_84_156,VSS,Metal1,97.9520,345.5080,0.000000
FILLER_84_146,VSS,Metal1,89.0400,344.9600,0.000000
FILLER_84_138,VSS,Metal1,85.7330,345.4215,0.000000
FILLER_84_122,VSS,Metal1,78.9120,345.5080,0.000000
FILLER_84_104,VSS,Metal1,65.2400,344.9600,0.000000
FILLER_84_57,VSS,Metal1,38.9200,344.9600,0.000000
FILLER_84_53,VSS,Metal1,37.1400,345.3085,0.000000
FILLER_84_37,VSS,Metal1,31.3120,345.5080,0.000000
FILLER_84_28,VSS,Metal1,22.6800,344.9600,0.000000
FILLER_84_26,VSS,Metal1,21.8400,344.9600,0.000000
FILLER_84_18,VSS,Metal1,18.5330,345.4215,0.000000
FILLER_84_2,VSS,Metal1,11.7120,345.5080,0.000000
FILLER_83_776,VSS,Metal1,441.5600,344.9600,0.000000
FILLER_83_772,VSS,Metal1,439.7800,344.6110,0.000000
FILLER_83_769,VSS,Metal1,437.6400,344.9600,0.000000
FILLER_83_737,VSS,Metal1,427.7240,344.3620,0.000000
FILLER_83_728,VSS,Metal1,414.6800,344.9600,0.000000
FILLER_83_726,VSS,Metal1,413.8400,344.9600,0.000000
FILLER_83_718,VSS,Metal1,410.5330,344.4980,0.000000
FILLER_83_702,VSS,Metal1,403.7120,344.4120,0.000000
FILLER_83_699,VSS,Metal1,398.4400,344.9600,0.000000
FILLER_83_691,VSS,Metal1,395.4130,344.4980,0.000000
FILLER_83_684,VSS,Metal1,390.0400,344.9600,0.000000
FILLER_83_680,VSS,Metal1,388.2600,344.6110,0.000000
FILLER_83_664,VSS,Metal1,382.4320,344.4120,0.000000
FILLER_83_632,VSS,Metal1,368.9240,344.3620,0.000000
FILLER_83_629,VSS,Metal1,359.2400,344.9600,0.000000
FILLER_83_627,VSS,Metal1,358.4000,344.9600,0.000000
FILLER_83_623,VSS,Metal1,356.3400,344.6110,0.000000
FILLER_83_591,VSS,Metal1,345.9640,344.3620,0.000000
FILLER_83_582,VSS,Metal1,332.9200,344.9600,0.000000
FILLER_83_578,VSS,Metal1,331.1400,344.6110,0.000000
FILLER_83_562,VSS,Metal1,325.3120,344.4120,0.000000
FILLER_83_556,VSS,Metal1,318.8200,344.6110,0.000000
FILLER_83_492,VSS,Metal1,299.4445,344.3220,0.000000
FILLER_83_488,VSS,Metal1,280.5600,344.9600,0.000000
FILLER_83_456,VSS,Metal1,270.3640,344.3620,0.000000
FILLER_83_442,VSS,Metal1,254.5200,344.9600,0.000000
FILLER_83_438,VSS,Metal1,252.7400,344.6110,0.000000
FILLER_83_422,VSS,Metal1,246.9120,344.4120,0.000000
FILLER_83_419,VSS,Metal1,241.6400,344.9600,0.000000
FILLER_83_417,VSS,Metal1,240.8000,344.9600,0.000000
FILLER_83_413,VSS,Metal1,238.7400,344.6110,0.000000
FILLER_83_400,VSS,Metal1,231.2800,344.9600,0.000000
FILLER_83_384,VSS,Metal1,225.6320,344.4120,0.000000
FILLER_83_352,VSS,Metal1,212.1240,344.3620,0.000000
FILLER_83_346,VSS,Metal1,201.2200,344.6110,0.000000
FILLER_83_282,VSS,Metal1,181.8445,344.3220,0.000000
FILLER_83_279,VSS,Metal1,163.2400,344.9600,0.000000
FILLER_83_277,VSS,Metal1,162.4000,344.9600,0.000000
FILLER_83_273,VSS,Metal1,160.3400,344.6110,0.000000
FILLER_83_265,VSS,Metal1,156.8530,344.4980,0.000000
FILLER_83_251,VSS,Metal1,148.0200,344.6110,0.000000
FILLER_83_242,VSS,Metal1,142.5200,344.9600,0.000000
FILLER_83_240,VSS,Metal1,141.6800,344.9600,0.000000
FILLER_83_236,VSS,Metal1,139.6200,344.6110,0.000000
FILLER_83_228,VSS,Metal1,136.1330,344.4980,0.000000
FILLER_83_212,VSS,Metal1,129.3120,344.4120,0.000000
FILLER_83_194,VSS,Metal1,119.2320,344.4120,0.000000
FILLER_83_162,VSS,Metal1,105.7240,344.3620,0.000000
FILLER_83_142,VSS,Metal1,86.9800,344.6110,0.000000
FILLER_83_136,VSS,Metal1,83.6200,344.6110,0.000000
FILLER_83_120,VSS,Metal1,77.7920,344.4120,0.000000
FILLER_83_111,VSS,Metal1,69.4400,344.9600,0.000000
FILLER_83_107,VSS,Metal1,67.3800,344.6110,0.000000
FILLER_83_99,VSS,Metal1,63.8930,344.4980,0.000000
FILLER_83_88,VSS,Metal1,56.2800,344.9600,0.000000
FILLER_83_84,VSS,Metal1,54.5000,344.6110,0.000000
FILLER_83_66,VSS,Metal1,44.4200,344.6110,0.000000
FILLER_83_2,VSS,Metal1,25.0445,344.3220,0.000000
FILLER_82_769,VSS,Metal1,439.0930,337.5815,0.000000
FILLER_82_737,VSS,Metal1,427.7240,337.7175,0.000000
FILLER_82_733,VSS,Metal1,417.7600,337.1200,0.000000
FILLER_82_729,VSS,Metal1,415.7000,337.4685,0.000000
FILLER_82_713,VSS,Metal1,409.8720,337.6680,0.000000
FILLER_82_703,VSS,Metal1,400.9600,337.1200,0.000000
FILLER_82_695,VSS,Metal1,397.6530,337.5815,0.000000
FILLER_82_675,VSS,Metal1,385.4600,337.4685,0.000000
FILLER_82_667,VSS,Metal1,381.9730,337.5815,0.000000
FILLER_82_663,VSS,Metal1,378.5600,337.1200,0.000000
FILLER_82_659,VSS,Metal1,376.5000,337.4685,0.000000
FILLER_82_651,VSS,Metal1,373.0130,337.5815,0.000000
FILLER_82_616,VSS,Metal1,351.9600,337.1200,0.000000
FILLER_82_614,VSS,Metal1,351.1200,337.1200,0.000000
FILLER_82_610,VSS,Metal1,349.0600,337.4685,0.000000
FILLER_82_583,VSS,Metal1,333.9400,337.4685,0.000000
FILLER_82_575,VSS,Metal1,330.4530,337.5815,0.000000
FILLER_82_565,VSS,Metal1,323.6800,337.1200,0.000000
FILLER_82_557,VSS,Metal1,320.3730,337.5815,0.000000
FILLER_82_535,VSS,Metal1,307.0600,337.4685,0.000000
FILLER_82_527,VSS,Metal1,303.5730,337.5815,0.000000
FILLER_82_517,VSS,Metal1,297.9730,337.5815,0.000000
FILLER_82_501,VSS,Metal1,291.1520,337.6680,0.000000
FILLER_82_469,VSS,Metal1,277.6440,337.7175,0.000000
FILLER_82_454,VSS,Metal1,261.2400,337.1200,0.000000
FILLER_82_452,VSS,Metal1,260.4000,337.1200,0.000000
FILLER_82_448,VSS,Metal1,258.3400,337.4685,0.000000
FILLER_82_434,VSS,Metal1,250.3200,337.1200,0.000000
FILLER_82_426,VSS,Metal1,247.0130,337.5815,0.000000
FILLER_82_410,VSS,Metal1,240.1920,337.6680,0.000000
FILLER_82_391,VSS,Metal1,226.2400,337.1200,0.000000
FILLER_82_387,VSS,Metal1,224.1800,337.4685,0.000000
FILLER_82_349,VSS,Metal1,202.7200,337.1200,0.000000
FILLER_82_317,VSS,Metal1,192.5240,337.7175,0.000000
FILLER_82_299,VSS,Metal1,175.8930,337.5815,0.000000
FILLER_82_279,VSS,Metal1,163.5200,337.1200,0.000000
FILLER_82_263,VSS,Metal1,157.8720,337.6680,0.000000
FILLER_82_255,VSS,Metal1,149.8000,337.1200,0.000000
FILLER_82_244,VSS,Metal1,143.6400,337.1200,0.000000
FILLER_82_225,VSS,Metal1,133.2800,337.1200,0.000000
FILLER_82_209,VSS,Metal1,127.6320,337.6680,0.000000
FILLER_82_177,VSS,Metal1,114.1240,337.7175,0.000000
FILLER_82_174,VSS,Metal1,104.4400,337.1200,0.000000
FILLER_82_170,VSS,Metal1,102.6600,337.4685,0.000000
FILLER_82_154,VSS,Metal1,96.8320,337.6680,0.000000
FILLER_82_149,VSS,Metal1,90.4400,337.1200,0.000000
FILLER_82_143,VSS,Metal1,87.0800,337.1200,0.000000
FILLER_82_139,VSS,Metal1,85.3000,337.4685,0.000000
FILLER_82_107,VSS,Metal1,74.9240,337.7175,0.000000
FILLER_82_101,VSS,Metal1,64.0200,337.4685,0.000000
FILLER_82_37,VSS,Metal1,44.6445,337.7575,0.000000
FILLER_82_34,VSS,Metal1,26.0400,337.1200,0.000000
FILLER_82_2,VSS,Metal1,16.1240,337.7175,0.000000
FILLER_81_776,VSS,Metal1,441.5600,337.1200,0.000000
FILLER_81_772,VSS,Metal1,439.7800,336.7710,0.000000
FILLER_81_768,VSS,Metal1,437.3600,337.1200,0.000000
FILLER_81_764,VSS,Metal1,435.3000,336.7710,0.000000
FILLER_81_748,VSS,Metal1,429.4720,336.5720,0.000000
FILLER_81_726,VSS,Metal1,413.8400,337.1200,0.000000
FILLER_81_714,VSS,Metal1,407.1200,337.1200,0.000000
FILLER_81_710,VSS,Metal1,405.0600,336.7710,0.000000
FILLER_81_702,VSS,Metal1,401.5730,336.6580,0.000000
FILLER_81_692,VSS,Metal1,395.9730,336.6580,0.000000
FILLER_81_644,VSS,Metal1,367.9200,337.1200,0.000000
FILLER_81_640,VSS,Metal1,365.8600,336.7710,0.000000
FILLER_81_632,VSS,Metal1,362.3730,336.6580,0.000000
FILLER_81_626,VSS,Metal1,358.0200,336.7710,0.000000
FILLER_81_562,VSS,Metal1,338.6445,336.4820,0.000000
FILLER_81_558,VSS,Metal1,319.7600,337.1200,0.000000
FILLER_81_554,VSS,Metal1,317.7000,336.7710,0.000000
FILLER_81_548,VSS,Metal1,313.8800,337.1200,0.000000
FILLER_81_546,VSS,Metal1,313.0400,337.1200,0.000000
FILLER_81_541,VSS,Metal1,309.9600,337.1200,0.000000
FILLER_81_537,VSS,Metal1,308.1800,336.7710,0.000000
FILLER_81_502,VSS,Metal1,288.1200,337.1200,0.000000
FILLER_81_500,VSS,Metal1,287.2800,337.1200,0.000000
FILLER_81_492,VSS,Metal1,283.9730,336.6580,0.000000
FILLER_81_489,VSS,Metal1,280.8400,337.1200,0.000000
FILLER_81_485,VSS,Metal1,279.0600,336.7710,0.000000
FILLER_81_477,VSS,Metal1,275.5730,336.6580,0.000000
FILLER_81_445,VSS,Metal1,264.2040,336.5220,0.000000
FILLER_81_440,VSS,Metal1,253.4000,337.1200,0.000000
FILLER_81_438,VSS,Metal1,252.5600,337.1200,0.000000
FILLER_81_422,VSS,Metal1,246.9120,336.5720,0.000000
FILLER_81_412,VSS,Metal1,239.1730,336.6580,0.000000
FILLER_81_396,VSS,Metal1,229.0400,337.1200,0.000000
FILLER_81_392,VSS,Metal1,226.9800,336.7710,0.000000
FILLER_81_384,VSS,Metal1,223.4930,336.6580,0.000000
FILLER_81_352,VSS,Metal1,212.1240,336.5220,0.000000
FILLER_81_349,VSS,Metal1,202.4400,337.1200,0.000000
FILLER_81_345,VSS,Metal1,200.6600,336.7710,0.000000
FILLER_81_329,VSS,Metal1,194.8320,336.5720,0.000000
FILLER_81_315,VSS,Metal1,183.6800,337.1200,0.000000
FILLER_81_311,VSS,Metal1,181.6200,336.7710,0.000000
FILLER_81_305,VSS,Metal1,177.8000,337.1200,0.000000
FILLER_81_297,VSS,Metal1,174.7730,336.6580,0.000000
FILLER_81_290,VSS,Metal1,169.6800,337.1200,0.000000
FILLER_81_282,VSS,Metal1,166.3730,336.6580,0.000000
FILLER_81_279,VSS,Metal1,163.2400,337.1200,0.000000
FILLER_81_275,VSS,Metal1,161.4600,336.7710,0.000000
FILLER_81_243,VSS,Metal1,151.0840,336.5220,0.000000
FILLER_81_237,VSS,Metal1,139.7200,337.1200,0.000000
FILLER_81_235,VSS,Metal1,138.8800,337.1200,0.000000
FILLER_81_226,VSS,Metal1,133.5600,337.1200,0.000000
FILLER_81_216,VSS,Metal1,128.2400,337.1200,0.000000
FILLER_81_212,VSS,Metal1,126.1800,336.7710,0.000000
FILLER_81_208,VSS,Metal1,123.7600,337.1200,0.000000
FILLER_81_204,VSS,Metal1,121.7000,336.7710,0.000000
FILLER_81_188,VSS,Metal1,115.8720,336.5720,0.000000
FILLER_81_156,VSS,Metal1,102.3640,336.5220,0.000000
FILLER_81_146,VSS,Metal1,89.0400,337.1200,0.000000
FILLER_81_142,VSS,Metal1,86.9800,336.7710,0.000000
FILLER_81_136,VSS,Metal1,83.6200,336.7710,0.000000
FILLER_81_72,VSS,Metal1,64.2445,336.4820,0.000000
FILLER_81_69,VSS,Metal1,45.6400,337.1200,0.000000
FILLER_81_67,VSS,Metal1,44.8000,337.1200,0.000000
FILLER_81_63,VSS,Metal1,42.7400,336.7710,0.000000
FILLER_81_47,VSS,Metal1,36.9120,336.5720,0.000000
FILLER_80_741,VSS,Metal1,422.2400,329.2800,0.000000
FILLER_80_737,VSS,Metal1,420.1800,329.6285,0.000000
FILLER_80_723,VSS,Metal1,411.8800,329.2800,0.000000
FILLER_80_715,VSS,Metal1,408.8530,329.7415,0.000000
FILLER_80_699,VSS,Metal1,402.0320,329.8280,0.000000
FILLER_80_667,VSS,Metal1,388.5240,329.8775,0.000000
FILLER_80_661,VSS,Metal1,377.6200,329.6285,0.000000
FILLER_80_597,VSS,Metal1,358.2445,329.9175,0.000000
FILLER_80_591,VSS,Metal1,338.4200,329.6285,0.000000
FILLER_80_527,VSS,Metal1,319.0445,329.9175,0.000000
FILLER_80_524,VSS,Metal1,300.4400,329.2800,0.000000
FILLER_80_522,VSS,Metal1,299.6000,329.2800,0.000000
FILLER_80_506,VSS,Metal1,293.9520,329.8280,0.000000
FILLER_80_471,VSS,Metal1,270.7600,329.2800,0.000000
FILLER_80_469,VSS,Metal1,269.9200,329.2800,0.000000
FILLER_80_465,VSS,Metal1,267.8600,329.6285,0.000000
FILLER_80_457,VSS,Metal1,264.3730,329.7415,0.000000
FILLER_80_451,VSS,Metal1,260.0200,329.6285,0.000000
FILLER_80_387,VSS,Metal1,240.6445,329.9175,0.000000
FILLER_80_383,VSS,Metal1,221.7600,329.2800,0.000000
FILLER_80_379,VSS,Metal1,219.7000,329.6285,0.000000
FILLER_80_363,VSS,Metal1,213.8720,329.8280,0.000000
FILLER_80_325,VSS,Metal1,189.4600,329.6285,0.000000
FILLER_80_317,VSS,Metal1,185.9730,329.7415,0.000000
FILLER_80_314,VSS,Metal1,182.8400,329.2800,0.000000
FILLER_80_298,VSS,Metal1,177.4720,329.8280,0.000000
FILLER_80_289,VSS,Metal1,168.8400,329.2800,0.000000
FILLER_80_287,VSS,Metal1,168.0000,329.2800,0.000000
FILLER_80_279,VSS,Metal1,164.6930,329.7415,0.000000
FILLER_80_247,VSS,Metal1,153.3240,329.8775,0.000000
FILLER_80_243,VSS,Metal1,143.3600,329.2800,0.000000
FILLER_80_211,VSS,Metal1,133.1640,329.8775,0.000000
FILLER_80_173,VSS,Metal1,104.1600,329.2800,0.000000
FILLER_80_160,VSS,Metal1,96.6000,329.2800,0.000000
FILLER_80_158,VSS,Metal1,95.7600,329.2800,0.000000
FILLER_80_150,VSS,Metal1,92.4530,329.7415,0.000000
FILLER_80_118,VSS,Metal1,81.0840,329.8775,0.000000
FILLER_80_111,VSS,Metal1,69.4400,329.2800,0.000000
FILLER_80_107,VSS,Metal1,67.3800,329.6285,0.000000
FILLER_80_97,VSS,Metal1,62.7730,329.7415,0.000000
FILLER_80_81,VSS,Metal1,55.9520,329.8280,0.000000
FILLER_80_75,VSS,Metal1,49.0000,329.2800,0.000000
FILLER_80_73,VSS,Metal1,48.1600,329.2800,0.000000
FILLER_80_69,VSS,Metal1,46.1000,329.6285,0.000000
FILLER_80_37,VSS,Metal1,35.7240,329.8775,0.000000
FILLER_80_20,VSS,Metal1,18.2000,329.2800,0.000000
FILLER_80_18,VSS,Metal1,17.3600,329.2800,0.000000
FILLER_80_2,VSS,Metal1,11.7120,329.8280,0.000000
FILLER_79_776,VSS,Metal1,441.5600,329.2800,0.000000
FILLER_79_772,VSS,Metal1,439.7800,328.9310,0.000000
FILLER_79_766,VSS,Metal1,436.4200,328.9310,0.000000
FILLER_79_702,VSS,Metal1,417.0445,328.6420,0.000000
FILLER_79_696,VSS,Metal1,397.2200,328.9310,0.000000
FILLER_79_632,VSS,Metal1,377.8445,328.6420,0.000000
FILLER_79_626,VSS,Metal1,358.0200,328.9310,0.000000
FILLER_79_562,VSS,Metal1,338.6445,328.6420,0.000000
FILLER_79_556,VSS,Metal1,318.8200,328.9310,0.000000
FILLER_79_492,VSS,Metal1,299.4445,328.6420,0.000000
FILLER_79_488,VSS,Metal1,280.5600,329.2800,0.000000
FILLER_79_484,VSS,Metal1,278.5000,328.9310,0.000000
FILLER_79_468,VSS,Metal1,272.6720,328.7320,0.000000
FILLER_79_436,VSS,Metal1,259.1640,328.6820,0.000000
FILLER_79_426,VSS,Metal1,245.8400,329.2800,0.000000
FILLER_79_422,VSS,Metal1,243.7800,328.9310,0.000000
FILLER_79_416,VSS,Metal1,240.4200,328.9310,0.000000
FILLER_79_352,VSS,Metal1,221.0445,328.6420,0.000000
FILLER_79_346,VSS,Metal1,201.2200,328.9310,0.000000
FILLER_79_282,VSS,Metal1,181.8445,328.6420,0.000000
FILLER_79_276,VSS,Metal1,162.0200,328.9310,0.000000
FILLER_79_212,VSS,Metal1,142.6445,328.6420,0.000000
FILLER_79_206,VSS,Metal1,122.8200,328.9310,0.000000
FILLER_79_142,VSS,Metal1,103.4445,328.6420,0.000000
FILLER_79_138,VSS,Metal1,84.5600,329.2800,0.000000
FILLER_79_122,VSS,Metal1,78.9120,328.7320,0.000000
FILLER_79_62,VSS,Metal1,42.0000,329.2800,0.000000
FILLER_79_58,VSS,Metal1,39.9400,328.9310,0.000000
FILLER_79_50,VSS,Metal1,36.4530,328.8180,0.000000
FILLER_79_34,VSS,Metal1,29.6320,328.7320,0.000000
FILLER_79_2,VSS,Metal1,16.1240,328.6820,0.000000
FILLER_78_753,VSS,Metal1,430.1330,321.9015,0.000000
FILLER_78_737,VSS,Metal1,423.3120,321.9880,0.000000
FILLER_78_731,VSS,Metal1,416.8200,321.7885,0.000000
FILLER_78_667,VSS,Metal1,397.4445,322.0775,0.000000
FILLER_78_663,VSS,Metal1,378.5600,321.4400,0.000000
FILLER_78_659,VSS,Metal1,376.5000,321.7885,0.000000
FILLER_78_651,VSS,Metal1,373.0130,321.9015,0.000000
FILLER_78_635,VSS,Metal1,366.1920,321.9880,0.000000
FILLER_78_603,VSS,Metal1,352.6840,322.0375,0.000000
FILLER_78_583,VSS,Metal1,333.9400,321.7885,0.000000
FILLER_78_575,VSS,Metal1,330.4530,321.9015,0.000000
FILLER_78_559,VSS,Metal1,323.6320,321.9880,0.000000
FILLER_78_527,VSS,Metal1,310.1240,322.0375,0.000000
FILLER_78_521,VSS,Metal1,299.2200,321.7885,0.000000
FILLER_78_457,VSS,Metal1,279.8445,322.0775,0.000000
FILLER_78_451,VSS,Metal1,260.0200,321.7885,0.000000
FILLER_78_387,VSS,Metal1,240.6445,322.0775,0.000000
FILLER_78_381,VSS,Metal1,220.8200,321.7885,0.000000
FILLER_78_317,VSS,Metal1,201.4445,322.0775,0.000000
FILLER_78_311,VSS,Metal1,181.6200,321.7885,0.000000
FILLER_78_247,VSS,Metal1,162.2445,322.0775,0.000000
FILLER_78_229,VSS,Metal1,138.8320,321.9880,0.000000
FILLER_78_221,VSS,Metal1,131.0400,321.4400,0.000000
FILLER_78_217,VSS,Metal1,128.9800,321.7885,0.000000
FILLER_78_209,VSS,Metal1,125.4930,321.9015,0.000000
FILLER_78_177,VSS,Metal1,114.1240,322.0375,0.000000
FILLER_78_174,VSS,Metal1,104.4400,321.4400,0.000000
FILLER_78_172,VSS,Metal1,103.6000,321.4400,0.000000
FILLER_78_164,VSS,Metal1,100.2930,321.9015,0.000000
FILLER_78_148,VSS,Metal1,93.4720,321.9880,0.000000
FILLER_78_132,VSS,Metal1,82.3730,321.9015,0.000000
FILLER_78_116,VSS,Metal1,75.5520,321.9880,0.000000
FILLER_78_104,VSS,Metal1,65.2400,321.4400,0.000000
FILLER_78_100,VSS,Metal1,63.4600,321.7885,0.000000
FILLER_78_84,VSS,Metal1,57.6320,321.9880,0.000000
FILLER_78_71,VSS,Metal1,46.7600,321.4400,0.000000
FILLER_78_69,VSS,Metal1,45.9200,321.4400,0.000000
FILLER_78_37,VSS,Metal1,35.7240,322.0375,0.000000
FILLER_78_34,VSS,Metal1,26.0400,321.4400,0.000000
FILLER_78_2,VSS,Metal1,16.1240,322.0375,0.000000
FILLER_77_776,VSS,Metal1,441.5600,321.4400,0.000000
FILLER_77_772,VSS,Metal1,439.7800,321.0910,0.000000
FILLER_77_766,VSS,Metal1,436.4200,321.0910,0.000000
FILLER_77_702,VSS,Metal1,417.0445,320.8020,0.000000
FILLER_77_696,VSS,Metal1,397.2200,321.0910,0.000000
FILLER_77_632,VSS,Metal1,377.8445,320.8020,0.000000
FILLER_77_629,VSS,Metal1,359.2400,321.4400,0.000000
FILLER_77_613,VSS,Metal1,353.8720,320.8920,0.000000
FILLER_77_600,VSS,Metal1,343.0000,321.4400,0.000000
FILLER_77_598,VSS,Metal1,342.1600,321.4400,0.000000
FILLER_77_594,VSS,Metal1,340.1000,321.0910,0.000000
FILLER_77_562,VSS,Metal1,329.7240,320.8420,0.000000
FILLER_77_556,VSS,Metal1,318.8200,321.0910,0.000000
FILLER_77_492,VSS,Metal1,299.4445,320.8020,0.000000
FILLER_77_489,VSS,Metal1,280.8400,321.4400,0.000000
FILLER_77_487,VSS,Metal1,280.0000,321.4400,0.000000
FILLER_77_483,VSS,Metal1,277.9400,321.0910,0.000000
FILLER_77_451,VSS,Metal1,267.5640,320.8420,0.000000
FILLER_77_442,VSS,Metal1,254.5200,321.4400,0.000000
FILLER_77_438,VSS,Metal1,252.7400,321.0910,0.000000
FILLER_77_422,VSS,Metal1,246.9120,320.8920,0.000000
FILLER_77_416,VSS,Metal1,240.4200,321.0910,0.000000
FILLER_77_352,VSS,Metal1,221.0445,320.8020,0.000000
FILLER_77_346,VSS,Metal1,201.2200,321.0910,0.000000
FILLER_77_282,VSS,Metal1,181.8445,320.8020,0.000000
FILLER_77_279,VSS,Metal1,163.2400,321.4400,0.000000
FILLER_77_277,VSS,Metal1,162.4000,321.4400,0.000000
FILLER_77_273,VSS,Metal1,160.3400,321.0910,0.000000
FILLER_77_222,VSS,Metal1,131.3200,321.4400,0.000000
FILLER_77_220,VSS,Metal1,130.4800,321.4400,0.000000
FILLER_77_212,VSS,Metal1,127.1730,320.9780,0.000000
FILLER_77_206,VSS,Metal1,122.8200,321.0910,0.000000
FILLER_77_142,VSS,Metal1,103.4445,320.8020,0.000000
FILLER_77_138,VSS,Metal1,84.5600,321.4400,0.000000
FILLER_77_106,VSS,Metal1,74.3640,320.8420,0.000000
FILLER_77_95,VSS,Metal1,60.2000,321.4400,0.000000
FILLER_77_79,VSS,Metal1,54.8320,320.8920,0.000000
FILLER_77_72,VSS,Metal1,47.6000,321.4400,0.000000
FILLER_77_68,VSS,Metal1,45.3600,321.4400,0.000000
FILLER_77_64,VSS,Metal1,43.3000,321.0910,0.000000
FILLER_77_56,VSS,Metal1,39.8130,320.9780,0.000000
FILLER_77_40,VSS,Metal1,32.9920,320.8920,0.000000
FILLER_77_28,VSS,Metal1,22.6800,321.4400,0.000000
FILLER_77_26,VSS,Metal1,21.8400,321.4400,0.000000
FILLER_77_18,VSS,Metal1,18.5330,320.9780,0.000000
FILLER_77_2,VSS,Metal1,11.7120,320.8920,0.000000
FILLER_76_769,VSS,Metal1,439.0930,314.0615,0.000000
FILLER_76_737,VSS,Metal1,427.7240,314.1975,0.000000
FILLER_76_731,VSS,Metal1,416.8200,313.9485,0.000000
FILLER_76_667,VSS,Metal1,397.4445,314.2375,0.000000
FILLER_76_664,VSS,Metal1,378.8400,313.6000,0.000000
FILLER_76_660,VSS,Metal1,377.0600,313.9485,0.000000
FILLER_76_652,VSS,Metal1,373.5730,314.0615,0.000000
FILLER_76_617,VSS,Metal1,352.5200,313.6000,0.000000
FILLER_76_613,VSS,Metal1,350.7400,313.9485,0.000000
FILLER_76_597,VSS,Metal1,344.9120,314.1480,0.000000
FILLER_76_594,VSS,Metal1,339.6400,313.6000,0.000000
FILLER_76_586,VSS,Metal1,336.6130,314.0615,0.000000
FILLER_76_574,VSS,Metal1,328.7200,313.6000,0.000000
FILLER_76_566,VSS,Metal1,325.4130,314.0615,0.000000
FILLER_76_550,VSS,Metal1,318.5920,314.1480,0.000000
FILLER_76_537,VSS,Metal1,307.7200,313.6000,0.000000
FILLER_76_535,VSS,Metal1,306.8800,313.6000,0.000000
FILLER_76_527,VSS,Metal1,303.5730,314.0615,0.000000
FILLER_76_521,VSS,Metal1,299.2200,313.9485,0.000000
FILLER_76_513,VSS,Metal1,295.7330,314.0615,0.000000
FILLER_76_497,VSS,Metal1,288.9120,314.1480,0.000000
FILLER_76_461,VSS,Metal1,265.4400,313.6000,0.000000
FILLER_76_457,VSS,Metal1,263.3800,313.9485,0.000000
FILLER_76_433,VSS,Metal1,249.7600,313.6000,0.000000
FILLER_76_429,VSS,Metal1,247.7000,313.9485,0.000000
FILLER_76_387,VSS,Metal1,231.7240,314.1975,0.000000
FILLER_76_384,VSS,Metal1,222.0400,313.6000,0.000000
FILLER_76_382,VSS,Metal1,221.2000,313.6000,0.000000
FILLER_76_377,VSS,Metal1,218.1200,313.6000,0.000000
FILLER_76_373,VSS,Metal1,216.3400,313.9485,0.000000
FILLER_76_365,VSS,Metal1,212.8530,314.0615,0.000000
FILLER_76_349,VSS,Metal1,206.0320,314.1480,0.000000
FILLER_76_317,VSS,Metal1,192.5240,314.1975,0.000000
FILLER_76_314,VSS,Metal1,182.8400,313.6000,0.000000
FILLER_76_298,VSS,Metal1,177.4720,314.1480,0.000000
FILLER_76_263,VSS,Metal1,154.2800,313.6000,0.000000
FILLER_76_247,VSS,Metal1,148.9120,314.1480,0.000000
FILLER_76_243,VSS,Metal1,143.3600,313.6000,0.000000
FILLER_76_234,VSS,Metal1,138.5000,313.9485,0.000000
FILLER_76_226,VSS,Metal1,135.0130,314.0615,0.000000
FILLER_76_217,VSS,Metal1,128.5200,313.6000,0.000000
FILLER_76_209,VSS,Metal1,125.4930,314.0615,0.000000
FILLER_76_177,VSS,Metal1,114.1240,314.1975,0.000000
FILLER_76_171,VSS,Metal1,103.2200,313.9485,0.000000
FILLER_76_107,VSS,Metal1,83.8445,314.2375,0.000000
FILLER_76_101,VSS,Metal1,64.0200,313.9485,0.000000
FILLER_76_37,VSS,Metal1,44.6445,314.2375,0.000000
FILLER_76_34,VSS,Metal1,26.0400,313.6000,0.000000
FILLER_76_2,VSS,Metal1,16.1240,314.1975,0.000000
FILLER_75_776,VSS,Metal1,441.5600,313.6000,0.000000
FILLER_75_772,VSS,Metal1,439.7800,313.2510,0.000000
FILLER_75_769,VSS,Metal1,437.6400,313.6000,0.000000
FILLER_75_767,VSS,Metal1,436.8000,313.6000,0.000000
FILLER_75_763,VSS,Metal1,434.7400,313.2510,0.000000
FILLER_75_747,VSS,Metal1,428.9120,313.0520,0.000000
FILLER_75_715,VSS,Metal1,415.4040,313.0020,0.000000
FILLER_75_702,VSS,Metal1,401.5730,313.1380,0.000000
FILLER_75_684,VSS,Metal1,393.6320,313.0520,0.000000
FILLER_75_648,VSS,Metal1,370.1600,313.6000,0.000000
FILLER_75_632,VSS,Metal1,364.5120,313.0520,0.000000
FILLER_75_626,VSS,Metal1,358.0200,313.2510,0.000000
FILLER_75_562,VSS,Metal1,338.6445,312.9620,0.000000
FILLER_75_559,VSS,Metal1,320.0400,313.6000,0.000000
FILLER_75_555,VSS,Metal1,318.2600,313.2510,0.000000
FILLER_75_539,VSS,Metal1,308.8400,313.6000,0.000000
FILLER_75_537,VSS,Metal1,308.0000,313.6000,0.000000
FILLER_75_529,VSS,Metal1,304.6930,313.1380,0.000000
FILLER_75_494,VSS,Metal1,283.6400,313.6000,0.000000
FILLER_75_492,VSS,Metal1,282.8000,313.6000,0.000000
FILLER_75_486,VSS,Metal1,279.6200,313.2510,0.000000
FILLER_75_422,VSS,Metal1,260.2445,312.9620,0.000000
FILLER_75_419,VSS,Metal1,241.6400,313.6000,0.000000
FILLER_75_417,VSS,Metal1,240.8000,313.6000,0.000000
FILLER_75_409,VSS,Metal1,237.4930,313.1380,0.000000
FILLER_75_393,VSS,Metal1,230.6720,313.0520,0.000000
FILLER_75_363,VSS,Metal1,211.7330,313.1380,0.000000
FILLER_75_358,VSS,Metal1,207.4800,313.6000,0.000000
FILLER_75_356,VSS,Metal1,206.6400,313.6000,0.000000
FILLER_75_352,VSS,Metal1,204.5800,313.2510,0.000000
FILLER_75_349,VSS,Metal1,202.4400,313.6000,0.000000
FILLER_75_347,VSS,Metal1,201.6000,313.6000,0.000000
FILLER_75_312,VSS,Metal1,181.7200,313.6000,0.000000
FILLER_75_310,VSS,Metal1,180.8800,313.6000,0.000000
FILLER_75_306,VSS,Metal1,178.8200,313.2510,0.000000
FILLER_75_298,VSS,Metal1,175.3330,313.1380,0.000000
FILLER_75_282,VSS,Metal1,168.5120,313.0520,0.000000
FILLER_75_279,VSS,Metal1,163.2400,313.6000,0.000000
FILLER_75_275,VSS,Metal1,161.4600,313.2510,0.000000
FILLER_75_259,VSS,Metal1,155.6320,313.0520,0.000000
FILLER_75_233,VSS,Metal1,137.7600,313.6000,0.000000
FILLER_75_229,VSS,Metal1,135.7000,313.2510,0.000000
FILLER_75_209,VSS,Metal1,124.0400,313.6000,0.000000
FILLER_75_207,VSS,Metal1,123.2000,313.6000,0.000000
FILLER_75_203,VSS,Metal1,121.1400,313.2510,0.000000
FILLER_75_195,VSS,Metal1,117.6530,313.1380,0.000000
FILLER_75_163,VSS,Metal1,106.2840,313.0020,0.000000
FILLER_75_142,VSS,Metal1,86.5200,313.6000,0.000000
FILLER_75_124,VSS,Metal1,80.0320,313.0520,0.000000
FILLER_75_103,VSS,Metal1,68.2720,313.0520,0.000000
FILLER_75_85,VSS,Metal1,56.0530,313.1380,0.000000
FILLER_75_66,VSS,Metal1,44.4200,313.2510,0.000000
FILLER_75_2,VSS,Metal1,25.0445,312.9620,0.000000
FILLER_74_741,VSS,Metal1,422.2400,305.7600,0.000000
FILLER_74_737,VSS,Metal1,420.1800,306.1085,0.000000
FILLER_74_734,VSS,Metal1,418.0400,305.7600,0.000000
FILLER_74_732,VSS,Metal1,417.2000,305.7600,0.000000
FILLER_74_724,VSS,Metal1,413.8930,306.2215,0.000000
FILLER_74_687,VSS,Metal1,392.0000,305.7600,0.000000
FILLER_74_683,VSS,Metal1,389.9400,306.1085,0.000000
FILLER_74_667,VSS,Metal1,384.1120,306.3080,0.000000
FILLER_74_661,VSS,Metal1,377.6200,306.1085,0.000000
FILLER_74_597,VSS,Metal1,358.2445,306.3975,0.000000
FILLER_74_594,VSS,Metal1,339.6400,305.7600,0.000000
FILLER_74_592,VSS,Metal1,338.8000,305.7600,0.000000
FILLER_74_583,VSS,Metal1,333.4800,305.7600,0.000000
FILLER_74_579,VSS,Metal1,331.7000,306.1085,0.000000
FILLER_74_563,VSS,Metal1,325.8720,306.3080,0.000000
FILLER_74_551,VSS,Metal1,315.5600,305.7600,0.000000
FILLER_74_543,VSS,Metal1,312.5330,306.2215,0.000000
FILLER_74_527,VSS,Metal1,305.7120,306.3080,0.000000
FILLER_74_521,VSS,Metal1,299.2200,306.1085,0.000000
FILLER_74_457,VSS,Metal1,279.8445,306.3975,0.000000
FILLER_74_454,VSS,Metal1,261.2400,305.7600,0.000000
FILLER_74_452,VSS,Metal1,260.4000,305.7600,0.000000
FILLER_74_444,VSS,Metal1,257.0930,306.2215,0.000000
FILLER_74_428,VSS,Metal1,250.2720,306.3080,0.000000
FILLER_74_421,VSS,Metal1,243.0400,305.7600,0.000000
FILLER_74_399,VSS,Metal1,230.7200,305.7600,0.000000
FILLER_74_395,VSS,Metal1,228.6600,306.1085,0.000000
FILLER_74_387,VSS,Metal1,225.1730,306.2215,0.000000
FILLER_74_371,VSS,Metal1,215.0400,305.7600,0.000000
FILLER_74_333,VSS,Metal1,193.9400,306.1085,0.000000
FILLER_74_317,VSS,Metal1,188.1120,306.3080,0.000000
FILLER_74_314,VSS,Metal1,182.8400,305.7600,0.000000
FILLER_74_279,VSS,Metal1,163.2400,305.7600,0.000000
FILLER_74_247,VSS,Metal1,153.3240,306.3575,0.000000
FILLER_74_243,VSS,Metal1,143.3600,305.7600,0.000000
FILLER_74_234,VSS,Metal1,138.5000,306.1085,0.000000
FILLER_74_226,VSS,Metal1,135.0130,306.2215,0.000000
FILLER_74_219,VSS,Metal1,129.9200,305.7600,0.000000
FILLER_74_205,VSS,Metal1,122.0800,305.7600,0.000000
FILLER_74_201,VSS,Metal1,120.0200,306.1085,0.000000
FILLER_74_193,VSS,Metal1,116.5330,306.2215,0.000000
FILLER_74_177,VSS,Metal1,109.7120,306.3080,0.000000
FILLER_74_173,VSS,Metal1,104.1600,305.7600,0.000000
FILLER_74_157,VSS,Metal1,98.5120,306.3080,0.000000
FILLER_74_142,VSS,Metal1,86.8000,305.7600,0.000000
FILLER_74_138,VSS,Metal1,84.7400,306.1085,0.000000
FILLER_74_122,VSS,Metal1,78.9120,306.3080,0.000000
FILLER_74_115,VSS,Metal1,71.6800,305.7600,0.000000
FILLER_74_101,VSS,Metal1,64.0200,306.1085,0.000000
FILLER_74_37,VSS,Metal1,44.6445,306.3975,0.000000
FILLER_74_18,VSS,Metal1,17.0800,305.7600,0.000000
FILLER_74_2,VSS,Metal1,11.7120,306.3080,0.000000
FILLER_73_776,VSS,Metal1,441.5600,305.7600,0.000000
FILLER_73_772,VSS,Metal1,439.7800,305.4110,0.000000
FILLER_73_769,VSS,Metal1,437.6400,305.7600,0.000000
FILLER_73_753,VSS,Metal1,432.2720,305.2120,0.000000
FILLER_73_726,VSS,Metal1,414.0200,305.4110,0.000000
FILLER_73_718,VSS,Metal1,410.5330,305.2980,0.000000
FILLER_73_708,VSS,Metal1,403.7600,305.7600,0.000000
FILLER_73_699,VSS,Metal1,398.4400,305.7600,0.000000
FILLER_73_697,VSS,Metal1,397.6000,305.7600,0.000000
FILLER_73_692,VSS,Metal1,394.5200,305.7600,0.000000
FILLER_73_688,VSS,Metal1,392.7400,305.4110,0.000000
FILLER_73_680,VSS,Metal1,389.2530,305.2980,0.000000
FILLER_73_664,VSS,Metal1,382.4320,305.2120,0.000000
FILLER_73_632,VSS,Metal1,368.9240,305.1620,0.000000
FILLER_73_629,VSS,Metal1,359.2400,305.7600,0.000000
FILLER_73_625,VSS,Metal1,357.4600,305.4110,0.000000
FILLER_73_593,VSS,Metal1,347.0840,305.1620,0.000000
FILLER_73_584,VSS,Metal1,334.0400,305.7600,0.000000
FILLER_73_582,VSS,Metal1,333.2000,305.7600,0.000000
FILLER_73_562,VSS,Metal1,325.3120,305.2120,0.000000
FILLER_73_559,VSS,Metal1,320.0400,305.7600,0.000000
FILLER_73_557,VSS,Metal1,319.2000,305.7600,0.000000
FILLER_73_549,VSS,Metal1,315.8930,305.2980,0.000000
FILLER_73_536,VSS,Metal1,307.4400,305.7600,0.000000
FILLER_73_532,VSS,Metal1,305.3800,305.4110,0.000000
FILLER_73_524,VSS,Metal1,301.8930,305.2980,0.000000
FILLER_73_492,VSS,Metal1,290.5240,305.1620,0.000000
FILLER_73_488,VSS,Metal1,280.5600,305.7600,0.000000
FILLER_73_484,VSS,Metal1,278.5000,305.4110,0.000000
FILLER_73_476,VSS,Metal1,275.0130,305.2980,0.000000
FILLER_73_444,VSS,Metal1,263.6440,305.1620,0.000000
FILLER_73_430,VSS,Metal1,248.0800,305.7600,0.000000
FILLER_73_422,VSS,Metal1,244.7730,305.2980,0.000000
FILLER_73_416,VSS,Metal1,240.4200,305.4110,0.000000
FILLER_73_352,VSS,Metal1,221.0445,305.1220,0.000000
FILLER_73_346,VSS,Metal1,201.2200,305.4110,0.000000
FILLER_73_282,VSS,Metal1,181.8445,305.1220,0.000000
FILLER_73_278,VSS,Metal1,162.9600,305.7600,0.000000
FILLER_73_274,VSS,Metal1,160.9000,305.4110,0.000000
FILLER_73_266,VSS,Metal1,157.4130,305.2980,0.000000
FILLER_73_250,VSS,Metal1,150.5920,305.2120,0.000000
FILLER_73_218,VSS,Metal1,137.0840,305.1620,0.000000
FILLER_73_208,VSS,Metal1,123.7600,305.7600,0.000000
FILLER_73_200,VSS,Metal1,120.4530,305.2980,0.000000
FILLER_73_164,VSS,Metal1,99.1200,305.7600,0.000000
FILLER_73_160,VSS,Metal1,97.0600,305.4110,0.000000
FILLER_73_152,VSS,Metal1,93.5730,305.2980,0.000000
FILLER_73_142,VSS,Metal1,86.8000,305.7600,0.000000
FILLER_73_138,VSS,Metal1,84.5600,305.7600,0.000000
FILLER_73_130,VSS,Metal1,81.2530,305.2980,0.000000
FILLER_73_114,VSS,Metal1,74.4320,305.2120,0.000000
FILLER_73_108,VSS,Metal1,67.4800,305.7600,0.000000
FILLER_73_104,VSS,Metal1,65.7000,305.4110,0.000000
FILLER_73_72,VSS,Metal1,55.3240,305.1620,0.000000
FILLER_73_38,VSS,Metal1,36.2840,305.1620,0.000000
FILLER_73_2,VSS,Metal1,8.4000,305.7600,0.000000
FILLER_72_757,VSS,Metal1,431.3800,298.2685,0.000000
FILLER_72_749,VSS,Metal1,427.8930,298.3815,0.000000
FILLER_72_737,VSS,Metal1,420.1800,298.2685,0.000000
FILLER_72_727,VSS,Metal1,415.5730,298.3815,0.000000
FILLER_72_711,VSS,Metal1,408.7520,298.4680,0.000000
FILLER_72_699,VSS,Metal1,399.8930,298.3815,0.000000
FILLER_72_667,VSS,Metal1,388.5240,298.5175,0.000000
FILLER_72_664,VSS,Metal1,378.8400,297.9200,0.000000
FILLER_72_660,VSS,Metal1,377.0600,298.2685,0.000000
FILLER_72_652,VSS,Metal1,373.5730,298.3815,0.000000
FILLER_72_617,VSS,Metal1,352.5200,297.9200,0.000000
FILLER_72_613,VSS,Metal1,350.7400,298.2685,0.000000
FILLER_72_597,VSS,Metal1,344.9120,298.4680,0.000000
FILLER_72_593,VSS,Metal1,339.3600,297.9200,0.000000
FILLER_72_585,VSS,Metal1,336.0530,298.3815,0.000000
FILLER_72_573,VSS,Metal1,327.8800,297.9200,0.000000
FILLER_72_569,VSS,Metal1,326.1000,298.2685,0.000000
FILLER_72_561,VSS,Metal1,322.6130,298.3815,0.000000
FILLER_72_545,VSS,Metal1,315.7920,298.4680,0.000000
FILLER_72_539,VSS,Metal1,309.1200,297.9200,0.000000
FILLER_72_535,VSS,Metal1,307.0600,298.2685,0.000000
FILLER_72_527,VSS,Metal1,303.5730,298.3815,0.000000
FILLER_72_523,VSS,Metal1,300.1600,297.9200,0.000000
FILLER_72_491,VSS,Metal1,289.9640,298.5175,0.000000
FILLER_72_451,VSS,Metal1,260.0200,298.2685,0.000000
FILLER_72_387,VSS,Metal1,240.6445,298.5575,0.000000
FILLER_72_381,VSS,Metal1,220.8200,298.2685,0.000000
FILLER_72_317,VSS,Metal1,201.4445,298.5575,0.000000
FILLER_72_311,VSS,Metal1,181.6200,298.2685,0.000000
FILLER_72_247,VSS,Metal1,162.2445,298.5575,0.000000
FILLER_72_241,VSS,Metal1,142.4200,298.2685,0.000000
FILLER_72_177,VSS,Metal1,123.0445,298.5575,0.000000
FILLER_72_171,VSS,Metal1,103.2200,298.2685,0.000000
FILLER_72_163,VSS,Metal1,99.7330,298.3815,0.000000
FILLER_72_147,VSS,Metal1,92.9120,298.4680,0.000000
FILLER_72_141,VSS,Metal1,85.9600,297.9200,0.000000
FILLER_72_139,VSS,Metal1,85.1200,297.9200,0.000000
FILLER_72_107,VSS,Metal1,74.9240,298.5175,0.000000
FILLER_72_104,VSS,Metal1,65.2400,297.9200,0.000000
FILLER_72_102,VSS,Metal1,64.4000,297.9200,0.000000
FILLER_72_98,VSS,Metal1,62.3400,298.2685,0.000000
FILLER_72_90,VSS,Metal1,58.8530,298.3815,0.000000
FILLER_72_55,VSS,Metal1,37.8000,297.9200,0.000000
FILLER_72_53,VSS,Metal1,36.9600,297.9200,0.000000
FILLER_72_37,VSS,Metal1,31.3120,298.4680,0.000000
FILLER_72_26,VSS,Metal1,21.5600,297.9200,0.000000
FILLER_72_18,VSS,Metal1,18.5330,298.3815,0.000000
FILLER_72_2,VSS,Metal1,11.7120,298.4680,0.000000
FILLER_71_776,VSS,Metal1,441.5600,297.9200,0.000000
FILLER_71_772,VSS,Metal1,439.7800,297.5710,0.000000
FILLER_71_766,VSS,Metal1,436.4200,297.5710,0.000000
FILLER_71_702,VSS,Metal1,417.0445,297.2820,0.000000
FILLER_71_696,VSS,Metal1,397.2200,297.5710,0.000000
FILLER_71_688,VSS,Metal1,393.7330,297.4580,0.000000
FILLER_71_652,VSS,Metal1,372.4000,297.9200,0.000000
FILLER_71_648,VSS,Metal1,370.3400,297.5710,0.000000
FILLER_71_632,VSS,Metal1,364.5120,297.3720,0.000000
FILLER_71_626,VSS,Metal1,358.0200,297.5710,0.000000
FILLER_71_618,VSS,Metal1,354.5330,297.4580,0.000000
FILLER_71_602,VSS,Metal1,347.7120,297.3720,0.000000
FILLER_71_578,VSS,Metal1,330.6800,297.9200,0.000000
FILLER_71_562,VSS,Metal1,325.3120,297.3720,0.000000
FILLER_71_558,VSS,Metal1,319.7600,297.9200,0.000000
FILLER_71_554,VSS,Metal1,317.7000,297.5710,0.000000
FILLER_71_546,VSS,Metal1,314.2130,297.4580,0.000000
FILLER_71_530,VSS,Metal1,307.3920,297.3720,0.000000
FILLER_71_492,VSS,Metal1,282.9800,297.5710,0.000000
FILLER_71_486,VSS,Metal1,279.6200,297.5710,0.000000
FILLER_71_478,VSS,Metal1,276.1330,297.4580,0.000000
FILLER_71_462,VSS,Metal1,269.3120,297.3720,0.000000
FILLER_71_430,VSS,Metal1,255.8040,297.3220,0.000000
FILLER_71_416,VSS,Metal1,240.4200,297.5710,0.000000
FILLER_71_352,VSS,Metal1,221.0445,297.2820,0.000000
FILLER_71_346,VSS,Metal1,201.2200,297.5710,0.000000
FILLER_71_282,VSS,Metal1,181.8445,297.2820,0.000000
FILLER_71_276,VSS,Metal1,162.0200,297.5710,0.000000
FILLER_71_212,VSS,Metal1,142.6445,297.2820,0.000000
FILLER_71_206,VSS,Metal1,122.8200,297.5710,0.000000
FILLER_71_142,VSS,Metal1,103.4445,297.2820,0.000000
FILLER_71_136,VSS,Metal1,83.6200,297.5710,0.000000
FILLER_71_72,VSS,Metal1,64.2445,297.2820,0.000000
FILLER_71_66,VSS,Metal1,44.4200,297.5710,0.000000
FILLER_71_2,VSS,Metal1,25.0445,297.2820,0.000000
FILLER_70_769,VSS,Metal1,439.0930,290.5415,0.000000
FILLER_70_737,VSS,Metal1,427.7240,290.6775,0.000000
FILLER_70_731,VSS,Metal1,416.8200,290.4285,0.000000
FILLER_70_667,VSS,Metal1,397.4445,290.7175,0.000000
FILLER_70_661,VSS,Metal1,377.6200,290.4285,0.000000
FILLER_70_597,VSS,Metal1,358.2445,290.7175,0.000000
FILLER_70_591,VSS,Metal1,338.4200,290.4285,0.000000
FILLER_70_527,VSS,Metal1,319.0445,290.7175,0.000000
FILLER_70_521,VSS,Metal1,299.2200,290.4285,0.000000
FILLER_70_457,VSS,Metal1,279.8445,290.7175,0.000000
FILLER_70_451,VSS,Metal1,260.0200,290.4285,0.000000
FILLER_70_387,VSS,Metal1,240.6445,290.7175,0.000000
FILLER_70_384,VSS,Metal1,222.0400,290.0800,0.000000
FILLER_70_376,VSS,Metal1,219.0130,290.5415,0.000000
FILLER_70_360,VSS,Metal1,212.1920,290.6280,0.000000
FILLER_70_325,VSS,Metal1,189.0000,290.0800,0.000000
FILLER_70_317,VSS,Metal1,185.9730,290.5415,0.000000
FILLER_70_311,VSS,Metal1,181.6200,290.4285,0.000000
FILLER_70_247,VSS,Metal1,162.2445,290.7175,0.000000
FILLER_70_241,VSS,Metal1,142.4200,290.4285,0.000000
FILLER_70_177,VSS,Metal1,123.0445,290.7175,0.000000
FILLER_70_171,VSS,Metal1,103.2200,290.4285,0.000000
FILLER_70_107,VSS,Metal1,83.8445,290.7175,0.000000
FILLER_70_101,VSS,Metal1,64.0200,290.4285,0.000000
FILLER_70_37,VSS,Metal1,44.6445,290.7175,0.000000
FILLER_70_34,VSS,Metal1,26.0400,290.0800,0.000000
FILLER_70_2,VSS,Metal1,16.1240,290.6775,0.000000
FILLER_69_776,VSS,Metal1,441.5600,290.0800,0.000000
FILLER_69_772,VSS,Metal1,439.7800,289.7310,0.000000
FILLER_69_766,VSS,Metal1,436.4200,289.7310,0.000000
FILLER_69_702,VSS,Metal1,417.0445,289.4420,0.000000
FILLER_69_696,VSS,Metal1,397.2200,289.7310,0.000000
FILLER_69_632,VSS,Metal1,377.8445,289.4420,0.000000
FILLER_69_626,VSS,Metal1,358.0200,289.7310,0.000000
FILLER_69_562,VSS,Metal1,338.6445,289.4420,0.000000
FILLER_69_556,VSS,Metal1,318.8200,289.7310,0.000000
FILLER_69_492,VSS,Metal1,299.4445,289.4420,0.000000
FILLER_69_486,VSS,Metal1,279.6200,289.7310,0.000000
FILLER_69_422,VSS,Metal1,260.2445,289.4420,0.000000
FILLER_69_418,VSS,Metal1,241.3600,290.0800,0.000000
FILLER_69_414,VSS,Metal1,239.3000,289.7310,0.000000
FILLER_69_382,VSS,Metal1,228.9240,289.4820,0.000000
FILLER_69_368,VSS,Metal1,213.0800,290.0800,0.000000
FILLER_69_352,VSS,Metal1,207.7120,289.5320,0.000000
FILLER_69_346,VSS,Metal1,201.2200,289.7310,0.000000
FILLER_69_282,VSS,Metal1,181.8445,289.4420,0.000000
FILLER_69_276,VSS,Metal1,162.0200,289.7310,0.000000
FILLER_69_260,VSS,Metal1,156.1920,289.5320,0.000000
FILLER_69_254,VSS,Metal1,149.2400,290.0800,0.000000
FILLER_69_252,VSS,Metal1,148.4000,290.0800,0.000000
FILLER_69_244,VSS,Metal1,145.0930,289.6180,0.000000
FILLER_69_212,VSS,Metal1,133.7240,289.4820,0.000000
FILLER_69_209,VSS,Metal1,124.0400,290.0800,0.000000
FILLER_69_207,VSS,Metal1,123.2000,290.0800,0.000000
FILLER_69_198,VSS,Metal1,118.3400,289.7310,0.000000
FILLER_69_190,VSS,Metal1,114.8530,289.6180,0.000000
FILLER_69_174,VSS,Metal1,108.0320,289.5320,0.000000
FILLER_69_142,VSS,Metal1,94.5240,289.4820,0.000000
FILLER_69_136,VSS,Metal1,83.6200,289.7310,0.000000
FILLER_69_72,VSS,Metal1,64.2445,289.4420,0.000000
FILLER_69_66,VSS,Metal1,44.4200,289.7310,0.000000
FILLER_69_2,VSS,Metal1,25.0445,289.4420,0.000000
FILLER_68_760,VSS,Metal1,432.6000,282.2400,0.000000
FILLER_68_752,VSS,Metal1,429.5730,282.7015,0.000000
FILLER_68_739,VSS,Metal1,420.8400,282.2400,0.000000
FILLER_68_737,VSS,Metal1,420.0000,282.2400,0.000000
FILLER_68_731,VSS,Metal1,416.8200,282.5885,0.000000
FILLER_68_667,VSS,Metal1,397.4445,282.8775,0.000000
FILLER_68_661,VSS,Metal1,377.6200,282.5885,0.000000
FILLER_68_597,VSS,Metal1,358.2445,282.8775,0.000000
FILLER_68_591,VSS,Metal1,338.4200,282.5885,0.000000
FILLER_68_527,VSS,Metal1,319.0445,282.8775,0.000000
FILLER_68_521,VSS,Metal1,299.2200,282.5885,0.000000
FILLER_68_457,VSS,Metal1,279.8445,282.8775,0.000000
FILLER_68_439,VSS,Metal1,256.4320,282.7880,0.000000
FILLER_68_433,VSS,Metal1,249.4800,282.2400,0.000000
FILLER_68_425,VSS,Metal1,246.4530,282.7015,0.000000
FILLER_68_411,VSS,Metal1,237.6200,282.5885,0.000000
FILLER_68_403,VSS,Metal1,234.1330,282.7015,0.000000
FILLER_68_387,VSS,Metal1,227.3120,282.7880,0.000000
FILLER_68_384,VSS,Metal1,222.0400,282.2400,0.000000
FILLER_68_382,VSS,Metal1,221.2000,282.2400,0.000000
FILLER_68_378,VSS,Metal1,219.1400,282.5885,0.000000
FILLER_68_365,VSS,Metal1,212.8530,282.7015,0.000000
FILLER_68_349,VSS,Metal1,206.0320,282.7880,0.000000
FILLER_68_317,VSS,Metal1,192.5240,282.8375,0.000000
FILLER_68_267,VSS,Metal1,156.8000,282.2400,0.000000
FILLER_68_257,VSS,Metal1,151.2000,282.2400,0.000000
FILLER_68_247,VSS,Metal1,145.6000,282.2400,0.000000
FILLER_68_243,VSS,Metal1,143.3600,282.2400,0.000000
FILLER_68_239,VSS,Metal1,141.3000,282.5885,0.000000
FILLER_68_223,VSS,Metal1,135.4720,282.7880,0.000000
FILLER_68_205,VSS,Metal1,122.2600,282.5885,0.000000
FILLER_68_193,VSS,Metal1,115.5400,282.5885,0.000000
FILLER_68_177,VSS,Metal1,109.7120,282.7880,0.000000
FILLER_68_174,VSS,Metal1,104.4400,282.2400,0.000000
FILLER_68_170,VSS,Metal1,102.6600,282.5885,0.000000
FILLER_68_154,VSS,Metal1,96.8320,282.7880,0.000000
FILLER_68_122,VSS,Metal1,83.3240,282.8375,0.000000
FILLER_68_113,VSS,Metal1,70.2800,282.2400,0.000000
FILLER_68_111,VSS,Metal1,69.4400,282.2400,0.000000
FILLER_68_107,VSS,Metal1,67.3800,282.5885,0.000000
FILLER_68_104,VSS,Metal1,65.2400,282.2400,0.000000
FILLER_68_102,VSS,Metal1,64.4000,282.2400,0.000000
FILLER_68_98,VSS,Metal1,62.3400,282.5885,0.000000
FILLER_68_83,VSS,Metal1,53.4800,282.2400,0.000000
FILLER_68_81,VSS,Metal1,52.6400,282.2400,0.000000
FILLER_68_77,VSS,Metal1,50.5800,282.5885,0.000000
FILLER_68_69,VSS,Metal1,47.0930,282.7015,0.000000
FILLER_68_37,VSS,Metal1,35.7240,282.8375,0.000000
FILLER_68_34,VSS,Metal1,26.0400,282.2400,0.000000
FILLER_68_32,VSS,Metal1,25.2000,282.2400,0.000000
FILLER_68_28,VSS,Metal1,23.1400,282.5885,0.000000
FILLER_68_14,VSS,Metal1,15.1200,282.2400,0.000000
FILLER_68_10,VSS,Metal1,13.0600,282.5885,0.000000
FILLER_68_2,VSS,Metal1,9.5730,282.7015,0.000000
FILLER_67_776,VSS,Metal1,441.5600,282.2400,0.000000
FILLER_67_772,VSS,Metal1,439.7800,281.8910,0.000000
FILLER_67_769,VSS,Metal1,437.6400,282.2400,0.000000
FILLER_67_765,VSS,Metal1,435.8600,281.8910,0.000000
FILLER_67_749,VSS,Metal1,430.0320,281.6920,0.000000
FILLER_67_732,VSS,Metal1,416.9200,282.2400,0.000000
FILLER_67_730,VSS,Metal1,416.0800,282.2400,0.000000
FILLER_67_726,VSS,Metal1,414.0200,281.8910,0.000000
FILLER_67_718,VSS,Metal1,410.5330,281.7780,0.000000
FILLER_67_702,VSS,Metal1,403.7120,281.6920,0.000000
FILLER_67_696,VSS,Metal1,397.2200,281.8910,0.000000
FILLER_67_632,VSS,Metal1,377.8445,281.6020,0.000000
FILLER_67_628,VSS,Metal1,358.9600,282.2400,0.000000
FILLER_67_620,VSS,Metal1,355.6530,281.7780,0.000000
FILLER_67_615,VSS,Metal1,351.4000,282.2400,0.000000
FILLER_67_611,VSS,Metal1,349.6200,281.8910,0.000000
FILLER_67_603,VSS,Metal1,346.1330,281.7780,0.000000
FILLER_67_587,VSS,Metal1,339.3120,281.6920,0.000000
FILLER_67_582,VSS,Metal1,332.9200,282.2400,0.000000
FILLER_67_578,VSS,Metal1,331.1400,281.8910,0.000000
FILLER_67_562,VSS,Metal1,325.3120,281.6920,0.000000
FILLER_67_489,VSS,Metal1,280.8400,282.2400,0.000000
FILLER_67_485,VSS,Metal1,279.0600,281.8910,0.000000
FILLER_67_453,VSS,Metal1,268.6840,281.6420,0.000000
FILLER_67_438,VSS,Metal1,252.5600,282.2400,0.000000
FILLER_67_422,VSS,Metal1,246.9120,281.6920,0.000000
FILLER_67_418,VSS,Metal1,241.3600,282.2400,0.000000
FILLER_67_410,VSS,Metal1,238.0530,281.7780,0.000000
FILLER_67_400,VSS,Metal1,231.0000,282.2400,0.000000
FILLER_67_396,VSS,Metal1,229.2200,281.8910,0.000000
FILLER_67_388,VSS,Metal1,225.7330,281.7780,0.000000
FILLER_67_356,VSS,Metal1,214.3640,281.6420,0.000000
FILLER_67_346,VSS,Metal1,201.2200,281.8910,0.000000
FILLER_67_282,VSS,Metal1,181.8445,281.6020,0.000000
FILLER_67_279,VSS,Metal1,163.2400,282.2400,0.000000
FILLER_67_277,VSS,Metal1,162.4000,282.2400,0.000000
FILLER_67_269,VSS,Metal1,159.0930,281.7780,0.000000
FILLER_67_252,VSS,Metal1,148.5800,281.8910,0.000000
FILLER_67_244,VSS,Metal1,145.0930,281.7780,0.000000
FILLER_67_212,VSS,Metal1,133.7240,281.6420,0.000000
FILLER_67_200,VSS,Metal1,119.4600,281.8910,0.000000
FILLER_67_192,VSS,Metal1,115.9730,281.7780,0.000000
FILLER_67_142,VSS,Metal1,90.1120,281.6920,0.000000
FILLER_67_139,VSS,Metal1,84.8400,282.2400,0.000000
FILLER_67_131,VSS,Metal1,81.8130,281.7780,0.000000
FILLER_67_115,VSS,Metal1,74.9920,281.6920,0.000000
FILLER_67_110,VSS,Metal1,68.6000,282.2400,0.000000
FILLER_67_108,VSS,Metal1,67.7600,282.2400,0.000000
FILLER_67_92,VSS,Metal1,62.1120,281.6920,0.000000
FILLER_67_86,VSS,Metal1,55.1600,282.2400,0.000000
FILLER_67_84,VSS,Metal1,54.3200,282.2400,0.000000
FILLER_67_80,VSS,Metal1,52.2600,281.8910,0.000000
FILLER_67_72,VSS,Metal1,48.7730,281.7780,0.000000
FILLER_67_66,VSS,Metal1,44.4200,281.8910,0.000000
FILLER_67_58,VSS,Metal1,40.9330,281.7780,0.000000
FILLER_67_42,VSS,Metal1,34.1120,281.6920,0.000000
FILLER_67_6,VSS,Metal1,10.6400,282.2400,0.000000
FILLER_67_2,VSS,Metal1,8.5800,281.8910,0.000000
FILLER_66_741,VSS,Metal1,422.2400,274.4000,0.000000
FILLER_66_737,VSS,Metal1,420.1800,274.7485,0.000000
FILLER_66_727,VSS,Metal1,415.5730,274.8615,0.000000
FILLER_66_679,VSS,Metal1,387.2400,274.4000,0.000000
FILLER_66_675,VSS,Metal1,385.4600,274.7485,0.000000
FILLER_66_667,VSS,Metal1,381.9730,274.8615,0.000000
FILLER_66_657,VSS,Metal1,376.3730,274.8615,0.000000
FILLER_66_641,VSS,Metal1,369.5520,274.9480,0.000000
FILLER_66_611,VSS,Metal1,349.1600,274.4000,0.000000
FILLER_66_609,VSS,Metal1,348.3200,274.4000,0.000000
FILLER_66_605,VSS,Metal1,346.2600,274.7485,0.000000
FILLER_66_597,VSS,Metal1,342.7730,274.8615,0.000000
FILLER_66_594,VSS,Metal1,339.6400,274.4000,0.000000
FILLER_66_590,VSS,Metal1,337.8600,274.7485,0.000000
FILLER_66_575,VSS,Metal1,329.4600,274.7485,0.000000
FILLER_66_559,VSS,Metal1,323.6320,274.9480,0.000000
FILLER_66_527,VSS,Metal1,310.1240,274.9975,0.000000
FILLER_66_524,VSS,Metal1,300.4400,274.4000,0.000000
FILLER_66_520,VSS,Metal1,298.6600,274.7485,0.000000
FILLER_66_512,VSS,Metal1,295.1730,274.8615,0.000000
FILLER_66_480,VSS,Metal1,283.8040,274.9975,0.000000
FILLER_66_467,VSS,Metal1,268.5200,274.4000,0.000000
FILLER_66_463,VSS,Metal1,266.7400,274.7485,0.000000
FILLER_66_457,VSS,Metal1,263.2000,274.4000,0.000000
FILLER_66_451,VSS,Metal1,260.0200,274.7485,0.000000
FILLER_66_387,VSS,Metal1,240.6445,275.0375,0.000000
FILLER_66_384,VSS,Metal1,222.0400,274.4000,0.000000
FILLER_66_380,VSS,Metal1,220.2600,274.7485,0.000000
FILLER_66_364,VSS,Metal1,214.4320,274.9480,0.000000
FILLER_66_353,VSS,Metal1,204.6800,274.4000,0.000000
FILLER_66_351,VSS,Metal1,203.8400,274.4000,0.000000
FILLER_66_314,VSS,Metal1,182.8400,274.4000,0.000000
FILLER_66_310,VSS,Metal1,181.0600,274.7485,0.000000
FILLER_66_294,VSS,Metal1,175.2320,274.9480,0.000000
FILLER_66_262,VSS,Metal1,161.7240,274.9975,0.000000
FILLER_66_255,VSS,Metal1,150.0800,274.4000,0.000000
FILLER_66_247,VSS,Metal1,146.7730,274.8615,0.000000
FILLER_66_239,VSS,Metal1,140.8400,274.4000,0.000000
FILLER_66_237,VSS,Metal1,140.0000,274.4000,0.000000
FILLER_66_233,VSS,Metal1,137.9400,274.7485,0.000000
FILLER_66_225,VSS,Metal1,134.4530,274.8615,0.000000
FILLER_66_209,VSS,Metal1,127.6320,274.9480,0.000000
FILLER_66_177,VSS,Metal1,114.1240,274.9975,0.000000
FILLER_66_171,VSS,Metal1,103.2200,274.7485,0.000000
FILLER_66_135,VSS,Metal1,82.8800,274.4000,0.000000
FILLER_66_131,VSS,Metal1,80.8200,274.7485,0.000000
FILLER_66_123,VSS,Metal1,77.3330,274.8615,0.000000
FILLER_66_107,VSS,Metal1,70.5120,274.9480,0.000000
FILLER_66_104,VSS,Metal1,65.2400,274.4000,0.000000
FILLER_66_88,VSS,Metal1,59.8720,274.9480,0.000000
FILLER_66_41,VSS,Metal1,29.9600,274.4000,0.000000
FILLER_66_37,VSS,Metal1,28.1800,274.7485,0.000000
FILLER_66_34,VSS,Metal1,26.0400,274.4000,0.000000
FILLER_66_2,VSS,Metal1,16.1240,274.9975,0.000000
FILLER_65_776,VSS,Metal1,441.5600,274.4000,0.000000
FILLER_65_772,VSS,Metal1,439.7800,274.0510,0.000000
FILLER_65_769,VSS,Metal1,437.6400,274.4000,0.000000
FILLER_65_767,VSS,Metal1,436.8000,274.4000,0.000000
FILLER_65_759,VSS,Metal1,433.4930,273.9380,0.000000
FILLER_65_743,VSS,Metal1,426.6720,273.8520,0.000000
FILLER_65_711,VSS,Metal1,413.1640,273.8020,0.000000
FILLER_65_706,VSS,Metal1,402.3600,274.4000,0.000000
FILLER_65_702,VSS,Metal1,400.5800,274.0510,0.000000
FILLER_65_698,VSS,Metal1,398.1600,274.4000,0.000000
FILLER_65_682,VSS,Metal1,392.5120,273.8520,0.000000
FILLER_65_632,VSS,Metal1,364.5120,273.8520,0.000000
FILLER_65_628,VSS,Metal1,358.9600,274.4000,0.000000
FILLER_65_620,VSS,Metal1,355.6530,273.9380,0.000000
FILLER_65_614,VSS,Metal1,350.8400,274.4000,0.000000
FILLER_65_610,VSS,Metal1,349.0600,274.0510,0.000000
FILLER_65_594,VSS,Metal1,343.2320,273.8520,0.000000
FILLER_65_562,VSS,Metal1,329.7240,273.8020,0.000000
FILLER_65_556,VSS,Metal1,318.8200,274.0510,0.000000
FILLER_65_492,VSS,Metal1,299.4445,273.7620,0.000000
FILLER_65_488,VSS,Metal1,280.5600,274.4000,0.000000
FILLER_65_484,VSS,Metal1,278.5000,274.0510,0.000000
FILLER_65_468,VSS,Metal1,272.6720,273.8520,0.000000
FILLER_65_450,VSS,Metal1,259.2800,274.4000,0.000000
FILLER_65_446,VSS,Metal1,257.2200,274.0510,0.000000
FILLER_65_438,VSS,Metal1,253.7330,273.9380,0.000000
FILLER_65_422,VSS,Metal1,246.9120,273.8520,0.000000
FILLER_65_419,VSS,Metal1,241.6400,274.4000,0.000000
FILLER_65_415,VSS,Metal1,239.8600,274.0510,0.000000
FILLER_65_399,VSS,Metal1,234.0320,273.8520,0.000000
FILLER_65_378,VSS,Metal1,218.6800,274.4000,0.000000
FILLER_65_376,VSS,Metal1,217.8400,274.4000,0.000000
FILLER_65_372,VSS,Metal1,215.7800,274.0510,0.000000
FILLER_65_356,VSS,Metal1,209.9520,273.8520,0.000000
FILLER_65_346,VSS,Metal1,201.2200,274.0510,0.000000
FILLER_65_282,VSS,Metal1,181.8445,273.7620,0.000000
FILLER_65_279,VSS,Metal1,163.2400,274.4000,0.000000
FILLER_65_271,VSS,Metal1,160.2130,273.9380,0.000000
FILLER_65_255,VSS,Metal1,153.3920,273.8520,0.000000
FILLER_65_245,VSS,Metal1,144.4800,274.4000,0.000000
FILLER_65_237,VSS,Metal1,141.1730,273.9380,0.000000
FILLER_65_221,VSS,Metal1,134.3520,273.8520,0.000000
FILLER_65_206,VSS,Metal1,122.8200,274.0510,0.000000
FILLER_65_142,VSS,Metal1,103.4445,273.7620,0.000000
FILLER_65_138,VSS,Metal1,84.5600,274.4000,0.000000
FILLER_65_121,VSS,Metal1,75.2200,274.0510,0.000000
FILLER_65_105,VSS,Metal1,69.3920,273.8520,0.000000
FILLER_65_84,VSS,Metal1,57.6320,273.8520,0.000000
FILLER_65_66,VSS,Metal1,44.4200,274.0510,0.000000
FILLER_65_2,VSS,Metal1,25.0445,273.7620,0.000000
FILLER_64_769,VSS,Metal1,439.0930,267.0215,0.000000
FILLER_64_737,VSS,Metal1,427.7240,267.1575,0.000000
FILLER_64_733,VSS,Metal1,417.7600,266.5600,0.000000
FILLER_64_725,VSS,Metal1,414.4530,267.0215,0.000000
FILLER_64_718,VSS,Metal1,409.3600,266.5600,0.000000
FILLER_64_711,VSS,Metal1,405.4400,266.5600,0.000000
FILLER_64_707,VSS,Metal1,403.3800,266.9085,0.000000
FILLER_64_699,VSS,Metal1,399.8930,267.0215,0.000000
FILLER_64_667,VSS,Metal1,388.5240,267.1575,0.000000
FILLER_64_661,VSS,Metal1,377.6200,266.9085,0.000000
FILLER_64_597,VSS,Metal1,358.2445,267.1975,0.000000
FILLER_64_587,VSS,Metal1,337.1730,267.0215,0.000000
FILLER_64_575,VSS,Metal1,329.0000,266.5600,0.000000
FILLER_64_559,VSS,Metal1,323.6320,267.1080,0.000000
FILLER_64_527,VSS,Metal1,310.1240,267.1575,0.000000
FILLER_64_523,VSS,Metal1,300.1600,266.5600,0.000000
FILLER_64_507,VSS,Metal1,294.5120,267.1080,0.000000
FILLER_64_475,VSS,Metal1,281.0040,267.1575,0.000000
FILLER_64_465,VSS,Metal1,267.8600,266.9085,0.000000
FILLER_64_451,VSS,Metal1,260.0200,266.9085,0.000000
FILLER_64_419,VSS,Metal1,249.6440,267.1575,0.000000
FILLER_64_407,VSS,Metal1,235.3800,266.9085,0.000000
FILLER_64_399,VSS,Metal1,231.8930,267.0215,0.000000
FILLER_64_387,VSS,Metal1,224.1800,266.9085,0.000000
FILLER_64_381,VSS,Metal1,220.8200,266.9085,0.000000
FILLER_64_317,VSS,Metal1,201.4445,267.1975,0.000000
FILLER_64_311,VSS,Metal1,181.6200,266.9085,0.000000
FILLER_64_247,VSS,Metal1,162.2445,267.1975,0.000000
FILLER_64_241,VSS,Metal1,142.4200,266.9085,0.000000
FILLER_64_233,VSS,Metal1,138.9330,267.0215,0.000000
FILLER_64_217,VSS,Metal1,132.1120,267.1080,0.000000
FILLER_64_205,VSS,Metal1,121.8000,266.5600,0.000000
FILLER_64_201,VSS,Metal1,120.0200,266.9085,0.000000
FILLER_64_193,VSS,Metal1,116.5330,267.0215,0.000000
FILLER_64_177,VSS,Metal1,109.7120,267.1080,0.000000
FILLER_64_171,VSS,Metal1,103.2200,266.9085,0.000000
FILLER_64_107,VSS,Metal1,83.8445,267.1975,0.000000
FILLER_64_81,VSS,Metal1,52.6400,266.5600,0.000000
FILLER_64_77,VSS,Metal1,50.5800,266.9085,0.000000
FILLER_64_69,VSS,Metal1,47.0930,267.0215,0.000000
FILLER_64_37,VSS,Metal1,35.7240,267.1575,0.000000
FILLER_64_34,VSS,Metal1,26.0400,266.5600,0.000000
FILLER_64_2,VSS,Metal1,16.1240,267.1575,0.000000
FILLER_63_776,VSS,Metal1,441.5600,266.5600,0.000000
FILLER_63_772,VSS,Metal1,439.7800,266.2110,0.000000
FILLER_63_769,VSS,Metal1,437.6400,266.5600,0.000000
FILLER_63_767,VSS,Metal1,436.8000,266.5600,0.000000
FILLER_63_751,VSS,Metal1,431.1520,266.0120,0.000000
FILLER_63_719,VSS,Metal1,417.6440,265.9620,0.000000
FILLER_63_708,VSS,Metal1,403.4800,266.5600,0.000000
FILLER_63_706,VSS,Metal1,402.6400,266.5600,0.000000
FILLER_63_702,VSS,Metal1,400.5800,266.2110,0.000000
FILLER_63_696,VSS,Metal1,397.2200,266.2110,0.000000
FILLER_63_688,VSS,Metal1,393.7330,266.0980,0.000000
FILLER_63_672,VSS,Metal1,386.9120,266.0120,0.000000
FILLER_63_640,VSS,Metal1,373.4040,265.9620,0.000000
FILLER_63_634,VSS,Metal1,362.0400,266.5600,0.000000
FILLER_63_632,VSS,Metal1,361.2000,266.5600,0.000000
FILLER_63_619,VSS,Metal1,353.6400,266.5600,0.000000
FILLER_63_617,VSS,Metal1,352.8000,266.5600,0.000000
FILLER_63_585,VSS,Metal1,342.6040,265.9620,0.000000
FILLER_63_575,VSS,Metal1,329.0000,266.5600,0.000000
FILLER_63_567,VSS,Metal1,325.9730,266.0980,0.000000
FILLER_63_556,VSS,Metal1,318.8200,266.2110,0.000000
FILLER_63_492,VSS,Metal1,299.4445,265.9220,0.000000
FILLER_63_486,VSS,Metal1,279.6200,266.2110,0.000000
FILLER_63_422,VSS,Metal1,260.2445,265.9220,0.000000
FILLER_63_410,VSS,Metal1,236.6000,266.5600,0.000000
FILLER_63_408,VSS,Metal1,235.7600,266.5600,0.000000
FILLER_63_400,VSS,Metal1,232.4530,266.0980,0.000000
FILLER_63_384,VSS,Metal1,225.6320,266.0120,0.000000
FILLER_63_352,VSS,Metal1,212.1240,265.9620,0.000000
FILLER_63_346,VSS,Metal1,201.2200,266.2110,0.000000
FILLER_63_282,VSS,Metal1,181.8445,265.9220,0.000000
FILLER_63_276,VSS,Metal1,162.0200,266.2110,0.000000
FILLER_63_260,VSS,Metal1,156.1920,266.0120,0.000000
FILLER_63_228,VSS,Metal1,142.6840,265.9620,0.000000
FILLER_63_216,VSS,Metal1,128.2400,266.5600,0.000000
FILLER_63_212,VSS,Metal1,126.1800,266.2110,0.000000
FILLER_63_206,VSS,Metal1,122.8200,266.2110,0.000000
FILLER_63_142,VSS,Metal1,103.4445,265.9220,0.000000
FILLER_63_136,VSS,Metal1,83.6200,266.2110,0.000000
FILLER_63_72,VSS,Metal1,64.2445,265.9220,0.000000
FILLER_63_69,VSS,Metal1,45.6400,266.5600,0.000000
FILLER_63_67,VSS,Metal1,44.8000,266.5600,0.000000
FILLER_63_63,VSS,Metal1,42.7400,266.2110,0.000000
FILLER_63_55,VSS,Metal1,39.2530,266.0980,0.000000
FILLER_63_39,VSS,Metal1,32.4320,266.0120,0.000000
FILLER_63_4,VSS,Metal1,9.2400,266.5600,0.000000
FILLER_63_2,VSS,Metal1,8.4000,266.5600,0.000000
FILLER_62_753,VSS,Metal1,430.1330,259.1815,0.000000
FILLER_62_737,VSS,Metal1,423.3120,259.2680,0.000000
FILLER_62_731,VSS,Metal1,416.8200,259.0685,0.000000
FILLER_62_667,VSS,Metal1,397.4445,259.3575,0.000000
FILLER_62_664,VSS,Metal1,378.8400,258.7200,0.000000
FILLER_62_656,VSS,Metal1,375.8130,259.1815,0.000000
FILLER_62_624,VSS,Metal1,364.4440,259.3175,0.000000
FILLER_62_617,VSS,Metal1,352.5200,258.7200,0.000000
FILLER_62_613,VSS,Metal1,350.7400,259.0685,0.000000
FILLER_62_597,VSS,Metal1,344.9120,259.2680,0.000000
FILLER_62_591,VSS,Metal1,338.4200,259.0685,0.000000
FILLER_62_583,VSS,Metal1,334.9330,259.1815,0.000000
FILLER_62_567,VSS,Metal1,328.1120,259.2680,0.000000
FILLER_62_551,VSS,Metal1,315.5600,258.7200,0.000000
FILLER_62_543,VSS,Metal1,312.5330,259.1815,0.000000
FILLER_62_527,VSS,Metal1,305.7120,259.2680,0.000000
FILLER_62_517,VSS,Metal1,297.9730,259.1815,0.000000
FILLER_62_481,VSS,Metal1,276.6400,258.7200,0.000000
FILLER_62_473,VSS,Metal1,273.3330,259.1815,0.000000
FILLER_62_457,VSS,Metal1,266.5120,259.2680,0.000000
FILLER_62_447,VSS,Metal1,258.7730,259.1815,0.000000
FILLER_62_435,VSS,Metal1,251.0600,259.0685,0.000000
FILLER_62_419,VSS,Metal1,245.2320,259.2680,0.000000
FILLER_62_387,VSS,Metal1,231.7240,259.3175,0.000000
FILLER_62_381,VSS,Metal1,220.8200,259.0685,0.000000
FILLER_62_317,VSS,Metal1,201.4445,259.3575,0.000000
FILLER_62_311,VSS,Metal1,181.6200,259.0685,0.000000
FILLER_62_247,VSS,Metal1,162.2445,259.3575,0.000000
FILLER_62_243,VSS,Metal1,143.3600,258.7200,0.000000
FILLER_62_235,VSS,Metal1,140.0530,259.1815,0.000000
FILLER_62_219,VSS,Metal1,133.2320,259.2680,0.000000
FILLER_62_209,VSS,Metal1,124.3200,258.7200,0.000000
FILLER_62_177,VSS,Metal1,114.1240,259.3175,0.000000
FILLER_62_173,VSS,Metal1,104.1600,258.7200,0.000000
FILLER_62_165,VSS,Metal1,100.8530,259.1815,0.000000
FILLER_62_133,VSS,Metal1,89.4840,259.3175,0.000000
FILLER_62_111,VSS,Metal1,69.4400,258.7200,0.000000
FILLER_62_107,VSS,Metal1,67.3800,259.0685,0.000000
FILLER_62_101,VSS,Metal1,64.0200,259.0685,0.000000
FILLER_62_37,VSS,Metal1,44.6445,259.3575,0.000000
FILLER_62_34,VSS,Metal1,26.0400,258.7200,0.000000
FILLER_62_2,VSS,Metal1,16.1240,259.3175,0.000000
FILLER_61_776,VSS,Metal1,441.5600,258.7200,0.000000
FILLER_61_772,VSS,Metal1,439.7800,258.3710,0.000000
FILLER_61_768,VSS,Metal1,437.3600,258.7200,0.000000
FILLER_61_752,VSS,Metal1,431.7120,258.1720,0.000000
FILLER_61_738,VSS,Metal1,420.2800,258.7200,0.000000
FILLER_61_734,VSS,Metal1,418.5000,258.3710,0.000000
FILLER_61_702,VSS,Metal1,408.1240,258.1220,0.000000
FILLER_61_696,VSS,Metal1,397.2200,258.3710,0.000000
FILLER_61_632,VSS,Metal1,377.8445,258.0820,0.000000
FILLER_61_628,VSS,Metal1,358.9600,258.7200,0.000000
FILLER_61_617,VSS,Metal1,352.5200,258.7200,0.000000
FILLER_61_609,VSS,Metal1,349.4930,258.2580,0.000000
FILLER_61_593,VSS,Metal1,342.6720,258.1720,0.000000
FILLER_61_584,VSS,Metal1,334.0400,258.7200,0.000000
FILLER_61_568,VSS,Metal1,328.6720,258.1720,0.000000
FILLER_61_555,VSS,Metal1,317.8000,258.7200,0.000000
FILLER_61_553,VSS,Metal1,316.9600,258.7200,0.000000
FILLER_61_549,VSS,Metal1,314.9000,258.3710,0.000000
FILLER_61_514,VSS,Metal1,294.8400,258.7200,0.000000
FILLER_61_512,VSS,Metal1,294.0000,258.7200,0.000000
FILLER_61_508,VSS,Metal1,291.9400,258.3710,0.000000
FILLER_61_492,VSS,Metal1,286.1120,258.1720,0.000000
FILLER_61_488,VSS,Metal1,280.5600,258.7200,0.000000
FILLER_61_480,VSS,Metal1,277.2530,258.2580,0.000000
FILLER_61_464,VSS,Metal1,270.4320,258.1720,0.000000
FILLER_61_432,VSS,Metal1,256.9240,258.1220,0.000000
FILLER_61_422,VSS,Metal1,243.6000,258.7200,0.000000
FILLER_61_416,VSS,Metal1,240.4200,258.3710,0.000000
FILLER_61_352,VSS,Metal1,221.0445,258.0820,0.000000
FILLER_61_346,VSS,Metal1,201.2200,258.3710,0.000000
FILLER_61_338,VSS,Metal1,197.7330,258.2580,0.000000
FILLER_61_322,VSS,Metal1,190.9120,258.1720,0.000000
FILLER_61_290,VSS,Metal1,177.4040,258.1220,0.000000
FILLER_61_278,VSS,Metal1,162.9600,258.7200,0.000000
FILLER_61_274,VSS,Metal1,160.9000,258.3710,0.000000
FILLER_61_266,VSS,Metal1,157.4130,258.2580,0.000000
FILLER_61_260,VSS,Metal1,152.6000,258.7200,0.000000
FILLER_61_244,VSS,Metal1,147.2320,258.1720,0.000000
FILLER_61_212,VSS,Metal1,133.7240,258.1220,0.000000
FILLER_61_209,VSS,Metal1,124.0400,258.7200,0.000000
FILLER_61_205,VSS,Metal1,122.2600,258.3710,0.000000
FILLER_61_197,VSS,Metal1,118.7730,258.2580,0.000000
FILLER_61_162,VSS,Metal1,97.7200,258.7200,0.000000
FILLER_61_158,VSS,Metal1,95.9400,258.3710,0.000000
FILLER_61_142,VSS,Metal1,90.1120,258.1720,0.000000
FILLER_61_138,VSS,Metal1,84.5600,258.7200,0.000000
FILLER_61_134,VSS,Metal1,82.5000,258.3710,0.000000
FILLER_61_126,VSS,Metal1,79.0130,258.2580,0.000000
FILLER_61_116,VSS,Metal1,72.2400,258.7200,0.000000
FILLER_61_112,VSS,Metal1,70.1800,258.3710,0.000000
FILLER_61_104,VSS,Metal1,66.6930,258.2580,0.000000
FILLER_61_72,VSS,Metal1,55.3240,258.1220,0.000000
FILLER_61_66,VSS,Metal1,44.4200,258.3710,0.000000
FILLER_61_2,VSS,Metal1,25.0445,258.0820,0.000000
FILLER_60_741,VSS,Metal1,422.2400,250.8800,0.000000
FILLER_60_737,VSS,Metal1,420.1800,251.2285,0.000000
FILLER_60_733,VSS,Metal1,417.7600,250.8800,0.000000
FILLER_60_729,VSS,Metal1,415.7000,251.2285,0.000000
FILLER_60_721,VSS,Metal1,412.2130,251.3415,0.000000
FILLER_60_714,VSS,Metal1,406.8400,250.8800,0.000000
FILLER_60_712,VSS,Metal1,406.0000,250.8800,0.000000
FILLER_60_673,VSS,Metal1,383.8800,250.8800,0.000000
FILLER_60_671,VSS,Metal1,383.0400,250.8800,0.000000
FILLER_60_667,VSS,Metal1,380.9800,251.2285,0.000000
FILLER_60_661,VSS,Metal1,377.6200,251.2285,0.000000
FILLER_60_629,VSS,Metal1,367.2440,251.4775,0.000000
FILLER_60_617,VSS,Metal1,352.8000,250.8800,0.000000
FILLER_60_613,VSS,Metal1,350.7400,251.2285,0.000000
FILLER_60_597,VSS,Metal1,344.9120,251.4280,0.000000
FILLER_60_591,VSS,Metal1,338.4200,251.2285,0.000000
FILLER_60_527,VSS,Metal1,319.0445,251.5175,0.000000
FILLER_60_521,VSS,Metal1,299.2200,251.2285,0.000000
FILLER_60_457,VSS,Metal1,279.8445,251.5175,0.000000
FILLER_60_451,VSS,Metal1,260.0200,251.2285,0.000000
FILLER_60_387,VSS,Metal1,240.6445,251.5175,0.000000
FILLER_60_383,VSS,Metal1,221.7600,250.8800,0.000000
FILLER_60_375,VSS,Metal1,218.4530,251.3415,0.000000
FILLER_60_369,VSS,Metal1,213.6400,250.8800,0.000000
FILLER_60_361,VSS,Metal1,210.6130,251.3415,0.000000
FILLER_60_325,VSS,Metal1,189.2800,250.8800,0.000000
FILLER_60_317,VSS,Metal1,185.9730,251.3415,0.000000
FILLER_60_291,VSS,Metal1,169.9600,250.8800,0.000000
FILLER_60_287,VSS,Metal1,168.1800,251.2285,0.000000
FILLER_60_281,VSS,Metal1,164.3600,250.8800,0.000000
FILLER_60_279,VSS,Metal1,163.5200,250.8800,0.000000
FILLER_60_271,VSS,Metal1,160.2130,251.3415,0.000000
FILLER_60_247,VSS,Metal1,148.9120,251.4280,0.000000
FILLER_60_241,VSS,Metal1,142.4200,251.2285,0.000000
FILLER_60_225,VSS,Metal1,136.5920,251.4280,0.000000
FILLER_60_209,VSS,Metal1,125.4930,251.3415,0.000000
FILLER_60_177,VSS,Metal1,114.1240,251.4775,0.000000
FILLER_60_171,VSS,Metal1,103.2200,251.2285,0.000000
FILLER_60_139,VSS,Metal1,86.2930,251.3415,0.000000
FILLER_60_107,VSS,Metal1,74.9240,251.4775,0.000000
FILLER_60_101,VSS,Metal1,64.0200,251.2285,0.000000
FILLER_60_37,VSS,Metal1,44.6445,251.5175,0.000000
FILLER_60_34,VSS,Metal1,26.0400,250.8800,0.000000
FILLER_60_30,VSS,Metal1,24.2600,251.2285,0.000000
FILLER_60_10,VSS,Metal1,13.0600,251.2285,0.000000
FILLER_60_2,VSS,Metal1,9.5730,251.3415,0.000000
FILLER_59_776,VSS,Metal1,441.5600,250.8800,0.000000
FILLER_59_772,VSS,Metal1,439.7800,250.5310,0.000000
FILLER_59_769,VSS,Metal1,437.6400,250.8800,0.000000
FILLER_59_761,VSS,Metal1,434.6130,250.4180,0.000000
FILLER_59_745,VSS,Metal1,427.7920,250.3320,0.000000
FILLER_59_733,VSS,Metal1,417.9400,250.5310,0.000000
FILLER_59_717,VSS,Metal1,412.1120,250.3320,0.000000
FILLER_59_702,VSS,Metal1,400.4000,250.8800,0.000000
FILLER_59_696,VSS,Metal1,397.2200,250.5310,0.000000
FILLER_59_680,VSS,Metal1,391.3920,250.3320,0.000000
FILLER_59_644,VSS,Metal1,367.9200,250.8800,0.000000
FILLER_59_640,VSS,Metal1,365.8600,250.5310,0.000000
FILLER_59_632,VSS,Metal1,362.3730,250.4180,0.000000
FILLER_59_618,VSS,Metal1,353.5400,250.5310,0.000000
FILLER_59_610,VSS,Metal1,350.0530,250.4180,0.000000
FILLER_59_594,VSS,Metal1,343.2320,250.3320,0.000000
FILLER_59_562,VSS,Metal1,329.7240,250.2820,0.000000
FILLER_59_556,VSS,Metal1,318.8200,250.5310,0.000000
FILLER_59_492,VSS,Metal1,299.4445,250.2420,0.000000
FILLER_59_486,VSS,Metal1,279.6200,250.5310,0.000000
FILLER_59_422,VSS,Metal1,260.2445,250.2420,0.000000
FILLER_59_404,VSS,Metal1,236.8320,250.3320,0.000000
FILLER_59_372,VSS,Metal1,223.3240,250.2820,0.000000
FILLER_59_362,VSS,Metal1,209.7200,250.8800,0.000000
FILLER_59_360,VSS,Metal1,208.8800,250.8800,0.000000
FILLER_59_352,VSS,Metal1,205.5730,250.4180,0.000000
FILLER_59_349,VSS,Metal1,202.4400,250.8800,0.000000
FILLER_59_347,VSS,Metal1,201.6000,250.8800,0.000000
FILLER_59_343,VSS,Metal1,199.5400,250.5310,0.000000
FILLER_59_308,VSS,Metal1,179.4800,250.8800,0.000000
FILLER_59_306,VSS,Metal1,178.6400,250.8800,0.000000
FILLER_59_298,VSS,Metal1,175.3330,250.4180,0.000000
FILLER_59_282,VSS,Metal1,168.5120,250.3320,0.000000
FILLER_59_260,VSS,Metal1,152.6000,250.8800,0.000000
FILLER_59_244,VSS,Metal1,147.2320,250.3320,0.000000
FILLER_59_212,VSS,Metal1,133.7240,250.2820,0.000000
FILLER_59_194,VSS,Metal1,119.2320,250.3320,0.000000
FILLER_59_162,VSS,Metal1,105.7240,250.2820,0.000000
FILLER_59_150,VSS,Metal1,91.4600,250.5310,0.000000
FILLER_59_142,VSS,Metal1,87.9730,250.4180,0.000000
FILLER_59_139,VSS,Metal1,84.8400,250.8800,0.000000
FILLER_59_137,VSS,Metal1,84.0000,250.8800,0.000000
FILLER_59_133,VSS,Metal1,81.9400,250.5310,0.000000
FILLER_59_125,VSS,Metal1,78.4530,250.4180,0.000000
FILLER_59_104,VSS,Metal1,68.8320,250.3320,0.000000
FILLER_59_72,VSS,Metal1,55.3240,250.2820,0.000000
FILLER_59_68,VSS,Metal1,45.3600,250.8800,0.000000
FILLER_59_60,VSS,Metal1,42.0530,250.4180,0.000000
FILLER_59_33,VSS,Metal1,29.0720,250.3320,0.000000
FILLER_59_24,VSS,Metal1,20.4400,250.8800,0.000000
FILLER_59_22,VSS,Metal1,19.6000,250.8800,0.000000
FILLER_59_18,VSS,Metal1,17.5400,250.5310,0.000000
FILLER_59_2,VSS,Metal1,11.7120,250.3320,0.000000
FILLER_58_769,VSS,Metal1,439.0930,243.5015,0.000000
FILLER_58_737,VSS,Metal1,427.7240,243.6375,0.000000
FILLER_58_731,VSS,Metal1,416.8200,243.3885,0.000000
FILLER_58_667,VSS,Metal1,397.4445,243.6775,0.000000
FILLER_58_661,VSS,Metal1,377.6200,243.3885,0.000000
FILLER_58_597,VSS,Metal1,358.2445,243.6775,0.000000
FILLER_58_594,VSS,Metal1,339.6400,243.0400,0.000000
FILLER_58_590,VSS,Metal1,337.8600,243.3885,0.000000
FILLER_58_581,VSS,Metal1,332.3600,243.0400,0.000000
FILLER_58_579,VSS,Metal1,331.5200,243.0400,0.000000
FILLER_58_575,VSS,Metal1,329.4600,243.3885,0.000000
FILLER_58_559,VSS,Metal1,323.6320,243.5880,0.000000
FILLER_58_527,VSS,Metal1,310.1240,243.6375,0.000000
FILLER_58_521,VSS,Metal1,299.2200,243.3885,0.000000
FILLER_58_457,VSS,Metal1,279.8445,243.6775,0.000000
FILLER_58_454,VSS,Metal1,261.2400,243.0400,0.000000
FILLER_58_446,VSS,Metal1,258.2130,243.5015,0.000000
FILLER_58_439,VSS,Metal1,252.8400,243.0400,0.000000
FILLER_58_431,VSS,Metal1,249.8130,243.5015,0.000000
FILLER_58_425,VSS,Metal1,245.0000,243.0400,0.000000
FILLER_58_423,VSS,Metal1,244.1600,243.0400,0.000000
FILLER_58_419,VSS,Metal1,242.1000,243.3885,0.000000
FILLER_58_387,VSS,Metal1,231.7240,243.6375,0.000000
FILLER_58_321,VSS,Metal1,203.6845,243.6775,0.000000
FILLER_58_314,VSS,Metal1,182.8400,243.0400,0.000000
FILLER_58_312,VSS,Metal1,182.0000,243.0400,0.000000
FILLER_58_308,VSS,Metal1,179.9400,243.3885,0.000000
FILLER_58_276,VSS,Metal1,169.5640,243.6375,0.000000
FILLER_58_263,VSS,Metal1,155.7330,243.5015,0.000000
FILLER_58_247,VSS,Metal1,148.9120,243.5880,0.000000
FILLER_58_241,VSS,Metal1,142.4200,243.3885,0.000000
FILLER_58_225,VSS,Metal1,136.5920,243.5880,0.000000
FILLER_58_211,VSS,Metal1,125.1600,243.0400,0.000000
FILLER_58_209,VSS,Metal1,124.3200,243.0400,0.000000
FILLER_58_177,VSS,Metal1,114.1240,243.6375,0.000000
FILLER_58_171,VSS,Metal1,103.2200,243.3885,0.000000
FILLER_58_107,VSS,Metal1,83.8445,243.6775,0.000000
FILLER_58_104,VSS,Metal1,65.2400,243.0400,0.000000
FILLER_58_102,VSS,Metal1,64.4000,243.0400,0.000000
FILLER_58_98,VSS,Metal1,62.3400,243.3885,0.000000
FILLER_58_63,VSS,Metal1,42.2800,243.0400,0.000000
FILLER_58_61,VSS,Metal1,41.4400,243.0400,0.000000
FILLER_58_37,VSS,Metal1,31.3120,243.5880,0.000000
FILLER_58_34,VSS,Metal1,26.0400,243.0400,0.000000
FILLER_58_2,VSS,Metal1,16.1240,243.6375,0.000000
FILLER_57_776,VSS,Metal1,441.5600,243.0400,0.000000
FILLER_57_772,VSS,Metal1,439.7800,242.6910,0.000000
FILLER_57_766,VSS,Metal1,436.4200,242.6910,0.000000
FILLER_57_702,VSS,Metal1,417.0445,242.4020,0.000000
FILLER_57_696,VSS,Metal1,397.2200,242.6910,0.000000
FILLER_57_632,VSS,Metal1,377.8445,242.4020,0.000000
FILLER_57_629,VSS,Metal1,359.2400,243.0400,0.000000
FILLER_57_627,VSS,Metal1,358.4000,243.0400,0.000000
FILLER_57_595,VSS,Metal1,348.2040,242.4420,0.000000
FILLER_57_582,VSS,Metal1,332.9200,243.0400,0.000000
FILLER_57_578,VSS,Metal1,331.1400,242.6910,0.000000
FILLER_57_562,VSS,Metal1,325.3120,242.4920,0.000000
FILLER_57_552,VSS,Metal1,317.5730,242.5780,0.000000
FILLER_57_536,VSS,Metal1,310.7520,242.4920,0.000000
FILLER_57_458,VSS,Metal1,271.4840,242.4420,0.000000
FILLER_57_449,VSS,Metal1,258.4400,243.0400,0.000000
FILLER_57_447,VSS,Metal1,257.6000,243.0400,0.000000
FILLER_57_436,VSS,Metal1,251.1600,243.0400,0.000000
FILLER_57_434,VSS,Metal1,250.3200,243.0400,0.000000
FILLER_57_430,VSS,Metal1,248.2600,242.6910,0.000000
FILLER_57_422,VSS,Metal1,244.7730,242.5780,0.000000
FILLER_57_418,VSS,Metal1,241.3600,243.0400,0.000000
FILLER_57_414,VSS,Metal1,239.3000,242.6910,0.000000
FILLER_57_406,VSS,Metal1,235.8130,242.5780,0.000000
FILLER_57_396,VSS,Metal1,228.7600,243.0400,0.000000
FILLER_57_394,VSS,Metal1,227.9200,243.0400,0.000000
FILLER_57_360,VSS,Metal1,208.6000,243.0400,0.000000
FILLER_57_352,VSS,Metal1,205.5730,242.5780,0.000000
FILLER_57_346,VSS,Metal1,201.2200,242.6910,0.000000
FILLER_57_282,VSS,Metal1,181.8445,242.4020,0.000000
FILLER_57_278,VSS,Metal1,162.9600,243.0400,0.000000
FILLER_57_270,VSS,Metal1,159.6530,242.5780,0.000000
FILLER_57_238,VSS,Metal1,148.2840,242.4420,0.000000
FILLER_57_228,VSS,Metal1,134.9600,243.0400,0.000000
FILLER_57_212,VSS,Metal1,129.3120,242.4920,0.000000
FILLER_57_158,VSS,Metal1,95.7600,243.0400,0.000000
FILLER_57_142,VSS,Metal1,90.1120,242.4920,0.000000
FILLER_57_139,VSS,Metal1,84.8400,243.0400,0.000000
FILLER_57_135,VSS,Metal1,83.0600,242.6910,0.000000
FILLER_57_127,VSS,Metal1,79.5730,242.5780,0.000000
FILLER_57_121,VSS,Metal1,74.7600,243.0400,0.000000
FILLER_57_112,VSS,Metal1,70.1800,242.6910,0.000000
FILLER_57_104,VSS,Metal1,66.6930,242.5780,0.000000
FILLER_57_72,VSS,Metal1,55.3240,242.4420,0.000000
FILLER_57_66,VSS,Metal1,44.4200,242.6910,0.000000
FILLER_57_58,VSS,Metal1,39.7600,243.0400,0.000000
FILLER_57_50,VSS,Metal1,36.4530,242.5780,0.000000
FILLER_57_34,VSS,Metal1,29.6320,242.4920,0.000000
FILLER_57_2,VSS,Metal1,16.1240,242.4420,0.000000
FILLER_56_745,VSS,Metal1,432.2040,235.7975,0.000000
FILLER_56_731,VSS,Metal1,416.8200,235.5485,0.000000
FILLER_56_667,VSS,Metal1,397.4445,235.8375,0.000000
FILLER_56_661,VSS,Metal1,377.6200,235.5485,0.000000
FILLER_56_597,VSS,Metal1,358.2445,235.8375,0.000000
FILLER_56_587,VSS,Metal1,337.1730,235.6615,0.000000
FILLER_56_555,VSS,Metal1,325.8040,235.7975,0.000000
FILLER_56_549,VSS,Metal1,314.4400,235.2000,0.000000
FILLER_56_547,VSS,Metal1,313.6000,235.2000,0.000000
FILLER_56_543,VSS,Metal1,311.5400,235.5485,0.000000
FILLER_56_535,VSS,Metal1,308.0530,235.6615,0.000000
FILLER_56_524,VSS,Metal1,300.4400,235.2000,0.000000
FILLER_56_516,VSS,Metal1,297.4130,235.6615,0.000000
FILLER_56_500,VSS,Metal1,290.5920,235.7480,0.000000
FILLER_56_465,VSS,Metal1,267.4000,235.2000,0.000000
FILLER_56_457,VSS,Metal1,264.3730,235.6615,0.000000
FILLER_56_454,VSS,Metal1,261.2400,235.2000,0.000000
FILLER_56_452,VSS,Metal1,260.4000,235.2000,0.000000
FILLER_56_444,VSS,Metal1,257.0930,235.6615,0.000000
FILLER_56_437,VSS,Metal1,251.7200,235.2000,0.000000
FILLER_56_405,VSS,Metal1,241.8040,235.7975,0.000000
FILLER_56_387,VSS,Metal1,224.0000,235.2000,0.000000
FILLER_56_381,VSS,Metal1,220.8200,235.5485,0.000000
FILLER_56_317,VSS,Metal1,201.4445,235.8375,0.000000
FILLER_56_311,VSS,Metal1,181.6200,235.5485,0.000000
FILLER_56_247,VSS,Metal1,162.2445,235.8375,0.000000
FILLER_56_244,VSS,Metal1,143.6400,235.2000,0.000000
FILLER_56_242,VSS,Metal1,142.8000,235.2000,0.000000
FILLER_56_234,VSS,Metal1,139.4930,235.6615,0.000000
FILLER_56_218,VSS,Metal1,132.6720,235.7480,0.000000
FILLER_56_209,VSS,Metal1,124.0400,235.2000,0.000000
FILLER_56_177,VSS,Metal1,114.1240,235.7975,0.000000
FILLER_56_159,VSS,Metal1,99.6320,235.7480,0.000000
FILLER_56_144,VSS,Metal1,87.9200,235.2000,0.000000
FILLER_56_128,VSS,Metal1,82.2720,235.7480,0.000000
FILLER_56_118,VSS,Metal1,73.0800,235.2000,0.000000
FILLER_56_109,VSS,Metal1,68.0400,235.2000,0.000000
FILLER_56_107,VSS,Metal1,67.2000,235.2000,0.000000
FILLER_56_101,VSS,Metal1,64.0200,235.5485,0.000000
FILLER_56_37,VSS,Metal1,44.6445,235.8375,0.000000
FILLER_56_34,VSS,Metal1,26.0400,235.2000,0.000000
FILLER_56_32,VSS,Metal1,25.2000,235.2000,0.000000
FILLER_56_24,VSS,Metal1,21.8930,235.6615,0.000000
FILLER_56_10,VSS,Metal1,12.8800,235.2000,0.000000
FILLER_56_2,VSS,Metal1,9.5730,235.6615,0.000000
FILLER_55_776,VSS,Metal1,441.5600,235.2000,0.000000
FILLER_55_772,VSS,Metal1,439.7800,234.8510,0.000000
FILLER_55_768,VSS,Metal1,437.3600,235.2000,0.000000
FILLER_55_752,VSS,Metal1,431.7120,234.6520,0.000000
FILLER_55_726,VSS,Metal1,413.5600,235.2000,0.000000
FILLER_55_718,VSS,Metal1,410.5330,234.7380,0.000000
FILLER_55_702,VSS,Metal1,403.7120,234.6520,0.000000
FILLER_55_696,VSS,Metal1,397.2200,234.8510,0.000000
FILLER_55_632,VSS,Metal1,377.8445,234.5620,0.000000
FILLER_55_629,VSS,Metal1,359.2400,235.2000,0.000000
FILLER_55_627,VSS,Metal1,358.4000,235.2000,0.000000
FILLER_55_623,VSS,Metal1,356.3400,234.8510,0.000000
FILLER_55_591,VSS,Metal1,345.9640,234.6020,0.000000
FILLER_55_578,VSS,Metal1,331.1400,234.8510,0.000000
FILLER_55_562,VSS,Metal1,325.3120,234.6520,0.000000
FILLER_55_556,VSS,Metal1,318.8200,234.8510,0.000000
FILLER_55_542,VSS,Metal1,310.5200,235.2000,0.000000
FILLER_55_540,VSS,Metal1,309.6800,235.2000,0.000000
FILLER_55_524,VSS,Metal1,304.0320,234.6520,0.000000
FILLER_55_492,VSS,Metal1,290.5240,234.6020,0.000000
FILLER_55_488,VSS,Metal1,280.5600,235.2000,0.000000
FILLER_55_484,VSS,Metal1,278.5000,234.8510,0.000000
FILLER_55_468,VSS,Metal1,272.6720,234.6520,0.000000
FILLER_55_436,VSS,Metal1,259.1640,234.6020,0.000000
FILLER_55_426,VSS,Metal1,245.8400,235.2000,0.000000
FILLER_55_422,VSS,Metal1,243.7800,234.8510,0.000000
FILLER_55_419,VSS,Metal1,241.6400,235.2000,0.000000
FILLER_55_417,VSS,Metal1,240.8000,235.2000,0.000000
FILLER_55_413,VSS,Metal1,238.7400,234.8510,0.000000
FILLER_55_381,VSS,Metal1,228.3640,234.6020,0.000000
FILLER_55_368,VSS,Metal1,214.5330,234.7380,0.000000
FILLER_55_352,VSS,Metal1,207.7120,234.6520,0.000000
FILLER_55_349,VSS,Metal1,202.4400,235.2000,0.000000
FILLER_55_347,VSS,Metal1,201.6000,235.2000,0.000000
FILLER_55_343,VSS,Metal1,199.5400,234.8510,0.000000
FILLER_55_335,VSS,Metal1,196.0530,234.7380,0.000000
FILLER_55_319,VSS,Metal1,189.2320,234.6520,0.000000
FILLER_55_287,VSS,Metal1,175.7240,234.6020,0.000000
FILLER_55_279,VSS,Metal1,163.2400,235.2000,0.000000
FILLER_55_271,VSS,Metal1,160.2130,234.7380,0.000000
FILLER_55_255,VSS,Metal1,153.3920,234.6520,0.000000
FILLER_55_223,VSS,Metal1,139.8840,234.6020,0.000000
FILLER_55_209,VSS,Metal1,124.0400,235.2000,0.000000
FILLER_55_207,VSS,Metal1,123.2000,235.2000,0.000000
FILLER_55_199,VSS,Metal1,119.8930,234.7380,0.000000
FILLER_55_183,VSS,Metal1,113.0720,234.6520,0.000000
FILLER_55_151,VSS,Metal1,99.5640,234.6020,0.000000
FILLER_55_142,VSS,Metal1,86.9800,234.8510,0.000000
FILLER_55_136,VSS,Metal1,83.6200,234.8510,0.000000
FILLER_55_72,VSS,Metal1,64.2445,234.5620,0.000000
FILLER_55_69,VSS,Metal1,45.6400,235.2000,0.000000
FILLER_55_67,VSS,Metal1,44.8000,235.2000,0.000000
FILLER_55_63,VSS,Metal1,42.7400,234.8510,0.000000
FILLER_55_55,VSS,Metal1,39.2530,234.7380,0.000000
FILLER_55_39,VSS,Metal1,32.4320,234.6520,0.000000
FILLER_55_4,VSS,Metal1,9.2400,235.2000,0.000000
FILLER_55_2,VSS,Metal1,8.4000,235.2000,0.000000
FILLER_54_741,VSS,Metal1,422.2400,227.3600,0.000000
FILLER_54_737,VSS,Metal1,420.1800,227.7085,0.000000
FILLER_54_734,VSS,Metal1,418.0400,227.3600,0.000000
FILLER_54_730,VSS,Metal1,416.2600,227.7085,0.000000
FILLER_54_719,VSS,Metal1,409.9200,227.3600,0.000000
FILLER_54_715,VSS,Metal1,407.8600,227.7085,0.000000
FILLER_54_699,VSS,Metal1,402.0320,227.9080,0.000000
FILLER_54_667,VSS,Metal1,388.5240,227.9575,0.000000
FILLER_54_664,VSS,Metal1,378.8400,227.3600,0.000000
FILLER_54_660,VSS,Metal1,377.0600,227.7085,0.000000
FILLER_54_644,VSS,Metal1,371.2320,227.9080,0.000000
FILLER_54_625,VSS,Metal1,357.2800,227.3600,0.000000
FILLER_54_621,VSS,Metal1,355.2200,227.7085,0.000000
FILLER_54_613,VSS,Metal1,351.7330,227.8215,0.000000
FILLER_54_597,VSS,Metal1,344.9120,227.9080,0.000000
FILLER_54_594,VSS,Metal1,339.6400,227.3600,0.000000
FILLER_54_586,VSS,Metal1,336.6130,227.8215,0.000000
FILLER_54_554,VSS,Metal1,325.2440,227.9575,0.000000
FILLER_54_527,VSS,Metal1,305.7120,227.9080,0.000000
FILLER_54_521,VSS,Metal1,299.2200,227.7085,0.000000
FILLER_54_457,VSS,Metal1,279.8445,227.9975,0.000000
FILLER_54_447,VSS,Metal1,258.7730,227.8215,0.000000
FILLER_54_415,VSS,Metal1,247.4040,227.9575,0.000000
FILLER_54_407,VSS,Metal1,234.9200,227.3600,0.000000
FILLER_54_403,VSS,Metal1,233.1400,227.7085,0.000000
FILLER_54_387,VSS,Metal1,227.3120,227.9080,0.000000
FILLER_54_381,VSS,Metal1,220.8200,227.7085,0.000000
FILLER_54_373,VSS,Metal1,217.3330,227.8215,0.000000
FILLER_54_365,VSS,Metal1,211.8600,227.7085,0.000000
FILLER_54_349,VSS,Metal1,206.0320,227.9080,0.000000
FILLER_54_317,VSS,Metal1,192.5240,227.9575,0.000000
FILLER_54_311,VSS,Metal1,181.6200,227.7085,0.000000
FILLER_54_303,VSS,Metal1,178.1330,227.8215,0.000000
FILLER_54_287,VSS,Metal1,171.3120,227.9080,0.000000
FILLER_54_247,VSS,Metal1,153.3240,227.9575,0.000000
FILLER_54_243,VSS,Metal1,143.3600,227.3600,0.000000
FILLER_54_239,VSS,Metal1,141.3000,227.7085,0.000000
FILLER_54_221,VSS,Metal1,131.0400,227.3600,0.000000
FILLER_54_211,VSS,Metal1,125.1600,227.3600,0.000000
FILLER_54_209,VSS,Metal1,124.3200,227.3600,0.000000
FILLER_54_177,VSS,Metal1,114.1240,227.9575,0.000000
FILLER_54_171,VSS,Metal1,103.2200,227.7085,0.000000
FILLER_54_107,VSS,Metal1,83.8445,227.9975,0.000000
FILLER_54_101,VSS,Metal1,64.0200,227.7085,0.000000
FILLER_54_37,VSS,Metal1,44.6445,227.9975,0.000000
FILLER_54_34,VSS,Metal1,26.0400,227.3600,0.000000
FILLER_54_2,VSS,Metal1,16.1240,227.9575,0.000000
FILLER_53_776,VSS,Metal1,441.5600,227.3600,0.000000
FILLER_53_772,VSS,Metal1,439.7800,227.0110,0.000000
FILLER_53_768,VSS,Metal1,437.3600,227.3600,0.000000
FILLER_53_764,VSS,Metal1,435.3000,227.0110,0.000000
FILLER_53_748,VSS,Metal1,429.4720,226.8120,0.000000
FILLER_53_716,VSS,Metal1,415.9640,226.7620,0.000000
FILLER_53_706,VSS,Metal1,402.6400,227.3600,0.000000
FILLER_53_699,VSS,Metal1,398.4400,227.3600,0.000000
FILLER_53_697,VSS,Metal1,397.6000,227.3600,0.000000
FILLER_53_681,VSS,Metal1,391.9520,226.8120,0.000000
FILLER_53_646,VSS,Metal1,368.7600,227.3600,0.000000
FILLER_53_644,VSS,Metal1,367.9200,227.3600,0.000000
FILLER_53_640,VSS,Metal1,365.8600,227.0110,0.000000
FILLER_53_632,VSS,Metal1,362.3730,226.8980,0.000000
FILLER_53_611,VSS,Metal1,349.6200,227.0110,0.000000
FILLER_53_603,VSS,Metal1,346.1330,226.8980,0.000000
FILLER_53_587,VSS,Metal1,339.3120,226.8120,0.000000
FILLER_53_574,VSS,Metal1,328.7200,227.3600,0.000000
FILLER_53_570,VSS,Metal1,326.6600,227.0110,0.000000
FILLER_53_562,VSS,Metal1,323.1730,226.8980,0.000000
FILLER_53_556,VSS,Metal1,318.8200,227.0110,0.000000
FILLER_53_492,VSS,Metal1,299.4445,226.7220,0.000000
FILLER_53_486,VSS,Metal1,279.6200,227.0110,0.000000
FILLER_53_478,VSS,Metal1,276.1330,226.8980,0.000000
FILLER_53_462,VSS,Metal1,269.3120,226.8120,0.000000
FILLER_53_438,VSS,Metal1,252.2800,227.3600,0.000000
FILLER_53_422,VSS,Metal1,246.9120,226.8120,0.000000
FILLER_53_419,VSS,Metal1,241.6400,227.3600,0.000000
FILLER_53_411,VSS,Metal1,238.6130,226.8980,0.000000
FILLER_53_395,VSS,Metal1,231.7920,226.8120,0.000000
FILLER_53_384,VSS,Metal1,222.3200,227.3600,0.000000
FILLER_53_352,VSS,Metal1,212.1240,226.7620,0.000000
FILLER_53_342,VSS,Metal1,199.9730,226.8980,0.000000
FILLER_53_284,VSS,Metal1,166.0400,227.3600,0.000000
FILLER_53_282,VSS,Metal1,165.2000,227.3600,0.000000
FILLER_53_274,VSS,Metal1,160.4400,227.3600,0.000000
FILLER_53_272,VSS,Metal1,159.6000,227.3600,0.000000
FILLER_53_268,VSS,Metal1,157.5400,227.0110,0.000000
FILLER_53_260,VSS,Metal1,154.0530,226.8980,0.000000
FILLER_53_244,VSS,Metal1,147.2320,226.8120,0.000000
FILLER_53_212,VSS,Metal1,133.7240,226.7620,0.000000
FILLER_53_209,VSS,Metal1,124.0400,227.3600,0.000000
FILLER_53_207,VSS,Metal1,123.2000,227.3600,0.000000
FILLER_53_199,VSS,Metal1,119.8930,226.8980,0.000000
FILLER_53_164,VSS,Metal1,98.8400,227.3600,0.000000
FILLER_53_162,VSS,Metal1,98.0000,227.3600,0.000000
FILLER_53_158,VSS,Metal1,95.9400,227.0110,0.000000
FILLER_53_150,VSS,Metal1,92.4530,226.8980,0.000000
FILLER_53_136,VSS,Metal1,83.6200,227.0110,0.000000
FILLER_53_72,VSS,Metal1,64.2445,226.7220,0.000000
FILLER_53_69,VSS,Metal1,45.6400,227.3600,0.000000
FILLER_53_65,VSS,Metal1,43.8600,227.0110,0.000000
FILLER_53_58,VSS,Metal1,39.4800,227.3600,0.000000
FILLER_53_50,VSS,Metal1,36.4530,226.8980,0.000000
FILLER_53_34,VSS,Metal1,29.6320,226.8120,0.000000
FILLER_53_2,VSS,Metal1,16.1240,226.7620,0.000000
FILLER_52_753,VSS,Metal1,430.1330,219.9815,0.000000
FILLER_52_737,VSS,Metal1,423.3120,220.0680,0.000000
FILLER_52_733,VSS,Metal1,417.7600,219.5200,0.000000
FILLER_52_729,VSS,Metal1,415.7000,219.8685,0.000000
FILLER_52_713,VSS,Metal1,409.8720,220.0680,0.000000
FILLER_52_708,VSS,Metal1,403.4800,219.5200,0.000000
FILLER_52_704,VSS,Metal1,401.7000,219.8685,0.000000
FILLER_52_669,VSS,Metal1,381.6400,219.5200,0.000000
FILLER_52_667,VSS,Metal1,380.8000,219.5200,0.000000
FILLER_52_663,VSS,Metal1,378.5600,219.5200,0.000000
FILLER_52_631,VSS,Metal1,368.3640,220.1175,0.000000
FILLER_52_623,VSS,Metal1,355.8800,219.5200,0.000000
FILLER_52_621,VSS,Metal1,355.0400,219.5200,0.000000
FILLER_52_613,VSS,Metal1,351.7330,219.9815,0.000000
FILLER_52_597,VSS,Metal1,344.9120,220.0680,0.000000
FILLER_52_587,VSS,Metal1,337.1730,219.9815,0.000000
FILLER_52_578,VSS,Metal1,330.6800,219.5200,0.000000
FILLER_52_570,VSS,Metal1,327.6530,219.9815,0.000000
FILLER_52_538,VSS,Metal1,316.2840,220.1175,0.000000
FILLER_52_527,VSS,Metal1,302.1200,219.5200,0.000000
FILLER_52_521,VSS,Metal1,299.2200,219.8685,0.000000
FILLER_52_457,VSS,Metal1,279.8445,220.1575,0.000000
FILLER_52_454,VSS,Metal1,261.2400,219.5200,0.000000
FILLER_52_452,VSS,Metal1,260.4000,219.5200,0.000000
FILLER_52_448,VSS,Metal1,258.3400,219.8685,0.000000
FILLER_52_440,VSS,Metal1,254.8530,219.9815,0.000000
FILLER_52_431,VSS,Metal1,248.3600,219.5200,0.000000
FILLER_52_427,VSS,Metal1,246.5800,219.8685,0.000000
FILLER_52_419,VSS,Metal1,243.0930,219.9815,0.000000
FILLER_52_387,VSS,Metal1,231.7240,220.1175,0.000000
FILLER_52_383,VSS,Metal1,221.7600,219.5200,0.000000
FILLER_52_379,VSS,Metal1,219.7000,219.8685,0.000000
FILLER_52_371,VSS,Metal1,216.2130,219.9815,0.000000
FILLER_52_333,VSS,Metal1,193.9400,219.8685,0.000000
FILLER_52_317,VSS,Metal1,188.1120,220.0680,0.000000
FILLER_52_307,VSS,Metal1,180.3730,219.9815,0.000000
FILLER_52_275,VSS,Metal1,169.0040,220.1175,0.000000
FILLER_52_263,VSS,Metal1,154.5600,219.5200,0.000000
FILLER_52_247,VSS,Metal1,148.9120,220.0680,0.000000
FILLER_52_241,VSS,Metal1,142.4200,219.8685,0.000000
FILLER_52_177,VSS,Metal1,123.0445,220.1575,0.000000
FILLER_52_171,VSS,Metal1,103.2200,219.8685,0.000000
FILLER_52_163,VSS,Metal1,99.7330,219.9815,0.000000
FILLER_52_149,VSS,Metal1,90.4400,219.5200,0.000000
FILLER_52_145,VSS,Metal1,88.6600,219.8685,0.000000
FILLER_52_138,VSS,Metal1,84.5600,219.5200,0.000000
FILLER_52_122,VSS,Metal1,78.9120,220.0680,0.000000
FILLER_52_103,VSS,Metal1,64.9600,219.5200,0.000000
FILLER_52_99,VSS,Metal1,62.9000,219.8685,0.000000
FILLER_52_91,VSS,Metal1,59.4130,219.9815,0.000000
FILLER_52_45,VSS,Metal1,32.2000,219.5200,0.000000
FILLER_52_37,VSS,Metal1,29.1730,219.9815,0.000000
FILLER_52_34,VSS,Metal1,26.0400,219.5200,0.000000
FILLER_52_2,VSS,Metal1,16.1240,220.1175,0.000000
FILLER_51_776,VSS,Metal1,441.5600,219.5200,0.000000
FILLER_51_772,VSS,Metal1,439.7800,219.1710,0.000000
FILLER_51_766,VSS,Metal1,436.4200,219.1710,0.000000
FILLER_51_702,VSS,Metal1,417.0445,218.8820,0.000000
FILLER_51_696,VSS,Metal1,397.2200,219.1710,0.000000
FILLER_51_632,VSS,Metal1,377.8445,218.8820,0.000000
FILLER_51_626,VSS,Metal1,358.0200,219.1710,0.000000
FILLER_51_562,VSS,Metal1,338.6445,218.8820,0.000000
FILLER_51_558,VSS,Metal1,319.7600,219.5200,0.000000
FILLER_51_526,VSS,Metal1,309.5640,218.9220,0.000000
FILLER_51_454,VSS,Metal1,261.5200,219.5200,0.000000
FILLER_51_422,VSS,Metal1,251.3240,218.9220,0.000000
FILLER_51_416,VSS,Metal1,240.4200,219.1710,0.000000
FILLER_51_352,VSS,Metal1,221.0445,218.8820,0.000000
FILLER_51_346,VSS,Metal1,201.2200,219.1710,0.000000
FILLER_51_282,VSS,Metal1,181.8445,218.8820,0.000000
FILLER_51_278,VSS,Metal1,162.9600,219.5200,0.000000
FILLER_51_270,VSS,Metal1,159.6530,219.0580,0.000000
FILLER_51_261,VSS,Metal1,153.1600,219.5200,0.000000
FILLER_51_245,VSS,Metal1,147.7920,218.9720,0.000000
FILLER_51_236,VSS,Metal1,139.1600,219.5200,0.000000
FILLER_51_228,VSS,Metal1,136.1330,219.0580,0.000000
FILLER_51_212,VSS,Metal1,129.3120,218.9720,0.000000
FILLER_51_206,VSS,Metal1,122.8200,219.1710,0.000000
FILLER_51_142,VSS,Metal1,103.4445,218.8820,0.000000
FILLER_51_124,VSS,Metal1,80.0320,218.9720,0.000000
FILLER_51_115,VSS,Metal1,71.8600,219.1710,0.000000
FILLER_51_108,VSS,Metal1,67.4800,219.5200,0.000000
FILLER_51_104,VSS,Metal1,65.7000,219.1710,0.000000
FILLER_51_72,VSS,Metal1,55.3240,218.9220,0.000000
FILLER_51_68,VSS,Metal1,45.3600,219.5200,0.000000
FILLER_51_60,VSS,Metal1,42.0530,219.0580,0.000000
FILLER_51_50,VSS,Metal1,35.2800,219.5200,0.000000
FILLER_51_34,VSS,Metal1,29.6320,218.9720,0.000000
FILLER_51_2,VSS,Metal1,16.1240,218.9220,0.000000
FILLER_50_769,VSS,Metal1,439.0930,212.1415,0.000000
FILLER_50_737,VSS,Metal1,427.7240,212.2775,0.000000
FILLER_50_731,VSS,Metal1,416.8200,212.0285,0.000000
FILLER_50_667,VSS,Metal1,397.4445,212.3175,0.000000
FILLER_50_661,VSS,Metal1,377.6200,212.0285,0.000000
FILLER_50_597,VSS,Metal1,358.2445,212.3175,0.000000
FILLER_50_579,VSS,Metal1,332.6930,212.1415,0.000000
FILLER_50_563,VSS,Metal1,325.8720,212.2280,0.000000
FILLER_50_531,VSS,Metal1,312.3640,212.2775,0.000000
FILLER_50_457,VSS,Metal1,279.8445,212.3175,0.000000
FILLER_50_454,VSS,Metal1,261.2400,211.6800,0.000000
FILLER_50_438,VSS,Metal1,255.8720,212.2280,0.000000
FILLER_50_406,VSS,Metal1,242.3640,212.2775,0.000000
FILLER_50_395,VSS,Metal1,228.4800,211.6800,0.000000
FILLER_50_387,VSS,Metal1,225.1730,212.1415,0.000000
FILLER_50_381,VSS,Metal1,220.8200,212.0285,0.000000
FILLER_50_317,VSS,Metal1,201.4445,212.3175,0.000000
FILLER_50_311,VSS,Metal1,181.6200,212.0285,0.000000
FILLER_50_247,VSS,Metal1,162.2445,212.3175,0.000000
FILLER_50_243,VSS,Metal1,143.3600,211.6800,0.000000
FILLER_50_239,VSS,Metal1,141.3000,212.0285,0.000000
FILLER_50_233,VSS,Metal1,137.7600,211.6800,0.000000
FILLER_50_225,VSS,Metal1,134.4530,212.1415,0.000000
FILLER_50_209,VSS,Metal1,127.6320,212.2280,0.000000
FILLER_50_177,VSS,Metal1,114.1240,212.2775,0.000000
FILLER_50_171,VSS,Metal1,103.2200,212.0285,0.000000
FILLER_50_107,VSS,Metal1,83.8445,212.3175,0.000000
FILLER_50_101,VSS,Metal1,64.0200,212.0285,0.000000
FILLER_50_37,VSS,Metal1,44.6445,212.3175,0.000000
FILLER_50_34,VSS,Metal1,26.0400,211.6800,0.000000
FILLER_50_2,VSS,Metal1,16.1240,212.2775,0.000000
FILLER_49_776,VSS,Metal1,441.5600,211.6800,0.000000
FILLER_49_772,VSS,Metal1,439.7800,211.3310,0.000000
FILLER_49_766,VSS,Metal1,436.4200,211.3310,0.000000
FILLER_49_702,VSS,Metal1,417.0445,211.0420,0.000000
FILLER_49_696,VSS,Metal1,397.2200,211.3310,0.000000
FILLER_49_632,VSS,Metal1,377.8445,211.0420,0.000000
FILLER_49_629,VSS,Metal1,359.2400,211.6800,0.000000
FILLER_49_627,VSS,Metal1,358.4000,211.6800,0.000000
FILLER_49_611,VSS,Metal1,352.7520,211.1320,0.000000
FILLER_49_587,VSS,Metal1,339.3120,211.1320,0.000000
FILLER_49_562,VSS,Metal1,325.3120,211.1320,0.000000
FILLER_49_556,VSS,Metal1,318.8200,211.3310,0.000000
FILLER_49_492,VSS,Metal1,299.4445,211.0420,0.000000
FILLER_49_486,VSS,Metal1,279.6200,211.3310,0.000000
FILLER_49_478,VSS,Metal1,276.1330,211.2180,0.000000
FILLER_49_462,VSS,Metal1,269.3120,211.1320,0.000000
FILLER_49_430,VSS,Metal1,255.8040,211.0820,0.000000
FILLER_49_416,VSS,Metal1,240.4200,211.3310,0.000000
FILLER_49_352,VSS,Metal1,221.0445,211.0420,0.000000
FILLER_49_346,VSS,Metal1,201.2200,211.3310,0.000000
FILLER_49_282,VSS,Metal1,181.8445,211.0420,0.000000
FILLER_49_272,VSS,Metal1,160.7730,211.2180,0.000000
FILLER_49_240,VSS,Metal1,149.4040,211.0820,0.000000
FILLER_49_234,VSS,Metal1,138.0400,211.6800,0.000000
FILLER_49_226,VSS,Metal1,135.0130,211.2180,0.000000
FILLER_49_216,VSS,Metal1,127.9600,211.6800,0.000000
FILLER_49_212,VSS,Metal1,126.1800,211.3310,0.000000
FILLER_49_206,VSS,Metal1,122.8200,211.3310,0.000000
FILLER_49_142,VSS,Metal1,103.4445,211.0420,0.000000
FILLER_49_136,VSS,Metal1,83.6200,211.3310,0.000000
FILLER_49_72,VSS,Metal1,64.2445,211.0420,0.000000
FILLER_49_68,VSS,Metal1,45.3600,211.6800,0.000000
FILLER_49_36,VSS,Metal1,35.1640,211.0820,0.000000
FILLER_48_753,VSS,Metal1,430.1330,204.3015,0.000000
FILLER_48_737,VSS,Metal1,423.3120,204.3880,0.000000
FILLER_48_734,VSS,Metal1,418.0400,203.8400,0.000000
FILLER_48_732,VSS,Metal1,417.2000,203.8400,0.000000
FILLER_48_726,VSS,Metal1,413.5600,203.8400,0.000000
FILLER_48_724,VSS,Metal1,412.7200,203.8400,0.000000
FILLER_48_720,VSS,Metal1,410.6600,204.1885,0.000000
FILLER_48_714,VSS,Metal1,406.8400,203.8400,0.000000
FILLER_48_712,VSS,Metal1,406.0000,203.8400,0.000000
FILLER_48_704,VSS,Metal1,402.6930,204.3015,0.000000
FILLER_48_691,VSS,Metal1,394.4200,204.1885,0.000000
FILLER_48_683,VSS,Metal1,390.9330,204.3015,0.000000
FILLER_48_667,VSS,Metal1,384.1120,204.3880,0.000000
FILLER_48_661,VSS,Metal1,377.6200,204.1885,0.000000
FILLER_48_653,VSS,Metal1,374.1330,204.3015,0.000000
FILLER_48_637,VSS,Metal1,367.3120,204.3880,0.000000
FILLER_48_621,VSS,Metal1,355.2200,204.1885,0.000000
FILLER_48_613,VSS,Metal1,351.7330,204.3015,0.000000
FILLER_48_597,VSS,Metal1,344.9120,204.3880,0.000000
FILLER_48_589,VSS,Metal1,336.8400,203.8400,0.000000
FILLER_48_587,VSS,Metal1,336.0000,203.8400,0.000000
FILLER_48_583,VSS,Metal1,333.9400,204.1885,0.000000
FILLER_48_575,VSS,Metal1,330.4530,204.3015,0.000000
FILLER_48_559,VSS,Metal1,323.6320,204.3880,0.000000
FILLER_48_527,VSS,Metal1,310.1240,204.4375,0.000000
FILLER_48_521,VSS,Metal1,299.2200,204.1885,0.000000
FILLER_48_457,VSS,Metal1,279.8445,204.4775,0.000000
FILLER_48_451,VSS,Metal1,260.0200,204.1885,0.000000
FILLER_48_419,VSS,Metal1,249.6440,204.4375,0.000000
FILLER_48_413,VSS,Metal1,238.2800,203.8400,0.000000
FILLER_48_411,VSS,Metal1,237.4400,203.8400,0.000000
FILLER_48_403,VSS,Metal1,234.1330,204.3015,0.000000
FILLER_48_387,VSS,Metal1,227.3120,204.3880,0.000000
FILLER_48_375,VSS,Metal1,217.0000,203.8400,0.000000
FILLER_48_367,VSS,Metal1,213.9730,204.3015,0.000000
FILLER_48_351,VSS,Metal1,207.1520,204.3880,0.000000
FILLER_48_311,VSS,Metal1,181.6200,204.1885,0.000000
FILLER_48_247,VSS,Metal1,162.2445,204.4775,0.000000
FILLER_48_241,VSS,Metal1,142.4200,204.1885,0.000000
FILLER_48_177,VSS,Metal1,123.0445,204.4775,0.000000
FILLER_48_171,VSS,Metal1,103.2200,204.1885,0.000000
FILLER_48_107,VSS,Metal1,83.8445,204.4775,0.000000
FILLER_48_99,VSS,Metal1,62.4400,203.8400,0.000000
FILLER_48_97,VSS,Metal1,61.6000,203.8400,0.000000
FILLER_48_93,VSS,Metal1,59.5400,204.1885,0.000000
FILLER_48_85,VSS,Metal1,56.0530,204.3015,0.000000
FILLER_48_69,VSS,Metal1,49.2320,204.3880,0.000000
FILLER_48_37,VSS,Metal1,35.7240,204.4375,0.000000
FILLER_48_34,VSS,Metal1,26.0400,203.8400,0.000000
FILLER_48_32,VSS,Metal1,25.2000,203.8400,0.000000
FILLER_48_28,VSS,Metal1,23.1400,204.1885,0.000000
FILLER_48_20,VSS,Metal1,18.4800,203.8400,0.000000
FILLER_48_10,VSS,Metal1,13.0600,204.1885,0.000000
FILLER_48_2,VSS,Metal1,9.5730,204.3015,0.000000
FILLER_47_776,VSS,Metal1,441.5600,203.8400,0.000000
FILLER_47_772,VSS,Metal1,439.7800,203.4910,0.000000
FILLER_47_769,VSS,Metal1,437.6400,203.8400,0.000000
FILLER_47_765,VSS,Metal1,435.8600,203.4910,0.000000
FILLER_47_749,VSS,Metal1,430.0320,203.2920,0.000000
FILLER_47_715,VSS,Metal1,407.4000,203.8400,0.000000
FILLER_47_707,VSS,Metal1,404.3730,203.3780,0.000000
FILLER_47_690,VSS,Metal1,393.8600,203.4910,0.000000
FILLER_47_682,VSS,Metal1,390.3730,203.3780,0.000000
FILLER_47_666,VSS,Metal1,383.5520,203.2920,0.000000
FILLER_47_626,VSS,Metal1,358.0200,203.4910,0.000000
FILLER_47_562,VSS,Metal1,338.6445,203.2020,0.000000
FILLER_47_556,VSS,Metal1,318.8200,203.4910,0.000000
FILLER_47_492,VSS,Metal1,299.4445,203.2020,0.000000
FILLER_47_489,VSS,Metal1,280.8400,203.8400,0.000000
FILLER_47_485,VSS,Metal1,279.0600,203.4910,0.000000
FILLER_47_477,VSS,Metal1,275.5730,203.3780,0.000000
FILLER_47_445,VSS,Metal1,264.2040,203.2420,0.000000
FILLER_47_433,VSS,Metal1,249.9400,203.4910,0.000000
FILLER_47_424,VSS,Metal1,244.4400,203.8400,0.000000
FILLER_47_422,VSS,Metal1,243.6000,203.8400,0.000000
FILLER_47_409,VSS,Metal1,236.3200,203.8400,0.000000
FILLER_47_401,VSS,Metal1,233.0130,203.3780,0.000000
FILLER_47_385,VSS,Metal1,226.1920,203.2920,0.000000
FILLER_47_372,VSS,Metal1,215.6000,203.8400,0.000000
FILLER_47_366,VSS,Metal1,211.9600,203.8400,0.000000
FILLER_47_364,VSS,Metal1,211.1200,203.8400,0.000000
FILLER_47_360,VSS,Metal1,209.0600,203.4910,0.000000
FILLER_47_352,VSS,Metal1,205.5730,203.3780,0.000000
FILLER_47_344,VSS,Metal1,199.6400,203.8400,0.000000
FILLER_47_342,VSS,Metal1,198.8000,203.8400,0.000000
FILLER_47_338,VSS,Metal1,196.7400,203.4910,0.000000
FILLER_47_330,VSS,Metal1,193.2530,203.3780,0.000000
FILLER_47_314,VSS,Metal1,186.4320,203.2920,0.000000
FILLER_47_282,VSS,Metal1,172.9240,203.2420,0.000000
FILLER_47_248,VSS,Metal1,153.8840,203.2420,0.000000
FILLER_47_232,VSS,Metal1,137.2000,203.8400,0.000000
FILLER_47_228,VSS,Metal1,135.1400,203.4910,0.000000
FILLER_47_212,VSS,Metal1,129.3120,203.2920,0.000000
FILLER_47_201,VSS,Metal1,119.5600,203.8400,0.000000
FILLER_47_199,VSS,Metal1,118.7200,203.8400,0.000000
FILLER_47_195,VSS,Metal1,116.6600,203.4910,0.000000
FILLER_47_187,VSS,Metal1,113.1730,203.3780,0.000000
FILLER_47_152,VSS,Metal1,92.1200,203.8400,0.000000
FILLER_47_150,VSS,Metal1,91.2800,203.8400,0.000000
FILLER_47_142,VSS,Metal1,87.9730,203.3780,0.000000
FILLER_47_139,VSS,Metal1,84.8400,203.8400,0.000000
FILLER_47_137,VSS,Metal1,84.0000,203.8400,0.000000
FILLER_47_129,VSS,Metal1,80.6930,203.3780,0.000000
FILLER_47_113,VSS,Metal1,73.8720,203.2920,0.000000
FILLER_47_103,VSS,Metal1,64.9600,203.8400,0.000000
FILLER_47_92,VSS,Metal1,58.5200,203.8400,0.000000
FILLER_47_88,VSS,Metal1,56.7400,203.4910,0.000000
FILLER_47_72,VSS,Metal1,50.9120,203.2920,0.000000
FILLER_47_66,VSS,Metal1,44.4200,203.4910,0.000000
FILLER_47_2,VSS,Metal1,25.0445,203.2020,0.000000
FILLER_46_741,VSS,Metal1,422.2400,196.0000,0.000000
FILLER_46_737,VSS,Metal1,420.1800,196.3485,0.000000
FILLER_46_695,VSS,Metal1,404.2040,196.5975,0.000000
FILLER_46_683,VSS,Metal1,390.9330,196.4615,0.000000
FILLER_46_667,VSS,Metal1,384.1120,196.5480,0.000000
FILLER_46_661,VSS,Metal1,377.6200,196.3485,0.000000
FILLER_46_597,VSS,Metal1,358.2445,196.6375,0.000000
FILLER_46_594,VSS,Metal1,339.6400,196.0000,0.000000
FILLER_46_592,VSS,Metal1,338.8000,196.0000,0.000000
FILLER_46_588,VSS,Metal1,336.7400,196.3485,0.000000
FILLER_46_580,VSS,Metal1,333.2530,196.4615,0.000000
FILLER_46_564,VSS,Metal1,326.4320,196.5480,0.000000
FILLER_46_553,VSS,Metal1,316.6800,196.0000,0.000000
FILLER_46_549,VSS,Metal1,314.9000,196.3485,0.000000
FILLER_46_541,VSS,Metal1,311.4130,196.4615,0.000000
FILLER_46_533,VSS,Metal1,305.4800,196.0000,0.000000
FILLER_46_531,VSS,Metal1,304.6400,196.0000,0.000000
FILLER_46_527,VSS,Metal1,302.5800,196.3485,0.000000
FILLER_46_457,VSS,Metal1,279.8445,196.6375,0.000000
FILLER_46_454,VSS,Metal1,261.2400,196.0000,0.000000
FILLER_46_446,VSS,Metal1,258.2130,196.4615,0.000000
FILLER_46_430,VSS,Metal1,251.3920,196.5480,0.000000
FILLER_46_421,VSS,Metal1,242.7600,196.0000,0.000000
FILLER_46_419,VSS,Metal1,241.9200,196.0000,0.000000
FILLER_46_387,VSS,Metal1,231.7240,196.5975,0.000000
FILLER_46_384,VSS,Metal1,222.0400,196.0000,0.000000
FILLER_46_376,VSS,Metal1,219.0130,196.4615,0.000000
FILLER_46_360,VSS,Metal1,212.1920,196.5480,0.000000
FILLER_46_355,VSS,Metal1,205.8000,196.0000,0.000000
FILLER_46_353,VSS,Metal1,204.9600,196.0000,0.000000
FILLER_46_349,VSS,Metal1,202.9000,196.3485,0.000000
FILLER_46_317,VSS,Metal1,192.5240,196.5975,0.000000
FILLER_46_251,VSS,Metal1,147.8400,196.0000,0.000000
FILLER_46_247,VSS,Metal1,145.7800,196.3485,0.000000
FILLER_46_244,VSS,Metal1,143.6400,196.0000,0.000000
FILLER_46_240,VSS,Metal1,141.8600,196.3485,0.000000
FILLER_46_233,VSS,Metal1,137.7600,196.0000,0.000000
FILLER_46_225,VSS,Metal1,134.4530,196.4615,0.000000
FILLER_46_209,VSS,Metal1,127.6320,196.5480,0.000000
FILLER_46_177,VSS,Metal1,114.1240,196.5975,0.000000
FILLER_46_171,VSS,Metal1,103.2200,196.3485,0.000000
FILLER_46_155,VSS,Metal1,97.3920,196.5480,0.000000
FILLER_46_131,VSS,Metal1,80.3600,196.0000,0.000000
FILLER_46_123,VSS,Metal1,77.3330,196.4615,0.000000
FILLER_46_107,VSS,Metal1,70.5120,196.5480,0.000000
FILLER_46_104,VSS,Metal1,65.2400,196.0000,0.000000
FILLER_46_96,VSS,Metal1,62.2130,196.4615,0.000000
FILLER_46_78,VSS,Metal1,50.9600,196.0000,0.000000
FILLER_46_74,VSS,Metal1,48.9000,196.3485,0.000000
FILLER_46_66,VSS,Metal1,45.4130,196.4615,0.000000
FILLER_46_50,VSS,Metal1,38.5920,196.5480,0.000000
FILLER_46_37,VSS,Metal1,28.0000,196.0000,0.000000
FILLER_46_34,VSS,Metal1,26.0400,196.0000,0.000000
FILLER_46_2,VSS,Metal1,16.1240,196.5975,0.000000
FILLER_45_776,VSS,Metal1,441.5600,196.0000,0.000000
FILLER_45_772,VSS,Metal1,439.7800,195.6510,0.000000
FILLER_45_766,VSS,Metal1,436.4200,195.6510,0.000000
FILLER_45_702,VSS,Metal1,417.0445,195.3620,0.000000
FILLER_45_699,VSS,Metal1,398.4400,196.0000,0.000000
FILLER_45_691,VSS,Metal1,395.4130,195.5380,0.000000
FILLER_45_656,VSS,Metal1,374.3600,196.0000,0.000000
FILLER_45_648,VSS,Metal1,371.3330,195.5380,0.000000
FILLER_45_632,VSS,Metal1,364.5120,195.4520,0.000000
FILLER_45_626,VSS,Metal1,358.0200,195.6510,0.000000
FILLER_45_618,VSS,Metal1,354.5330,195.5380,0.000000
FILLER_45_602,VSS,Metal1,347.7120,195.4520,0.000000
FILLER_45_593,VSS,Metal1,339.0800,196.0000,0.000000
FILLER_45_589,VSS,Metal1,337.3000,195.6510,0.000000
FILLER_45_573,VSS,Metal1,331.4720,195.4520,0.000000
FILLER_45_558,VSS,Metal1,319.7600,196.0000,0.000000
FILLER_45_548,VSS,Metal1,313.8800,196.0000,0.000000
FILLER_45_544,VSS,Metal1,312.1000,195.6510,0.000000
FILLER_45_536,VSS,Metal1,308.6130,195.5380,0.000000
FILLER_45_488,VSS,Metal1,280.5600,196.0000,0.000000
FILLER_45_422,VSS,Metal1,251.3240,195.4020,0.000000
FILLER_45_416,VSS,Metal1,240.4200,195.6510,0.000000
FILLER_45_352,VSS,Metal1,221.0445,195.3620,0.000000
FILLER_45_336,VSS,Metal1,195.6200,195.6510,0.000000
FILLER_45_328,VSS,Metal1,192.1330,195.5380,0.000000
FILLER_45_296,VSS,Metal1,180.7640,195.4020,0.000000
FILLER_45_290,VSS,Metal1,169.6800,196.0000,0.000000
FILLER_45_282,VSS,Metal1,166.3730,195.5380,0.000000
FILLER_45_279,VSS,Metal1,163.2400,196.0000,0.000000
FILLER_45_271,VSS,Metal1,160.2130,195.5380,0.000000
FILLER_45_255,VSS,Metal1,153.3920,195.4520,0.000000
FILLER_45_248,VSS,Metal1,146.1600,196.0000,0.000000
FILLER_45_244,VSS,Metal1,144.1000,195.6510,0.000000
FILLER_45_212,VSS,Metal1,133.7240,195.4020,0.000000
FILLER_45_209,VSS,Metal1,124.0400,196.0000,0.000000
FILLER_45_207,VSS,Metal1,123.2000,196.0000,0.000000
FILLER_45_203,VSS,Metal1,121.1400,195.6510,0.000000
FILLER_45_194,VSS,Metal1,115.6400,196.0000,0.000000
FILLER_45_190,VSS,Metal1,113.8600,195.6510,0.000000
FILLER_45_174,VSS,Metal1,108.0320,195.4520,0.000000
FILLER_45_142,VSS,Metal1,94.5240,195.4020,0.000000
FILLER_45_139,VSS,Metal1,84.8400,196.0000,0.000000
FILLER_45_123,VSS,Metal1,79.4720,195.4520,0.000000
FILLER_45_91,VSS,Metal1,65.9640,195.4020,0.000000
FILLER_45_72,VSS,Metal1,47.3200,196.0000,0.000000
FILLER_45_68,VSS,Metal1,45.3600,196.0000,0.000000
FILLER_45_64,VSS,Metal1,43.3000,195.6510,0.000000
FILLER_45_48,VSS,Metal1,37.4720,195.4520,0.000000
FILLER_45_36,VSS,Metal1,27.1600,196.0000,0.000000
FILLER_45_34,VSS,Metal1,26.3200,196.0000,0.000000
FILLER_45_2,VSS,Metal1,16.1240,195.4020,0.000000
FILLER_44_769,VSS,Metal1,439.0930,188.6215,0.000000
FILLER_44_737,VSS,Metal1,427.7240,188.7575,0.000000
FILLER_44_731,VSS,Metal1,416.8200,188.5085,0.000000
FILLER_44_667,VSS,Metal1,397.4445,188.7975,0.000000
FILLER_44_664,VSS,Metal1,378.8400,188.1600,0.000000
FILLER_44_660,VSS,Metal1,377.0600,188.5085,0.000000
FILLER_44_652,VSS,Metal1,373.5730,188.6215,0.000000
FILLER_44_620,VSS,Metal1,362.2040,188.7575,0.000000
FILLER_44_613,VSS,Metal1,350.5600,188.1600,0.000000
FILLER_44_597,VSS,Metal1,344.9120,188.7080,0.000000
FILLER_44_583,VSS,Metal1,333.9400,188.5085,0.000000
FILLER_44_575,VSS,Metal1,330.4530,188.6215,0.000000
FILLER_44_559,VSS,Metal1,323.6320,188.7080,0.000000
FILLER_44_527,VSS,Metal1,310.1240,188.7575,0.000000
FILLER_44_524,VSS,Metal1,300.4400,188.1600,0.000000
FILLER_44_522,VSS,Metal1,299.6000,188.1600,0.000000
FILLER_44_517,VSS,Metal1,296.5200,188.1600,0.000000
FILLER_44_513,VSS,Metal1,294.7400,188.5085,0.000000
FILLER_44_505,VSS,Metal1,291.2530,188.6215,0.000000
FILLER_44_489,VSS,Metal1,284.4320,188.7080,0.000000
FILLER_44_457,VSS,Metal1,270.9240,188.7575,0.000000
FILLER_44_451,VSS,Metal1,260.0200,188.5085,0.000000
FILLER_44_387,VSS,Metal1,240.6445,188.7975,0.000000
FILLER_44_384,VSS,Metal1,222.0400,188.1600,0.000000
FILLER_44_375,VSS,Metal1,217.4600,188.5085,0.000000
FILLER_44_367,VSS,Metal1,213.9730,188.6215,0.000000
FILLER_44_351,VSS,Metal1,207.1520,188.7080,0.000000
FILLER_44_345,VSS,Metal1,200.2000,188.1600,0.000000
FILLER_44_341,VSS,Metal1,198.4200,188.5085,0.000000
FILLER_44_333,VSS,Metal1,194.9330,188.6215,0.000000
FILLER_44_317,VSS,Metal1,188.1120,188.7080,0.000000
FILLER_44_311,VSS,Metal1,181.6200,188.5085,0.000000
FILLER_44_303,VSS,Metal1,178.1330,188.6215,0.000000
FILLER_44_287,VSS,Metal1,171.3120,188.7080,0.000000
FILLER_44_255,VSS,Metal1,157.8040,188.7575,0.000000
FILLER_44_208,VSS,Metal1,131.4840,188.7575,0.000000
FILLER_44_197,VSS,Metal1,117.3200,188.1600,0.000000
FILLER_44_193,VSS,Metal1,115.5400,188.5085,0.000000
FILLER_44_177,VSS,Metal1,109.7120,188.7080,0.000000
FILLER_44_173,VSS,Metal1,104.1600,188.1600,0.000000
FILLER_44_169,VSS,Metal1,102.1000,188.5085,0.000000
FILLER_44_153,VSS,Metal1,96.2720,188.7080,0.000000
FILLER_44_143,VSS,Metal1,87.3600,188.1600,0.000000
FILLER_44_139,VSS,Metal1,85.3000,188.5085,0.000000
FILLER_44_107,VSS,Metal1,74.9240,188.7575,0.000000
FILLER_44_101,VSS,Metal1,64.0200,188.5085,0.000000
FILLER_44_37,VSS,Metal1,44.6445,188.7975,0.000000
FILLER_44_34,VSS,Metal1,26.0400,188.1600,0.000000
FILLER_44_2,VSS,Metal1,16.1240,188.7575,0.000000
FILLER_43_776,VSS,Metal1,441.5600,188.1600,0.000000
FILLER_43_772,VSS,Metal1,439.7800,187.8110,0.000000
FILLER_43_769,VSS,Metal1,437.6400,188.1600,0.000000
FILLER_43_767,VSS,Metal1,436.8000,188.1600,0.000000
FILLER_43_751,VSS,Metal1,431.1520,187.6120,0.000000
FILLER_43_742,VSS,Metal1,422.8000,188.1600,0.000000
FILLER_43_734,VSS,Metal1,419.4930,187.6980,0.000000
FILLER_43_702,VSS,Metal1,408.1240,187.5620,0.000000
FILLER_43_696,VSS,Metal1,397.2200,187.8110,0.000000
FILLER_43_632,VSS,Metal1,377.8445,187.5220,0.000000
FILLER_43_626,VSS,Metal1,358.0200,187.8110,0.000000
FILLER_43_618,VSS,Metal1,354.5330,187.6980,0.000000
FILLER_43_602,VSS,Metal1,347.7120,187.6120,0.000000
FILLER_43_570,VSS,Metal1,334.2040,187.5620,0.000000
FILLER_43_556,VSS,Metal1,318.8200,187.8110,0.000000
FILLER_43_492,VSS,Metal1,299.4445,187.5220,0.000000
FILLER_43_486,VSS,Metal1,279.6200,187.8110,0.000000
FILLER_43_422,VSS,Metal1,260.2445,187.5220,0.000000
FILLER_43_418,VSS,Metal1,241.3600,188.1600,0.000000
FILLER_43_402,VSS,Metal1,235.7120,187.6120,0.000000
FILLER_43_389,VSS,Metal1,224.8400,188.1600,0.000000
FILLER_43_364,VSS,Metal1,211.1200,188.1600,0.000000
FILLER_43_360,VSS,Metal1,209.0600,187.8110,0.000000
FILLER_43_352,VSS,Metal1,205.5730,187.6980,0.000000
FILLER_43_349,VSS,Metal1,202.4400,188.1600,0.000000
FILLER_43_347,VSS,Metal1,201.6000,188.1600,0.000000
FILLER_43_343,VSS,Metal1,199.5400,187.8110,0.000000
FILLER_43_330,VSS,Metal1,193.2530,187.6980,0.000000
FILLER_43_314,VSS,Metal1,186.4320,187.6120,0.000000
FILLER_43_282,VSS,Metal1,172.9240,187.5620,0.000000
FILLER_43_276,VSS,Metal1,162.0200,187.8110,0.000000
FILLER_43_212,VSS,Metal1,142.6445,187.5220,0.000000
FILLER_43_208,VSS,Metal1,123.7600,188.1600,0.000000
FILLER_43_190,VSS,Metal1,113.6800,188.1600,0.000000
FILLER_43_186,VSS,Metal1,111.6200,187.8110,0.000000
FILLER_43_154,VSS,Metal1,101.2440,187.5620,0.000000
FILLER_43_142,VSS,Metal1,86.5200,188.1600,0.000000
FILLER_43_124,VSS,Metal1,80.0320,187.6120,0.000000
FILLER_43_104,VSS,Metal1,66.6930,187.6980,0.000000
FILLER_43_72,VSS,Metal1,55.3240,187.5620,0.000000
FILLER_43_69,VSS,Metal1,45.6400,188.1600,0.000000
FILLER_43_37,VSS,Metal1,35.7240,187.5620,0.000000
FILLER_43_28,VSS,Metal1,22.6800,188.1600,0.000000
FILLER_43_26,VSS,Metal1,21.8400,188.1600,0.000000
FILLER_43_22,VSS,Metal1,19.7800,187.8110,0.000000
FILLER_43_14,VSS,Metal1,15.1200,188.1600,0.000000
FILLER_43_10,VSS,Metal1,13.0600,187.8110,0.000000
FILLER_43_2,VSS,Metal1,9.5730,187.6980,0.000000
FILLER_42_775,VSS,Metal1,441.2800,180.3200,0.000000
FILLER_42_771,VSS,Metal1,439.2200,180.6685,0.000000
FILLER_42_755,VSS,Metal1,433.3920,180.8680,0.000000
FILLER_42_745,VSS,Metal1,424.4800,180.3200,0.000000
FILLER_42_737,VSS,Metal1,421.1730,180.7815,0.000000
FILLER_42_731,VSS,Metal1,416.8200,180.6685,0.000000
FILLER_42_667,VSS,Metal1,397.4445,180.9575,0.000000
FILLER_42_664,VSS,Metal1,378.8400,180.3200,0.000000
FILLER_42_660,VSS,Metal1,377.0600,180.6685,0.000000
FILLER_42_652,VSS,Metal1,373.5730,180.7815,0.000000
FILLER_42_636,VSS,Metal1,366.7520,180.8680,0.000000
FILLER_42_615,VSS,Metal1,351.4000,180.3200,0.000000
FILLER_42_613,VSS,Metal1,350.5600,180.3200,0.000000
FILLER_42_597,VSS,Metal1,344.9120,180.8680,0.000000
FILLER_42_593,VSS,Metal1,339.3600,180.3200,0.000000
FILLER_42_589,VSS,Metal1,337.3000,180.6685,0.000000
FILLER_42_557,VSS,Metal1,326.9240,180.9175,0.000000
FILLER_42_543,VSS,Metal1,311.5400,180.6685,0.000000
FILLER_42_527,VSS,Metal1,305.7120,180.8680,0.000000
FILLER_42_521,VSS,Metal1,299.2200,180.6685,0.000000
FILLER_42_457,VSS,Metal1,279.8445,180.9575,0.000000
FILLER_42_454,VSS,Metal1,261.2400,180.3200,0.000000
FILLER_42_452,VSS,Metal1,260.4000,180.3200,0.000000
FILLER_42_448,VSS,Metal1,258.3400,180.6685,0.000000
FILLER_42_440,VSS,Metal1,254.8530,180.7815,0.000000
FILLER_42_431,VSS,Metal1,248.3600,180.3200,0.000000
FILLER_42_429,VSS,Metal1,247.5200,180.3200,0.000000
FILLER_42_419,VSS,Metal1,241.9200,180.3200,0.000000
FILLER_42_411,VSS,Metal1,238.6130,180.7815,0.000000
FILLER_42_395,VSS,Metal1,231.7920,180.8680,0.000000
FILLER_42_377,VSS,Metal1,219.5730,180.7815,0.000000
FILLER_42_345,VSS,Metal1,208.2040,180.9175,0.000000
FILLER_42_325,VSS,Metal1,192.5920,180.8680,0.000000
FILLER_42_317,VSS,Metal1,184.9800,180.6685,0.000000
FILLER_42_311,VSS,Metal1,181.6200,180.6685,0.000000
FILLER_42_247,VSS,Metal1,162.2445,180.9575,0.000000
FILLER_42_241,VSS,Metal1,142.4200,180.6685,0.000000
FILLER_42_177,VSS,Metal1,123.0445,180.9575,0.000000
FILLER_42_167,VSS,Metal1,101.9730,180.7815,0.000000
FILLER_42_139,VSS,Metal1,85.3000,180.6685,0.000000
FILLER_42_107,VSS,Metal1,74.9240,180.9175,0.000000
FILLER_42_101,VSS,Metal1,64.0200,180.6685,0.000000
FILLER_42_37,VSS,Metal1,44.6445,180.9575,0.000000
FILLER_42_34,VSS,Metal1,26.0400,180.3200,0.000000
FILLER_42_2,VSS,Metal1,16.1240,180.9175,0.000000
FILLER_41_776,VSS,Metal1,441.5600,180.3200,0.000000
FILLER_41_772,VSS,Metal1,439.7800,179.9710,0.000000
FILLER_41_766,VSS,Metal1,436.4200,179.9710,0.000000
FILLER_41_758,VSS,Metal1,432.9330,179.8580,0.000000
FILLER_41_743,VSS,Metal1,423.0800,180.3200,0.000000
FILLER_41_741,VSS,Metal1,422.2400,180.3200,0.000000
FILLER_41_736,VSS,Metal1,419.1600,180.3200,0.000000
FILLER_41_734,VSS,Metal1,418.3200,180.3200,0.000000
FILLER_41_702,VSS,Metal1,408.1240,179.7220,0.000000
FILLER_41_699,VSS,Metal1,398.4400,180.3200,0.000000
FILLER_41_697,VSS,Metal1,397.6000,180.3200,0.000000
FILLER_41_693,VSS,Metal1,395.5400,179.9710,0.000000
FILLER_41_658,VSS,Metal1,375.4800,180.3200,0.000000
FILLER_41_656,VSS,Metal1,374.6400,180.3200,0.000000
FILLER_41_648,VSS,Metal1,371.3330,179.8580,0.000000
FILLER_41_632,VSS,Metal1,364.5120,179.7720,0.000000
FILLER_41_603,VSS,Metal1,345.1400,179.9710,0.000000
FILLER_41_586,VSS,Metal1,335.6200,179.9710,0.000000
FILLER_41_578,VSS,Metal1,332.1330,179.8580,0.000000
FILLER_41_562,VSS,Metal1,325.3120,179.7720,0.000000
FILLER_41_558,VSS,Metal1,319.7600,180.3200,0.000000
FILLER_41_540,VSS,Metal1,309.8600,179.9710,0.000000
FILLER_41_524,VSS,Metal1,304.0320,179.7720,0.000000
FILLER_41_492,VSS,Metal1,290.5240,179.7220,0.000000
FILLER_41_448,VSS,Metal1,259.3330,179.8580,0.000000
FILLER_41_432,VSS,Metal1,252.5120,179.7720,0.000000
FILLER_41_422,VSS,Metal1,243.6000,180.3200,0.000000
FILLER_41_416,VSS,Metal1,240.4200,179.9710,0.000000
FILLER_41_352,VSS,Metal1,221.0445,179.6820,0.000000
FILLER_41_346,VSS,Metal1,201.2200,179.9710,0.000000
FILLER_41_310,VSS,Metal1,180.8800,180.3200,0.000000
FILLER_41_306,VSS,Metal1,178.8200,179.9710,0.000000
FILLER_41_298,VSS,Metal1,175.3330,179.8580,0.000000
FILLER_41_282,VSS,Metal1,168.5120,179.7720,0.000000
FILLER_41_278,VSS,Metal1,162.9600,180.3200,0.000000
FILLER_41_254,VSS,Metal1,149.2400,180.3200,0.000000
FILLER_41_250,VSS,Metal1,147.4600,179.9710,0.000000
FILLER_41_242,VSS,Metal1,143.9730,179.8580,0.000000
FILLER_41_232,VSS,Metal1,137.2000,180.3200,0.000000
FILLER_41_228,VSS,Metal1,135.1400,179.9710,0.000000
FILLER_41_212,VSS,Metal1,129.3120,179.7720,0.000000
FILLER_41_206,VSS,Metal1,122.8200,179.9710,0.000000
FILLER_41_142,VSS,Metal1,103.4445,179.6820,0.000000
FILLER_41_136,VSS,Metal1,83.6200,179.9710,0.000000
FILLER_41_72,VSS,Metal1,64.2445,179.6820,0.000000
FILLER_41_68,VSS,Metal1,45.3600,180.3200,0.000000
FILLER_41_52,VSS,Metal1,39.7120,179.7720,0.000000
FILLER_41_40,VSS,Metal1,29.4000,180.3200,0.000000
FILLER_41_36,VSS,Metal1,27.6200,179.9710,0.000000
FILLER_40_769,VSS,Metal1,439.0930,172.9415,0.000000
FILLER_40_737,VSS,Metal1,427.7240,173.0775,0.000000
FILLER_40_719,VSS,Metal1,413.2320,173.0280,0.000000
FILLER_40_703,VSS,Metal1,400.6800,172.4800,0.000000
FILLER_40_699,VSS,Metal1,398.9000,172.8285,0.000000
FILLER_40_667,VSS,Metal1,388.5240,173.0775,0.000000
FILLER_40_629,VSS,Metal1,359.5200,172.4800,0.000000
FILLER_40_597,VSS,Metal1,349.3240,173.0775,0.000000
FILLER_40_591,VSS,Metal1,338.4200,172.8285,0.000000
FILLER_40_527,VSS,Metal1,319.0445,173.1175,0.000000
FILLER_40_489,VSS,Metal1,281.1200,172.4800,0.000000
FILLER_40_457,VSS,Metal1,270.9240,173.0775,0.000000
FILLER_40_451,VSS,Metal1,260.0200,172.8285,0.000000
FILLER_40_387,VSS,Metal1,240.6445,173.1175,0.000000
FILLER_40_381,VSS,Metal1,220.8200,172.8285,0.000000
FILLER_40_317,VSS,Metal1,201.4445,173.1175,0.000000
FILLER_40_314,VSS,Metal1,182.8400,172.4800,0.000000
FILLER_40_312,VSS,Metal1,182.0000,172.4800,0.000000
FILLER_40_308,VSS,Metal1,179.9400,172.8285,0.000000
FILLER_40_273,VSS,Metal1,159.8800,172.4800,0.000000
FILLER_40_271,VSS,Metal1,159.0400,172.4800,0.000000
FILLER_40_263,VSS,Metal1,155.7330,172.9415,0.000000
FILLER_40_247,VSS,Metal1,148.9120,173.0280,0.000000
FILLER_40_241,VSS,Metal1,142.4200,172.8285,0.000000
FILLER_40_177,VSS,Metal1,123.0445,173.1175,0.000000
FILLER_40_171,VSS,Metal1,103.2200,172.8285,0.000000
FILLER_40_107,VSS,Metal1,83.8445,173.1175,0.000000
FILLER_40_104,VSS,Metal1,65.2400,172.4800,0.000000
FILLER_40_100,VSS,Metal1,63.4600,172.8285,0.000000
FILLER_40_93,VSS,Metal1,59.3600,172.4800,0.000000
FILLER_40_85,VSS,Metal1,56.0530,172.9415,0.000000
FILLER_40_69,VSS,Metal1,49.2320,173.0280,0.000000
FILLER_40_37,VSS,Metal1,35.7240,173.0775,0.000000
FILLER_40_34,VSS,Metal1,26.0400,172.4800,0.000000
FILLER_40_2,VSS,Metal1,16.1240,173.0775,0.000000
FILLER_39_776,VSS,Metal1,441.5600,172.4800,0.000000
FILLER_39_772,VSS,Metal1,439.7800,172.1310,0.000000
FILLER_39_769,VSS,Metal1,437.6400,172.4800,0.000000
FILLER_39_767,VSS,Metal1,436.8000,172.4800,0.000000
FILLER_39_763,VSS,Metal1,434.7400,172.1310,0.000000
FILLER_39_755,VSS,Metal1,431.2530,172.0180,0.000000
FILLER_39_746,VSS,Metal1,424.7600,172.4800,0.000000
FILLER_39_742,VSS,Metal1,422.9800,172.1310,0.000000
FILLER_39_734,VSS,Metal1,419.4930,172.0180,0.000000
FILLER_39_718,VSS,Metal1,412.6720,171.9320,0.000000
FILLER_39_702,VSS,Metal1,401.5730,172.0180,0.000000
FILLER_39_696,VSS,Metal1,397.2200,172.1310,0.000000
FILLER_39_632,VSS,Metal1,377.8445,171.8420,0.000000
FILLER_39_626,VSS,Metal1,358.0200,172.1310,0.000000
FILLER_39_562,VSS,Metal1,338.6445,171.8420,0.000000
FILLER_39_556,VSS,Metal1,318.8200,172.1310,0.000000
FILLER_39_492,VSS,Metal1,299.4445,171.8420,0.000000
FILLER_39_486,VSS,Metal1,279.6200,172.1310,0.000000
FILLER_39_422,VSS,Metal1,260.2445,171.8420,0.000000
FILLER_39_416,VSS,Metal1,240.4200,172.1310,0.000000
FILLER_39_400,VSS,Metal1,232.4530,172.0180,0.000000
FILLER_39_384,VSS,Metal1,225.6320,171.9320,0.000000
FILLER_39_352,VSS,Metal1,212.1240,171.8820,0.000000
FILLER_39_346,VSS,Metal1,201.2200,172.1310,0.000000
FILLER_39_282,VSS,Metal1,181.8445,171.8420,0.000000
FILLER_39_278,VSS,Metal1,162.9600,172.4800,0.000000
FILLER_39_274,VSS,Metal1,160.9000,172.1310,0.000000
FILLER_39_266,VSS,Metal1,157.4130,172.0180,0.000000
FILLER_39_234,VSS,Metal1,146.0440,171.8820,0.000000
FILLER_39_228,VSS,Metal1,134.6800,172.4800,0.000000
FILLER_39_212,VSS,Metal1,129.3120,171.9320,0.000000
FILLER_39_209,VSS,Metal1,124.0400,172.4800,0.000000
FILLER_39_207,VSS,Metal1,123.2000,172.4800,0.000000
FILLER_39_203,VSS,Metal1,121.1400,172.1310,0.000000
FILLER_39_168,VSS,Metal1,101.0800,172.4800,0.000000
FILLER_39_166,VSS,Metal1,100.2400,172.4800,0.000000
FILLER_39_158,VSS,Metal1,96.9330,172.0180,0.000000
FILLER_39_142,VSS,Metal1,90.1120,171.9320,0.000000
FILLER_39_136,VSS,Metal1,83.6200,172.1310,0.000000
FILLER_39_128,VSS,Metal1,80.1330,172.0180,0.000000
FILLER_39_96,VSS,Metal1,68.7640,171.8820,0.000000
FILLER_39_90,VSS,Metal1,57.4000,172.4800,0.000000
FILLER_39_88,VSS,Metal1,56.5600,172.4800,0.000000
FILLER_39_72,VSS,Metal1,50.9120,171.9320,0.000000
FILLER_39_69,VSS,Metal1,45.6400,172.4800,0.000000
FILLER_39_65,VSS,Metal1,43.8600,172.1310,0.000000
FILLER_39_49,VSS,Metal1,38.0320,171.9320,0.000000
FILLER_39_40,VSS,Metal1,29.4000,172.4800,0.000000
FILLER_39_38,VSS,Metal1,28.5600,172.4800,0.000000
FILLER_39_34,VSS,Metal1,26.5000,172.1310,0.000000
FILLER_39_2,VSS,Metal1,16.1240,171.8820,0.000000
FILLER_38_769,VSS,Metal1,439.0930,165.1015,0.000000
FILLER_38_737,VSS,Metal1,427.7240,165.2375,0.000000
FILLER_38_734,VSS,Metal1,418.0400,164.6400,0.000000
FILLER_38_730,VSS,Metal1,416.2600,164.9885,0.000000
FILLER_38_722,VSS,Metal1,412.7730,165.1015,0.000000
FILLER_38_711,VSS,Metal1,405.4400,164.6400,0.000000
FILLER_38_707,VSS,Metal1,403.3800,164.9885,0.000000
FILLER_38_699,VSS,Metal1,399.8930,165.1015,0.000000
FILLER_38_667,VSS,Metal1,388.5240,165.2375,0.000000
FILLER_38_661,VSS,Metal1,377.6200,164.9885,0.000000
FILLER_38_597,VSS,Metal1,358.2445,165.2775,0.000000
FILLER_38_593,VSS,Metal1,339.3600,164.6400,0.000000
FILLER_38_577,VSS,Metal1,333.7120,165.1880,0.000000
FILLER_38_564,VSS,Metal1,324.2930,165.1015,0.000000
FILLER_38_555,VSS,Metal1,317.8000,164.6400,0.000000
FILLER_38_551,VSS,Metal1,316.0200,164.9885,0.000000
FILLER_38_543,VSS,Metal1,312.5330,165.1015,0.000000
FILLER_38_527,VSS,Metal1,305.7120,165.1880,0.000000
FILLER_38_521,VSS,Metal1,299.2200,164.9885,0.000000
FILLER_38_457,VSS,Metal1,279.8445,165.2775,0.000000
FILLER_38_447,VSS,Metal1,258.7730,165.1015,0.000000
FILLER_38_415,VSS,Metal1,247.4040,165.2375,0.000000
FILLER_38_409,VSS,Metal1,236.0400,164.6400,0.000000
FILLER_38_401,VSS,Metal1,233.0130,165.1015,0.000000
FILLER_38_391,VSS,Metal1,225.9600,164.6400,0.000000
FILLER_38_387,VSS,Metal1,224.1800,164.9885,0.000000
FILLER_38_381,VSS,Metal1,220.8200,164.9885,0.000000
FILLER_38_317,VSS,Metal1,201.4445,165.2775,0.000000
FILLER_38_311,VSS,Metal1,181.6200,164.9885,0.000000
FILLER_38_247,VSS,Metal1,162.2445,165.2775,0.000000
FILLER_38_244,VSS,Metal1,143.6400,164.6400,0.000000
FILLER_38_242,VSS,Metal1,142.8000,164.6400,0.000000
FILLER_38_217,VSS,Metal1,128.8000,164.6400,0.000000
FILLER_38_209,VSS,Metal1,125.4930,165.1015,0.000000
FILLER_38_177,VSS,Metal1,114.1240,165.2375,0.000000
FILLER_38_171,VSS,Metal1,103.2200,164.9885,0.000000
FILLER_38_107,VSS,Metal1,83.8445,165.2775,0.000000
FILLER_38_85,VSS,Metal1,54.6000,164.6400,0.000000
FILLER_38_69,VSS,Metal1,49.2320,165.1880,0.000000
FILLER_38_37,VSS,Metal1,35.7240,165.2375,0.000000
FILLER_38_34,VSS,Metal1,26.0400,164.6400,0.000000
FILLER_38_2,VSS,Metal1,16.1240,165.2375,0.000000
FILLER_37_776,VSS,Metal1,441.5600,164.6400,0.000000
FILLER_37_772,VSS,Metal1,439.7800,164.2910,0.000000
FILLER_37_766,VSS,Metal1,436.4200,164.2910,0.000000
FILLER_37_702,VSS,Metal1,417.0445,164.0020,0.000000
FILLER_37_696,VSS,Metal1,397.2200,164.2910,0.000000
FILLER_37_632,VSS,Metal1,377.8445,164.0020,0.000000
FILLER_37_626,VSS,Metal1,358.0200,164.2910,0.000000
FILLER_37_562,VSS,Metal1,338.6445,164.0020,0.000000
FILLER_37_556,VSS,Metal1,318.8200,164.2910,0.000000
FILLER_37_492,VSS,Metal1,299.4445,164.0020,0.000000
FILLER_37_488,VSS,Metal1,280.5600,164.6400,0.000000
FILLER_37_453,VSS,Metal1,260.6800,164.6400,0.000000
FILLER_37_451,VSS,Metal1,259.8400,164.6400,0.000000
FILLER_37_435,VSS,Metal1,254.1920,164.0920,0.000000
FILLER_37_426,VSS,Metal1,245.5600,164.6400,0.000000
FILLER_37_422,VSS,Metal1,243.7800,164.2910,0.000000
FILLER_37_418,VSS,Metal1,241.3600,164.6400,0.000000
FILLER_37_414,VSS,Metal1,239.3000,164.2910,0.000000
FILLER_37_406,VSS,Metal1,235.8130,164.1780,0.000000
FILLER_37_399,VSS,Metal1,230.4400,164.6400,0.000000
FILLER_37_367,VSS,Metal1,220.5240,164.0420,0.000000
FILLER_37_360,VSS,Metal1,208.8800,164.6400,0.000000
FILLER_37_352,VSS,Metal1,205.5730,164.1780,0.000000
FILLER_37_330,VSS,Metal1,193.2530,164.1780,0.000000
FILLER_37_314,VSS,Metal1,186.4320,164.0920,0.000000
FILLER_37_282,VSS,Metal1,172.9240,164.0420,0.000000
FILLER_37_279,VSS,Metal1,163.2400,164.6400,0.000000
FILLER_37_277,VSS,Metal1,162.4000,164.6400,0.000000
FILLER_37_269,VSS,Metal1,159.0930,164.1780,0.000000
FILLER_37_237,VSS,Metal1,147.7240,164.0420,0.000000
FILLER_37_226,VSS,Metal1,133.5600,164.6400,0.000000
FILLER_37_224,VSS,Metal1,132.7200,164.6400,0.000000
FILLER_37_220,VSS,Metal1,130.6600,164.2910,0.000000
FILLER_37_212,VSS,Metal1,127.1730,164.1780,0.000000
FILLER_37_206,VSS,Metal1,122.8200,164.2910,0.000000
FILLER_37_142,VSS,Metal1,103.4445,164.0020,0.000000
FILLER_37_116,VSS,Metal1,71.9600,164.6400,0.000000
FILLER_37_105,VSS,Metal1,66.2600,164.2910,0.000000
FILLER_37_97,VSS,Metal1,62.7730,164.1780,0.000000
FILLER_37_88,VSS,Metal1,56.2800,164.6400,0.000000
FILLER_37_72,VSS,Metal1,50.9120,164.0920,0.000000
FILLER_37_69,VSS,Metal1,45.6400,164.6400,0.000000
FILLER_37_67,VSS,Metal1,44.8000,164.6400,0.000000
FILLER_37_63,VSS,Metal1,42.7400,164.2910,0.000000
FILLER_37_47,VSS,Metal1,36.9120,164.0920,0.000000
FILLER_37_30,VSS,Metal1,23.8000,164.6400,0.000000
FILLER_37_26,VSS,Metal1,22.0200,164.2910,0.000000
FILLER_37_18,VSS,Metal1,18.5330,164.1780,0.000000
FILLER_37_2,VSS,Metal1,11.7120,164.0920,0.000000
FILLER_36_741,VSS,Metal1,422.2400,156.8000,0.000000
FILLER_36_737,VSS,Metal1,420.1800,157.1485,0.000000
FILLER_36_734,VSS,Metal1,418.0400,156.8000,0.000000
FILLER_36_732,VSS,Metal1,417.2000,156.8000,0.000000
FILLER_36_728,VSS,Metal1,415.1400,157.1485,0.000000
FILLER_36_712,VSS,Metal1,409.3120,157.3480,0.000000
FILLER_36_701,VSS,Metal1,399.5600,156.8000,0.000000
FILLER_36_699,VSS,Metal1,398.7200,156.8000,0.000000
FILLER_36_667,VSS,Metal1,388.5240,157.3975,0.000000
FILLER_36_661,VSS,Metal1,377.6200,157.1485,0.000000
FILLER_36_597,VSS,Metal1,358.2445,157.4375,0.000000
FILLER_36_593,VSS,Metal1,339.3600,156.8000,0.000000
FILLER_36_589,VSS,Metal1,337.3000,157.1485,0.000000
FILLER_36_557,VSS,Metal1,326.9240,157.3975,0.000000
FILLER_36_551,VSS,Metal1,315.5600,156.8000,0.000000
FILLER_36_543,VSS,Metal1,312.5330,157.2615,0.000000
FILLER_36_527,VSS,Metal1,305.7120,157.3480,0.000000
FILLER_36_489,VSS,Metal1,281.1200,156.8000,0.000000
FILLER_36_457,VSS,Metal1,270.9240,157.3975,0.000000
FILLER_36_454,VSS,Metal1,261.2400,156.8000,0.000000
FILLER_36_452,VSS,Metal1,260.4000,156.8000,0.000000
FILLER_36_448,VSS,Metal1,258.3400,157.1485,0.000000
FILLER_36_440,VSS,Metal1,254.8530,157.2615,0.000000
FILLER_36_427,VSS,Metal1,246.1200,156.8000,0.000000
FILLER_36_419,VSS,Metal1,243.0930,157.2615,0.000000
FILLER_36_387,VSS,Metal1,231.7240,157.3975,0.000000
FILLER_36_381,VSS,Metal1,220.8200,157.1485,0.000000
FILLER_36_373,VSS,Metal1,217.3330,157.2615,0.000000
FILLER_36_359,VSS,Metal1,208.5000,157.1485,0.000000
FILLER_36_351,VSS,Metal1,205.0130,157.2615,0.000000
FILLER_36_247,VSS,Metal1,162.2445,157.4375,0.000000
FILLER_36_241,VSS,Metal1,142.4200,157.1485,0.000000
FILLER_36_177,VSS,Metal1,123.0445,157.4375,0.000000
FILLER_36_140,VSS,Metal1,85.4000,156.8000,0.000000
FILLER_36_124,VSS,Metal1,80.0320,157.3480,0.000000
FILLER_36_115,VSS,Metal1,71.8600,157.1485,0.000000
FILLER_36_107,VSS,Metal1,68.3730,157.2615,0.000000
FILLER_36_104,VSS,Metal1,65.2400,156.8000,0.000000
FILLER_36_102,VSS,Metal1,64.4000,156.8000,0.000000
FILLER_36_93,VSS,Metal1,59.0800,156.8000,0.000000
FILLER_36_91,VSS,Metal1,58.2400,156.8000,0.000000
FILLER_36_87,VSS,Metal1,56.1800,157.1485,0.000000
FILLER_36_71,VSS,Metal1,50.3520,157.3480,0.000000
FILLER_36_34,VSS,Metal1,26.0400,156.8000,0.000000
FILLER_36_2,VSS,Metal1,16.1240,157.3975,0.000000
FILLER_35_776,VSS,Metal1,441.5600,156.8000,0.000000
FILLER_35_772,VSS,Metal1,439.7800,156.4510,0.000000
FILLER_35_768,VSS,Metal1,437.3600,156.8000,0.000000
FILLER_35_764,VSS,Metal1,435.3000,156.4510,0.000000
FILLER_35_758,VSS,Metal1,431.7600,156.8000,0.000000
FILLER_35_750,VSS,Metal1,428.4530,156.3380,0.000000
FILLER_35_734,VSS,Metal1,421.6320,156.2520,0.000000
FILLER_35_702,VSS,Metal1,408.1240,156.2020,0.000000
FILLER_35_695,VSS,Metal1,396.2000,156.8000,0.000000
FILLER_35_660,VSS,Metal1,376.6000,156.8000,0.000000
FILLER_35_656,VSS,Metal1,374.8200,156.4510,0.000000
FILLER_35_648,VSS,Metal1,371.3330,156.3380,0.000000
FILLER_35_632,VSS,Metal1,364.5120,156.2520,0.000000
FILLER_35_629,VSS,Metal1,359.2400,156.8000,0.000000
FILLER_35_621,VSS,Metal1,356.2130,156.3380,0.000000
FILLER_35_608,VSS,Metal1,347.4800,156.8000,0.000000
FILLER_35_600,VSS,Metal1,344.4530,156.3380,0.000000
FILLER_35_593,VSS,Metal1,339.3600,156.8000,0.000000
FILLER_35_585,VSS,Metal1,336.0530,156.3380,0.000000
FILLER_35_572,VSS,Metal1,327.6000,156.8000,0.000000
FILLER_35_568,VSS,Metal1,325.5400,156.4510,0.000000
FILLER_35_562,VSS,Metal1,322.0000,156.8000,0.000000
FILLER_35_559,VSS,Metal1,320.0400,156.8000,0.000000
FILLER_35_557,VSS,Metal1,319.2000,156.8000,0.000000
FILLER_35_542,VSS,Metal1,310.5200,156.8000,0.000000
FILLER_35_540,VSS,Metal1,309.6800,156.8000,0.000000
FILLER_35_524,VSS,Metal1,304.0320,156.2520,0.000000
FILLER_35_492,VSS,Metal1,290.5240,156.2020,0.000000
FILLER_35_486,VSS,Metal1,279.6200,156.4510,0.000000
FILLER_35_422,VSS,Metal1,260.2445,156.1620,0.000000
FILLER_35_399,VSS,Metal1,234.0320,156.2520,0.000000
FILLER_35_383,VSS,Metal1,222.9330,156.3380,0.000000
FILLER_35_376,VSS,Metal1,217.8400,156.8000,0.000000
FILLER_35_368,VSS,Metal1,214.5330,156.3380,0.000000
FILLER_35_352,VSS,Metal1,207.7120,156.2520,0.000000
FILLER_35_348,VSS,Metal1,202.1600,156.8000,0.000000
FILLER_35_316,VSS,Metal1,191.9640,156.2020,0.000000
FILLER_35_279,VSS,Metal1,163.2400,156.8000,0.000000
FILLER_35_277,VSS,Metal1,162.4000,156.8000,0.000000
FILLER_35_269,VSS,Metal1,159.0930,156.3380,0.000000
FILLER_35_212,VSS,Metal1,125.7200,156.8000,0.000000
FILLER_35_174,VSS,Metal1,104.7200,156.8000,0.000000
FILLER_35_142,VSS,Metal1,94.5240,156.2020,0.000000
FILLER_35_136,VSS,Metal1,83.6200,156.4510,0.000000
FILLER_35_104,VSS,Metal1,73.2440,156.2020,0.000000
FILLER_35_98,VSS,Metal1,61.8800,156.8000,0.000000
FILLER_35_96,VSS,Metal1,61.0400,156.8000,0.000000
FILLER_35_88,VSS,Metal1,57.7330,156.3380,0.000000
FILLER_35_72,VSS,Metal1,50.9120,156.2520,0.000000
FILLER_35_66,VSS,Metal1,44.4200,156.4510,0.000000
FILLER_35_2,VSS,Metal1,25.0445,156.1620,0.000000
FILLER_34_776,VSS,Metal1,441.5600,148.9600,0.000000
FILLER_34_774,VSS,Metal1,440.7200,148.9600,0.000000
FILLER_34_770,VSS,Metal1,438.6600,149.3085,0.000000
FILLER_34_754,VSS,Metal1,432.8320,149.5080,0.000000
FILLER_34_749,VSS,Metal1,426.4400,148.9600,0.000000
FILLER_34_745,VSS,Metal1,424.6600,149.3085,0.000000
FILLER_34_737,VSS,Metal1,421.1730,149.4215,0.000000
FILLER_34_734,VSS,Metal1,418.0400,148.9600,0.000000
FILLER_34_718,VSS,Metal1,412.6720,149.5080,0.000000
FILLER_34_667,VSS,Metal1,388.5240,149.5575,0.000000
FILLER_34_663,VSS,Metal1,378.5600,148.9600,0.000000
FILLER_34_659,VSS,Metal1,376.5000,149.3085,0.000000
FILLER_34_624,VSS,Metal1,356.4400,148.9600,0.000000
FILLER_34_620,VSS,Metal1,354.6600,149.3085,0.000000
FILLER_34_591,VSS,Metal1,338.4200,149.3085,0.000000
FILLER_34_583,VSS,Metal1,334.9330,149.4215,0.000000
FILLER_34_577,VSS,Metal1,330.1200,148.9600,0.000000
FILLER_34_561,VSS,Metal1,324.7520,149.5080,0.000000
FILLER_34_547,VSS,Metal1,313.3200,148.9600,0.000000
FILLER_34_539,VSS,Metal1,310.2930,149.4215,0.000000
FILLER_34_527,VSS,Metal1,303.5730,149.4215,0.000000
FILLER_34_453,VSS,Metal1,260.9600,148.9600,0.000000
FILLER_34_445,VSS,Metal1,257.6530,149.4215,0.000000
FILLER_34_431,VSS,Metal1,248.6400,148.9600,0.000000
FILLER_34_427,VSS,Metal1,246.5800,149.3085,0.000000
FILLER_34_419,VSS,Metal1,243.0930,149.4215,0.000000
FILLER_34_387,VSS,Metal1,231.7240,149.5575,0.000000
FILLER_34_383,VSS,Metal1,221.7600,148.9600,0.000000
FILLER_34_365,VSS,Metal1,211.6800,148.9600,0.000000
FILLER_34_349,VSS,Metal1,206.0320,149.5080,0.000000
FILLER_34_317,VSS,Metal1,192.5240,149.5575,0.000000
FILLER_34_314,VSS,Metal1,182.8400,148.9600,0.000000
FILLER_34_312,VSS,Metal1,182.0000,148.9600,0.000000
FILLER_34_280,VSS,Metal1,171.8040,149.5575,0.000000
FILLER_34_255,VSS,Metal1,150.0800,148.9600,0.000000
FILLER_34_247,VSS,Metal1,146.7730,149.4215,0.000000
FILLER_34_241,VSS,Metal1,142.4200,149.3085,0.000000
FILLER_34_177,VSS,Metal1,123.0445,149.5975,0.000000
FILLER_34_171,VSS,Metal1,103.2200,149.3085,0.000000
FILLER_34_107,VSS,Metal1,83.8445,149.5975,0.000000
FILLER_34_103,VSS,Metal1,64.9600,148.9600,0.000000
FILLER_34_99,VSS,Metal1,62.9000,149.3085,0.000000
FILLER_34_91,VSS,Metal1,59.4130,149.4215,0.000000
FILLER_34_75,VSS,Metal1,52.5920,149.5080,0.000000
FILLER_34_37,VSS,Metal1,35.7240,149.5575,0.000000
FILLER_34_34,VSS,Metal1,26.0400,148.9600,0.000000
FILLER_34_32,VSS,Metal1,25.2000,148.9600,0.000000
FILLER_34_24,VSS,Metal1,21.8930,149.4215,0.000000
FILLER_34_10,VSS,Metal1,12.8800,148.9600,0.000000
FILLER_34_2,VSS,Metal1,9.5730,149.4215,0.000000
FILLER_33_776,VSS,Metal1,441.5600,148.9600,0.000000
FILLER_33_772,VSS,Metal1,439.7800,148.6110,0.000000
FILLER_33_769,VSS,Metal1,437.6400,148.9600,0.000000
FILLER_33_767,VSS,Metal1,436.8000,148.9600,0.000000
FILLER_33_763,VSS,Metal1,434.7400,148.6110,0.000000
FILLER_33_728,VSS,Metal1,414.6800,148.9600,0.000000
FILLER_33_726,VSS,Metal1,413.8400,148.9600,0.000000
FILLER_33_718,VSS,Metal1,410.5330,148.4980,0.000000
FILLER_33_702,VSS,Metal1,403.7120,148.4120,0.000000
FILLER_33_696,VSS,Metal1,397.2200,148.6110,0.000000
FILLER_33_632,VSS,Metal1,377.8445,148.3220,0.000000
FILLER_33_626,VSS,Metal1,358.0200,148.6110,0.000000
FILLER_33_610,VSS,Metal1,352.1920,148.4120,0.000000
FILLER_33_594,VSS,Metal1,341.0930,148.4980,0.000000
FILLER_33_562,VSS,Metal1,329.7240,148.3620,0.000000
FILLER_33_556,VSS,Metal1,318.8200,148.6110,0.000000
FILLER_33_492,VSS,Metal1,299.4445,148.3220,0.000000
FILLER_33_486,VSS,Metal1,279.6200,148.6110,0.000000
FILLER_33_422,VSS,Metal1,260.2445,148.3220,0.000000
FILLER_33_419,VSS,Metal1,241.6400,148.9600,0.000000
FILLER_33_417,VSS,Metal1,240.8000,148.9600,0.000000
FILLER_33_385,VSS,Metal1,230.6040,148.3620,0.000000
FILLER_33_378,VSS,Metal1,218.6800,148.9600,0.000000
FILLER_33_376,VSS,Metal1,217.8400,148.9600,0.000000
FILLER_33_368,VSS,Metal1,214.5330,148.4980,0.000000
FILLER_33_352,VSS,Metal1,207.7120,148.4120,0.000000
FILLER_33_346,VSS,Metal1,201.2200,148.6110,0.000000
FILLER_33_282,VSS,Metal1,181.8445,148.3220,0.000000
FILLER_33_276,VSS,Metal1,162.0200,148.6110,0.000000
FILLER_33_268,VSS,Metal1,158.5330,148.4980,0.000000
FILLER_33_252,VSS,Metal1,151.7120,148.4120,0.000000
FILLER_33_243,VSS,Metal1,143.0800,148.9600,0.000000
FILLER_33_236,VSS,Metal1,139.1600,148.9600,0.000000
FILLER_33_228,VSS,Metal1,136.1330,148.4980,0.000000
FILLER_33_212,VSS,Metal1,129.3120,148.4120,0.000000
FILLER_33_206,VSS,Metal1,122.8200,148.6110,0.000000
FILLER_33_142,VSS,Metal1,103.4445,148.3220,0.000000
FILLER_33_138,VSS,Metal1,84.5600,148.9600,0.000000
FILLER_33_122,VSS,Metal1,78.9120,148.4120,0.000000
FILLER_33_68,VSS,Metal1,45.3600,148.9600,0.000000
FILLER_33_36,VSS,Metal1,35.1640,148.3620,0.000000
FILLER_32_769,VSS,Metal1,439.0930,141.5815,0.000000
FILLER_32_737,VSS,Metal1,427.7240,141.7175,0.000000
FILLER_32_731,VSS,Metal1,416.8200,141.4685,0.000000
FILLER_32_667,VSS,Metal1,397.4445,141.7575,0.000000
FILLER_32_661,VSS,Metal1,377.6200,141.4685,0.000000
FILLER_32_597,VSS,Metal1,358.2445,141.7575,0.000000
FILLER_32_591,VSS,Metal1,338.4200,141.4685,0.000000
FILLER_32_527,VSS,Metal1,319.0445,141.7575,0.000000
FILLER_32_521,VSS,Metal1,299.2200,141.4685,0.000000
FILLER_32_457,VSS,Metal1,279.8445,141.7575,0.000000
FILLER_32_454,VSS,Metal1,261.2400,141.1200,0.000000
FILLER_32_452,VSS,Metal1,260.4000,141.1200,0.000000
FILLER_32_448,VSS,Metal1,258.3400,141.4685,0.000000
FILLER_32_440,VSS,Metal1,254.8530,141.5815,0.000000
FILLER_32_424,VSS,Metal1,248.0320,141.6680,0.000000
FILLER_32_387,VSS,Metal1,231.7240,141.7175,0.000000
FILLER_32_384,VSS,Metal1,222.0400,141.1200,0.000000
FILLER_32_382,VSS,Metal1,221.2000,141.1200,0.000000
FILLER_32_374,VSS,Metal1,217.8930,141.5815,0.000000
FILLER_32_358,VSS,Metal1,211.0720,141.6680,0.000000
FILLER_32_323,VSS,Metal1,187.8800,141.1200,0.000000
FILLER_32_321,VSS,Metal1,187.0400,141.1200,0.000000
FILLER_32_317,VSS,Metal1,184.9800,141.4685,0.000000
FILLER_32_307,VSS,Metal1,180.3730,141.5815,0.000000
FILLER_32_291,VSS,Metal1,173.5520,141.6680,0.000000
FILLER_32_259,VSS,Metal1,160.0440,141.7175,0.000000
FILLER_32_244,VSS,Metal1,143.6400,141.1200,0.000000
FILLER_32_242,VSS,Metal1,142.8000,141.1200,0.000000
FILLER_32_227,VSS,Metal1,134.1200,141.1200,0.000000
FILLER_32_225,VSS,Metal1,133.2800,141.1200,0.000000
FILLER_32_217,VSS,Metal1,129.9730,141.5815,0.000000
FILLER_32_185,VSS,Metal1,118.6040,141.7175,0.000000
FILLER_32_174,VSS,Metal1,104.4400,141.1200,0.000000
FILLER_32_170,VSS,Metal1,102.6600,141.4685,0.000000
FILLER_32_154,VSS,Metal1,96.8320,141.6680,0.000000
FILLER_32_119,VSS,Metal1,73.6400,141.1200,0.000000
FILLER_32_115,VSS,Metal1,71.8600,141.4685,0.000000
FILLER_32_107,VSS,Metal1,68.3730,141.5815,0.000000
FILLER_32_101,VSS,Metal1,64.0200,141.4685,0.000000
FILLER_32_37,VSS,Metal1,44.6445,141.7575,0.000000
FILLER_32_34,VSS,Metal1,26.0400,141.1200,0.000000
FILLER_32_2,VSS,Metal1,16.1240,141.7175,0.000000
FILLER_31_776,VSS,Metal1,441.5600,141.1200,0.000000
FILLER_31_772,VSS,Metal1,439.7800,140.7710,0.000000
FILLER_31_769,VSS,Metal1,437.6400,141.1200,0.000000
FILLER_31_767,VSS,Metal1,436.8000,141.1200,0.000000
FILLER_31_751,VSS,Metal1,431.1520,140.5720,0.000000
FILLER_31_719,VSS,Metal1,417.6440,140.5220,0.000000
FILLER_31_714,VSS,Metal1,406.8400,141.1200,0.000000
FILLER_31_710,VSS,Metal1,405.0600,140.7710,0.000000
FILLER_31_702,VSS,Metal1,401.5730,140.6580,0.000000
FILLER_31_699,VSS,Metal1,398.4400,141.1200,0.000000
FILLER_31_697,VSS,Metal1,397.6000,141.1200,0.000000
FILLER_31_689,VSS,Metal1,394.2930,140.6580,0.000000
FILLER_31_673,VSS,Metal1,387.4720,140.5720,0.000000
FILLER_31_638,VSS,Metal1,364.2800,141.1200,0.000000
FILLER_31_636,VSS,Metal1,363.4400,141.1200,0.000000
FILLER_31_632,VSS,Metal1,361.3800,140.7710,0.000000
FILLER_31_626,VSS,Metal1,358.0200,140.7710,0.000000
FILLER_31_562,VSS,Metal1,338.6445,140.4820,0.000000
FILLER_31_556,VSS,Metal1,318.8200,140.7710,0.000000
FILLER_31_492,VSS,Metal1,299.4445,140.4820,0.000000
FILLER_31_486,VSS,Metal1,279.6200,140.7710,0.000000
FILLER_31_478,VSS,Metal1,276.1330,140.6580,0.000000
FILLER_31_462,VSS,Metal1,269.3120,140.5720,0.000000
FILLER_31_430,VSS,Metal1,255.8040,140.5220,0.000000
FILLER_31_416,VSS,Metal1,240.4200,140.7710,0.000000
FILLER_31_352,VSS,Metal1,221.0445,140.4820,0.000000
FILLER_31_346,VSS,Metal1,201.2200,140.7710,0.000000
FILLER_31_282,VSS,Metal1,181.8445,140.4820,0.000000
FILLER_31_276,VSS,Metal1,162.0200,140.7710,0.000000
FILLER_31_212,VSS,Metal1,142.6445,140.4820,0.000000
FILLER_31_206,VSS,Metal1,122.8200,140.7710,0.000000
FILLER_31_192,VSS,Metal1,114.5200,141.1200,0.000000
FILLER_31_190,VSS,Metal1,113.6800,141.1200,0.000000
FILLER_31_174,VSS,Metal1,108.0320,140.5720,0.000000
FILLER_31_142,VSS,Metal1,94.5240,140.5220,0.000000
FILLER_31_139,VSS,Metal1,84.8400,141.1200,0.000000
FILLER_31_137,VSS,Metal1,84.0000,141.1200,0.000000
FILLER_31_121,VSS,Metal1,78.3520,140.5720,0.000000
FILLER_31_96,VSS,Metal1,61.0400,141.1200,0.000000
FILLER_31_88,VSS,Metal1,57.7330,140.6580,0.000000
FILLER_31_72,VSS,Metal1,50.9120,140.5720,0.000000
FILLER_31_66,VSS,Metal1,44.4200,140.7710,0.000000
FILLER_31_2,VSS,Metal1,25.0445,140.4820,0.000000
FILLER_30_737,VSS,Metal1,420.0000,133.2800,0.000235
FILLER_30_733,VSS,Metal1,417.7600,133.2800,0.000235
FILLER_30_725,VSS,Metal1,414.4530,133.7415,0.000235
FILLER_30_683,VSS,Metal1,390.9330,133.7415,0.000228
FILLER_30_667,VSS,Metal1,384.1120,133.8280,0.000228
FILLER_30_661,VSS,Metal1,377.6200,133.6285,0.000228
FILLER_30_597,VSS,Metal1,358.2445,133.9175,0.000227
FILLER_30_591,VSS,Metal1,338.4200,133.6285,0.000226
FILLER_30_527,VSS,Metal1,319.0445,133.9175,0.000225
FILLER_30_521,VSS,Metal1,299.2200,133.6285,0.000222
FILLER_30_457,VSS,Metal1,279.8445,133.9175,0.000221
FILLER_30_451,VSS,Metal1,260.0200,133.6285,0.000221
FILLER_30_387,VSS,Metal1,240.6445,133.9175,0.000220
FILLER_30_381,VSS,Metal1,220.8200,133.6285,0.000205
FILLER_30_317,VSS,Metal1,201.4445,133.9175,0.000201
FILLER_30_313,VSS,Metal1,182.5600,133.2800,0.000199
FILLER_30_309,VSS,Metal1,180.5000,133.6285,0.000199
FILLER_30_301,VSS,Metal1,177.0130,133.7415,0.000200
FILLER_30_263,VSS,Metal1,154.7400,133.6285,0.000166
FILLER_30_247,VSS,Metal1,148.9120,133.8280,0.000166
FILLER_30_244,VSS,Metal1,143.6400,133.2800,0.000166
FILLER_30_236,VSS,Metal1,140.6130,133.7415,0.000166
FILLER_30_220,VSS,Metal1,133.7920,133.8280,0.000166
FILLER_30_188,VSS,Metal1,120.2840,133.8775,0.000166
FILLER_30_171,VSS,Metal1,103.2200,133.6285,0.000128
FILLER_30_107,VSS,Metal1,83.8445,133.9175,0.000126
FILLER_30_103,VSS,Metal1,64.9600,133.2800,0.000126
FILLER_30_99,VSS,Metal1,62.9000,133.6285,0.000126
FILLER_30_41,VSS,Metal1,29.9600,133.2800,0.000119
FILLER_30_37,VSS,Metal1,28.1800,133.6285,0.000116
FILLER_30_34,VSS,Metal1,26.0400,133.2800,0.000099
FILLER_30_2,VSS,Metal1,16.1240,133.8775,0.000102
FILLER_29_776,VSS,Metal1,441.5600,133.2800,0.000236
FILLER_29_772,VSS,Metal1,439.7800,132.9310,0.000236
FILLER_29_766,VSS,Metal1,436.4200,132.9310,0.000236
FILLER_29_702,VSS,Metal1,417.0445,132.6420,0.000235
FILLER_29_696,VSS,Metal1,397.2200,132.9310,0.000235
FILLER_29_632,VSS,Metal1,377.8445,132.6420,0.000228
FILLER_29_626,VSS,Metal1,358.0200,132.9310,0.000227
FILLER_29_562,VSS,Metal1,338.6445,132.6420,0.000226
FILLER_29_559,VSS,Metal1,320.0400,133.2800,0.000225
FILLER_29_551,VSS,Metal1,317.0130,132.8180,0.000225
FILLER_29_546,VSS,Metal1,312.7600,133.2800,0.000225
FILLER_29_544,VSS,Metal1,311.9200,133.2800,0.000225
FILLER_29_540,VSS,Metal1,309.8600,132.9310,0.000225
FILLER_29_532,VSS,Metal1,306.3730,132.8180,0.000225
FILLER_29_496,VSS,Metal1,285.0400,133.2800,0.000221
FILLER_29_492,VSS,Metal1,282.9800,132.9310,0.000221
FILLER_29_486,VSS,Metal1,279.6200,132.9310,0.000221
FILLER_29_422,VSS,Metal1,260.2445,132.6420,0.000221
FILLER_29_419,VSS,Metal1,241.6400,133.2800,0.000220
FILLER_29_417,VSS,Metal1,240.8000,133.2800,0.000220
FILLER_29_413,VSS,Metal1,238.7400,132.9310,0.000220
FILLER_29_406,VSS,Metal1,234.3600,133.2800,0.000220
FILLER_29_404,VSS,Metal1,233.5200,133.2800,0.000220
FILLER_29_400,VSS,Metal1,231.4600,132.9310,0.000220
FILLER_29_384,VSS,Metal1,225.6320,132.7320,0.000220
FILLER_29_352,VSS,Metal1,212.1240,132.6820,0.000201
FILLER_29_349,VSS,Metal1,202.4400,133.2800,0.000201
FILLER_29_345,VSS,Metal1,200.6600,132.9310,0.000201
FILLER_29_337,VSS,Metal1,197.1730,132.8180,0.000201
FILLER_29_302,VSS,Metal1,176.1200,133.2800,0.000200
FILLER_29_298,VSS,Metal1,174.3400,132.9310,0.000195
FILLER_29_282,VSS,Metal1,168.5120,132.7320,0.000167
FILLER_29_276,VSS,Metal1,162.0200,132.9310,0.000167
FILLER_29_212,VSS,Metal1,142.6445,132.6420,0.000166
FILLER_29_208,VSS,Metal1,123.7600,133.2800,0.000166
FILLER_29_200,VSS,Metal1,120.4530,132.8180,0.000166
FILLER_29_184,VSS,Metal1,113.6320,132.7320,0.000166
FILLER_29_174,VSS,Metal1,104.4400,133.2800,0.000128
FILLER_29_142,VSS,Metal1,94.5240,132.6820,0.000126
FILLER_29_136,VSS,Metal1,83.6200,132.9310,0.000126
FILLER_29_72,VSS,Metal1,64.2445,132.6420,0.000126
FILLER_29_69,VSS,Metal1,45.6400,133.2800,0.000125
FILLER_29_67,VSS,Metal1,44.8000,133.2800,0.000125
FILLER_29_63,VSS,Metal1,42.7400,132.9310,0.000119
FILLER_29_55,VSS,Metal1,39.2530,132.8180,0.000119
FILLER_29_39,VSS,Metal1,32.4320,132.7320,0.000119
FILLER_29_4,VSS,Metal1,9.2400,133.2800,0.000102
FILLER_29_2,VSS,Metal1,8.4000,133.2800,0.000102
FILLER_28_741,VSS,Metal1,422.2400,125.4400,0.000000
FILLER_28_737,VSS,Metal1,420.1800,125.7885,0.000000
FILLER_28_731,VSS,Metal1,416.8200,125.7885,0.000000
FILLER_28_667,VSS,Metal1,397.4445,126.0775,0.000000
FILLER_28_664,VSS,Metal1,378.8400,125.4400,0.000000
FILLER_28_656,VSS,Metal1,375.8130,125.9015,0.000000
FILLER_28_640,VSS,Metal1,368.9920,125.9880,0.000000
FILLER_28_613,VSS,Metal1,350.7400,125.7885,0.000000
FILLER_28_605,VSS,Metal1,347.2530,125.9015,0.000000
FILLER_28_593,VSS,Metal1,339.3600,125.4400,0.000000
FILLER_28_589,VSS,Metal1,337.3000,125.7885,0.000000
FILLER_28_557,VSS,Metal1,326.9240,126.0375,0.000000
FILLER_28_550,VSS,Metal1,315.0000,125.4400,0.000000
FILLER_28_548,VSS,Metal1,314.1600,125.4400,0.000000
FILLER_28_535,VSS,Metal1,307.0600,125.7885,0.000000
FILLER_28_527,VSS,Metal1,303.5730,125.9015,0.000000
FILLER_28_521,VSS,Metal1,299.2200,125.7885,0.000000
FILLER_28_513,VSS,Metal1,295.7330,125.9015,0.000000
FILLER_28_497,VSS,Metal1,288.9120,125.9880,0.000000
FILLER_28_461,VSS,Metal1,265.4400,125.4400,0.000000
FILLER_28_457,VSS,Metal1,263.3800,125.7885,0.000000
FILLER_28_431,VSS,Metal1,248.3600,125.4400,0.000000
FILLER_28_427,VSS,Metal1,246.5800,125.7885,0.000000
FILLER_28_419,VSS,Metal1,243.0930,125.9015,0.000000
FILLER_28_387,VSS,Metal1,231.7240,126.0375,0.000000
FILLER_28_365,VSS,Metal1,212.8530,125.9015,0.000000
FILLER_28_357,VSS,Metal1,207.3800,125.7885,0.000000
FILLER_28_349,VSS,Metal1,203.8930,125.9015,0.000000
FILLER_28_317,VSS,Metal1,192.5240,126.0375,0.000000
FILLER_28_311,VSS,Metal1,181.6200,125.7885,0.000000
FILLER_28_247,VSS,Metal1,162.2445,126.0775,0.000000
FILLER_28_241,VSS,Metal1,142.4200,125.7885,0.000000
FILLER_28_177,VSS,Metal1,123.0445,126.0775,0.000000
FILLER_28_171,VSS,Metal1,103.2200,125.7885,0.000000
FILLER_28_107,VSS,Metal1,83.8445,126.0775,0.000000
FILLER_28_104,VSS,Metal1,65.2400,125.4400,0.000000
FILLER_28_102,VSS,Metal1,64.4000,125.4400,0.000000
FILLER_28_94,VSS,Metal1,61.0930,125.9015,0.000000
FILLER_28_78,VSS,Metal1,54.2720,125.9880,0.000000
FILLER_28_46,VSS,Metal1,40.7640,126.0375,0.000000
FILLER_28_41,VSS,Metal1,29.9600,125.4400,0.000000
FILLER_28_37,VSS,Metal1,28.1800,125.7885,0.000000
FILLER_28_31,VSS,Metal1,24.8200,125.7885,0.000000
FILLER_28_23,VSS,Metal1,21.3330,125.9015,0.000000
FILLER_28_16,VSS,Metal1,15.9600,125.4400,0.000000
FILLER_28_14,VSS,Metal1,15.1200,125.4400,0.000000
FILLER_28_10,VSS,Metal1,13.0600,125.7885,0.000000
FILLER_28_2,VSS,Metal1,9.5730,125.9015,0.000000
FILLER_27_776,VSS,Metal1,441.5600,125.4400,0.000000
FILLER_27_772,VSS,Metal1,439.7800,125.0910,0.000000
FILLER_27_766,VSS,Metal1,436.4200,125.0910,0.000000
FILLER_27_702,VSS,Metal1,417.0445,124.8020,0.000000
FILLER_27_698,VSS,Metal1,398.1600,125.4400,0.000000
FILLER_27_694,VSS,Metal1,396.1000,125.0910,0.000000
FILLER_27_686,VSS,Metal1,392.6130,124.9780,0.000000
FILLER_27_648,VSS,Metal1,370.3400,125.0910,0.000000
FILLER_27_632,VSS,Metal1,364.5120,124.8920,0.000000
FILLER_27_629,VSS,Metal1,359.2400,125.4400,0.000000
FILLER_27_627,VSS,Metal1,358.4000,125.4400,0.000000
FILLER_27_619,VSS,Metal1,355.0930,124.9780,0.000000
FILLER_27_603,VSS,Metal1,348.2720,124.8920,0.000000
FILLER_27_597,VSS,Metal1,341.3200,125.4400,0.000000
FILLER_27_588,VSS,Metal1,336.2800,125.4400,0.000000
FILLER_27_586,VSS,Metal1,335.4400,125.4400,0.000000
FILLER_27_578,VSS,Metal1,332.1330,124.9780,0.000000
FILLER_27_562,VSS,Metal1,323.1730,124.9780,0.000000
FILLER_27_559,VSS,Metal1,320.0400,125.4400,0.000000
FILLER_27_555,VSS,Metal1,318.2600,125.0910,0.000000
FILLER_27_548,VSS,Metal1,314.1600,125.4400,0.000000
FILLER_27_540,VSS,Metal1,310.8530,124.9780,0.000000
FILLER_27_524,VSS,Metal1,304.0320,124.8920,0.000000
FILLER_27_492,VSS,Metal1,290.5240,124.8420,0.000000
FILLER_27_486,VSS,Metal1,279.6200,125.0910,0.000000
FILLER_27_422,VSS,Metal1,260.2445,124.8020,0.000000
FILLER_27_418,VSS,Metal1,241.3600,125.4400,0.000000
FILLER_27_414,VSS,Metal1,239.3000,125.0910,0.000000
FILLER_27_395,VSS,Metal1,228.2000,125.4400,0.000000
FILLER_27_393,VSS,Metal1,227.3600,125.4400,0.000000
FILLER_27_385,VSS,Metal1,224.0530,124.9780,0.000000
FILLER_27_369,VSS,Metal1,217.2320,124.8920,0.000000
FILLER_27_363,VSS,Metal1,210.2800,125.4400,0.000000
FILLER_27_356,VSS,Metal1,206.6400,125.4400,0.000000
FILLER_27_352,VSS,Metal1,204.5800,125.0910,0.000000
FILLER_27_346,VSS,Metal1,201.2200,125.0910,0.000000
FILLER_27_282,VSS,Metal1,181.8445,124.8020,0.000000
FILLER_27_276,VSS,Metal1,162.0200,125.0910,0.000000
FILLER_27_212,VSS,Metal1,142.6445,124.8020,0.000000
FILLER_27_209,VSS,Metal1,124.0400,125.4400,0.000000
FILLER_27_205,VSS,Metal1,122.2600,125.0910,0.000000
FILLER_27_198,VSS,Metal1,118.1600,125.4400,0.000000
FILLER_27_194,VSS,Metal1,116.1000,125.0910,0.000000
FILLER_27_188,VSS,Metal1,112.2800,125.4400,0.000000
FILLER_27_186,VSS,Metal1,111.4400,125.4400,0.000000
FILLER_27_182,VSS,Metal1,109.3800,125.0910,0.000000
FILLER_27_174,VSS,Metal1,105.8930,124.9780,0.000000
FILLER_27_142,VSS,Metal1,94.5240,124.8420,0.000000
FILLER_27_136,VSS,Metal1,83.6200,125.0910,0.000000
FILLER_27_72,VSS,Metal1,64.2445,124.8020,0.000000
FILLER_27_68,VSS,Metal1,45.3600,125.4400,0.000000
FILLER_27_36,VSS,Metal1,35.1640,124.8420,0.000000
FILLER_27_26,VSS,Metal1,21.8400,125.4400,0.000000
FILLER_27_18,VSS,Metal1,18.5330,124.9780,0.000000
FILLER_27_2,VSS,Metal1,11.7120,124.8920,0.000000
FILLER_26_776,VSS,Metal1,441.5600,117.6000,0.000000
FILLER_26_774,VSS,Metal1,440.7200,117.6000,0.000000
FILLER_26_758,VSS,Metal1,435.0720,118.1480,0.000000
FILLER_26_734,VSS,Metal1,418.0400,117.6000,0.000000
FILLER_26_732,VSS,Metal1,417.2000,117.6000,0.000000
FILLER_26_728,VSS,Metal1,415.1400,117.9485,0.000000
FILLER_26_693,VSS,Metal1,395.0800,117.6000,0.000000
FILLER_26_691,VSS,Metal1,394.2400,117.6000,0.000000
FILLER_26_683,VSS,Metal1,390.9330,118.0615,0.000000
FILLER_26_667,VSS,Metal1,384.1120,118.1480,0.000000
FILLER_26_661,VSS,Metal1,377.6200,117.9485,0.000000
FILLER_26_653,VSS,Metal1,374.1330,118.0615,0.000000
FILLER_26_637,VSS,Metal1,367.3120,118.1480,0.000000
FILLER_26_621,VSS,Metal1,355.2200,117.9485,0.000000
FILLER_26_613,VSS,Metal1,351.7330,118.0615,0.000000
FILLER_26_597,VSS,Metal1,344.9120,118.1480,0.000000
FILLER_26_581,VSS,Metal1,333.8130,118.0615,0.000000
FILLER_26_568,VSS,Metal1,325.0800,117.6000,0.000000
FILLER_26_566,VSS,Metal1,324.2400,117.6000,0.000000
FILLER_26_562,VSS,Metal1,322.1800,117.9485,0.000000
FILLER_26_543,VSS,Metal1,312.5330,118.0615,0.000000
FILLER_26_527,VSS,Metal1,305.7120,118.1480,0.000000
FILLER_26_521,VSS,Metal1,299.2200,117.9485,0.000000
FILLER_26_457,VSS,Metal1,279.8445,118.2375,0.000000
FILLER_26_454,VSS,Metal1,261.2400,117.6000,0.000000
FILLER_26_452,VSS,Metal1,260.4000,117.6000,0.000000
FILLER_26_436,VSS,Metal1,251.6200,117.9485,0.000000
FILLER_26_420,VSS,Metal1,245.7920,118.1480,0.000000
FILLER_26_397,VSS,Metal1,229.3200,117.6000,0.000000
FILLER_26_395,VSS,Metal1,228.4800,117.6000,0.000000
FILLER_26_387,VSS,Metal1,225.1730,118.0615,0.000000
FILLER_26_384,VSS,Metal1,222.0400,117.6000,0.000000
FILLER_26_382,VSS,Metal1,221.2000,117.6000,0.000000
FILLER_26_378,VSS,Metal1,219.1400,117.9485,0.000000
FILLER_26_370,VSS,Metal1,215.6530,118.0615,0.000000
FILLER_26_349,VSS,Metal1,202.9000,117.9485,0.000000
FILLER_26_317,VSS,Metal1,192.5240,118.1975,0.000000
FILLER_26_311,VSS,Metal1,181.6200,117.9485,0.000000
FILLER_26_303,VSS,Metal1,178.1330,118.0615,0.000000
FILLER_26_287,VSS,Metal1,171.3120,118.1480,0.000000
FILLER_26_255,VSS,Metal1,157.8040,118.1975,0.000000
FILLER_26_243,VSS,Metal1,143.3600,117.6000,0.000000
FILLER_26_223,VSS,Metal1,132.1600,117.6000,0.000000
FILLER_26_191,VSS,Metal1,121.9640,118.1975,0.000000
FILLER_26_181,VSS,Metal1,108.3600,117.6000,0.000000
FILLER_26_177,VSS,Metal1,106.5800,117.9485,0.000000
FILLER_26_174,VSS,Metal1,104.4400,117.6000,0.000000
FILLER_26_172,VSS,Metal1,103.6000,117.6000,0.000000
FILLER_26_164,VSS,Metal1,100.2930,118.0615,0.000000
FILLER_26_129,VSS,Metal1,79.2400,117.6000,0.000000
FILLER_26_127,VSS,Metal1,78.4000,117.6000,0.000000
FILLER_26_123,VSS,Metal1,76.3400,117.9485,0.000000
FILLER_26_107,VSS,Metal1,70.5120,118.1480,0.000000
FILLER_26_95,VSS,Metal1,60.4800,117.6000,0.000000
FILLER_26_79,VSS,Metal1,54.8320,118.1480,0.000000
FILLER_26_69,VSS,Metal1,45.9200,117.6000,0.000000
FILLER_26_37,VSS,Metal1,35.7240,118.1975,0.000000
FILLER_26_34,VSS,Metal1,26.0400,117.6000,0.000000
FILLER_26_2,VSS,Metal1,16.1240,118.1975,0.000000
FILLER_25_776,VSS,Metal1,441.5600,117.6000,0.000000
FILLER_25_772,VSS,Metal1,439.7800,117.2510,0.000000
FILLER_25_769,VSS,Metal1,437.6400,117.6000,0.000000
FILLER_25_753,VSS,Metal1,432.2720,117.0520,0.000000
FILLER_25_702,VSS,Metal1,408.1240,117.0020,0.000000
FILLER_25_684,VSS,Metal1,393.6320,117.0520,0.000000
FILLER_25_652,VSS,Metal1,380.1240,117.0020,0.000000
FILLER_25_637,VSS,Metal1,364.0000,117.6000,0.000000
FILLER_25_629,VSS,Metal1,359.2400,117.6000,0.000000
FILLER_25_627,VSS,Metal1,358.4000,117.6000,0.000000
FILLER_25_619,VSS,Metal1,355.0930,117.1380,0.000000
FILLER_25_603,VSS,Metal1,348.2720,117.0520,0.000000
FILLER_25_571,VSS,Metal1,334.7640,117.0020,0.000000
FILLER_25_528,VSS,Metal1,310.6840,117.0020,0.000000
FILLER_25_492,VSS,Metal1,290.5240,117.0020,0.000000
FILLER_25_489,VSS,Metal1,280.8400,117.6000,0.000000
FILLER_25_481,VSS,Metal1,277.8130,117.1380,0.000000
FILLER_25_449,VSS,Metal1,266.4440,117.0020,0.000000
FILLER_25_442,VSS,Metal1,254.8000,117.6000,0.000000
FILLER_25_438,VSS,Metal1,252.7400,117.2510,0.000000
FILLER_25_422,VSS,Metal1,246.9120,117.0520,0.000000
FILLER_25_418,VSS,Metal1,241.3600,117.6000,0.000000
FILLER_25_414,VSS,Metal1,239.3000,117.2510,0.000000
FILLER_25_398,VSS,Metal1,233.4720,117.0520,0.000000
FILLER_25_366,VSS,Metal1,219.9640,117.0020,0.000000
FILLER_25_360,VSS,Metal1,208.6000,117.6000,0.000000
FILLER_25_348,VSS,Metal1,202.1600,117.6000,0.000000
FILLER_25_344,VSS,Metal1,200.1000,117.2510,0.000000
FILLER_25_306,VSS,Metal1,178.8200,117.2510,0.000000
FILLER_25_298,VSS,Metal1,175.3330,117.1380,0.000000
FILLER_25_282,VSS,Metal1,168.5120,117.0520,0.000000
FILLER_25_279,VSS,Metal1,163.2400,117.6000,0.000000
FILLER_25_277,VSS,Metal1,162.4000,117.6000,0.000000
FILLER_25_273,VSS,Metal1,160.3400,117.2510,0.000000
FILLER_25_260,VSS,Metal1,152.6000,117.6000,0.000000
FILLER_25_256,VSS,Metal1,150.8200,117.2510,0.000000
FILLER_25_248,VSS,Metal1,147.3330,117.1380,0.000000
FILLER_25_238,VSS,Metal1,140.2800,117.6000,0.000000
FILLER_25_236,VSS,Metal1,139.4400,117.6000,0.000000
FILLER_25_232,VSS,Metal1,137.3800,117.2510,0.000000
FILLER_25_220,VSS,Metal1,130.6600,117.2510,0.000000
FILLER_25_212,VSS,Metal1,127.1730,117.1380,0.000000
FILLER_25_208,VSS,Metal1,123.7600,117.6000,0.000000
FILLER_25_204,VSS,Metal1,121.7000,117.2510,0.000000
FILLER_25_188,VSS,Metal1,115.8720,117.0520,0.000000
FILLER_25_177,VSS,Metal1,106.5800,117.2510,0.000000
FILLER_25_170,VSS,Metal1,102.4800,117.6000,0.000000
FILLER_25_166,VSS,Metal1,100.4200,117.2510,0.000000
FILLER_25_158,VSS,Metal1,96.9330,117.1380,0.000000
FILLER_25_142,VSS,Metal1,90.1120,117.0520,0.000000
FILLER_25_116,VSS,Metal1,71.9600,117.6000,0.000000
FILLER_25_112,VSS,Metal1,70.1800,117.2510,0.000000
FILLER_25_104,VSS,Metal1,66.6930,117.1380,0.000000
FILLER_25_94,VSS,Metal1,59.9200,117.6000,0.000000
FILLER_25_90,VSS,Metal1,57.8600,117.2510,0.000000
FILLER_25_82,VSS,Metal1,54.3730,117.1380,0.000000
FILLER_25_69,VSS,Metal1,45.6400,117.6000,0.000000
FILLER_25_37,VSS,Metal1,35.7240,117.0020,0.000000
FILLER_25_24,VSS,Metal1,20.4400,117.6000,0.000000
FILLER_25_22,VSS,Metal1,19.6000,117.6000,0.000000
FILLER_25_18,VSS,Metal1,17.5400,117.2510,0.000000
FILLER_25_2,VSS,Metal1,11.7120,117.0520,0.000000
FILLER_24_769,VSS,Metal1,439.0930,110.2215,0.000000
FILLER_24_737,VSS,Metal1,427.7240,110.3575,0.000000
FILLER_24_733,VSS,Metal1,417.7600,109.7600,0.000000
FILLER_24_701,VSS,Metal1,407.5640,110.3575,0.000000
FILLER_24_661,VSS,Metal1,377.6200,110.1085,0.000000
FILLER_24_597,VSS,Metal1,358.2445,110.3975,0.000000
FILLER_24_594,VSS,Metal1,339.6400,109.7600,0.000000
FILLER_24_592,VSS,Metal1,338.8000,109.7600,0.000000
FILLER_24_584,VSS,Metal1,335.4930,110.2215,0.000000
FILLER_24_568,VSS,Metal1,328.6720,110.3080,0.000000
FILLER_24_536,VSS,Metal1,315.1640,110.3575,0.000000
FILLER_24_519,VSS,Metal1,297.6400,109.7600,0.000000
FILLER_24_517,VSS,Metal1,296.8000,109.7600,0.000000
FILLER_24_513,VSS,Metal1,294.7400,110.1085,0.000000
FILLER_24_505,VSS,Metal1,291.2530,110.2215,0.000000
FILLER_24_489,VSS,Metal1,284.4320,110.3080,0.000000
FILLER_24_457,VSS,Metal1,270.9240,110.3575,0.000000
FILLER_24_451,VSS,Metal1,260.0200,110.1085,0.000000
FILLER_24_387,VSS,Metal1,240.6445,110.3975,0.000000
FILLER_24_381,VSS,Metal1,220.8200,110.1085,0.000000
FILLER_24_317,VSS,Metal1,201.4445,110.3975,0.000000
FILLER_24_314,VSS,Metal1,182.8400,109.7600,0.000000
FILLER_24_312,VSS,Metal1,182.0000,109.7600,0.000000
FILLER_24_308,VSS,Metal1,179.9400,110.1085,0.000000
FILLER_24_258,VSS,Metal1,155.0720,110.3080,0.000000
FILLER_24_241,VSS,Metal1,142.4200,110.1085,0.000000
FILLER_24_233,VSS,Metal1,138.9330,110.2215,0.000000
FILLER_24_217,VSS,Metal1,132.1120,110.3080,0.000000
FILLER_24_203,VSS,Metal1,120.9600,109.7600,0.000000
FILLER_24_195,VSS,Metal1,117.6530,110.2215,0.000000
FILLER_24_185,VSS,Metal1,110.8800,109.7600,0.000000
FILLER_24_177,VSS,Metal1,107.5730,110.2215,0.000000
FILLER_24_163,VSS,Metal1,98.7400,110.1085,0.000000
FILLER_24_155,VSS,Metal1,95.2530,110.2215,0.000000
FILLER_24_139,VSS,Metal1,88.4320,110.3080,0.000000
FILLER_24_107,VSS,Metal1,74.9240,110.3575,0.000000
FILLER_24_103,VSS,Metal1,64.9600,109.7600,0.000000
FILLER_24_93,VSS,Metal1,59.3600,109.7600,0.000000
FILLER_24_81,VSS,Metal1,52.8200,110.1085,0.000000
FILLER_24_73,VSS,Metal1,49.3330,110.2215,0.000000
FILLER_24_57,VSS,Metal1,38.9200,109.7600,0.000000
FILLER_24_53,VSS,Metal1,37.1400,110.1085,0.000000
FILLER_24_37,VSS,Metal1,31.3120,110.3080,0.000000
FILLER_24_34,VSS,Metal1,26.0400,109.7600,0.000000
FILLER_24_2,VSS,Metal1,16.1240,110.3575,0.000000
FILLER_23_776,VSS,Metal1,441.5600,109.7600,0.000000
FILLER_23_772,VSS,Metal1,439.7800,109.4110,0.000000
FILLER_23_766,VSS,Metal1,436.4200,109.4110,0.000000
FILLER_23_702,VSS,Metal1,417.0445,109.1220,0.000000
FILLER_23_696,VSS,Metal1,397.2200,109.4110,0.000000
FILLER_23_632,VSS,Metal1,377.8445,109.1220,0.000000
FILLER_23_626,VSS,Metal1,358.0200,109.4110,0.000000
FILLER_23_562,VSS,Metal1,338.6445,109.1220,0.000000
FILLER_23_558,VSS,Metal1,319.7600,109.7600,0.000000
FILLER_23_526,VSS,Metal1,309.5640,109.1620,0.000000
FILLER_23_486,VSS,Metal1,279.6200,109.4110,0.000000
FILLER_23_478,VSS,Metal1,276.1330,109.2980,0.000000
FILLER_23_462,VSS,Metal1,269.3120,109.2120,0.000000
FILLER_23_448,VSS,Metal1,257.8800,109.7600,0.000000
FILLER_23_446,VSS,Metal1,257.0400,109.7600,0.000000
FILLER_23_438,VSS,Metal1,253.7330,109.2980,0.000000
FILLER_23_422,VSS,Metal1,246.9120,109.2120,0.000000
FILLER_23_416,VSS,Metal1,240.4200,109.4110,0.000000
FILLER_23_352,VSS,Metal1,221.0445,109.1220,0.000000
FILLER_23_346,VSS,Metal1,201.2200,109.4110,0.000000
FILLER_23_282,VSS,Metal1,181.8445,109.1220,0.000000
FILLER_23_276,VSS,Metal1,162.0200,109.4110,0.000000
FILLER_23_212,VSS,Metal1,142.6445,109.1220,0.000000
FILLER_23_206,VSS,Metal1,122.8200,109.4110,0.000000
FILLER_23_142,VSS,Metal1,103.4445,109.1220,0.000000
FILLER_23_139,VSS,Metal1,84.8400,109.7600,0.000000
FILLER_23_137,VSS,Metal1,84.0000,109.7600,0.000000
FILLER_23_133,VSS,Metal1,81.9400,109.4110,0.000000
FILLER_23_125,VSS,Metal1,78.4530,109.2980,0.000000
FILLER_23_109,VSS,Metal1,71.6320,109.2120,0.000000
FILLER_23_77,VSS,Metal1,58.1240,109.1620,0.000000
FILLER_23_68,VSS,Metal1,45.3600,109.7600,0.000000
FILLER_23_60,VSS,Metal1,42.0530,109.2980,0.000000
FILLER_23_28,VSS,Metal1,30.6840,109.1620,0.000000
FILLER_23_14,VSS,Metal1,15.1200,109.7600,0.000000
FILLER_23_10,VSS,Metal1,13.0600,109.4110,0.000000
FILLER_23_2,VSS,Metal1,9.5730,109.2980,0.000000
FILLER_22_775,VSS,Metal1,441.2800,101.9200,0.000000
FILLER_22_771,VSS,Metal1,439.2200,102.2685,0.000000
FILLER_22_755,VSS,Metal1,433.3920,102.4680,0.000000
FILLER_22_745,VSS,Metal1,424.6600,102.2685,0.000000
FILLER_22_737,VSS,Metal1,421.1730,102.3815,0.000000
FILLER_22_731,VSS,Metal1,416.8200,102.2685,0.000000
FILLER_22_667,VSS,Metal1,397.4445,102.5575,0.000000
FILLER_22_661,VSS,Metal1,377.6200,102.2685,0.000000
FILLER_22_597,VSS,Metal1,358.2445,102.5575,0.000000
FILLER_22_591,VSS,Metal1,338.4200,102.2685,0.000000
FILLER_22_527,VSS,Metal1,319.0445,102.5575,0.000000
FILLER_22_521,VSS,Metal1,299.2200,102.2685,0.000000
FILLER_22_513,VSS,Metal1,295.7330,102.3815,0.000000
FILLER_22_497,VSS,Metal1,288.9120,102.4680,0.000000
FILLER_22_461,VSS,Metal1,265.4400,101.9200,0.000000
FILLER_22_457,VSS,Metal1,263.3800,102.2685,0.000000
FILLER_22_451,VSS,Metal1,260.0200,102.2685,0.000000
FILLER_22_387,VSS,Metal1,240.6445,102.5575,0.000000
FILLER_22_381,VSS,Metal1,220.8200,102.2685,0.000000
FILLER_22_317,VSS,Metal1,201.4445,102.5575,0.000000
FILLER_22_311,VSS,Metal1,181.6200,102.2685,0.000000
FILLER_22_247,VSS,Metal1,162.2445,102.5575,0.000000
FILLER_22_241,VSS,Metal1,142.4200,102.2685,0.000000
FILLER_22_177,VSS,Metal1,123.0445,102.5575,0.000000
FILLER_22_171,VSS,Metal1,103.2200,102.2685,0.000000
FILLER_22_107,VSS,Metal1,83.8445,102.5575,0.000000
FILLER_22_101,VSS,Metal1,64.0200,102.2685,0.000000
FILLER_22_37,VSS,Metal1,44.6445,102.5575,0.000000
FILLER_22_34,VSS,Metal1,26.0400,101.9200,0.000000
FILLER_22_2,VSS,Metal1,16.1240,102.5175,0.000000
FILLER_21_776,VSS,Metal1,441.5600,101.9200,0.000000
FILLER_21_772,VSS,Metal1,439.7800,101.5710,0.000000
FILLER_21_769,VSS,Metal1,437.6400,101.9200,0.000000
FILLER_21_767,VSS,Metal1,436.8000,101.9200,0.000000
FILLER_21_763,VSS,Metal1,434.7400,101.5710,0.000000
FILLER_21_755,VSS,Metal1,431.2530,101.4580,0.000000
FILLER_21_746,VSS,Metal1,424.7600,101.9200,0.000000
FILLER_21_742,VSS,Metal1,422.9800,101.5710,0.000000
FILLER_21_734,VSS,Metal1,419.4930,101.4580,0.000000
FILLER_21_702,VSS,Metal1,408.1240,101.3220,0.000000
FILLER_21_696,VSS,Metal1,397.2200,101.5710,0.000000
FILLER_21_632,VSS,Metal1,377.8445,101.2820,0.000000
FILLER_21_626,VSS,Metal1,358.0200,101.5710,0.000000
FILLER_21_610,VSS,Metal1,352.1920,101.3720,0.000000
FILLER_21_601,VSS,Metal1,343.5600,101.9200,0.000000
FILLER_21_599,VSS,Metal1,342.7200,101.9200,0.000000
FILLER_21_591,VSS,Metal1,339.4130,101.4580,0.000000
FILLER_21_575,VSS,Metal1,332.5920,101.3720,0.000000
FILLER_21_562,VSS,Metal1,323.1730,101.4580,0.000000
FILLER_21_556,VSS,Metal1,318.8200,101.5710,0.000000
FILLER_21_492,VSS,Metal1,299.4445,101.2820,0.000000
FILLER_21_486,VSS,Metal1,279.6200,101.5710,0.000000
FILLER_21_422,VSS,Metal1,260.2445,101.2820,0.000000
FILLER_21_416,VSS,Metal1,240.4200,101.5710,0.000000
FILLER_21_352,VSS,Metal1,221.0445,101.2820,0.000000
FILLER_21_346,VSS,Metal1,201.2200,101.5710,0.000000
FILLER_21_282,VSS,Metal1,181.8445,101.2820,0.000000
FILLER_21_278,VSS,Metal1,162.9600,101.9200,0.000000
FILLER_21_274,VSS,Metal1,160.9000,101.5710,0.000000
FILLER_21_266,VSS,Metal1,157.4130,101.4580,0.000000
FILLER_21_234,VSS,Metal1,146.0440,101.3220,0.000000
FILLER_21_212,VSS,Metal1,127.1730,101.4580,0.000000
FILLER_21_206,VSS,Metal1,122.8200,101.5710,0.000000
FILLER_21_142,VSS,Metal1,103.4445,101.2820,0.000000
FILLER_21_136,VSS,Metal1,83.6200,101.5710,0.000000
FILLER_21_72,VSS,Metal1,64.2445,101.2820,0.000000
FILLER_21_69,VSS,Metal1,45.6400,101.9200,0.000000
FILLER_21_67,VSS,Metal1,44.8000,101.9200,0.000000
FILLER_21_63,VSS,Metal1,42.7400,101.5710,0.000000
FILLER_21_55,VSS,Metal1,39.2530,101.4580,0.000000
FILLER_21_39,VSS,Metal1,32.4320,101.3720,0.000000
FILLER_21_4,VSS,Metal1,9.2400,101.9200,0.000000
FILLER_21_2,VSS,Metal1,8.4000,101.9200,0.000000
FILLER_20_775,VSS,Metal1,441.2800,94.0800,0.000378
FILLER_20_759,VSS,Metal1,435.6320,94.6280,0.000378
FILLER_20_745,VSS,Metal1,424.2000,94.0800,0.000378
FILLER_20_737,VSS,Metal1,421.1730,94.5415,0.000378
FILLER_20_731,VSS,Metal1,416.8200,94.4285,0.000378
FILLER_20_667,VSS,Metal1,397.4445,94.7175,0.000378
FILLER_20_664,VSS,Metal1,378.8400,94.0800,0.000378
FILLER_20_662,VSS,Metal1,378.0000,94.0800,0.000378
FILLER_20_654,VSS,Metal1,374.6930,94.5415,0.000378
FILLER_20_621,VSS,Metal1,354.7600,94.0800,0.000378
FILLER_20_613,VSS,Metal1,351.7330,94.5415,0.000378
FILLER_20_597,VSS,Metal1,344.9120,94.6280,0.000378
FILLER_20_587,VSS,Metal1,337.1730,94.5415,0.000378
FILLER_20_535,VSS,Metal1,306.8800,94.0800,0.000376
FILLER_20_527,VSS,Metal1,303.5730,94.5415,0.000376
FILLER_20_521,VSS,Metal1,299.2200,94.4285,0.000376
FILLER_20_457,VSS,Metal1,279.8445,94.7175,0.000373
FILLER_20_453,VSS,Metal1,260.9600,94.0800,0.000372
FILLER_20_445,VSS,Metal1,257.6530,94.5415,0.000372
FILLER_20_424,VSS,Metal1,244.9000,94.4285,0.000372
FILLER_20_415,VSS,Metal1,239.4000,94.0800,0.000328
FILLER_20_413,VSS,Metal1,238.5600,94.0800,0.000328
FILLER_20_403,VSS,Metal1,232.6800,94.0800,0.000265
FILLER_20_387,VSS,Metal1,227.3120,94.6280,0.000255
FILLER_20_384,VSS,Metal1,222.0400,94.0800,0.000244
FILLER_20_372,VSS,Metal1,215.3200,94.0800,0.000209
FILLER_20_368,VSS,Metal1,213.5400,94.4285,0.000209
FILLER_20_360,VSS,Metal1,210.0530,94.5415,0.000188
FILLER_20_325,VSS,Metal1,189.0000,94.0800,0.000186
FILLER_20_317,VSS,Metal1,185.9730,94.5415,0.000186
FILLER_20_280,VSS,Metal1,163.8000,94.0800,0.000174
FILLER_20_276,VSS,Metal1,162.0200,94.4285,0.000174
FILLER_20_263,VSS,Metal1,154.2800,94.0800,0.000167
FILLER_20_247,VSS,Metal1,148.9120,94.6280,0.000167
FILLER_20_244,VSS,Metal1,143.6400,94.0800,0.000167
FILLER_20_242,VSS,Metal1,142.8000,94.0800,0.000167
FILLER_20_238,VSS,Metal1,140.7400,94.4285,0.000167
FILLER_20_225,VSS,Metal1,133.0000,94.0800,0.000164
FILLER_20_209,VSS,Metal1,125.4930,94.5415,0.000155
FILLER_20_177,VSS,Metal1,114.1240,94.6775,0.000146
FILLER_20_173,VSS,Metal1,104.1600,94.0800,0.000144
FILLER_20_165,VSS,Metal1,100.8530,94.5415,0.000144
FILLER_20_149,VSS,Metal1,94.0320,94.6280,0.000144
FILLER_20_139,VSS,Metal1,85.1200,94.0800,0.000132
FILLER_20_107,VSS,Metal1,74.9240,94.6775,0.000131
FILLER_20_103,VSS,Metal1,64.9600,94.0800,0.000131
FILLER_20_99,VSS,Metal1,62.9000,94.4285,0.000131
FILLER_20_89,VSS,Metal1,57.1200,94.0800,0.000131
FILLER_20_85,VSS,Metal1,55.0600,94.4285,0.000131
FILLER_20_69,VSS,Metal1,49.2320,94.6280,0.000130
FILLER_20_37,VSS,Metal1,35.7240,94.6775,0.000122
FILLER_20_34,VSS,Metal1,26.0400,94.0800,0.000122
FILLER_20_2,VSS,Metal1,16.1240,94.6775,0.000122
FILLER_19_776,VSS,Metal1,441.5600,94.0800,0.000378
FILLER_19_772,VSS,Metal1,439.7800,93.7310,0.000378
FILLER_19_769,VSS,Metal1,437.6400,94.0800,0.000378
FILLER_19_753,VSS,Metal1,432.2720,93.5320,0.000378
FILLER_19_742,VSS,Metal1,422.9800,93.7310,0.000378
FILLER_19_734,VSS,Metal1,419.4930,93.6180,0.000378
FILLER_19_702,VSS,Metal1,408.1240,93.4820,0.000378
FILLER_19_696,VSS,Metal1,397.2200,93.7310,0.000378
FILLER_19_688,VSS,Metal1,393.7330,93.6180,0.000378
FILLER_19_653,VSS,Metal1,372.6800,94.0800,0.000378
FILLER_19_637,VSS,Metal1,367.3120,93.5320,0.000378
FILLER_19_629,VSS,Metal1,359.2400,94.0800,0.000378
FILLER_19_627,VSS,Metal1,358.4000,94.0800,0.000378
FILLER_19_623,VSS,Metal1,356.3400,93.7310,0.000378
FILLER_19_614,VSS,Metal1,351.1200,94.0800,0.000378
FILLER_19_610,VSS,Metal1,349.0600,93.7310,0.000378
FILLER_19_602,VSS,Metal1,345.5730,93.6180,0.000378
FILLER_19_583,VSS,Metal1,333.4800,94.0800,0.000376
FILLER_19_581,VSS,Metal1,332.6400,94.0800,0.000378
FILLER_19_577,VSS,Metal1,330.5800,93.7310,0.000378
FILLER_19_558,VSS,Metal1,319.7600,94.0800,0.000378
FILLER_19_550,VSS,Metal1,316.4530,93.6180,0.000378
FILLER_19_508,VSS,Metal1,292.9330,93.6180,0.000373
FILLER_19_492,VSS,Metal1,286.1120,93.5320,0.000373
FILLER_19_486,VSS,Metal1,279.6200,93.7310,0.000373
FILLER_19_422,VSS,Metal1,260.2445,93.4420,0.000372
FILLER_19_419,VSS,Metal1,241.6400,94.0800,0.000346
FILLER_19_417,VSS,Metal1,240.8000,94.0800,0.000346
FILLER_19_413,VSS,Metal1,238.7400,93.7310,0.000328
FILLER_19_407,VSS,Metal1,234.9200,94.0800,0.000282
FILLER_19_405,VSS,Metal1,234.0800,94.0800,0.000282
FILLER_19_401,VSS,Metal1,232.0200,93.7310,0.000265
FILLER_19_393,VSS,Metal1,228.5330,93.6180,0.000255
FILLER_19_376,VSS,Metal1,217.5600,94.0800,0.000213
FILLER_19_368,VSS,Metal1,214.5330,93.6180,0.000209
FILLER_19_352,VSS,Metal1,207.7120,93.5320,0.000188
FILLER_19_346,VSS,Metal1,201.2200,93.7310,0.000187
FILLER_19_282,VSS,Metal1,181.8445,93.4420,0.000186
FILLER_19_276,VSS,Metal1,162.0200,93.7310,0.000174
FILLER_19_216,VSS,Metal1,128.2400,94.0800,0.000155
FILLER_19_212,VSS,Metal1,126.1800,93.7310,0.000155
FILLER_19_209,VSS,Metal1,124.0400,94.0800,0.000155
FILLER_19_207,VSS,Metal1,123.2000,94.0800,0.000147
FILLER_19_203,VSS,Metal1,121.1400,93.7310,0.000146
FILLER_19_195,VSS,Metal1,117.6530,93.6180,0.000146
FILLER_19_179,VSS,Metal1,110.8320,93.5320,0.000146
FILLER_19_155,VSS,Metal1,93.8000,94.0800,0.000144
FILLER_19_151,VSS,Metal1,92.0200,93.7310,0.000143
FILLER_19_138,VSS,Metal1,84.5600,94.0800,0.000132
FILLER_19_128,VSS,Metal1,78.9600,94.0800,0.000131
FILLER_19_66,VSS,Metal1,44.4200,93.7310,0.000124
FILLER_19_2,VSS,Metal1,25.0445,93.4420,0.000122
FILLER_18_769,VSS,Metal1,439.0930,86.7015,0.000000
FILLER_18_737,VSS,Metal1,427.7240,86.8375,0.000000
FILLER_18_727,VSS,Metal1,415.5730,86.7015,0.000000
FILLER_18_717,VSS,Metal1,408.8000,86.2400,0.000000
FILLER_18_667,VSS,Metal1,384.1120,86.7880,0.000000
FILLER_18_664,VSS,Metal1,378.8400,86.2400,0.000000
FILLER_18_662,VSS,Metal1,378.0000,86.2400,0.000000
FILLER_18_654,VSS,Metal1,374.6930,86.7015,0.000000
FILLER_18_638,VSS,Metal1,367.8720,86.7880,0.000000
FILLER_18_606,VSS,Metal1,354.3640,86.8375,0.000000
FILLER_18_594,VSS,Metal1,339.6400,86.2400,0.000000
FILLER_18_590,VSS,Metal1,337.8600,86.5885,0.000000
FILLER_18_574,VSS,Metal1,332.0320,86.7880,0.000000
FILLER_18_559,VSS,Metal1,320.3200,86.2400,0.000000
FILLER_18_527,VSS,Metal1,310.1240,86.8375,0.000000
FILLER_18_523,VSS,Metal1,300.1600,86.2400,0.000000
FILLER_18_507,VSS,Metal1,294.5120,86.7880,0.000000
FILLER_18_457,VSS,Metal1,266.5120,86.7880,0.000000
FILLER_18_451,VSS,Metal1,260.0200,86.5885,0.000000
FILLER_18_443,VSS,Metal1,256.5330,86.7015,0.000000
FILLER_18_437,VSS,Metal1,251.7200,86.2400,0.000000
FILLER_18_435,VSS,Metal1,250.8800,86.2400,0.000000
FILLER_18_431,VSS,Metal1,248.8200,86.5885,0.000000
FILLER_18_423,VSS,Metal1,243.8800,86.2400,0.000000
FILLER_18_419,VSS,Metal1,242.1000,86.5885,0.000000
FILLER_18_387,VSS,Metal1,231.7240,86.8375,0.000000
FILLER_18_381,VSS,Metal1,220.8200,86.5885,0.000001
FILLER_18_317,VSS,Metal1,201.4445,86.8775,0.000001
FILLER_18_314,VSS,Metal1,182.8400,86.2400,0.000001
FILLER_18_312,VSS,Metal1,182.0000,86.2400,0.000001
FILLER_18_308,VSS,Metal1,179.9400,86.5885,0.000001
FILLER_18_292,VSS,Metal1,174.1120,86.7880,0.000001
FILLER_18_260,VSS,Metal1,160.6040,86.8375,0.000001
FILLER_18_254,VSS,Metal1,149.2400,86.2400,0.000001
FILLER_18_247,VSS,Metal1,145.6000,86.2400,0.000001
FILLER_18_244,VSS,Metal1,143.6400,86.2400,0.000001
FILLER_18_240,VSS,Metal1,141.8600,86.5885,0.000001
FILLER_18_232,VSS,Metal1,138.3730,86.7015,0.000001
FILLER_18_219,VSS,Metal1,130.1000,86.5885,0.000001
FILLER_18_211,VSS,Metal1,126.6130,86.7015,0.000001
FILLER_18_173,VSS,Metal1,104.1600,86.2400,0.000001
FILLER_18_169,VSS,Metal1,102.1000,86.5885,0.000001
FILLER_18_161,VSS,Metal1,98.6130,86.7015,0.000001
FILLER_18_148,VSS,Metal1,91.3330,86.7015,0.000001
FILLER_18_140,VSS,Metal1,85.6800,86.2400,0.000001
FILLER_18_136,VSS,Metal1,83.6200,86.5885,0.000001
FILLER_18_120,VSS,Metal1,77.7920,86.7880,0.000001
FILLER_18_107,VSS,Metal1,68.3730,86.7015,0.000001
FILLER_18_89,VSS,Metal1,56.8400,86.2400,0.000001
FILLER_18_85,VSS,Metal1,55.0600,86.5885,0.000001
FILLER_18_69,VSS,Metal1,49.2320,86.7880,0.000001
FILLER_18_37,VSS,Metal1,35.7240,86.8375,0.000001
FILLER_18_34,VSS,Metal1,26.0400,86.2400,0.000001
FILLER_18_32,VSS,Metal1,25.2000,86.2400,0.000001
FILLER_18_20,VSS,Metal1,18.2000,86.2400,0.000001
FILLER_18_18,VSS,Metal1,17.3600,86.2400,0.000001
FILLER_18_2,VSS,Metal1,11.7120,86.7880,0.000001
FILLER_17_776,VSS,Metal1,441.5600,86.2400,0.000000
FILLER_17_772,VSS,Metal1,439.7800,85.8910,0.000000
FILLER_17_769,VSS,Metal1,437.6400,86.2400,0.000000
FILLER_17_767,VSS,Metal1,436.8000,86.2400,0.000000
FILLER_17_763,VSS,Metal1,434.7400,85.8910,0.000000
FILLER_17_747,VSS,Metal1,428.9120,85.6920,0.000000
FILLER_17_715,VSS,Metal1,415.4040,85.6420,0.000000
FILLER_17_710,VSS,Metal1,404.6000,86.2400,0.000000
FILLER_17_702,VSS,Metal1,401.5730,85.7780,0.000000
FILLER_17_696,VSS,Metal1,397.2200,85.8910,0.000000
FILLER_17_632,VSS,Metal1,377.8445,85.6020,0.000000
FILLER_17_626,VSS,Metal1,358.0200,85.8910,0.000000
FILLER_17_610,VSS,Metal1,352.1920,85.6920,0.000000
FILLER_17_604,VSS,Metal1,345.2400,86.2400,0.000000
FILLER_17_602,VSS,Metal1,344.4000,86.2400,0.000000
FILLER_17_594,VSS,Metal1,341.0930,85.7780,0.000000
FILLER_17_562,VSS,Metal1,329.7240,85.6420,0.000000
FILLER_17_556,VSS,Metal1,318.8200,85.8910,0.000000
FILLER_17_492,VSS,Metal1,299.4445,85.6020,0.000000
FILLER_17_488,VSS,Metal1,280.5600,86.2400,0.000000
FILLER_17_484,VSS,Metal1,278.5000,85.8910,0.000000
FILLER_17_468,VSS,Metal1,272.6720,85.6920,0.000000
FILLER_17_444,VSS,Metal1,255.6400,86.2400,0.000000
FILLER_17_442,VSS,Metal1,254.8000,86.2400,0.000000
FILLER_17_438,VSS,Metal1,252.7400,85.8910,0.000000
FILLER_17_422,VSS,Metal1,246.9120,85.6920,0.000000
FILLER_17_416,VSS,Metal1,240.4200,85.8910,0.000000
FILLER_17_408,VSS,Metal1,236.9330,85.7780,0.000000
FILLER_17_392,VSS,Metal1,230.1120,85.6920,0.000000
FILLER_17_386,VSS,Metal1,223.1600,86.2400,0.000001
FILLER_17_384,VSS,Metal1,222.3200,86.2400,0.000001
FILLER_17_352,VSS,Metal1,212.1240,85.6420,0.000001
FILLER_17_346,VSS,Metal1,201.2200,85.8910,0.000001
FILLER_17_282,VSS,Metal1,181.8445,85.6020,0.000001
FILLER_17_276,VSS,Metal1,162.0200,85.8910,0.000001
FILLER_17_268,VSS,Metal1,158.5330,85.7780,0.000001
FILLER_17_252,VSS,Metal1,151.7120,85.6920,0.000001
FILLER_17_246,VSS,Metal1,144.7600,86.2400,0.000001
FILLER_17_244,VSS,Metal1,143.9200,86.2400,0.000001
FILLER_17_212,VSS,Metal1,133.7240,85.6420,0.000001
FILLER_17_206,VSS,Metal1,122.8200,85.8910,0.000001
FILLER_17_142,VSS,Metal1,103.4445,85.6020,0.000001
FILLER_17_139,VSS,Metal1,84.8400,86.2400,0.000001
FILLER_17_135,VSS,Metal1,83.0600,85.8910,0.000001
FILLER_17_119,VSS,Metal1,77.2320,85.6920,0.000001
FILLER_17_100,VSS,Metal1,63.0000,86.2400,0.000001
FILLER_17_96,VSS,Metal1,61.2200,85.8910,0.000001
FILLER_17_88,VSS,Metal1,57.7330,85.7780,0.000001
FILLER_17_72,VSS,Metal1,50.9120,85.6920,0.000001
FILLER_17_69,VSS,Metal1,45.6400,86.2400,0.000001
FILLER_17_67,VSS,Metal1,44.8000,86.2400,0.000001
FILLER_17_63,VSS,Metal1,42.7400,85.8910,0.000001
FILLER_17_39,VSS,Metal1,29.3000,85.8910,0.000001
FILLER_17_31,VSS,Metal1,25.8130,85.7780,0.000001
FILLER_17_18,VSS,Metal1,17.5400,85.8910,0.000001
FILLER_17_2,VSS,Metal1,11.7120,85.6920,0.000001
FILLER_16_775,VSS,Metal1,441.2800,78.4000,0.000000
FILLER_16_771,VSS,Metal1,439.2200,78.7485,0.000000
FILLER_16_763,VSS,Metal1,435.7330,78.8615,0.000000
FILLER_16_747,VSS,Metal1,428.9120,78.9480,0.000000
FILLER_16_733,VSS,Metal1,417.7600,78.4000,0.000000
FILLER_16_725,VSS,Metal1,414.4530,78.8615,0.000000
FILLER_16_711,VSS,Metal1,405.1600,78.4000,0.000000
FILLER_16_707,VSS,Metal1,403.3800,78.7485,0.000000
FILLER_16_699,VSS,Metal1,399.8930,78.8615,0.000000
FILLER_16_667,VSS,Metal1,388.5240,78.9975,0.000000
FILLER_16_661,VSS,Metal1,377.6200,78.7485,0.000000
FILLER_16_597,VSS,Metal1,358.2445,79.0375,0.000000
FILLER_16_587,VSS,Metal1,337.1730,78.8615,0.000000
FILLER_16_575,VSS,Metal1,330.4530,78.8615,0.000000
FILLER_16_559,VSS,Metal1,323.6320,78.9480,0.000000
FILLER_16_527,VSS,Metal1,310.1240,78.9975,0.000001
FILLER_16_521,VSS,Metal1,299.2200,78.7485,0.000001
FILLER_16_457,VSS,Metal1,279.8445,79.0375,0.000001
FILLER_16_454,VSS,Metal1,261.2400,78.4000,0.000001
FILLER_16_452,VSS,Metal1,260.4000,78.4000,0.000001
FILLER_16_420,VSS,Metal1,250.2040,78.9975,0.000001
FILLER_16_413,VSS,Metal1,238.5600,78.4000,0.000001
FILLER_16_397,VSS,Metal1,232.9120,78.9480,0.000001
FILLER_16_380,VSS,Metal1,219.8000,78.4000,0.000001
FILLER_16_364,VSS,Metal1,214.4320,78.9480,0.000001
FILLER_16_329,VSS,Metal1,191.2400,78.4000,0.000001
FILLER_16_325,VSS,Metal1,189.4600,78.7485,0.000001
FILLER_16_317,VSS,Metal1,185.9730,78.8615,0.000001
FILLER_16_307,VSS,Metal1,180.3730,78.8615,0.000001
FILLER_16_271,VSS,Metal1,159.0400,78.4000,0.000001
FILLER_16_267,VSS,Metal1,156.9800,78.7485,0.000001
FILLER_16_247,VSS,Metal1,146.7730,78.8615,0.000001
FILLER_16_225,VSS,Metal1,134.4530,78.8615,0.000001
FILLER_16_209,VSS,Metal1,127.6320,78.9480,0.000001
FILLER_16_177,VSS,Metal1,114.1240,78.9975,0.000001
FILLER_16_171,VSS,Metal1,103.2200,78.7485,0.000001
FILLER_16_107,VSS,Metal1,83.8445,79.0375,0.000001
FILLER_16_104,VSS,Metal1,65.2400,78.4000,0.000001
FILLER_16_88,VSS,Metal1,59.8720,78.9480,0.000001
FILLER_16_53,VSS,Metal1,36.6800,78.4000,0.000001
FILLER_16_37,VSS,Metal1,31.3120,78.9480,0.000001
FILLER_16_34,VSS,Metal1,26.0400,78.4000,0.000001
FILLER_16_2,VSS,Metal1,16.1240,78.9975,0.000001
FILLER_15_776,VSS,Metal1,441.5600,78.4000,0.000000
FILLER_15_772,VSS,Metal1,439.7800,78.0510,0.000000
FILLER_15_768,VSS,Metal1,437.3600,78.4000,0.000000
FILLER_15_764,VSS,Metal1,435.3000,78.0510,0.000000
FILLER_15_756,VSS,Metal1,430.8200,78.0510,0.000000
FILLER_15_748,VSS,Metal1,427.3330,77.9380,0.000000
FILLER_15_739,VSS,Metal1,420.8400,78.4000,0.000000
FILLER_15_737,VSS,Metal1,420.0000,78.4000,0.000000
FILLER_15_721,VSS,Metal1,414.3520,77.8520,0.000000
FILLER_15_710,VSS,Metal1,404.8800,78.4000,0.000000
FILLER_15_702,VSS,Metal1,401.5730,77.9380,0.000000
FILLER_15_696,VSS,Metal1,397.2200,78.0510,0.000000
FILLER_15_632,VSS,Metal1,377.8445,77.7620,0.000000
FILLER_15_626,VSS,Metal1,358.0200,78.0510,0.000000
FILLER_15_562,VSS,Metal1,338.6445,77.7620,0.000000
FILLER_15_559,VSS,Metal1,320.0400,78.4000,0.000000
FILLER_15_555,VSS,Metal1,318.2600,78.0510,0.000001
FILLER_15_547,VSS,Metal1,314.7730,77.9380,0.000001
FILLER_15_512,VSS,Metal1,293.7200,78.4000,0.000001
FILLER_15_508,VSS,Metal1,291.9400,78.0510,0.000001
FILLER_15_492,VSS,Metal1,286.1120,77.8520,0.000001
FILLER_15_486,VSS,Metal1,279.6200,78.0510,0.000001
FILLER_15_422,VSS,Metal1,260.2445,77.7620,0.000001
FILLER_15_416,VSS,Metal1,240.4200,78.0510,0.000001
FILLER_15_352,VSS,Metal1,221.0445,77.7620,0.000001
FILLER_15_346,VSS,Metal1,201.2200,78.0510,0.000001
FILLER_15_282,VSS,Metal1,181.8445,77.7620,0.000001
FILLER_15_276,VSS,Metal1,162.0200,78.0510,0.000001
FILLER_15_212,VSS,Metal1,142.6445,77.7620,0.000001
FILLER_15_206,VSS,Metal1,122.8200,78.0510,0.000001
FILLER_15_142,VSS,Metal1,103.4445,77.7620,0.000001
FILLER_15_136,VSS,Metal1,83.6200,78.0510,0.000001
FILLER_15_72,VSS,Metal1,64.2445,77.7620,0.000001
FILLER_15_69,VSS,Metal1,45.6400,78.4000,0.000001
FILLER_15_65,VSS,Metal1,43.8600,78.0510,0.000001
FILLER_15_57,VSS,Metal1,40.3730,77.9380,0.000001
FILLER_15_25,VSS,Metal1,29.0040,77.8020,0.000001
FILLER_15_18,VSS,Metal1,17.3600,78.4000,0.000001
FILLER_15_2,VSS,Metal1,11.7120,77.8520,0.000001
FILLER_14_741,VSS,Metal1,422.2400,70.5600,0.000001
FILLER_14_737,VSS,Metal1,420.1800,70.9085,0.000001
FILLER_14_731,VSS,Metal1,416.8200,70.9085,0.000001
FILLER_14_667,VSS,Metal1,397.4445,71.1975,0.000001
FILLER_14_664,VSS,Metal1,378.8400,70.5600,0.000001
FILLER_14_632,VSS,Metal1,368.9240,71.1575,0.000001
FILLER_14_605,VSS,Metal1,346.2600,70.9085,0.000001
FILLER_14_597,VSS,Metal1,342.7730,71.0215,0.000001
FILLER_14_591,VSS,Metal1,338.4200,70.9085,0.000001
FILLER_14_527,VSS,Metal1,319.0445,71.1975,0.000001
FILLER_14_524,VSS,Metal1,300.4400,70.5600,0.000001
FILLER_14_522,VSS,Metal1,299.6000,70.5600,0.000001
FILLER_14_518,VSS,Metal1,297.5400,70.9085,0.000001
FILLER_14_502,VSS,Metal1,291.7120,71.1080,0.000001
FILLER_14_467,VSS,Metal1,268.5200,70.5600,0.000001
FILLER_14_465,VSS,Metal1,267.6800,70.5600,0.000001
FILLER_14_457,VSS,Metal1,264.3730,71.0215,0.000001
FILLER_14_454,VSS,Metal1,261.2400,70.5600,0.000001
FILLER_14_446,VSS,Metal1,258.2130,71.0215,0.000001
FILLER_14_419,VSS,Metal1,242.1000,70.9085,0.000001
FILLER_14_387,VSS,Metal1,231.7240,71.1575,0.000001
FILLER_14_381,VSS,Metal1,220.8200,70.9085,0.000001
FILLER_14_317,VSS,Metal1,201.4445,71.1975,0.000001
FILLER_14_311,VSS,Metal1,181.6200,70.9085,0.000001
FILLER_14_247,VSS,Metal1,162.2445,71.1975,0.000001
FILLER_14_241,VSS,Metal1,142.4200,70.9085,0.000001
FILLER_14_177,VSS,Metal1,123.0445,71.1975,0.000001
FILLER_14_171,VSS,Metal1,103.2200,70.9085,0.000001
FILLER_14_155,VSS,Metal1,97.3920,71.1080,0.000001
FILLER_14_139,VSS,Metal1,85.3000,70.9085,0.000001
FILLER_14_107,VSS,Metal1,74.9240,71.1575,0.000001
FILLER_14_101,VSS,Metal1,64.0200,70.9085,0.000001
FILLER_14_37,VSS,Metal1,44.6445,71.1975,0.000001
FILLER_14_27,VSS,Metal1,23.5730,71.0215,0.000001
FILLER_14_10,VSS,Metal1,13.0600,70.9085,0.000001
FILLER_14_2,VSS,Metal1,9.5730,71.0215,0.000001
FILLER_13_776,VSS,Metal1,441.5600,70.5600,0.000001
FILLER_13_772,VSS,Metal1,439.7800,70.2110,0.000001
FILLER_13_768,VSS,Metal1,437.3600,70.5600,0.000001
FILLER_13_764,VSS,Metal1,435.3000,70.2110,0.000001
FILLER_13_748,VSS,Metal1,429.4720,70.0120,0.000001
FILLER_13_716,VSS,Metal1,415.9640,69.9620,0.000001
FILLER_13_710,VSS,Metal1,404.8800,70.5600,0.000001
FILLER_13_702,VSS,Metal1,401.5730,70.0980,0.000001
FILLER_13_696,VSS,Metal1,397.2200,70.2110,0.000001
FILLER_13_680,VSS,Metal1,391.3920,70.0120,0.000001
FILLER_13_644,VSS,Metal1,367.9200,70.5600,0.000001
FILLER_13_640,VSS,Metal1,365.8600,70.2110,0.000001
FILLER_13_632,VSS,Metal1,362.3730,70.0980,0.000001
FILLER_13_626,VSS,Metal1,358.0200,70.2110,0.000001
FILLER_13_562,VSS,Metal1,338.6445,69.9220,0.000001
FILLER_13_556,VSS,Metal1,318.8200,70.2110,0.000001
FILLER_13_492,VSS,Metal1,299.4445,69.9220,0.000001
FILLER_13_486,VSS,Metal1,279.6200,70.2110,0.000001
FILLER_13_422,VSS,Metal1,260.2445,69.9220,0.000001
FILLER_13_416,VSS,Metal1,240.4200,70.2110,0.000001
FILLER_13_352,VSS,Metal1,221.0445,69.9220,0.000001
FILLER_13_348,VSS,Metal1,202.1600,70.5600,0.000001
FILLER_13_344,VSS,Metal1,200.1000,70.2110,0.000001
FILLER_13_336,VSS,Metal1,196.6130,70.0980,0.000001
FILLER_13_298,VSS,Metal1,174.3400,70.2110,0.000001
FILLER_13_282,VSS,Metal1,168.5120,70.0120,0.000001
FILLER_13_276,VSS,Metal1,162.0200,70.2110,0.000001
FILLER_13_212,VSS,Metal1,142.6445,69.9220,0.000001
FILLER_13_206,VSS,Metal1,122.8200,70.2110,0.000001
FILLER_13_198,VSS,Metal1,119.3330,70.0980,0.000001
FILLER_13_182,VSS,Metal1,112.5120,70.0120,0.000001
FILLER_13_157,VSS,Metal1,95.2000,70.5600,0.000001
FILLER_13_153,VSS,Metal1,93.1400,70.2110,0.000001
FILLER_13_144,VSS,Metal1,87.6400,70.5600,0.000001
FILLER_13_142,VSS,Metal1,86.8000,70.5600,0.000001
FILLER_13_136,VSS,Metal1,83.6200,70.2110,0.000001
FILLER_13_72,VSS,Metal1,64.2445,69.9220,0.000001
FILLER_13_69,VSS,Metal1,45.6400,70.5600,0.000001
FILLER_13_67,VSS,Metal1,44.8000,70.5600,0.000001
FILLER_13_59,VSS,Metal1,41.4930,70.0980,0.000001
FILLER_13_43,VSS,Metal1,34.6720,70.0120,0.000001
FILLER_13_8,VSS,Metal1,11.4800,70.5600,0.000001
FILLER_13_6,VSS,Metal1,10.6400,70.5600,0.000001
FILLER_13_2,VSS,Metal1,8.5800,70.2110,0.000001
FILLER_12_769,VSS,Metal1,439.0930,63.1815,0.000000
FILLER_12_737,VSS,Metal1,427.7240,63.3175,0.000000
FILLER_12_731,VSS,Metal1,416.8200,63.0685,0.000000
FILLER_12_715,VSS,Metal1,410.9920,63.2680,0.000000
FILLER_12_679,VSS,Metal1,387.5200,62.7200,0.000000
FILLER_12_675,VSS,Metal1,385.4600,63.0685,0.000000
FILLER_12_667,VSS,Metal1,381.9730,63.1815,0.000000
FILLER_12_664,VSS,Metal1,378.8400,62.7200,0.000000
FILLER_12_660,VSS,Metal1,377.0600,63.0685,0.000000
FILLER_12_652,VSS,Metal1,373.5730,63.1815,0.000000
FILLER_12_620,VSS,Metal1,362.2040,63.3175,0.000000
FILLER_12_593,VSS,Metal1,339.3600,62.7200,0.000000
FILLER_12_585,VSS,Metal1,336.0530,63.1815,0.000000
FILLER_12_569,VSS,Metal1,327.0930,63.1815,0.000000
FILLER_12_546,VSS,Metal1,313.2200,63.0685,0.000000
FILLER_12_541,VSS,Metal1,309.9600,62.7200,0.000000
FILLER_12_535,VSS,Metal1,306.8800,62.7200,0.000000
FILLER_12_527,VSS,Metal1,303.5730,63.1815,0.000000
FILLER_12_521,VSS,Metal1,299.2200,63.0685,0.000000
FILLER_12_457,VSS,Metal1,279.8445,63.3575,0.000000
FILLER_12_454,VSS,Metal1,261.2400,62.7200,0.000000
FILLER_12_452,VSS,Metal1,260.4000,62.7200,0.000000
FILLER_12_420,VSS,Metal1,250.2040,63.3175,0.000000
FILLER_12_411,VSS,Metal1,237.1600,62.7200,0.000000
FILLER_12_407,VSS,Metal1,235.3800,63.0685,0.000000
FILLER_12_391,VSS,Metal1,229.5520,63.2680,0.000000
FILLER_12_384,VSS,Metal1,222.0400,62.7200,0.000000
FILLER_12_382,VSS,Metal1,221.2000,62.7200,0.000000
FILLER_12_370,VSS,Metal1,214.2000,62.7200,0.000000
FILLER_12_368,VSS,Metal1,213.3600,62.7200,0.000000
FILLER_12_333,VSS,Metal1,193.4800,62.7200,0.000000
FILLER_12_317,VSS,Metal1,188.1120,63.2680,0.000000
FILLER_12_313,VSS,Metal1,182.5600,62.7200,0.000000
FILLER_12_305,VSS,Metal1,179.2530,63.1815,0.000000
FILLER_12_281,VSS,Metal1,164.3600,62.7200,0.000000
FILLER_12_279,VSS,Metal1,163.5200,62.7200,0.000000
FILLER_12_247,VSS,Metal1,153.3240,63.3175,0.000000
FILLER_12_241,VSS,Metal1,142.4200,63.0685,0.000000
FILLER_12_233,VSS,Metal1,138.9330,63.1815,0.000000
FILLER_12_217,VSS,Metal1,132.1120,63.2680,0.000000
FILLER_12_181,VSS,Metal1,108.6400,62.7200,0.000000
FILLER_12_177,VSS,Metal1,106.5800,63.0685,0.000000
FILLER_12_173,VSS,Metal1,104.1600,62.7200,0.000000
FILLER_12_169,VSS,Metal1,102.1000,63.0685,0.000000
FILLER_12_161,VSS,Metal1,98.6130,63.1815,0.000000
FILLER_12_145,VSS,Metal1,91.7920,63.2680,0.000000
FILLER_12_113,VSS,Metal1,78.2840,63.3175,0.000000
FILLER_12_101,VSS,Metal1,64.0200,63.0685,0.000000
FILLER_12_37,VSS,Metal1,44.6445,63.3575,0.000000
FILLER_12_34,VSS,Metal1,26.0400,62.7200,0.000000
FILLER_12_2,VSS,Metal1,16.1240,63.3175,0.000000
FILLER_11_776,VSS,Metal1,441.5600,62.7200,0.000000
FILLER_11_772,VSS,Metal1,439.7800,62.3710,0.000000
FILLER_11_766,VSS,Metal1,436.4200,62.3710,0.000000
FILLER_11_702,VSS,Metal1,417.0445,62.0820,0.000000
FILLER_11_696,VSS,Metal1,397.2200,62.3710,0.000000
FILLER_11_688,VSS,Metal1,393.7330,62.2580,0.000000
FILLER_11_672,VSS,Metal1,386.9120,62.1720,0.000000
FILLER_11_636,VSS,Metal1,363.4400,62.7200,0.000000
FILLER_11_632,VSS,Metal1,361.3800,62.3710,0.000000
FILLER_11_629,VSS,Metal1,359.2400,62.7200,0.000000
FILLER_11_627,VSS,Metal1,358.4000,62.7200,0.000000
FILLER_11_619,VSS,Metal1,355.0930,62.2580,0.000000
FILLER_11_603,VSS,Metal1,348.2720,62.1720,0.000000
FILLER_11_571,VSS,Metal1,334.7640,62.1220,0.000000
FILLER_11_559,VSS,Metal1,320.0400,62.7200,0.000000
FILLER_11_543,VSS,Metal1,314.6720,62.1720,0.000000
FILLER_11_537,VSS,Metal1,307.7200,62.7200,0.000000
FILLER_11_533,VSS,Metal1,305.9400,62.3710,0.000000
FILLER_11_498,VSS,Metal1,285.8800,62.7200,0.000000
FILLER_11_496,VSS,Metal1,285.0400,62.7200,0.000000
FILLER_11_492,VSS,Metal1,282.9800,62.3710,0.000000
FILLER_11_455,VSS,Metal1,261.8000,62.7200,0.000000
FILLER_11_430,VSS,Metal1,248.0800,62.7200,0.000000
FILLER_11_422,VSS,Metal1,244.7730,62.2580,0.000000
FILLER_11_419,VSS,Metal1,241.6400,62.7200,0.000000
FILLER_11_415,VSS,Metal1,239.8600,62.3710,0.000000
FILLER_11_407,VSS,Metal1,236.3730,62.2580,0.000000
FILLER_11_392,VSS,Metal1,226.5200,62.7200,0.000000
FILLER_11_352,VSS,Metal1,212.1240,62.1220,0.000000
FILLER_11_349,VSS,Metal1,202.4400,62.7200,0.000000
FILLER_11_347,VSS,Metal1,201.6000,62.7200,0.000000
FILLER_11_342,VSS,Metal1,198.5200,62.7200,0.000000
FILLER_11_338,VSS,Metal1,196.7400,62.3710,0.000000
FILLER_11_330,VSS,Metal1,193.2530,62.2580,0.000000
FILLER_11_314,VSS,Metal1,186.4320,62.1720,0.000000
FILLER_11_282,VSS,Metal1,172.9240,62.1220,0.000000
FILLER_11_278,VSS,Metal1,162.9600,62.7200,0.000000
FILLER_11_270,VSS,Metal1,159.6530,62.2580,0.000000
FILLER_11_254,VSS,Metal1,152.8320,62.1720,0.000000
FILLER_11_244,VSS,Metal1,143.9200,62.7200,0.000000
FILLER_11_212,VSS,Metal1,129.3120,62.1720,0.000000
FILLER_11_206,VSS,Metal1,122.8200,62.3710,0.000000
FILLER_11_142,VSS,Metal1,103.4445,62.0820,0.000000
FILLER_11_138,VSS,Metal1,84.5600,62.7200,0.000000
FILLER_11_122,VSS,Metal1,78.9120,62.1720,0.000000
FILLER_11_113,VSS,Metal1,70.2800,62.7200,0.000000
FILLER_11_111,VSS,Metal1,69.4400,62.7200,0.000000
FILLER_11_103,VSS,Metal1,66.1330,62.2580,0.000000
FILLER_11_96,VSS,Metal1,61.0400,62.7200,0.000000
FILLER_11_88,VSS,Metal1,57.7330,62.2580,0.000000
FILLER_11_72,VSS,Metal1,50.9120,62.1720,0.000000
FILLER_11_66,VSS,Metal1,44.4200,62.3710,0.000000
FILLER_11_2,VSS,Metal1,25.0445,62.0820,0.000000
FILLER_10_769,VSS,Metal1,439.0930,55.3415,0.000003
FILLER_10_737,VSS,Metal1,427.7240,55.4775,0.000003
FILLER_10_731,VSS,Metal1,416.8200,55.2285,0.000003
FILLER_10_723,VSS,Metal1,413.3330,55.3415,0.000003
FILLER_10_715,VSS,Metal1,407.8600,55.2285,0.000003
FILLER_10_699,VSS,Metal1,402.0320,55.4280,0.000003
FILLER_10_667,VSS,Metal1,388.5240,55.4775,0.000003
FILLER_10_664,VSS,Metal1,378.8400,54.8800,0.000003
FILLER_10_662,VSS,Metal1,378.0000,54.8800,0.000003
FILLER_10_658,VSS,Metal1,375.9400,55.2285,0.000003
FILLER_10_642,VSS,Metal1,370.1120,55.4280,0.000003
FILLER_10_610,VSS,Metal1,356.6040,55.4775,0.000003
FILLER_10_597,VSS,Metal1,342.7730,55.3415,0.000003
FILLER_10_591,VSS,Metal1,338.4200,55.2285,0.000003
FILLER_10_527,VSS,Metal1,319.0445,55.5175,0.000003
FILLER_10_521,VSS,Metal1,299.2200,55.2285,0.000003
FILLER_10_457,VSS,Metal1,279.8445,55.5175,0.000003
FILLER_10_451,VSS,Metal1,260.0200,55.2285,0.000003
FILLER_10_387,VSS,Metal1,240.6445,55.5175,0.000003
FILLER_10_381,VSS,Metal1,220.8200,55.2285,0.000003
FILLER_10_317,VSS,Metal1,201.4445,55.5175,0.000003
FILLER_10_314,VSS,Metal1,182.8400,54.8800,0.000003
FILLER_10_312,VSS,Metal1,182.0000,54.8800,0.000003
FILLER_10_308,VSS,Metal1,179.9400,55.2285,0.000003
FILLER_10_300,VSS,Metal1,176.4530,55.3415,0.000003
FILLER_10_284,VSS,Metal1,169.6320,55.4280,0.000003
FILLER_10_277,VSS,Metal1,162.4000,54.8800,0.000004
FILLER_10_269,VSS,Metal1,159.0930,55.3415,0.000004
FILLER_10_253,VSS,Metal1,152.2720,55.4280,0.000004
FILLER_10_244,VSS,Metal1,143.6400,54.8800,0.000004
FILLER_10_242,VSS,Metal1,142.8000,54.8800,0.000004
FILLER_10_237,VSS,Metal1,139.7200,54.8800,0.000004
FILLER_10_233,VSS,Metal1,137.9400,55.2285,0.000004
FILLER_10_225,VSS,Metal1,134.4530,55.3415,0.000004
FILLER_10_209,VSS,Metal1,127.6320,55.4280,0.000004
FILLER_10_177,VSS,Metal1,114.1240,55.4775,0.000005
FILLER_10_171,VSS,Metal1,103.2200,55.2285,0.000005
FILLER_10_163,VSS,Metal1,99.7330,55.3415,0.000005
FILLER_10_147,VSS,Metal1,92.9120,55.4280,0.000005
FILLER_10_115,VSS,Metal1,79.4040,55.4775,0.000007
FILLER_10_104,VSS,Metal1,65.2400,54.8800,0.000007
FILLER_10_91,VSS,Metal1,57.9600,54.8800,0.000008
FILLER_10_83,VSS,Metal1,54.9330,55.3415,0.000008
FILLER_10_45,VSS,Metal1,32.6600,55.2285,0.000007
FILLER_10_37,VSS,Metal1,29.1730,55.3415,0.000007
FILLER_10_34,VSS,Metal1,26.0400,54.8800,0.000007
FILLER_10_2,VSS,Metal1,16.1240,55.4775,0.000007
FILLER_9_776,VSS,Metal1,441.5600,54.8800,0.000003
FILLER_9_772,VSS,Metal1,439.7800,54.5310,0.000003
FILLER_9_766,VSS,Metal1,436.4200,54.5310,0.000003
FILLER_9_758,VSS,Metal1,432.9330,54.4180,0.000003
FILLER_9_742,VSS,Metal1,426.1120,54.3320,0.000003
FILLER_9_733,VSS,Metal1,417.4800,54.8800,0.000003
FILLER_9_731,VSS,Metal1,416.6400,54.8800,0.000003
FILLER_9_718,VSS,Metal1,409.5400,54.5310,0.000003
FILLER_9_702,VSS,Metal1,403.7120,54.3320,0.000003
FILLER_9_696,VSS,Metal1,397.2200,54.5310,0.000003
FILLER_9_632,VSS,Metal1,377.8445,54.2420,0.000003
FILLER_9_626,VSS,Metal1,358.0200,54.5310,0.000003
FILLER_9_562,VSS,Metal1,338.6445,54.2420,0.000003
FILLER_9_556,VSS,Metal1,318.8200,54.5310,0.000003
FILLER_9_492,VSS,Metal1,299.4445,54.2420,0.000003
FILLER_9_489,VSS,Metal1,280.8400,54.8800,0.000003
FILLER_9_487,VSS,Metal1,280.0000,54.8800,0.000003
FILLER_9_483,VSS,Metal1,277.9400,54.5310,0.000003
FILLER_9_475,VSS,Metal1,274.4530,54.4180,0.000003
FILLER_9_443,VSS,Metal1,263.0840,54.2820,0.000003
FILLER_9_422,VSS,Metal1,246.9120,54.3320,0.000003
FILLER_9_416,VSS,Metal1,240.4200,54.5310,0.000003
FILLER_9_352,VSS,Metal1,221.0445,54.2420,0.000003
FILLER_9_342,VSS,Metal1,199.9730,54.4180,0.000003
FILLER_9_326,VSS,Metal1,193.1520,54.3320,0.000003
FILLER_9_294,VSS,Metal1,179.6440,54.2820,0.000003
FILLER_9_282,VSS,Metal1,165.3800,54.5310,0.000003
FILLER_9_278,VSS,Metal1,162.9600,54.8800,0.000004
FILLER_9_246,VSS,Metal1,152.7640,54.2820,0.000004
FILLER_9_236,VSS,Metal1,139.1600,54.8800,0.000004
FILLER_9_228,VSS,Metal1,136.1330,54.4180,0.000004
FILLER_9_212,VSS,Metal1,129.3120,54.3320,0.000004
FILLER_9_209,VSS,Metal1,124.0400,54.8800,0.000004
FILLER_9_207,VSS,Metal1,123.2000,54.8800,0.000005
FILLER_9_203,VSS,Metal1,121.1400,54.5310,0.000005
FILLER_9_195,VSS,Metal1,117.6530,54.4180,0.000005
FILLER_9_179,VSS,Metal1,110.8320,54.3320,0.000005
FILLER_9_144,VSS,Metal1,87.6400,54.8800,0.000007
FILLER_9_142,VSS,Metal1,86.8000,54.8800,0.000007
FILLER_9_138,VSS,Metal1,84.5600,54.8800,0.000007
FILLER_9_123,VSS,Metal1,76.1600,54.8800,0.000007
FILLER_9_119,VSS,Metal1,74.1000,54.5310,0.000007
FILLER_9_110,VSS,Metal1,68.6000,54.8800,0.000007
FILLER_9_106,VSS,Metal1,66.8200,54.5310,0.000007
FILLER_9_90,VSS,Metal1,57.4000,54.8800,0.000008
FILLER_9_88,VSS,Metal1,56.5600,54.8800,0.000008
FILLER_9_72,VSS,Metal1,50.9120,54.3320,0.000008
FILLER_9_68,VSS,Metal1,45.3600,54.8800,0.000008
FILLER_9_60,VSS,Metal1,42.0530,54.4180,0.000008
FILLER_9_45,VSS,Metal1,32.4800,54.8800,0.000007
FILLER_9_41,VSS,Metal1,30.4200,54.5310,0.000007
FILLER_9_6,VSS,Metal1,10.3600,54.8800,0.000007
FILLER_9_2,VSS,Metal1,8.5800,54.5310,0.000007
FILLER_8_741,VSS,Metal1,422.2400,47.0400,0.000001
FILLER_8_737,VSS,Metal1,420.1800,47.3885,0.000001
FILLER_8_731,VSS,Metal1,416.8200,47.3885,0.000001
FILLER_8_667,VSS,Metal1,397.4445,47.6775,0.000001
FILLER_8_663,VSS,Metal1,378.5600,47.0400,0.000001
FILLER_8_655,VSS,Metal1,375.2530,47.5015,0.000001
FILLER_8_639,VSS,Metal1,368.4320,47.5880,0.000001
FILLER_8_607,VSS,Metal1,354.9240,47.6375,0.000001
FILLER_8_597,VSS,Metal1,341.3200,47.0400,0.000001
FILLER_8_591,VSS,Metal1,338.4200,47.3885,0.000001
FILLER_8_527,VSS,Metal1,319.0445,47.6775,0.000001
FILLER_8_521,VSS,Metal1,299.2200,47.3885,0.000001
FILLER_8_457,VSS,Metal1,279.8445,47.6775,0.000001
FILLER_8_451,VSS,Metal1,260.0200,47.3885,0.000001
FILLER_8_387,VSS,Metal1,240.6445,47.6775,0.000001
FILLER_8_381,VSS,Metal1,220.8200,47.3885,0.000001
FILLER_8_317,VSS,Metal1,201.4445,47.6775,0.000001
FILLER_8_313,VSS,Metal1,182.5600,47.0400,0.000001
FILLER_8_309,VSS,Metal1,180.5000,47.3885,0.000001
FILLER_8_301,VSS,Metal1,177.0130,47.5015,0.000001
FILLER_8_288,VSS,Metal1,168.2800,47.0400,0.000001
FILLER_8_284,VSS,Metal1,166.5000,47.3885,0.000001
FILLER_8_277,VSS,Metal1,162.1200,47.0400,0.000001
FILLER_8_275,VSS,Metal1,161.2800,47.0400,0.000001
FILLER_8_271,VSS,Metal1,159.2200,47.3885,0.000001
FILLER_8_263,VSS,Metal1,155.7330,47.5015,0.000001
FILLER_8_247,VSS,Metal1,148.9120,47.5880,0.000001
FILLER_8_241,VSS,Metal1,142.4200,47.3885,0.000001
FILLER_8_177,VSS,Metal1,123.0445,47.6775,0.000001
FILLER_8_171,VSS,Metal1,103.2200,47.3885,0.000001
FILLER_8_107,VSS,Metal1,83.8445,47.6775,0.000001
FILLER_8_101,VSS,Metal1,64.0200,47.3885,0.000001
FILLER_8_37,VSS,Metal1,44.6445,47.6775,0.000001
FILLER_8_34,VSS,Metal1,26.0400,47.0400,0.000001
FILLER_8_26,VSS,Metal1,23.0130,47.5015,0.000001
FILLER_8_10,VSS,Metal1,13.0600,47.3885,0.000001
FILLER_8_2,VSS,Metal1,9.5730,47.5015,0.000001
FILLER_7_776,VSS,Metal1,441.5600,47.0400,0.000001
FILLER_7_772,VSS,Metal1,439.7800,46.6910,0.000001
FILLER_7_768,VSS,Metal1,437.3600,47.0400,0.000001
FILLER_7_764,VSS,Metal1,435.3000,46.6910,0.000001
FILLER_7_758,VSS,Metal1,431.7600,47.0400,0.000001
FILLER_7_754,VSS,Metal1,429.7000,46.6910,0.000001
FILLER_7_738,VSS,Metal1,423.8720,46.4920,0.000001
FILLER_7_726,VSS,Metal1,413.8400,47.0400,0.000001
FILLER_7_718,VSS,Metal1,410.5330,46.5780,0.000001
FILLER_7_702,VSS,Metal1,403.7120,46.4920,0.000001
FILLER_7_696,VSS,Metal1,397.2200,46.6910,0.000001
FILLER_7_632,VSS,Metal1,377.8445,46.4020,0.000001
FILLER_7_629,VSS,Metal1,359.2400,47.0400,0.000001
FILLER_7_621,VSS,Metal1,356.2130,46.5780,0.000001
FILLER_7_605,VSS,Metal1,349.3920,46.4920,0.000001
FILLER_7_596,VSS,Metal1,341.2200,46.6910,0.000001
FILLER_7_588,VSS,Metal1,337.7330,46.5780,0.000001
FILLER_7_572,VSS,Metal1,330.9120,46.4920,0.000001
FILLER_7_552,VSS,Metal1,316.4000,47.0400,0.000001
FILLER_7_548,VSS,Metal1,314.3400,46.6910,0.000001
FILLER_7_540,VSS,Metal1,310.8530,46.5780,0.000001
FILLER_7_524,VSS,Metal1,304.0320,46.4920,0.000001
FILLER_7_492,VSS,Metal1,290.5240,46.4420,0.000001
FILLER_7_489,VSS,Metal1,280.8400,47.0400,0.000001
FILLER_7_487,VSS,Metal1,280.0000,47.0400,0.000001
FILLER_7_471,VSS,Metal1,274.3520,46.4920,0.000001
FILLER_7_439,VSS,Metal1,260.8440,46.4420,0.000001
FILLER_7_422,VSS,Metal1,244.7730,46.5780,0.000001
FILLER_7_419,VSS,Metal1,241.6400,47.0400,0.000001
FILLER_7_417,VSS,Metal1,240.8000,47.0400,0.000001
FILLER_7_401,VSS,Metal1,235.1520,46.4920,0.000001
FILLER_7_384,VSS,Metal1,222.0400,47.0400,0.000001
FILLER_7_352,VSS,Metal1,212.1240,46.4420,0.000001
FILLER_7_349,VSS,Metal1,202.4400,47.0400,0.000001
FILLER_7_347,VSS,Metal1,201.6000,47.0400,0.000001
FILLER_7_312,VSS,Metal1,181.7200,47.0400,0.000001
FILLER_7_310,VSS,Metal1,180.8800,47.0400,0.000001
FILLER_7_306,VSS,Metal1,178.8200,46.6910,0.000001
FILLER_7_298,VSS,Metal1,175.3330,46.5780,0.000001
FILLER_7_282,VSS,Metal1,168.5120,46.4920,0.000001
FILLER_7_272,VSS,Metal1,160.7730,46.5780,0.000001
FILLER_7_256,VSS,Metal1,153.9520,46.4920,0.000001
FILLER_7_244,VSS,Metal1,144.1000,46.6910,0.000001
FILLER_7_212,VSS,Metal1,133.7240,46.4420,0.000001
FILLER_7_206,VSS,Metal1,122.8200,46.6910,0.000001
FILLER_7_142,VSS,Metal1,103.4445,46.4020,0.000001
FILLER_7_136,VSS,Metal1,83.6200,46.6910,0.000001
FILLER_7_72,VSS,Metal1,64.2445,46.4020,0.000001
FILLER_7_66,VSS,Metal1,44.4200,46.6910,0.000001
FILLER_7_2,VSS,Metal1,25.0445,46.4020,0.000001
FILLER_6_769,VSS,Metal1,439.0930,39.6615,0.000000
FILLER_6_737,VSS,Metal1,427.7240,39.7975,0.000000
FILLER_6_734,VSS,Metal1,418.0400,39.2000,0.000000
FILLER_6_732,VSS,Metal1,417.2000,39.2000,0.000000
FILLER_6_728,VSS,Metal1,415.1400,39.5485,0.000000
FILLER_6_712,VSS,Metal1,409.3120,39.7480,0.000000
FILLER_6_677,VSS,Metal1,386.1200,39.2000,0.000000
FILLER_6_675,VSS,Metal1,385.2800,39.2000,0.000000
FILLER_6_667,VSS,Metal1,381.9730,39.6615,0.000000
FILLER_6_664,VSS,Metal1,378.8400,39.2000,0.000000
FILLER_6_662,VSS,Metal1,378.0000,39.2000,0.000000
FILLER_6_646,VSS,Metal1,372.3520,39.7480,0.000000
FILLER_6_619,VSS,Metal1,354.1000,39.5485,0.000000
FILLER_6_611,VSS,Metal1,350.6130,39.6615,0.000000
FILLER_6_605,VSS,Metal1,345.8000,39.2000,0.000000
FILLER_6_597,VSS,Metal1,342.7730,39.6615,0.000000
FILLER_6_593,VSS,Metal1,339.3600,39.2000,0.000000
FILLER_6_589,VSS,Metal1,337.3000,39.5485,0.000000
FILLER_6_564,VSS,Metal1,323.1200,39.2000,0.000000
FILLER_6_555,VSS,Metal1,317.8000,39.2000,0.000000
FILLER_6_551,VSS,Metal1,316.0200,39.5485,0.000000
FILLER_6_543,VSS,Metal1,312.5330,39.6615,0.000000
FILLER_6_527,VSS,Metal1,305.7120,39.7480,0.000000
FILLER_6_524,VSS,Metal1,300.4400,39.2000,0.000000
FILLER_6_522,VSS,Metal1,299.6000,39.2000,0.000000
FILLER_6_506,VSS,Metal1,293.9520,39.7480,0.000000
FILLER_6_471,VSS,Metal1,270.7600,39.2000,0.000000
FILLER_6_469,VSS,Metal1,269.9200,39.2000,0.000000
FILLER_6_465,VSS,Metal1,267.8600,39.5485,0.000000
FILLER_6_457,VSS,Metal1,264.3730,39.6615,0.000000
FILLER_6_451,VSS,Metal1,260.0200,39.5485,0.000000
FILLER_6_435,VSS,Metal1,254.1920,39.7480,0.000000
FILLER_6_429,VSS,Metal1,247.2400,39.2000,0.000000
FILLER_6_427,VSS,Metal1,246.4000,39.2000,0.000000
FILLER_6_423,VSS,Metal1,244.3400,39.5485,0.000000
FILLER_6_399,VSS,Metal1,230.4400,39.2000,0.000000
FILLER_6_397,VSS,Metal1,229.6000,39.2000,0.000000
FILLER_6_392,VSS,Metal1,226.5200,39.2000,0.000000
FILLER_6_387,VSS,Metal1,223.7200,39.2000,0.000000
FILLER_6_384,VSS,Metal1,222.0400,39.2000,0.000000
FILLER_6_380,VSS,Metal1,220.2600,39.5485,0.000000
FILLER_6_345,VSS,Metal1,200.2000,39.2000,0.000000
FILLER_6_341,VSS,Metal1,198.4200,39.5485,0.000000
FILLER_6_333,VSS,Metal1,194.9330,39.6615,0.000000
FILLER_6_317,VSS,Metal1,188.1120,39.7480,0.000000
FILLER_6_314,VSS,Metal1,182.8400,39.2000,0.000000
FILLER_6_306,VSS,Metal1,179.8130,39.6615,0.000000
FILLER_6_290,VSS,Metal1,172.9920,39.7480,0.000000
FILLER_6_279,VSS,Metal1,163.2400,39.2000,0.000000
FILLER_6_271,VSS,Metal1,160.2130,39.6615,0.000000
FILLER_6_255,VSS,Metal1,153.3920,39.7480,0.000000
FILLER_6_247,VSS,Metal1,145.6000,39.2000,0.000000
FILLER_6_244,VSS,Metal1,143.6400,39.2000,0.000000
FILLER_6_240,VSS,Metal1,141.8600,39.5485,0.000000
FILLER_6_224,VSS,Metal1,136.0320,39.7480,0.000000
FILLER_6_177,VSS,Metal1,106.1200,39.2000,0.000000
FILLER_6_171,VSS,Metal1,103.2200,39.5485,0.000000
FILLER_6_107,VSS,Metal1,83.8445,39.8375,0.000000
FILLER_6_101,VSS,Metal1,64.0200,39.5485,0.000000
FILLER_6_37,VSS,Metal1,44.6445,39.8375,0.000000
FILLER_6_34,VSS,Metal1,26.0400,39.2000,0.000000
FILLER_6_2,VSS,Metal1,16.1240,39.7975,0.000000
FILLER_5_776,VSS,Metal1,441.5600,39.2000,0.000000
FILLER_5_772,VSS,Metal1,439.7800,38.8510,0.000000
FILLER_5_766,VSS,Metal1,436.4200,38.8510,0.000000
FILLER_5_702,VSS,Metal1,417.0445,38.5620,0.000000
FILLER_5_699,VSS,Metal1,398.4400,39.2000,0.000000
FILLER_5_695,VSS,Metal1,396.6600,38.8510,0.000000
FILLER_5_687,VSS,Metal1,393.1730,38.7380,0.000000
FILLER_5_651,VSS,Metal1,371.8400,39.2000,0.000000
FILLER_5_647,VSS,Metal1,369.7800,38.8510,0.000000
FILLER_5_639,VSS,Metal1,366.2930,38.7380,0.000000
FILLER_5_632,VSS,Metal1,361.2000,39.2000,0.000000
FILLER_5_629,VSS,Metal1,359.2400,39.2000,0.000000
FILLER_5_618,VSS,Metal1,353.0800,39.2000,0.000000
FILLER_5_610,VSS,Metal1,350.0530,38.7380,0.000000
FILLER_5_594,VSS,Metal1,343.2320,38.6520,0.000000
FILLER_5_562,VSS,Metal1,329.7240,38.6020,0.000000
FILLER_5_556,VSS,Metal1,318.8200,38.8510,0.000000
FILLER_5_548,VSS,Metal1,315.3330,38.7380,0.000000
FILLER_5_512,VSS,Metal1,294.0000,39.2000,0.000000
FILLER_5_508,VSS,Metal1,291.9400,38.8510,0.000000
FILLER_5_492,VSS,Metal1,286.1120,38.6520,0.000000
FILLER_5_486,VSS,Metal1,279.6200,38.8510,0.000000
FILLER_5_422,VSS,Metal1,260.2445,38.5620,0.000000
FILLER_5_416,VSS,Metal1,240.4200,38.8510,0.000000
FILLER_5_352,VSS,Metal1,221.0445,38.5620,0.000000
FILLER_5_346,VSS,Metal1,201.2200,38.8510,0.000000
FILLER_5_282,VSS,Metal1,181.8445,38.5620,0.000000
FILLER_5_276,VSS,Metal1,162.0200,38.8510,0.000000
FILLER_5_212,VSS,Metal1,142.6445,38.5620,0.000000
FILLER_5_206,VSS,Metal1,122.8200,38.8510,0.000000
FILLER_5_142,VSS,Metal1,103.4445,38.5620,0.000000
FILLER_5_136,VSS,Metal1,83.6200,38.8510,0.000000
FILLER_5_72,VSS,Metal1,64.2445,38.5620,0.000000
FILLER_5_66,VSS,Metal1,44.4200,38.8510,0.000000
FILLER_5_2,VSS,Metal1,25.0445,38.5620,0.000000
FILLER_4_741,VSS,Metal1,422.2400,31.3600,0.000180
FILLER_4_737,VSS,Metal1,420.1800,31.7085,0.000180
FILLER_4_731,VSS,Metal1,416.8200,31.7085,0.000180
FILLER_4_667,VSS,Metal1,397.4445,31.9975,0.000180
FILLER_4_661,VSS,Metal1,377.6200,31.7085,0.000180
FILLER_4_597,VSS,Metal1,358.2445,31.9975,0.000180
FILLER_4_591,VSS,Metal1,338.4200,31.7085,0.000180
FILLER_4_527,VSS,Metal1,319.0445,31.9975,0.000180
FILLER_4_521,VSS,Metal1,299.2200,31.7085,0.000198
FILLER_4_457,VSS,Metal1,279.8445,31.9975,0.000201
FILLER_4_451,VSS,Metal1,260.0200,31.7085,0.000219
FILLER_4_387,VSS,Metal1,240.6445,31.9975,0.000219
FILLER_4_381,VSS,Metal1,220.8200,31.7085,0.000219
FILLER_4_317,VSS,Metal1,201.4445,31.9975,0.000219
FILLER_4_311,VSS,Metal1,181.6200,31.7085,0.000220
FILLER_4_295,VSS,Metal1,175.7920,31.9080,0.000221
FILLER_4_289,VSS,Metal1,168.8400,31.3600,0.000222
FILLER_4_287,VSS,Metal1,168.0000,31.3600,0.000291
FILLER_4_279,VSS,Metal1,164.6930,31.8215,0.000299
FILLER_4_247,VSS,Metal1,153.3240,31.9575,0.000327
FILLER_4_241,VSS,Metal1,142.4200,31.7085,0.000329
FILLER_4_177,VSS,Metal1,123.0445,31.9975,0.000329
FILLER_4_173,VSS,Metal1,104.1600,31.3600,0.000329
FILLER_4_169,VSS,Metal1,102.1000,31.7085,0.000324
FILLER_4_161,VSS,Metal1,98.6130,31.8215,0.000323
FILLER_4_145,VSS,Metal1,91.7920,31.9080,0.000308
FILLER_4_113,VSS,Metal1,78.2840,31.9575,0.000306
FILLER_4_103,VSS,Metal1,64.9600,31.3600,0.000286
FILLER_4_99,VSS,Metal1,62.9000,31.7085,0.000285
FILLER_4_83,VSS,Metal1,57.0720,31.9080,0.000275
FILLER_4_51,VSS,Metal1,43.5640,31.9575,0.000273
FILLER_4_39,VSS,Metal1,28.8400,31.3600,0.000250
FILLER_4_37,VSS,Metal1,28.0000,31.3600,0.000250
FILLER_4_34,VSS,Metal1,26.0400,31.3600,0.000242
FILLER_4_18,VSS,Metal1,20.6720,31.9080,0.000242
FILLER_3_776,VSS,Metal1,441.5600,31.3600,0.000180
FILLER_3_772,VSS,Metal1,439.7800,31.0110,0.000180
FILLER_3_768,VSS,Metal1,437.3600,31.3600,0.000180
FILLER_3_764,VSS,Metal1,435.3000,31.0110,0.000180
FILLER_3_758,VSS,Metal1,431.7600,31.3600,0.000180
FILLER_3_742,VSS,Metal1,426.1120,30.8120,0.000180
FILLER_3_726,VSS,Metal1,413.8400,31.3600,0.000180
FILLER_3_718,VSS,Metal1,410.5330,30.8980,0.000180
FILLER_3_702,VSS,Metal1,403.7120,30.8120,0.000180
FILLER_3_696,VSS,Metal1,397.2200,31.0110,0.000180
FILLER_3_632,VSS,Metal1,377.8445,30.7220,0.000180
FILLER_3_624,VSS,Metal1,356.7200,31.3600,0.000180
FILLER_3_620,VSS,Metal1,354.6600,31.0110,0.000180
FILLER_3_612,VSS,Metal1,351.1730,30.8980,0.000180
FILLER_3_596,VSS,Metal1,344.3520,30.8120,0.000180
FILLER_3_590,VSS,Metal1,337.6800,31.3600,0.000180
FILLER_3_586,VSS,Metal1,335.6200,31.0110,0.000180
FILLER_3_578,VSS,Metal1,332.1330,30.8980,0.000180
FILLER_3_562,VSS,Metal1,325.3120,30.8120,0.000180
FILLER_3_524,VSS,Metal1,300.7200,31.3600,0.000198
FILLER_3_492,VSS,Metal1,290.5240,30.7620,0.000201
FILLER_3_455,VSS,Metal1,261.8000,31.3600,0.000218
FILLER_3_447,VSS,Metal1,258.7730,30.8980,0.000219
FILLER_3_441,VSS,Metal1,253.9600,31.3600,0.000219
FILLER_3_422,VSS,Metal1,243.7800,31.0110,0.000219
FILLER_3_416,VSS,Metal1,240.4200,31.0110,0.000219
FILLER_3_352,VSS,Metal1,221.0445,30.7220,0.000219
FILLER_3_348,VSS,Metal1,202.1600,31.3600,0.000219
FILLER_3_332,VSS,Metal1,196.5120,30.8120,0.000219
FILLER_3_300,VSS,Metal1,183.0040,30.7620,0.000220
FILLER_3_279,VSS,Metal1,163.2400,31.3600,0.000299
FILLER_3_271,VSS,Metal1,160.2130,30.8980,0.000327
FILLER_3_255,VSS,Metal1,153.3920,30.8120,0.000327
FILLER_3_216,VSS,Metal1,127.9600,31.3600,0.000329
FILLER_3_212,VSS,Metal1,126.1800,31.0110,0.000329
FILLER_3_202,VSS,Metal1,121.5730,30.8980,0.000329
FILLER_3_186,VSS,Metal1,114.7520,30.8120,0.000329
FILLER_3_173,VSS,Metal1,105.3330,30.8980,0.000329
FILLER_3_162,VSS,Metal1,97.7200,31.3600,0.000323
FILLER_3_158,VSS,Metal1,95.9400,31.0110,0.000317
FILLER_3_152,VSS,Metal1,92.1200,31.3600,0.000308
FILLER_3_150,VSS,Metal1,91.2800,31.3600,0.000308
FILLER_3_142,VSS,Metal1,87.9730,30.8980,0.000308
FILLER_3_138,VSS,Metal1,84.5600,31.3600,0.000306
FILLER_3_130,VSS,Metal1,81.2530,30.8980,0.000306
FILLER_3_98,VSS,Metal1,61.8800,31.3600,0.000275
FILLER_3_96,VSS,Metal1,61.0400,31.3600,0.000275
FILLER_3_88,VSS,Metal1,57.7330,30.8980,0.000275
FILLER_3_72,VSS,Metal1,50.9120,30.8120,0.000273
FILLER_3_66,VSS,Metal1,44.4200,31.0110,0.000273
FILLER_3_51,VSS,Metal1,35.8400,31.3600,0.000273
FILLER_3_36,VSS,Metal1,28.6130,30.8980,0.000250
FILLER_2_737,VSS,Metal1,420.0000,23.5200,0.000850
FILLER_2_734,VSS,Metal1,418.0400,23.5200,0.000825
FILLER_2_702,VSS,Metal1,408.1240,24.1175,0.000823
FILLER_2_667,VSS,Metal1,380.5200,23.5200,0.000794
FILLER_2_664,VSS,Metal1,378.8400,23.5200,0.000794
FILLER_2_617,VSS,Metal1,352.5200,23.5200,0.000786
FILLER_2_613,VSS,Metal1,350.7400,23.8685,0.000786
FILLER_2_597,VSS,Metal1,344.9120,24.0680,0.000781
FILLER_2_579,VSS,Metal1,334.8320,24.0680,0.000775
FILLER_2_539,VSS,Metal1,309.1200,23.5200,0.000781
FILLER_2_535,VSS,Metal1,307.0600,23.8685,0.000781
FILLER_2_527,VSS,Metal1,303.5730,23.9815,0.000777
FILLER_2_524,VSS,Metal1,300.4400,23.5200,0.000776
FILLER_2_492,VSS,Metal1,290.5240,24.1175,0.000776
FILLER_2_479,VSS,Metal1,275.2400,23.5200,0.000731
FILLER_2_477,VSS,Metal1,274.4000,23.5200,0.000731
FILLER_2_473,VSS,Metal1,272.3400,23.8685,0.000731
FILLER_2_457,VSS,Metal1,266.5120,24.0680,0.000731
FILLER_2_453,VSS,Metal1,260.9600,23.5200,0.000731
FILLER_2_381,VSS,Metal1,220.8200,23.8685,0.000714
FILLER_2_373,VSS,Metal1,217.3330,23.9815,0.000714
FILLER_2_368,VSS,Metal1,213.0800,23.5200,0.000654
FILLER_2_366,VSS,Metal1,212.2400,23.5200,0.000594
FILLER_2_331,VSS,Metal1,192.3600,23.5200,0.000589
FILLER_2_329,VSS,Metal1,191.5200,23.5200,0.000589
FILLER_2_325,VSS,Metal1,189.4600,23.8685,0.000588
FILLER_2_317,VSS,Metal1,185.9730,23.9815,0.000588
FILLER_2_314,VSS,Metal1,182.8400,23.5200,0.000588
FILLER_2_298,VSS,Metal1,177.4720,24.0680,0.000544
FILLER_2_290,VSS,Metal1,169.6800,23.5200,0.000531
FILLER_2_283,VSS,Metal1,165.7600,23.5200,0.000531
FILLER_2_279,VSS,Metal1,163.7000,23.8685,0.000522
FILLER_2_247,VSS,Metal1,153.3240,24.1175,0.000498
FILLER_2_229,VSS,Metal1,135.7000,23.8685,0.000474
FILLER_2_193,VSS,Metal1,115.3600,23.5200,0.000423
FILLER_2_177,VSS,Metal1,109.7120,24.0680,0.000422
FILLER_2_174,VSS,Metal1,104.4400,23.5200,0.000421
FILLER_2_166,VSS,Metal1,101.4130,23.9815,0.000421
FILLER_2_131,VSS,Metal1,80.3600,23.5200,0.000389
FILLER_2_129,VSS,Metal1,79.5200,23.5200,0.000389
FILLER_2_125,VSS,Metal1,77.4600,23.8685,0.000389
FILLER_2_119,VSS,Metal1,73.6400,23.5200,0.000389
FILLER_2_117,VSS,Metal1,72.8000,23.5200,0.000389
FILLER_2_104,VSS,Metal1,65.2400,23.5200,0.000389
FILLER_2_100,VSS,Metal1,63.4600,23.8685,0.000389
FILLER_2_92,VSS,Metal1,59.9730,23.9815,0.000389
FILLER_2_54,VSS,Metal1,37.7000,23.8685,0.000386
FILLER_2_45,VSS,Metal1,32.6600,23.8685,0.000386
FILLER_2_37,VSS,Metal1,29.1730,23.9815,0.000385
FILLER_2_34,VSS,Metal1,26.0400,23.5200,0.000385
FILLER_2_32,VSS,Metal1,25.2000,23.5200,0.000386
FILLER_2_24,VSS,Metal1,21.8930,23.9815,0.000386
FILLER_2_10,VSS,Metal1,12.8800,23.5200,0.000386
FILLER_2_2,VSS,Metal1,9.5730,23.9815,0.000386
FILLER_1_776,VSS,Metal1,441.5600,23.5200,0.000851
FILLER_1_772,VSS,Metal1,439.7800,23.1710,0.000851
FILLER_1_769,VSS,Metal1,437.6400,23.5200,0.000851
FILLER_1_737,VSS,Metal1,427.7240,22.9220,0.000850
FILLER_1_702,VSS,Metal1,400.1200,23.5200,0.000822
FILLER_1_696,VSS,Metal1,397.2200,23.1710,0.000795
FILLER_1_632,VSS,Metal1,377.8445,22.8820,0.000794
FILLER_1_629,VSS,Metal1,359.2400,23.5200,0.000794
FILLER_1_627,VSS,Metal1,358.4000,23.5200,0.000793
FILLER_1_623,VSS,Metal1,356.3400,23.1710,0.000793
FILLER_1_607,VSS,Metal1,350.5120,22.9720,0.000786
FILLER_1_572,VSS,Metal1,327.3200,23.5200,0.000783
FILLER_1_570,VSS,Metal1,326.4800,23.5200,0.000783
FILLER_1_562,VSS,Metal1,323.1730,23.0580,0.000783
FILLER_1_556,VSS,Metal1,318.8200,23.1710,0.000783
FILLER_1_548,VSS,Metal1,315.3330,23.0580,0.000783
FILLER_1_532,VSS,Metal1,308.5120,22.9720,0.000781
FILLER_1_496,VSS,Metal1,285.0400,23.5200,0.000776
FILLER_1_492,VSS,Metal1,282.9800,23.1710,0.000776
FILLER_1_489,VSS,Metal1,280.8400,23.5200,0.000733
FILLER_1_485,VSS,Metal1,279.0600,23.1710,0.000733
FILLER_1_453,VSS,Metal1,268.6840,22.9220,0.000731
FILLER_1_422,VSS,Metal1,244.7730,23.0580,0.000714
FILLER_1_419,VSS,Metal1,241.6400,23.5200,0.000714
FILLER_1_417,VSS,Metal1,240.8000,23.5200,0.000714
FILLER_1_409,VSS,Metal1,237.4930,23.0580,0.000714
FILLER_1_374,VSS,Metal1,216.4400,23.5200,0.000714
FILLER_1_372,VSS,Metal1,215.6000,23.5200,0.000654
FILLER_1_368,VSS,Metal1,213.5400,23.1710,0.000654
FILLER_1_352,VSS,Metal1,207.7120,22.9720,0.000591
FILLER_1_348,VSS,Metal1,202.1600,23.5200,0.000589
FILLER_1_344,VSS,Metal1,200.1000,23.1710,0.000589
FILLER_1_336,VSS,Metal1,196.6130,23.0580,0.000589
FILLER_1_312,VSS,Metal1,181.7200,23.5200,0.000547
FILLER_1_310,VSS,Metal1,180.8800,23.5200,0.000547
FILLER_1_306,VSS,Metal1,178.8200,23.1710,0.000544
FILLER_1_298,VSS,Metal1,175.3330,23.0580,0.000544
FILLER_1_282,VSS,Metal1,168.5120,22.9720,0.000531
FILLER_1_279,VSS,Metal1,163.2400,23.5200,0.000522
FILLER_1_277,VSS,Metal1,162.4000,23.5200,0.000499
FILLER_1_273,VSS,Metal1,160.3400,23.1710,0.000498
FILLER_1_265,VSS,Metal1,156.8530,23.0580,0.000498
FILLER_1_230,VSS,Metal1,135.8000,23.5200,0.000474
FILLER_1_228,VSS,Metal1,134.9600,23.5200,0.000456
FILLER_1_212,VSS,Metal1,129.3120,22.9720,0.000454
FILLER_1_194,VSS,Metal1,119.2320,22.9720,0.000452
FILLER_1_166,VSS,Metal1,100.4200,23.1710,0.000421
FILLER_1_158,VSS,Metal1,96.9330,23.0580,0.000400
FILLER_1_142,VSS,Metal1,90.1120,22.9720,0.000400
FILLER_1_136,VSS,Metal1,83.6200,23.1710,0.000400
FILLER_1_72,VSS,Metal1,64.2445,22.8820,0.000389
FILLER_1_66,VSS,Metal1,44.4200,23.1710,0.000389
FILLER_1_2,VSS,Metal1,25.0445,22.8820,0.000386
FILLER_0_762,VSS,Metal1,433.7200,15.6800,0.000350
FILLER_0_758,VSS,Metal1,431.9400,16.0285,0.000349
FILLER_0_750,VSS,Metal1,428.4530,16.1415,0.000328
FILLER_0_716,VSS,Metal1,415.9640,16.2775,0.000298
FILLER_0_682,VSS,Metal1,396.9240,16.2775,0.000268
FILLER_0_648,VSS,Metal1,377.8840,16.2775,0.000238
FILLER_0_614,VSS,Metal1,358.8440,16.2775,0.000207
FILLER_0_580,VSS,Metal1,339.8040,16.2775,0.000177
FILLER_0_546,VSS,Metal1,320.7640,16.2775,0.000165
FILLER_0_512,VSS,Metal1,301.7240,16.2775,0.000153
FILLER_0_478,VSS,Metal1,282.6840,16.2775,0.000140
FILLER_0_444,VSS,Metal1,263.6440,16.2775,0.000128
FILLER_0_410,VSS,Metal1,244.6040,16.2775,0.000116
FILLER_0_376,VSS,Metal1,225.5640,16.2775,0.000103
FILLER_0_342,VSS,Metal1,206.5240,16.2775,0.000091
FILLER_0_308,VSS,Metal1,187.4840,16.2775,0.000079
FILLER_0_274,VSS,Metal1,168.4440,16.2775,0.000074
FILLER_0_240,VSS,Metal1,149.4040,16.2775,0.000070
FILLER_0_206,VSS,Metal1,130.3640,16.2775,0.000066
FILLER_0_172,VSS,Metal1,111.3240,16.2775,0.000061
FILLER_0_138,VSS,Metal1,92.2840,16.2775,0.000057
FILLER_0_104,VSS,Metal1,73.2440,16.2775,0.000053
FILLER_0_70,VSS,Metal1,54.2040,16.2775,0.000048
FILLER_0_36,VSS,Metal1,35.1640,16.2775,0.000044
FILLER_0_2,VSS,Metal1,16.1240,16.2775,0.000043
clkload6,VSS,Metal1,133.1565,321.8565,0.000000
clkload5,VSS,Metal1,50.7600,376.7775,0.000000
clkload4,VSS,Metal1,44.1065,328.8330,0.000000
clkload3,VSS,Metal1,127.5565,156.3830,0.000000
clkload2,VSS,Metal1,135.8800,101.4625,0.000000
clkload1,VSS,Metal1,46.9065,149.4065,0.000000
clkload0,VSS,Metal1,48.5865,93.6330,0.000130
clkbuf_3_7__f_clk,VSS,Metal1,150.4935,375.7215,0.000000
clkbuf_3_6__f_clk,VSS,Metal1,146.5735,320.8415,0.000000
clkbuf_3_5__f_clk,VSS,Metal1,61.1860,383.5615,-0.000000
clkbuf_3_4__f_clk,VSS,Metal1,60.0660,328.6815,0.000000
clkbuf_3_3__f_clk,VSS,Metal1,144.3335,156.2015,0.000000
clkbuf_3_2__f_clk,VSS,Metal1,148.2535,93.4815,0.000167
clkbuf_3_1__f_clk,VSS,Metal1,60.0660,148.3615,0.000000
clkbuf_3_0__f_clk,VSS,Metal1,63.4260,93.4815,0.000131
clkbuf_0_clk,VSS,Metal1,111.2935,242.4415,0.000000
load_slew23,VSS,Metal1,431.3815,23.9915,0.000851
load_slew22,VSS,Metal1,431.3815,133.7515,0.000236
load_slew21,VSS,Metal1,320.5015,23.9915,0.000783
wire20,VSS,Metal1,321.6255,94.5580,0.000378
load_slew19,VSS,Metal1,239.8250,24.1325,0.000714
load_slew18,VSS,Metal1,139.0615,30.8880,0.000329
load_slew17,VSS,Metal1,224.9450,462.0940,0.000000
wire16,VSS,Metal1,274.0150,383.6940,0.000000
load_slew15,VSS,Metal1,362.5015,447.3515,0.000000
output14,VSS,Metal1,437.2365,455.0405,0.000000
output13,VSS,Metal1,437.2365,400.1605,0.000000
output12,VSS,Metal1,437.2365,368.8005,0.000000
output11,VSS,Metal1,437.2365,360.9605,0.000000
output10,VSS,Metal1,437.2365,321.7605,0.000000
output9,VSS,Metal1,437.2365,298.2405,0.000000
output8,VSS,Metal1,437.2365,282.5605,0.000000
output7,VSS,Metal1,437.2365,259.0405,0.000000
output6,VSS,Metal1,437.2365,219.8405,0.000000
output5,VSS,Metal1,437.2365,462.2390,0.000000
output4,VSS,Metal1,433.3165,454.3990,0.000000
output3,VSS,Metal1,437.2365,204.1605,0.000000
input2,VSS,Metal1,438.0800,16.1060,0.000379
input1,VSS,Metal1,12.1965,31.6805,0.000243
TAP_TAPCELL_ROW_113_1503,VSS,Metal1,426.1600,462.0905,0.000000
TAP_TAPCELL_ROW_113_1502,VSS,Metal1,407.1200,462.0905,0.000000
TAP_TAPCELL_ROW_113_1501,VSS,Metal1,388.0800,462.0905,0.000000
TAP_TAPCELL_ROW_113_1500,VSS,Metal1,369.0400,462.0905,0.000000
TAP_TAPCELL_ROW_113_1499,VSS,Metal1,350.0000,462.0905,0.000000
TAP_TAPCELL_ROW_113_1498,VSS,Metal1,330.9600,462.0905,0.000000
TAP_TAPCELL_ROW_113_1497,VSS,Metal1,311.9200,462.0905,0.000000
TAP_TAPCELL_ROW_113_1496,VSS,Metal1,292.8800,462.0905,0.000000
TAP_TAPCELL_ROW_113_1495,VSS,Metal1,273.8400,462.0905,0.000000
TAP_TAPCELL_ROW_113_1494,VSS,Metal1,254.8000,462.0905,0.000000
TAP_TAPCELL_ROW_113_1493,VSS,Metal1,235.7600,462.0905,0.000000
TAP_TAPCELL_ROW_113_1492,VSS,Metal1,216.7200,462.0905,0.000000
TAP_TAPCELL_ROW_113_1491,VSS,Metal1,197.6800,462.0905,0.000000
TAP_TAPCELL_ROW_113_1490,VSS,Metal1,178.6400,462.0905,0.000000
TAP_TAPCELL_ROW_113_1489,VSS,Metal1,159.6000,462.0905,0.000000
TAP_TAPCELL_ROW_113_1488,VSS,Metal1,140.5600,462.0905,0.000000
TAP_TAPCELL_ROW_113_1487,VSS,Metal1,121.5200,462.0905,0.000000
TAP_TAPCELL_ROW_113_1486,VSS,Metal1,102.4800,462.0905,0.000000
TAP_TAPCELL_ROW_113_1485,VSS,Metal1,83.4400,462.0905,0.000000
TAP_TAPCELL_ROW_113_1484,VSS,Metal1,64.4000,462.0905,0.000000
TAP_TAPCELL_ROW_113_1483,VSS,Metal1,45.3600,462.0905,0.000000
TAP_TAPCELL_ROW_113_1482,VSS,Metal1,26.3200,462.0905,0.000000
TAP_TAPCELL_ROW_112_1481,VSS,Metal1,418.8800,455.1890,0.000000
TAP_TAPCELL_ROW_112_1480,VSS,Metal1,379.6800,455.1890,0.000000
TAP_TAPCELL_ROW_112_1479,VSS,Metal1,340.4800,455.1890,0.000000
TAP_TAPCELL_ROW_112_1478,VSS,Metal1,301.2800,455.1890,0.000000
TAP_TAPCELL_ROW_112_1477,VSS,Metal1,262.0800,455.1890,0.000000
TAP_TAPCELL_ROW_112_1476,VSS,Metal1,222.8800,455.1890,0.000000
TAP_TAPCELL_ROW_112_1475,VSS,Metal1,183.6800,455.1890,0.000000
TAP_TAPCELL_ROW_112_1474,VSS,Metal1,144.4800,455.1890,0.000000
TAP_TAPCELL_ROW_112_1473,VSS,Metal1,105.2800,455.1890,0.000000
TAP_TAPCELL_ROW_112_1472,VSS,Metal1,66.0800,455.1890,0.000000
TAP_TAPCELL_ROW_112_1471,VSS,Metal1,26.8800,455.1890,0.000000
TAP_TAPCELL_ROW_111_1470,VSS,Metal1,438.4800,454.2505,0.000000
TAP_TAPCELL_ROW_111_1469,VSS,Metal1,399.2800,454.2505,0.000000
TAP_TAPCELL_ROW_111_1468,VSS,Metal1,360.0800,454.2505,0.000000
TAP_TAPCELL_ROW_111_1467,VSS,Metal1,320.8800,454.2505,0.000000
TAP_TAPCELL_ROW_111_1466,VSS,Metal1,281.6800,454.2505,0.000000
TAP_TAPCELL_ROW_111_1465,VSS,Metal1,242.4800,454.2505,0.000000
TAP_TAPCELL_ROW_111_1464,VSS,Metal1,203.2800,454.2505,0.000000
TAP_TAPCELL_ROW_111_1463,VSS,Metal1,164.0800,454.2505,0.000000
TAP_TAPCELL_ROW_111_1462,VSS,Metal1,124.8800,454.2505,0.000000
TAP_TAPCELL_ROW_111_1461,VSS,Metal1,85.6800,454.2505,0.000000
TAP_TAPCELL_ROW_111_1460,VSS,Metal1,46.4800,454.2505,0.000000
TAP_TAPCELL_ROW_110_1459,VSS,Metal1,418.8800,447.3490,0.000000
TAP_TAPCELL_ROW_110_1458,VSS,Metal1,379.6800,447.3490,0.000000
TAP_TAPCELL_ROW_110_1457,VSS,Metal1,340.4800,447.3490,0.000000
TAP_TAPCELL_ROW_110_1456,VSS,Metal1,301.2800,447.3490,0.000000
TAP_TAPCELL_ROW_110_1455,VSS,Metal1,262.0800,447.3490,0.000000
TAP_TAPCELL_ROW_110_1454,VSS,Metal1,222.8800,447.3490,0.000000
TAP_TAPCELL_ROW_110_1453,VSS,Metal1,183.6800,447.3490,0.000000
TAP_TAPCELL_ROW_110_1452,VSS,Metal1,144.4800,447.3490,0.000000
TAP_TAPCELL_ROW_110_1451,VSS,Metal1,105.2800,447.3490,0.000000
TAP_TAPCELL_ROW_110_1450,VSS,Metal1,66.0800,447.3490,-0.000000
TAP_TAPCELL_ROW_110_1449,VSS,Metal1,26.8800,447.3490,-0.000000
TAP_TAPCELL_ROW_109_1448,VSS,Metal1,438.4800,446.4105,0.000000
TAP_TAPCELL_ROW_109_1447,VSS,Metal1,399.2800,446.4105,0.000000
TAP_TAPCELL_ROW_109_1446,VSS,Metal1,360.0800,446.4105,0.000000
TAP_TAPCELL_ROW_109_1445,VSS,Metal1,320.8800,446.4105,0.000000
TAP_TAPCELL_ROW_109_1444,VSS,Metal1,281.6800,446.4105,0.000000
TAP_TAPCELL_ROW_109_1443,VSS,Metal1,242.4800,446.4105,0.000000
TAP_TAPCELL_ROW_109_1442,VSS,Metal1,203.2800,446.4105,0.000000
TAP_TAPCELL_ROW_109_1441,VSS,Metal1,164.0800,446.4105,0.000000
TAP_TAPCELL_ROW_109_1440,VSS,Metal1,124.8800,446.4105,0.000000
TAP_TAPCELL_ROW_109_1439,VSS,Metal1,85.6800,446.4105,-0.000000
TAP_TAPCELL_ROW_109_1438,VSS,Metal1,46.4800,446.4105,-0.000000
TAP_TAPCELL_ROW_108_1437,VSS,Metal1,418.8800,439.5090,0.000000
TAP_TAPCELL_ROW_108_1436,VSS,Metal1,379.6800,439.5090,0.000000
TAP_TAPCELL_ROW_108_1435,VSS,Metal1,340.4800,439.5090,0.000000
TAP_TAPCELL_ROW_108_1434,VSS,Metal1,301.2800,439.5090,0.000000
TAP_TAPCELL_ROW_108_1433,VSS,Metal1,262.0800,439.5090,0.000000
TAP_TAPCELL_ROW_108_1432,VSS,Metal1,222.8800,439.5090,0.000000
TAP_TAPCELL_ROW_108_1431,VSS,Metal1,183.6800,439.5090,0.000000
TAP_TAPCELL_ROW_108_1430,VSS,Metal1,144.4800,439.5090,0.000000
TAP_TAPCELL_ROW_108_1429,VSS,Metal1,105.2800,439.5090,0.000000
TAP_TAPCELL_ROW_108_1428,VSS,Metal1,66.0800,439.5090,0.000000
TAP_TAPCELL_ROW_108_1427,VSS,Metal1,26.8800,439.5090,0.000000
TAP_TAPCELL_ROW_107_1426,VSS,Metal1,438.4800,438.5705,0.000000
TAP_TAPCELL_ROW_107_1425,VSS,Metal1,399.2800,438.5705,0.000000
TAP_TAPCELL_ROW_107_1424,VSS,Metal1,360.0800,438.5705,0.000000
TAP_TAPCELL_ROW_107_1423,VSS,Metal1,320.8800,438.5705,0.000000
TAP_TAPCELL_ROW_107_1422,VSS,Metal1,281.6800,438.5705,0.000000
TAP_TAPCELL_ROW_107_1421,VSS,Metal1,242.4800,438.5705,0.000000
TAP_TAPCELL_ROW_107_1420,VSS,Metal1,203.2800,438.5705,0.000000
TAP_TAPCELL_ROW_107_1419,VSS,Metal1,164.0800,438.5705,0.000000
TAP_TAPCELL_ROW_107_1418,VSS,Metal1,124.8800,438.5705,0.000000
TAP_TAPCELL_ROW_107_1417,VSS,Metal1,85.6800,438.5705,0.000000
TAP_TAPCELL_ROW_107_1416,VSS,Metal1,46.4800,438.5705,0.000000
TAP_TAPCELL_ROW_106_1415,VSS,Metal1,418.8800,431.6690,0.000000
TAP_TAPCELL_ROW_106_1414,VSS,Metal1,379.6800,431.6690,0.000000
TAP_TAPCELL_ROW_106_1413,VSS,Metal1,340.4800,431.6690,0.000000
TAP_TAPCELL_ROW_106_1412,VSS,Metal1,301.2800,431.6690,0.000000
TAP_TAPCELL_ROW_106_1411,VSS,Metal1,262.0800,431.6690,0.000000
TAP_TAPCELL_ROW_106_1410,VSS,Metal1,222.8800,431.6690,0.000000
TAP_TAPCELL_ROW_106_1409,VSS,Metal1,183.6800,431.6690,0.000000
TAP_TAPCELL_ROW_106_1408,VSS,Metal1,144.4800,431.6690,0.000000
TAP_TAPCELL_ROW_106_1407,VSS,Metal1,105.2800,431.6690,0.000000
TAP_TAPCELL_ROW_106_1406,VSS,Metal1,66.0800,431.6690,0.000000
TAP_TAPCELL_ROW_106_1405,VSS,Metal1,26.8800,431.6690,0.000000
TAP_TAPCELL_ROW_105_1404,VSS,Metal1,438.4800,430.7305,0.000000
TAP_TAPCELL_ROW_105_1403,VSS,Metal1,399.2800,430.7305,0.000000
TAP_TAPCELL_ROW_105_1402,VSS,Metal1,360.0800,430.7305,0.000000
TAP_TAPCELL_ROW_105_1401,VSS,Metal1,320.8800,430.7305,0.000000
TAP_TAPCELL_ROW_105_1400,VSS,Metal1,281.6800,430.7305,0.000000
TAP_TAPCELL_ROW_105_1399,VSS,Metal1,242.4800,430.7305,0.000000
TAP_TAPCELL_ROW_105_1398,VSS,Metal1,203.2800,430.7305,0.000000
TAP_TAPCELL_ROW_105_1397,VSS,Metal1,164.0800,430.7305,0.000000
TAP_TAPCELL_ROW_105_1396,VSS,Metal1,124.8800,430.7305,0.000000
TAP_TAPCELL_ROW_105_1395,VSS,Metal1,85.6800,430.7305,0.000000
TAP_TAPCELL_ROW_105_1394,VSS,Metal1,46.4800,430.7305,0.000000
TAP_TAPCELL_ROW_104_1393,VSS,Metal1,418.8800,423.8290,0.000000
TAP_TAPCELL_ROW_104_1392,VSS,Metal1,379.6800,423.8290,0.000000
TAP_TAPCELL_ROW_104_1391,VSS,Metal1,340.4800,423.8290,0.000000
TAP_TAPCELL_ROW_104_1390,VSS,Metal1,301.2800,423.8290,0.000000
TAP_TAPCELL_ROW_104_1389,VSS,Metal1,262.0800,423.8290,0.000000
TAP_TAPCELL_ROW_104_1388,VSS,Metal1,222.8800,423.8290,0.000000
TAP_TAPCELL_ROW_104_1387,VSS,Metal1,183.6800,423.8290,0.000000
TAP_TAPCELL_ROW_104_1386,VSS,Metal1,144.4800,423.8290,0.000000
TAP_TAPCELL_ROW_104_1385,VSS,Metal1,105.2800,423.8290,0.000000
TAP_TAPCELL_ROW_104_1384,VSS,Metal1,66.0800,423.8290,0.000000
TAP_TAPCELL_ROW_104_1383,VSS,Metal1,26.8800,423.8290,0.000000
TAP_TAPCELL_ROW_103_1382,VSS,Metal1,438.4800,422.8905,0.000000
TAP_TAPCELL_ROW_103_1381,VSS,Metal1,399.2800,422.8905,0.000000
TAP_TAPCELL_ROW_103_1380,VSS,Metal1,360.0800,422.8905,0.000000
TAP_TAPCELL_ROW_103_1379,VSS,Metal1,320.8800,422.8905,0.000000
TAP_TAPCELL_ROW_103_1378,VSS,Metal1,281.6800,422.8905,0.000000
TAP_TAPCELL_ROW_103_1377,VSS,Metal1,242.4800,422.8905,0.000000
TAP_TAPCELL_ROW_103_1376,VSS,Metal1,203.2800,422.8905,0.000000
TAP_TAPCELL_ROW_103_1375,VSS,Metal1,164.0800,422.8905,0.000000
TAP_TAPCELL_ROW_103_1374,VSS,Metal1,124.8800,422.8905,0.000000
TAP_TAPCELL_ROW_103_1373,VSS,Metal1,85.6800,422.8905,0.000000
TAP_TAPCELL_ROW_103_1372,VSS,Metal1,46.4800,422.8905,0.000000
TAP_TAPCELL_ROW_102_1371,VSS,Metal1,418.8800,415.9890,0.000000
TAP_TAPCELL_ROW_102_1370,VSS,Metal1,379.6800,415.9890,0.000000
TAP_TAPCELL_ROW_102_1369,VSS,Metal1,340.4800,415.9890,0.000000
TAP_TAPCELL_ROW_102_1368,VSS,Metal1,301.2800,415.9890,0.000000
TAP_TAPCELL_ROW_102_1367,VSS,Metal1,262.0800,415.9890,0.000000
TAP_TAPCELL_ROW_102_1366,VSS,Metal1,222.8800,415.9890,0.000000
TAP_TAPCELL_ROW_102_1365,VSS,Metal1,183.6800,415.9890,0.000000
TAP_TAPCELL_ROW_102_1364,VSS,Metal1,144.4800,415.9890,0.000000
TAP_TAPCELL_ROW_102_1363,VSS,Metal1,105.2800,415.9890,0.000000
TAP_TAPCELL_ROW_102_1362,VSS,Metal1,66.0800,415.9890,0.000000
TAP_TAPCELL_ROW_102_1361,VSS,Metal1,26.8800,415.9890,0.000000
TAP_TAPCELL_ROW_101_1360,VSS,Metal1,438.4800,415.0505,0.000000
TAP_TAPCELL_ROW_101_1359,VSS,Metal1,399.2800,415.0505,0.000000
TAP_TAPCELL_ROW_101_1358,VSS,Metal1,360.0800,415.0505,0.000000
TAP_TAPCELL_ROW_101_1357,VSS,Metal1,320.8800,415.0505,0.000000
TAP_TAPCELL_ROW_101_1356,VSS,Metal1,281.6800,415.0505,0.000000
TAP_TAPCELL_ROW_101_1355,VSS,Metal1,242.4800,415.0505,0.000000
TAP_TAPCELL_ROW_101_1354,VSS,Metal1,203.2800,415.0505,0.000000
TAP_TAPCELL_ROW_101_1353,VSS,Metal1,164.0800,415.0505,0.000000
TAP_TAPCELL_ROW_101_1352,VSS,Metal1,124.8800,415.0505,0.000000
TAP_TAPCELL_ROW_101_1351,VSS,Metal1,85.6800,415.0505,0.000000
TAP_TAPCELL_ROW_101_1350,VSS,Metal1,46.4800,415.0505,0.000000
TAP_TAPCELL_ROW_100_1349,VSS,Metal1,418.8800,408.1490,0.000000
TAP_TAPCELL_ROW_100_1348,VSS,Metal1,379.6800,408.1490,0.000000
TAP_TAPCELL_ROW_100_1347,VSS,Metal1,340.4800,408.1490,0.000000
TAP_TAPCELL_ROW_100_1346,VSS,Metal1,301.2800,408.1490,0.000000
TAP_TAPCELL_ROW_100_1345,VSS,Metal1,262.0800,408.1490,0.000000
TAP_TAPCELL_ROW_100_1344,VSS,Metal1,222.8800,408.1490,0.000000
TAP_TAPCELL_ROW_100_1343,VSS,Metal1,183.6800,408.1490,0.000000
TAP_TAPCELL_ROW_100_1342,VSS,Metal1,144.4800,408.1490,0.000000
TAP_TAPCELL_ROW_100_1341,VSS,Metal1,105.2800,408.1490,0.000000
TAP_TAPCELL_ROW_100_1340,VSS,Metal1,66.0800,408.1490,0.000000
TAP_TAPCELL_ROW_100_1339,VSS,Metal1,26.8800,408.1490,0.000000
TAP_TAPCELL_ROW_99_1338,VSS,Metal1,438.4800,407.2105,0.000000
TAP_TAPCELL_ROW_99_1337,VSS,Metal1,399.2800,407.2105,0.000000
TAP_TAPCELL_ROW_99_1336,VSS,Metal1,360.0800,407.2105,0.000000
TAP_TAPCELL_ROW_99_1335,VSS,Metal1,320.8800,407.2105,0.000000
TAP_TAPCELL_ROW_99_1334,VSS,Metal1,281.6800,407.2105,0.000000
TAP_TAPCELL_ROW_99_1333,VSS,Metal1,242.4800,407.2105,0.000000
TAP_TAPCELL_ROW_99_1332,VSS,Metal1,203.2800,407.2105,0.000000
TAP_TAPCELL_ROW_99_1331,VSS,Metal1,164.0800,407.2105,0.000000
TAP_TAPCELL_ROW_99_1330,VSS,Metal1,124.8800,407.2105,0.000000
TAP_TAPCELL_ROW_99_1329,VSS,Metal1,85.6800,407.2105,0.000000
TAP_TAPCELL_ROW_99_1328,VSS,Metal1,46.4800,407.2105,0.000000
TAP_TAPCELL_ROW_98_1327,VSS,Metal1,418.8800,400.3090,0.000000
TAP_TAPCELL_ROW_98_1326,VSS,Metal1,379.6800,400.3090,0.000000
TAP_TAPCELL_ROW_98_1325,VSS,Metal1,340.4800,400.3090,0.000000
TAP_TAPCELL_ROW_98_1324,VSS,Metal1,301.2800,400.3090,0.000000
TAP_TAPCELL_ROW_98_1323,VSS,Metal1,262.0800,400.3090,0.000000
TAP_TAPCELL_ROW_98_1322,VSS,Metal1,222.8800,400.3090,0.000000
TAP_TAPCELL_ROW_98_1321,VSS,Metal1,183.6800,400.3090,0.000000
TAP_TAPCELL_ROW_98_1320,VSS,Metal1,144.4800,400.3090,0.000000
TAP_TAPCELL_ROW_98_1319,VSS,Metal1,105.2800,400.3090,0.000000
TAP_TAPCELL_ROW_98_1318,VSS,Metal1,66.0800,400.3090,0.000000
TAP_TAPCELL_ROW_98_1317,VSS,Metal1,26.8800,400.3090,0.000000
TAP_TAPCELL_ROW_97_1316,VSS,Metal1,438.4800,399.3705,0.000000
TAP_TAPCELL_ROW_97_1315,VSS,Metal1,399.2800,399.3705,0.000000
TAP_TAPCELL_ROW_97_1314,VSS,Metal1,360.0800,399.3705,0.000000
TAP_TAPCELL_ROW_97_1313,VSS,Metal1,320.8800,399.3705,0.000000
TAP_TAPCELL_ROW_97_1312,VSS,Metal1,281.6800,399.3705,0.000000
TAP_TAPCELL_ROW_97_1311,VSS,Metal1,242.4800,399.3705,0.000000
TAP_TAPCELL_ROW_97_1310,VSS,Metal1,203.2800,399.3705,0.000000
TAP_TAPCELL_ROW_97_1309,VSS,Metal1,164.0800,399.3705,0.000000
TAP_TAPCELL_ROW_97_1308,VSS,Metal1,124.8800,399.3705,0.000000
TAP_TAPCELL_ROW_97_1307,VSS,Metal1,85.6800,399.3705,0.000000
TAP_TAPCELL_ROW_97_1306,VSS,Metal1,46.4800,399.3705,0.000000
TAP_TAPCELL_ROW_96_1305,VSS,Metal1,418.8800,392.4690,0.000000
TAP_TAPCELL_ROW_96_1304,VSS,Metal1,379.6800,392.4690,0.000000
TAP_TAPCELL_ROW_96_1303,VSS,Metal1,340.4800,392.4690,0.000000
TAP_TAPCELL_ROW_96_1302,VSS,Metal1,301.2800,392.4690,0.000000
TAP_TAPCELL_ROW_96_1301,VSS,Metal1,262.0800,392.4690,0.000000
TAP_TAPCELL_ROW_96_1300,VSS,Metal1,222.8800,392.4690,0.000000
TAP_TAPCELL_ROW_96_1299,VSS,Metal1,183.6800,392.4690,0.000000
TAP_TAPCELL_ROW_96_1298,VSS,Metal1,144.4800,392.4690,0.000000
TAP_TAPCELL_ROW_96_1297,VSS,Metal1,105.2800,392.4690,0.000000
TAP_TAPCELL_ROW_96_1296,VSS,Metal1,66.0800,392.4690,0.000000
TAP_TAPCELL_ROW_96_1295,VSS,Metal1,26.8800,392.4690,0.000000
TAP_TAPCELL_ROW_95_1294,VSS,Metal1,438.4800,391.5305,0.000000
TAP_TAPCELL_ROW_95_1293,VSS,Metal1,399.2800,391.5305,0.000000
TAP_TAPCELL_ROW_95_1292,VSS,Metal1,360.0800,391.5305,0.000000
TAP_TAPCELL_ROW_95_1291,VSS,Metal1,320.8800,391.5305,0.000000
TAP_TAPCELL_ROW_95_1290,VSS,Metal1,281.6800,391.5305,0.000000
TAP_TAPCELL_ROW_95_1289,VSS,Metal1,242.4800,391.5305,0.000000
TAP_TAPCELL_ROW_95_1288,VSS,Metal1,203.2800,391.5305,0.000000
TAP_TAPCELL_ROW_95_1287,VSS,Metal1,164.0800,391.5305,0.000000
TAP_TAPCELL_ROW_95_1286,VSS,Metal1,124.8800,391.5305,0.000000
TAP_TAPCELL_ROW_95_1285,VSS,Metal1,85.6800,391.5305,0.000000
TAP_TAPCELL_ROW_95_1284,VSS,Metal1,46.4800,391.5305,0.000000
TAP_TAPCELL_ROW_94_1283,VSS,Metal1,418.8800,384.6290,0.000000
TAP_TAPCELL_ROW_94_1282,VSS,Metal1,379.6800,384.6290,0.000000
TAP_TAPCELL_ROW_94_1281,VSS,Metal1,340.4800,384.6290,0.000000
TAP_TAPCELL_ROW_94_1280,VSS,Metal1,301.2800,384.6290,0.000000
TAP_TAPCELL_ROW_94_1279,VSS,Metal1,262.0800,384.6290,0.000000
TAP_TAPCELL_ROW_94_1278,VSS,Metal1,222.8800,384.6290,0.000000
TAP_TAPCELL_ROW_94_1277,VSS,Metal1,183.6800,384.6290,0.000000
TAP_TAPCELL_ROW_94_1276,VSS,Metal1,144.4800,384.6290,-0.000000
TAP_TAPCELL_ROW_94_1275,VSS,Metal1,105.2800,384.6290,-0.000000
TAP_TAPCELL_ROW_94_1274,VSS,Metal1,66.0800,384.6290,-0.000000
TAP_TAPCELL_ROW_94_1273,VSS,Metal1,26.8800,384.6290,-0.000000
TAP_TAPCELL_ROW_93_1272,VSS,Metal1,438.4800,383.6905,0.000000
TAP_TAPCELL_ROW_93_1271,VSS,Metal1,399.2800,383.6905,0.000000
TAP_TAPCELL_ROW_93_1270,VSS,Metal1,360.0800,383.6905,0.000000
TAP_TAPCELL_ROW_93_1269,VSS,Metal1,320.8800,383.6905,0.000000
TAP_TAPCELL_ROW_93_1268,VSS,Metal1,281.6800,383.6905,0.000000
TAP_TAPCELL_ROW_93_1267,VSS,Metal1,242.4800,383.6905,0.000000
TAP_TAPCELL_ROW_93_1266,VSS,Metal1,203.2800,383.6905,0.000000
TAP_TAPCELL_ROW_93_1265,VSS,Metal1,164.0800,383.6905,-0.000000
TAP_TAPCELL_ROW_93_1264,VSS,Metal1,124.8800,383.6905,-0.000000
TAP_TAPCELL_ROW_93_1263,VSS,Metal1,85.6800,383.6905,-0.000000
TAP_TAPCELL_ROW_93_1262,VSS,Metal1,46.4800,383.6905,-0.000000
TAP_TAPCELL_ROW_92_1261,VSS,Metal1,418.8800,376.7890,0.000000
TAP_TAPCELL_ROW_92_1260,VSS,Metal1,379.6800,376.7890,0.000000
TAP_TAPCELL_ROW_92_1259,VSS,Metal1,340.4800,376.7890,0.000000
TAP_TAPCELL_ROW_92_1258,VSS,Metal1,301.2800,376.7890,0.000000
TAP_TAPCELL_ROW_92_1257,VSS,Metal1,262.0800,376.7890,0.000000
TAP_TAPCELL_ROW_92_1256,VSS,Metal1,222.8800,376.7890,0.000000
TAP_TAPCELL_ROW_92_1255,VSS,Metal1,183.6800,376.7890,0.000000
TAP_TAPCELL_ROW_92_1254,VSS,Metal1,144.4800,376.7890,0.000000
TAP_TAPCELL_ROW_92_1253,VSS,Metal1,105.2800,376.7890,0.000000
TAP_TAPCELL_ROW_92_1252,VSS,Metal1,66.0800,376.7890,0.000000
TAP_TAPCELL_ROW_92_1251,VSS,Metal1,26.8800,376.7890,0.000000
TAP_TAPCELL_ROW_91_1250,VSS,Metal1,438.4800,375.8505,0.000000
TAP_TAPCELL_ROW_91_1249,VSS,Metal1,399.2800,375.8505,0.000000
TAP_TAPCELL_ROW_91_1248,VSS,Metal1,360.0800,375.8505,0.000000
TAP_TAPCELL_ROW_91_1247,VSS,Metal1,320.8800,375.8505,0.000000
TAP_TAPCELL_ROW_91_1246,VSS,Metal1,281.6800,375.8505,0.000000
TAP_TAPCELL_ROW_91_1245,VSS,Metal1,242.4800,375.8505,0.000000
TAP_TAPCELL_ROW_91_1244,VSS,Metal1,203.2800,375.8505,0.000000
TAP_TAPCELL_ROW_91_1243,VSS,Metal1,164.0800,375.8505,0.000000
TAP_TAPCELL_ROW_91_1242,VSS,Metal1,124.8800,375.8505,0.000000
TAP_TAPCELL_ROW_91_1241,VSS,Metal1,85.6800,375.8505,0.000000
TAP_TAPCELL_ROW_91_1240,VSS,Metal1,46.4800,375.8505,0.000000
TAP_TAPCELL_ROW_90_1239,VSS,Metal1,418.8800,368.9490,0.000000
TAP_TAPCELL_ROW_90_1238,VSS,Metal1,379.6800,368.9490,0.000000
TAP_TAPCELL_ROW_90_1237,VSS,Metal1,340.4800,368.9490,0.000000
TAP_TAPCELL_ROW_90_1236,VSS,Metal1,301.2800,368.9490,0.000000
TAP_TAPCELL_ROW_90_1235,VSS,Metal1,262.0800,368.9490,0.000000
TAP_TAPCELL_ROW_90_1234,VSS,Metal1,222.8800,368.9490,0.000000
TAP_TAPCELL_ROW_90_1233,VSS,Metal1,183.6800,368.9490,0.000000
TAP_TAPCELL_ROW_90_1232,VSS,Metal1,144.4800,368.9490,0.000000
TAP_TAPCELL_ROW_90_1231,VSS,Metal1,105.2800,368.9490,0.000000
TAP_TAPCELL_ROW_90_1230,VSS,Metal1,66.0800,368.9490,0.000000
TAP_TAPCELL_ROW_90_1229,VSS,Metal1,26.8800,368.9490,0.000000
TAP_TAPCELL_ROW_89_1228,VSS,Metal1,438.4800,368.0105,0.000000
TAP_TAPCELL_ROW_89_1227,VSS,Metal1,399.2800,368.0105,0.000000
TAP_TAPCELL_ROW_89_1226,VSS,Metal1,360.0800,368.0105,0.000000
TAP_TAPCELL_ROW_89_1225,VSS,Metal1,320.8800,368.0105,0.000000
TAP_TAPCELL_ROW_89_1224,VSS,Metal1,281.6800,368.0105,0.000000
TAP_TAPCELL_ROW_89_1223,VSS,Metal1,242.4800,368.0105,0.000000
TAP_TAPCELL_ROW_89_1222,VSS,Metal1,203.2800,368.0105,0.000000
TAP_TAPCELL_ROW_89_1221,VSS,Metal1,164.0800,368.0105,0.000000
TAP_TAPCELL_ROW_89_1220,VSS,Metal1,124.8800,368.0105,0.000000
TAP_TAPCELL_ROW_89_1219,VSS,Metal1,85.6800,368.0105,0.000000
TAP_TAPCELL_ROW_89_1218,VSS,Metal1,46.4800,368.0105,0.000000
TAP_TAPCELL_ROW_88_1217,VSS,Metal1,418.8800,361.1090,0.000000
TAP_TAPCELL_ROW_88_1216,VSS,Metal1,379.6800,361.1090,0.000000
TAP_TAPCELL_ROW_88_1215,VSS,Metal1,340.4800,361.1090,0.000000
TAP_TAPCELL_ROW_88_1214,VSS,Metal1,301.2800,361.1090,0.000000
TAP_TAPCELL_ROW_88_1213,VSS,Metal1,262.0800,361.1090,0.000000
TAP_TAPCELL_ROW_88_1212,VSS,Metal1,222.8800,361.1090,0.000000
TAP_TAPCELL_ROW_88_1211,VSS,Metal1,183.6800,361.1090,0.000000
TAP_TAPCELL_ROW_88_1210,VSS,Metal1,144.4800,361.1090,0.000000
TAP_TAPCELL_ROW_88_1209,VSS,Metal1,105.2800,361.1090,0.000000
TAP_TAPCELL_ROW_88_1208,VSS,Metal1,66.0800,361.1090,0.000000
TAP_TAPCELL_ROW_88_1207,VSS,Metal1,26.8800,361.1090,0.000000
TAP_TAPCELL_ROW_87_1206,VSS,Metal1,438.4800,360.1705,0.000000
TAP_TAPCELL_ROW_87_1205,VSS,Metal1,399.2800,360.1705,0.000000
TAP_TAPCELL_ROW_87_1204,VSS,Metal1,360.0800,360.1705,0.000000
TAP_TAPCELL_ROW_87_1203,VSS,Metal1,320.8800,360.1705,0.000000
TAP_TAPCELL_ROW_87_1202,VSS,Metal1,281.6800,360.1705,0.000000
TAP_TAPCELL_ROW_87_1201,VSS,Metal1,242.4800,360.1705,0.000000
TAP_TAPCELL_ROW_87_1200,VSS,Metal1,203.2800,360.1705,0.000000
TAP_TAPCELL_ROW_87_1199,VSS,Metal1,164.0800,360.1705,0.000000
TAP_TAPCELL_ROW_87_1198,VSS,Metal1,124.8800,360.1705,0.000000
TAP_TAPCELL_ROW_87_1197,VSS,Metal1,85.6800,360.1705,0.000000
TAP_TAPCELL_ROW_87_1196,VSS,Metal1,46.4800,360.1705,0.000000
TAP_TAPCELL_ROW_86_1195,VSS,Metal1,418.8800,353.2690,0.000000
TAP_TAPCELL_ROW_86_1194,VSS,Metal1,379.6800,353.2690,0.000000
TAP_TAPCELL_ROW_86_1193,VSS,Metal1,340.4800,353.2690,0.000000
TAP_TAPCELL_ROW_86_1192,VSS,Metal1,301.2800,353.2690,0.000000
TAP_TAPCELL_ROW_86_1191,VSS,Metal1,262.0800,353.2690,0.000000
TAP_TAPCELL_ROW_86_1190,VSS,Metal1,222.8800,353.2690,0.000000
TAP_TAPCELL_ROW_86_1189,VSS,Metal1,183.6800,353.2690,0.000000
TAP_TAPCELL_ROW_86_1188,VSS,Metal1,144.4800,353.2690,0.000000
TAP_TAPCELL_ROW_86_1187,VSS,Metal1,105.2800,353.2690,0.000000
TAP_TAPCELL_ROW_86_1186,VSS,Metal1,66.0800,353.2690,0.000000
TAP_TAPCELL_ROW_86_1185,VSS,Metal1,26.8800,353.2690,0.000000
TAP_TAPCELL_ROW_85_1184,VSS,Metal1,438.4800,352.3305,0.000000
TAP_TAPCELL_ROW_85_1183,VSS,Metal1,399.2800,352.3305,0.000000
TAP_TAPCELL_ROW_85_1182,VSS,Metal1,360.0800,352.3305,0.000000
TAP_TAPCELL_ROW_85_1181,VSS,Metal1,320.8800,352.3305,0.000000
TAP_TAPCELL_ROW_85_1180,VSS,Metal1,281.6800,352.3305,0.000000
TAP_TAPCELL_ROW_85_1179,VSS,Metal1,242.4800,352.3305,0.000000
TAP_TAPCELL_ROW_85_1178,VSS,Metal1,203.2800,352.3305,0.000000
TAP_TAPCELL_ROW_85_1177,VSS,Metal1,164.0800,352.3305,0.000000
TAP_TAPCELL_ROW_85_1176,VSS,Metal1,124.8800,352.3305,0.000000
TAP_TAPCELL_ROW_85_1175,VSS,Metal1,85.6800,352.3305,0.000000
TAP_TAPCELL_ROW_85_1174,VSS,Metal1,46.4800,352.3305,0.000000
TAP_TAPCELL_ROW_84_1173,VSS,Metal1,418.8800,345.4290,0.000000
TAP_TAPCELL_ROW_84_1172,VSS,Metal1,379.6800,345.4290,0.000000
TAP_TAPCELL_ROW_84_1171,VSS,Metal1,340.4800,345.4290,0.000000
TAP_TAPCELL_ROW_84_1170,VSS,Metal1,301.2800,345.4290,0.000000
TAP_TAPCELL_ROW_84_1169,VSS,Metal1,262.0800,345.4290,0.000000
TAP_TAPCELL_ROW_84_1168,VSS,Metal1,222.8800,345.4290,0.000000
TAP_TAPCELL_ROW_84_1167,VSS,Metal1,183.6800,345.4290,0.000000
TAP_TAPCELL_ROW_84_1166,VSS,Metal1,144.4800,345.4290,0.000000
TAP_TAPCELL_ROW_84_1165,VSS,Metal1,105.2800,345.4290,0.000000
TAP_TAPCELL_ROW_84_1164,VSS,Metal1,66.0800,345.4290,0.000000
TAP_TAPCELL_ROW_84_1163,VSS,Metal1,26.8800,345.4290,0.000000
TAP_TAPCELL_ROW_83_1162,VSS,Metal1,438.4800,344.4905,0.000000
TAP_TAPCELL_ROW_83_1161,VSS,Metal1,399.2800,344.4905,0.000000
TAP_TAPCELL_ROW_83_1160,VSS,Metal1,360.0800,344.4905,0.000000
TAP_TAPCELL_ROW_83_1159,VSS,Metal1,320.8800,344.4905,0.000000
TAP_TAPCELL_ROW_83_1158,VSS,Metal1,281.6800,344.4905,0.000000
TAP_TAPCELL_ROW_83_1157,VSS,Metal1,242.4800,344.4905,0.000000
TAP_TAPCELL_ROW_83_1156,VSS,Metal1,203.2800,344.4905,0.000000
TAP_TAPCELL_ROW_83_1155,VSS,Metal1,164.0800,344.4905,0.000000
TAP_TAPCELL_ROW_83_1154,VSS,Metal1,124.8800,344.4905,0.000000
TAP_TAPCELL_ROW_83_1153,VSS,Metal1,85.6800,344.4905,0.000000
TAP_TAPCELL_ROW_83_1152,VSS,Metal1,46.4800,344.4905,0.000000
TAP_TAPCELL_ROW_82_1151,VSS,Metal1,418.8800,337.5890,0.000000
TAP_TAPCELL_ROW_82_1150,VSS,Metal1,379.6800,337.5890,0.000000
TAP_TAPCELL_ROW_82_1149,VSS,Metal1,340.4800,337.5890,0.000000
TAP_TAPCELL_ROW_82_1148,VSS,Metal1,301.2800,337.5890,0.000000
TAP_TAPCELL_ROW_82_1147,VSS,Metal1,262.0800,337.5890,0.000000
TAP_TAPCELL_ROW_82_1146,VSS,Metal1,222.8800,337.5890,0.000000
TAP_TAPCELL_ROW_82_1145,VSS,Metal1,183.6800,337.5890,0.000000
TAP_TAPCELL_ROW_82_1144,VSS,Metal1,144.4800,337.5890,0.000000
TAP_TAPCELL_ROW_82_1143,VSS,Metal1,105.2800,337.5890,0.000000
TAP_TAPCELL_ROW_82_1142,VSS,Metal1,66.0800,337.5890,0.000000
TAP_TAPCELL_ROW_82_1141,VSS,Metal1,26.8800,337.5890,0.000000
TAP_TAPCELL_ROW_81_1140,VSS,Metal1,438.4800,336.6505,0.000000
TAP_TAPCELL_ROW_81_1139,VSS,Metal1,399.2800,336.6505,0.000000
TAP_TAPCELL_ROW_81_1138,VSS,Metal1,360.0800,336.6505,0.000000
TAP_TAPCELL_ROW_81_1137,VSS,Metal1,320.8800,336.6505,0.000000
TAP_TAPCELL_ROW_81_1136,VSS,Metal1,281.6800,336.6505,0.000000
TAP_TAPCELL_ROW_81_1135,VSS,Metal1,242.4800,336.6505,0.000000
TAP_TAPCELL_ROW_81_1134,VSS,Metal1,203.2800,336.6505,0.000000
TAP_TAPCELL_ROW_81_1133,VSS,Metal1,164.0800,336.6505,0.000000
TAP_TAPCELL_ROW_81_1132,VSS,Metal1,124.8800,336.6505,0.000000
TAP_TAPCELL_ROW_81_1131,VSS,Metal1,85.6800,336.6505,0.000000
TAP_TAPCELL_ROW_81_1130,VSS,Metal1,46.4800,336.6505,0.000000
TAP_TAPCELL_ROW_80_1129,VSS,Metal1,418.8800,329.7490,0.000000
TAP_TAPCELL_ROW_80_1128,VSS,Metal1,379.6800,329.7490,0.000000
TAP_TAPCELL_ROW_80_1127,VSS,Metal1,340.4800,329.7490,0.000000
TAP_TAPCELL_ROW_80_1126,VSS,Metal1,301.2800,329.7490,0.000000
TAP_TAPCELL_ROW_80_1125,VSS,Metal1,262.0800,329.7490,0.000000
TAP_TAPCELL_ROW_80_1124,VSS,Metal1,222.8800,329.7490,0.000000
TAP_TAPCELL_ROW_80_1123,VSS,Metal1,183.6800,329.7490,0.000000
TAP_TAPCELL_ROW_80_1122,VSS,Metal1,144.4800,329.7490,0.000000
TAP_TAPCELL_ROW_80_1121,VSS,Metal1,105.2800,329.7490,0.000000
TAP_TAPCELL_ROW_80_1120,VSS,Metal1,66.0800,329.7490,0.000000
TAP_TAPCELL_ROW_80_1119,VSS,Metal1,26.8800,329.7490,0.000000
TAP_TAPCELL_ROW_79_1118,VSS,Metal1,438.4800,328.8105,0.000000
TAP_TAPCELL_ROW_79_1117,VSS,Metal1,399.2800,328.8105,0.000000
TAP_TAPCELL_ROW_79_1116,VSS,Metal1,360.0800,328.8105,0.000000
TAP_TAPCELL_ROW_79_1115,VSS,Metal1,320.8800,328.8105,0.000000
TAP_TAPCELL_ROW_79_1114,VSS,Metal1,281.6800,328.8105,0.000000
TAP_TAPCELL_ROW_79_1113,VSS,Metal1,242.4800,328.8105,0.000000
TAP_TAPCELL_ROW_79_1112,VSS,Metal1,203.2800,328.8105,0.000000
TAP_TAPCELL_ROW_79_1111,VSS,Metal1,164.0800,328.8105,0.000000
TAP_TAPCELL_ROW_79_1110,VSS,Metal1,124.8800,328.8105,0.000000
TAP_TAPCELL_ROW_79_1109,VSS,Metal1,85.6800,328.8105,0.000000
TAP_TAPCELL_ROW_79_1108,VSS,Metal1,46.4800,328.8105,0.000000
TAP_TAPCELL_ROW_78_1107,VSS,Metal1,418.8800,321.9090,0.000000
TAP_TAPCELL_ROW_78_1106,VSS,Metal1,379.6800,321.9090,0.000000
TAP_TAPCELL_ROW_78_1105,VSS,Metal1,340.4800,321.9090,0.000000
TAP_TAPCELL_ROW_78_1104,VSS,Metal1,301.2800,321.9090,0.000000
TAP_TAPCELL_ROW_78_1103,VSS,Metal1,262.0800,321.9090,0.000000
TAP_TAPCELL_ROW_78_1102,VSS,Metal1,222.8800,321.9090,0.000000
TAP_TAPCELL_ROW_78_1101,VSS,Metal1,183.6800,321.9090,0.000000
TAP_TAPCELL_ROW_78_1100,VSS,Metal1,144.4800,321.9090,0.000000
TAP_TAPCELL_ROW_78_1099,VSS,Metal1,105.2800,321.9090,0.000000
TAP_TAPCELL_ROW_78_1098,VSS,Metal1,66.0800,321.9090,0.000000
TAP_TAPCELL_ROW_78_1097,VSS,Metal1,26.8800,321.9090,0.000000
TAP_TAPCELL_ROW_77_1096,VSS,Metal1,438.4800,320.9705,0.000000
TAP_TAPCELL_ROW_77_1095,VSS,Metal1,399.2800,320.9705,0.000000
TAP_TAPCELL_ROW_77_1094,VSS,Metal1,360.0800,320.9705,0.000000
TAP_TAPCELL_ROW_77_1093,VSS,Metal1,320.8800,320.9705,0.000000
TAP_TAPCELL_ROW_77_1092,VSS,Metal1,281.6800,320.9705,0.000000
TAP_TAPCELL_ROW_77_1091,VSS,Metal1,242.4800,320.9705,0.000000
TAP_TAPCELL_ROW_77_1090,VSS,Metal1,203.2800,320.9705,0.000000
TAP_TAPCELL_ROW_77_1089,VSS,Metal1,164.0800,320.9705,0.000000
TAP_TAPCELL_ROW_77_1088,VSS,Metal1,124.8800,320.9705,0.000000
TAP_TAPCELL_ROW_77_1087,VSS,Metal1,85.6800,320.9705,0.000000
TAP_TAPCELL_ROW_77_1086,VSS,Metal1,46.4800,320.9705,0.000000
TAP_TAPCELL_ROW_76_1085,VSS,Metal1,418.8800,314.0690,0.000000
TAP_TAPCELL_ROW_76_1084,VSS,Metal1,379.6800,314.0690,0.000000
TAP_TAPCELL_ROW_76_1083,VSS,Metal1,340.4800,314.0690,0.000000
TAP_TAPCELL_ROW_76_1082,VSS,Metal1,301.2800,314.0690,0.000000
TAP_TAPCELL_ROW_76_1081,VSS,Metal1,262.0800,314.0690,0.000000
TAP_TAPCELL_ROW_76_1080,VSS,Metal1,222.8800,314.0690,0.000000
TAP_TAPCELL_ROW_76_1079,VSS,Metal1,183.6800,314.0690,0.000000
TAP_TAPCELL_ROW_76_1078,VSS,Metal1,144.4800,314.0690,0.000000
TAP_TAPCELL_ROW_76_1077,VSS,Metal1,105.2800,314.0690,0.000000
TAP_TAPCELL_ROW_76_1076,VSS,Metal1,66.0800,314.0690,0.000000
TAP_TAPCELL_ROW_76_1075,VSS,Metal1,26.8800,314.0690,0.000000
TAP_TAPCELL_ROW_75_1074,VSS,Metal1,438.4800,313.1305,0.000000
TAP_TAPCELL_ROW_75_1073,VSS,Metal1,399.2800,313.1305,0.000000
TAP_TAPCELL_ROW_75_1072,VSS,Metal1,360.0800,313.1305,0.000000
TAP_TAPCELL_ROW_75_1071,VSS,Metal1,320.8800,313.1305,0.000000
TAP_TAPCELL_ROW_75_1070,VSS,Metal1,281.6800,313.1305,0.000000
TAP_TAPCELL_ROW_75_1069,VSS,Metal1,242.4800,313.1305,0.000000
TAP_TAPCELL_ROW_75_1068,VSS,Metal1,203.2800,313.1305,0.000000
TAP_TAPCELL_ROW_75_1067,VSS,Metal1,164.0800,313.1305,0.000000
TAP_TAPCELL_ROW_75_1066,VSS,Metal1,124.8800,313.1305,0.000000
TAP_TAPCELL_ROW_75_1065,VSS,Metal1,85.6800,313.1305,0.000000
TAP_TAPCELL_ROW_75_1064,VSS,Metal1,46.4800,313.1305,0.000000
TAP_TAPCELL_ROW_74_1063,VSS,Metal1,418.8800,306.2290,0.000000
TAP_TAPCELL_ROW_74_1062,VSS,Metal1,379.6800,306.2290,0.000000
TAP_TAPCELL_ROW_74_1061,VSS,Metal1,340.4800,306.2290,0.000000
TAP_TAPCELL_ROW_74_1060,VSS,Metal1,301.2800,306.2290,0.000000
TAP_TAPCELL_ROW_74_1059,VSS,Metal1,262.0800,306.2290,0.000000
TAP_TAPCELL_ROW_74_1058,VSS,Metal1,222.8800,306.2290,0.000000
TAP_TAPCELL_ROW_74_1057,VSS,Metal1,183.6800,306.2290,0.000000
TAP_TAPCELL_ROW_74_1056,VSS,Metal1,144.4800,306.2290,0.000000
TAP_TAPCELL_ROW_74_1055,VSS,Metal1,105.2800,306.2290,0.000000
TAP_TAPCELL_ROW_74_1054,VSS,Metal1,66.0800,306.2290,0.000000
TAP_TAPCELL_ROW_74_1053,VSS,Metal1,26.8800,306.2290,0.000000
TAP_TAPCELL_ROW_73_1052,VSS,Metal1,438.4800,305.2905,0.000000
TAP_TAPCELL_ROW_73_1051,VSS,Metal1,399.2800,305.2905,0.000000
TAP_TAPCELL_ROW_73_1050,VSS,Metal1,360.0800,305.2905,0.000000
TAP_TAPCELL_ROW_73_1049,VSS,Metal1,320.8800,305.2905,0.000000
TAP_TAPCELL_ROW_73_1048,VSS,Metal1,281.6800,305.2905,0.000000
TAP_TAPCELL_ROW_73_1047,VSS,Metal1,242.4800,305.2905,0.000000
TAP_TAPCELL_ROW_73_1046,VSS,Metal1,203.2800,305.2905,0.000000
TAP_TAPCELL_ROW_73_1045,VSS,Metal1,164.0800,305.2905,0.000000
TAP_TAPCELL_ROW_73_1044,VSS,Metal1,124.8800,305.2905,0.000000
TAP_TAPCELL_ROW_73_1043,VSS,Metal1,85.6800,305.2905,0.000000
TAP_TAPCELL_ROW_73_1042,VSS,Metal1,46.4800,305.2905,0.000000
TAP_TAPCELL_ROW_72_1041,VSS,Metal1,418.8800,298.3890,0.000000
TAP_TAPCELL_ROW_72_1040,VSS,Metal1,379.6800,298.3890,0.000000
TAP_TAPCELL_ROW_72_1039,VSS,Metal1,340.4800,298.3890,0.000000
TAP_TAPCELL_ROW_72_1038,VSS,Metal1,301.2800,298.3890,0.000000
TAP_TAPCELL_ROW_72_1037,VSS,Metal1,262.0800,298.3890,0.000000
TAP_TAPCELL_ROW_72_1036,VSS,Metal1,222.8800,298.3890,0.000000
TAP_TAPCELL_ROW_72_1035,VSS,Metal1,183.6800,298.3890,0.000000
TAP_TAPCELL_ROW_72_1034,VSS,Metal1,144.4800,298.3890,0.000000
TAP_TAPCELL_ROW_72_1033,VSS,Metal1,105.2800,298.3890,0.000000
TAP_TAPCELL_ROW_72_1032,VSS,Metal1,66.0800,298.3890,0.000000
TAP_TAPCELL_ROW_72_1031,VSS,Metal1,26.8800,298.3890,0.000000
TAP_TAPCELL_ROW_71_1030,VSS,Metal1,438.4800,297.4505,0.000000
TAP_TAPCELL_ROW_71_1029,VSS,Metal1,399.2800,297.4505,0.000000
TAP_TAPCELL_ROW_71_1028,VSS,Metal1,360.0800,297.4505,0.000000
TAP_TAPCELL_ROW_71_1027,VSS,Metal1,320.8800,297.4505,0.000000
TAP_TAPCELL_ROW_71_1026,VSS,Metal1,281.6800,297.4505,0.000000
TAP_TAPCELL_ROW_71_1025,VSS,Metal1,242.4800,297.4505,0.000000
TAP_TAPCELL_ROW_71_1024,VSS,Metal1,203.2800,297.4505,0.000000
TAP_TAPCELL_ROW_71_1023,VSS,Metal1,164.0800,297.4505,0.000000
TAP_TAPCELL_ROW_71_1022,VSS,Metal1,124.8800,297.4505,0.000000
TAP_TAPCELL_ROW_71_1021,VSS,Metal1,85.6800,297.4505,0.000000
TAP_TAPCELL_ROW_71_1020,VSS,Metal1,46.4800,297.4505,0.000000
TAP_TAPCELL_ROW_70_1019,VSS,Metal1,418.8800,290.5490,0.000000
TAP_TAPCELL_ROW_70_1018,VSS,Metal1,379.6800,290.5490,0.000000
TAP_TAPCELL_ROW_70_1017,VSS,Metal1,340.4800,290.5490,0.000000
TAP_TAPCELL_ROW_70_1016,VSS,Metal1,301.2800,290.5490,0.000000
TAP_TAPCELL_ROW_70_1015,VSS,Metal1,262.0800,290.5490,0.000000
TAP_TAPCELL_ROW_70_1014,VSS,Metal1,222.8800,290.5490,0.000000
TAP_TAPCELL_ROW_70_1013,VSS,Metal1,183.6800,290.5490,0.000000
TAP_TAPCELL_ROW_70_1012,VSS,Metal1,144.4800,290.5490,0.000000
TAP_TAPCELL_ROW_70_1011,VSS,Metal1,105.2800,290.5490,0.000000
TAP_TAPCELL_ROW_70_1010,VSS,Metal1,66.0800,290.5490,0.000000
TAP_TAPCELL_ROW_70_1009,VSS,Metal1,26.8800,290.5490,0.000000
TAP_TAPCELL_ROW_69_1008,VSS,Metal1,438.4800,289.6105,0.000000
TAP_TAPCELL_ROW_69_1007,VSS,Metal1,399.2800,289.6105,0.000000
TAP_TAPCELL_ROW_69_1006,VSS,Metal1,360.0800,289.6105,0.000000
TAP_TAPCELL_ROW_69_1005,VSS,Metal1,320.8800,289.6105,0.000000
TAP_TAPCELL_ROW_69_1004,VSS,Metal1,281.6800,289.6105,0.000000
TAP_TAPCELL_ROW_69_1003,VSS,Metal1,242.4800,289.6105,0.000000
TAP_TAPCELL_ROW_69_1002,VSS,Metal1,203.2800,289.6105,0.000000
TAP_TAPCELL_ROW_69_1001,VSS,Metal1,164.0800,289.6105,0.000000
TAP_TAPCELL_ROW_69_1000,VSS,Metal1,124.8800,289.6105,0.000000
TAP_TAPCELL_ROW_69_999,VSS,Metal1,85.6800,289.6105,0.000000
TAP_TAPCELL_ROW_69_998,VSS,Metal1,46.4800,289.6105,0.000000
TAP_TAPCELL_ROW_68_997,VSS,Metal1,418.8800,282.7090,0.000000
TAP_TAPCELL_ROW_68_996,VSS,Metal1,379.6800,282.7090,0.000000
TAP_TAPCELL_ROW_68_995,VSS,Metal1,340.4800,282.7090,0.000000
TAP_TAPCELL_ROW_68_994,VSS,Metal1,301.2800,282.7090,0.000000
TAP_TAPCELL_ROW_68_993,VSS,Metal1,262.0800,282.7090,0.000000
TAP_TAPCELL_ROW_68_992,VSS,Metal1,222.8800,282.7090,0.000000
TAP_TAPCELL_ROW_68_991,VSS,Metal1,183.6800,282.7090,0.000000
TAP_TAPCELL_ROW_68_990,VSS,Metal1,144.4800,282.7090,0.000000
TAP_TAPCELL_ROW_68_989,VSS,Metal1,105.2800,282.7090,0.000000
TAP_TAPCELL_ROW_68_988,VSS,Metal1,66.0800,282.7090,0.000000
TAP_TAPCELL_ROW_68_987,VSS,Metal1,26.8800,282.7090,0.000000
TAP_TAPCELL_ROW_67_986,VSS,Metal1,438.4800,281.7705,0.000000
TAP_TAPCELL_ROW_67_985,VSS,Metal1,399.2800,281.7705,0.000000
TAP_TAPCELL_ROW_67_984,VSS,Metal1,360.0800,281.7705,0.000000
TAP_TAPCELL_ROW_67_983,VSS,Metal1,320.8800,281.7705,0.000000
TAP_TAPCELL_ROW_67_982,VSS,Metal1,281.6800,281.7705,0.000000
TAP_TAPCELL_ROW_67_981,VSS,Metal1,242.4800,281.7705,0.000000
TAP_TAPCELL_ROW_67_980,VSS,Metal1,203.2800,281.7705,0.000000
TAP_TAPCELL_ROW_67_979,VSS,Metal1,164.0800,281.7705,0.000000
TAP_TAPCELL_ROW_67_978,VSS,Metal1,124.8800,281.7705,0.000000
TAP_TAPCELL_ROW_67_977,VSS,Metal1,85.6800,281.7705,0.000000
TAP_TAPCELL_ROW_67_976,VSS,Metal1,46.4800,281.7705,0.000000
TAP_TAPCELL_ROW_66_975,VSS,Metal1,418.8800,274.8690,0.000000
TAP_TAPCELL_ROW_66_974,VSS,Metal1,379.6800,274.8690,0.000000
TAP_TAPCELL_ROW_66_973,VSS,Metal1,340.4800,274.8690,0.000000
TAP_TAPCELL_ROW_66_972,VSS,Metal1,301.2800,274.8690,0.000000
TAP_TAPCELL_ROW_66_971,VSS,Metal1,262.0800,274.8690,0.000000
TAP_TAPCELL_ROW_66_970,VSS,Metal1,222.8800,274.8690,0.000000
TAP_TAPCELL_ROW_66_969,VSS,Metal1,183.6800,274.8690,0.000000
TAP_TAPCELL_ROW_66_968,VSS,Metal1,144.4800,274.8690,0.000000
TAP_TAPCELL_ROW_66_967,VSS,Metal1,105.2800,274.8690,0.000000
TAP_TAPCELL_ROW_66_966,VSS,Metal1,66.0800,274.8690,0.000000
TAP_TAPCELL_ROW_66_965,VSS,Metal1,26.8800,274.8690,0.000000
TAP_TAPCELL_ROW_65_964,VSS,Metal1,438.4800,273.9305,0.000000
TAP_TAPCELL_ROW_65_963,VSS,Metal1,399.2800,273.9305,0.000000
TAP_TAPCELL_ROW_65_962,VSS,Metal1,360.0800,273.9305,0.000000
TAP_TAPCELL_ROW_65_961,VSS,Metal1,320.8800,273.9305,0.000000
TAP_TAPCELL_ROW_65_960,VSS,Metal1,281.6800,273.9305,0.000000
TAP_TAPCELL_ROW_65_959,VSS,Metal1,242.4800,273.9305,0.000000
TAP_TAPCELL_ROW_65_958,VSS,Metal1,203.2800,273.9305,0.000000
TAP_TAPCELL_ROW_65_957,VSS,Metal1,164.0800,273.9305,0.000000
TAP_TAPCELL_ROW_65_956,VSS,Metal1,124.8800,273.9305,0.000000
TAP_TAPCELL_ROW_65_955,VSS,Metal1,85.6800,273.9305,0.000000
TAP_TAPCELL_ROW_65_954,VSS,Metal1,46.4800,273.9305,0.000000
TAP_TAPCELL_ROW_64_953,VSS,Metal1,418.8800,267.0290,0.000000
TAP_TAPCELL_ROW_64_952,VSS,Metal1,379.6800,267.0290,0.000000
TAP_TAPCELL_ROW_64_951,VSS,Metal1,340.4800,267.0290,0.000000
TAP_TAPCELL_ROW_64_950,VSS,Metal1,301.2800,267.0290,0.000000
TAP_TAPCELL_ROW_64_949,VSS,Metal1,262.0800,267.0290,0.000000
TAP_TAPCELL_ROW_64_948,VSS,Metal1,222.8800,267.0290,0.000000
TAP_TAPCELL_ROW_64_947,VSS,Metal1,183.6800,267.0290,0.000000
TAP_TAPCELL_ROW_64_946,VSS,Metal1,144.4800,267.0290,0.000000
TAP_TAPCELL_ROW_64_945,VSS,Metal1,105.2800,267.0290,0.000000
TAP_TAPCELL_ROW_64_944,VSS,Metal1,66.0800,267.0290,0.000000
TAP_TAPCELL_ROW_64_943,VSS,Metal1,26.8800,267.0290,0.000000
TAP_TAPCELL_ROW_63_942,VSS,Metal1,438.4800,266.0905,0.000000
TAP_TAPCELL_ROW_63_941,VSS,Metal1,399.2800,266.0905,0.000000
TAP_TAPCELL_ROW_63_940,VSS,Metal1,360.0800,266.0905,0.000000
TAP_TAPCELL_ROW_63_939,VSS,Metal1,320.8800,266.0905,0.000000
TAP_TAPCELL_ROW_63_938,VSS,Metal1,281.6800,266.0905,0.000000
TAP_TAPCELL_ROW_63_937,VSS,Metal1,242.4800,266.0905,0.000000
TAP_TAPCELL_ROW_63_936,VSS,Metal1,203.2800,266.0905,0.000000
TAP_TAPCELL_ROW_63_935,VSS,Metal1,164.0800,266.0905,0.000000
TAP_TAPCELL_ROW_63_934,VSS,Metal1,124.8800,266.0905,0.000000
TAP_TAPCELL_ROW_63_933,VSS,Metal1,85.6800,266.0905,0.000000
TAP_TAPCELL_ROW_63_932,VSS,Metal1,46.4800,266.0905,0.000000
TAP_TAPCELL_ROW_62_931,VSS,Metal1,418.8800,259.1890,0.000000
TAP_TAPCELL_ROW_62_930,VSS,Metal1,379.6800,259.1890,0.000000
TAP_TAPCELL_ROW_62_929,VSS,Metal1,340.4800,259.1890,0.000000
TAP_TAPCELL_ROW_62_928,VSS,Metal1,301.2800,259.1890,0.000000
TAP_TAPCELL_ROW_62_927,VSS,Metal1,262.0800,259.1890,0.000000
TAP_TAPCELL_ROW_62_926,VSS,Metal1,222.8800,259.1890,0.000000
TAP_TAPCELL_ROW_62_925,VSS,Metal1,183.6800,259.1890,0.000000
TAP_TAPCELL_ROW_62_924,VSS,Metal1,144.4800,259.1890,0.000000
TAP_TAPCELL_ROW_62_923,VSS,Metal1,105.2800,259.1890,0.000000
TAP_TAPCELL_ROW_62_922,VSS,Metal1,66.0800,259.1890,0.000000
TAP_TAPCELL_ROW_62_921,VSS,Metal1,26.8800,259.1890,0.000000
TAP_TAPCELL_ROW_61_920,VSS,Metal1,438.4800,258.2505,0.000000
TAP_TAPCELL_ROW_61_919,VSS,Metal1,399.2800,258.2505,0.000000
TAP_TAPCELL_ROW_61_918,VSS,Metal1,360.0800,258.2505,0.000000
TAP_TAPCELL_ROW_61_917,VSS,Metal1,320.8800,258.2505,0.000000
TAP_TAPCELL_ROW_61_916,VSS,Metal1,281.6800,258.2505,0.000000
TAP_TAPCELL_ROW_61_915,VSS,Metal1,242.4800,258.2505,0.000000
TAP_TAPCELL_ROW_61_914,VSS,Metal1,203.2800,258.2505,0.000000
TAP_TAPCELL_ROW_61_913,VSS,Metal1,164.0800,258.2505,0.000000
TAP_TAPCELL_ROW_61_912,VSS,Metal1,124.8800,258.2505,0.000000
TAP_TAPCELL_ROW_61_911,VSS,Metal1,85.6800,258.2505,0.000000
TAP_TAPCELL_ROW_61_910,VSS,Metal1,46.4800,258.2505,0.000000
TAP_TAPCELL_ROW_60_909,VSS,Metal1,418.8800,251.3490,0.000000
TAP_TAPCELL_ROW_60_908,VSS,Metal1,379.6800,251.3490,0.000000
TAP_TAPCELL_ROW_60_907,VSS,Metal1,340.4800,251.3490,0.000000
TAP_TAPCELL_ROW_60_906,VSS,Metal1,301.2800,251.3490,0.000000
TAP_TAPCELL_ROW_60_905,VSS,Metal1,262.0800,251.3490,0.000000
TAP_TAPCELL_ROW_60_904,VSS,Metal1,222.8800,251.3490,0.000000
TAP_TAPCELL_ROW_60_903,VSS,Metal1,183.6800,251.3490,0.000000
TAP_TAPCELL_ROW_60_902,VSS,Metal1,144.4800,251.3490,0.000000
TAP_TAPCELL_ROW_60_901,VSS,Metal1,105.2800,251.3490,0.000000
TAP_TAPCELL_ROW_60_900,VSS,Metal1,66.0800,251.3490,0.000000
TAP_TAPCELL_ROW_60_899,VSS,Metal1,26.8800,251.3490,0.000000
TAP_TAPCELL_ROW_59_898,VSS,Metal1,438.4800,250.4105,0.000000
TAP_TAPCELL_ROW_59_897,VSS,Metal1,399.2800,250.4105,0.000000
TAP_TAPCELL_ROW_59_896,VSS,Metal1,360.0800,250.4105,0.000000
TAP_TAPCELL_ROW_59_895,VSS,Metal1,320.8800,250.4105,0.000000
TAP_TAPCELL_ROW_59_894,VSS,Metal1,281.6800,250.4105,0.000000
TAP_TAPCELL_ROW_59_893,VSS,Metal1,242.4800,250.4105,0.000000
TAP_TAPCELL_ROW_59_892,VSS,Metal1,203.2800,250.4105,0.000000
TAP_TAPCELL_ROW_59_891,VSS,Metal1,164.0800,250.4105,0.000000
TAP_TAPCELL_ROW_59_890,VSS,Metal1,124.8800,250.4105,0.000000
TAP_TAPCELL_ROW_59_889,VSS,Metal1,85.6800,250.4105,0.000000
TAP_TAPCELL_ROW_59_888,VSS,Metal1,46.4800,250.4105,0.000000
TAP_TAPCELL_ROW_58_887,VSS,Metal1,418.8800,243.5090,0.000000
TAP_TAPCELL_ROW_58_886,VSS,Metal1,379.6800,243.5090,0.000000
TAP_TAPCELL_ROW_58_885,VSS,Metal1,340.4800,243.5090,0.000000
TAP_TAPCELL_ROW_58_884,VSS,Metal1,301.2800,243.5090,0.000000
TAP_TAPCELL_ROW_58_883,VSS,Metal1,262.0800,243.5090,0.000000
TAP_TAPCELL_ROW_58_882,VSS,Metal1,222.8800,243.5090,0.000000
TAP_TAPCELL_ROW_58_881,VSS,Metal1,183.6800,243.5090,0.000000
TAP_TAPCELL_ROW_58_880,VSS,Metal1,144.4800,243.5090,0.000000
TAP_TAPCELL_ROW_58_879,VSS,Metal1,105.2800,243.5090,0.000000
TAP_TAPCELL_ROW_58_878,VSS,Metal1,66.0800,243.5090,0.000000
TAP_TAPCELL_ROW_58_877,VSS,Metal1,26.8800,243.5090,0.000000
TAP_TAPCELL_ROW_57_876,VSS,Metal1,438.4800,242.5705,0.000000
TAP_TAPCELL_ROW_57_875,VSS,Metal1,399.2800,242.5705,0.000000
TAP_TAPCELL_ROW_57_874,VSS,Metal1,360.0800,242.5705,0.000000
TAP_TAPCELL_ROW_57_873,VSS,Metal1,320.8800,242.5705,0.000000
TAP_TAPCELL_ROW_57_872,VSS,Metal1,281.6800,242.5705,0.000000
TAP_TAPCELL_ROW_57_871,VSS,Metal1,242.4800,242.5705,0.000000
TAP_TAPCELL_ROW_57_870,VSS,Metal1,203.2800,242.5705,0.000000
TAP_TAPCELL_ROW_57_869,VSS,Metal1,164.0800,242.5705,0.000000
TAP_TAPCELL_ROW_57_868,VSS,Metal1,124.8800,242.5705,0.000000
TAP_TAPCELL_ROW_57_867,VSS,Metal1,85.6800,242.5705,0.000000
TAP_TAPCELL_ROW_57_866,VSS,Metal1,46.4800,242.5705,0.000000
TAP_TAPCELL_ROW_56_865,VSS,Metal1,418.8800,235.6690,0.000000
TAP_TAPCELL_ROW_56_864,VSS,Metal1,379.6800,235.6690,0.000000
TAP_TAPCELL_ROW_56_863,VSS,Metal1,340.4800,235.6690,0.000000
TAP_TAPCELL_ROW_56_862,VSS,Metal1,301.2800,235.6690,0.000000
TAP_TAPCELL_ROW_56_861,VSS,Metal1,262.0800,235.6690,0.000000
TAP_TAPCELL_ROW_56_860,VSS,Metal1,222.8800,235.6690,0.000000
TAP_TAPCELL_ROW_56_859,VSS,Metal1,183.6800,235.6690,0.000000
TAP_TAPCELL_ROW_56_858,VSS,Metal1,144.4800,235.6690,0.000000
TAP_TAPCELL_ROW_56_857,VSS,Metal1,105.2800,235.6690,0.000000
TAP_TAPCELL_ROW_56_856,VSS,Metal1,66.0800,235.6690,0.000000
TAP_TAPCELL_ROW_56_855,VSS,Metal1,26.8800,235.6690,0.000000
TAP_TAPCELL_ROW_55_854,VSS,Metal1,438.4800,234.7305,0.000000
TAP_TAPCELL_ROW_55_853,VSS,Metal1,399.2800,234.7305,0.000000
TAP_TAPCELL_ROW_55_852,VSS,Metal1,360.0800,234.7305,0.000000
TAP_TAPCELL_ROW_55_851,VSS,Metal1,320.8800,234.7305,0.000000
TAP_TAPCELL_ROW_55_850,VSS,Metal1,281.6800,234.7305,0.000000
TAP_TAPCELL_ROW_55_849,VSS,Metal1,242.4800,234.7305,0.000000
TAP_TAPCELL_ROW_55_848,VSS,Metal1,203.2800,234.7305,0.000000
TAP_TAPCELL_ROW_55_847,VSS,Metal1,164.0800,234.7305,0.000000
TAP_TAPCELL_ROW_55_846,VSS,Metal1,124.8800,234.7305,0.000000
TAP_TAPCELL_ROW_55_845,VSS,Metal1,85.6800,234.7305,0.000000
TAP_TAPCELL_ROW_55_844,VSS,Metal1,46.4800,234.7305,0.000000
TAP_TAPCELL_ROW_54_843,VSS,Metal1,418.8800,227.8290,0.000000
TAP_TAPCELL_ROW_54_842,VSS,Metal1,379.6800,227.8290,0.000000
TAP_TAPCELL_ROW_54_841,VSS,Metal1,340.4800,227.8290,0.000000
TAP_TAPCELL_ROW_54_840,VSS,Metal1,301.2800,227.8290,0.000000
TAP_TAPCELL_ROW_54_839,VSS,Metal1,262.0800,227.8290,0.000000
TAP_TAPCELL_ROW_54_838,VSS,Metal1,222.8800,227.8290,0.000000
TAP_TAPCELL_ROW_54_837,VSS,Metal1,183.6800,227.8290,0.000000
TAP_TAPCELL_ROW_54_836,VSS,Metal1,144.4800,227.8290,0.000000
TAP_TAPCELL_ROW_54_835,VSS,Metal1,105.2800,227.8290,0.000000
TAP_TAPCELL_ROW_54_834,VSS,Metal1,66.0800,227.8290,0.000000
TAP_TAPCELL_ROW_54_833,VSS,Metal1,26.8800,227.8290,0.000000
TAP_TAPCELL_ROW_53_832,VSS,Metal1,438.4800,226.8905,0.000000
TAP_TAPCELL_ROW_53_831,VSS,Metal1,399.2800,226.8905,0.000000
TAP_TAPCELL_ROW_53_830,VSS,Metal1,360.0800,226.8905,0.000000
TAP_TAPCELL_ROW_53_829,VSS,Metal1,320.8800,226.8905,0.000000
TAP_TAPCELL_ROW_53_828,VSS,Metal1,281.6800,226.8905,0.000000
TAP_TAPCELL_ROW_53_827,VSS,Metal1,242.4800,226.8905,0.000000
TAP_TAPCELL_ROW_53_826,VSS,Metal1,203.2800,226.8905,0.000000
TAP_TAPCELL_ROW_53_825,VSS,Metal1,164.0800,226.8905,0.000000
TAP_TAPCELL_ROW_53_824,VSS,Metal1,124.8800,226.8905,0.000000
TAP_TAPCELL_ROW_53_823,VSS,Metal1,85.6800,226.8905,0.000000
TAP_TAPCELL_ROW_53_822,VSS,Metal1,46.4800,226.8905,0.000000
TAP_TAPCELL_ROW_52_821,VSS,Metal1,418.8800,219.9890,0.000000
TAP_TAPCELL_ROW_52_820,VSS,Metal1,379.6800,219.9890,0.000000
TAP_TAPCELL_ROW_52_819,VSS,Metal1,340.4800,219.9890,0.000000
TAP_TAPCELL_ROW_52_818,VSS,Metal1,301.2800,219.9890,0.000000
TAP_TAPCELL_ROW_52_817,VSS,Metal1,262.0800,219.9890,0.000000
TAP_TAPCELL_ROW_52_816,VSS,Metal1,222.8800,219.9890,0.000000
TAP_TAPCELL_ROW_52_815,VSS,Metal1,183.6800,219.9890,0.000000
TAP_TAPCELL_ROW_52_814,VSS,Metal1,144.4800,219.9890,0.000000
TAP_TAPCELL_ROW_52_813,VSS,Metal1,105.2800,219.9890,0.000000
TAP_TAPCELL_ROW_52_812,VSS,Metal1,66.0800,219.9890,0.000000
TAP_TAPCELL_ROW_52_811,VSS,Metal1,26.8800,219.9890,0.000000
TAP_TAPCELL_ROW_51_810,VSS,Metal1,438.4800,219.0505,0.000000
TAP_TAPCELL_ROW_51_809,VSS,Metal1,399.2800,219.0505,0.000000
TAP_TAPCELL_ROW_51_808,VSS,Metal1,360.0800,219.0505,0.000000
TAP_TAPCELL_ROW_51_807,VSS,Metal1,320.8800,219.0505,0.000000
TAP_TAPCELL_ROW_51_806,VSS,Metal1,281.6800,219.0505,0.000000
TAP_TAPCELL_ROW_51_805,VSS,Metal1,242.4800,219.0505,0.000000
TAP_TAPCELL_ROW_51_804,VSS,Metal1,203.2800,219.0505,0.000000
TAP_TAPCELL_ROW_51_803,VSS,Metal1,164.0800,219.0505,0.000000
TAP_TAPCELL_ROW_51_802,VSS,Metal1,124.8800,219.0505,0.000000
TAP_TAPCELL_ROW_51_801,VSS,Metal1,85.6800,219.0505,0.000000
TAP_TAPCELL_ROW_51_800,VSS,Metal1,46.4800,219.0505,0.000000
TAP_TAPCELL_ROW_50_799,VSS,Metal1,418.8800,212.1490,0.000000
TAP_TAPCELL_ROW_50_798,VSS,Metal1,379.6800,212.1490,0.000000
TAP_TAPCELL_ROW_50_797,VSS,Metal1,340.4800,212.1490,0.000000
TAP_TAPCELL_ROW_50_796,VSS,Metal1,301.2800,212.1490,0.000000
TAP_TAPCELL_ROW_50_795,VSS,Metal1,262.0800,212.1490,0.000000
TAP_TAPCELL_ROW_50_794,VSS,Metal1,222.8800,212.1490,0.000000
TAP_TAPCELL_ROW_50_793,VSS,Metal1,183.6800,212.1490,0.000000
TAP_TAPCELL_ROW_50_792,VSS,Metal1,144.4800,212.1490,0.000000
TAP_TAPCELL_ROW_50_791,VSS,Metal1,105.2800,212.1490,0.000000
TAP_TAPCELL_ROW_50_790,VSS,Metal1,66.0800,212.1490,0.000000
TAP_TAPCELL_ROW_50_789,VSS,Metal1,26.8800,212.1490,0.000000
TAP_TAPCELL_ROW_49_788,VSS,Metal1,438.4800,211.2105,0.000000
TAP_TAPCELL_ROW_49_787,VSS,Metal1,399.2800,211.2105,0.000000
TAP_TAPCELL_ROW_49_786,VSS,Metal1,360.0800,211.2105,0.000000
TAP_TAPCELL_ROW_49_785,VSS,Metal1,320.8800,211.2105,0.000000
TAP_TAPCELL_ROW_49_784,VSS,Metal1,281.6800,211.2105,0.000000
TAP_TAPCELL_ROW_49_783,VSS,Metal1,242.4800,211.2105,0.000000
TAP_TAPCELL_ROW_49_782,VSS,Metal1,203.2800,211.2105,0.000000
TAP_TAPCELL_ROW_49_781,VSS,Metal1,164.0800,211.2105,0.000000
TAP_TAPCELL_ROW_49_780,VSS,Metal1,124.8800,211.2105,0.000000
TAP_TAPCELL_ROW_49_779,VSS,Metal1,85.6800,211.2105,0.000000
TAP_TAPCELL_ROW_49_778,VSS,Metal1,46.4800,211.2105,0.000000
TAP_TAPCELL_ROW_48_777,VSS,Metal1,418.8800,204.3090,0.000000
TAP_TAPCELL_ROW_48_776,VSS,Metal1,379.6800,204.3090,0.000000
TAP_TAPCELL_ROW_48_775,VSS,Metal1,340.4800,204.3090,0.000000
TAP_TAPCELL_ROW_48_774,VSS,Metal1,301.2800,204.3090,0.000000
TAP_TAPCELL_ROW_48_773,VSS,Metal1,262.0800,204.3090,0.000000
TAP_TAPCELL_ROW_48_772,VSS,Metal1,222.8800,204.3090,0.000000
TAP_TAPCELL_ROW_48_771,VSS,Metal1,183.6800,204.3090,0.000000
TAP_TAPCELL_ROW_48_770,VSS,Metal1,144.4800,204.3090,0.000000
TAP_TAPCELL_ROW_48_769,VSS,Metal1,105.2800,204.3090,0.000000
TAP_TAPCELL_ROW_48_768,VSS,Metal1,66.0800,204.3090,0.000000
TAP_TAPCELL_ROW_48_767,VSS,Metal1,26.8800,204.3090,0.000000
TAP_TAPCELL_ROW_47_766,VSS,Metal1,438.4800,203.3705,0.000000
TAP_TAPCELL_ROW_47_765,VSS,Metal1,399.2800,203.3705,0.000000
TAP_TAPCELL_ROW_47_764,VSS,Metal1,360.0800,203.3705,0.000000
TAP_TAPCELL_ROW_47_763,VSS,Metal1,320.8800,203.3705,0.000000
TAP_TAPCELL_ROW_47_762,VSS,Metal1,281.6800,203.3705,0.000000
TAP_TAPCELL_ROW_47_761,VSS,Metal1,242.4800,203.3705,0.000000
TAP_TAPCELL_ROW_47_760,VSS,Metal1,203.2800,203.3705,0.000000
TAP_TAPCELL_ROW_47_759,VSS,Metal1,164.0800,203.3705,0.000000
TAP_TAPCELL_ROW_47_758,VSS,Metal1,124.8800,203.3705,0.000000
TAP_TAPCELL_ROW_47_757,VSS,Metal1,85.6800,203.3705,0.000000
TAP_TAPCELL_ROW_47_756,VSS,Metal1,46.4800,203.3705,0.000000
TAP_TAPCELL_ROW_46_755,VSS,Metal1,418.8800,196.4690,0.000000
TAP_TAPCELL_ROW_46_754,VSS,Metal1,379.6800,196.4690,0.000000
TAP_TAPCELL_ROW_46_753,VSS,Metal1,340.4800,196.4690,0.000000
TAP_TAPCELL_ROW_46_752,VSS,Metal1,301.2800,196.4690,0.000000
TAP_TAPCELL_ROW_46_751,VSS,Metal1,262.0800,196.4690,0.000000
TAP_TAPCELL_ROW_46_750,VSS,Metal1,222.8800,196.4690,0.000000
TAP_TAPCELL_ROW_46_749,VSS,Metal1,183.6800,196.4690,0.000000
TAP_TAPCELL_ROW_46_748,VSS,Metal1,144.4800,196.4690,0.000000
TAP_TAPCELL_ROW_46_747,VSS,Metal1,105.2800,196.4690,0.000000
TAP_TAPCELL_ROW_46_746,VSS,Metal1,66.0800,196.4690,0.000000
TAP_TAPCELL_ROW_46_745,VSS,Metal1,26.8800,196.4690,0.000000
TAP_TAPCELL_ROW_45_744,VSS,Metal1,438.4800,195.5305,0.000000
TAP_TAPCELL_ROW_45_743,VSS,Metal1,399.2800,195.5305,0.000000
TAP_TAPCELL_ROW_45_742,VSS,Metal1,360.0800,195.5305,0.000000
TAP_TAPCELL_ROW_45_741,VSS,Metal1,320.8800,195.5305,0.000000
TAP_TAPCELL_ROW_45_740,VSS,Metal1,281.6800,195.5305,0.000000
TAP_TAPCELL_ROW_45_739,VSS,Metal1,242.4800,195.5305,0.000000
TAP_TAPCELL_ROW_45_738,VSS,Metal1,203.2800,195.5305,0.000000
TAP_TAPCELL_ROW_45_737,VSS,Metal1,164.0800,195.5305,0.000000
TAP_TAPCELL_ROW_45_736,VSS,Metal1,124.8800,195.5305,0.000000
TAP_TAPCELL_ROW_45_735,VSS,Metal1,85.6800,195.5305,0.000000
TAP_TAPCELL_ROW_45_734,VSS,Metal1,46.4800,195.5305,0.000000
TAP_TAPCELL_ROW_44_733,VSS,Metal1,418.8800,188.6290,0.000000
TAP_TAPCELL_ROW_44_732,VSS,Metal1,379.6800,188.6290,0.000000
TAP_TAPCELL_ROW_44_731,VSS,Metal1,340.4800,188.6290,0.000000
TAP_TAPCELL_ROW_44_730,VSS,Metal1,301.2800,188.6290,0.000000
TAP_TAPCELL_ROW_44_729,VSS,Metal1,262.0800,188.6290,0.000000
TAP_TAPCELL_ROW_44_728,VSS,Metal1,222.8800,188.6290,0.000000
TAP_TAPCELL_ROW_44_727,VSS,Metal1,183.6800,188.6290,0.000000
TAP_TAPCELL_ROW_44_726,VSS,Metal1,144.4800,188.6290,0.000000
TAP_TAPCELL_ROW_44_725,VSS,Metal1,105.2800,188.6290,0.000000
TAP_TAPCELL_ROW_44_724,VSS,Metal1,66.0800,188.6290,0.000000
TAP_TAPCELL_ROW_44_723,VSS,Metal1,26.8800,188.6290,0.000000
TAP_TAPCELL_ROW_43_722,VSS,Metal1,438.4800,187.6905,0.000000
TAP_TAPCELL_ROW_43_721,VSS,Metal1,399.2800,187.6905,0.000000
TAP_TAPCELL_ROW_43_720,VSS,Metal1,360.0800,187.6905,0.000000
TAP_TAPCELL_ROW_43_719,VSS,Metal1,320.8800,187.6905,0.000000
TAP_TAPCELL_ROW_43_718,VSS,Metal1,281.6800,187.6905,0.000000
TAP_TAPCELL_ROW_43_717,VSS,Metal1,242.4800,187.6905,0.000000
TAP_TAPCELL_ROW_43_716,VSS,Metal1,203.2800,187.6905,0.000000
TAP_TAPCELL_ROW_43_715,VSS,Metal1,164.0800,187.6905,0.000000
TAP_TAPCELL_ROW_43_714,VSS,Metal1,124.8800,187.6905,0.000000
TAP_TAPCELL_ROW_43_713,VSS,Metal1,85.6800,187.6905,0.000000
TAP_TAPCELL_ROW_43_712,VSS,Metal1,46.4800,187.6905,0.000000
TAP_TAPCELL_ROW_42_711,VSS,Metal1,418.8800,180.7890,0.000000
TAP_TAPCELL_ROW_42_710,VSS,Metal1,379.6800,180.7890,0.000000
TAP_TAPCELL_ROW_42_709,VSS,Metal1,340.4800,180.7890,0.000000
TAP_TAPCELL_ROW_42_708,VSS,Metal1,301.2800,180.7890,0.000000
TAP_TAPCELL_ROW_42_707,VSS,Metal1,262.0800,180.7890,0.000000
TAP_TAPCELL_ROW_42_706,VSS,Metal1,222.8800,180.7890,0.000000
TAP_TAPCELL_ROW_42_705,VSS,Metal1,183.6800,180.7890,0.000000
TAP_TAPCELL_ROW_42_704,VSS,Metal1,144.4800,180.7890,0.000000
TAP_TAPCELL_ROW_42_703,VSS,Metal1,105.2800,180.7890,0.000000
TAP_TAPCELL_ROW_42_702,VSS,Metal1,66.0800,180.7890,0.000000
TAP_TAPCELL_ROW_42_701,VSS,Metal1,26.8800,180.7890,0.000000
TAP_TAPCELL_ROW_41_700,VSS,Metal1,438.4800,179.8505,0.000000
TAP_TAPCELL_ROW_41_699,VSS,Metal1,399.2800,179.8505,0.000000
TAP_TAPCELL_ROW_41_698,VSS,Metal1,360.0800,179.8505,0.000000
TAP_TAPCELL_ROW_41_697,VSS,Metal1,320.8800,179.8505,0.000000
TAP_TAPCELL_ROW_41_696,VSS,Metal1,281.6800,179.8505,0.000000
TAP_TAPCELL_ROW_41_695,VSS,Metal1,242.4800,179.8505,0.000000
TAP_TAPCELL_ROW_41_694,VSS,Metal1,203.2800,179.8505,0.000000
TAP_TAPCELL_ROW_41_693,VSS,Metal1,164.0800,179.8505,0.000000
TAP_TAPCELL_ROW_41_692,VSS,Metal1,124.8800,179.8505,0.000000
TAP_TAPCELL_ROW_41_691,VSS,Metal1,85.6800,179.8505,0.000000
TAP_TAPCELL_ROW_41_690,VSS,Metal1,46.4800,179.8505,0.000000
TAP_TAPCELL_ROW_40_689,VSS,Metal1,418.8800,172.9490,0.000000
TAP_TAPCELL_ROW_40_688,VSS,Metal1,379.6800,172.9490,0.000000
TAP_TAPCELL_ROW_40_687,VSS,Metal1,340.4800,172.9490,0.000000
TAP_TAPCELL_ROW_40_686,VSS,Metal1,301.2800,172.9490,0.000000
TAP_TAPCELL_ROW_40_685,VSS,Metal1,262.0800,172.9490,0.000000
TAP_TAPCELL_ROW_40_684,VSS,Metal1,222.8800,172.9490,0.000000
TAP_TAPCELL_ROW_40_683,VSS,Metal1,183.6800,172.9490,0.000000
TAP_TAPCELL_ROW_40_682,VSS,Metal1,144.4800,172.9490,0.000000
TAP_TAPCELL_ROW_40_681,VSS,Metal1,105.2800,172.9490,0.000000
TAP_TAPCELL_ROW_40_680,VSS,Metal1,66.0800,172.9490,0.000000
TAP_TAPCELL_ROW_40_679,VSS,Metal1,26.8800,172.9490,0.000000
TAP_TAPCELL_ROW_39_678,VSS,Metal1,438.4800,172.0105,0.000000
TAP_TAPCELL_ROW_39_677,VSS,Metal1,399.2800,172.0105,0.000000
TAP_TAPCELL_ROW_39_676,VSS,Metal1,360.0800,172.0105,0.000000
TAP_TAPCELL_ROW_39_675,VSS,Metal1,320.8800,172.0105,0.000000
TAP_TAPCELL_ROW_39_674,VSS,Metal1,281.6800,172.0105,0.000000
TAP_TAPCELL_ROW_39_673,VSS,Metal1,242.4800,172.0105,0.000000
TAP_TAPCELL_ROW_39_672,VSS,Metal1,203.2800,172.0105,0.000000
TAP_TAPCELL_ROW_39_671,VSS,Metal1,164.0800,172.0105,0.000000
TAP_TAPCELL_ROW_39_670,VSS,Metal1,124.8800,172.0105,0.000000
TAP_TAPCELL_ROW_39_669,VSS,Metal1,85.6800,172.0105,0.000000
TAP_TAPCELL_ROW_39_668,VSS,Metal1,46.4800,172.0105,0.000000
TAP_TAPCELL_ROW_38_667,VSS,Metal1,418.8800,165.1090,0.000000
TAP_TAPCELL_ROW_38_666,VSS,Metal1,379.6800,165.1090,0.000000
TAP_TAPCELL_ROW_38_665,VSS,Metal1,340.4800,165.1090,0.000000
TAP_TAPCELL_ROW_38_664,VSS,Metal1,301.2800,165.1090,0.000000
TAP_TAPCELL_ROW_38_663,VSS,Metal1,262.0800,165.1090,0.000000
TAP_TAPCELL_ROW_38_662,VSS,Metal1,222.8800,165.1090,0.000000
TAP_TAPCELL_ROW_38_661,VSS,Metal1,183.6800,165.1090,0.000000
TAP_TAPCELL_ROW_38_660,VSS,Metal1,144.4800,165.1090,0.000000
TAP_TAPCELL_ROW_38_659,VSS,Metal1,105.2800,165.1090,0.000000
TAP_TAPCELL_ROW_38_658,VSS,Metal1,66.0800,165.1090,0.000000
TAP_TAPCELL_ROW_38_657,VSS,Metal1,26.8800,165.1090,0.000000
TAP_TAPCELL_ROW_37_656,VSS,Metal1,438.4800,164.1705,0.000000
TAP_TAPCELL_ROW_37_655,VSS,Metal1,399.2800,164.1705,0.000000
TAP_TAPCELL_ROW_37_654,VSS,Metal1,360.0800,164.1705,0.000000
TAP_TAPCELL_ROW_37_653,VSS,Metal1,320.8800,164.1705,0.000000
TAP_TAPCELL_ROW_37_652,VSS,Metal1,281.6800,164.1705,0.000000
TAP_TAPCELL_ROW_37_651,VSS,Metal1,242.4800,164.1705,0.000000
TAP_TAPCELL_ROW_37_650,VSS,Metal1,203.2800,164.1705,0.000000
TAP_TAPCELL_ROW_37_649,VSS,Metal1,164.0800,164.1705,0.000000
TAP_TAPCELL_ROW_37_648,VSS,Metal1,124.8800,164.1705,0.000000
TAP_TAPCELL_ROW_37_647,VSS,Metal1,85.6800,164.1705,0.000000
TAP_TAPCELL_ROW_37_646,VSS,Metal1,46.4800,164.1705,0.000000
TAP_TAPCELL_ROW_36_645,VSS,Metal1,418.8800,157.2690,0.000000
TAP_TAPCELL_ROW_36_644,VSS,Metal1,379.6800,157.2690,0.000000
TAP_TAPCELL_ROW_36_643,VSS,Metal1,340.4800,157.2690,0.000000
TAP_TAPCELL_ROW_36_642,VSS,Metal1,301.2800,157.2690,0.000000
TAP_TAPCELL_ROW_36_641,VSS,Metal1,262.0800,157.2690,0.000000
TAP_TAPCELL_ROW_36_640,VSS,Metal1,222.8800,157.2690,0.000000
TAP_TAPCELL_ROW_36_639,VSS,Metal1,183.6800,157.2690,0.000000
TAP_TAPCELL_ROW_36_638,VSS,Metal1,144.4800,157.2690,0.000000
TAP_TAPCELL_ROW_36_637,VSS,Metal1,105.2800,157.2690,0.000000
TAP_TAPCELL_ROW_36_636,VSS,Metal1,66.0800,157.2690,0.000000
TAP_TAPCELL_ROW_36_635,VSS,Metal1,26.8800,157.2690,0.000000
TAP_TAPCELL_ROW_35_634,VSS,Metal1,438.4800,156.3305,0.000000
TAP_TAPCELL_ROW_35_633,VSS,Metal1,399.2800,156.3305,0.000000
TAP_TAPCELL_ROW_35_632,VSS,Metal1,360.0800,156.3305,0.000000
TAP_TAPCELL_ROW_35_631,VSS,Metal1,320.8800,156.3305,0.000000
TAP_TAPCELL_ROW_35_630,VSS,Metal1,281.6800,156.3305,0.000000
TAP_TAPCELL_ROW_35_629,VSS,Metal1,242.4800,156.3305,0.000000
TAP_TAPCELL_ROW_35_628,VSS,Metal1,203.2800,156.3305,0.000000
TAP_TAPCELL_ROW_35_627,VSS,Metal1,164.0800,156.3305,0.000000
TAP_TAPCELL_ROW_35_626,VSS,Metal1,124.8800,156.3305,0.000000
TAP_TAPCELL_ROW_35_625,VSS,Metal1,85.6800,156.3305,0.000000
TAP_TAPCELL_ROW_35_624,VSS,Metal1,46.4800,156.3305,0.000000
TAP_TAPCELL_ROW_34_623,VSS,Metal1,418.8800,149.4290,0.000000
TAP_TAPCELL_ROW_34_622,VSS,Metal1,379.6800,149.4290,0.000000
TAP_TAPCELL_ROW_34_621,VSS,Metal1,340.4800,149.4290,0.000000
TAP_TAPCELL_ROW_34_620,VSS,Metal1,301.2800,149.4290,0.000000
TAP_TAPCELL_ROW_34_619,VSS,Metal1,262.0800,149.4290,0.000000
TAP_TAPCELL_ROW_34_618,VSS,Metal1,222.8800,149.4290,0.000000
TAP_TAPCELL_ROW_34_617,VSS,Metal1,183.6800,149.4290,0.000000
TAP_TAPCELL_ROW_34_616,VSS,Metal1,144.4800,149.4290,0.000000
TAP_TAPCELL_ROW_34_615,VSS,Metal1,105.2800,149.4290,0.000000
TAP_TAPCELL_ROW_34_614,VSS,Metal1,66.0800,149.4290,0.000000
TAP_TAPCELL_ROW_34_613,VSS,Metal1,26.8800,149.4290,0.000000
TAP_TAPCELL_ROW_33_612,VSS,Metal1,438.4800,148.4905,0.000000
TAP_TAPCELL_ROW_33_611,VSS,Metal1,399.2800,148.4905,0.000000
TAP_TAPCELL_ROW_33_610,VSS,Metal1,360.0800,148.4905,0.000000
TAP_TAPCELL_ROW_33_609,VSS,Metal1,320.8800,148.4905,0.000000
TAP_TAPCELL_ROW_33_608,VSS,Metal1,281.6800,148.4905,0.000000
TAP_TAPCELL_ROW_33_607,VSS,Metal1,242.4800,148.4905,0.000000
TAP_TAPCELL_ROW_33_606,VSS,Metal1,203.2800,148.4905,0.000000
TAP_TAPCELL_ROW_33_605,VSS,Metal1,164.0800,148.4905,0.000000
TAP_TAPCELL_ROW_33_604,VSS,Metal1,124.8800,148.4905,0.000000
TAP_TAPCELL_ROW_33_603,VSS,Metal1,85.6800,148.4905,0.000000
TAP_TAPCELL_ROW_33_602,VSS,Metal1,46.4800,148.4905,0.000000
TAP_TAPCELL_ROW_32_601,VSS,Metal1,418.8800,141.5890,0.000000
TAP_TAPCELL_ROW_32_600,VSS,Metal1,379.6800,141.5890,0.000000
TAP_TAPCELL_ROW_32_599,VSS,Metal1,340.4800,141.5890,0.000000
TAP_TAPCELL_ROW_32_598,VSS,Metal1,301.2800,141.5890,0.000000
TAP_TAPCELL_ROW_32_597,VSS,Metal1,262.0800,141.5890,0.000000
TAP_TAPCELL_ROW_32_596,VSS,Metal1,222.8800,141.5890,0.000000
TAP_TAPCELL_ROW_32_595,VSS,Metal1,183.6800,141.5890,0.000000
TAP_TAPCELL_ROW_32_594,VSS,Metal1,144.4800,141.5890,0.000000
TAP_TAPCELL_ROW_32_593,VSS,Metal1,105.2800,141.5890,0.000000
TAP_TAPCELL_ROW_32_592,VSS,Metal1,66.0800,141.5890,0.000000
TAP_TAPCELL_ROW_32_591,VSS,Metal1,26.8800,141.5890,0.000000
TAP_TAPCELL_ROW_31_590,VSS,Metal1,438.4800,140.6505,0.000000
TAP_TAPCELL_ROW_31_589,VSS,Metal1,399.2800,140.6505,0.000000
TAP_TAPCELL_ROW_31_588,VSS,Metal1,360.0800,140.6505,0.000000
TAP_TAPCELL_ROW_31_587,VSS,Metal1,320.8800,140.6505,0.000000
TAP_TAPCELL_ROW_31_586,VSS,Metal1,281.6800,140.6505,0.000000
TAP_TAPCELL_ROW_31_585,VSS,Metal1,242.4800,140.6505,0.000000
TAP_TAPCELL_ROW_31_584,VSS,Metal1,203.2800,140.6505,0.000000
TAP_TAPCELL_ROW_31_583,VSS,Metal1,164.0800,140.6505,0.000000
TAP_TAPCELL_ROW_31_582,VSS,Metal1,124.8800,140.6505,0.000000
TAP_TAPCELL_ROW_31_581,VSS,Metal1,85.6800,140.6505,0.000000
TAP_TAPCELL_ROW_31_580,VSS,Metal1,46.4800,140.6505,0.000000
TAP_TAPCELL_ROW_30_579,VSS,Metal1,418.8800,133.7490,0.000235
TAP_TAPCELL_ROW_30_578,VSS,Metal1,379.6800,133.7490,0.000228
TAP_TAPCELL_ROW_30_577,VSS,Metal1,340.4800,133.7490,0.000227
TAP_TAPCELL_ROW_30_576,VSS,Metal1,301.2800,133.7490,0.000224
TAP_TAPCELL_ROW_30_575,VSS,Metal1,262.0800,133.7490,0.000221
TAP_TAPCELL_ROW_30_574,VSS,Metal1,222.8800,133.7490,0.000220
TAP_TAPCELL_ROW_30_573,VSS,Metal1,183.6800,133.7490,0.000200
TAP_TAPCELL_ROW_30_572,VSS,Metal1,144.4800,133.7490,0.000166
TAP_TAPCELL_ROW_30_571,VSS,Metal1,105.2800,133.7490,0.000164
TAP_TAPCELL_ROW_30_570,VSS,Metal1,66.0800,133.7490,0.000126
TAP_TAPCELL_ROW_30_569,VSS,Metal1,26.8800,133.7490,0.000103
TAP_TAPCELL_ROW_29_568,VSS,Metal1,438.4800,132.8105,0.000236
TAP_TAPCELL_ROW_29_567,VSS,Metal1,399.2800,132.8105,0.000235
TAP_TAPCELL_ROW_29_566,VSS,Metal1,360.0800,132.8105,0.000227
TAP_TAPCELL_ROW_29_565,VSS,Metal1,320.8800,132.8105,0.000226
TAP_TAPCELL_ROW_29_564,VSS,Metal1,281.6800,132.8105,0.000221
TAP_TAPCELL_ROW_29_563,VSS,Metal1,242.4800,132.8105,0.000221
TAP_TAPCELL_ROW_29_562,VSS,Metal1,203.2800,132.8105,0.000201
TAP_TAPCELL_ROW_29_561,VSS,Metal1,164.0800,132.8105,0.000167
TAP_TAPCELL_ROW_29_560,VSS,Metal1,124.8800,132.8105,0.000166
TAP_TAPCELL_ROW_29_559,VSS,Metal1,85.6800,132.8105,0.000126
TAP_TAPCELL_ROW_29_558,VSS,Metal1,46.4800,132.8105,0.000125
TAP_TAPCELL_ROW_28_557,VSS,Metal1,418.8800,125.9090,0.000000
TAP_TAPCELL_ROW_28_556,VSS,Metal1,379.6800,125.9090,0.000000
TAP_TAPCELL_ROW_28_555,VSS,Metal1,340.4800,125.9090,0.000000
TAP_TAPCELL_ROW_28_554,VSS,Metal1,301.2800,125.9090,0.000000
TAP_TAPCELL_ROW_28_553,VSS,Metal1,262.0800,125.9090,0.000000
TAP_TAPCELL_ROW_28_552,VSS,Metal1,222.8800,125.9090,0.000000
TAP_TAPCELL_ROW_28_551,VSS,Metal1,183.6800,125.9090,0.000000
TAP_TAPCELL_ROW_28_550,VSS,Metal1,144.4800,125.9090,0.000000
TAP_TAPCELL_ROW_28_549,VSS,Metal1,105.2800,125.9090,0.000000
TAP_TAPCELL_ROW_28_548,VSS,Metal1,66.0800,125.9090,0.000000
TAP_TAPCELL_ROW_28_547,VSS,Metal1,26.8800,125.9090,0.000000
TAP_TAPCELL_ROW_27_546,VSS,Metal1,438.4800,124.9705,0.000000
TAP_TAPCELL_ROW_27_545,VSS,Metal1,399.2800,124.9705,0.000000
TAP_TAPCELL_ROW_27_544,VSS,Metal1,360.0800,124.9705,0.000000
TAP_TAPCELL_ROW_27_543,VSS,Metal1,320.8800,124.9705,0.000000
TAP_TAPCELL_ROW_27_542,VSS,Metal1,281.6800,124.9705,0.000000
TAP_TAPCELL_ROW_27_541,VSS,Metal1,242.4800,124.9705,0.000000
TAP_TAPCELL_ROW_27_540,VSS,Metal1,203.2800,124.9705,0.000000
TAP_TAPCELL_ROW_27_539,VSS,Metal1,164.0800,124.9705,0.000000
TAP_TAPCELL_ROW_27_538,VSS,Metal1,124.8800,124.9705,0.000000
TAP_TAPCELL_ROW_27_537,VSS,Metal1,85.6800,124.9705,0.000000
TAP_TAPCELL_ROW_27_536,VSS,Metal1,46.4800,124.9705,0.000000
TAP_TAPCELL_ROW_26_535,VSS,Metal1,418.8800,118.0690,0.000000
TAP_TAPCELL_ROW_26_534,VSS,Metal1,379.6800,118.0690,0.000000
TAP_TAPCELL_ROW_26_533,VSS,Metal1,340.4800,118.0690,0.000000
TAP_TAPCELL_ROW_26_532,VSS,Metal1,301.2800,118.0690,0.000000
TAP_TAPCELL_ROW_26_531,VSS,Metal1,262.0800,118.0690,0.000000
TAP_TAPCELL_ROW_26_530,VSS,Metal1,222.8800,118.0690,0.000000
TAP_TAPCELL_ROW_26_529,VSS,Metal1,183.6800,118.0690,0.000000
TAP_TAPCELL_ROW_26_528,VSS,Metal1,144.4800,118.0690,0.000000
TAP_TAPCELL_ROW_26_527,VSS,Metal1,105.2800,118.0690,0.000000
TAP_TAPCELL_ROW_26_526,VSS,Metal1,66.0800,118.0690,0.000000
TAP_TAPCELL_ROW_26_525,VSS,Metal1,26.8800,118.0690,0.000000
TAP_TAPCELL_ROW_25_524,VSS,Metal1,438.4800,117.1305,0.000000
TAP_TAPCELL_ROW_25_523,VSS,Metal1,399.2800,117.1305,0.000000
TAP_TAPCELL_ROW_25_522,VSS,Metal1,360.0800,117.1305,0.000000
TAP_TAPCELL_ROW_25_521,VSS,Metal1,320.8800,117.1305,0.000000
TAP_TAPCELL_ROW_25_520,VSS,Metal1,281.6800,117.1305,0.000000
TAP_TAPCELL_ROW_25_519,VSS,Metal1,242.4800,117.1305,0.000000
TAP_TAPCELL_ROW_25_518,VSS,Metal1,203.2800,117.1305,0.000000
TAP_TAPCELL_ROW_25_517,VSS,Metal1,164.0800,117.1305,0.000000
TAP_TAPCELL_ROW_25_516,VSS,Metal1,124.8800,117.1305,0.000000
TAP_TAPCELL_ROW_25_515,VSS,Metal1,85.6800,117.1305,0.000000
TAP_TAPCELL_ROW_25_514,VSS,Metal1,46.4800,117.1305,0.000000
TAP_TAPCELL_ROW_24_513,VSS,Metal1,418.8800,110.2290,0.000000
TAP_TAPCELL_ROW_24_512,VSS,Metal1,379.6800,110.2290,0.000000
TAP_TAPCELL_ROW_24_511,VSS,Metal1,340.4800,110.2290,0.000000
TAP_TAPCELL_ROW_24_510,VSS,Metal1,301.2800,110.2290,0.000000
TAP_TAPCELL_ROW_24_509,VSS,Metal1,262.0800,110.2290,0.000000
TAP_TAPCELL_ROW_24_508,VSS,Metal1,222.8800,110.2290,0.000000
TAP_TAPCELL_ROW_24_507,VSS,Metal1,183.6800,110.2290,0.000000
TAP_TAPCELL_ROW_24_506,VSS,Metal1,144.4800,110.2290,0.000000
TAP_TAPCELL_ROW_24_505,VSS,Metal1,105.2800,110.2290,0.000000
TAP_TAPCELL_ROW_24_504,VSS,Metal1,66.0800,110.2290,0.000000
TAP_TAPCELL_ROW_24_503,VSS,Metal1,26.8800,110.2290,0.000000
TAP_TAPCELL_ROW_23_502,VSS,Metal1,438.4800,109.2905,0.000000
TAP_TAPCELL_ROW_23_501,VSS,Metal1,399.2800,109.2905,0.000000
TAP_TAPCELL_ROW_23_500,VSS,Metal1,360.0800,109.2905,0.000000
TAP_TAPCELL_ROW_23_499,VSS,Metal1,320.8800,109.2905,0.000000
TAP_TAPCELL_ROW_23_498,VSS,Metal1,281.6800,109.2905,0.000000
TAP_TAPCELL_ROW_23_497,VSS,Metal1,242.4800,109.2905,0.000000
TAP_TAPCELL_ROW_23_496,VSS,Metal1,203.2800,109.2905,0.000000
TAP_TAPCELL_ROW_23_495,VSS,Metal1,164.0800,109.2905,0.000000
TAP_TAPCELL_ROW_23_494,VSS,Metal1,124.8800,109.2905,0.000000
TAP_TAPCELL_ROW_23_493,VSS,Metal1,85.6800,109.2905,0.000000
TAP_TAPCELL_ROW_23_492,VSS,Metal1,46.4800,109.2905,0.000000
TAP_TAPCELL_ROW_22_491,VSS,Metal1,418.8800,102.3890,0.000000
TAP_TAPCELL_ROW_22_490,VSS,Metal1,379.6800,102.3890,0.000000
TAP_TAPCELL_ROW_22_489,VSS,Metal1,340.4800,102.3890,0.000000
TAP_TAPCELL_ROW_22_488,VSS,Metal1,301.2800,102.3890,0.000000
TAP_TAPCELL_ROW_22_487,VSS,Metal1,262.0800,102.3890,0.000000
TAP_TAPCELL_ROW_22_486,VSS,Metal1,222.8800,102.3890,0.000000
TAP_TAPCELL_ROW_22_485,VSS,Metal1,183.6800,102.3890,0.000000
TAP_TAPCELL_ROW_22_484,VSS,Metal1,144.4800,102.3890,0.000000
TAP_TAPCELL_ROW_22_483,VSS,Metal1,105.2800,102.3890,0.000000
TAP_TAPCELL_ROW_22_482,VSS,Metal1,66.0800,102.3890,0.000000
TAP_TAPCELL_ROW_22_481,VSS,Metal1,26.8800,102.3890,0.000000
TAP_TAPCELL_ROW_21_480,VSS,Metal1,438.4800,101.4505,0.000000
TAP_TAPCELL_ROW_21_479,VSS,Metal1,399.2800,101.4505,0.000000
TAP_TAPCELL_ROW_21_478,VSS,Metal1,360.0800,101.4505,0.000000
TAP_TAPCELL_ROW_21_477,VSS,Metal1,320.8800,101.4505,0.000000
TAP_TAPCELL_ROW_21_476,VSS,Metal1,281.6800,101.4505,0.000000
TAP_TAPCELL_ROW_21_475,VSS,Metal1,242.4800,101.4505,0.000000
TAP_TAPCELL_ROW_21_474,VSS,Metal1,203.2800,101.4505,0.000000
TAP_TAPCELL_ROW_21_473,VSS,Metal1,164.0800,101.4505,0.000000
TAP_TAPCELL_ROW_21_472,VSS,Metal1,124.8800,101.4505,0.000000
TAP_TAPCELL_ROW_21_471,VSS,Metal1,85.6800,101.4505,0.000000
TAP_TAPCELL_ROW_21_470,VSS,Metal1,46.4800,101.4505,0.000000
TAP_TAPCELL_ROW_20_469,VSS,Metal1,418.8800,94.5490,0.000378
TAP_TAPCELL_ROW_20_468,VSS,Metal1,379.6800,94.5490,0.000378
TAP_TAPCELL_ROW_20_467,VSS,Metal1,340.4800,94.5490,0.000378
TAP_TAPCELL_ROW_20_466,VSS,Metal1,301.2800,94.5490,0.000376
TAP_TAPCELL_ROW_20_465,VSS,Metal1,262.0800,94.5490,0.000372
TAP_TAPCELL_ROW_20_464,VSS,Metal1,222.8800,94.5490,0.000255
TAP_TAPCELL_ROW_20_463,VSS,Metal1,183.6800,94.5490,0.000186
TAP_TAPCELL_ROW_20_462,VSS,Metal1,144.4800,94.5490,0.000167
TAP_TAPCELL_ROW_20_461,VSS,Metal1,105.2800,94.5490,0.000145
TAP_TAPCELL_ROW_20_460,VSS,Metal1,66.0800,94.5490,0.000131
TAP_TAPCELL_ROW_20_459,VSS,Metal1,26.8800,94.5490,0.000122
TAP_TAPCELL_ROW_19_458,VSS,Metal1,438.4800,93.6105,0.000378
TAP_TAPCELL_ROW_19_457,VSS,Metal1,399.2800,93.6105,0.000378
TAP_TAPCELL_ROW_19_456,VSS,Metal1,360.0800,93.6105,0.000378
TAP_TAPCELL_ROW_19_455,VSS,Metal1,320.8800,93.6105,0.000378
TAP_TAPCELL_ROW_19_454,VSS,Metal1,281.6800,93.6105,0.000373
TAP_TAPCELL_ROW_19_453,VSS,Metal1,242.4800,93.6105,0.000364
TAP_TAPCELL_ROW_19_452,VSS,Metal1,203.2800,93.6105,0.000187
TAP_TAPCELL_ROW_19_451,VSS,Metal1,164.0800,93.6105,0.000183
TAP_TAPCELL_ROW_19_450,VSS,Metal1,124.8800,93.6105,0.000155
TAP_TAPCELL_ROW_19_449,VSS,Metal1,85.6800,93.6105,0.000141
TAP_TAPCELL_ROW_19_448,VSS,Metal1,46.4800,93.6105,0.000130
TAP_TAPCELL_ROW_18_447,VSS,Metal1,418.8800,86.7090,0.000000
TAP_TAPCELL_ROW_18_446,VSS,Metal1,379.6800,86.7090,0.000000
TAP_TAPCELL_ROW_18_445,VSS,Metal1,340.4800,86.7090,0.000000
TAP_TAPCELL_ROW_18_444,VSS,Metal1,301.2800,86.7090,0.000000
TAP_TAPCELL_ROW_18_443,VSS,Metal1,262.0800,86.7090,0.000000
TAP_TAPCELL_ROW_18_442,VSS,Metal1,222.8800,86.7090,0.000001
TAP_TAPCELL_ROW_18_441,VSS,Metal1,183.6800,86.7090,0.000001
TAP_TAPCELL_ROW_18_440,VSS,Metal1,144.4800,86.7090,0.000001
TAP_TAPCELL_ROW_18_439,VSS,Metal1,105.2800,86.7090,0.000001
TAP_TAPCELL_ROW_18_438,VSS,Metal1,66.0800,86.7090,0.000001
TAP_TAPCELL_ROW_18_437,VSS,Metal1,26.8800,86.7090,0.000001
TAP_TAPCELL_ROW_17_436,VSS,Metal1,438.4800,85.7705,0.000000
TAP_TAPCELL_ROW_17_435,VSS,Metal1,399.2800,85.7705,0.000000
TAP_TAPCELL_ROW_17_434,VSS,Metal1,360.0800,85.7705,0.000000
TAP_TAPCELL_ROW_17_433,VSS,Metal1,320.8800,85.7705,0.000000
TAP_TAPCELL_ROW_17_432,VSS,Metal1,281.6800,85.7705,0.000000
TAP_TAPCELL_ROW_17_431,VSS,Metal1,242.4800,85.7705,0.000000
TAP_TAPCELL_ROW_17_430,VSS,Metal1,203.2800,85.7705,0.000001
TAP_TAPCELL_ROW_17_429,VSS,Metal1,164.0800,85.7705,0.000001
TAP_TAPCELL_ROW_17_428,VSS,Metal1,124.8800,85.7705,0.000001
TAP_TAPCELL_ROW_17_427,VSS,Metal1,85.6800,85.7705,0.000001
TAP_TAPCELL_ROW_17_426,VSS,Metal1,46.4800,85.7705,0.000001
TAP_TAPCELL_ROW_16_425,VSS,Metal1,418.8800,78.8690,0.000000
TAP_TAPCELL_ROW_16_424,VSS,Metal1,379.6800,78.8690,0.000000
TAP_TAPCELL_ROW_16_423,VSS,Metal1,340.4800,78.8690,0.000000
TAP_TAPCELL_ROW_16_422,VSS,Metal1,301.2800,78.8690,0.000001
TAP_TAPCELL_ROW_16_421,VSS,Metal1,262.0800,78.8690,0.000001
TAP_TAPCELL_ROW_16_420,VSS,Metal1,222.8800,78.8690,0.000001
TAP_TAPCELL_ROW_16_419,VSS,Metal1,183.6800,78.8690,0.000001
TAP_TAPCELL_ROW_16_418,VSS,Metal1,144.4800,78.8690,0.000001
TAP_TAPCELL_ROW_16_417,VSS,Metal1,105.2800,78.8690,0.000001
TAP_TAPCELL_ROW_16_416,VSS,Metal1,66.0800,78.8690,0.000001
TAP_TAPCELL_ROW_16_415,VSS,Metal1,26.8800,78.8690,0.000001
TAP_TAPCELL_ROW_15_414,VSS,Metal1,438.4800,77.9305,0.000000
TAP_TAPCELL_ROW_15_413,VSS,Metal1,399.2800,77.9305,0.000000
TAP_TAPCELL_ROW_15_412,VSS,Metal1,360.0800,77.9305,0.000000
TAP_TAPCELL_ROW_15_411,VSS,Metal1,320.8800,77.9305,0.000000
TAP_TAPCELL_ROW_15_410,VSS,Metal1,281.6800,77.9305,0.000001
TAP_TAPCELL_ROW_15_409,VSS,Metal1,242.4800,77.9305,0.000001
TAP_TAPCELL_ROW_15_408,VSS,Metal1,203.2800,77.9305,0.000001
TAP_TAPCELL_ROW_15_407,VSS,Metal1,164.0800,77.9305,0.000001
TAP_TAPCELL_ROW_15_406,VSS,Metal1,124.8800,77.9305,0.000001
TAP_TAPCELL_ROW_15_405,VSS,Metal1,85.6800,77.9305,0.000001
TAP_TAPCELL_ROW_15_404,VSS,Metal1,46.4800,77.9305,0.000001
TAP_TAPCELL_ROW_14_403,VSS,Metal1,418.8800,71.0290,0.000001
TAP_TAPCELL_ROW_14_402,VSS,Metal1,379.6800,71.0290,0.000001
TAP_TAPCELL_ROW_14_401,VSS,Metal1,340.4800,71.0290,0.000001
TAP_TAPCELL_ROW_14_400,VSS,Metal1,301.2800,71.0290,0.000001
TAP_TAPCELL_ROW_14_399,VSS,Metal1,262.0800,71.0290,0.000001
TAP_TAPCELL_ROW_14_398,VSS,Metal1,222.8800,71.0290,0.000001
TAP_TAPCELL_ROW_14_397,VSS,Metal1,183.6800,71.0290,0.000001
TAP_TAPCELL_ROW_14_396,VSS,Metal1,144.4800,71.0290,0.000001
TAP_TAPCELL_ROW_14_395,VSS,Metal1,105.2800,71.0290,0.000001
TAP_TAPCELL_ROW_14_394,VSS,Metal1,66.0800,71.0290,0.000001
TAP_TAPCELL_ROW_14_393,VSS,Metal1,26.8800,71.0290,0.000001
TAP_TAPCELL_ROW_13_392,VSS,Metal1,438.4800,70.0905,0.000001
TAP_TAPCELL_ROW_13_391,VSS,Metal1,399.2800,70.0905,0.000001
TAP_TAPCELL_ROW_13_390,VSS,Metal1,360.0800,70.0905,0.000001
TAP_TAPCELL_ROW_13_389,VSS,Metal1,320.8800,70.0905,0.000001
TAP_TAPCELL_ROW_13_388,VSS,Metal1,281.6800,70.0905,0.000001
TAP_TAPCELL_ROW_13_387,VSS,Metal1,242.4800,70.0905,0.000001
TAP_TAPCELL_ROW_13_386,VSS,Metal1,203.2800,70.0905,0.000001
TAP_TAPCELL_ROW_13_385,VSS,Metal1,164.0800,70.0905,0.000001
TAP_TAPCELL_ROW_13_384,VSS,Metal1,124.8800,70.0905,0.000001
TAP_TAPCELL_ROW_13_383,VSS,Metal1,85.6800,70.0905,0.000001
TAP_TAPCELL_ROW_13_382,VSS,Metal1,46.4800,70.0905,0.000001
TAP_TAPCELL_ROW_12_381,VSS,Metal1,418.8800,63.1890,0.000000
TAP_TAPCELL_ROW_12_380,VSS,Metal1,379.6800,63.1890,0.000000
TAP_TAPCELL_ROW_12_379,VSS,Metal1,340.4800,63.1890,0.000000
TAP_TAPCELL_ROW_12_378,VSS,Metal1,301.2800,63.1890,0.000000
TAP_TAPCELL_ROW_12_377,VSS,Metal1,262.0800,63.1890,0.000000
TAP_TAPCELL_ROW_12_376,VSS,Metal1,222.8800,63.1890,0.000000
TAP_TAPCELL_ROW_12_375,VSS,Metal1,183.6800,63.1890,0.000000
TAP_TAPCELL_ROW_12_374,VSS,Metal1,144.4800,63.1890,0.000000
TAP_TAPCELL_ROW_12_373,VSS,Metal1,105.2800,63.1890,0.000000
TAP_TAPCELL_ROW_12_372,VSS,Metal1,66.0800,63.1890,0.000000
TAP_TAPCELL_ROW_12_371,VSS,Metal1,26.8800,63.1890,0.000000
TAP_TAPCELL_ROW_11_370,VSS,Metal1,438.4800,62.2505,0.000000
TAP_TAPCELL_ROW_11_369,VSS,Metal1,399.2800,62.2505,0.000000
TAP_TAPCELL_ROW_11_368,VSS,Metal1,360.0800,62.2505,0.000000
TAP_TAPCELL_ROW_11_367,VSS,Metal1,320.8800,62.2505,0.000000
TAP_TAPCELL_ROW_11_366,VSS,Metal1,281.6800,62.2505,0.000000
TAP_TAPCELL_ROW_11_365,VSS,Metal1,242.4800,62.2505,0.000000
TAP_TAPCELL_ROW_11_364,VSS,Metal1,203.2800,62.2505,0.000000
TAP_TAPCELL_ROW_11_363,VSS,Metal1,164.0800,62.2505,0.000000
TAP_TAPCELL_ROW_11_362,VSS,Metal1,124.8800,62.2505,0.000000
TAP_TAPCELL_ROW_11_361,VSS,Metal1,85.6800,62.2505,0.000000
TAP_TAPCELL_ROW_11_360,VSS,Metal1,46.4800,62.2505,0.000000
TAP_TAPCELL_ROW_10_359,VSS,Metal1,418.8800,55.3490,0.000003
TAP_TAPCELL_ROW_10_358,VSS,Metal1,379.6800,55.3490,0.000003
TAP_TAPCELL_ROW_10_357,VSS,Metal1,340.4800,55.3490,0.000003
TAP_TAPCELL_ROW_10_356,VSS,Metal1,301.2800,55.3490,0.000003
TAP_TAPCELL_ROW_10_355,VSS,Metal1,262.0800,55.3490,0.000003
TAP_TAPCELL_ROW_10_354,VSS,Metal1,222.8800,55.3490,0.000003
TAP_TAPCELL_ROW_10_353,VSS,Metal1,183.6800,55.3490,0.000003
TAP_TAPCELL_ROW_10_352,VSS,Metal1,144.4800,55.3490,0.000004
TAP_TAPCELL_ROW_10_351,VSS,Metal1,105.2800,55.3490,0.000005
TAP_TAPCELL_ROW_10_350,VSS,Metal1,66.0800,55.3490,0.000007
TAP_TAPCELL_ROW_10_349,VSS,Metal1,26.8800,55.3490,0.000007
TAP_TAPCELL_ROW_9_348,VSS,Metal1,438.4800,54.4105,0.000003
TAP_TAPCELL_ROW_9_347,VSS,Metal1,399.2800,54.4105,0.000003
TAP_TAPCELL_ROW_9_346,VSS,Metal1,360.0800,54.4105,0.000003
TAP_TAPCELL_ROW_9_345,VSS,Metal1,320.8800,54.4105,0.000003
TAP_TAPCELL_ROW_9_344,VSS,Metal1,281.6800,54.4105,0.000003
TAP_TAPCELL_ROW_9_343,VSS,Metal1,242.4800,54.4105,0.000003
TAP_TAPCELL_ROW_9_342,VSS,Metal1,203.2800,54.4105,0.000003
TAP_TAPCELL_ROW_9_341,VSS,Metal1,164.0800,54.4105,0.000003
TAP_TAPCELL_ROW_9_340,VSS,Metal1,124.8800,54.4105,0.000004
TAP_TAPCELL_ROW_9_339,VSS,Metal1,85.6800,54.4105,0.000007
TAP_TAPCELL_ROW_9_338,VSS,Metal1,46.4800,54.4105,0.000008
TAP_TAPCELL_ROW_8_337,VSS,Metal1,418.8800,47.5090,0.000001
TAP_TAPCELL_ROW_8_336,VSS,Metal1,379.6800,47.5090,0.000001
TAP_TAPCELL_ROW_8_335,VSS,Metal1,340.4800,47.5090,0.000001
TAP_TAPCELL_ROW_8_334,VSS,Metal1,301.2800,47.5090,0.000001
TAP_TAPCELL_ROW_8_333,VSS,Metal1,262.0800,47.5090,0.000001
TAP_TAPCELL_ROW_8_332,VSS,Metal1,222.8800,47.5090,0.000001
TAP_TAPCELL_ROW_8_331,VSS,Metal1,183.6800,47.5090,0.000001
TAP_TAPCELL_ROW_8_330,VSS,Metal1,144.4800,47.5090,0.000001
TAP_TAPCELL_ROW_8_329,VSS,Metal1,105.2800,47.5090,0.000001
TAP_TAPCELL_ROW_8_328,VSS,Metal1,66.0800,47.5090,0.000001
TAP_TAPCELL_ROW_8_327,VSS,Metal1,26.8800,47.5090,0.000001
TAP_TAPCELL_ROW_7_326,VSS,Metal1,438.4800,46.5705,0.000001
TAP_TAPCELL_ROW_7_325,VSS,Metal1,399.2800,46.5705,0.000001
TAP_TAPCELL_ROW_7_324,VSS,Metal1,360.0800,46.5705,0.000001
TAP_TAPCELL_ROW_7_323,VSS,Metal1,320.8800,46.5705,0.000001
TAP_TAPCELL_ROW_7_322,VSS,Metal1,281.6800,46.5705,0.000001
TAP_TAPCELL_ROW_7_321,VSS,Metal1,242.4800,46.5705,0.000001
TAP_TAPCELL_ROW_7_320,VSS,Metal1,203.2800,46.5705,0.000001
TAP_TAPCELL_ROW_7_319,VSS,Metal1,164.0800,46.5705,0.000001
TAP_TAPCELL_ROW_7_318,VSS,Metal1,124.8800,46.5705,0.000001
TAP_TAPCELL_ROW_7_317,VSS,Metal1,85.6800,46.5705,0.000001
TAP_TAPCELL_ROW_7_316,VSS,Metal1,46.4800,46.5705,0.000001
TAP_TAPCELL_ROW_6_315,VSS,Metal1,418.8800,39.6690,0.000000
TAP_TAPCELL_ROW_6_314,VSS,Metal1,379.6800,39.6690,0.000000
TAP_TAPCELL_ROW_6_313,VSS,Metal1,340.4800,39.6690,0.000000
TAP_TAPCELL_ROW_6_312,VSS,Metal1,301.2800,39.6690,0.000000
TAP_TAPCELL_ROW_6_311,VSS,Metal1,262.0800,39.6690,0.000000
TAP_TAPCELL_ROW_6_310,VSS,Metal1,222.8800,39.6690,0.000000
TAP_TAPCELL_ROW_6_309,VSS,Metal1,183.6800,39.6690,0.000000
TAP_TAPCELL_ROW_6_308,VSS,Metal1,144.4800,39.6690,0.000000
TAP_TAPCELL_ROW_6_307,VSS,Metal1,105.2800,39.6690,0.000000
TAP_TAPCELL_ROW_6_306,VSS,Metal1,66.0800,39.6690,0.000000
TAP_TAPCELL_ROW_6_305,VSS,Metal1,26.8800,39.6690,0.000000
TAP_TAPCELL_ROW_5_304,VSS,Metal1,438.4800,38.7305,0.000000
TAP_TAPCELL_ROW_5_303,VSS,Metal1,399.2800,38.7305,0.000000
TAP_TAPCELL_ROW_5_302,VSS,Metal1,360.0800,38.7305,0.000000
TAP_TAPCELL_ROW_5_301,VSS,Metal1,320.8800,38.7305,0.000000
TAP_TAPCELL_ROW_5_300,VSS,Metal1,281.6800,38.7305,0.000000
TAP_TAPCELL_ROW_5_299,VSS,Metal1,242.4800,38.7305,0.000000
TAP_TAPCELL_ROW_5_298,VSS,Metal1,203.2800,38.7305,0.000000
TAP_TAPCELL_ROW_5_297,VSS,Metal1,164.0800,38.7305,0.000000
TAP_TAPCELL_ROW_5_296,VSS,Metal1,124.8800,38.7305,0.000000
TAP_TAPCELL_ROW_5_295,VSS,Metal1,85.6800,38.7305,0.000000
TAP_TAPCELL_ROW_5_294,VSS,Metal1,46.4800,38.7305,0.000000
TAP_TAPCELL_ROW_4_293,VSS,Metal1,418.8800,31.8290,0.000180
TAP_TAPCELL_ROW_4_292,VSS,Metal1,379.6800,31.8290,0.000180
TAP_TAPCELL_ROW_4_291,VSS,Metal1,340.4800,31.8290,0.000180
TAP_TAPCELL_ROW_4_290,VSS,Metal1,301.2800,31.8290,0.000185
TAP_TAPCELL_ROW_4_289,VSS,Metal1,262.0800,31.8290,0.000206
TAP_TAPCELL_ROW_4_288,VSS,Metal1,222.8800,31.8290,0.000219
TAP_TAPCELL_ROW_4_287,VSS,Metal1,183.6800,31.8290,0.000220
TAP_TAPCELL_ROW_4_286,VSS,Metal1,144.4800,31.8290,0.000329
TAP_TAPCELL_ROW_4_285,VSS,Metal1,105.2800,31.8290,0.000329
TAP_TAPCELL_ROW_4_284,VSS,Metal1,66.0800,31.8290,0.000290
TAP_TAPCELL_ROW_4_283,VSS,Metal1,26.8800,31.8290,0.000249
TAP_TAPCELL_ROW_3_282,VSS,Metal1,438.4800,30.8905,0.000180
TAP_TAPCELL_ROW_3_281,VSS,Metal1,399.2800,30.8905,0.000180
TAP_TAPCELL_ROW_3_280,VSS,Metal1,360.0800,30.8905,0.000180
TAP_TAPCELL_ROW_3_279,VSS,Metal1,320.8800,30.8905,0.000180
TAP_TAPCELL_ROW_3_278,VSS,Metal1,281.6800,30.8905,0.000201
TAP_TAPCELL_ROW_3_277,VSS,Metal1,242.4800,30.8905,0.000219
TAP_TAPCELL_ROW_3_276,VSS,Metal1,203.2800,30.8905,0.000219
TAP_TAPCELL_ROW_3_275,VSS,Metal1,164.0800,30.8905,0.000299
TAP_TAPCELL_ROW_3_274,VSS,Metal1,124.8800,30.8905,0.000329
TAP_TAPCELL_ROW_3_273,VSS,Metal1,85.6800,30.8905,0.000306
TAP_TAPCELL_ROW_3_272,VSS,Metal1,46.4800,30.8905,0.000273
TAP_TAPCELL_ROW_2_271,VSS,Metal1,418.8800,23.9890,0.000837
TAP_TAPCELL_ROW_2_270,VSS,Metal1,379.6800,23.9890,0.000794
TAP_TAPCELL_ROW_2_269,VSS,Metal1,340.4800,23.9890,0.000779
TAP_TAPCELL_ROW_2_268,VSS,Metal1,301.2800,23.9890,0.000777
TAP_TAPCELL_ROW_2_267,VSS,Metal1,262.0800,23.9890,0.000731
TAP_TAPCELL_ROW_2_266,VSS,Metal1,222.8800,23.9890,0.000714
TAP_TAPCELL_ROW_2_265,VSS,Metal1,183.6800,23.9890,0.000588
TAP_TAPCELL_ROW_2_264,VSS,Metal1,144.4800,23.9890,0.000497
TAP_TAPCELL_ROW_2_263,VSS,Metal1,105.2800,23.9890,0.000421
TAP_TAPCELL_ROW_2_262,VSS,Metal1,66.0800,23.9890,0.000389
TAP_TAPCELL_ROW_2_261,VSS,Metal1,26.8800,23.9890,0.000385
TAP_TAPCELL_ROW_1_260,VSS,Metal1,438.4800,23.0505,0.000851
TAP_TAPCELL_ROW_1_259,VSS,Metal1,399.2800,23.0505,0.000810
TAP_TAPCELL_ROW_1_258,VSS,Metal1,360.0800,23.0505,0.000794
TAP_TAPCELL_ROW_1_257,VSS,Metal1,320.8800,23.0505,0.000783
TAP_TAPCELL_ROW_1_256,VSS,Metal1,281.6800,23.0505,0.000760
TAP_TAPCELL_ROW_1_255,VSS,Metal1,242.4800,23.0505,0.000714
TAP_TAPCELL_ROW_1_254,VSS,Metal1,203.2800,23.0505,0.000590
TAP_TAPCELL_ROW_1_253,VSS,Metal1,164.0800,23.0505,0.000522
TAP_TAPCELL_ROW_1_252,VSS,Metal1,124.8800,23.0505,0.000454
TAP_TAPCELL_ROW_1_251,VSS,Metal1,85.6800,23.0505,0.000400
TAP_TAPCELL_ROW_1_250,VSS,Metal1,46.4800,23.0505,0.000389
TAP_TAPCELL_ROW_0_249,VSS,Metal1,426.1600,16.1490,0.000321
TAP_TAPCELL_ROW_0_248,VSS,Metal1,407.1200,16.1490,0.000290
TAP_TAPCELL_ROW_0_247,VSS,Metal1,388.0800,16.1490,0.000260
TAP_TAPCELL_ROW_0_246,VSS,Metal1,369.0400,16.1490,0.000230
TAP_TAPCELL_ROW_0_245,VSS,Metal1,350.0000,16.1490,0.000200
TAP_TAPCELL_ROW_0_244,VSS,Metal1,330.9600,16.1490,0.000174
TAP_TAPCELL_ROW_0_243,VSS,Metal1,311.9200,16.1490,0.000162
TAP_TAPCELL_ROW_0_242,VSS,Metal1,292.8800,16.1490,0.000149
TAP_TAPCELL_ROW_0_241,VSS,Metal1,273.8400,16.1490,0.000137
TAP_TAPCELL_ROW_0_240,VSS,Metal1,254.8000,16.1490,0.000125
TAP_TAPCELL_ROW_0_239,VSS,Metal1,235.7600,16.1490,0.000113
TAP_TAPCELL_ROW_0_238,VSS,Metal1,216.7200,16.1490,0.000100
TAP_TAPCELL_ROW_0_237,VSS,Metal1,197.6800,16.1490,0.000088
TAP_TAPCELL_ROW_0_236,VSS,Metal1,178.6400,16.1490,0.000078
TAP_TAPCELL_ROW_0_235,VSS,Metal1,159.6000,16.1490,0.000073
TAP_TAPCELL_ROW_0_234,VSS,Metal1,140.5600,16.1490,0.000069
TAP_TAPCELL_ROW_0_233,VSS,Metal1,121.5200,16.1490,0.000065
TAP_TAPCELL_ROW_0_232,VSS,Metal1,102.4800,16.1490,0.000060
TAP_TAPCELL_ROW_0_231,VSS,Metal1,83.4400,16.1490,0.000056
TAP_TAPCELL_ROW_0_230,VSS,Metal1,64.4000,16.1490,0.000052
TAP_TAPCELL_ROW_0_229,VSS,Metal1,45.3600,16.1490,0.000047
TAP_TAPCELL_ROW_0_228,VSS,Metal1,26.3200,16.1490,0.000043
PHY_EDGE_ROW_113_Left_227,VSS,Metal1,7.2730,462.0900,0.000000
PHY_EDGE_ROW_112_Left_226,VSS,Metal1,7.2730,455.1900,0.000000
PHY_EDGE_ROW_111_Left_225,VSS,Metal1,7.2730,454.2500,0.000000
PHY_EDGE_ROW_110_Left_224,VSS,Metal1,7.2730,447.3500,-0.000000
PHY_EDGE_ROW_109_Left_223,VSS,Metal1,7.2730,446.4100,-0.000000
PHY_EDGE_ROW_108_Left_222,VSS,Metal1,7.2730,439.5100,0.000000
PHY_EDGE_ROW_107_Left_221,VSS,Metal1,7.2730,438.5700,0.000000
PHY_EDGE_ROW_106_Left_220,VSS,Metal1,7.2730,431.6700,0.000000
PHY_EDGE_ROW_105_Left_219,VSS,Metal1,7.2730,430.7300,0.000000
PHY_EDGE_ROW_104_Left_218,VSS,Metal1,7.2730,423.8300,0.000000
PHY_EDGE_ROW_103_Left_217,VSS,Metal1,7.2730,422.8900,0.000000
PHY_EDGE_ROW_102_Left_216,VSS,Metal1,7.2730,415.9900,0.000000
PHY_EDGE_ROW_101_Left_215,VSS,Metal1,7.2730,415.0500,0.000000
PHY_EDGE_ROW_100_Left_214,VSS,Metal1,7.2730,408.1500,0.000000
PHY_EDGE_ROW_99_Left_213,VSS,Metal1,7.2730,407.2100,0.000000
PHY_EDGE_ROW_98_Left_212,VSS,Metal1,7.2730,400.3100,0.000000
PHY_EDGE_ROW_97_Left_211,VSS,Metal1,7.2730,399.3700,0.000000
PHY_EDGE_ROW_96_Left_210,VSS,Metal1,7.2730,392.4700,0.000000
PHY_EDGE_ROW_95_Left_209,VSS,Metal1,7.2730,391.5300,0.000000
PHY_EDGE_ROW_94_Left_208,VSS,Metal1,7.2730,384.6300,-0.000000
PHY_EDGE_ROW_93_Left_207,VSS,Metal1,7.2730,383.6900,-0.000000
PHY_EDGE_ROW_92_Left_206,VSS,Metal1,7.2730,376.7900,0.000000
PHY_EDGE_ROW_91_Left_205,VSS,Metal1,7.2730,375.8500,0.000000
PHY_EDGE_ROW_90_Left_204,VSS,Metal1,7.2730,368.9500,0.000000
PHY_EDGE_ROW_89_Left_203,VSS,Metal1,7.2730,368.0100,0.000000
PHY_EDGE_ROW_88_Left_202,VSS,Metal1,7.2730,361.1100,0.000000
PHY_EDGE_ROW_87_Left_201,VSS,Metal1,7.2730,360.1700,0.000000
PHY_EDGE_ROW_86_Left_200,VSS,Metal1,7.2730,353.2700,0.000000
PHY_EDGE_ROW_85_Left_199,VSS,Metal1,7.2730,352.3300,0.000000
PHY_EDGE_ROW_84_Left_198,VSS,Metal1,7.2730,345.4300,0.000000
PHY_EDGE_ROW_83_Left_197,VSS,Metal1,7.2730,344.4900,0.000000
PHY_EDGE_ROW_82_Left_196,VSS,Metal1,7.2730,337.5900,0.000000
PHY_EDGE_ROW_81_Left_195,VSS,Metal1,7.2730,336.6500,0.000000
PHY_EDGE_ROW_80_Left_194,VSS,Metal1,7.2730,329.7500,0.000000
PHY_EDGE_ROW_79_Left_193,VSS,Metal1,7.2730,328.8100,0.000000
PHY_EDGE_ROW_78_Left_192,VSS,Metal1,7.2730,321.9100,0.000000
PHY_EDGE_ROW_77_Left_191,VSS,Metal1,7.2730,320.9700,0.000000
PHY_EDGE_ROW_76_Left_190,VSS,Metal1,7.2730,314.0700,0.000000
PHY_EDGE_ROW_75_Left_189,VSS,Metal1,7.2730,313.1300,0.000000
PHY_EDGE_ROW_74_Left_188,VSS,Metal1,7.2730,306.2300,0.000000
PHY_EDGE_ROW_73_Left_187,VSS,Metal1,7.2730,305.2900,0.000000
PHY_EDGE_ROW_72_Left_186,VSS,Metal1,7.2730,298.3900,0.000000
PHY_EDGE_ROW_71_Left_185,VSS,Metal1,7.2730,297.4500,0.000000
PHY_EDGE_ROW_70_Left_184,VSS,Metal1,7.2730,290.5500,0.000000
PHY_EDGE_ROW_69_Left_183,VSS,Metal1,7.2730,289.6100,0.000000
PHY_EDGE_ROW_68_Left_182,VSS,Metal1,7.2730,282.7100,0.000000
PHY_EDGE_ROW_67_Left_181,VSS,Metal1,7.2730,281.7700,0.000000
PHY_EDGE_ROW_66_Left_180,VSS,Metal1,7.2730,274.8700,0.000000
PHY_EDGE_ROW_65_Left_179,VSS,Metal1,7.2730,273.9300,0.000000
PHY_EDGE_ROW_64_Left_178,VSS,Metal1,7.2730,267.0300,0.000000
PHY_EDGE_ROW_63_Left_177,VSS,Metal1,7.2730,266.0900,0.000000
PHY_EDGE_ROW_62_Left_176,VSS,Metal1,7.2730,259.1900,0.000000
PHY_EDGE_ROW_61_Left_175,VSS,Metal1,7.2730,258.2500,0.000000
PHY_EDGE_ROW_60_Left_174,VSS,Metal1,7.2730,251.3500,0.000000
PHY_EDGE_ROW_59_Left_173,VSS,Metal1,7.2730,250.4100,0.000000
PHY_EDGE_ROW_58_Left_172,VSS,Metal1,7.2730,243.5100,0.000000
PHY_EDGE_ROW_57_Left_171,VSS,Metal1,7.2730,242.5700,0.000000
PHY_EDGE_ROW_56_Left_170,VSS,Metal1,7.2730,235.6700,0.000000
PHY_EDGE_ROW_55_Left_169,VSS,Metal1,7.2730,234.7300,0.000000
PHY_EDGE_ROW_54_Left_168,VSS,Metal1,7.2730,227.8300,0.000000
PHY_EDGE_ROW_53_Left_167,VSS,Metal1,7.2730,226.8900,0.000000
PHY_EDGE_ROW_52_Left_166,VSS,Metal1,7.2730,219.9900,0.000000
PHY_EDGE_ROW_51_Left_165,VSS,Metal1,7.2730,219.0500,0.000000
PHY_EDGE_ROW_50_Left_164,VSS,Metal1,7.2730,212.1500,0.000000
PHY_EDGE_ROW_49_Left_163,VSS,Metal1,7.2730,211.2100,0.000000
PHY_EDGE_ROW_48_Left_162,VSS,Metal1,7.2730,204.3100,0.000000
PHY_EDGE_ROW_47_Left_161,VSS,Metal1,7.2730,203.3700,0.000000
PHY_EDGE_ROW_46_Left_160,VSS,Metal1,7.2730,196.4700,0.000000
PHY_EDGE_ROW_45_Left_159,VSS,Metal1,7.2730,195.5300,0.000000
PHY_EDGE_ROW_44_Left_158,VSS,Metal1,7.2730,188.6300,0.000000
PHY_EDGE_ROW_43_Left_157,VSS,Metal1,7.2730,187.6900,0.000000
PHY_EDGE_ROW_42_Left_156,VSS,Metal1,7.2730,180.7900,0.000000
PHY_EDGE_ROW_41_Left_155,VSS,Metal1,7.2730,179.8500,0.000000
PHY_EDGE_ROW_40_Left_154,VSS,Metal1,7.2730,172.9500,0.000000
PHY_EDGE_ROW_39_Left_153,VSS,Metal1,7.2730,172.0100,0.000000
PHY_EDGE_ROW_38_Left_152,VSS,Metal1,7.2730,165.1100,0.000000
PHY_EDGE_ROW_37_Left_151,VSS,Metal1,7.2730,164.1700,0.000000
PHY_EDGE_ROW_36_Left_150,VSS,Metal1,7.2730,157.2700,0.000000
PHY_EDGE_ROW_35_Left_149,VSS,Metal1,7.2730,156.3300,0.000000
PHY_EDGE_ROW_34_Left_148,VSS,Metal1,7.2730,149.4300,0.000000
PHY_EDGE_ROW_33_Left_147,VSS,Metal1,7.2730,148.4900,0.000000
PHY_EDGE_ROW_32_Left_146,VSS,Metal1,7.2730,141.5900,0.000000
PHY_EDGE_ROW_31_Left_145,VSS,Metal1,7.2730,140.6500,0.000000
PHY_EDGE_ROW_30_Left_144,VSS,Metal1,7.2730,133.7500,0.000102
PHY_EDGE_ROW_29_Left_143,VSS,Metal1,7.2730,132.8100,0.000102
PHY_EDGE_ROW_28_Left_142,VSS,Metal1,7.2730,125.9100,0.000000
PHY_EDGE_ROW_27_Left_141,VSS,Metal1,7.2730,124.9700,0.000000
PHY_EDGE_ROW_26_Left_140,VSS,Metal1,7.2730,118.0700,0.000000
PHY_EDGE_ROW_25_Left_139,VSS,Metal1,7.2730,117.1300,0.000000
PHY_EDGE_ROW_24_Left_138,VSS,Metal1,7.2730,110.2300,0.000000
PHY_EDGE_ROW_23_Left_137,VSS,Metal1,7.2730,109.2900,0.000000
PHY_EDGE_ROW_22_Left_136,VSS,Metal1,7.2730,102.3900,0.000000
PHY_EDGE_ROW_21_Left_135,VSS,Metal1,7.2730,101.4500,0.000000
PHY_EDGE_ROW_20_Left_134,VSS,Metal1,7.2730,94.5500,0.000122
PHY_EDGE_ROW_19_Left_133,VSS,Metal1,7.2730,93.6100,0.000122
PHY_EDGE_ROW_18_Left_132,VSS,Metal1,7.2730,86.7100,0.000001
PHY_EDGE_ROW_17_Left_131,VSS,Metal1,7.2730,85.7700,0.000001
PHY_EDGE_ROW_16_Left_130,VSS,Metal1,7.2730,78.8700,0.000001
PHY_EDGE_ROW_15_Left_129,VSS,Metal1,7.2730,77.9300,0.000001
PHY_EDGE_ROW_14_Left_128,VSS,Metal1,7.2730,71.0300,0.000001
PHY_EDGE_ROW_13_Left_127,VSS,Metal1,7.2730,70.0900,0.000001
PHY_EDGE_ROW_12_Left_126,VSS,Metal1,7.2730,63.1900,0.000000
PHY_EDGE_ROW_11_Left_125,VSS,Metal1,7.2730,62.2500,0.000000
PHY_EDGE_ROW_10_Left_124,VSS,Metal1,7.2730,55.3500,0.000007
PHY_EDGE_ROW_9_Left_123,VSS,Metal1,7.2730,54.4100,0.000007
PHY_EDGE_ROW_8_Left_122,VSS,Metal1,7.2730,47.5100,0.000001
PHY_EDGE_ROW_7_Left_121,VSS,Metal1,7.2730,46.5700,0.000001
PHY_EDGE_ROW_6_Left_120,VSS,Metal1,7.2730,39.6700,0.000000
PHY_EDGE_ROW_5_Left_119,VSS,Metal1,7.2730,38.7300,0.000000
PHY_EDGE_ROW_4_Left_118,VSS,Metal1,7.2730,31.8300,0.000242
PHY_EDGE_ROW_3_Left_117,VSS,Metal1,7.2730,30.8900,0.000242
PHY_EDGE_ROW_2_Left_116,VSS,Metal1,7.2730,23.9900,0.000386
PHY_EDGE_ROW_1_Left_115,VSS,Metal1,7.2730,23.0500,0.000386
PHY_EDGE_ROW_0_Left_114,VSS,Metal1,7.2730,16.1500,0.000043
PHY_EDGE_ROW_113_Right_113,VSS,Metal1,442.4065,462.0900,0.000000
PHY_EDGE_ROW_112_Right_112,VSS,Metal1,442.4065,455.1900,0.000000
PHY_EDGE_ROW_111_Right_111,VSS,Metal1,442.4065,454.2500,0.000000
PHY_EDGE_ROW_110_Right_110,VSS,Metal1,442.4065,447.3500,0.000000
PHY_EDGE_ROW_109_Right_109,VSS,Metal1,442.4065,446.4100,0.000000
PHY_EDGE_ROW_108_Right_108,VSS,Metal1,442.4065,439.5100,0.000000
PHY_EDGE_ROW_107_Right_107,VSS,Metal1,442.4065,438.5700,0.000000
PHY_EDGE_ROW_106_Right_106,VSS,Metal1,442.4065,431.6700,0.000000
PHY_EDGE_ROW_105_Right_105,VSS,Metal1,442.4065,430.7300,0.000000
PHY_EDGE_ROW_104_Right_104,VSS,Metal1,442.4065,423.8300,0.000000
PHY_EDGE_ROW_103_Right_103,VSS,Metal1,442.4065,422.8900,0.000000
PHY_EDGE_ROW_102_Right_102,VSS,Metal1,442.4065,415.9900,0.000000
PHY_EDGE_ROW_101_Right_101,VSS,Metal1,442.4065,415.0500,0.000000
PHY_EDGE_ROW_100_Right_100,VSS,Metal1,442.4065,408.1500,0.000000
PHY_EDGE_ROW_99_Right_99,VSS,Metal1,442.4065,407.2100,0.000000
PHY_EDGE_ROW_98_Right_98,VSS,Metal1,442.4065,400.3100,0.000000
PHY_EDGE_ROW_97_Right_97,VSS,Metal1,442.4065,399.3700,0.000000
PHY_EDGE_ROW_96_Right_96,VSS,Metal1,442.4065,392.4700,0.000000
PHY_EDGE_ROW_95_Right_95,VSS,Metal1,442.4065,391.5300,0.000000
PHY_EDGE_ROW_94_Right_94,VSS,Metal1,442.4065,384.6300,0.000000
PHY_EDGE_ROW_93_Right_93,VSS,Metal1,442.4065,383.6900,0.000000
PHY_EDGE_ROW_92_Right_92,VSS,Metal1,442.4065,376.7900,0.000000
PHY_EDGE_ROW_91_Right_91,VSS,Metal1,442.4065,375.8500,0.000000
PHY_EDGE_ROW_90_Right_90,VSS,Metal1,442.4065,368.9500,0.000000
PHY_EDGE_ROW_89_Right_89,VSS,Metal1,442.4065,368.0100,0.000000
PHY_EDGE_ROW_88_Right_88,VSS,Metal1,442.4065,361.1100,0.000000
PHY_EDGE_ROW_87_Right_87,VSS,Metal1,442.4065,360.1700,0.000000
PHY_EDGE_ROW_86_Right_86,VSS,Metal1,442.4065,353.2700,0.000000
PHY_EDGE_ROW_85_Right_85,VSS,Metal1,442.4065,352.3300,0.000000
PHY_EDGE_ROW_84_Right_84,VSS,Metal1,442.4065,345.4300,0.000000
PHY_EDGE_ROW_83_Right_83,VSS,Metal1,442.4065,344.4900,0.000000
PHY_EDGE_ROW_82_Right_82,VSS,Metal1,442.4065,337.5900,0.000000
PHY_EDGE_ROW_81_Right_81,VSS,Metal1,442.4065,336.6500,0.000000
PHY_EDGE_ROW_80_Right_80,VSS,Metal1,442.4065,329.7500,0.000000
PHY_EDGE_ROW_79_Right_79,VSS,Metal1,442.4065,328.8100,0.000000
PHY_EDGE_ROW_78_Right_78,VSS,Metal1,442.4065,321.9100,0.000000
PHY_EDGE_ROW_77_Right_77,VSS,Metal1,442.4065,320.9700,0.000000
PHY_EDGE_ROW_76_Right_76,VSS,Metal1,442.4065,314.0700,0.000000
PHY_EDGE_ROW_75_Right_75,VSS,Metal1,442.4065,313.1300,0.000000
PHY_EDGE_ROW_74_Right_74,VSS,Metal1,442.4065,306.2300,0.000000
PHY_EDGE_ROW_73_Right_73,VSS,Metal1,442.4065,305.2900,0.000000
PHY_EDGE_ROW_72_Right_72,VSS,Metal1,442.4065,298.3900,0.000000
PHY_EDGE_ROW_71_Right_71,VSS,Metal1,442.4065,297.4500,0.000000
PHY_EDGE_ROW_70_Right_70,VSS,Metal1,442.4065,290.5500,0.000000
PHY_EDGE_ROW_69_Right_69,VSS,Metal1,442.4065,289.6100,0.000000
PHY_EDGE_ROW_68_Right_68,VSS,Metal1,442.4065,282.7100,0.000000
PHY_EDGE_ROW_67_Right_67,VSS,Metal1,442.4065,281.7700,0.000000
PHY_EDGE_ROW_66_Right_66,VSS,Metal1,442.4065,274.8700,0.000000
PHY_EDGE_ROW_65_Right_65,VSS,Metal1,442.4065,273.9300,0.000000
PHY_EDGE_ROW_64_Right_64,VSS,Metal1,442.4065,267.0300,0.000000
PHY_EDGE_ROW_63_Right_63,VSS,Metal1,442.4065,266.0900,0.000000
PHY_EDGE_ROW_62_Right_62,VSS,Metal1,442.4065,259.1900,0.000000
PHY_EDGE_ROW_61_Right_61,VSS,Metal1,442.4065,258.2500,0.000000
PHY_EDGE_ROW_60_Right_60,VSS,Metal1,442.4065,251.3500,0.000000
PHY_EDGE_ROW_59_Right_59,VSS,Metal1,442.4065,250.4100,0.000000
PHY_EDGE_ROW_58_Right_58,VSS,Metal1,442.4065,243.5100,0.000000
PHY_EDGE_ROW_57_Right_57,VSS,Metal1,442.4065,242.5700,0.000000
PHY_EDGE_ROW_56_Right_56,VSS,Metal1,442.4065,235.6700,0.000000
PHY_EDGE_ROW_55_Right_55,VSS,Metal1,442.4065,234.7300,0.000000
PHY_EDGE_ROW_54_Right_54,VSS,Metal1,442.4065,227.8300,0.000000
PHY_EDGE_ROW_53_Right_53,VSS,Metal1,442.4065,226.8900,0.000000
PHY_EDGE_ROW_52_Right_52,VSS,Metal1,442.4065,219.9900,0.000000
PHY_EDGE_ROW_51_Right_51,VSS,Metal1,442.4065,219.0500,0.000000
PHY_EDGE_ROW_50_Right_50,VSS,Metal1,442.4065,212.1500,0.000000
PHY_EDGE_ROW_49_Right_49,VSS,Metal1,442.4065,211.2100,0.000000
PHY_EDGE_ROW_48_Right_48,VSS,Metal1,442.4065,204.3100,0.000000
PHY_EDGE_ROW_47_Right_47,VSS,Metal1,442.4065,203.3700,0.000000
PHY_EDGE_ROW_46_Right_46,VSS,Metal1,442.4065,196.4700,0.000000
PHY_EDGE_ROW_45_Right_45,VSS,Metal1,442.4065,195.5300,0.000000
PHY_EDGE_ROW_44_Right_44,VSS,Metal1,442.4065,188.6300,0.000000
PHY_EDGE_ROW_43_Right_43,VSS,Metal1,442.4065,187.6900,0.000000
PHY_EDGE_ROW_42_Right_42,VSS,Metal1,442.4065,180.7900,0.000000
PHY_EDGE_ROW_41_Right_41,VSS,Metal1,442.4065,179.8500,0.000000
PHY_EDGE_ROW_40_Right_40,VSS,Metal1,442.4065,172.9500,0.000000
PHY_EDGE_ROW_39_Right_39,VSS,Metal1,442.4065,172.0100,0.000000
PHY_EDGE_ROW_38_Right_38,VSS,Metal1,442.4065,165.1100,0.000000
PHY_EDGE_ROW_37_Right_37,VSS,Metal1,442.4065,164.1700,0.000000
PHY_EDGE_ROW_36_Right_36,VSS,Metal1,442.4065,157.2700,0.000000
PHY_EDGE_ROW_35_Right_35,VSS,Metal1,442.4065,156.3300,0.000000
PHY_EDGE_ROW_34_Right_34,VSS,Metal1,442.4065,149.4300,0.000000
PHY_EDGE_ROW_33_Right_33,VSS,Metal1,442.4065,148.4900,0.000000
PHY_EDGE_ROW_32_Right_32,VSS,Metal1,442.4065,141.5900,0.000000
PHY_EDGE_ROW_31_Right_31,VSS,Metal1,442.4065,140.6500,0.000000
PHY_EDGE_ROW_30_Right_30,VSS,Metal1,442.4065,133.7500,0.000236
PHY_EDGE_ROW_29_Right_29,VSS,Metal1,442.4065,132.8100,0.000236
PHY_EDGE_ROW_28_Right_28,VSS,Metal1,442.4065,125.9100,0.000000
PHY_EDGE_ROW_27_Right_27,VSS,Metal1,442.4065,124.9700,0.000000
PHY_EDGE_ROW_26_Right_26,VSS,Metal1,442.4065,118.0700,0.000000
PHY_EDGE_ROW_25_Right_25,VSS,Metal1,442.4065,117.1300,0.000000
PHY_EDGE_ROW_24_Right_24,VSS,Metal1,442.4065,110.2300,0.000000
PHY_EDGE_ROW_23_Right_23,VSS,Metal1,442.4065,109.2900,0.000000
PHY_EDGE_ROW_22_Right_22,VSS,Metal1,442.4065,102.3900,0.000000
PHY_EDGE_ROW_21_Right_21,VSS,Metal1,442.4065,101.4500,0.000000
PHY_EDGE_ROW_20_Right_20,VSS,Metal1,442.4065,94.5500,0.000378
PHY_EDGE_ROW_19_Right_19,VSS,Metal1,442.4065,93.6100,0.000378
PHY_EDGE_ROW_18_Right_18,VSS,Metal1,442.4065,86.7100,0.000000
PHY_EDGE_ROW_17_Right_17,VSS,Metal1,442.4065,85.7700,0.000000
PHY_EDGE_ROW_16_Right_16,VSS,Metal1,442.4065,78.8700,0.000000
PHY_EDGE_ROW_15_Right_15,VSS,Metal1,442.4065,77.9300,0.000000
PHY_EDGE_ROW_14_Right_14,VSS,Metal1,442.4065,71.0300,0.000001
PHY_EDGE_ROW_13_Right_13,VSS,Metal1,442.4065,70.0900,0.000001
PHY_EDGE_ROW_12_Right_12,VSS,Metal1,442.4065,63.1900,0.000000
PHY_EDGE_ROW_11_Right_11,VSS,Metal1,442.4065,62.2500,0.000000
PHY_EDGE_ROW_10_Right_10,VSS,Metal1,442.4065,55.3500,0.000003
PHY_EDGE_ROW_9_Right_9,VSS,Metal1,442.4065,54.4100,0.000003
PHY_EDGE_ROW_8_Right_8,VSS,Metal1,442.4065,47.5100,0.000001
PHY_EDGE_ROW_7_Right_7,VSS,Metal1,442.4065,46.5700,0.000001
PHY_EDGE_ROW_6_Right_6,VSS,Metal1,442.4065,39.6700,0.000000
PHY_EDGE_ROW_5_Right_5,VSS,Metal1,442.4065,38.7300,0.000000
PHY_EDGE_ROW_4_Right_4,VSS,Metal1,442.4065,31.8300,0.000180
PHY_EDGE_ROW_3_Right_3,VSS,Metal1,442.4065,30.8900,0.000180
PHY_EDGE_ROW_2_Right_2,VSS,Metal1,442.4065,23.9900,0.000851
PHY_EDGE_ROW_1_Right_1,VSS,Metal1,442.4065,23.0500,0.000851
PHY_EDGE_ROW_0_Right_0,VSS,Metal1,442.4065,16.1500,0.000379
_2289_,VSS,Metal1,271.2030,454.1810,0.000000
_2288_,VSS,Metal1,271.7630,431.7385,0.000000
_2287_,VSS,Metal1,271.2030,414.9810,0.000000
_2286_,VSS,Metal1,275.1230,392.5385,0.000000
_2285_,VSS,Metal1,274.0030,376.8585,0.000000
_2284_,VSS,Metal1,271.2030,360.1010,0.000000
_2283_,VSS,Metal1,280.1630,329.8185,0.000000
_2282_,VSS,Metal1,271.7630,298.4585,0.000000
_2281_,VSS,Metal1,275.1230,314.1385,0.000000
_2280_,VSS,Metal1,286.3230,259.2585,0.000000
_2279_,VSS,Metal1,291.3630,281.7010,0.000000
_2278_,VSS,Metal1,276.8030,235.7385,0.000000
_2277_,VSS,Metal1,271.2030,218.9810,0.000000
_2276_,VSS,Metal1,271.2030,179.7810,0.000000
_2275_,VSS,Metal1,270.0830,195.4610,0.000000
_2274_,VSS,Metal1,270.0830,164.1010,0.000000
_2273_,VSS,Metal1,271.7630,149.4985,0.000000
_2272_,VSS,Metal1,275.1230,125.9785,0.000000
_2271_,VSS,Metal1,275.1230,102.4585,0.000000
_2270_,VSS,Metal1,280.7230,86.7785,0.000000
_2269_,VSS,Metal1,277.9230,71.0985,0.000001
_2268_,VSS,Metal1,271.2030,62.1810,0.000000
_2267_,VSS,Metal1,280.1630,39.7385,0.000000
_2266_,VSS,Metal1,294.7230,22.9810,0.000776
_2265_,VSS,Metal1,310.4030,30.8210,0.000180
_2264_,VSS,Metal1,225.8430,454.1810,0.000000
_2263_,VSS,Metal1,200.6430,439.5785,0.000000
_2262_,VSS,Metal1,205.6830,408.2185,0.000000
_2261_,VSS,Metal1,218.0030,391.4610,0.000000
_2260_,VSS,Metal1,209.0430,369.0185,0.000000
_2259_,VSS,Metal1,218.0030,360.1010,0.000000
_2258_,VSS,Metal1,212.4030,337.6585,0.000000
_2257_,VSS,Metal1,191.1230,313.0610,0.000000
_2256_,VSS,Metal1,204.5630,306.2985,0.000000
_2255_,VSS,Metal1,198.4030,290.6185,0.000000
_2254_,VSS,Metal1,193.3630,274.9385,0.000000
_2253_,VSS,Metal1,198.9630,251.4185,0.000000
_2252_,VSS,Metal1,204.5630,220.0585,0.000000
_2251_,VSS,Metal1,193.3630,204.3785,0.000000
_2250_,VSS,Metal1,190.5630,179.7810,0.000000
_2249_,VSS,Metal1,193.3630,157.3385,0.000000
_2248_,VSS,Metal1,197.2830,141.6585,0.000000
_2247_,VSS,Metal1,185.5230,132.7410,0.000200
_2246_,VSS,Metal1,189.4430,117.0610,0.000000
_2245_,VSS,Metal1,198.4030,94.6185,0.000187
_2244_,VSS,Metal1,200.6430,78.9385,0.000001
_2243_,VSS,Metal1,202.8830,63.2585,0.000000
_2242_,VSS,Metal1,209.6030,39.7385,0.000000
_2241_,VSS,Metal1,225.8430,22.9810,0.000714
_2240_,VSS,Metal1,271.9965,30.8210,0.000201
_2239_,VSS,Metal1,349.6030,454.1810,0.000000
_2238_,VSS,Metal1,359.6830,431.7385,0.000000
_2237_,VSS,Metal1,365.2830,408.2185,0.000000
_2236_,VSS,Metal1,356.3230,392.5385,0.000000
_2235_,VSS,Metal1,355.2030,369.0185,0.000000
_2234_,VSS,Metal1,359.1230,353.3385,0.000000
_2233_,VSS,Metal1,361.3630,337.6585,0.000000
_2232_,VSS,Metal1,361.9230,298.4585,0.000000
_2231_,VSS,Metal1,361.9230,314.1385,0.000000
_2230_,VSS,Metal1,378.7230,273.8610,0.000000
_2229_,VSS,Metal1,377.6030,250.3410,0.000000
_2228_,VSS,Metal1,378.1630,226.8210,0.000000
_2227_,VSS,Metal1,369.7630,203.3010,0.000000
_2226_,VSS,Metal1,369.2030,173.0185,0.000000
_2225_,VSS,Metal1,384.8830,179.7810,0.000000
_2224_,VSS,Metal1,373.6830,140.5810,0.000000
_2223_,VSS,Metal1,365.8430,149.4985,0.000000
_2222_,VSS,Metal1,380.9630,124.9010,0.000000
_2221_,VSS,Metal1,389.3630,110.2985,0.000000
_2220_,VSS,Metal1,382.0830,93.5410,0.000378
_2219_,VSS,Metal1,377.6030,70.0210,0.000001
_2218_,VSS,Metal1,373.1230,62.1810,0.000000
_2217_,VSS,Metal1,395.5230,39.7385,0.000000
_2216_,VSS,Metal1,381.5230,38.6610,0.000000
_2215_,VSS,Metal1,389.9230,24.0585,0.000795
_2214_,VSS,Metal1,294.7230,454.1810,0.000000
_2213_,VSS,Metal1,288.5630,439.5785,0.000000
_2212_,VSS,Metal1,290.8030,416.0585,0.000000
_2211_,VSS,Metal1,298.0830,399.3010,0.000000
_2210_,VSS,Metal1,293.0430,375.7810,0.000000
_2209_,VSS,Metal1,291.9230,360.1010,0.000000
_2208_,VSS,Metal1,297.5230,336.5810,0.000000
_2207_,VSS,Metal1,293.6030,297.3810,0.000000
_2206_,VSS,Metal1,293.0430,313.0610,0.000000
_2205_,VSS,Metal1,304.2430,258.1810,0.000000
_2204_,VSS,Metal1,310.4030,281.7010,0.000000
_2203_,VSS,Metal1,291.3630,242.5010,0.000000
_2202_,VSS,Metal1,291.3630,218.9810,0.000000
_2201_,VSS,Metal1,290.8030,173.0185,0.000000
_2200_,VSS,Metal1,291.3630,195.4610,0.000000
_2199_,VSS,Metal1,290.8030,157.3385,0.000000
_2198_,VSS,Metal1,290.8030,149.4985,0.000000
_2197_,VSS,Metal1,294.7230,132.7410,0.000222
_2196_,VSS,Metal1,291.3630,109.2210,0.000000
_2195_,VSS,Metal1,304.8030,93.5410,0.000376
_2194_,VSS,Metal1,303.1230,77.8610,0.000001
_2193_,VSS,Metal1,295.2830,62.1810,0.000000
_2192_,VSS,Metal1,303.6830,38.6610,0.000000
_2191_,VSS,Metal1,336.7230,22.9810,0.000780
_2190_,VSS,Metal1,361.9230,24.0585,0.000793
_2189_,VSS,Metal1,431.9230,447.4185,0.000000
_2188_,VSS,Metal1,431.9230,439.5785,0.000000
_2187_,VSS,Metal1,431.9230,416.0585,0.000000
_2186_,VSS,Metal1,431.9230,392.5385,0.000000
_2185_,VSS,Metal1,431.9230,376.8585,0.000000
_2184_,VSS,Metal1,431.9230,353.3385,0.000000
_2183_,VSS,Metal1,431.9230,329.8185,0.000000
_2182_,VSS,Metal1,431.9230,306.2985,0.000000
_2181_,VSS,Metal1,431.9230,274.9385,0.000000
_2180_,VSS,Metal1,431.9230,251.4185,0.000000
_2179_,VSS,Metal1,431.9230,227.8985,0.000000
_2178_,VSS,Metal1,431.9230,196.5385,0.000000
_2177_,VSS,Metal1,370.8830,454.1810,0.000000
_2176_,VSS,Metal1,374.2430,430.6610,0.000000
_2175_,VSS,Metal1,389.3630,408.2185,0.000000
_2174_,VSS,Metal1,379.8430,399.3010,0.000000
_2173_,VSS,Metal1,373.6830,375.7810,0.000000
_2172_,VSS,Metal1,378.1630,360.1010,0.000000
_2171_,VSS,Metal1,377.6030,336.5810,0.000000
_2170_,VSS,Metal1,382.0830,297.3810,0.000000
_2169_,VSS,Metal1,379.8430,313.0610,0.000000
_2168_,VSS,Metal1,396.6430,274.9385,0.000000
_2167_,VSS,Metal1,393.2830,251.4185,0.000000
_2166_,VSS,Metal1,391.0430,220.0585,0.000000
_2165_,VSS,Metal1,383.7630,195.4610,0.000000
_2164_,VSS,Metal1,431.9230,157.3385,0.000000
_2163_,VSS,Metal1,424.0830,148.4210,0.000000
_2162_,VSS,Metal1,402.8030,133.8185,0.000235
_2161_,VSS,Metal1,386.0030,156.2610,0.000000
_2160_,VSS,Metal1,431.9230,125.9785,0.000000
_2159_,VSS,Metal1,404.4830,118.1385,0.000000
_2158_,VSS,Metal1,398.3230,86.7785,0.000000
_2157_,VSS,Metal1,431.9230,71.0985,0.000001
_2156_,VSS,Metal1,397.2030,63.2585,0.000000
_2155_,VSS,Metal1,431.9230,47.5785,0.000001
_2154_,VSS,Metal1,409.5230,22.9810,0.000823
_2153_,VSS,Metal1,431.9230,31.8985,0.000180
_2152_,VSS,Metal1,141.7395,446.3405,0.000000
_2151_,VSS,Metal1,47.1820,447.4250,-0.000000
_2150_,VSS,Metal1,16.9420,446.3345,-0.000000
_2149_,VSS,Metal1,37.6620,423.9050,0.000000
_2148_,VSS,Metal1,16.9420,414.9745,0.000000
_2147_,VSS,Metal1,46.8975,392.5450,0.000000
_2146_,VSS,Metal1,20.3020,383.6145,-0.000000
_2145_,VSS,Metal1,19.1820,375.7745,0.000000
_2144_,VSS,Metal1,75.1820,454.1745,0.000000
_2143_,VSS,Metal1,60.0620,422.8145,0.000000
_2142_,VSS,Metal1,71.2620,399.2945,0.000000
_2141_,VSS,Metal1,75.7420,369.0250,0.000000
_2140_,VSS,Metal1,44.3820,369.0250,0.000000
_2139_,VSS,Metal1,21.9820,352.2545,0.000000
_2138_,VSS,Metal1,16.9420,336.5745,0.000000
_2137_,VSS,Metal1,18.0620,305.2145,0.000000
_2136_,VSS,Metal1,20.3020,281.6945,0.000000
_2135_,VSS,Metal1,47.7420,220.0650,0.000000
_2134_,VSS,Metal1,51.6620,243.5850,0.000000
_2133_,VSS,Metal1,18.6220,266.0145,0.000000
_2132_,VSS,Metal1,18.6220,234.6545,0.000000
_2131_,VSS,Metal1,16.9420,211.1345,0.000000
_2130_,VSS,Metal1,16.9420,179.7745,0.000000
_2129_,VSS,Metal1,36.5420,157.3450,0.000000
_2128_,VSS,Metal1,16.9420,148.4145,0.000000
_2127_,VSS,Metal1,18.6220,132.7345,0.000103
_2126_,VSS,Metal1,18.6220,101.3745,0.000000
_2125_,VSS,Metal1,46.0620,78.9450,0.000001
_2124_,VSS,Metal1,20.8620,70.0145,0.000001
_2123_,VSS,Metal1,19.7420,54.3345,0.000007
_2122_,VSS,Metal1,43.2620,55.4250,0.000008
_2121_,VSS,Metal1,48.3020,24.0650,0.000389
_2120_,VSS,Metal1,16.9420,30.8145,0.000242
_2119_,VSS,Metal1,124.4620,447.4250,0.000000
_2118_,VSS,Metal1,128.3820,423.9050,0.000000
_2117_,VSS,Metal1,128.3820,400.3850,0.000000
_2116_,VSS,Metal1,127.2620,376.8650,0.000000
_2115_,VSS,Metal1,125.5820,353.3450,0.000000
_2114_,VSS,Metal1,48.3020,345.5050,0.000000
_2113_,VSS,Metal1,47.1820,298.4650,0.000000
_2112_,VSS,Metal1,108.7820,305.2145,0.000000
_2111_,VSS,Metal1,114.9420,329.8250,0.000000
_2110_,VSS,Metal1,39.3420,274.9450,0.000000
_2109_,VSS,Metal1,92.5420,274.9450,0.000000
_2108_,VSS,Metal1,107.1020,258.1745,0.000000
_2107_,VSS,Metal1,108.2220,226.8145,0.000000
_2106_,VSS,Metal1,101.5020,203.2945,0.000000
_2105_,VSS,Metal1,110.4620,171.9345,0.000000
_2104_,VSS,Metal1,94.7820,157.3450,0.000000
_2103_,VSS,Metal1,83.0220,141.6650,0.000000
_2102_,VSS,Metal1,52.2220,133.8250,0.000125
_2101_,VSS,Metal1,88.6220,118.1450,0.000000
_2100_,VSS,Metal1,114.9420,86.7850,0.000001
_2099_,VSS,Metal1,118.3020,63.2650,0.000000
_2098_,VSS,Metal1,97.0220,54.3345,0.000005
_2097_,VSS,Metal1,89.7420,24.0650,0.000400
_2096_,VSS,Metal1,125.0220,24.0650,0.000454
_2095_,VSS,Metal1,122.2220,39.7450,0.000000
_2094_,VSS,Metal1,192.7820,454.1745,0.000000
_2093_,VSS,Metal1,192.7820,422.8145,0.000000
_2092_,VSS,Metal1,189.4220,399.2945,0.000000
_2091_,VSS,Metal1,195.0220,384.7050,0.000000
_2090_,VSS,Metal1,180.4620,375.7745,0.000000
_2089_,VSS,Metal1,197.2620,353.3450,0.000000
_2088_,VSS,Metal1,200.0620,329.8250,0.000000
_2087_,VSS,Metal1,172.6220,306.3050,0.000000
_2086_,VSS,Metal1,163.6620,314.1450,0.000000
_2085_,VSS,Metal1,104.3020,281.6945,0.000000
_2084_,VSS,Metal1,173.1820,282.7850,0.000000
_2083_,VSS,Metal1,188.8620,250.3345,0.000000
_2082_,VSS,Metal1,188.3020,226.8145,0.000000
_2081_,VSS,Metal1,173.1820,196.5450,0.000000
_2080_,VSS,Metal1,169.2620,173.0250,0.000000
_2079_,VSS,Metal1,173.7420,156.2545,0.000000
_2078_,VSS,Metal1,165.3420,133.8250,0.000167
_2077_,VSS,Metal1,114.3820,156.2545,0.000000
_2076_,VSS,Metal1,169.2620,110.3050,0.000000
_2075_,VSS,Metal1,173.1820,94.6250,0.000186
_2074_,VSS,Metal1,168.7020,78.9450,0.000001
_2073_,VSS,Metal1,184.9420,70.0145,0.000001
_2072_,VSS,Metal1,191.1020,46.4945,0.000001
_2071_,VSS,Metal1,201.7420,24.0650,0.000589
_2070_,VSS,Metal1,145.1820,22.9745,0.000497
_2069_,VSS,Metal1,374.9500,23.9015,0.000794
_2068_,VSS,Metal1,109.5100,39.5815,0.000000
_2067_,VSS,Metal1,17.0500,23.9015,0.000386
_2066_,VSS,Metal1,19.2900,384.5415,-0.000000
_2065_,VSS,Metal1,278.6300,23.9015,0.000733
_2064_,VSS,Metal1,36.6900,399.5750,0.000000
_2063_,VSS,Metal1,140.8100,23.9015,0.000497
_2062_,VSS,Metal1,19.3100,407.9450,0.000000
_2061_,VSS,Metal1,255.2265,447.3190,0.000000
_2060_,VSS,Metal1,250.2965,446.4990,0.000000
_2059_,VSS,Metal1,250.4465,447.2350,0.000000
_2058_,VSS,Metal1,246.1300,454.4550,0.000000
_2057_,VSS,Metal1,244.4700,447.2615,0.000000
_2056_,VSS,Metal1,219.3400,439.3475,0.000000
_2055_,VSS,Metal1,221.8865,438.6850,0.000000
_2054_,VSS,Metal1,218.5000,431.4975,0.000000
_2053_,VSS,Metal1,214.5030,422.9790,0.000000
_2052_,VSS,Metal1,246.2200,407.9875,0.000000
_2051_,VSS,Metal1,243.6530,415.8930,0.000000
_2050_,VSS,Metal1,258.0265,430.7605,0.000000
_2049_,VSS,Metal1,246.5265,423.0050,0.000000
_2048_,VSS,Metal1,254.7765,423.7405,0.000000
_2047_,VSS,Metal1,220.9500,422.9780,0.000000
_2046_,VSS,Metal1,226.5500,431.5815,0.000000
_2045_,VSS,Metal1,258.4700,415.1380,0.000000
_2044_,VSS,Metal1,248.2600,415.2125,0.000000
_2043_,VSS,Metal1,252.1800,384.4675,0.000000
_2042_,VSS,Metal1,249.9400,392.3350,0.000000
_2041_,VSS,Metal1,238.3225,391.7235,0.000000
_2040_,VSS,Metal1,231.3875,383.8835,0.000000
_2039_,VSS,Metal1,244.5930,360.9950,0.000000
_2038_,VSS,Metal1,240.0775,376.6400,0.000000
_2037_,VSS,Metal1,250.1865,422.9205,0.000000
_2036_,VSS,Metal1,232.8265,415.9590,0.000000
_2035_,VSS,Metal1,235.5225,415.7960,0.000000
_2034_,VSS,Metal1,220.7730,415.9590,0.000000
_2033_,VSS,Metal1,253.1365,391.5685,0.000000
_2032_,VSS,Metal1,231.4500,391.6205,0.000000
_2031_,VSS,Metal1,235.5225,391.7235,0.000000
_2030_,VSS,Metal1,254.0600,376.6275,0.000000
_2029_,VSS,Metal1,258.4700,375.9380,0.000000
_2028_,VSS,Metal1,248.7665,328.9250,0.000000
_2027_,VSS,Metal1,246.0200,297.6125,0.000000
_2026_,VSS,Metal1,244.6400,313.9475,0.000000
_2025_,VSS,Metal1,234.4600,336.8125,0.000000
_2024_,VSS,Metal1,234.2665,344.6000,0.000000
_2023_,VSS,Metal1,233.7630,337.4915,0.000000
_2022_,VSS,Metal1,251.3065,345.3990,0.000000
_2021_,VSS,Metal1,231.1465,336.6805,0.000000
_2020_,VSS,Metal1,228.3000,337.4275,0.000000
_2019_,VSS,Metal1,249.5225,376.0435,0.000000
_2018_,VSS,Metal1,232.5700,368.8590,0.000000
_2017_,VSS,Metal1,232.1625,376.0435,0.000000
_2016_,VSS,Metal1,257.3300,353.0650,0.000000
_2015_,VSS,Metal1,234.9500,353.1815,0.000000
_2014_,VSS,Metal1,259.1000,344.6525,0.000000
_2013_,VSS,Metal1,265.7500,337.5015,0.000000
_2012_,VSS,Metal1,253.9900,337.5015,0.000000
_2011_,VSS,Metal1,255.6825,344.6835,0.000000
_2010_,VSS,Metal1,257.1665,321.0850,0.000000
_2009_,VSS,Metal1,222.3600,313.2885,0.000000
_2008_,VSS,Metal1,252.7500,313.8660,0.000000
_2007_,VSS,Metal1,251.7500,305.3780,0.000000
_2006_,VSS,Metal1,240.9800,306.0675,0.000000
_2005_,VSS,Metal1,218.7100,306.1415,0.000000
_2004_,VSS,Metal1,218.8265,313.1605,0.000000
_2003_,VSS,Metal1,215.3625,313.3235,0.000000
_2002_,VSS,Metal1,257.9100,313.9815,0.000000
_2001_,VSS,Metal1,245.5175,306.0360,0.000000
_2000_,VSS,Metal1,251.6200,219.8275,0.000000
_1999_,VSS,Metal1,242.9400,282.5375,0.000000
_1998_,VSS,Metal1,253.7030,242.6590,0.000000
_1997_,VSS,Metal1,238.3975,266.2400,0.000000
_1996_,VSS,Metal1,254.6665,243.4790,0.000000
_1995_,VSS,Metal1,246.0200,211.3725,0.000000
_1994_,VSS,Metal1,239.3630,203.4680,0.000000
_1993_,VSS,Metal1,251.6775,282.5160,0.000000
_1992_,VSS,Metal1,255.5500,281.9735,0.000000
_1991_,VSS,Metal1,259.5175,281.9635,0.000000
_1990_,VSS,Metal1,244.5930,180.6750,0.000000
_1989_,VSS,Metal1,230.5575,212.0000,0.000000
_1988_,VSS,Metal1,234.8025,281.9200,0.000000
_1987_,VSS,Metal1,253.5465,235.6390,0.000000
_1986_,VSS,Metal1,226.6375,274.0800,0.000000
_1985_,VSS,Metal1,222.8375,274.0660,0.000000
_1984_,VSS,Metal1,234.3900,306.1415,0.000000
_1983_,VSS,Metal1,270.9065,266.9990,0.000000
_1982_,VSS,Metal1,265.0065,266.9150,0.000000
_1981_,VSS,Metal1,265.0665,274.0400,0.000000
_1980_,VSS,Metal1,260.7225,274.1235,0.000000
_1979_,VSS,Metal1,239.3100,266.8260,0.000000
_1978_,VSS,Metal1,216.4825,282.5160,0.000000
_1977_,VSS,Metal1,216.4825,289.8035,0.000000
_1976_,VSS,Metal1,271.9100,274.7815,0.000000
_1975_,VSS,Metal1,255.5400,259.0275,0.000000
_1974_,VSS,Metal1,228.1100,266.8260,0.000000
_1973_,VSS,Metal1,205.8425,274.6760,0.000000
_1972_,VSS,Metal1,264.5000,274.7350,0.000000
_1971_,VSS,Metal1,208.6425,274.6760,0.000000
_1970_,VSS,Metal1,260.2200,242.7325,0.000000
_1969_,VSS,Metal1,246.1625,243.3160,0.000000
_1968_,VSS,Metal1,246.5900,258.4535,0.000000
_1967_,VSS,Metal1,211.0200,242.8060,0.000000
_1966_,VSS,Metal1,248.5130,234.8450,0.000000
_1965_,VSS,Metal1,230.5575,242.7200,0.000000
_1964_,VSS,Metal1,231.2375,235.5335,0.000000
_1963_,VSS,Metal1,220.6565,242.6085,0.000000
_1962_,VSS,Metal1,226.4775,235.4760,0.000000
_1961_,VSS,Metal1,237.8925,227.6360,0.000000
_1960_,VSS,Metal1,214.8025,251.1560,0.000000
_1959_,VSS,Metal1,210.8825,250.6035,0.000000
_1958_,VSS,Metal1,258.7365,226.9285,0.000000
_1957_,VSS,Metal1,218.1625,234.9235,0.000000
_1956_,VSS,Metal1,226.0025,227.0835,0.000000
_1955_,VSS,Metal1,253.8065,203.4850,0.000000
_1954_,VSS,Metal1,246.0200,196.3075,0.000000
_1953_,VSS,Metal1,218.7975,204.1600,0.000000
_1952_,VSS,Metal1,220.0375,203.5060,0.000000
_1951_,VSS,Metal1,247.1500,203.5735,0.000000
_1950_,VSS,Metal1,240.4775,204.1160,0.000000
_1949_,VSS,Metal1,200.5800,195.7660,0.000000
_1948_,VSS,Metal1,217.8565,187.7285,0.000000
_1947_,VSS,Metal1,224.9400,180.6275,0.000000
_1946_,VSS,Metal1,213.1225,203.5635,0.000000
_1945_,VSS,Metal1,201.8375,203.5635,0.000000
_1944_,VSS,Metal1,228.2300,187.7780,0.000000
_1943_,VSS,Metal1,219.8425,188.4360,0.000000
_1942_,VSS,Metal1,201.3625,188.4360,0.000000
_1941_,VSS,Metal1,196.8825,187.8835,0.000000
_1940_,VSS,Metal1,250.1400,180.6275,0.000000
_1939_,VSS,Metal1,228.7230,165.0115,0.000000
_1938_,VSS,Metal1,237.2025,164.9160,0.000000
_1937_,VSS,Metal1,237.6300,172.2135,0.000000
_1936_,VSS,Metal1,212.1400,157.0335,0.000000
_1935_,VSS,Metal1,246.2730,179.9650,0.000000
_1934_,VSS,Metal1,247.6900,164.2605,0.000000
_1933_,VSS,Metal1,232.5330,164.2005,0.000000
_1932_,VSS,Metal1,249.5100,157.1815,0.000000
_1931_,VSS,Metal1,228.0465,156.4450,0.000000
_1930_,VSS,Metal1,199.1100,164.2580,0.000000
_1929_,VSS,Metal1,210.3225,164.3635,0.000000
_1928_,VSS,Metal1,252.3100,149.3415,0.000000
_1927_,VSS,Metal1,217.5900,149.3415,0.000000
_1926_,VSS,Metal1,219.2825,156.5235,0.000000
_1925_,VSS,Metal1,220.5065,148.5205,0.000000
_1924_,VSS,Metal1,241.0375,156.5235,0.000000
_1923_,VSS,Metal1,245.4065,140.7650,0.000000
_1922_,VSS,Metal1,218.0200,125.6735,0.000000
_1921_,VSS,Metal1,238.1865,117.9600,0.000000
_1920_,VSS,Metal1,211.2275,117.8760,0.000000
_1919_,VSS,Metal1,207.7365,117.9805,0.000000
_1918_,VSS,Metal1,243.2775,141.3960,0.000000
_1917_,VSS,Metal1,236.1865,132.8405,0.000220
_1916_,VSS,Metal1,232.0025,125.1200,0.000000
_1915_,VSS,Metal1,233.4775,117.9335,0.000000
_1914_,VSS,Metal1,254.8165,125.8710,0.000000
_1913_,VSS,Metal1,211.4425,125.1635,0.000000
_1912_,VSS,Metal1,235.4375,125.1635,0.000000
_1911_,VSS,Metal1,257.7265,117.9550,0.000000
_1910_,VSS,Metal1,261.2500,109.4950,0.000000
_1909_,VSS,Metal1,248.1200,94.3910,0.000372
_1908_,VSS,Metal1,234.4775,94.4000,0.000282
_1907_,VSS,Metal1,224.4330,93.7250,0.000255
_1906_,VSS,Metal1,241.1800,94.3875,0.000346
_1905_,VSS,Metal1,256.2425,117.3235,0.000000
_1904_,VSS,Metal1,208.0825,125.1635,0.000000
_1903_,VSS,Metal1,253.8600,117.9350,0.000000
_1902_,VSS,Metal1,209.7625,117.3235,0.000000
_1901_,VSS,Metal1,262.0965,85.8085,0.000000
_1900_,VSS,Metal1,237.1175,93.8035,0.000321
_1899_,VSS,Metal1,220.2130,94.5190,0.000243
_1898_,VSS,Metal1,216.4825,94.3560,0.000213
_1897_,VSS,Metal1,254.3730,94.5190,0.000372
_1896_,VSS,Metal1,252.8825,86.5160,0.000000
_1895_,VSS,Metal1,249.7765,70.9910,0.000001
_1894_,VSS,Metal1,245.3875,86.5160,0.000000
_1893_,VSS,Metal1,238.9400,63.0275,0.000000
_1892_,VSS,Metal1,231.1175,62.4000,0.000000
_1891_,VSS,Metal1,224.1265,62.3650,0.000000
_1890_,VSS,Metal1,241.0375,78.6760,0.000001
_1889_,VSS,Metal1,224.3225,85.9635,0.000000
_1888_,VSS,Metal1,224.9865,78.8390,0.000001
_1887_,VSS,Metal1,254.8165,62.2885,0.000000
_1886_,VSS,Metal1,215.3625,62.9960,0.000000
_1885_,VSS,Metal1,227.6825,62.4435,0.000000
_1884_,VSS,Metal1,219.0930,63.1590,0.000000
_1883_,VSS,Metal1,252.8825,54.6035,0.000003
_1882_,VSS,Metal1,236.8965,39.6310,0.000000
_1881_,VSS,Metal1,249.0375,46.7200,0.000001
_1880_,VSS,Metal1,249.4375,39.4760,0.000000
_1879_,VSS,Metal1,251.9000,31.0625,0.000219
_1878_,VSS,Metal1,226.5625,46.7635,0.000001
_1877_,VSS,Metal1,229.3625,46.7635,0.000001
_1876_,VSS,Metal1,223.8665,46.6005,0.000001
_1875_,VSS,Metal1,253.6965,23.0885,0.000716
_1874_,VSS,Metal1,255.1225,31.0835,0.000219
_1873_,VSS,Metal1,246.1625,31.0835,0.000219
_1872_,VSS,Metal1,338.1065,447.3190,0.000000
_1871_,VSS,Metal1,335.9765,446.4990,0.000000
_1870_,VSS,Metal1,331.0865,447.2350,0.000000
_1869_,VSS,Metal1,324.5300,454.4550,0.000000
_1868_,VSS,Metal1,323.9900,447.2615,0.000000
_1867_,VSS,Metal1,312.6600,439.3475,0.000000
_1866_,VSS,Metal1,311.4865,446.5250,0.000000
_1865_,VSS,Metal1,312.9400,438.7425,0.000000
_1864_,VSS,Metal1,308.5830,415.9005,0.000000
_1863_,VSS,Metal1,334.5000,407.9875,0.000000
_1862_,VSS,Metal1,332.6930,422.9865,0.000000
_1861_,VSS,Metal1,345.3865,423.7990,0.000000
_1860_,VSS,Metal1,336.6865,423.7150,0.000000
_1859_,VSS,Metal1,342.1365,422.9790,0.000000
_1858_,VSS,Metal1,308.8700,430.8180,0.000000
_1857_,VSS,Metal1,311.1100,422.9780,0.000000
_1856_,VSS,Metal1,348.0700,408.0615,0.000000
_1855_,VSS,Metal1,337.3000,407.3725,0.000000
_1854_,VSS,Metal1,338.4200,384.4675,0.000000
_1853_,VSS,Metal1,339.7400,391.6650,0.000000
_1852_,VSS,Metal1,328.4825,391.7235,0.000000
_1851_,VSS,Metal1,324.5625,384.4360,0.000000
_1850_,VSS,Metal1,335.0065,368.8350,0.000000
_1849_,VSS,Metal1,328.8275,384.4360,0.000000
_1848_,VSS,Metal1,336.9865,422.9205,0.000000
_1847_,VSS,Metal1,325.7865,422.9205,0.000000
_1846_,VSS,Metal1,326.2425,430.9235,0.000000
_1845_,VSS,Metal1,313.7330,415.9590,0.000000
_1844_,VSS,Metal1,319.7765,392.4310,0.000000
_1843_,VSS,Metal1,318.4025,384.4360,0.000000
_1842_,VSS,Metal1,317.6900,391.6205,0.000000
_1841_,VSS,Metal1,325.4865,376.6750,0.000000
_1840_,VSS,Metal1,336.3100,375.9380,0.000000
_1839_,VSS,Metal1,337.5530,353.1550,0.000000
_1838_,VSS,Metal1,332.9625,368.2035,0.000000
_1837_,VSS,Metal1,336.9400,337.4275,0.000000
_1836_,VSS,Metal1,334.9330,344.5865,0.000000
_1835_,VSS,Metal1,336.7400,360.3050,0.000000
_1834_,VSS,Metal1,316.7730,353.1600,0.000000
_1833_,VSS,Metal1,318.7730,352.3605,0.000000
_1832_,VSS,Metal1,306.6300,376.7015,0.000000
_1831_,VSS,Metal1,306.1865,375.8805,0.000000
_1830_,VSS,Metal1,335.1900,352.4180,0.000000
_1829_,VSS,Metal1,308.3100,360.2580,0.000000
_1828_,VSS,Metal1,313.4665,360.2005,0.000000
_1827_,VSS,Metal1,310.0025,353.0760,0.000000
_1826_,VSS,Metal1,326.6065,337.4750,0.000000
_1825_,VSS,Metal1,344.1300,337.3850,0.000000
_1824_,VSS,Metal1,311.6700,337.5015,0.000000
_1823_,VSS,Metal1,316.8265,337.5590,0.000000
_1822_,VSS,Metal1,315.0425,336.8435,0.000000
_1821_,VSS,Metal1,336.9400,321.7475,0.000000
_1820_,VSS,Metal1,336.1265,306.1150,0.000000
_1819_,VSS,Metal1,313.0800,313.2885,0.000000
_1818_,VSS,Metal1,332.0065,313.9450,0.000000
_1817_,VSS,Metal1,337.1365,297.4885,0.000000
_1816_,VSS,Metal1,336.6865,305.4050,0.000000
_1815_,VSS,Metal1,329.0425,298.1960,0.000000
_1814_,VSS,Metal1,312.6130,305.3205,0.000000
_1813_,VSS,Metal1,308.8825,305.4835,0.000000
_1812_,VSS,Metal1,332.7730,298.3590,0.000000
_1811_,VSS,Metal1,346.3900,321.0580,0.000000
_1810_,VSS,Metal1,336.9400,211.9875,0.000000
_1809_,VSS,Metal1,342.5865,321.8790,0.000000
_1808_,VSS,Metal1,335.6200,242.8060,0.000000
_1807_,VSS,Metal1,333.0730,219.8750,0.000000
_1806_,VSS,Metal1,335.6200,243.3475,0.000000
_1805_,VSS,Metal1,336.4330,258.3650,0.000000
_1804_,VSS,Metal1,341.4730,195.6450,0.000000
_1803_,VSS,Metal1,331.9175,211.3600,0.000000
_1802_,VSS,Metal1,334.1575,234.8800,0.000000
_1801_,VSS,Metal1,331.5625,227.0260,0.000000
_1800_,VSS,Metal1,314.6775,227.6935,0.000000
_1799_,VSS,Metal1,330.7975,266.2400,0.000000
_1798_,VSS,Metal1,333.1575,266.8935,0.000000
_1797_,VSS,Metal1,311.1100,313.9815,0.000000
_1796_,VSS,Metal1,317.3865,306.1990,0.000000
_1795_,VSS,Metal1,320.0825,306.0360,0.000000
_1794_,VSS,Metal1,363.2025,266.2835,0.000000
_1793_,VSS,Metal1,355.7000,266.2625,0.000000
_1792_,VSS,Metal1,354.9400,258.4860,0.000000
_1791_,VSS,Metal1,354.3465,259.1590,0.000000
_1790_,VSS,Metal1,318.9625,258.9960,0.000000
_1789_,VSS,Metal1,322.4265,259.1590,0.000000
_1788_,VSS,Metal1,322.3225,266.2835,0.000000
_1787_,VSS,Metal1,322.9865,258.2805,0.000000
_1786_,VSS,Metal1,358.9765,274.8310,0.000000
_1785_,VSS,Metal1,356.6965,251.2605,0.000000
_1784_,VSS,Metal1,353.0375,274.1235,0.000000
_1783_,VSS,Metal1,335.5730,274.8390,0.000000
_1782_,VSS,Metal1,331.8425,274.6760,0.000000
_1781_,VSS,Metal1,350.9865,274.8390,0.000000
_1780_,VSS,Metal1,357.4700,250.6135,0.000000
_1779_,VSS,Metal1,315.6025,235.4760,0.000000
_1778_,VSS,Metal1,311.6825,234.9235,0.000000
_1777_,VSS,Metal1,358.8525,219.7960,0.000000
_1776_,VSS,Metal1,363.7500,227.7415,0.000000
_1775_,VSS,Metal1,358.7225,227.6360,0.000000
_1774_,VSS,Metal1,316.0300,234.9335,0.000000
_1773_,VSS,Metal1,302.1625,242.7635,0.000000
_1772_,VSS,Metal1,304.9625,242.7635,0.000000
_1771_,VSS,Metal1,359.8300,204.2215,0.000000
_1770_,VSS,Metal1,352.3475,227.0835,0.000000
_1769_,VSS,Metal1,345.9000,211.3725,0.000000
_1768_,VSS,Metal1,338.0025,204.1160,0.000000
_1767_,VSS,Metal1,320.7800,196.2975,0.000000
_1766_,VSS,Metal1,337.8065,188.5150,0.000000
_1765_,VSS,Metal1,322.9400,187.8525,0.000000
_1764_,VSS,Metal1,306.9875,196.2760,0.000000
_1763_,VSS,Metal1,315.6775,195.6800,0.000000
_1762_,VSS,Metal1,325.3175,195.6660,0.000000
_1761_,VSS,Metal1,357.4700,227.0935,0.000000
_1760_,VSS,Metal1,303.2825,219.7960,0.000000
_1759_,VSS,Metal1,306.0825,219.7960,0.000000
_1758_,VSS,Metal1,352.8165,179.8885,0.000000
_1757_,VSS,Metal1,313.9225,180.5960,0.000000
_1756_,VSS,Metal1,316.7225,180.5960,0.000000
_1755_,VSS,Metal1,315.4130,179.8805,0.000000
_1754_,VSS,Metal1,353.1800,180.6275,0.000000
_1753_,VSS,Metal1,359.2700,180.7015,0.000000
_1752_,VSS,Metal1,352.0025,188.4360,0.000000
_1751_,VSS,Metal1,304.9625,195.7235,0.000000
_1750_,VSS,Metal1,302.1625,195.7235,0.000000
_1749_,VSS,Metal1,342.2865,179.9650,0.000000
_1748_,VSS,Metal1,320.1300,164.9060,0.000000
_1747_,VSS,Metal1,327.9225,164.9160,0.000000
_1746_,VSS,Metal1,314.8200,156.5025,0.000000
_1745_,VSS,Metal1,332.0375,156.4660,0.000000
_1744_,VSS,Metal1,347.2165,149.3910,0.000000
_1743_,VSS,Metal1,345.3400,148.6525,0.000000
_1742_,VSS,Metal1,316.7225,157.0760,0.000000
_1741_,VSS,Metal1,332.3175,149.2360,0.000000
_1740_,VSS,Metal1,350.8700,156.4180,0.000000
_1739_,VSS,Metal1,340.8025,156.5235,0.000000
_1738_,VSS,Metal1,314.4825,149.2360,0.000000
_1737_,VSS,Metal1,318.2500,149.3390,0.000000
_1736_,VSS,Metal1,338.0025,180.0435,0.000000
_1735_,VSS,Metal1,343.4065,125.7950,0.000000
_1734_,VSS,Metal1,327.7800,117.8335,0.000000
_1733_,VSS,Metal1,338.6730,125.0850,0.000000
_1732_,VSS,Metal1,327.4200,125.1325,0.000000
_1731_,VSS,Metal1,343.5175,125.1635,0.000000
_1730_,VSS,Metal1,338.1065,118.0390,0.000000
_1729_,VSS,Metal1,322.9575,117.2800,0.000000
_1728_,VSS,Metal1,319.1575,117.9335,0.000000
_1727_,VSS,Metal1,358.4165,125.8710,0.000000
_1726_,VSS,Metal1,311.6825,125.7160,0.000000
_1725_,VSS,Metal1,317.0930,125.8790,0.000000
_1724_,VSS,Metal1,315.6025,125.1635,0.000000
_1723_,VSS,Metal1,361.3265,117.9550,0.000000
_1722_,VSS,Metal1,367.6500,117.3350,0.000000
_1721_,VSS,Metal1,357.5965,94.4515,0.000378
_1720_,VSS,Metal1,338.0775,93.7600,0.000378
_1719_,VSS,Metal1,326.8025,101.6435,0.000000
_1718_,VSS,Metal1,345.9530,101.5650,0.000000
_1717_,VSS,Metal1,323.5800,93.8460,0.000378
_1716_,VSS,Metal1,343.5230,86.6115,0.000000
_1715_,VSS,Metal1,361.5225,117.3235,0.000000
_1714_,VSS,Metal1,357.4600,117.9350,0.000000
_1713_,VSS,Metal1,302.7225,110.0360,0.000000
_1712_,VSS,Metal1,298.8025,110.0360,0.000000
_1711_,VSS,Metal1,366.2565,94.5110,0.000378
_1710_,VSS,Metal1,328.9575,93.8035,0.000378
_1709_,VSS,Metal1,334.6425,93.8035,0.000378
_1708_,VSS,Metal1,361.5225,93.8035,0.000378
_1707_,VSS,Metal1,353.9365,70.9910,0.000001
_1706_,VSS,Metal1,352.9075,93.8035,0.000378
_1705_,VSS,Metal1,331.3400,63.0275,0.000000
_1704_,VSS,Metal1,322.9575,62.4000,0.000000
_1703_,VSS,Metal1,323.2465,63.0750,0.000000
_1702_,VSS,Metal1,347.4375,85.9635,0.000000
_1701_,VSS,Metal1,326.2425,86.5160,0.000000
_1700_,VSS,Metal1,347.2165,63.1510,0.000000
_1699_,VSS,Metal1,315.6025,62.9960,0.000000
_1698_,VSS,Metal1,308.8825,62.4435,0.000000
_1697_,VSS,Metal1,319.0665,63.1590,0.000000
_1696_,VSS,Metal1,346.4025,55.1560,0.000003
_1695_,VSS,Metal1,329.8565,39.6310,0.000000
_1694_,VSS,Metal1,343.1175,47.3600,0.000001
_1693_,VSS,Metal1,344.6375,46.7635,0.000001
_1692_,VSS,Metal1,357.1800,38.9025,0.000000
_1691_,VSS,Metal1,322.3225,46.7635,0.000001
_1690_,VSS,Metal1,325.1225,46.7635,0.000001
_1689_,VSS,Metal1,318.5065,46.6005,0.000001
_1688_,VSS,Metal1,361.7765,39.6310,0.000000
_1687_,VSS,Metal1,362.6425,38.9235,0.000000
_1686_,VSS,Metal1,347.9975,39.4760,0.000000
_1685_,VSS,Metal1,411.9225,454.4435,0.000000
_1684_,VSS,Metal1,407.2200,454.4225,0.000000
_1683_,VSS,Metal1,403.5225,454.4435,0.000000
_1682_,VSS,Metal1,384.4500,454.4550,0.000000
_1681_,VSS,Metal1,384.4700,447.2615,0.000000
_1680_,VSS,Metal1,406.9400,447.1875,0.000000
_1679_,VSS,Metal1,397.4665,439.4790,0.000000
_1678_,VSS,Metal1,395.2330,430.8450,0.000000
_1677_,VSS,Metal1,409.7500,430.8205,0.000000
_1676_,VSS,Metal1,420.3225,431.4760,0.000000
_1675_,VSS,Metal1,413.3800,430.9025,0.000000
_1674_,VSS,Metal1,418.0825,430.9235,0.000000
_1673_,VSS,Metal1,413.1000,423.0525,0.000000
_1672_,VSS,Metal1,388.9500,431.5815,0.000000
_1671_,VSS,Metal1,395.6700,431.5815,0.000000
_1670_,VSS,Metal1,392.9865,438.6005,0.000000
_1669_,VSS,Metal1,418.6300,415.1380,0.000000
_1668_,VSS,Metal1,412.0330,383.8050,0.000000
_1667_,VSS,Metal1,406.8825,376.5960,0.000000
_1666_,VSS,Metal1,400.7225,383.8835,0.000000
_1665_,VSS,Metal1,405.9200,383.8125,0.000000
_1664_,VSS,Metal1,402.9500,415.1380,0.000000
_1663_,VSS,Metal1,396.8025,415.2435,0.000000
_1662_,VSS,Metal1,411.6165,399.4085,0.000000
_1661_,VSS,Metal1,401.6900,391.6205,0.000000
_1660_,VSS,Metal1,406.2375,391.7235,0.000000
_1659_,VSS,Metal1,416.7665,383.8050,0.000000
_1658_,VSS,Metal1,421.9900,375.9380,0.000000
_1657_,VSS,Metal1,387.2700,376.7015,0.000000
_1656_,VSS,Metal1,386.8265,375.8805,0.000000
_1655_,VSS,Metal1,415.3400,353.1075,0.000000
_1654_,VSS,Metal1,401.5430,353.1805,0.000000
_1653_,VSS,Metal1,403.2530,337.4930,0.000000
_1652_,VSS,Metal1,416.2500,336.7405,0.000000
_1651_,VSS,Metal1,410.4065,336.7750,0.000000
_1650_,VSS,Metal1,419.7500,352.4180,0.000000
_1649_,VSS,Metal1,417.3265,344.6050,0.000000
_1648_,VSS,Metal1,395.1100,360.2580,0.000000
_1647_,VSS,Metal1,401.3865,360.2005,0.000000
_1646_,VSS,Metal1,397.3625,353.0760,0.000000
_1645_,VSS,Metal1,421.9900,336.7380,0.000000
_1644_,VSS,Metal1,390.6300,336.7380,0.000000
_1643_,VSS,Metal1,392.3100,337.5015,0.000000
_1642_,VSS,Metal1,391.8665,344.5205,0.000000
_1641_,VSS,Metal1,416.6000,329.5910,0.000000
_1640_,VSS,Metal1,409.4675,306.0360,0.000000
_1639_,VSS,Metal1,405.2025,313.3235,0.000000
_1638_,VSS,Metal1,403.3000,305.9935,0.000000
_1637_,VSS,Metal1,421.6965,305.3285,0.000000
_1636_,VSS,Metal1,406.1700,305.3805,0.000000
_1635_,VSS,Metal1,407.3575,306.0360,0.000000
_1634_,VSS,Metal1,424.0465,298.2750,0.000000
_1633_,VSS,Metal1,424.2300,282.6215,0.000000
_1632_,VSS,Metal1,423.7930,281.8850,0.000000
_1631_,VSS,Metal1,419.2500,281.9735,0.000000
_1630_,VSS,Metal1,427.1530,180.6750,0.000000
_1629_,VSS,Metal1,424.5875,187.8835,0.000000
_1628_,VSS,Metal1,411.9975,227.6800,0.000000
_1627_,VSS,Metal1,415.3575,234.8800,0.000000
_1626_,VSS,Metal1,410.8025,266.8360,0.000000
_1625_,VSS,Metal1,407.2200,266.3260,0.000000
_1624_,VSS,Metal1,395.6500,306.0250,0.000000
_1623_,VSS,Metal1,401.6530,305.3205,0.000000
_1622_,VSS,Metal1,423.6500,258.4550,0.000000
_1621_,VSS,Metal1,421.8065,250.5250,0.000000
_1620_,VSS,Metal1,409.6500,274.6650,0.000000
_1619_,VSS,Metal1,406.8825,266.8360,0.000000
_1618_,VSS,Metal1,425.7265,234.8450,0.000000
_1617_,VSS,Metal1,421.3100,234.9335,0.000000
_1616_,VSS,Metal1,421.8065,235.5550,0.000000
_1615_,VSS,Metal1,422.3400,203.5425,0.000000
_1614_,VSS,Metal1,414.7225,204.1160,0.000000
_1613_,VSS,Metal1,404.5000,219.8550,0.000000
_1612_,VSS,Metal1,398.4030,204.2115,0.000000
_1611_,VSS,Metal1,404.0500,250.6150,0.000000
_1610_,VSS,Metal1,408.6665,251.3190,0.000000
_1609_,VSS,Metal1,413.8565,203.4085,0.000000
_1608_,VSS,Metal1,415.3400,196.3075,0.000000
_1607_,VSS,Metal1,425.9165,179.9480,0.000000
_1606_,VSS,Metal1,430.3175,180.0435,0.000000
_1605_,VSS,Metal1,407.3000,172.1725,0.000000
_1604_,VSS,Metal1,420.1800,179.9850,0.000000
_1603_,VSS,Metal1,406.4865,172.8250,0.000000
_1602_,VSS,Metal1,405.3400,149.1935,0.000000
_1601_,VSS,Metal1,401.9800,157.0335,0.000000
_1600_,VSS,Metal1,426.8900,172.1005,0.000000
_1599_,VSS,Metal1,401.8425,172.7560,0.000000
_1598_,VSS,Metal1,400.6430,149.3315,0.000000
_1597_,VSS,Metal1,408.5565,165.0115,0.000000
_1596_,VSS,Metal1,430.8775,94.3560,0.000378
_1595_,VSS,Metal1,426.5930,94.4350,0.000378
_1594_,VSS,Metal1,411.4730,86.5950,0.000000
_1593_,VSS,Metal1,427.7065,102.3590,0.000000
_1592_,VSS,Metal1,425.7075,93.8035,0.000378
_1591_,VSS,Metal1,422.7200,78.7475,0.000000
_1590_,VSS,Metal1,407.9230,78.0280,0.000000
_1589_,VSS,Metal1,423.7500,78.0205,0.000000
_1588_,VSS,Metal1,407.9965,78.7715,0.000000
_1587_,VSS,Metal1,427.0900,101.6535,0.000000
_1586_,VSS,Metal1,424.1630,117.9715,0.000000
_1585_,VSS,Metal1,426.5865,117.1605,0.000000
_1584_,VSS,Metal1,422.4830,117.2280,0.000000
_1583_,VSS,Metal1,419.2600,54.5725,0.000003
_1582_,VSS,Metal1,416.5400,46.8060,0.000001
_1581_,VSS,Metal1,418.9030,30.9790,0.000180
_1580_,VSS,Metal1,413.5965,54.5080,0.000003
_1579_,VSS,Metal1,400.7225,203.5635,0.000000
_1578_,VSS,Metal1,396.9065,203.4005,0.000000
_1577_,VSS,Metal1,405.0500,226.9805,0.000000
_1576_,VSS,Metal1,408.0025,204.1160,0.000000
_1575_,VSS,Metal1,67.5225,447.1560,-0.000000
_1574_,VSS,Metal1,64.3265,446.5350,-0.000000
_1573_,VSS,Metal1,70.1800,446.5725,-0.000000
_1572_,VSS,Metal1,58.9330,415.9590,0.000000
_1571_,VSS,Metal1,60.6130,423.7990,0.000000
_1570_,VSS,Metal1,64.6375,423.6360,0.000000
_1569_,VSS,Metal1,63.1530,415.8750,0.000000
_1568_,VSS,Metal1,58.5500,399.4580,0.000000
_1567_,VSS,Metal1,63.1465,375.8805,0.000000
_1566_,VSS,Metal1,57.7875,384.4360,-0.000000
_1565_,VSS,Metal1,57.0400,376.6675,0.000000
_1564_,VSS,Metal1,59.2330,375.9650,0.000000
_1563_,VSS,Metal1,42.8100,375.9380,0.000000
_1562_,VSS,Metal1,24.2130,353.2390,0.000000
_1561_,VSS,Metal1,29.1625,336.7860,0.000000
_1560_,VSS,Metal1,24.5065,345.3990,0.000000
_1559_,VSS,Metal1,20.2930,329.7190,0.000000
_1558_,VSS,Metal1,25.2425,321.1060,0.000000
_1557_,VSS,Metal1,23.9530,329.6350,0.000000
_1556_,VSS,Metal1,19.4730,306.1150,0.000000
_1555_,VSS,Metal1,23.8900,306.0260,0.000000
_1554_,VSS,Metal1,23.9530,298.2750,0.000000
_1553_,VSS,Metal1,19.2900,282.6215,0.000000
_1552_,VSS,Metal1,37.9530,219.1650,0.000000
_1551_,VSS,Metal1,30.8425,196.3335,0.000000
_1550_,VSS,Metal1,34.7625,219.8535,0.000000
_1549_,VSS,Metal1,41.3065,226.9205,0.000000
_1548_,VSS,Metal1,41.8665,242.6005,0.000000
_1547_,VSS,Metal1,38.0375,250.5460,0.000000
_1546_,VSS,Metal1,38.5130,243.3950,0.000000
_1545_,VSS,Metal1,16.6730,251.2350,0.000000
_1544_,VSS,Metal1,22.7700,250.6135,0.000000
_1543_,VSS,Metal1,21.1530,251.2350,0.000000
_1542_,VSS,Metal1,17.0500,235.5815,0.000000
_1541_,VSS,Metal1,16.3730,204.2790,0.000000
_1540_,VSS,Metal1,29.7225,195.6660,0.000000
_1539_,VSS,Metal1,20.5865,204.2790,0.000000
_1538_,VSS,Metal1,17.4930,187.7205,0.000000
_1537_,VSS,Metal1,31.9625,179.9860,0.000000
_1536_,VSS,Metal1,25.0730,187.8050,0.000000
_1535_,VSS,Metal1,26.1930,164.2850,0.000000
_1534_,VSS,Metal1,31.7300,172.2135,0.000000
_1533_,VSS,Metal1,30.6730,164.2850,0.000000
_1532_,VSS,Metal1,17.0500,149.3415,0.000000
_1531_,VSS,Metal1,17.7865,125.8790,0.000000
_1530_,VSS,Metal1,25.1465,125.0665,0.000000
_1529_,VSS,Metal1,25.0730,117.2450,0.000000
_1528_,VSS,Metal1,19.2900,109.3780,0.000000
_1527_,VSS,Metal1,37.8100,85.9750,0.000001
_1526_,VSS,Metal1,22.5625,85.9200,0.000001
_1525_,VSS,Metal1,22.3575,86.5735,0.000001
_1524_,VSS,Metal1,18.7500,70.8250,0.000001
_1523_,VSS,Metal1,32.0275,85.9635,0.000001
_1522_,VSS,Metal1,18.1700,47.4215,0.000001
_1521_,VSS,Metal1,19.8375,78.1235,0.000001
_1520_,VSS,Metal1,36.1300,54.6150,0.000008
_1519_,VSS,Metal1,31.4025,31.6935,0.000255
_1518_,VSS,Metal1,39.4900,31.0950,0.000273
_1517_,VSS,Metal1,32.5875,31.0835,0.000255
_1516_,VSS,Metal1,35.0425,23.7960,0.000386
_1515_,VSS,Metal1,107.8425,446.6035,0.000000
_1514_,VSS,Metal1,102.1000,447.1875,0.000000
_1513_,VSS,Metal1,104.6200,446.5825,0.000000
_1512_,VSS,Metal1,109.4500,447.2615,0.000000
_1511_,VSS,Metal1,106.1100,454.4550,0.000000
_1510_,VSS,Metal1,89.9225,446.6035,-0.000000
_1509_,VSS,Metal1,94.2700,446.6135,-0.000000
_1508_,VSS,Metal1,89.1475,430.9235,0.000000
_1507_,VSS,Metal1,97.3130,408.0350,0.000000
_1506_,VSS,Metal1,95.9400,415.1850,0.000000
_1505_,VSS,Metal1,91.8930,415.1465,0.000000
_1504_,VSS,Metal1,114.5625,423.0835,0.000000
_1503_,VSS,Metal1,109.8600,423.0625,0.000000
_1502_,VSS,Metal1,91.6600,415.8275,0.000000
_1501_,VSS,Metal1,93.0865,408.0350,0.000000
_1500_,VSS,Metal1,89.9225,423.6360,0.000000
_1499_,VSS,Metal1,96.5100,430.9335,0.000000
_1498_,VSS,Metal1,83.7625,423.6360,0.000000
_1497_,VSS,Metal1,82.4900,430.8205,0.000000
_1496_,VSS,Metal1,112.5765,400.2710,0.000000
_1495_,VSS,Metal1,112.3225,423.6360,0.000000
_1494_,VSS,Metal1,87.5500,407.9460,0.000000
_1493_,VSS,Metal1,112.4265,415.9590,0.000000
_1492_,VSS,Metal1,97.2025,399.5635,0.000000
_1491_,VSS,Metal1,98.1265,384.5150,-0.000000
_1490_,VSS,Metal1,93.8425,384.4360,-0.000000
_1489_,VSS,Metal1,93.3300,391.7335,0.000000
_1488_,VSS,Metal1,91.9475,376.5960,0.000000
_1487_,VSS,Metal1,93.7000,353.1075,0.000000
_1486_,VSS,Metal1,95.2425,368.8135,0.000000
_1485_,VSS,Metal1,114.8165,375.8885,0.000000
_1484_,VSS,Metal1,110.1400,360.9475,0.000000
_1483_,VSS,Metal1,97.6775,383.8835,-0.000000
_1482_,VSS,Metal1,97.8300,376.6990,0.000000
_1481_,VSS,Metal1,112.3100,360.2580,0.000000
_1480_,VSS,Metal1,102.8025,360.9160,0.000000
_1479_,VSS,Metal1,96.6425,368.2035,0.000000
_1478_,VSS,Metal1,93.1300,368.1005,0.000000
_1477_,VSS,Metal1,94.4600,344.6525,0.000000
_1476_,VSS,Metal1,91.9665,345.3150,0.000000
_1475_,VSS,Metal1,71.2275,344.6835,0.000000
_1474_,VSS,Metal1,72.7200,345.3075,0.000000
_1473_,VSS,Metal1,60.3800,344.6625,0.000000
_1472_,VSS,Metal1,68.1575,321.7600,0.000000
_1471_,VSS,Metal1,90.5930,344.6050,0.000000
_1470_,VSS,Metal1,91.4600,337.4550,0.000000
_1469_,VSS,Metal1,86.8530,321.8130,0.000000
_1468_,VSS,Metal1,70.8825,329.5560,0.000000
_1467_,VSS,Metal1,50.6500,344.5780,0.000000
_1466_,VSS,Metal1,51.1975,329.5560,0.000000
_1465_,VSS,Metal1,61.8500,345.3415,0.000000
_1464_,VSS,Metal1,67.5225,345.2360,0.000000
_1463_,VSS,Metal1,51.2300,313.3350,0.000000
_1462_,VSS,Metal1,64.3000,321.1425,0.000000
_1461_,VSS,Metal1,50.1500,321.8215,0.000000
_1460_,VSS,Metal1,49.0425,321.1635,0.000000
_1459_,VSS,Metal1,62.2600,313.3660,0.000000
_1458_,VSS,Metal1,74.1575,306.0360,0.000000
_1457_,VSS,Metal1,94.3900,313.2180,0.000000
_1456_,VSS,Metal1,74.2425,313.3235,0.000000
_1455_,VSS,Metal1,68.6425,305.4835,0.000000
_1454_,VSS,Metal1,68.4900,306.1390,0.000000
_1453_,VSS,Metal1,89.1665,313.2450,0.000000
_1452_,VSS,Metal1,99.9900,329.6615,0.000000
_1451_,VSS,Metal1,89.4730,306.1150,0.000000
_1450_,VSS,Metal1,92.7225,306.0360,0.000000
_1449_,VSS,Metal1,87.1225,298.1960,0.000000
_1448_,VSS,Metal1,89.2100,305.3805,0.000000
_1447_,VSS,Metal1,88.2425,337.3960,0.000000
_1446_,VSS,Metal1,92.0300,336.8535,0.000000
_1445_,VSS,Metal1,73.1225,219.7960,0.000000
_1444_,VSS,Metal1,69.5900,219.9475,0.000000
_1443_,VSS,Metal1,72.9265,282.5950,0.000000
_1442_,VSS,Metal1,58.6200,282.5475,0.000000
_1441_,VSS,Metal1,69.8200,235.5075,0.000000
_1440_,VSS,Metal1,74.8775,235.5200,0.000000
_1439_,VSS,Metal1,69.6200,281.9050,0.000000
_1438_,VSS,Metal1,63.6025,274.1235,0.000000
_1437_,VSS,Metal1,50.6500,274.0180,0.000000
_1436_,VSS,Metal1,55.1175,266.8360,0.000000
_1435_,VSS,Metal1,52.8900,274.7815,0.000000
_1434_,VSS,Metal1,56.3225,281.9635,0.000000
_1433_,VSS,Metal1,55.3065,282.6790,0.000000
_1432_,VSS,Metal1,79.8100,274.1350,0.000000
_1431_,VSS,Metal1,71.7800,259.0175,0.000000
_1430_,VSS,Metal1,79.0600,258.9535,0.000000
_1429_,VSS,Metal1,73.5975,242.7635,0.000000
_1428_,VSS,Metal1,75.9225,242.7635,0.000000
_1427_,VSS,Metal1,61.9100,266.9415,0.000000
_1426_,VSS,Metal1,56.8825,266.8360,0.000000
_1425_,VSS,Metal1,93.9040,251.3040,0.000000
_1424_,VSS,Metal1,95.3265,250.5250,0.000000
_1423_,VSS,Metal1,75.8375,250.6035,0.000000
_1422_,VSS,Metal1,75.4300,258.3405,0.000000
_1421_,VSS,Metal1,93.8100,219.7850,0.000000
_1420_,VSS,Metal1,88.3530,227.0050,0.000000
_1419_,VSS,Metal1,89.3625,234.9235,0.000000
_1418_,VSS,Metal1,93.9100,235.5790,0.000000
_1417_,VSS,Metal1,90.3975,235.4760,0.000000
_1416_,VSS,Metal1,86.0025,219.7960,0.000000
_1415_,VSS,Metal1,67.8865,203.4850,0.000000
_1414_,VSS,Metal1,59.6825,203.5635,0.000000
_1413_,VSS,Metal1,56.6600,196.2975,0.000000
_1412_,VSS,Metal1,74.2425,219.2435,0.000000
_1411_,VSS,Metal1,69.3065,219.0805,0.000000
_1410_,VSS,Metal1,63.6025,204.1160,0.000000
_1409_,VSS,Metal1,53.0665,196.4390,0.000000
_1408_,VSS,Metal1,55.5400,195.7660,0.000000
_1407_,VSS,Metal1,86.8165,196.4310,0.000000
_1406_,VSS,Metal1,63.5175,203.5635,0.000000
_1405_,VSS,Metal1,90.9000,188.4675,0.000000
_1404_,VSS,Metal1,91.6640,180.7440,0.000000
_1403_,VSS,Metal1,91.0425,187.8835,0.000000
_1402_,VSS,Metal1,50.0300,195.7335,0.000000
_1401_,VSS,Metal1,88.3465,187.7205,0.000000
_1400_,VSS,Metal1,74.0465,187.8050,0.000000
_1399_,VSS,Metal1,60.8025,172.7560,0.000000
_1398_,VSS,Metal1,58.7000,164.9375,0.000000
_1397_,VSS,Metal1,70.1800,187.8250,0.000000
_1396_,VSS,Metal1,61.9975,164.9600,0.000000
_1395_,VSS,Metal1,78.4165,164.2085,0.000000
_1394_,VSS,Metal1,58.5625,172.2035,0.000000
_1393_,VSS,Metal1,58.4100,164.2605,0.000000
_1392_,VSS,Metal1,74.2425,157.0760,0.000000
_1391_,VSS,Metal1,67.7765,140.6885,0.000000
_1390_,VSS,Metal1,68.9875,164.3635,0.000000
_1389_,VSS,Metal1,61.2100,157.1790,0.000000
_1388_,VSS,Metal1,63.0425,156.5235,0.000000
_1387_,VSS,Metal1,62.5400,86.5475,0.000001
_1386_,VSS,Metal1,60.0465,94.4350,0.000131
_1385_,VSS,Metal1,47.9225,109.4835,0.000000
_1384_,VSS,Metal1,45.8200,110.0575,0.000000
_1383_,VSS,Metal1,59.8125,86.5160,0.000001
_1382_,VSS,Metal1,65.3930,85.8850,0.000001
_1381_,VSS,Metal1,71.2200,86.0060,0.000001
_1380_,VSS,Metal1,57.0665,110.1330,0.000000
_1379_,VSS,Metal1,49.1800,117.3660,0.000000
_1378_,VSS,Metal1,36.4165,133.7110,0.000119
_1377_,VSS,Metal1,40.0825,110.0360,0.000000
_1376_,VSS,Metal1,48.9100,117.8660,0.000000
_1375_,VSS,Metal1,63.4065,117.9550,0.000000
_1374_,VSS,Metal1,78.4165,117.1685,0.000000
_1373_,VSS,Metal1,88.0465,94.4350,0.000143
_1372_,VSS,Metal1,81.6330,93.7250,0.000131
_1371_,VSS,Metal1,88.7965,93.7080,0.000143
_1370_,VSS,Metal1,61.9700,110.0260,0.000000
_1369_,VSS,Metal1,62.3300,117.2205,0.000000
_1368_,VSS,Metal1,100.2565,93.6485,0.000144
_1367_,VSS,Metal1,72.0025,86.5160,0.000001
_1366_,VSS,Metal1,88.0530,86.6790,0.000001
_1365_,VSS,Metal1,94.9625,86.5160,0.000001
_1364_,VSS,Metal1,101.9365,70.1285,0.000001
_1363_,VSS,Metal1,92.2925,70.8360,0.000001
_1362_,VSS,Metal1,89.7700,70.1805,0.000001
_1361_,VSS,Metal1,87.6825,70.8360,0.000001
_1360_,VSS,Metal1,69.0065,55.2350,0.000007
_1359_,VSS,Metal1,72.9265,62.3650,0.000000
_1358_,VSS,Metal1,64.1625,54.6035,0.000007
_1357_,VSS,Metal1,61.5000,54.5825,0.000007
_1356_,VSS,Metal1,79.8100,54.6150,0.000007
_1355_,VSS,Metal1,61.3500,55.2615,0.000007
_1354_,VSS,Metal1,68.1865,63.1590,0.000000
_1353_,VSS,Metal1,62.4825,62.4435,0.000000
_1352_,VSS,Metal1,71.2465,54.5250,0.000007
_1351_,VSS,Metal1,72.8165,30.9285,0.000306
_1350_,VSS,Metal1,69.9765,23.9005,0.000389
_1349_,VSS,Metal1,74.8025,23.7960,0.000389
_1348_,VSS,Metal1,101.8200,31.0625,0.000324
_1347_,VSS,Metal1,68.1865,31.7990,0.000306
_1346_,VSS,Metal1,64.5900,31.0935,0.000285
_1345_,VSS,Metal1,106.7840,23.0960,0.000421
_1344_,VSS,Metal1,108.9625,31.0835,0.000329
_1343_,VSS,Metal1,94.3175,31.0835,0.000308
_1342_,VSS,Metal1,174.5865,447.3190,0.000000
_1341_,VSS,Metal1,165.3800,454.3850,0.000000
_1340_,VSS,Metal1,160.3400,446.5725,0.000000
_1339_,VSS,Metal1,170.3200,446.5325,0.000000
_1338_,VSS,Metal1,170.9265,447.2350,0.000000
_1337_,VSS,Metal1,163.8100,447.1450,0.000000
_1336_,VSS,Metal1,176.0300,446.6135,0.000000
_1335_,VSS,Metal1,172.5800,430.9025,0.000000
_1334_,VSS,Metal1,157.1225,439.3160,0.000000
_1333_,VSS,Metal1,154.7400,446.5450,0.000000
_1332_,VSS,Metal1,151.8130,415.8930,0.000000
_1331_,VSS,Metal1,172.2425,423.0835,0.000000
_1330_,VSS,Metal1,150.1200,423.0485,0.000000
_1329_,VSS,Metal1,146.2865,423.0050,0.000000
_1328_,VSS,Metal1,169.4425,415.7960,0.000000
_1327_,VSS,Metal1,164.2600,415.8275,0.000000
_1326_,VSS,Metal1,177.7700,423.7415,0.000000
_1325_,VSS,Metal1,174.3975,438.7635,0.000000
_1324_,VSS,Metal1,173.0565,400.2710,0.000000
_1323_,VSS,Metal1,168.2375,415.2435,0.000000
_1322_,VSS,Metal1,147.4700,415.7860,0.000000
_1321_,VSS,Metal1,148.8265,415.0805,0.000000
_1320_,VSS,Metal1,146.5400,392.3075,0.000000
_1319_,VSS,Metal1,151.6330,392.3550,0.000000
_1318_,VSS,Metal1,151.5225,391.7235,0.000000
_1317_,VSS,Metal1,148.2100,391.7335,0.000000
_1316_,VSS,Metal1,146.2675,376.5960,0.000000
_1315_,VSS,Metal1,149.1400,399.5050,0.000000
_1314_,VSS,Metal1,149.6275,383.8835,-0.000000
_1313_,VSS,Metal1,170.6240,384.5840,0.000000
_1312_,VSS,Metal1,146.4825,384.4360,-0.000000
_1311_,VSS,Metal1,145.7700,383.7805,-0.000000
_1310_,VSS,Metal1,167.0065,375.9650,0.000000
_1309_,VSS,Metal1,166.6300,368.8615,0.000000
_1308_,VSS,Metal1,154.6930,368.0405,0.000000
_1307_,VSS,Metal1,150.8300,368.2135,0.000000
_1306_,VSS,Metal1,146.8530,368.0405,0.000000
_1305_,VSS,Metal1,145.7800,344.6525,0.000000
_1304_,VSS,Metal1,147.1530,337.4750,0.000000
_1303_,VSS,Metal1,152.7725,337.3960,0.000000
_1302_,VSS,Metal1,151.8400,344.6125,0.000000
_1301_,VSS,Metal1,165.3075,337.3960,0.000000
_1300_,VSS,Metal1,140.8825,336.8435,0.000000
_1299_,VSS,Metal1,140.6675,337.3960,0.000000
_1298_,VSS,Metal1,137.1200,337.4675,0.000000
_1297_,VSS,Metal1,170.2825,337.4535,0.000000
_1296_,VSS,Metal1,180.8965,352.3685,0.000000
_1295_,VSS,Metal1,180.1400,337.4275,0.000000
_1294_,VSS,Metal1,167.6775,345.2360,0.000000
_1293_,VSS,Metal1,171.1900,345.3390,0.000000
_1292_,VSS,Metal1,187.3500,336.7380,0.000000
_1291_,VSS,Metal1,135.9530,336.7650,0.000000
_1290_,VSS,Metal1,131.2300,336.8535,0.000000
_1289_,VSS,Metal1,131.1665,313.9550,0.000000
_1288_,VSS,Metal1,178.9625,336.8435,0.000000
_1287_,VSS,Metal1,172.1575,336.8435,0.000000
_1286_,VSS,Metal1,170.9700,329.6590,0.000000
_1285_,VSS,Metal1,141.4300,313.2180,0.000000
_1284_,VSS,Metal1,125.7500,306.1415,0.000000
_1283_,VSS,Metal1,126.3225,313.3235,0.000000
_1282_,VSS,Metal1,127.2530,305.3205,0.000000
_1281_,VSS,Metal1,141.9175,306.0360,0.000000
_1280_,VSS,Metal1,148.1500,313.2180,0.000000
_1279_,VSS,Metal1,140.8825,313.8760,0.000000
_1278_,VSS,Metal1,137.5800,227.6675,0.000000
_1277_,VSS,Metal1,137.8865,242.6850,0.000000
_1276_,VSS,Metal1,126.9575,227.6800,0.000000
_1275_,VSS,Metal1,129.3175,234.8660,0.000000
_1274_,VSS,Metal1,131.2200,243.3475,0.000000
_1273_,VSS,Metal1,133.9665,227.7150,0.000000
_1272_,VSS,Metal1,130.9400,266.3260,0.000000
_1271_,VSS,Metal1,130.6065,251.2350,0.000000
_1270_,VSS,Metal1,126.3225,243.3160,0.000000
_1269_,VSS,Metal1,126.7500,235.4660,0.000000
_1268_,VSS,Metal1,140.9400,219.2125,0.000000
_1267_,VSS,Metal1,130.7965,211.3080,0.000000
_1266_,VSS,Metal1,126.9575,274.0800,0.000000
_1265_,VSS,Metal1,124.3625,266.8935,0.000000
_1264_,VSS,Metal1,126.9930,259.0750,0.000000
_1263_,VSS,Metal1,129.0430,282.6115,0.000000
_1262_,VSS,Metal1,131.8500,313.2180,0.000000
_1261_,VSS,Metal1,132.3975,306.0360,0.000000
_1260_,VSS,Metal1,151.4375,289.8035,0.000000
_1259_,VSS,Metal1,153.2600,282.5475,0.000000
_1258_,VSS,Metal1,148.5265,282.5950,0.000000
_1257_,VSS,Metal1,151.9975,281.9635,0.000000
_1256_,VSS,Metal1,154.3800,281.9325,0.000000
_1255_,VSS,Metal1,124.6425,282.5160,0.000000
_1254_,VSS,Metal1,120.7225,289.8035,0.000000
_1253_,VSS,Metal1,118.8900,282.6190,0.000000
_1252_,VSS,Metal1,122.5065,281.8005,0.000000
_1251_,VSS,Metal1,160.4700,282.6215,0.000000
_1250_,VSS,Metal1,151.5225,274.6760,0.000000
_1249_,VSS,Metal1,142.0025,274.6760,0.000000
_1248_,VSS,Metal1,146.8900,274.0205,0.000000
_1247_,VSS,Metal1,154.9930,250.5250,0.000000
_1246_,VSS,Metal1,154.7975,258.4435,0.000000
_1245_,VSS,Metal1,156.0500,251.1460,0.000000
_1244_,VSS,Metal1,160.3975,243.3160,0.000000
_1243_,VSS,Metal1,159.6425,250.5460,0.000000
_1242_,VSS,Metal1,176.4165,251.3110,0.000000
_1241_,VSS,Metal1,165.5225,234.9235,0.000000
_1240_,VSS,Metal1,158.9400,219.8175,0.000000
_1239_,VSS,Metal1,166.5575,251.1560,0.000000
_1238_,VSS,Metal1,167.2700,258.3405,0.000000
_1237_,VSS,Metal1,172.4965,226.9285,0.000000
_1236_,VSS,Metal1,162.6375,227.0835,0.000000
_1235_,VSS,Metal1,165.5900,227.7390,0.000000
_1234_,VSS,Metal1,156.4200,219.2125,0.000000
_1233_,VSS,Metal1,142.0775,203.5200,0.000000
_1232_,VSS,Metal1,120.4530,187.7865,0.000000
_1231_,VSS,Metal1,119.7400,188.3935,0.000000
_1230_,VSS,Metal1,139.2025,211.4035,0.000000
_1229_,VSS,Metal1,139.6775,203.5635,0.000000
_1228_,VSS,Metal1,157.3765,196.4310,0.000000
_1227_,VSS,Metal1,149.2825,196.2760,0.000000
_1226_,VSS,Metal1,139.2025,196.2760,0.000000
_1225_,VSS,Metal1,118.3500,195.7335,0.000000
_1224_,VSS,Metal1,121.6900,203.4605,0.000000
_1223_,VSS,Metal1,155.6965,179.8885,0.000000
_1222_,VSS,Metal1,147.6025,195.7235,0.000000
_1221_,VSS,Metal1,143.0375,188.4360,0.000000
_1220_,VSS,Metal1,116.6700,187.8935,0.000000
_1219_,VSS,Metal1,147.6700,188.5390,0.000000
_1218_,VSS,Metal1,140.1265,179.9650,0.000000
_1217_,VSS,Metal1,139.0600,212.0150,0.000000
_1216_,VSS,Metal1,136.8775,172.2035,0.000000
_1215_,VSS,Metal1,137.6600,164.3425,0.000000
_1214_,VSS,Metal1,136.1600,164.9875,0.000000
_1213_,VSS,Metal1,156.8165,149.3910,0.000000
_1212_,VSS,Metal1,141.3575,164.9160,0.000000
_1211_,VSS,Metal1,131.2100,165.0190,0.000000
_1210_,VSS,Metal1,145.7265,148.6050,0.000000
_1209_,VSS,Metal1,148.1500,141.5015,0.000000
_1208_,VSS,Metal1,140.9865,148.5205,0.000000
_1207_,VSS,Metal1,136.2130,141.5590,0.000000
_1206_,VSS,Metal1,140.1900,141.3860,0.000000
_1205_,VSS,Metal1,138.9800,117.8975,0.000000
_1204_,VSS,Metal1,147.4065,117.9550,0.000000
_1203_,VSS,Metal1,135.7000,117.9075,0.000000
_1202_,VSS,Metal1,119.6025,125.1635,0.000000
_1201_,VSS,Metal1,113.4425,125.1635,0.000000
_1200_,VSS,Metal1,134.0100,117.2205,0.000000
_1199_,VSS,Metal1,130.0900,94.4590,0.000164
_1198_,VSS,Metal1,144.0825,117.2800,0.000000
_1197_,VSS,Metal1,147.3225,110.0935,0.000000
_1196_,VSS,Metal1,110.1575,117.9200,0.000000
_1195_,VSS,Metal1,107.6900,141.4990,0.000000
_1194_,VSS,Metal1,107.2765,132.9080,0.000164
_1193_,VSS,Metal1,108.1225,133.6135,0.000164
_1192_,VSS,Metal1,124.6300,110.1415,0.000000
_1191_,VSS,Metal1,116.7175,140.8435,0.000000
_1190_,VSS,Metal1,120.2300,140.7405,0.000000
_1189_,VSS,Metal1,155.9900,117.2180,0.000000
_1188_,VSS,Metal1,109.3075,117.3235,0.000000
_1187_,VSS,Metal1,113.8700,110.0260,0.000000
_1186_,VSS,Metal1,103.9225,117.3235,0.000000
_1185_,VSS,Metal1,102.0900,110.1390,0.000000
_1184_,VSS,Metal1,131.1665,93.7250,0.000164
_1183_,VSS,Metal1,134.0830,86.6115,0.000001
_1182_,VSS,Metal1,157.6700,94.4615,0.000167
_1181_,VSS,Metal1,136.3900,94.4615,0.000166
_1180_,VSS,Metal1,131.7330,101.4805,0.000000
_1179_,VSS,Metal1,150.4025,86.5160,0.000001
_1178_,VSS,Metal1,152.6300,78.7815,0.000001
_1177_,VSS,Metal1,147.0425,86.5160,0.000001
_1176_,VSS,Metal1,140.3100,78.7815,0.000001
_1175_,VSS,Metal1,145.9225,85.9635,0.000001
_1174_,VSS,Metal1,146.5930,62.3650,0.000000
_1173_,VSS,Metal1,140.3800,62.4125,0.000000
_1172_,VSS,Metal1,140.7400,55.2150,0.000004
_1171_,VSS,Metal1,141.9230,54.5080,0.000004
_1170_,VSS,Metal1,170.8165,63.1510,0.000000
_1169_,VSS,Metal1,136.2500,62.3405,0.000000
_1168_,VSS,Metal1,146.5865,55.3190,0.000004
_1167_,VSS,Metal1,169.2465,54.5250,0.000003
_1166_,VSS,Metal1,173.4665,47.4790,0.000001
_1165_,VSS,Metal1,164.8775,55.1560,0.000003
_1164_,VSS,Metal1,166.8565,39.5805,0.000000
_1163_,VSS,Metal1,170.3730,47.4790,0.000001
_1162_,VSS,Metal1,171.7400,31.0525,0.000222
_1161_,VSS,Metal1,166.4200,31.0625,0.000291
_1160_,VSS,Metal1,163.9465,47.4790,0.000001
_1159_,VSS,Metal1,148.0300,46.7735,0.000001
_1158_,VSS,Metal1,147.9730,39.6390,0.000000
_1157_,VSS,Metal1,188.1765,23.0885,0.000588
_1156_,VSS,Metal1,171.7865,23.9590,0.000532
_1155_,VSS,Metal1,171.0375,31.6360,0.000222
_1154_,VSS,Metal1,167.2025,23.7960,0.000531
_1153_,VSS,Metal1,138.5900,447.1450,0.000000
_1152_,VSS,Metal1,40.0500,446.6150,-0.000000
_1151_,VSS,Metal1,37.9175,439.3600,0.000000
_1150_,VSS,Metal1,22.6700,439.3050,0.000000
_1149_,VSS,Metal1,34.2675,446.6035,-0.000000
_1148_,VSS,Metal1,31.1100,422.9780,0.000000
_1147_,VSS,Metal1,29.3575,439.3160,0.000000
_1146_,VSS,Metal1,25.1575,407.3460,0.000000
_1145_,VSS,Metal1,20.2675,400.1160,0.000000
_1144_,VSS,Metal1,28.3225,399.5635,0.000000
_1143_,VSS,Metal1,17.1800,368.8150,0.000000
_1142_,VSS,Metal1,218.0200,438.7050,0.000000
_1141_,VSS,Metal1,224.1800,415.8550,0.000000
_1140_,VSS,Metal1,228.6600,392.3350,0.000000
_1139_,VSS,Metal1,223.0600,375.9850,0.000000
_1138_,VSS,Metal1,231.6600,352.4650,0.000000
_1137_,VSS,Metal1,254.4200,336.7850,0.000000
_1136_,VSS,Metal1,208.5000,313.2650,0.000000
_1135_,VSS,Metal1,219.9000,289.7450,0.000000
_1134_,VSS,Metal1,204.5800,274.0650,0.000000
_1133_,VSS,Metal1,213.5400,250.5450,0.000000
_1132_,VSS,Metal1,223.6200,227.0250,0.000000
_1131_,VSS,Metal1,206.8200,196.3350,0.000000
_1130_,VSS,Metal1,199.1800,180.6550,0.000000
_1129_,VSS,Metal1,237.8200,125.1050,0.000000
_1128_,VSS,Metal1,206.8200,117.2650,0.000000
_1127_,VSS,Metal1,220.8200,93.7450,0.000243
_1126_,VSS,Metal1,220.8200,78.7350,0.000001
_1125_,VSS,Metal1,224.1800,63.0550,0.000000
_1124_,VSS,Metal1,227.5400,39.5350,0.000000
_1123_,VSS,Metal1,306.5000,438.7050,0.000000
_1122_,VSS,Metal1,308.1800,439.3750,0.000000
_1121_,VSS,Metal1,311.7400,415.1850,0.000000
_1120_,VSS,Metal1,315.4600,423.0250,0.000000
_1119_,VSS,Metal1,312.1000,392.3350,0.000000
_1118_,VSS,Metal1,294.7400,376.6550,0.000000
_1117_,VSS,Metal1,303.7000,360.3050,0.000000
_1116_,VSS,Metal1,310.9800,336.7850,0.000000
_1115_,VSS,Metal1,331.9000,305.4250,0.000000
_1114_,VSS,Metal1,311.1800,298.2550,0.000000
_1113_,VSS,Metal1,309.8600,313.2650,0.000000
_1112_,VSS,Metal1,316.5800,259.0550,0.000000
_1111_,VSS,Metal1,318.8200,258.3850,0.000000
_1110_,VSS,Metal1,334.7000,281.9050,0.000000
_1109_,VSS,Metal1,353.1800,281.9050,0.000000
_1108_,VSS,Metal1,302.5800,235.5350,0.000000
_1107_,VSS,Metal1,305.5800,235.5350,0.000000
_1106_,VSS,Metal1,302.5800,212.0150,0.000000
_1105_,VSS,Metal1,299.2200,212.0150,0.000000
_1104_,VSS,Metal1,317.7000,179.9850,0.000000
_1103_,VSS,Metal1,312.1000,179.9850,0.000000
_1102_,VSS,Metal1,297.5400,188.4950,0.000000
_1101_,VSS,Metal1,299.2200,196.3350,0.000000
_1100_,VSS,Metal1,323.3000,156.4650,0.000000
_1099_,VSS,Metal1,311.5400,156.4650,0.000000
_1098_,VSS,Metal1,307.0600,149.2950,0.000000
_1097_,VSS,Metal1,309.3000,125.7750,0.000000
_1096_,VSS,Metal1,313.7800,132.9450,0.000225
_1095_,VSS,Metal1,301.6600,117.2650,0.000000
_1094_,VSS,Metal1,306.1400,110.0950,0.000000
_1093_,VSS,Metal1,324.6200,86.5750,0.000000
_1092_,VSS,Metal1,343.1000,93.7450,0.000378
_1091_,VSS,Metal1,321.6200,86.5750,0.000000
_1090_,VSS,Metal1,333.9400,78.7350,0.000000
_1089_,VSS,Metal1,310.9800,63.0550,0.000000
_1088_,VSS,Metal1,308.1800,63.0550,0.000000
_1087_,VSS,Metal1,321.8200,39.5350,0.000000
_1086_,VSS,Metal1,318.8200,39.5350,0.000000
_1085_,VSS,Metal1,358.7800,31.0250,0.000180
_1084_,VSS,Metal1,338.9800,31.0250,0.000180
_1083_,VSS,Metal1,388.2600,430.8650,0.000000
_1082_,VSS,Metal1,399.1000,415.8550,0.000000
_1081_,VSS,Metal1,400.5800,392.3350,0.000000
_1080_,VSS,Metal1,375.3800,376.6550,0.000000
_1079_,VSS,Metal1,394.9800,353.1350,0.000000
_1078_,VSS,Metal1,387.7000,337.4550,0.000000
_1077_,VSS,Metal1,404.1400,298.2550,0.000000
_1076_,VSS,Metal1,395.5400,305.4250,0.000000
_1075_,VSS,Metal1,403.3800,274.0650,0.000000
_1074_,VSS,Metal1,403.9400,251.2150,0.000000
_1073_,VSS,Metal1,433.8200,31.0250,0.000180
_1072_,VSS,Metal1,415.1400,31.0250,0.000180
_1071_,VSS,Metal1,433.8200,46.7050,0.000001
_1070_,VSS,Metal1,406.1800,70.2250,0.000001
_1069_,VSS,Metal1,410.1000,55.2150,0.000003
_1068_,VSS,Metal1,433.8200,78.0650,0.000000
_1067_,VSS,Metal1,405.6200,85.9050,0.000000
_1066_,VSS,Metal1,411.9800,78.7350,0.000000
_1065_,VSS,Metal1,420.1800,117.9350,0.000000
_1064_,VSS,Metal1,418.5000,117.2650,0.000000
_1063_,VSS,Metal1,430.4600,117.9350,0.000000
_1062_,VSS,Metal1,428.2200,117.9350,0.000000
_1061_,VSS,Metal1,397.2200,156.4650,0.000000
_1060_,VSS,Metal1,408.6200,140.7850,0.000000
_1059_,VSS,Metal1,428.2200,149.2950,0.000000
_1058_,VSS,Metal1,433.8200,156.4650,0.000000
_1057_,VSS,Metal1,394.4200,196.3350,0.000000
_1056_,VSS,Metal1,400.5800,227.0250,0.000000
_1055_,VSS,Metal1,30.9800,125.7750,0.000000
_1054_,VSS,Metal1,22.2200,117.2650,0.000000
_1053_,VSS,Metal1,194.5000,431.5350,0.000000
_1052_,VSS,Metal1,217.4600,415.8550,0.000000
_1051_,VSS,Metal1,219.1400,313.9350,0.000000
_1050_,VSS,Metal1,214.1000,289.7450,0.000000
_1049_,VSS,Metal1,204.5800,281.9050,0.000000
_1048_,VSS,Metal1,185.7400,243.3750,0.000000
_1047_,VSS,Metal1,214.8600,227.6950,0.000000
_1046_,VSS,Metal1,170.9800,195.6650,0.000000
_1045_,VSS,Metal1,187.2200,180.6550,0.000000
_1044_,VSS,Metal1,181.6200,157.1350,0.000000
_1043_,VSS,Metal1,212.9800,149.2950,0.000000
_1042_,VSS,Metal1,210.3800,125.7750,0.000000
_1041_,VSS,Metal1,204.5800,117.2650,0.000000
_1040_,VSS,Metal1,219.3400,93.7450,0.000243
_1039_,VSS,Metal1,227.5400,78.7350,0.000001
_1038_,VSS,Metal1,200.3000,62.3850,0.000000
_1037_,VSS,Metal1,225.5000,39.5350,0.000000
_1036_,VSS,Metal1,259.6600,23.8550,0.000718
_1035_,VSS,Metal1,214.1000,23.8550,0.000654
