Instance,Terminal,Layer,X location,Y location,Voltage
FILLER_113_760,VDD,Metal1,432.6000,458.6400,5.000000
FILLER_113_758,VDD,Metal1,431.7600,458.6400,5.000000
FILLER_113_750,VDD,Metal1,429.4665,459.2165,5.000000
FILLER_113_716,VDD,Metal1,417.3155,459.4085,5.000000
FILLER_113_682,VDD,Metal1,398.2755,459.4085,5.000000
FILLER_113_648,VDD,Metal1,379.2355,459.4085,5.000000
FILLER_113_614,VDD,Metal1,360.1955,459.4085,5.000000
FILLER_113_580,VDD,Metal1,341.1555,459.4085,5.000000
FILLER_113_546,VDD,Metal1,322.1155,459.4085,5.000000
FILLER_113_512,VDD,Metal1,303.0755,459.4085,5.000000
FILLER_113_478,VDD,Metal1,284.0355,459.4085,5.000000
FILLER_113_444,VDD,Metal1,264.9955,459.4085,5.000000
FILLER_113_410,VDD,Metal1,245.9555,459.4085,5.000000
FILLER_113_407,VDD,Metal1,234.9200,458.6400,5.000000
FILLER_113_403,VDD,Metal1,233.9000,459.0725,5.000000
FILLER_113_376,VDD,Metal1,217.5600,458.6400,5.000000
FILLER_113_342,VDD,Metal1,207.8755,459.4085,5.000000
FILLER_113_308,VDD,Metal1,188.8355,459.4085,5.000000
FILLER_113_274,VDD,Metal1,169.7955,459.4085,5.000000
FILLER_113_240,VDD,Metal1,150.7555,459.4085,5.000000
FILLER_113_206,VDD,Metal1,131.7155,459.4085,5.000000
FILLER_113_172,VDD,Metal1,112.6755,459.4085,5.000000
FILLER_113_138,VDD,Metal1,93.6355,459.4085,5.000000
FILLER_113_104,VDD,Metal1,74.5955,459.4085,5.000000
FILLER_113_70,VDD,Metal1,55.5555,459.4085,5.000000
FILLER_113_36,VDD,Metal1,36.5155,459.4085,5.000000
FILLER_113_2,VDD,Metal1,17.4755,459.4085,5.000000
FILLER_112_753,VDD,Metal1,431.1465,458.0630,5.000000
FILLER_112_737,VDD,Metal1,424.5280,457.9480,5.000000
FILLER_112_731,VDD,Metal1,417.5800,458.2075,5.000000
FILLER_112_667,VDD,Metal1,398.8750,457.8255,5.000000
FILLER_112_661,VDD,Metal1,378.3800,458.2075,5.000000
FILLER_112_597,VDD,Metal1,359.6750,457.8255,5.000000
FILLER_112_591,VDD,Metal1,339.1800,458.2075,5.000000
FILLER_112_527,VDD,Metal1,320.4750,457.8255,5.000000
FILLER_112_521,VDD,Metal1,299.9800,458.2075,5.000000
FILLER_112_457,VDD,Metal1,281.2750,457.8255,5.000000
FILLER_112_451,VDD,Metal1,260.7800,458.2075,5.000000
FILLER_112_387,VDD,Metal1,242.0750,457.8255,5.000000
FILLER_112_381,VDD,Metal1,221.5800,458.2075,5.000000
FILLER_112_317,VDD,Metal1,202.8750,457.8255,5.000000
FILLER_112_311,VDD,Metal1,182.3800,458.2075,5.000000
FILLER_112_247,VDD,Metal1,163.6750,457.8255,5.000000
FILLER_112_241,VDD,Metal1,143.1800,458.2075,5.000000
FILLER_112_177,VDD,Metal1,124.4750,457.8255,5.000000
FILLER_112_171,VDD,Metal1,103.9800,458.2075,5.000000
FILLER_112_107,VDD,Metal1,85.2750,457.8255,5.000000
FILLER_112_101,VDD,Metal1,64.7800,458.2075,5.000000
FILLER_112_37,VDD,Metal1,46.0750,457.8255,5.000000
FILLER_112_34,VDD,Metal1,26.0400,458.6400,5.000000
FILLER_112_2,VDD,Metal1,17.4755,457.8710,5.000000
FILLER_111_776,VDD,Metal1,441.5600,450.8000,5.000000
FILLER_111_772,VDD,Metal1,440.5400,451.2325,5.000000
FILLER_111_753,VDD,Metal1,428.6800,450.8000,5.000000
FILLER_111_751,VDD,Metal1,427.8400,450.8000,5.000000
FILLER_111_743,VDD,Metal1,425.5465,451.3765,5.000000
FILLER_111_727,VDD,Metal1,418.9280,451.4920,5.000000
FILLER_111_706,VDD,Metal1,402.3600,450.8000,5.000000
FILLER_111_702,VDD,Metal1,401.3400,451.2325,5.000000
FILLER_111_698,VDD,Metal1,398.1600,450.8000,5.000000
FILLER_111_682,VDD,Metal1,393.7280,451.4920,5.000000
FILLER_111_668,VDD,Metal1,381.0800,450.8000,5.000000
FILLER_111_632,VDD,Metal1,361.2000,450.8000,5.000000
FILLER_111_595,VDD,Metal1,340.2000,450.8000,5.000000
FILLER_111_591,VDD,Metal1,339.1800,451.2325,5.000000
FILLER_111_575,VDD,Metal1,333.8080,451.4920,5.000000
FILLER_111_556,VDD,Metal1,319.5800,451.2325,5.000000
FILLER_111_548,VDD,Metal1,316.3465,451.3765,5.000000
FILLER_111_532,VDD,Metal1,309.7280,451.4920,5.000000
FILLER_111_496,VDD,Metal1,285.0400,450.8000,5.000000
FILLER_111_492,VDD,Metal1,283.7400,451.2325,5.000000
FILLER_111_455,VDD,Metal1,261.8000,450.8000,5.000000
FILLER_111_451,VDD,Metal1,260.7800,451.2325,5.000000
FILLER_111_435,VDD,Metal1,255.4080,451.4920,5.000000
FILLER_111_419,VDD,Metal1,241.6400,450.8000,5.000000
FILLER_111_417,VDD,Metal1,240.8000,450.8000,5.000000
FILLER_111_409,VDD,Metal1,238.5065,451.3765,5.000000
FILLER_111_374,VDD,Metal1,216.4400,450.8000,5.000000
FILLER_111_372,VDD,Metal1,215.6000,450.8000,5.000000
FILLER_111_368,VDD,Metal1,214.3000,451.2325,5.000000
FILLER_111_352,VDD,Metal1,208.9280,451.4920,5.000000
FILLER_111_314,VDD,Metal1,183.1200,450.8000,5.000000
FILLER_111_310,VDD,Metal1,181.8200,451.2325,5.000000
FILLER_111_302,VDD,Metal1,178.5865,451.3765,5.000000
FILLER_111_286,VDD,Metal1,171.9680,451.4920,5.000000
FILLER_111_276,VDD,Metal1,162.7800,451.2325,5.000000
FILLER_111_212,VDD,Metal1,144.0750,451.6140,5.000000
FILLER_111_209,VDD,Metal1,124.0400,450.8000,5.000000
FILLER_111_207,VDD,Metal1,123.2000,450.8000,5.000000
FILLER_111_199,VDD,Metal1,120.9065,451.3765,5.000000
FILLER_111_183,VDD,Metal1,114.2880,451.4920,5.000000
FILLER_111_166,VDD,Metal1,101.1800,451.2325,5.000000
FILLER_111_158,VDD,Metal1,97.9465,451.3765,5.000000
FILLER_111_142,VDD,Metal1,91.3280,451.4920,5.000000
FILLER_111_104,VDD,Metal1,65.5200,450.8000,5.000000
FILLER_111_72,VDD,Metal1,56.6755,451.5685,5.000000
FILLER_111_66,VDD,Metal1,45.1800,451.2325,5.000000
FILLER_111_2,VDD,Metal1,26.4750,451.6140,5.000000
FILLER_110_741,VDD,Metal1,422.2400,450.8000,5.000000
FILLER_110_737,VDD,Metal1,420.9400,450.3675,5.000000
FILLER_110_734,VDD,Metal1,418.0400,450.8000,5.000000
FILLER_110_732,VDD,Metal1,417.2000,450.8000,5.000000
FILLER_110_728,VDD,Metal1,415.9000,450.3675,5.000000
FILLER_110_720,VDD,Metal1,412.6665,450.2230,5.000000
FILLER_110_711,VDD,Metal1,405.1600,450.8000,5.000000
FILLER_110_709,VDD,Metal1,404.3200,450.8000,5.000000
FILLER_110_705,VDD,Metal1,403.0200,450.3675,5.000000
FILLER_110_697,VDD,Metal1,399.7865,450.2230,5.000000
FILLER_110_681,VDD,Metal1,393.1680,450.1080,5.000000
FILLER_110_667,VDD,Metal1,380.8000,450.8000,5.000000
FILLER_110_664,VDD,Metal1,378.8400,450.8000,5.000000
FILLER_110_662,VDD,Metal1,378.0000,450.8000,5.000000
FILLER_110_654,VDD,Metal1,375.7065,450.2230,5.000000
FILLER_110_615,VDD,Metal1,351.4000,450.8000,5.000000
FILLER_110_613,VDD,Metal1,350.5600,450.8000,5.000000
FILLER_110_597,VDD,Metal1,346.1280,450.1080,5.000000
FILLER_110_587,VDD,Metal1,336.0000,450.8000,5.000000
FILLER_110_583,VDD,Metal1,334.7000,450.3675,5.000000
FILLER_110_573,VDD,Metal1,328.1600,450.8000,5.000000
FILLER_110_559,VDD,Metal1,320.3200,450.8000,5.000000
FILLER_110_527,VDD,Metal1,311.4755,450.0310,5.000000
FILLER_110_521,VDD,Metal1,299.9800,450.3675,5.000000
FILLER_110_457,VDD,Metal1,281.2750,449.9855,5.000000
FILLER_110_447,VDD,Metal1,259.7865,450.2230,5.000000
FILLER_110_439,VDD,Metal1,253.1200,450.8000,5.000000
FILLER_110_387,VDD,Metal1,233.0755,450.0310,5.000000
FILLER_110_381,VDD,Metal1,221.5800,450.3675,5.000000
FILLER_110_317,VDD,Metal1,202.8750,449.9855,5.000000
FILLER_110_311,VDD,Metal1,182.3800,450.3675,5.000000
FILLER_110_303,VDD,Metal1,179.1465,450.2230,5.000000
FILLER_110_288,VDD,Metal1,168.2800,450.8000,5.000000
FILLER_110_271,VDD,Metal1,159.9800,450.3675,5.000000
FILLER_110_263,VDD,Metal1,156.7465,450.2230,5.000000
FILLER_110_247,VDD,Metal1,150.1280,450.1080,5.000000
FILLER_110_241,VDD,Metal1,143.1800,450.3675,5.000000
FILLER_110_193,VDD,Metal1,115.0800,450.8000,5.000000
FILLER_110_189,VDD,Metal1,114.0600,450.3675,5.000000
FILLER_110_173,VDD,Metal1,104.1600,450.8000,5.000000
FILLER_110_164,VDD,Metal1,98.8400,450.8000,5.000000
FILLER_110_160,VDD,Metal1,97.8200,450.3675,5.000000
FILLER_110_144,VDD,Metal1,92.4480,450.1080,5.000000
FILLER_110_112,VDD,Metal1,79.0755,450.0310,5.000000
FILLER_110_104,VDD,Metal1,65.2400,450.8000,5.000000
FILLER_110_102,VDD,Metal1,64.4000,450.8000,5.000000
FILLER_110_98,VDD,Metal1,63.1000,450.3675,5.000000
FILLER_110_90,VDD,Metal1,59.8665,450.2230,5.000000
FILLER_110_55,VDD,Metal1,37.8000,450.8000,5.000000
FILLER_110_53,VDD,Metal1,36.9600,450.8000,5.000000
FILLER_110_37,VDD,Metal1,32.5280,450.1080,5.000000
FILLER_110_34,VDD,Metal1,26.0400,450.8000,5.000000
FILLER_110_2,VDD,Metal1,17.4755,450.0310,5.000000
FILLER_109_776,VDD,Metal1,441.5600,442.9600,5.000000
FILLER_109_772,VDD,Metal1,440.5400,443.3925,5.000000
FILLER_109_766,VDD,Metal1,437.1800,443.3925,5.000000
FILLER_109_702,VDD,Metal1,418.4750,443.7740,5.000000
FILLER_109_696,VDD,Metal1,397.9800,443.3925,5.000000
FILLER_109_632,VDD,Metal1,379.2750,443.7740,5.000000
FILLER_109_628,VDD,Metal1,358.9600,442.9600,5.000000
FILLER_109_624,VDD,Metal1,357.6600,443.3925,5.000000
FILLER_109_592,VDD,Metal1,347.8755,443.7285,5.000000
FILLER_109_578,VDD,Metal1,331.9000,443.3925,5.000000
FILLER_109_562,VDD,Metal1,326.5280,443.6520,5.000000
FILLER_109_556,VDD,Metal1,319.5800,443.3925,5.000000
FILLER_109_548,VDD,Metal1,316.3465,443.5365,5.000000
FILLER_109_524,VDD,Metal1,305.2480,443.6520,5.000000
FILLER_109_492,VDD,Metal1,291.8755,443.7285,5.000000
FILLER_109_489,VDD,Metal1,280.8400,442.9600,5.000000
FILLER_109_487,VDD,Metal1,280.0000,442.9600,5.000000
FILLER_109_471,VDD,Metal1,275.5680,443.6520,5.000000
FILLER_109_439,VDD,Metal1,262.1955,443.7285,5.000000
FILLER_109_428,VDD,Metal1,246.6800,442.9600,5.000000
FILLER_109_426,VDD,Metal1,245.8400,442.9600,5.000000
FILLER_109_422,VDD,Metal1,244.5400,443.3925,5.000000
FILLER_109_416,VDD,Metal1,241.1800,443.3925,5.000000
FILLER_109_352,VDD,Metal1,222.4750,443.7740,5.000000
FILLER_109_346,VDD,Metal1,201.9800,443.3925,5.000000
FILLER_109_338,VDD,Metal1,198.7465,443.5365,5.000000
FILLER_109_306,VDD,Metal1,187.7155,443.7285,5.000000
FILLER_109_286,VDD,Metal1,167.4400,442.9600,5.000000
FILLER_109_282,VDD,Metal1,166.1400,443.3925,5.000000
FILLER_109_279,VDD,Metal1,163.2400,442.9600,5.000000
FILLER_109_277,VDD,Metal1,162.4000,442.9600,5.000000
FILLER_109_267,VDD,Metal1,156.8000,442.9600,5.000000
FILLER_109_262,VDD,Metal1,153.7200,442.9600,5.000000
FILLER_109_258,VDD,Metal1,152.7000,443.3925,5.000000
FILLER_109_220,VDD,Metal1,130.4800,442.9600,5.000000
FILLER_109_212,VDD,Metal1,128.1865,443.5365,5.000000
FILLER_109_208,VDD,Metal1,123.7600,442.9600,5.000000
FILLER_109_200,VDD,Metal1,121.4665,443.5365,5.000000
FILLER_109_184,VDD,Metal1,114.8480,443.6520,5.000000
FILLER_109_178,VDD,Metal1,106.6800,442.9600,5.000000
FILLER_109_160,VDD,Metal1,99.0665,443.5365,5.000000
FILLER_109_146,VDD,Metal1,88.7600,442.9600,5.000000
FILLER_109_142,VDD,Metal1,87.7400,443.3925,5.000000
FILLER_109_132,VDD,Metal1,83.3865,443.5365,5.000000
FILLER_109_116,VDD,Metal1,76.7680,443.6520,5.000000
FILLER_109_96,VDD,Metal1,61.0400,442.9600,5.000000
FILLER_109_88,VDD,Metal1,58.7465,443.5365,5.000000
FILLER_109_72,VDD,Metal1,52.1280,443.6520,5.000000
FILLER_109_69,VDD,Metal1,45.6400,442.9600,5.000000
FILLER_109_67,VDD,Metal1,44.8000,442.9600,5.000000
FILLER_109_46,VDD,Metal1,32.7600,442.9600,5.000000
FILLER_109_44,VDD,Metal1,31.9200,442.9600,5.000000
FILLER_109_36,VDD,Metal1,29.6265,443.5365,5.000000
FILLER_108_741,VDD,Metal1,422.2400,442.9600,5.000000
FILLER_108_737,VDD,Metal1,420.9400,442.5275,5.000000
FILLER_108_733,VDD,Metal1,417.7600,442.9600,5.000000
FILLER_108_701,VDD,Metal1,408.9155,442.1910,5.000000
FILLER_108_691,VDD,Metal1,395.1800,442.5275,5.000000
FILLER_108_683,VDD,Metal1,391.9465,442.3830,5.000000
FILLER_108_667,VDD,Metal1,385.3280,442.2680,5.000000
FILLER_108_661,VDD,Metal1,378.3800,442.5275,5.000000
FILLER_108_597,VDD,Metal1,359.6750,442.1455,5.000000
FILLER_108_593,VDD,Metal1,339.3600,442.9600,5.000000
FILLER_108_589,VDD,Metal1,338.0600,442.5275,5.000000
FILLER_108_581,VDD,Metal1,334.8265,442.3830,5.000000
FILLER_108_549,VDD,Metal1,323.7955,442.1910,5.000000
FILLER_108_535,VDD,Metal1,306.8800,442.9600,5.000000
FILLER_108_527,VDD,Metal1,304.5865,442.3830,5.000000
FILLER_108_521,VDD,Metal1,299.9800,442.5275,5.000000
FILLER_108_485,VDD,Metal1,278.8800,442.9600,5.000000
FILLER_108_481,VDD,Metal1,277.5800,442.5275,5.000000
FILLER_108_473,VDD,Metal1,274.3465,442.3830,5.000000
FILLER_108_457,VDD,Metal1,267.7280,442.2680,5.000000
FILLER_108_451,VDD,Metal1,260.7800,442.5275,5.000000
FILLER_108_387,VDD,Metal1,242.0750,442.1455,5.000000
FILLER_108_376,VDD,Metal1,217.5600,442.9600,5.000000
FILLER_108_372,VDD,Metal1,216.5400,442.5275,5.000000
FILLER_108_364,VDD,Metal1,213.3065,442.3830,5.000000
FILLER_108_329,VDD,Metal1,191.2400,442.9600,5.000000
FILLER_108_325,VDD,Metal1,190.2200,442.5275,5.000000
FILLER_108_317,VDD,Metal1,186.9865,442.3830,5.000000
FILLER_108_314,VDD,Metal1,182.8400,442.9600,5.000000
FILLER_108_312,VDD,Metal1,182.0000,442.9600,5.000000
FILLER_108_304,VDD,Metal1,179.7065,442.3830,5.000000
FILLER_108_272,VDD,Metal1,168.6755,442.1910,5.000000
FILLER_108_263,VDD,Metal1,155.5000,442.5275,5.000000
FILLER_108_247,VDD,Metal1,150.1280,442.2680,5.000000
FILLER_108_241,VDD,Metal1,143.1800,442.5275,5.000000
FILLER_108_177,VDD,Metal1,124.4750,442.1455,5.000000
FILLER_108_171,VDD,Metal1,103.9800,442.5275,5.000000
FILLER_108_107,VDD,Metal1,85.2750,442.1455,5.000000
FILLER_108_104,VDD,Metal1,65.2400,442.9600,5.000000
FILLER_108_102,VDD,Metal1,64.4000,442.9600,5.000000
FILLER_108_94,VDD,Metal1,62.1065,442.3830,5.000000
FILLER_108_62,VDD,Metal1,51.0755,442.1910,5.000000
FILLER_108_52,VDD,Metal1,36.1200,442.9600,5.000000
FILLER_108_50,VDD,Metal1,35.2800,442.9600,5.000000
FILLER_108_42,VDD,Metal1,32.9865,442.3830,5.000000
FILLER_108_34,VDD,Metal1,26.0400,442.9600,5.000000
FILLER_108_20,VDD,Metal1,18.2000,442.9600,5.000000
FILLER_108_18,VDD,Metal1,17.3600,442.9600,5.000000
FILLER_108_2,VDD,Metal1,12.9280,442.2680,5.000000
FILLER_107_776,VDD,Metal1,441.5600,435.1200,5.000000
FILLER_107_772,VDD,Metal1,440.5400,435.5525,5.000000
FILLER_107_766,VDD,Metal1,437.1800,435.5525,5.000000
FILLER_107_702,VDD,Metal1,418.4750,435.9340,5.000000
FILLER_107_699,VDD,Metal1,398.4400,435.1200,5.000000
FILLER_107_697,VDD,Metal1,397.6000,435.1200,5.000000
FILLER_107_693,VDD,Metal1,396.3000,435.5525,5.000000
FILLER_107_686,VDD,Metal1,391.1600,435.1200,5.000000
FILLER_107_684,VDD,Metal1,390.3200,435.1200,5.000000
FILLER_107_680,VDD,Metal1,389.0200,435.5525,5.000000
FILLER_107_664,VDD,Metal1,383.6480,435.8120,5.000000
FILLER_107_632,VDD,Metal1,370.2755,435.8885,5.000000
FILLER_107_626,VDD,Metal1,358.7800,435.5525,5.000000
FILLER_107_562,VDD,Metal1,340.0750,435.9340,5.000000
FILLER_107_558,VDD,Metal1,319.7600,435.1200,5.000000
FILLER_107_550,VDD,Metal1,317.4665,435.6965,5.000000
FILLER_107_538,VDD,Metal1,308.5600,435.1200,5.000000
FILLER_107_532,VDD,Metal1,305.2000,435.1200,5.000000
FILLER_107_524,VDD,Metal1,302.9065,435.6965,5.000000
FILLER_107_492,VDD,Metal1,291.8755,435.8885,5.000000
FILLER_107_486,VDD,Metal1,280.3800,435.5525,5.000000
FILLER_107_422,VDD,Metal1,261.6750,435.9340,5.000000
FILLER_107_388,VDD,Metal1,233.6355,435.8885,5.000000
FILLER_107_368,VDD,Metal1,215.5465,435.6965,5.000000
FILLER_107_352,VDD,Metal1,208.9280,435.8120,5.000000
FILLER_107_349,VDD,Metal1,202.4400,435.1200,5.000000
FILLER_107_333,VDD,Metal1,198.2880,435.8120,5.000000
FILLER_107_301,VDD,Metal1,184.9155,435.8885,5.000000
FILLER_107_294,VDD,Metal1,171.9200,435.1200,5.000000
FILLER_107_290,VDD,Metal1,170.6200,435.5525,5.000000
FILLER_107_282,VDD,Metal1,167.3865,435.6965,5.000000
FILLER_107_276,VDD,Metal1,162.7800,435.5525,5.000000
FILLER_107_212,VDD,Metal1,144.0750,435.9340,5.000000
FILLER_107_206,VDD,Metal1,123.5800,435.5525,5.000000
FILLER_107_142,VDD,Metal1,104.8750,435.9340,5.000000
FILLER_107_136,VDD,Metal1,84.3800,435.5525,5.000000
FILLER_107_72,VDD,Metal1,65.6750,435.9340,5.000000
FILLER_107_66,VDD,Metal1,45.1800,435.5525,5.000000
FILLER_107_2,VDD,Metal1,26.4750,435.9340,5.000000
FILLER_106_776,VDD,Metal1,441.5600,435.1200,5.000000
FILLER_106_774,VDD,Metal1,440.7200,435.1200,5.000000
FILLER_106_742,VDD,Metal1,431.8755,434.3510,5.000000
FILLER_106_733,VDD,Metal1,417.7600,435.1200,5.000000
FILLER_106_701,VDD,Metal1,408.9155,434.3510,5.000000
FILLER_106_675,VDD,Metal1,385.2800,435.1200,5.000000
FILLER_106_667,VDD,Metal1,382.9865,434.5430,5.000000
FILLER_106_664,VDD,Metal1,378.8400,435.1200,5.000000
FILLER_106_648,VDD,Metal1,374.6880,434.4280,5.000000
FILLER_106_613,VDD,Metal1,350.2800,435.1200,5.000000
FILLER_106_597,VDD,Metal1,346.1280,434.4280,5.000000
FILLER_106_591,VDD,Metal1,339.1800,434.6875,5.000000
FILLER_106_527,VDD,Metal1,320.4750,434.3055,5.000000
FILLER_106_523,VDD,Metal1,300.1600,435.1200,5.000000
FILLER_106_491,VDD,Metal1,291.3155,434.3510,5.000000
FILLER_106_447,VDD,Metal1,259.7865,434.5430,5.000000
FILLER_106_431,VDD,Metal1,253.1680,434.4280,5.000000
FILLER_106_399,VDD,Metal1,239.7955,434.3510,5.000000
FILLER_106_374,VDD,Metal1,216.4400,435.1200,5.000000
FILLER_106_370,VDD,Metal1,215.4200,434.6875,5.000000
FILLER_106_338,VDD,Metal1,205.6355,434.3510,5.000000
FILLER_106_333,VDD,Metal1,193.4800,435.1200,5.000000
FILLER_106_317,VDD,Metal1,189.3280,434.4280,5.000000
FILLER_106_311,VDD,Metal1,182.3800,434.6875,5.000000
FILLER_106_247,VDD,Metal1,163.6750,434.3055,5.000000
FILLER_106_241,VDD,Metal1,143.1800,434.6875,5.000000
FILLER_106_177,VDD,Metal1,124.4750,434.3055,5.000000
FILLER_106_171,VDD,Metal1,103.9800,434.6875,5.000000
FILLER_106_107,VDD,Metal1,85.2750,434.3055,5.000000
FILLER_106_101,VDD,Metal1,64.7800,434.6875,5.000000
FILLER_106_37,VDD,Metal1,46.0750,434.3055,5.000000
FILLER_106_34,VDD,Metal1,26.0400,435.1200,5.000000
FILLER_106_2,VDD,Metal1,17.4755,434.3510,5.000000
FILLER_105_776,VDD,Metal1,441.5600,427.2800,5.000000
FILLER_105_772,VDD,Metal1,440.5400,427.7125,5.000000
FILLER_105_738,VDD,Metal1,429.6355,428.0485,5.000000
FILLER_105_714,VDD,Metal1,406.8400,427.2800,5.000000
FILLER_105_710,VDD,Metal1,405.8200,427.7125,5.000000
FILLER_105_702,VDD,Metal1,402.5865,427.8565,5.000000
FILLER_105_698,VDD,Metal1,398.1600,427.2800,5.000000
FILLER_105_688,VDD,Metal1,392.5600,427.2800,5.000000
FILLER_105_684,VDD,Metal1,391.2600,427.7125,5.000000
FILLER_105_678,VDD,Metal1,386.9600,427.2800,5.000000
FILLER_105_674,VDD,Metal1,385.6600,427.7125,5.000000
FILLER_105_632,VDD,Metal1,363.3865,427.8565,5.000000
FILLER_105_622,VDD,Metal1,357.7865,427.8565,5.000000
FILLER_105_606,VDD,Metal1,351.1680,427.9720,5.000000
FILLER_105_574,VDD,Metal1,337.7955,428.0485,5.000000
FILLER_105_568,VDD,Metal1,325.0800,427.2800,5.000000
FILLER_105_566,VDD,Metal1,324.2400,427.2800,5.000000
FILLER_105_562,VDD,Metal1,322.9400,427.7125,5.000000
FILLER_105_558,VDD,Metal1,319.7600,427.2800,5.000000
FILLER_105_554,VDD,Metal1,318.4600,427.7125,5.000000
FILLER_105_546,VDD,Metal1,315.2265,427.8565,5.000000
FILLER_105_532,VDD,Metal1,305.2000,427.2800,5.000000
FILLER_105_524,VDD,Metal1,302.9065,427.8565,5.000000
FILLER_105_492,VDD,Metal1,291.8755,428.0485,5.000000
FILLER_105_488,VDD,Metal1,280.5600,427.2800,5.000000
FILLER_105_484,VDD,Metal1,279.2600,427.7125,5.000000
FILLER_105_452,VDD,Metal1,269.4755,428.0485,5.000000
FILLER_105_438,VDD,Metal1,254.7465,427.8565,5.000000
FILLER_105_422,VDD,Metal1,248.1280,427.9720,5.000000
FILLER_105_416,VDD,Metal1,241.1800,427.7125,5.000000
FILLER_105_352,VDD,Metal1,222.4750,428.0940,5.000000
FILLER_105_349,VDD,Metal1,202.4400,427.2800,5.000000
FILLER_105_347,VDD,Metal1,201.6000,427.2800,5.000000
FILLER_105_343,VDD,Metal1,200.3000,427.7125,5.000000
FILLER_105_335,VDD,Metal1,197.0665,427.8565,5.000000
FILLER_105_303,VDD,Metal1,186.0355,428.0485,5.000000
FILLER_105_292,VDD,Metal1,170.5200,427.2800,5.000000
FILLER_105_290,VDD,Metal1,169.6800,427.2800,5.000000
FILLER_105_282,VDD,Metal1,167.3865,427.8565,5.000000
FILLER_105_276,VDD,Metal1,162.7800,427.7125,5.000000
FILLER_105_212,VDD,Metal1,144.0750,428.0940,5.000000
FILLER_105_208,VDD,Metal1,123.7600,427.2800,5.000000
FILLER_105_204,VDD,Metal1,122.4600,427.7125,5.000000
FILLER_105_196,VDD,Metal1,119.2265,427.8565,5.000000
FILLER_105_164,VDD,Metal1,108.1955,428.0485,5.000000
FILLER_105_152,VDD,Metal1,93.3400,427.7125,5.000000
FILLER_105_144,VDD,Metal1,87.6400,427.2800,5.000000
FILLER_105_142,VDD,Metal1,86.8000,427.2800,5.000000
FILLER_105_128,VDD,Metal1,79.9000,427.7125,5.000000
FILLER_105_120,VDD,Metal1,76.6665,427.8565,5.000000
FILLER_105_104,VDD,Metal1,70.0480,427.9720,5.000000
FILLER_105_72,VDD,Metal1,56.6755,428.0485,5.000000
FILLER_105_66,VDD,Metal1,45.1800,427.7125,5.000000
FILLER_105_2,VDD,Metal1,26.4750,428.0940,5.000000
FILLER_104_769,VDD,Metal1,440.1065,426.7030,5.000000
FILLER_104_737,VDD,Metal1,429.0755,426.5110,5.000000
FILLER_104_731,VDD,Metal1,417.5800,426.8475,5.000000
FILLER_104_667,VDD,Metal1,398.8750,426.4655,5.000000
FILLER_104_664,VDD,Metal1,378.8400,427.2800,5.000000
FILLER_104_656,VDD,Metal1,376.8265,426.7030,5.000000
FILLER_104_640,VDD,Metal1,370.2080,426.5880,5.000000
FILLER_104_608,VDD,Metal1,356.8355,426.5110,5.000000
FILLER_104_601,VDD,Metal1,343.5600,427.2800,5.000000
FILLER_104_597,VDD,Metal1,342.5400,426.8475,5.000000
FILLER_104_593,VDD,Metal1,339.3600,427.2800,5.000000
FILLER_104_583,VDD,Metal1,333.7600,427.2800,5.000000
FILLER_104_575,VDD,Metal1,331.4665,426.7030,5.000000
FILLER_104_559,VDD,Metal1,324.8480,426.5880,5.000000
FILLER_104_527,VDD,Metal1,311.4755,426.5110,5.000000
FILLER_104_521,VDD,Metal1,299.9800,426.8475,5.000000
FILLER_104_457,VDD,Metal1,281.2750,426.4655,5.000000
FILLER_104_447,VDD,Metal1,259.7865,426.7030,5.000000
FILLER_104_435,VDD,Metal1,250.8800,427.2800,5.000000
FILLER_104_419,VDD,Metal1,246.4480,426.5880,5.000000
FILLER_104_387,VDD,Metal1,233.0755,426.5110,5.000000
FILLER_104_381,VDD,Metal1,221.5800,426.8475,5.000000
FILLER_104_317,VDD,Metal1,202.8750,426.4655,5.000000
FILLER_104_311,VDD,Metal1,182.3800,426.8475,5.000000
FILLER_104_295,VDD,Metal1,173.4200,426.8475,5.000000
FILLER_104_279,VDD,Metal1,168.0480,426.5880,5.000000
FILLER_104_247,VDD,Metal1,154.6755,426.5110,5.000000
FILLER_104_243,VDD,Metal1,143.3600,427.2800,5.000000
FILLER_104_235,VDD,Metal1,141.0665,426.7030,5.000000
FILLER_104_200,VDD,Metal1,119.0000,427.2800,5.000000
FILLER_104_192,VDD,Metal1,116.9865,426.7030,5.000000
FILLER_104_185,VDD,Metal1,110.8800,427.2800,5.000000
FILLER_104_177,VDD,Metal1,108.5865,426.7030,5.000000
FILLER_104_174,VDD,Metal1,104.4400,427.2800,5.000000
FILLER_104_172,VDD,Metal1,103.6000,427.2800,5.000000
FILLER_104_168,VDD,Metal1,102.3000,426.8475,5.000000
FILLER_104_152,VDD,Metal1,96.9280,426.5880,5.000000
FILLER_104_145,VDD,Metal1,88.4800,427.2800,5.000000
FILLER_104_141,VDD,Metal1,87.1800,426.8475,5.000000
FILLER_104_135,VDD,Metal1,82.6000,427.2800,5.000000
FILLER_104_131,VDD,Metal1,81.5800,426.8475,5.000000
FILLER_104_123,VDD,Metal1,78.3465,426.7030,5.000000
FILLER_104_107,VDD,Metal1,71.7280,426.5880,5.000000
FILLER_104_99,VDD,Metal1,62.4400,427.2800,5.000000
FILLER_104_89,VDD,Metal1,58.0600,426.8475,5.000000
FILLER_104_73,VDD,Metal1,52.6880,426.5880,5.000000
FILLER_104_37,VDD,Metal1,28.0000,427.2800,5.000000
FILLER_104_34,VDD,Metal1,26.0400,427.2800,5.000000
FILLER_104_2,VDD,Metal1,17.4755,426.5110,5.000000
FILLER_103_776,VDD,Metal1,441.5600,419.4400,5.000000
FILLER_103_772,VDD,Metal1,440.5400,419.8725,5.000000
FILLER_103_769,VDD,Metal1,437.6400,419.4400,5.000000
FILLER_103_767,VDD,Metal1,436.8000,419.4400,5.000000
FILLER_103_763,VDD,Metal1,435.5000,419.8725,5.000000
FILLER_103_731,VDD,Metal1,425.7155,420.2085,5.000000
FILLER_103_722,VDD,Metal1,411.3200,419.4400,5.000000
FILLER_103_718,VDD,Metal1,410.3000,419.8725,5.000000
FILLER_103_702,VDD,Metal1,404.9280,420.1320,5.000000
FILLER_103_696,VDD,Metal1,397.9800,419.8725,5.000000
FILLER_103_632,VDD,Metal1,379.2750,420.2540,5.000000
FILLER_103_629,VDD,Metal1,359.2400,419.4400,5.000000
FILLER_103_627,VDD,Metal1,358.4000,419.4400,5.000000
FILLER_103_619,VDD,Metal1,356.1065,420.0165,5.000000
FILLER_103_603,VDD,Metal1,349.4880,420.1320,5.000000
FILLER_103_577,VDD,Metal1,330.4000,419.4400,5.000000
FILLER_103_573,VDD,Metal1,329.1000,419.8725,5.000000
FILLER_103_566,VDD,Metal1,323.9600,419.4400,5.000000
FILLER_103_562,VDD,Metal1,322.9400,419.8725,5.000000
FILLER_103_558,VDD,Metal1,319.7600,419.4400,5.000000
FILLER_103_554,VDD,Metal1,318.4600,419.8725,5.000000
FILLER_103_536,VDD,Metal1,307.4400,419.4400,5.000000
FILLER_103_532,VDD,Metal1,306.1400,419.8725,5.000000
FILLER_103_524,VDD,Metal1,302.9065,420.0165,5.000000
FILLER_103_492,VDD,Metal1,291.8755,420.2085,5.000000
FILLER_103_486,VDD,Metal1,280.3800,419.8725,5.000000
FILLER_103_470,VDD,Metal1,275.0080,420.1320,5.000000
FILLER_103_438,VDD,Metal1,261.6355,420.2085,5.000000
FILLER_103_422,VDD,Metal1,243.6000,419.4400,5.000000
FILLER_103_419,VDD,Metal1,241.6400,419.4400,5.000000
FILLER_103_417,VDD,Metal1,240.8000,419.4400,5.000000
FILLER_103_413,VDD,Metal1,239.5000,419.8725,5.000000
FILLER_103_405,VDD,Metal1,236.2665,420.0165,5.000000
FILLER_103_389,VDD,Metal1,229.6480,420.1320,5.000000
FILLER_103_366,VDD,Metal1,211.9600,419.4400,5.000000
FILLER_103_364,VDD,Metal1,211.1200,419.4400,5.000000
FILLER_103_360,VDD,Metal1,209.8200,419.8725,5.000000
FILLER_103_352,VDD,Metal1,206.5865,420.0165,5.000000
FILLER_103_315,VDD,Metal1,183.4000,419.4400,5.000000
FILLER_103_299,VDD,Metal1,179.2480,420.1320,5.000000
FILLER_103_290,VDD,Metal1,170.6200,419.8725,5.000000
FILLER_103_282,VDD,Metal1,167.3865,420.0165,5.000000
FILLER_103_264,VDD,Metal1,159.6480,420.1320,5.000000
FILLER_103_244,VDD,Metal1,143.6400,419.4400,5.000000
FILLER_103_212,VDD,Metal1,135.0755,420.2085,5.000000
FILLER_103_208,VDD,Metal1,123.7600,419.4400,5.000000
FILLER_103_204,VDD,Metal1,122.4600,419.8725,5.000000
FILLER_103_196,VDD,Metal1,119.2265,420.0165,5.000000
FILLER_103_180,VDD,Metal1,107.8000,419.4400,5.000000
FILLER_103_178,VDD,Metal1,106.9600,419.4400,5.000000
FILLER_103_174,VDD,Metal1,105.6600,419.8725,5.000000
FILLER_103_142,VDD,Metal1,95.8755,420.2085,5.000000
FILLER_103_139,VDD,Metal1,84.8400,419.4400,5.000000
FILLER_103_137,VDD,Metal1,84.0000,419.4400,5.000000
FILLER_103_129,VDD,Metal1,81.7065,420.0165,5.000000
FILLER_103_113,VDD,Metal1,75.0880,420.1320,5.000000
FILLER_103_78,VDD,Metal1,50.6800,419.4400,5.000000
FILLER_103_76,VDD,Metal1,49.8400,419.4400,5.000000
FILLER_103_72,VDD,Metal1,48.5400,419.8725,5.000000
FILLER_103_66,VDD,Metal1,45.1800,419.8725,5.000000
FILLER_103_50,VDD,Metal1,39.8080,420.1320,5.000000
FILLER_103_34,VDD,Metal1,27.2600,419.8725,5.000000
FILLER_103_2,VDD,Metal1,17.4755,420.2085,5.000000
FILLER_102_741,VDD,Metal1,422.2400,419.4400,5.000000
FILLER_102_737,VDD,Metal1,420.9400,419.0075,5.000000
FILLER_102_734,VDD,Metal1,418.0400,419.4400,5.000000
FILLER_102_702,VDD,Metal1,409.4755,418.6710,5.000000
FILLER_102_697,VDD,Metal1,397.3200,419.4400,5.000000
FILLER_102_695,VDD,Metal1,396.4800,419.4400,5.000000
FILLER_102_691,VDD,Metal1,395.1800,419.0075,5.000000
FILLER_102_683,VDD,Metal1,391.9465,418.8630,5.000000
FILLER_102_667,VDD,Metal1,385.3280,418.7480,5.000000
FILLER_102_661,VDD,Metal1,378.3800,419.0075,5.000000
FILLER_102_597,VDD,Metal1,359.6750,418.6255,5.000000
FILLER_102_591,VDD,Metal1,339.1800,419.0075,5.000000
FILLER_102_583,VDD,Metal1,335.9465,418.8630,5.000000
FILLER_102_551,VDD,Metal1,324.9155,418.6710,5.000000
FILLER_102_527,VDD,Metal1,304.5865,418.8630,5.000000
FILLER_102_489,VDD,Metal1,281.1200,419.4400,5.000000
FILLER_102_457,VDD,Metal1,272.2755,418.6710,5.000000
FILLER_102_454,VDD,Metal1,261.2400,419.4400,5.000000
FILLER_102_452,VDD,Metal1,260.4000,419.4400,5.000000
FILLER_102_444,VDD,Metal1,258.1065,418.8630,5.000000
FILLER_102_428,VDD,Metal1,251.4880,418.7480,5.000000
FILLER_102_412,VDD,Metal1,240.1865,418.8630,5.000000
FILLER_102_399,VDD,Metal1,230.7200,419.4400,5.000000
FILLER_102_391,VDD,Metal1,228.4265,418.8630,5.000000
FILLER_102_373,VDD,Metal1,216.1600,419.4400,5.000000
FILLER_102_365,VDD,Metal1,213.8665,418.8630,5.000000
FILLER_102_349,VDD,Metal1,207.2480,418.7480,5.000000
FILLER_102_317,VDD,Metal1,193.8755,418.6710,5.000000
FILLER_102_314,VDD,Metal1,182.8400,419.4400,5.000000
FILLER_102_310,VDD,Metal1,181.8200,419.0075,5.000000
FILLER_102_294,VDD,Metal1,176.4480,418.7480,5.000000
FILLER_102_288,VDD,Metal1,168.2800,419.4400,5.000000
FILLER_102_284,VDD,Metal1,167.2600,419.0075,5.000000
FILLER_102_272,VDD,Metal1,160.5400,419.0075,5.000000
FILLER_102_264,VDD,Metal1,157.3065,418.8630,5.000000
FILLER_102_255,VDD,Metal1,149.8000,419.4400,5.000000
FILLER_102_244,VDD,Metal1,143.6400,419.4400,5.000000
FILLER_102_240,VDD,Metal1,142.6200,419.0075,5.000000
FILLER_102_224,VDD,Metal1,137.2480,418.7480,5.000000
FILLER_102_192,VDD,Metal1,123.8755,418.6710,5.000000
FILLER_102_185,VDD,Metal1,110.6000,419.4400,5.000000
FILLER_102_177,VDD,Metal1,108.5865,418.8630,5.000000
FILLER_102_173,VDD,Metal1,104.1600,419.4400,5.000000
FILLER_102_157,VDD,Metal1,99.7280,418.7480,5.000000
FILLER_102_147,VDD,Metal1,89.6000,419.4400,5.000000
FILLER_102_139,VDD,Metal1,87.3065,418.8630,5.000000
FILLER_102_107,VDD,Metal1,76.2755,418.6710,5.000000
FILLER_102_96,VDD,Metal1,60.7600,419.4400,5.000000
FILLER_102_89,VDD,Metal1,56.8400,419.4400,5.000000
FILLER_102_85,VDD,Metal1,55.8200,419.0075,5.000000
FILLER_102_69,VDD,Metal1,50.4480,418.7480,5.000000
FILLER_102_37,VDD,Metal1,37.0755,418.6710,5.000000
FILLER_102_34,VDD,Metal1,26.0400,419.4400,5.000000
FILLER_102_2,VDD,Metal1,17.4755,418.6710,5.000000
FILLER_101_776,VDD,Metal1,441.5600,411.6000,5.000000
FILLER_101_772,VDD,Metal1,440.5400,412.0325,5.000000
FILLER_101_766,VDD,Metal1,437.1800,412.0325,5.000000
FILLER_101_758,VDD,Metal1,433.9465,412.1765,5.000000
FILLER_101_742,VDD,Metal1,427.3280,412.2920,5.000000
FILLER_101_714,VDD,Metal1,411.6480,412.2920,5.000000
FILLER_101_694,VDD,Metal1,395.6400,411.6000,5.000000
FILLER_101_692,VDD,Metal1,394.8000,411.6000,5.000000
FILLER_101_688,VDD,Metal1,393.5000,412.0325,5.000000
FILLER_101_680,VDD,Metal1,390.2665,412.1765,5.000000
FILLER_101_664,VDD,Metal1,383.6480,412.2920,5.000000
FILLER_101_632,VDD,Metal1,370.2755,412.3685,5.000000
FILLER_101_626,VDD,Metal1,358.7800,412.0325,5.000000
FILLER_101_562,VDD,Metal1,340.0750,412.4140,5.000000
FILLER_101_558,VDD,Metal1,319.7600,411.6000,5.000000
FILLER_101_554,VDD,Metal1,318.4600,412.0325,5.000000
FILLER_101_546,VDD,Metal1,315.2265,412.1765,5.000000
FILLER_101_540,VDD,Metal1,309.6800,411.6000,5.000000
FILLER_101_524,VDD,Metal1,305.2480,412.2920,5.000000
FILLER_101_492,VDD,Metal1,291.8755,412.3685,5.000000
FILLER_101_442,VDD,Metal1,254.8000,411.6000,5.000000
FILLER_101_434,VDD,Metal1,252.5065,412.1765,5.000000
FILLER_101_422,VDD,Metal1,244.5400,412.0325,5.000000
FILLER_101_416,VDD,Metal1,241.1800,412.0325,5.000000
FILLER_101_352,VDD,Metal1,222.4750,412.4140,5.000000
FILLER_101_346,VDD,Metal1,201.9800,412.0325,5.000000
FILLER_101_338,VDD,Metal1,198.7465,412.1765,5.000000
FILLER_101_322,VDD,Metal1,192.1280,412.2920,5.000000
FILLER_101_290,VDD,Metal1,178.7555,412.3685,5.000000
FILLER_101_284,VDD,Metal1,166.0400,411.6000,5.000000
FILLER_101_282,VDD,Metal1,165.2000,411.6000,5.000000
FILLER_101_279,VDD,Metal1,163.2400,411.6000,5.000000
FILLER_101_277,VDD,Metal1,162.4000,411.6000,5.000000
FILLER_101_273,VDD,Metal1,161.1000,412.0325,5.000000
FILLER_101_257,VDD,Metal1,155.7280,412.2920,5.000000
FILLER_101_250,VDD,Metal1,147.0000,411.6000,5.000000
FILLER_101_248,VDD,Metal1,146.1600,411.6000,5.000000
FILLER_101_244,VDD,Metal1,144.8600,412.0325,5.000000
FILLER_101_212,VDD,Metal1,135.0755,412.3685,5.000000
FILLER_101_194,VDD,Metal1,120.4480,412.2920,5.000000
FILLER_101_162,VDD,Metal1,107.0755,412.3685,5.000000
FILLER_101_157,VDD,Metal1,94.9200,411.6000,5.000000
FILLER_101_148,VDD,Metal1,89.8800,411.6000,5.000000
FILLER_101_146,VDD,Metal1,89.0400,411.6000,5.000000
FILLER_101_142,VDD,Metal1,87.7400,412.0325,5.000000
FILLER_101_136,VDD,Metal1,84.3800,412.0325,5.000000
FILLER_101_72,VDD,Metal1,65.6750,412.4140,5.000000
FILLER_101_68,VDD,Metal1,45.3600,411.6000,5.000000
FILLER_101_36,VDD,Metal1,36.5155,412.3685,5.000000
FILLER_100_769,VDD,Metal1,440.1065,411.0230,5.000000
FILLER_100_737,VDD,Metal1,429.0755,410.8310,5.000000
FILLER_100_733,VDD,Metal1,417.7600,411.6000,5.000000
FILLER_100_701,VDD,Metal1,408.9155,410.8310,5.000000
FILLER_100_664,VDD,Metal1,378.8400,411.6000,5.000000
FILLER_100_662,VDD,Metal1,378.0000,411.6000,5.000000
FILLER_100_658,VDD,Metal1,376.7000,411.1675,5.000000
FILLER_100_616,VDD,Metal1,354.4265,411.0230,5.000000
FILLER_100_603,VDD,Metal1,344.6800,411.6000,5.000000
FILLER_100_601,VDD,Metal1,343.8400,411.6000,5.000000
FILLER_100_597,VDD,Metal1,342.5400,411.1675,5.000000
FILLER_100_594,VDD,Metal1,339.6400,411.6000,5.000000
FILLER_100_592,VDD,Metal1,338.8000,411.6000,5.000000
FILLER_100_588,VDD,Metal1,337.5000,411.1675,5.000000
FILLER_100_579,VDD,Metal1,331.2400,411.6000,5.000000
FILLER_100_575,VDD,Metal1,330.2200,411.1675,5.000000
FILLER_100_559,VDD,Metal1,324.8480,410.9080,5.000000
FILLER_100_527,VDD,Metal1,311.4755,410.8310,5.000000
FILLER_100_521,VDD,Metal1,299.9800,411.1675,5.000000
FILLER_100_457,VDD,Metal1,281.2750,410.7855,5.000000
FILLER_100_453,VDD,Metal1,260.9600,411.6000,5.000000
FILLER_100_449,VDD,Metal1,259.6600,411.1675,5.000000
FILLER_100_433,VDD,Metal1,254.2880,410.9080,5.000000
FILLER_100_423,VDD,Metal1,244.1600,411.6000,5.000000
FILLER_100_419,VDD,Metal1,242.8600,411.1675,5.000000
FILLER_100_387,VDD,Metal1,233.0755,410.8310,5.000000
FILLER_100_381,VDD,Metal1,221.5800,411.1675,5.000000
FILLER_100_373,VDD,Metal1,218.3465,411.0230,5.000000
FILLER_100_337,VDD,Metal1,196.0000,411.6000,5.000000
FILLER_100_333,VDD,Metal1,194.7000,411.1675,5.000000
FILLER_100_317,VDD,Metal1,189.3280,410.9080,5.000000
FILLER_100_311,VDD,Metal1,182.3800,411.1675,5.000000
FILLER_100_247,VDD,Metal1,163.6750,410.7855,5.000000
FILLER_100_241,VDD,Metal1,143.1800,411.1675,5.000000
FILLER_100_177,VDD,Metal1,124.4750,410.7855,5.000000
FILLER_100_174,VDD,Metal1,104.4400,411.6000,5.000000
FILLER_100_166,VDD,Metal1,102.4265,411.0230,5.000000
FILLER_100_148,VDD,Metal1,90.1600,411.6000,5.000000
FILLER_100_139,VDD,Metal1,84.8400,411.6000,5.000000
FILLER_100_107,VDD,Metal1,76.2755,410.8310,5.000000
FILLER_100_101,VDD,Metal1,64.7800,411.1675,5.000000
FILLER_100_37,VDD,Metal1,46.0750,410.7855,5.000000
FILLER_100_34,VDD,Metal1,26.0400,411.6000,5.000000
FILLER_100_32,VDD,Metal1,25.2000,411.6000,5.000000
FILLER_100_28,VDD,Metal1,23.9000,411.1675,5.000000
FILLER_100_14,VDD,Metal1,14.8400,411.6000,5.000000
FILLER_100_10,VDD,Metal1,13.8200,411.1675,5.000000
FILLER_100_2,VDD,Metal1,10.5865,411.0230,5.000000
FILLER_99_776,VDD,Metal1,441.5600,403.7600,5.000000
FILLER_99_772,VDD,Metal1,440.5400,404.1925,5.000000
FILLER_99_766,VDD,Metal1,437.1800,404.1925,5.000000
FILLER_99_702,VDD,Metal1,418.4750,404.5740,5.000000
FILLER_99_696,VDD,Metal1,397.9800,404.1925,5.000000
FILLER_99_632,VDD,Metal1,379.2750,404.5740,5.000000
FILLER_99_629,VDD,Metal1,359.2400,403.7600,5.000000
FILLER_99_625,VDD,Metal1,358.2200,404.1925,5.000000
FILLER_99_593,VDD,Metal1,348.4355,404.5285,5.000000
FILLER_99_584,VDD,Metal1,334.0400,403.7600,5.000000
FILLER_99_582,VDD,Metal1,333.2000,403.7600,5.000000
FILLER_99_578,VDD,Metal1,331.9000,404.1925,5.000000
FILLER_99_562,VDD,Metal1,326.5280,404.4520,5.000000
FILLER_99_556,VDD,Metal1,319.5800,404.1925,5.000000
FILLER_99_492,VDD,Metal1,300.8750,404.5740,5.000000
FILLER_99_486,VDD,Metal1,280.3800,404.1925,5.000000
FILLER_99_422,VDD,Metal1,261.6750,404.5740,5.000000
FILLER_99_416,VDD,Metal1,241.1800,404.1925,5.000000
FILLER_99_352,VDD,Metal1,222.4750,404.5740,5.000000
FILLER_99_346,VDD,Metal1,201.9800,404.1925,5.000000
FILLER_99_282,VDD,Metal1,183.2750,404.5740,5.000000
FILLER_99_276,VDD,Metal1,162.7800,404.1925,5.000000
FILLER_99_212,VDD,Metal1,144.0750,404.5740,5.000000
FILLER_99_206,VDD,Metal1,123.5800,404.1925,5.000000
FILLER_99_142,VDD,Metal1,104.8750,404.5740,5.000000
FILLER_99_136,VDD,Metal1,84.3800,404.1925,5.000000
FILLER_99_72,VDD,Metal1,65.6750,404.5740,5.000000
FILLER_99_69,VDD,Metal1,45.6400,403.7600,5.000000
FILLER_99_37,VDD,Metal1,37.0755,404.5285,5.000000
FILLER_99_18,VDD,Metal1,19.5465,404.3365,5.000000
FILLER_99_2,VDD,Metal1,12.9280,404.4520,5.000000
FILLER_98_753,VDD,Metal1,431.1465,403.1830,5.000000
FILLER_98_737,VDD,Metal1,424.5280,403.0680,5.000000
FILLER_98_731,VDD,Metal1,417.5800,403.3275,5.000000
FILLER_98_667,VDD,Metal1,398.8750,402.9455,5.000000
FILLER_98_661,VDD,Metal1,378.3800,403.3275,5.000000
FILLER_98_597,VDD,Metal1,359.6750,402.9455,5.000000
FILLER_98_591,VDD,Metal1,339.1800,403.3275,5.000000
FILLER_98_527,VDD,Metal1,320.4750,402.9455,5.000000
FILLER_98_521,VDD,Metal1,299.9800,403.3275,5.000000
FILLER_98_457,VDD,Metal1,281.2750,402.9455,5.000000
FILLER_98_451,VDD,Metal1,260.7800,403.3275,5.000000
FILLER_98_387,VDD,Metal1,242.0750,402.9455,5.000000
FILLER_98_381,VDD,Metal1,221.5800,403.3275,5.000000
FILLER_98_317,VDD,Metal1,202.8750,402.9455,5.000000
FILLER_98_313,VDD,Metal1,182.5600,403.7600,5.000000
FILLER_98_309,VDD,Metal1,181.2600,403.3275,5.000000
FILLER_98_285,VDD,Metal1,166.6000,403.7600,5.000000
FILLER_98_283,VDD,Metal1,165.7600,403.7600,5.000000
FILLER_98_279,VDD,Metal1,164.4600,403.3275,5.000000
FILLER_98_247,VDD,Metal1,154.6755,402.9910,5.000000
FILLER_98_243,VDD,Metal1,143.3600,403.7600,5.000000
FILLER_98_235,VDD,Metal1,141.0665,403.1830,5.000000
FILLER_98_177,VDD,Metal1,106.1200,403.7600,5.000000
FILLER_98_171,VDD,Metal1,103.9800,403.3275,5.000000
FILLER_98_107,VDD,Metal1,85.2750,402.9455,5.000000
FILLER_98_101,VDD,Metal1,64.7800,403.3275,5.000000
FILLER_98_37,VDD,Metal1,46.0750,402.9455,5.000000
FILLER_98_33,VDD,Metal1,25.7600,403.7600,5.000000
FILLER_98_29,VDD,Metal1,24.4600,403.3275,5.000000
FILLER_98_18,VDD,Metal1,18.3000,403.3275,5.000000
FILLER_98_2,VDD,Metal1,12.9280,403.0680,5.000000
FILLER_97_776,VDD,Metal1,441.5600,395.9200,5.000000
FILLER_97_772,VDD,Metal1,440.5400,396.3525,5.000000
FILLER_97_769,VDD,Metal1,437.6400,395.9200,5.000000
FILLER_97_767,VDD,Metal1,436.8000,395.9200,5.000000
FILLER_97_735,VDD,Metal1,427.9555,396.6885,5.000000
FILLER_97_710,VDD,Metal1,404.8800,395.9200,5.000000
FILLER_97_702,VDD,Metal1,402.5865,396.4965,5.000000
FILLER_97_684,VDD,Metal1,394.8480,396.6120,5.000000
FILLER_97_648,VDD,Metal1,370.1600,395.9200,5.000000
FILLER_97_632,VDD,Metal1,365.7280,396.6120,5.000000
FILLER_97_626,VDD,Metal1,358.7800,396.3525,5.000000
FILLER_97_562,VDD,Metal1,340.0750,396.7340,5.000000
FILLER_97_558,VDD,Metal1,319.7600,395.9200,5.000000
FILLER_97_554,VDD,Metal1,318.4600,396.3525,5.000000
FILLER_97_538,VDD,Metal1,313.0880,396.6120,5.000000
FILLER_97_500,VDD,Metal1,288.2200,396.3525,5.000000
FILLER_97_492,VDD,Metal1,284.9865,396.4965,5.000000
FILLER_97_486,VDD,Metal1,280.3800,396.3525,5.000000
FILLER_97_422,VDD,Metal1,261.6750,396.7340,5.000000
FILLER_97_416,VDD,Metal1,241.1800,396.3525,5.000000
FILLER_97_352,VDD,Metal1,222.4750,396.7340,5.000000
FILLER_97_348,VDD,Metal1,202.1600,395.9200,5.000000
FILLER_97_344,VDD,Metal1,200.8600,396.3525,5.000000
FILLER_97_306,VDD,Metal1,179.5800,396.3525,5.000000
FILLER_97_298,VDD,Metal1,176.3465,396.4965,5.000000
FILLER_97_282,VDD,Metal1,169.7280,396.6120,5.000000
FILLER_97_279,VDD,Metal1,163.2400,395.9200,5.000000
FILLER_97_277,VDD,Metal1,162.4000,395.9200,5.000000
FILLER_97_273,VDD,Metal1,161.1000,396.3525,5.000000
FILLER_97_257,VDD,Metal1,155.7280,396.6120,5.000000
FILLER_97_252,VDD,Metal1,148.1200,395.9200,5.000000
FILLER_97_244,VDD,Metal1,146.1065,396.4965,5.000000
FILLER_97_212,VDD,Metal1,135.0755,396.6885,5.000000
FILLER_97_209,VDD,Metal1,124.0400,395.9200,5.000000
FILLER_97_205,VDD,Metal1,123.0200,396.3525,5.000000
FILLER_97_197,VDD,Metal1,119.7865,396.4965,5.000000
FILLER_97_165,VDD,Metal1,108.7555,396.6885,5.000000
FILLER_97_158,VDD,Metal1,95.7600,395.9200,5.000000
FILLER_97_142,VDD,Metal1,91.3280,396.6120,5.000000
FILLER_97_139,VDD,Metal1,84.8400,395.9200,5.000000
FILLER_97_137,VDD,Metal1,84.0000,395.9200,5.000000
FILLER_97_133,VDD,Metal1,82.7000,396.3525,5.000000
FILLER_97_86,VDD,Metal1,55.1600,395.9200,5.000000
FILLER_97_84,VDD,Metal1,54.3200,395.9200,5.000000
FILLER_97_80,VDD,Metal1,53.0200,396.3525,5.000000
FILLER_97_72,VDD,Metal1,49.7865,396.4965,5.000000
FILLER_97_69,VDD,Metal1,45.6400,395.9200,5.000000
FILLER_97_61,VDD,Metal1,43.6265,396.4965,5.000000
FILLER_97_46,VDD,Metal1,33.0400,395.9200,5.000000
FILLER_97_42,VDD,Metal1,31.7400,396.3525,5.000000
FILLER_97_36,VDD,Metal1,27.1600,395.9200,5.000000
FILLER_97_34,VDD,Metal1,26.3200,395.9200,5.000000
FILLER_97_2,VDD,Metal1,17.4755,396.6885,5.000000
FILLER_96_741,VDD,Metal1,422.2400,395.9200,5.000000
FILLER_96_737,VDD,Metal1,420.9400,395.4875,5.000000
FILLER_96_734,VDD,Metal1,418.0400,395.9200,5.000000
FILLER_96_730,VDD,Metal1,417.0200,395.4875,5.000000
FILLER_96_722,VDD,Metal1,413.7865,395.3430,5.000000
FILLER_96_706,VDD,Metal1,407.1680,395.2280,5.000000
FILLER_96_701,VDD,Metal1,399.5600,395.9200,5.000000
FILLER_96_699,VDD,Metal1,398.7200,395.9200,5.000000
FILLER_96_667,VDD,Metal1,389.8755,395.1510,5.000000
FILLER_96_664,VDD,Metal1,378.8400,395.9200,5.000000
FILLER_96_662,VDD,Metal1,378.0000,395.9200,5.000000
FILLER_96_658,VDD,Metal1,376.7000,395.4875,5.000000
FILLER_96_642,VDD,Metal1,371.3280,395.2280,5.000000
FILLER_96_607,VDD,Metal1,346.9200,395.9200,5.000000
FILLER_96_605,VDD,Metal1,346.0800,395.9200,5.000000
FILLER_96_597,VDD,Metal1,343.7865,395.3430,5.000000
FILLER_96_587,VDD,Metal1,338.1865,395.3430,5.000000
FILLER_96_571,VDD,Metal1,331.5680,395.2280,5.000000
FILLER_96_543,VDD,Metal1,311.0800,395.9200,5.000000
FILLER_96_527,VDD,Metal1,306.9280,395.2280,5.000000
FILLER_96_521,VDD,Metal1,299.9800,395.4875,5.000000
FILLER_96_513,VDD,Metal1,296.7465,395.3430,5.000000
FILLER_96_497,VDD,Metal1,290.1280,395.2280,5.000000
FILLER_96_461,VDD,Metal1,265.4400,395.9200,5.000000
FILLER_96_457,VDD,Metal1,264.1400,395.4875,5.000000
FILLER_96_453,VDD,Metal1,260.9600,395.9200,5.000000
FILLER_96_437,VDD,Metal1,256.5280,395.2280,5.000000
FILLER_96_431,VDD,Metal1,248.6400,395.9200,5.000000
FILLER_96_399,VDD,Metal1,239.7955,395.1510,5.000000
FILLER_96_387,VDD,Metal1,226.1865,395.3430,5.000000
FILLER_96_381,VDD,Metal1,221.5800,395.4875,5.000000
FILLER_96_317,VDD,Metal1,202.8750,395.1055,5.000000
FILLER_96_311,VDD,Metal1,182.3800,395.4875,5.000000
FILLER_96_295,VDD,Metal1,177.0080,395.2280,5.000000
FILLER_96_263,VDD,Metal1,163.6355,395.1510,5.000000
FILLER_96_241,VDD,Metal1,143.1800,395.4875,5.000000
FILLER_96_177,VDD,Metal1,124.4750,395.1055,5.000000
FILLER_96_171,VDD,Metal1,103.9800,395.4875,5.000000
FILLER_96_107,VDD,Metal1,85.2750,395.1055,5.000000
FILLER_96_104,VDD,Metal1,65.2400,395.9200,5.000000
FILLER_96_88,VDD,Metal1,61.0880,395.2280,5.000000
FILLER_96_53,VDD,Metal1,36.6800,395.9200,5.000000
FILLER_96_37,VDD,Metal1,32.5280,395.2280,5.000000
FILLER_96_34,VDD,Metal1,26.0400,395.9200,5.000000
FILLER_96_2,VDD,Metal1,17.4755,395.1510,5.000000
FILLER_95_776,VDD,Metal1,441.5600,388.0800,5.000000
FILLER_95_772,VDD,Metal1,440.5400,388.5125,5.000000
FILLER_95_769,VDD,Metal1,437.6400,388.0800,5.000000
FILLER_95_767,VDD,Metal1,436.8000,388.0800,5.000000
FILLER_95_763,VDD,Metal1,435.5000,388.5125,5.000000
FILLER_95_747,VDD,Metal1,430.1280,388.7720,5.000000
FILLER_95_715,VDD,Metal1,416.7555,388.8485,5.000000
FILLER_95_696,VDD,Metal1,397.9800,388.5125,5.000000
FILLER_95_632,VDD,Metal1,379.2750,388.8940,5.000000
FILLER_95_628,VDD,Metal1,358.9600,388.0800,5.000000
FILLER_95_596,VDD,Metal1,350.1155,388.8485,5.000000
FILLER_95_590,VDD,Metal1,337.6800,388.0800,5.000000
FILLER_95_586,VDD,Metal1,336.3800,388.5125,5.000000
FILLER_95_578,VDD,Metal1,333.1465,388.6565,5.000000
FILLER_95_572,VDD,Metal1,327.3200,388.0800,5.000000
FILLER_95_570,VDD,Metal1,326.4800,388.0800,5.000000
FILLER_95_562,VDD,Metal1,324.1865,388.6565,5.000000
FILLER_95_548,VDD,Metal1,315.1000,388.5125,5.000000
FILLER_95_540,VDD,Metal1,311.8665,388.6565,5.000000
FILLER_95_524,VDD,Metal1,305.2480,388.7720,5.000000
FILLER_95_492,VDD,Metal1,291.8755,388.8485,5.000000
FILLER_95_488,VDD,Metal1,280.5600,388.0800,5.000000
FILLER_95_484,VDD,Metal1,279.2600,388.5125,5.000000
FILLER_95_452,VDD,Metal1,269.4755,388.8485,5.000000
FILLER_95_428,VDD,Metal1,246.6800,388.0800,5.000000
FILLER_95_426,VDD,Metal1,245.8400,388.0800,5.000000
FILLER_95_422,VDD,Metal1,244.5400,388.5125,5.000000
FILLER_95_419,VDD,Metal1,241.6400,388.0800,5.000000
FILLER_95_417,VDD,Metal1,240.8000,388.0800,5.000000
FILLER_95_406,VDD,Metal1,234.3600,388.0800,5.000000
FILLER_95_397,VDD,Metal1,229.3200,388.0800,5.000000
FILLER_95_395,VDD,Metal1,228.4800,388.0800,5.000000
FILLER_95_360,VDD,Metal1,208.6000,388.0800,5.000000
FILLER_95_352,VDD,Metal1,206.5865,388.6565,5.000000
FILLER_95_346,VDD,Metal1,201.9800,388.5125,5.000000
FILLER_95_282,VDD,Metal1,183.2750,388.8940,5.000000
FILLER_95_278,VDD,Metal1,162.9600,388.0800,5.000000
FILLER_95_262,VDD,Metal1,158.5280,388.7720,5.000000
FILLER_95_248,VDD,Metal1,145.8800,388.0800,5.000000
FILLER_95_244,VDD,Metal1,144.8600,388.5125,5.000000
FILLER_95_212,VDD,Metal1,135.0755,388.8485,5.000000
FILLER_95_209,VDD,Metal1,124.0400,388.0800,5.000000
FILLER_95_207,VDD,Metal1,123.2000,388.0800,5.000000
FILLER_95_191,VDD,Metal1,118.7680,388.7720,5.000000
FILLER_95_159,VDD,Metal1,105.3955,388.8485,5.000000
FILLER_95_150,VDD,Metal1,91.0000,388.0800,5.000000
FILLER_95_142,VDD,Metal1,88.9865,388.6565,5.000000
FILLER_95_136,VDD,Metal1,84.3800,388.5125,5.000000
FILLER_95_72,VDD,Metal1,65.6750,388.8940,5.000000
FILLER_95_66,VDD,Metal1,45.1800,388.5125,5.000000
FILLER_95_2,VDD,Metal1,26.4750,388.8940,5.000000
FILLER_94_769,VDD,Metal1,440.1065,387.5030,5.000000
FILLER_94_737,VDD,Metal1,429.0755,387.3110,5.000000
FILLER_94_731,VDD,Metal1,417.5800,387.6475,5.000000
FILLER_94_667,VDD,Metal1,398.8750,387.2655,5.000000
FILLER_94_661,VDD,Metal1,378.3800,387.6475,5.000000
FILLER_94_597,VDD,Metal1,359.6750,387.2655,5.000000
FILLER_94_586,VDD,Metal1,335.1600,388.0800,5.000000
FILLER_94_584,VDD,Metal1,334.3200,388.0800,5.000000
FILLER_94_580,VDD,Metal1,333.0200,387.6475,5.000000
FILLER_94_571,VDD,Metal1,327.0400,388.0800,5.000000
FILLER_94_564,VDD,Metal1,323.1200,388.0800,5.000000
FILLER_94_560,VDD,Metal1,321.8200,387.6475,5.000000
FILLER_94_551,VDD,Metal1,316.7800,387.6475,5.000000
FILLER_94_543,VDD,Metal1,313.5465,387.5030,5.000000
FILLER_94_527,VDD,Metal1,306.9280,387.3880,5.000000
FILLER_94_521,VDD,Metal1,299.9800,387.6475,5.000000
FILLER_94_457,VDD,Metal1,281.2750,387.2655,5.000000
FILLER_94_453,VDD,Metal1,260.9600,388.0800,5.000000
FILLER_94_449,VDD,Metal1,259.6600,387.6475,5.000000
FILLER_94_441,VDD,Metal1,256.4265,387.5030,5.000000
FILLER_94_431,VDD,Metal1,248.6400,388.0800,5.000000
FILLER_94_427,VDD,Metal1,247.3400,387.6475,5.000000
FILLER_94_419,VDD,Metal1,244.1065,387.5030,5.000000
FILLER_94_387,VDD,Metal1,233.0755,387.3110,5.000000
FILLER_94_384,VDD,Metal1,222.0400,388.0800,5.000000
FILLER_94_382,VDD,Metal1,221.2000,388.0800,5.000000
FILLER_94_378,VDD,Metal1,219.9000,387.6475,5.000000
FILLER_94_370,VDD,Metal1,216.6665,387.5030,5.000000
FILLER_94_354,VDD,Metal1,210.0480,387.3880,5.000000
FILLER_94_319,VDD,Metal1,185.6400,388.0800,5.000000
FILLER_94_317,VDD,Metal1,184.8000,388.0800,5.000000
FILLER_94_314,VDD,Metal1,182.8400,388.0800,5.000000
FILLER_94_312,VDD,Metal1,182.0000,388.0800,5.000000
FILLER_94_308,VDD,Metal1,180.7000,387.6475,5.000000
FILLER_94_283,VDD,Metal1,165.4800,388.0800,5.000000
FILLER_94_281,VDD,Metal1,164.6400,388.0800,5.000000
FILLER_94_277,VDD,Metal1,163.3400,387.6475,5.000000
FILLER_94_269,VDD,Metal1,160.1065,387.5030,5.000000
FILLER_94_253,VDD,Metal1,153.4880,387.3880,5.000000
FILLER_94_247,VDD,Metal1,145.3200,388.0800,5.000000
FILLER_94_241,VDD,Metal1,143.1800,387.6475,5.000000
FILLER_94_177,VDD,Metal1,124.4750,387.2655,5.000000
FILLER_94_167,VDD,Metal1,102.9865,387.5030,5.000000
FILLER_94_153,VDD,Metal1,92.6800,388.0800,5.000000
FILLER_94_151,VDD,Metal1,91.8400,388.0800,5.000000
FILLER_94_147,VDD,Metal1,90.5400,387.6475,5.000000
FILLER_94_139,VDD,Metal1,87.3065,387.5030,5.000000
FILLER_94_107,VDD,Metal1,76.2755,387.3110,5.000000
FILLER_94_104,VDD,Metal1,65.2400,388.0800,5.000000
FILLER_94_96,VDD,Metal1,63.2265,387.5030,5.000000
FILLER_94_85,VDD,Metal1,55.8200,387.6475,5.000000
FILLER_94_69,VDD,Metal1,50.4480,387.3880,5.000000
FILLER_94_37,VDD,Metal1,37.0755,387.3110,5.000000
FILLER_94_34,VDD,Metal1,26.0400,388.0800,5.000000
FILLER_94_32,VDD,Metal1,25.2000,388.0800,5.000000
FILLER_94_28,VDD,Metal1,23.9000,387.6475,5.000000
FILLER_94_14,VDD,Metal1,15.1200,388.0800,5.000000
FILLER_94_10,VDD,Metal1,13.8200,387.6475,5.000000
FILLER_94_2,VDD,Metal1,10.5865,387.5030,5.000000
FILLER_93_776,VDD,Metal1,441.5600,380.2400,5.000000
FILLER_93_772,VDD,Metal1,440.5400,380.6725,5.000000
FILLER_93_768,VDD,Metal1,437.3600,380.2400,5.000000
FILLER_93_736,VDD,Metal1,428.5155,381.0085,5.000000
FILLER_93_719,VDD,Metal1,409.6400,380.2400,5.000000
FILLER_93_717,VDD,Metal1,408.8000,380.2400,5.000000
FILLER_93_696,VDD,Metal1,397.9800,380.6725,5.000000
FILLER_93_632,VDD,Metal1,379.2750,381.0540,5.000000
FILLER_93_626,VDD,Metal1,358.7800,380.6725,5.000000
FILLER_93_562,VDD,Metal1,340.0750,381.0540,5.000000
FILLER_93_556,VDD,Metal1,319.5800,380.6725,5.000000
FILLER_93_492,VDD,Metal1,300.8750,381.0540,5.000000
FILLER_93_462,VDD,Metal1,266.0000,380.2400,5.000000
FILLER_93_454,VDD,Metal1,263.7065,380.8165,5.000000
FILLER_93_422,VDD,Metal1,252.6755,381.0085,5.000000
FILLER_93_418,VDD,Metal1,241.3600,380.2400,5.000000
FILLER_93_414,VDD,Metal1,240.0600,380.6725,5.000000
FILLER_93_406,VDD,Metal1,236.8265,380.8165,5.000000
FILLER_93_398,VDD,Metal1,229.8800,380.2400,5.000000
FILLER_93_396,VDD,Metal1,229.0400,380.2400,5.000000
FILLER_93_392,VDD,Metal1,227.7400,380.6725,5.000000
FILLER_93_384,VDD,Metal1,224.5065,380.8165,5.000000
FILLER_93_352,VDD,Metal1,213.4755,381.0085,5.000000
FILLER_93_346,VDD,Metal1,201.9800,380.6725,5.000000
FILLER_93_282,VDD,Metal1,183.2750,381.0540,5.000000
FILLER_93_276,VDD,Metal1,162.7800,380.6725,5.000000
FILLER_93_260,VDD,Metal1,157.4080,380.9320,5.000000
FILLER_93_244,VDD,Metal1,143.6400,380.2400,5.000000
FILLER_93_212,VDD,Metal1,135.0755,381.0085,5.000000
FILLER_93_208,VDD,Metal1,123.7600,380.2400,5.000000
FILLER_93_204,VDD,Metal1,122.4600,380.6725,5.000000
FILLER_93_196,VDD,Metal1,119.2265,380.8165,5.000000
FILLER_93_164,VDD,Metal1,108.1955,381.0085,5.000000
FILLER_93_158,VDD,Metal1,95.4800,380.2400,5.000000
FILLER_93_142,VDD,Metal1,91.3280,380.9320,5.000000
FILLER_93_124,VDD,Metal1,81.2480,380.9320,5.000000
FILLER_93_72,VDD,Metal1,47.6000,380.2400,5.000000
FILLER_93_66,VDD,Metal1,45.1800,380.6725,5.000000
FILLER_93_58,VDD,Metal1,41.9465,380.8165,5.000000
FILLER_93_42,VDD,Metal1,35.3280,380.9320,5.000000
FILLER_93_6,VDD,Metal1,10.6400,380.2400,5.000000
FILLER_93_2,VDD,Metal1,9.3400,380.6725,5.000000
FILLER_92_741,VDD,Metal1,422.2400,380.2400,5.000000
FILLER_92_737,VDD,Metal1,420.9400,379.8075,5.000000
FILLER_92_734,VDD,Metal1,418.0400,380.2400,5.000000
FILLER_92_718,VDD,Metal1,413.8880,379.5480,5.000000
FILLER_92_712,VDD,Metal1,405.7200,380.2400,5.000000
FILLER_92_710,VDD,Metal1,404.8800,380.2400,5.000000
FILLER_92_702,VDD,Metal1,402.5865,379.6630,5.000000
FILLER_92_686,VDD,Metal1,395.9680,379.5480,5.000000
FILLER_92_673,VDD,Metal1,383.8800,380.2400,5.000000
FILLER_92_671,VDD,Metal1,383.0400,380.2400,5.000000
FILLER_92_667,VDD,Metal1,381.7400,379.8075,5.000000
FILLER_92_661,VDD,Metal1,378.3800,379.8075,5.000000
FILLER_92_653,VDD,Metal1,373.9000,379.8075,5.000000
FILLER_92_645,VDD,Metal1,370.6665,379.6630,5.000000
FILLER_92_629,VDD,Metal1,364.0480,379.5480,5.000000
FILLER_92_597,VDD,Metal1,350.6755,379.4710,5.000000
FILLER_92_593,VDD,Metal1,339.3600,380.2400,5.000000
FILLER_92_589,VDD,Metal1,338.0600,379.8075,5.000000
FILLER_92_573,VDD,Metal1,332.6880,379.5480,5.000000
FILLER_92_564,VDD,Metal1,322.8400,380.2400,5.000000
FILLER_92_562,VDD,Metal1,322.0000,380.2400,5.000000
FILLER_92_558,VDD,Metal1,320.7000,379.8075,5.000000
FILLER_92_542,VDD,Metal1,315.3280,379.5480,5.000000
FILLER_92_529,VDD,Metal1,303.2400,380.2400,5.000000
FILLER_92_527,VDD,Metal1,302.4000,380.2400,5.000000
FILLER_92_517,VDD,Metal1,298.9865,379.6630,5.000000
FILLER_92_511,VDD,Metal1,293.4400,380.2400,5.000000
FILLER_92_495,VDD,Metal1,289.0080,379.5480,5.000000
FILLER_92_457,VDD,Metal1,264.1400,379.8075,5.000000
FILLER_92_447,VDD,Metal1,259.7865,379.6630,5.000000
FILLER_92_423,VDD,Metal1,248.6880,379.5480,5.000000
FILLER_92_413,VDD,Metal1,238.2800,380.2400,5.000000
FILLER_92_411,VDD,Metal1,237.4400,380.2400,5.000000
FILLER_92_403,VDD,Metal1,235.1465,379.6630,5.000000
FILLER_92_387,VDD,Metal1,228.5280,379.5480,5.000000
FILLER_92_381,VDD,Metal1,221.5800,379.8075,5.000000
FILLER_92_317,VDD,Metal1,202.8750,379.4255,5.000000
FILLER_92_314,VDD,Metal1,182.8400,380.2400,5.000000
FILLER_92_310,VDD,Metal1,181.8200,379.8075,5.000000
FILLER_92_302,VDD,Metal1,178.5865,379.6630,5.000000
FILLER_92_286,VDD,Metal1,171.9680,379.5480,5.000000
FILLER_92_254,VDD,Metal1,158.5955,379.4710,5.000000
FILLER_92_241,VDD,Metal1,143.1800,379.8075,5.000000
FILLER_92_233,VDD,Metal1,139.9465,379.6630,5.000000
FILLER_92_197,VDD,Metal1,117.6000,380.2400,5.000000
FILLER_92_193,VDD,Metal1,116.3000,379.8075,5.000000
FILLER_92_177,VDD,Metal1,110.9280,379.5480,5.000000
FILLER_92_174,VDD,Metal1,104.4400,380.2400,5.000000
FILLER_92_166,VDD,Metal1,102.4265,379.6630,5.000000
FILLER_92_157,VDD,Metal1,94.9200,380.2400,5.000000
FILLER_92_149,VDD,Metal1,90.4400,380.2400,5.000000
FILLER_92_147,VDD,Metal1,89.6000,380.2400,5.000000
FILLER_92_139,VDD,Metal1,87.3065,379.6630,5.000000
FILLER_92_107,VDD,Metal1,76.2755,379.4710,5.000000
FILLER_92_104,VDD,Metal1,65.2400,380.2400,5.000000
FILLER_92_102,VDD,Metal1,64.4000,380.2400,5.000000
FILLER_92_94,VDD,Metal1,62.1065,379.6630,5.000000
FILLER_92_82,VDD,Metal1,53.2000,380.2400,5.000000
FILLER_92_73,VDD,Metal1,47.8800,380.2400,5.000000
FILLER_92_69,VDD,Metal1,46.8600,379.8075,5.000000
FILLER_92_37,VDD,Metal1,37.0755,379.4710,5.000000
FILLER_92_34,VDD,Metal1,26.0400,380.2400,5.000000
FILLER_92_2,VDD,Metal1,17.4755,379.4710,5.000000
FILLER_91_776,VDD,Metal1,441.5600,372.4000,5.000000
FILLER_91_772,VDD,Metal1,440.5400,372.8325,5.000000
FILLER_91_768,VDD,Metal1,437.3600,372.4000,5.000000
FILLER_91_764,VDD,Metal1,436.0600,372.8325,5.000000
FILLER_91_748,VDD,Metal1,430.6880,373.0920,5.000000
FILLER_91_734,VDD,Metal1,418.3200,372.4000,5.000000
FILLER_91_702,VDD,Metal1,409.4755,373.1685,5.000000
FILLER_91_698,VDD,Metal1,398.1600,372.4000,5.000000
FILLER_91_682,VDD,Metal1,393.7280,373.0920,5.000000
FILLER_91_675,VDD,Metal1,385.0000,372.4000,5.000000
FILLER_91_673,VDD,Metal1,384.1600,372.4000,5.000000
FILLER_91_638,VDD,Metal1,364.2800,372.4000,5.000000
FILLER_91_636,VDD,Metal1,363.4400,372.4000,5.000000
FILLER_91_632,VDD,Metal1,362.1400,372.8325,5.000000
FILLER_91_629,VDD,Metal1,359.2400,372.4000,5.000000
FILLER_91_627,VDD,Metal1,358.4000,372.4000,5.000000
FILLER_91_595,VDD,Metal1,349.5555,373.1685,5.000000
FILLER_91_582,VDD,Metal1,332.9200,372.4000,5.000000
FILLER_91_578,VDD,Metal1,331.9000,372.8325,5.000000
FILLER_91_562,VDD,Metal1,326.5280,373.0920,5.000000
FILLER_91_558,VDD,Metal1,319.7600,372.4000,5.000000
FILLER_91_554,VDD,Metal1,318.4600,372.8325,5.000000
FILLER_91_538,VDD,Metal1,313.0880,373.0920,5.000000
FILLER_91_531,VDD,Metal1,304.3600,372.4000,5.000000
FILLER_91_529,VDD,Metal1,303.5200,372.4000,5.000000
FILLER_91_494,VDD,Metal1,283.6400,372.4000,5.000000
FILLER_91_492,VDD,Metal1,282.8000,372.4000,5.000000
FILLER_91_488,VDD,Metal1,280.5600,372.4000,5.000000
FILLER_91_456,VDD,Metal1,271.7155,373.1685,5.000000
FILLER_91_443,VDD,Metal1,255.0800,372.4000,5.000000
FILLER_91_441,VDD,Metal1,254.2400,372.4000,5.000000
FILLER_91_437,VDD,Metal1,252.9400,372.8325,5.000000
FILLER_91_430,VDD,Metal1,248.0800,372.4000,5.000000
FILLER_91_422,VDD,Metal1,245.7865,372.9765,5.000000
FILLER_91_418,VDD,Metal1,241.3600,372.4000,5.000000
FILLER_91_414,VDD,Metal1,240.0600,372.8325,5.000000
FILLER_91_406,VDD,Metal1,236.8265,372.9765,5.000000
FILLER_91_397,VDD,Metal1,230.5400,372.8325,5.000000
FILLER_91_389,VDD,Metal1,227.3065,372.9765,5.000000
FILLER_91_384,VDD,Metal1,222.0400,372.4000,5.000000
FILLER_91_352,VDD,Metal1,213.4755,373.1685,5.000000
FILLER_91_348,VDD,Metal1,202.1600,372.4000,5.000000
FILLER_91_344,VDD,Metal1,200.8600,372.8325,5.000000
FILLER_91_328,VDD,Metal1,195.4880,373.0920,5.000000
FILLER_91_290,VDD,Metal1,170.6200,372.8325,5.000000
FILLER_91_228,VDD,Metal1,134.9600,372.4000,5.000000
FILLER_91_212,VDD,Metal1,130.5280,373.0920,5.000000
FILLER_91_209,VDD,Metal1,124.0400,372.4000,5.000000
FILLER_91_205,VDD,Metal1,123.0200,372.8325,5.000000
FILLER_91_174,VDD,Metal1,106.9065,372.9765,5.000000
FILLER_91_142,VDD,Metal1,95.8755,373.1685,5.000000
FILLER_91_136,VDD,Metal1,84.3800,372.8325,5.000000
FILLER_91_104,VDD,Metal1,74.5955,373.1685,5.000000
FILLER_91_88,VDD,Metal1,56.5600,372.4000,5.000000
FILLER_91_72,VDD,Metal1,52.1280,373.0920,5.000000
FILLER_91_56,VDD,Metal1,38.6400,372.4000,5.000000
FILLER_91_40,VDD,Metal1,34.2080,373.0920,5.000000
FILLER_91_2,VDD,Metal1,9.3400,372.8325,5.000000
FILLER_90_753,VDD,Metal1,431.1465,371.8230,5.000000
FILLER_90_737,VDD,Metal1,424.5280,371.7080,5.000000
FILLER_90_731,VDD,Metal1,417.5800,371.9675,5.000000
FILLER_90_667,VDD,Metal1,398.8750,371.5855,5.000000
FILLER_90_664,VDD,Metal1,378.8400,372.4000,5.000000
FILLER_90_656,VDD,Metal1,376.8265,371.8230,5.000000
FILLER_90_640,VDD,Metal1,370.2080,371.7080,5.000000
FILLER_90_605,VDD,Metal1,345.8000,372.4000,5.000000
FILLER_90_597,VDD,Metal1,343.7865,371.8230,5.000000
FILLER_90_594,VDD,Metal1,339.6400,372.4000,5.000000
FILLER_90_590,VDD,Metal1,338.6200,371.9675,5.000000
FILLER_90_581,VDD,Metal1,332.3600,372.4000,5.000000
FILLER_90_579,VDD,Metal1,331.5200,372.4000,5.000000
FILLER_90_575,VDD,Metal1,330.2200,371.9675,5.000000
FILLER_90_559,VDD,Metal1,324.8480,371.7080,5.000000
FILLER_90_527,VDD,Metal1,311.4755,371.6310,5.000000
FILLER_90_521,VDD,Metal1,299.9800,371.9675,5.000000
FILLER_90_457,VDD,Metal1,281.2750,371.5855,5.000000
FILLER_90_454,VDD,Metal1,261.2400,372.4000,5.000000
FILLER_90_452,VDD,Metal1,260.4000,372.4000,5.000000
FILLER_90_448,VDD,Metal1,259.1000,371.9675,5.000000
FILLER_90_440,VDD,Metal1,255.8665,371.8230,5.000000
FILLER_90_408,VDD,Metal1,244.8355,371.6310,5.000000
FILLER_90_399,VDD,Metal1,230.4400,372.4000,5.000000
FILLER_90_395,VDD,Metal1,229.4200,371.9675,5.000000
FILLER_90_387,VDD,Metal1,226.1865,371.8230,5.000000
FILLER_90_383,VDD,Metal1,221.7600,372.4000,5.000000
FILLER_90_379,VDD,Metal1,220.4600,371.9675,5.000000
FILLER_90_341,VDD,Metal1,199.1800,371.9675,5.000000
FILLER_90_333,VDD,Metal1,195.9465,371.8230,5.000000
FILLER_90_317,VDD,Metal1,189.3280,371.7080,5.000000
FILLER_90_314,VDD,Metal1,182.8400,372.4000,5.000000
FILLER_90_312,VDD,Metal1,182.0000,372.4000,5.000000
FILLER_90_308,VDD,Metal1,180.7000,371.9675,5.000000
FILLER_90_292,VDD,Metal1,175.3280,371.7080,5.000000
FILLER_90_279,VDD,Metal1,163.2400,372.4000,5.000000
FILLER_90_247,VDD,Metal1,154.6755,371.6310,5.000000
FILLER_90_241,VDD,Metal1,143.1800,371.9675,5.000000
FILLER_90_177,VDD,Metal1,124.4750,371.5855,5.000000
FILLER_90_173,VDD,Metal1,104.1600,372.4000,5.000000
FILLER_90_165,VDD,Metal1,101.8665,371.8230,5.000000
FILLER_90_153,VDD,Metal1,92.6800,372.4000,5.000000
FILLER_90_149,VDD,Metal1,91.6600,371.9675,5.000000
FILLER_90_141,VDD,Metal1,88.4265,371.8230,5.000000
FILLER_90_101,VDD,Metal1,64.7800,371.9675,5.000000
FILLER_90_85,VDD,Metal1,59.4080,371.7080,5.000000
FILLER_90_49,VDD,Metal1,34.7200,372.4000,5.000000
FILLER_90_45,VDD,Metal1,33.4200,371.9675,5.000000
FILLER_90_37,VDD,Metal1,30.1865,371.8230,5.000000
FILLER_90_34,VDD,Metal1,26.0400,372.4000,5.000000
FILLER_90_32,VDD,Metal1,25.2000,372.4000,5.000000
FILLER_90_28,VDD,Metal1,23.9000,371.9675,5.000000
FILLER_90_20,VDD,Metal1,20.6665,371.8230,5.000000
FILLER_90_14,VDD,Metal1,15.1200,372.4000,5.000000
FILLER_90_10,VDD,Metal1,13.8200,371.9675,5.000000
FILLER_90_2,VDD,Metal1,10.5865,371.8230,5.000000
FILLER_89_776,VDD,Metal1,441.5600,364.5600,5.000000
FILLER_89_772,VDD,Metal1,440.5400,364.9925,5.000000
FILLER_89_766,VDD,Metal1,437.1800,364.9925,5.000000
FILLER_89_702,VDD,Metal1,418.4750,365.3740,5.000000
FILLER_89_696,VDD,Metal1,397.9800,364.9925,5.000000
FILLER_89_632,VDD,Metal1,379.2750,365.3740,5.000000
FILLER_89_626,VDD,Metal1,358.7800,364.9925,5.000000
FILLER_89_618,VDD,Metal1,355.5465,365.1365,5.000000
FILLER_89_586,VDD,Metal1,344.5155,365.3285,5.000000
FILLER_89_580,VDD,Metal1,331.8000,364.5600,5.000000
FILLER_89_578,VDD,Metal1,330.9600,364.5600,5.000000
FILLER_89_562,VDD,Metal1,326.5280,365.2520,5.000000
FILLER_89_556,VDD,Metal1,319.5800,364.9925,5.000000
FILLER_89_492,VDD,Metal1,300.8750,365.3740,5.000000
FILLER_89_486,VDD,Metal1,280.3800,364.9925,5.000000
FILLER_89_422,VDD,Metal1,261.6750,365.3740,5.000000
FILLER_89_416,VDD,Metal1,241.1800,364.9925,5.000000
FILLER_89_352,VDD,Metal1,222.4750,365.3740,5.000000
FILLER_89_346,VDD,Metal1,201.9800,364.9925,5.000000
FILLER_89_282,VDD,Metal1,183.2750,365.3740,5.000000
FILLER_89_279,VDD,Metal1,163.2400,364.5600,5.000000
FILLER_89_275,VDD,Metal1,162.2200,364.9925,5.000000
FILLER_89_267,VDD,Metal1,158.9865,365.1365,5.000000
FILLER_89_246,VDD,Metal1,144.7600,364.5600,5.000000
FILLER_89_244,VDD,Metal1,143.9200,364.5600,5.000000
FILLER_89_212,VDD,Metal1,135.0755,365.3285,5.000000
FILLER_89_208,VDD,Metal1,123.7600,364.5600,5.000000
FILLER_89_204,VDD,Metal1,122.4600,364.9925,5.000000
FILLER_89_196,VDD,Metal1,119.2265,365.1365,5.000000
FILLER_89_164,VDD,Metal1,108.1955,365.3285,5.000000
FILLER_89_150,VDD,Metal1,91.0000,364.5600,5.000000
FILLER_89_142,VDD,Metal1,88.9865,365.1365,5.000000
FILLER_89_136,VDD,Metal1,84.3800,364.9925,5.000000
FILLER_89_72,VDD,Metal1,65.6750,365.3740,5.000000
FILLER_89_66,VDD,Metal1,45.1800,364.9925,5.000000
FILLER_89_2,VDD,Metal1,26.4750,365.3740,5.000000
FILLER_88_753,VDD,Metal1,431.1465,363.9830,5.000000
FILLER_88_737,VDD,Metal1,424.5280,363.8680,5.000000
FILLER_88_731,VDD,Metal1,417.5800,364.1275,5.000000
FILLER_88_667,VDD,Metal1,398.8750,363.7455,5.000000
FILLER_88_661,VDD,Metal1,378.3800,364.1275,5.000000
FILLER_88_597,VDD,Metal1,359.6750,363.7455,5.000000
FILLER_88_591,VDD,Metal1,339.1800,364.1275,5.000000
FILLER_88_527,VDD,Metal1,320.4750,363.7455,5.000000
FILLER_88_521,VDD,Metal1,299.9800,364.1275,5.000000
FILLER_88_457,VDD,Metal1,281.2750,363.7455,5.000000
FILLER_88_453,VDD,Metal1,260.9600,364.5600,5.000000
FILLER_88_445,VDD,Metal1,258.6665,363.9830,5.000000
FILLER_88_429,VDD,Metal1,252.0480,363.8680,5.000000
FILLER_88_419,VDD,Metal1,241.9200,364.5600,5.000000
FILLER_88_387,VDD,Metal1,233.0755,363.7910,5.000000
FILLER_88_381,VDD,Metal1,221.5800,364.1275,5.000000
FILLER_88_317,VDD,Metal1,202.8750,363.7455,5.000000
FILLER_88_311,VDD,Metal1,182.3800,364.1275,5.000000
FILLER_88_247,VDD,Metal1,163.6750,363.7455,5.000000
FILLER_88_244,VDD,Metal1,143.6400,364.5600,5.000000
FILLER_88_242,VDD,Metal1,142.8000,364.5600,5.000000
FILLER_88_238,VDD,Metal1,141.5000,364.1275,5.000000
FILLER_88_222,VDD,Metal1,136.1280,363.8680,5.000000
FILLER_88_190,VDD,Metal1,122.7555,363.7910,5.000000
FILLER_88_181,VDD,Metal1,108.3600,364.5600,5.000000
FILLER_88_177,VDD,Metal1,107.3400,364.1275,5.000000
FILLER_88_169,VDD,Metal1,101.6400,364.5600,5.000000
FILLER_88_167,VDD,Metal1,100.8000,364.5600,5.000000
FILLER_88_163,VDD,Metal1,99.5000,364.1275,5.000000
FILLER_88_155,VDD,Metal1,96.2665,363.9830,5.000000
FILLER_88_139,VDD,Metal1,89.6480,363.8680,5.000000
FILLER_88_107,VDD,Metal1,76.2755,363.7910,5.000000
FILLER_88_101,VDD,Metal1,64.7800,364.1275,5.000000
FILLER_88_37,VDD,Metal1,46.0750,363.7455,5.000000
FILLER_88_34,VDD,Metal1,26.0400,364.5600,5.000000
FILLER_88_2,VDD,Metal1,17.4755,363.7910,5.000000
FILLER_87_776,VDD,Metal1,441.5600,356.7200,5.000000
FILLER_87_772,VDD,Metal1,440.5400,357.1525,5.000000
FILLER_87_768,VDD,Metal1,437.3600,356.7200,5.000000
FILLER_87_764,VDD,Metal1,436.0600,357.1525,5.000000
FILLER_87_756,VDD,Metal1,432.8265,357.2965,5.000000
FILLER_87_740,VDD,Metal1,426.2080,357.4120,5.000000
FILLER_87_708,VDD,Metal1,412.8355,357.4885,5.000000
FILLER_87_687,VDD,Metal1,391.7200,356.7200,5.000000
FILLER_87_685,VDD,Metal1,390.8800,356.7200,5.000000
FILLER_87_681,VDD,Metal1,389.5800,357.1525,5.000000
FILLER_87_646,VDD,Metal1,368.7600,356.7200,5.000000
FILLER_87_644,VDD,Metal1,367.9200,356.7200,5.000000
FILLER_87_640,VDD,Metal1,366.6200,357.1525,5.000000
FILLER_87_632,VDD,Metal1,363.3865,357.2965,5.000000
FILLER_87_628,VDD,Metal1,358.9600,356.7200,5.000000
FILLER_87_624,VDD,Metal1,357.6600,357.1525,5.000000
FILLER_87_592,VDD,Metal1,347.8755,357.4885,5.000000
FILLER_87_586,VDD,Metal1,335.4400,356.7200,5.000000
FILLER_87_578,VDD,Metal1,333.1465,357.2965,5.000000
FILLER_87_562,VDD,Metal1,326.5280,357.4120,5.000000
FILLER_87_559,VDD,Metal1,320.0400,356.7200,5.000000
FILLER_87_551,VDD,Metal1,318.0265,357.2965,5.000000
FILLER_87_527,VDD,Metal1,302.4000,356.7200,5.000000
FILLER_87_492,VDD,Metal1,282.5200,356.7200,5.000000
FILLER_87_454,VDD,Metal1,261.5200,356.7200,5.000000
FILLER_87_422,VDD,Metal1,252.6755,357.4885,5.000000
FILLER_87_419,VDD,Metal1,241.6400,356.7200,5.000000
FILLER_87_411,VDD,Metal1,239.6265,357.2965,5.000000
FILLER_87_395,VDD,Metal1,233.0080,357.4120,5.000000
FILLER_87_360,VDD,Metal1,208.6000,356.7200,5.000000
FILLER_87_352,VDD,Metal1,206.5865,357.2965,5.000000
FILLER_87_346,VDD,Metal1,201.9800,357.1525,5.000000
FILLER_87_282,VDD,Metal1,183.2750,357.5340,5.000000
FILLER_87_276,VDD,Metal1,162.7800,357.1525,5.000000
FILLER_87_212,VDD,Metal1,144.0750,357.5340,5.000000
FILLER_87_209,VDD,Metal1,124.0400,356.7200,5.000000
FILLER_87_207,VDD,Metal1,123.2000,356.7200,5.000000
FILLER_87_203,VDD,Metal1,121.9000,357.1525,5.000000
FILLER_87_195,VDD,Metal1,118.6665,357.2965,5.000000
FILLER_87_182,VDD,Metal1,108.9200,356.7200,5.000000
FILLER_87_174,VDD,Metal1,106.9065,357.2965,5.000000
FILLER_87_142,VDD,Metal1,95.8755,357.4885,5.000000
FILLER_87_136,VDD,Metal1,84.3800,357.1525,5.000000
FILLER_87_72,VDD,Metal1,65.6750,357.5340,5.000000
FILLER_87_66,VDD,Metal1,45.1800,357.1525,5.000000
FILLER_87_2,VDD,Metal1,26.4750,357.5340,5.000000
FILLER_86_741,VDD,Metal1,422.2400,356.7200,5.000000
FILLER_86_737,VDD,Metal1,420.9400,356.2875,5.000000
FILLER_86_711,VDD,Metal1,409.9680,356.0280,5.000000
FILLER_86_691,VDD,Metal1,393.9600,356.7200,5.000000
FILLER_86_683,VDD,Metal1,391.9465,356.1430,5.000000
FILLER_86_667,VDD,Metal1,385.3280,356.0280,5.000000
FILLER_86_663,VDD,Metal1,378.5600,356.7200,5.000000
FILLER_86_647,VDD,Metal1,374.1280,356.0280,5.000000
FILLER_86_597,VDD,Metal1,346.1280,356.0280,5.000000
FILLER_86_586,VDD,Metal1,335.1600,356.7200,5.000000
FILLER_86_582,VDD,Metal1,334.1400,356.2875,5.000000
FILLER_86_574,VDD,Metal1,330.9065,356.1430,5.000000
FILLER_86_558,VDD,Metal1,324.2880,356.0280,5.000000
FILLER_86_545,VDD,Metal1,312.4800,356.7200,5.000000
FILLER_86_539,VDD,Metal1,308.8400,356.7200,5.000000
FILLER_86_535,VDD,Metal1,307.8200,356.2875,5.000000
FILLER_86_527,VDD,Metal1,304.5865,356.1430,5.000000
FILLER_86_521,VDD,Metal1,299.9800,356.2875,5.000000
FILLER_86_457,VDD,Metal1,281.2750,355.9055,5.000000
FILLER_86_438,VDD,Metal1,253.5000,356.2875,5.000000
FILLER_86_430,VDD,Metal1,250.2665,356.1430,5.000000
FILLER_86_414,VDD,Metal1,243.6480,356.0280,5.000000
FILLER_86_401,VDD,Metal1,231.5600,356.7200,5.000000
FILLER_86_399,VDD,Metal1,230.7200,356.7200,5.000000
FILLER_86_395,VDD,Metal1,229.4200,356.2875,5.000000
FILLER_86_387,VDD,Metal1,226.1865,356.1430,5.000000
FILLER_86_384,VDD,Metal1,222.0400,356.7200,5.000000
FILLER_86_382,VDD,Metal1,221.2000,356.7200,5.000000
FILLER_86_374,VDD,Metal1,218.9065,356.1430,5.000000
FILLER_86_358,VDD,Metal1,212.2880,356.0280,5.000000
FILLER_86_323,VDD,Metal1,187.8800,356.7200,5.000000
FILLER_86_321,VDD,Metal1,187.0400,356.7200,5.000000
FILLER_86_317,VDD,Metal1,185.7400,356.2875,5.000000
FILLER_86_311,VDD,Metal1,182.3800,356.2875,5.000000
FILLER_86_247,VDD,Metal1,163.6750,355.9055,5.000000
FILLER_86_244,VDD,Metal1,143.6400,356.7200,5.000000
FILLER_86_242,VDD,Metal1,142.8000,356.7200,5.000000
FILLER_86_238,VDD,Metal1,141.5000,356.2875,5.000000
FILLER_86_230,VDD,Metal1,138.2665,356.1430,5.000000
FILLER_86_195,VDD,Metal1,116.2000,356.7200,5.000000
FILLER_86_193,VDD,Metal1,115.3600,356.7200,5.000000
FILLER_86_177,VDD,Metal1,110.9280,356.0280,5.000000
FILLER_86_174,VDD,Metal1,104.4400,356.7200,5.000000
FILLER_86_158,VDD,Metal1,100.2880,356.0280,5.000000
FILLER_86_149,VDD,Metal1,90.4400,356.7200,5.000000
FILLER_86_147,VDD,Metal1,89.6000,356.7200,5.000000
FILLER_86_139,VDD,Metal1,87.3065,356.1430,5.000000
FILLER_86_107,VDD,Metal1,76.2755,355.9510,5.000000
FILLER_86_101,VDD,Metal1,64.7800,356.2875,5.000000
FILLER_86_37,VDD,Metal1,46.0750,355.9055,5.000000
FILLER_86_34,VDD,Metal1,26.0400,356.7200,5.000000
FILLER_86_26,VDD,Metal1,21.8400,356.7200,5.000000
FILLER_86_18,VDD,Metal1,19.5465,356.1430,5.000000
FILLER_86_2,VDD,Metal1,12.9280,356.0280,5.000000
FILLER_85_776,VDD,Metal1,441.5600,348.8800,5.000000
FILLER_85_772,VDD,Metal1,440.5400,349.3125,5.000000
FILLER_85_768,VDD,Metal1,437.3600,348.8800,5.000000
FILLER_85_760,VDD,Metal1,435.0665,349.4565,5.000000
FILLER_85_744,VDD,Metal1,428.4480,349.5720,5.000000
FILLER_85_730,VDD,Metal1,416.0800,348.8800,5.000000
FILLER_85_726,VDD,Metal1,414.7800,349.3125,5.000000
FILLER_85_718,VDD,Metal1,411.5465,349.4565,5.000000
FILLER_85_702,VDD,Metal1,404.9280,349.5720,5.000000
FILLER_85_696,VDD,Metal1,397.9800,349.3125,5.000000
FILLER_85_632,VDD,Metal1,379.2750,349.6940,5.000000
FILLER_85_629,VDD,Metal1,359.2400,348.8800,5.000000
FILLER_85_625,VDD,Metal1,358.2200,349.3125,5.000000
FILLER_85_593,VDD,Metal1,348.4355,349.6485,5.000000
FILLER_85_580,VDD,Metal1,331.8000,348.8800,5.000000
FILLER_85_578,VDD,Metal1,330.9600,348.8800,5.000000
FILLER_85_562,VDD,Metal1,326.5280,349.5720,5.000000
FILLER_85_552,VDD,Metal1,316.4000,348.8800,5.000000
FILLER_85_548,VDD,Metal1,315.1000,349.3125,5.000000
FILLER_85_540,VDD,Metal1,311.8665,349.4565,5.000000
FILLER_85_524,VDD,Metal1,305.2480,349.5720,5.000000
FILLER_85_492,VDD,Metal1,291.8755,349.6485,5.000000
FILLER_85_486,VDD,Metal1,280.3800,349.3125,5.000000
FILLER_85_422,VDD,Metal1,261.6750,349.6940,5.000000
FILLER_85_419,VDD,Metal1,241.6400,348.8800,5.000000
FILLER_85_403,VDD,Metal1,237.4880,349.5720,5.000000
FILLER_85_398,VDD,Metal1,229.8800,348.8800,5.000000
FILLER_85_396,VDD,Metal1,229.0400,348.8800,5.000000
FILLER_85_392,VDD,Metal1,227.7400,349.3125,5.000000
FILLER_85_384,VDD,Metal1,224.5065,349.4565,5.000000
FILLER_85_352,VDD,Metal1,213.4755,349.6485,5.000000
FILLER_85_349,VDD,Metal1,202.4400,348.8800,5.000000
FILLER_85_347,VDD,Metal1,201.6000,348.8800,5.000000
FILLER_85_339,VDD,Metal1,199.3065,349.4565,5.000000
FILLER_85_323,VDD,Metal1,192.6880,349.5720,5.000000
FILLER_85_298,VDD,Metal1,174.1600,348.8800,5.000000
FILLER_85_282,VDD,Metal1,169.7280,349.5720,5.000000
FILLER_85_276,VDD,Metal1,162.7800,349.3125,5.000000
FILLER_85_212,VDD,Metal1,144.0750,349.6940,5.000000
FILLER_85_206,VDD,Metal1,123.5800,349.3125,5.000000
FILLER_85_142,VDD,Metal1,104.8750,349.6940,5.000000
FILLER_85_136,VDD,Metal1,84.3800,349.3125,5.000000
FILLER_85_72,VDD,Metal1,65.6750,349.6940,5.000000
FILLER_85_69,VDD,Metal1,45.6400,348.8800,5.000000
FILLER_85_61,VDD,Metal1,43.6265,349.4565,5.000000
FILLER_85_45,VDD,Metal1,37.0080,349.5720,5.000000
FILLER_85_10,VDD,Metal1,12.6000,348.8800,5.000000
FILLER_85_2,VDD,Metal1,10.5865,349.4565,5.000000
FILLER_84_769,VDD,Metal1,440.1065,348.3030,5.000000
FILLER_84_737,VDD,Metal1,429.0755,348.1110,5.000000
FILLER_84_731,VDD,Metal1,417.5800,348.4475,5.000000
FILLER_84_667,VDD,Metal1,398.8750,348.0655,5.000000
FILLER_84_661,VDD,Metal1,378.3800,348.4475,5.000000
FILLER_84_597,VDD,Metal1,359.6750,348.0655,5.000000
FILLER_84_591,VDD,Metal1,339.1800,348.4475,5.000000
FILLER_84_527,VDD,Metal1,320.4750,348.0655,5.000000
FILLER_84_521,VDD,Metal1,299.9800,348.4475,5.000000
FILLER_84_457,VDD,Metal1,281.2750,348.0655,5.000000
FILLER_84_454,VDD,Metal1,261.2400,348.8800,5.000000
FILLER_84_452,VDD,Metal1,260.4000,348.8800,5.000000
FILLER_84_448,VDD,Metal1,259.1000,348.4475,5.000000
FILLER_84_440,VDD,Metal1,255.8665,348.3030,5.000000
FILLER_84_433,VDD,Metal1,249.4800,348.8800,5.000000
FILLER_84_431,VDD,Metal1,248.6400,348.8800,5.000000
FILLER_84_427,VDD,Metal1,247.3400,348.4475,5.000000
FILLER_84_419,VDD,Metal1,244.1065,348.3030,5.000000
FILLER_84_387,VDD,Metal1,233.0755,348.1110,5.000000
FILLER_84_381,VDD,Metal1,221.5800,348.4475,5.000000
FILLER_84_317,VDD,Metal1,202.8750,348.0655,5.000000
FILLER_84_313,VDD,Metal1,182.5600,348.8800,5.000000
FILLER_84_297,VDD,Metal1,178.1280,348.1880,5.000000
FILLER_84_283,VDD,Metal1,165.4800,348.8800,5.000000
FILLER_84_279,VDD,Metal1,164.4600,348.4475,5.000000
FILLER_84_247,VDD,Metal1,154.6755,348.1110,5.000000
FILLER_84_241,VDD,Metal1,143.1800,348.4475,5.000000
FILLER_84_177,VDD,Metal1,124.4750,348.0655,5.000000
FILLER_84_174,VDD,Metal1,104.4400,348.8800,5.000000
FILLER_84_172,VDD,Metal1,103.6000,348.8800,5.000000
FILLER_84_156,VDD,Metal1,99.1680,348.1880,5.000000
FILLER_84_146,VDD,Metal1,89.0400,348.8800,5.000000
FILLER_84_138,VDD,Metal1,86.7465,348.3030,5.000000
FILLER_84_122,VDD,Metal1,80.1280,348.1880,5.000000
FILLER_84_104,VDD,Metal1,65.2400,348.8800,5.000000
FILLER_84_57,VDD,Metal1,38.9200,348.8800,5.000000
FILLER_84_53,VDD,Metal1,37.9000,348.4475,5.000000
FILLER_84_37,VDD,Metal1,32.5280,348.1880,5.000000
FILLER_84_28,VDD,Metal1,22.6800,348.8800,5.000000
FILLER_84_26,VDD,Metal1,21.8400,348.8800,5.000000
FILLER_84_18,VDD,Metal1,19.5465,348.3030,5.000000
FILLER_84_2,VDD,Metal1,12.9280,348.1880,5.000000
FILLER_83_776,VDD,Metal1,441.5600,341.0400,5.000000
FILLER_83_772,VDD,Metal1,440.5400,341.4725,5.000000
FILLER_83_769,VDD,Metal1,437.6400,341.0400,5.000000
FILLER_83_737,VDD,Metal1,429.0755,341.8085,5.000000
FILLER_83_728,VDD,Metal1,414.6800,341.0400,5.000000
FILLER_83_726,VDD,Metal1,413.8400,341.0400,5.000000
FILLER_83_718,VDD,Metal1,411.5465,341.6165,5.000000
FILLER_83_702,VDD,Metal1,404.9280,341.7320,5.000000
FILLER_83_699,VDD,Metal1,398.4400,341.0400,5.000000
FILLER_83_691,VDD,Metal1,396.4265,341.6165,5.000000
FILLER_83_684,VDD,Metal1,390.0400,341.0400,5.000000
FILLER_83_680,VDD,Metal1,389.0200,341.4725,5.000000
FILLER_83_664,VDD,Metal1,383.6480,341.7320,5.000000
FILLER_83_632,VDD,Metal1,370.2755,341.8085,5.000000
FILLER_83_629,VDD,Metal1,359.2400,341.0400,5.000000
FILLER_83_627,VDD,Metal1,358.4000,341.0400,5.000000
FILLER_83_623,VDD,Metal1,357.1000,341.4725,5.000000
FILLER_83_591,VDD,Metal1,347.3155,341.8085,5.000000
FILLER_83_582,VDD,Metal1,332.9200,341.0400,5.000000
FILLER_83_578,VDD,Metal1,331.9000,341.4725,5.000000
FILLER_83_562,VDD,Metal1,326.5280,341.7320,5.000000
FILLER_83_556,VDD,Metal1,319.5800,341.4725,5.000000
FILLER_83_492,VDD,Metal1,300.8750,341.8540,5.000000
FILLER_83_488,VDD,Metal1,280.5600,341.0400,5.000000
FILLER_83_456,VDD,Metal1,271.7155,341.8085,5.000000
FILLER_83_442,VDD,Metal1,254.5200,341.0400,5.000000
FILLER_83_438,VDD,Metal1,253.5000,341.4725,5.000000
FILLER_83_422,VDD,Metal1,248.1280,341.7320,5.000000
FILLER_83_419,VDD,Metal1,241.6400,341.0400,5.000000
FILLER_83_417,VDD,Metal1,240.8000,341.0400,5.000000
FILLER_83_413,VDD,Metal1,239.5000,341.4725,5.000000
FILLER_83_400,VDD,Metal1,231.2800,341.0400,5.000000
FILLER_83_384,VDD,Metal1,226.8480,341.7320,5.000000
FILLER_83_352,VDD,Metal1,213.4755,341.8085,5.000000
FILLER_83_346,VDD,Metal1,201.9800,341.4725,5.000000
FILLER_83_282,VDD,Metal1,183.2750,341.8540,5.000000
FILLER_83_279,VDD,Metal1,163.2400,341.0400,5.000000
FILLER_83_277,VDD,Metal1,162.4000,341.0400,5.000000
FILLER_83_273,VDD,Metal1,161.1000,341.4725,5.000000
FILLER_83_265,VDD,Metal1,157.8665,341.6165,5.000000
FILLER_83_251,VDD,Metal1,148.7800,341.4725,5.000000
FILLER_83_242,VDD,Metal1,142.5200,341.0400,5.000000
FILLER_83_240,VDD,Metal1,141.6800,341.0400,5.000000
FILLER_83_236,VDD,Metal1,140.3800,341.4725,5.000000
FILLER_83_228,VDD,Metal1,137.1465,341.6165,5.000000
FILLER_83_212,VDD,Metal1,130.5280,341.7320,5.000000
FILLER_83_194,VDD,Metal1,120.4480,341.7320,5.000000
FILLER_83_162,VDD,Metal1,107.0755,341.8085,5.000000
FILLER_83_142,VDD,Metal1,87.7400,341.4725,5.000000
FILLER_83_136,VDD,Metal1,84.3800,341.4725,5.000000
FILLER_83_120,VDD,Metal1,79.0080,341.7320,5.000000
FILLER_83_111,VDD,Metal1,69.4400,341.0400,5.000000
FILLER_83_107,VDD,Metal1,68.1400,341.4725,5.000000
FILLER_83_99,VDD,Metal1,64.9065,341.6165,5.000000
FILLER_83_88,VDD,Metal1,56.2800,341.0400,5.000000
FILLER_83_84,VDD,Metal1,55.2600,341.4725,5.000000
FILLER_83_66,VDD,Metal1,45.1800,341.4725,5.000000
FILLER_83_2,VDD,Metal1,26.4750,341.8540,5.000000
FILLER_82_769,VDD,Metal1,440.1065,340.4630,5.000000
FILLER_82_737,VDD,Metal1,429.0755,340.2710,5.000000
FILLER_82_733,VDD,Metal1,417.7600,341.0400,5.000000
FILLER_82_729,VDD,Metal1,416.4600,340.6075,5.000000
FILLER_82_713,VDD,Metal1,411.0880,340.3480,5.000000
FILLER_82_703,VDD,Metal1,400.9600,341.0400,5.000000
FILLER_82_695,VDD,Metal1,398.6665,340.4630,5.000000
FILLER_82_675,VDD,Metal1,386.2200,340.6075,5.000000
FILLER_82_667,VDD,Metal1,382.9865,340.4630,5.000000
FILLER_82_663,VDD,Metal1,378.5600,341.0400,5.000000
FILLER_82_659,VDD,Metal1,377.2600,340.6075,5.000000
FILLER_82_651,VDD,Metal1,374.0265,340.4630,5.000000
FILLER_82_616,VDD,Metal1,351.9600,341.0400,5.000000
FILLER_82_614,VDD,Metal1,351.1200,341.0400,5.000000
FILLER_82_610,VDD,Metal1,349.8200,340.6075,5.000000
FILLER_82_583,VDD,Metal1,334.7000,340.6075,5.000000
FILLER_82_575,VDD,Metal1,331.4665,340.4630,5.000000
FILLER_82_565,VDD,Metal1,323.6800,341.0400,5.000000
FILLER_82_557,VDD,Metal1,321.3865,340.4630,5.000000
FILLER_82_535,VDD,Metal1,307.8200,340.6075,5.000000
FILLER_82_527,VDD,Metal1,304.5865,340.4630,5.000000
FILLER_82_517,VDD,Metal1,298.9865,340.4630,5.000000
FILLER_82_501,VDD,Metal1,292.3680,340.3480,5.000000
FILLER_82_469,VDD,Metal1,278.9955,340.2710,5.000000
FILLER_82_454,VDD,Metal1,261.2400,341.0400,5.000000
FILLER_82_452,VDD,Metal1,260.4000,341.0400,5.000000
FILLER_82_448,VDD,Metal1,259.1000,340.6075,5.000000
FILLER_82_434,VDD,Metal1,250.3200,341.0400,5.000000
FILLER_82_426,VDD,Metal1,248.0265,340.4630,5.000000
FILLER_82_410,VDD,Metal1,241.4080,340.3480,5.000000
FILLER_82_391,VDD,Metal1,226.2400,341.0400,5.000000
FILLER_82_387,VDD,Metal1,224.9400,340.6075,5.000000
FILLER_82_349,VDD,Metal1,202.7200,341.0400,5.000000
FILLER_82_317,VDD,Metal1,193.8755,340.2710,5.000000
FILLER_82_299,VDD,Metal1,176.9065,340.4630,5.000000
FILLER_82_279,VDD,Metal1,163.5200,341.0400,5.000000
FILLER_82_263,VDD,Metal1,159.0880,340.3480,5.000000
FILLER_82_255,VDD,Metal1,149.8000,341.0400,5.000000
FILLER_82_244,VDD,Metal1,143.6400,341.0400,5.000000
FILLER_82_225,VDD,Metal1,133.2800,341.0400,5.000000
FILLER_82_209,VDD,Metal1,128.8480,340.3480,5.000000
FILLER_82_177,VDD,Metal1,115.4755,340.2710,5.000000
FILLER_82_174,VDD,Metal1,104.4400,341.0400,5.000000
FILLER_82_170,VDD,Metal1,103.4200,340.6075,5.000000
FILLER_82_154,VDD,Metal1,98.0480,340.3480,5.000000
FILLER_82_149,VDD,Metal1,90.4400,341.0400,5.000000
FILLER_82_143,VDD,Metal1,87.0800,341.0400,5.000000
FILLER_82_139,VDD,Metal1,86.0600,340.6075,5.000000
FILLER_82_107,VDD,Metal1,76.2755,340.2710,5.000000
FILLER_82_101,VDD,Metal1,64.7800,340.6075,5.000000
FILLER_82_37,VDD,Metal1,46.0750,340.2255,5.000000
FILLER_82_34,VDD,Metal1,26.0400,341.0400,5.000000
FILLER_82_2,VDD,Metal1,17.4755,340.2710,5.000000
FILLER_81_776,VDD,Metal1,441.5600,333.2000,5.000000
FILLER_81_772,VDD,Metal1,440.5400,333.6325,5.000000
FILLER_81_768,VDD,Metal1,437.3600,333.2000,5.000000
FILLER_81_764,VDD,Metal1,436.0600,333.6325,5.000000
FILLER_81_748,VDD,Metal1,430.6880,333.8920,5.000000
FILLER_81_726,VDD,Metal1,413.8400,333.2000,5.000000
FILLER_81_714,VDD,Metal1,407.1200,333.2000,5.000000
FILLER_81_710,VDD,Metal1,405.8200,333.6325,5.000000
FILLER_81_702,VDD,Metal1,402.5865,333.7765,5.000000
FILLER_81_692,VDD,Metal1,396.9865,333.7765,5.000000
FILLER_81_644,VDD,Metal1,367.9200,333.2000,5.000000
FILLER_81_640,VDD,Metal1,366.6200,333.6325,5.000000
FILLER_81_632,VDD,Metal1,363.3865,333.7765,5.000000
FILLER_81_626,VDD,Metal1,358.7800,333.6325,5.000000
FILLER_81_562,VDD,Metal1,340.0750,334.0140,5.000000
FILLER_81_558,VDD,Metal1,319.7600,333.2000,5.000000
FILLER_81_554,VDD,Metal1,318.4600,333.6325,5.000000
FILLER_81_548,VDD,Metal1,313.8800,333.2000,5.000000
FILLER_81_546,VDD,Metal1,313.0400,333.2000,5.000000
FILLER_81_541,VDD,Metal1,309.9600,333.2000,5.000000
FILLER_81_537,VDD,Metal1,308.9400,333.6325,5.000000
FILLER_81_502,VDD,Metal1,288.1200,333.2000,5.000000
FILLER_81_500,VDD,Metal1,287.2800,333.2000,5.000000
FILLER_81_492,VDD,Metal1,284.9865,333.7765,5.000000
FILLER_81_489,VDD,Metal1,280.8400,333.2000,5.000000
FILLER_81_485,VDD,Metal1,279.8200,333.6325,5.000000
FILLER_81_477,VDD,Metal1,276.5865,333.7765,5.000000
FILLER_81_445,VDD,Metal1,265.5555,333.9685,5.000000
FILLER_81_440,VDD,Metal1,253.4000,333.2000,5.000000
FILLER_81_438,VDD,Metal1,252.5600,333.2000,5.000000
FILLER_81_422,VDD,Metal1,248.1280,333.8920,5.000000
FILLER_81_412,VDD,Metal1,240.1865,333.7765,5.000000
FILLER_81_396,VDD,Metal1,229.0400,333.2000,5.000000
FILLER_81_392,VDD,Metal1,227.7400,333.6325,5.000000
FILLER_81_384,VDD,Metal1,224.5065,333.7765,5.000000
FILLER_81_352,VDD,Metal1,213.4755,333.9685,5.000000
FILLER_81_349,VDD,Metal1,202.4400,333.2000,5.000000
FILLER_81_345,VDD,Metal1,201.4200,333.6325,5.000000
FILLER_81_329,VDD,Metal1,196.0480,333.8920,5.000000
FILLER_81_315,VDD,Metal1,183.6800,333.2000,5.000000
FILLER_81_311,VDD,Metal1,182.3800,333.6325,5.000000
FILLER_81_305,VDD,Metal1,177.8000,333.2000,5.000000
FILLER_81_297,VDD,Metal1,175.7865,333.7765,5.000000
FILLER_81_290,VDD,Metal1,169.6800,333.2000,5.000000
FILLER_81_282,VDD,Metal1,167.3865,333.7765,5.000000
FILLER_81_279,VDD,Metal1,163.2400,333.2000,5.000000
FILLER_81_275,VDD,Metal1,162.2200,333.6325,5.000000
FILLER_81_243,VDD,Metal1,152.4355,333.9685,5.000000
FILLER_81_237,VDD,Metal1,139.7200,333.2000,5.000000
FILLER_81_235,VDD,Metal1,138.8800,333.2000,5.000000
FILLER_81_226,VDD,Metal1,133.5600,333.2000,5.000000
FILLER_81_216,VDD,Metal1,128.2400,333.2000,5.000000
FILLER_81_212,VDD,Metal1,126.9400,333.6325,5.000000
FILLER_81_208,VDD,Metal1,123.7600,333.2000,5.000000
FILLER_81_204,VDD,Metal1,122.4600,333.6325,5.000000
FILLER_81_188,VDD,Metal1,117.0880,333.8920,5.000000
FILLER_81_156,VDD,Metal1,103.7155,333.9685,5.000000
FILLER_81_146,VDD,Metal1,89.0400,333.2000,5.000000
FILLER_81_142,VDD,Metal1,87.7400,333.6325,5.000000
FILLER_81_136,VDD,Metal1,84.3800,333.6325,5.000000
FILLER_81_72,VDD,Metal1,65.6750,334.0140,5.000000
FILLER_81_69,VDD,Metal1,45.6400,333.2000,5.000000
FILLER_81_67,VDD,Metal1,44.8000,333.2000,5.000000
FILLER_81_63,VDD,Metal1,43.5000,333.6325,5.000000
FILLER_81_47,VDD,Metal1,38.1280,333.8920,5.000000
FILLER_80_741,VDD,Metal1,422.2400,333.2000,5.000000
FILLER_80_737,VDD,Metal1,420.9400,332.7675,5.000000
FILLER_80_723,VDD,Metal1,411.8800,333.2000,5.000000
FILLER_80_715,VDD,Metal1,409.8665,332.6230,5.000000
FILLER_80_699,VDD,Metal1,403.2480,332.5080,5.000000
FILLER_80_667,VDD,Metal1,389.8755,332.4310,5.000000
FILLER_80_661,VDD,Metal1,378.3800,332.7675,5.000000
FILLER_80_597,VDD,Metal1,359.6750,332.3855,5.000000
FILLER_80_591,VDD,Metal1,339.1800,332.7675,5.000000
FILLER_80_527,VDD,Metal1,320.4750,332.3855,5.000000
FILLER_80_524,VDD,Metal1,300.4400,333.2000,5.000000
FILLER_80_522,VDD,Metal1,299.6000,333.2000,5.000000
FILLER_80_506,VDD,Metal1,295.1680,332.5080,5.000000
FILLER_80_471,VDD,Metal1,270.7600,333.2000,5.000000
FILLER_80_469,VDD,Metal1,269.9200,333.2000,5.000000
FILLER_80_465,VDD,Metal1,268.6200,332.7675,5.000000
FILLER_80_457,VDD,Metal1,265.3865,332.6230,5.000000
FILLER_80_451,VDD,Metal1,260.7800,332.7675,5.000000
FILLER_80_387,VDD,Metal1,242.0750,332.3855,5.000000
FILLER_80_383,VDD,Metal1,221.7600,333.2000,5.000000
FILLER_80_379,VDD,Metal1,220.4600,332.7675,5.000000
FILLER_80_363,VDD,Metal1,215.0880,332.5080,5.000000
FILLER_80_325,VDD,Metal1,190.2200,332.7675,5.000000
FILLER_80_317,VDD,Metal1,186.9865,332.6230,5.000000
FILLER_80_314,VDD,Metal1,182.8400,333.2000,5.000000
FILLER_80_298,VDD,Metal1,178.6880,332.5080,5.000000
FILLER_80_289,VDD,Metal1,168.8400,333.2000,5.000000
FILLER_80_287,VDD,Metal1,168.0000,333.2000,5.000000
FILLER_80_279,VDD,Metal1,165.7065,332.6230,5.000000
FILLER_80_247,VDD,Metal1,154.6755,332.4310,5.000000
FILLER_80_243,VDD,Metal1,143.3600,333.2000,5.000000
FILLER_80_211,VDD,Metal1,134.5155,332.4310,5.000000
FILLER_80_173,VDD,Metal1,104.1600,333.2000,5.000000
FILLER_80_160,VDD,Metal1,96.6000,333.2000,5.000000
FILLER_80_158,VDD,Metal1,95.7600,333.2000,5.000000
FILLER_80_150,VDD,Metal1,93.4665,332.6230,5.000000
FILLER_80_118,VDD,Metal1,82.4355,332.4310,5.000000
FILLER_80_111,VDD,Metal1,69.4400,333.2000,5.000000
FILLER_80_107,VDD,Metal1,68.1400,332.7675,5.000000
FILLER_80_97,VDD,Metal1,63.7865,332.6230,5.000000
FILLER_80_81,VDD,Metal1,57.1680,332.5080,5.000000
FILLER_80_75,VDD,Metal1,49.0000,333.2000,5.000000
FILLER_80_73,VDD,Metal1,48.1600,333.2000,5.000000
FILLER_80_69,VDD,Metal1,46.8600,332.7675,5.000000
FILLER_80_37,VDD,Metal1,37.0755,332.4310,5.000000
FILLER_80_20,VDD,Metal1,18.2000,333.2000,5.000000
FILLER_80_18,VDD,Metal1,17.3600,333.2000,5.000000
FILLER_80_2,VDD,Metal1,12.9280,332.5080,5.000000
FILLER_79_776,VDD,Metal1,441.5600,325.3600,5.000000
FILLER_79_772,VDD,Metal1,440.5400,325.7925,5.000000
FILLER_79_766,VDD,Metal1,437.1800,325.7925,5.000000
FILLER_79_702,VDD,Metal1,418.4750,326.1740,5.000000
FILLER_79_696,VDD,Metal1,397.9800,325.7925,5.000000
FILLER_79_632,VDD,Metal1,379.2750,326.1740,5.000000
FILLER_79_626,VDD,Metal1,358.7800,325.7925,5.000000
FILLER_79_562,VDD,Metal1,340.0750,326.1740,5.000000
FILLER_79_556,VDD,Metal1,319.5800,325.7925,5.000000
FILLER_79_492,VDD,Metal1,300.8750,326.1740,5.000000
FILLER_79_488,VDD,Metal1,280.5600,325.3600,5.000000
FILLER_79_484,VDD,Metal1,279.2600,325.7925,5.000000
FILLER_79_468,VDD,Metal1,273.8880,326.0520,5.000000
FILLER_79_436,VDD,Metal1,260.5155,326.1285,5.000000
FILLER_79_426,VDD,Metal1,245.8400,325.3600,5.000000
FILLER_79_422,VDD,Metal1,244.5400,325.7925,5.000000
FILLER_79_416,VDD,Metal1,241.1800,325.7925,5.000000
FILLER_79_352,VDD,Metal1,222.4750,326.1740,5.000000
FILLER_79_346,VDD,Metal1,201.9800,325.7925,5.000000
FILLER_79_282,VDD,Metal1,183.2750,326.1740,5.000000
FILLER_79_276,VDD,Metal1,162.7800,325.7925,5.000000
FILLER_79_212,VDD,Metal1,144.0750,326.1740,5.000000
FILLER_79_206,VDD,Metal1,123.5800,325.7925,5.000000
FILLER_79_142,VDD,Metal1,104.8750,326.1740,5.000000
FILLER_79_138,VDD,Metal1,84.5600,325.3600,5.000000
FILLER_79_122,VDD,Metal1,80.1280,326.0520,5.000000
FILLER_79_62,VDD,Metal1,42.0000,325.3600,5.000000
FILLER_79_58,VDD,Metal1,40.7000,325.7925,5.000000
FILLER_79_50,VDD,Metal1,37.4665,325.9365,5.000000
FILLER_79_34,VDD,Metal1,30.8480,326.0520,5.000000
FILLER_79_2,VDD,Metal1,17.4755,326.1285,5.000000
FILLER_78_753,VDD,Metal1,431.1465,324.7830,5.000000
FILLER_78_737,VDD,Metal1,424.5280,324.6680,5.000000
FILLER_78_731,VDD,Metal1,417.5800,324.9275,5.000000
FILLER_78_667,VDD,Metal1,398.8750,324.5455,5.000000
FILLER_78_663,VDD,Metal1,378.5600,325.3600,5.000000
FILLER_78_659,VDD,Metal1,377.2600,324.9275,5.000000
FILLER_78_651,VDD,Metal1,374.0265,324.7830,5.000000
FILLER_78_635,VDD,Metal1,367.4080,324.6680,5.000000
FILLER_78_603,VDD,Metal1,354.0355,324.5910,5.000000
FILLER_78_583,VDD,Metal1,334.7000,324.9275,5.000000
FILLER_78_575,VDD,Metal1,331.4665,324.7830,5.000000
FILLER_78_559,VDD,Metal1,324.8480,324.6680,5.000000
FILLER_78_527,VDD,Metal1,311.4755,324.5910,5.000000
FILLER_78_521,VDD,Metal1,299.9800,324.9275,5.000000
FILLER_78_457,VDD,Metal1,281.2750,324.5455,5.000000
FILLER_78_451,VDD,Metal1,260.7800,324.9275,5.000000
FILLER_78_387,VDD,Metal1,242.0750,324.5455,5.000000
FILLER_78_381,VDD,Metal1,221.5800,324.9275,5.000000
FILLER_78_317,VDD,Metal1,202.8750,324.5455,5.000000
FILLER_78_311,VDD,Metal1,182.3800,324.9275,5.000000
FILLER_78_247,VDD,Metal1,163.6750,324.5455,5.000000
FILLER_78_229,VDD,Metal1,140.0480,324.6680,5.000000
FILLER_78_221,VDD,Metal1,131.0400,325.3600,5.000000
FILLER_78_217,VDD,Metal1,129.7400,324.9275,5.000000
FILLER_78_209,VDD,Metal1,126.5065,324.7830,5.000000
FILLER_78_177,VDD,Metal1,115.4755,324.5910,5.000000
FILLER_78_174,VDD,Metal1,104.4400,325.3600,5.000000
FILLER_78_172,VDD,Metal1,103.6000,325.3600,5.000000
FILLER_78_164,VDD,Metal1,101.3065,324.7830,5.000000
FILLER_78_148,VDD,Metal1,94.6880,324.6680,5.000000
FILLER_78_132,VDD,Metal1,83.3865,324.7830,5.000000
FILLER_78_116,VDD,Metal1,76.7680,324.6680,5.000000
FILLER_78_104,VDD,Metal1,65.2400,325.3600,5.000000
FILLER_78_100,VDD,Metal1,64.2200,324.9275,5.000000
FILLER_78_84,VDD,Metal1,58.8480,324.6680,5.000000
FILLER_78_71,VDD,Metal1,46.7600,325.3600,5.000000
FILLER_78_69,VDD,Metal1,45.9200,325.3600,5.000000
FILLER_78_37,VDD,Metal1,37.0755,324.5910,5.000000
FILLER_78_34,VDD,Metal1,26.0400,325.3600,5.000000
FILLER_78_2,VDD,Metal1,17.4755,324.5910,5.000000
FILLER_77_776,VDD,Metal1,441.5600,317.5200,5.000000
FILLER_77_772,VDD,Metal1,440.5400,317.9525,5.000000
FILLER_77_766,VDD,Metal1,437.1800,317.9525,5.000000
FILLER_77_702,VDD,Metal1,418.4750,318.3340,5.000000
FILLER_77_696,VDD,Metal1,397.9800,317.9525,5.000000
FILLER_77_632,VDD,Metal1,379.2750,318.3340,5.000000
FILLER_77_629,VDD,Metal1,359.2400,317.5200,5.000000
FILLER_77_613,VDD,Metal1,355.0880,318.2120,5.000000
FILLER_77_600,VDD,Metal1,343.0000,317.5200,5.000000
FILLER_77_598,VDD,Metal1,342.1600,317.5200,5.000000
FILLER_77_594,VDD,Metal1,340.8600,317.9525,5.000000
FILLER_77_562,VDD,Metal1,331.0755,318.2885,5.000000
FILLER_77_556,VDD,Metal1,319.5800,317.9525,5.000000
FILLER_77_492,VDD,Metal1,300.8750,318.3340,5.000000
FILLER_77_489,VDD,Metal1,280.8400,317.5200,5.000000
FILLER_77_487,VDD,Metal1,280.0000,317.5200,5.000000
FILLER_77_483,VDD,Metal1,278.7000,317.9525,5.000000
FILLER_77_451,VDD,Metal1,268.9155,318.2885,5.000000
FILLER_77_442,VDD,Metal1,254.5200,317.5200,5.000000
FILLER_77_438,VDD,Metal1,253.5000,317.9525,5.000000
FILLER_77_422,VDD,Metal1,248.1280,318.2120,5.000000
FILLER_77_416,VDD,Metal1,241.1800,317.9525,5.000000
FILLER_77_352,VDD,Metal1,222.4750,318.3340,5.000000
FILLER_77_346,VDD,Metal1,201.9800,317.9525,5.000000
FILLER_77_282,VDD,Metal1,183.2750,318.3340,5.000000
FILLER_77_279,VDD,Metal1,163.2400,317.5200,5.000000
FILLER_77_277,VDD,Metal1,162.4000,317.5200,5.000000
FILLER_77_273,VDD,Metal1,161.1000,317.9525,5.000000
FILLER_77_222,VDD,Metal1,131.3200,317.5200,5.000000
FILLER_77_220,VDD,Metal1,130.4800,317.5200,5.000000
FILLER_77_212,VDD,Metal1,128.1865,318.0965,5.000000
FILLER_77_206,VDD,Metal1,123.5800,317.9525,5.000000
FILLER_77_142,VDD,Metal1,104.8750,318.3340,5.000000
FILLER_77_138,VDD,Metal1,84.5600,317.5200,5.000000
FILLER_77_106,VDD,Metal1,75.7155,318.2885,5.000000
FILLER_77_95,VDD,Metal1,60.2000,317.5200,5.000000
FILLER_77_79,VDD,Metal1,56.0480,318.2120,5.000000
FILLER_77_72,VDD,Metal1,47.6000,317.5200,5.000000
FILLER_77_68,VDD,Metal1,45.3600,317.5200,5.000000
FILLER_77_64,VDD,Metal1,44.0600,317.9525,5.000000
FILLER_77_56,VDD,Metal1,40.8265,318.0965,5.000000
FILLER_77_40,VDD,Metal1,34.2080,318.2120,5.000000
FILLER_77_28,VDD,Metal1,22.6800,317.5200,5.000000
FILLER_77_26,VDD,Metal1,21.8400,317.5200,5.000000
FILLER_77_18,VDD,Metal1,19.5465,318.0965,5.000000
FILLER_77_2,VDD,Metal1,12.9280,318.2120,5.000000
FILLER_76_769,VDD,Metal1,440.1065,316.9430,5.000000
FILLER_76_737,VDD,Metal1,429.0755,316.7510,5.000000
FILLER_76_731,VDD,Metal1,417.5800,317.0875,5.000000
FILLER_76_667,VDD,Metal1,398.8750,316.7055,5.000000
FILLER_76_664,VDD,Metal1,378.8400,317.5200,5.000000
FILLER_76_660,VDD,Metal1,377.8200,317.0875,5.000000
FILLER_76_652,VDD,Metal1,374.5865,316.9430,5.000000
FILLER_76_617,VDD,Metal1,352.5200,317.5200,5.000000
FILLER_76_613,VDD,Metal1,351.5000,317.0875,5.000000
FILLER_76_597,VDD,Metal1,346.1280,316.8280,5.000000
FILLER_76_594,VDD,Metal1,339.6400,317.5200,5.000000
FILLER_76_586,VDD,Metal1,337.6265,316.9430,5.000000
FILLER_76_574,VDD,Metal1,328.7200,317.5200,5.000000
FILLER_76_566,VDD,Metal1,326.4265,316.9430,5.000000
FILLER_76_550,VDD,Metal1,319.8080,316.8280,5.000000
FILLER_76_537,VDD,Metal1,307.7200,317.5200,5.000000
FILLER_76_535,VDD,Metal1,306.8800,317.5200,5.000000
FILLER_76_527,VDD,Metal1,304.5865,316.9430,5.000000
FILLER_76_521,VDD,Metal1,299.9800,317.0875,5.000000
FILLER_76_513,VDD,Metal1,296.7465,316.9430,5.000000
FILLER_76_497,VDD,Metal1,290.1280,316.8280,5.000000
FILLER_76_461,VDD,Metal1,265.4400,317.5200,5.000000
FILLER_76_457,VDD,Metal1,264.1400,317.0875,5.000000
FILLER_76_433,VDD,Metal1,249.7600,317.5200,5.000000
FILLER_76_429,VDD,Metal1,248.4600,317.0875,5.000000
FILLER_76_387,VDD,Metal1,233.0755,316.7510,5.000000
FILLER_76_384,VDD,Metal1,222.0400,317.5200,5.000000
FILLER_76_382,VDD,Metal1,221.2000,317.5200,5.000000
FILLER_76_377,VDD,Metal1,218.1200,317.5200,5.000000
FILLER_76_373,VDD,Metal1,217.1000,317.0875,5.000000
FILLER_76_365,VDD,Metal1,213.8665,316.9430,5.000000
FILLER_76_349,VDD,Metal1,207.2480,316.8280,5.000000
FILLER_76_317,VDD,Metal1,193.8755,316.7510,5.000000
FILLER_76_314,VDD,Metal1,182.8400,317.5200,5.000000
FILLER_76_298,VDD,Metal1,178.6880,316.8280,5.000000
FILLER_76_263,VDD,Metal1,154.2800,317.5200,5.000000
FILLER_76_247,VDD,Metal1,150.1280,316.8280,5.000000
FILLER_76_243,VDD,Metal1,143.3600,317.5200,5.000000
FILLER_76_234,VDD,Metal1,139.2600,317.0875,5.000000
FILLER_76_226,VDD,Metal1,136.0265,316.9430,5.000000
FILLER_76_217,VDD,Metal1,128.5200,317.5200,5.000000
FILLER_76_209,VDD,Metal1,126.5065,316.9430,5.000000
FILLER_76_177,VDD,Metal1,115.4755,316.7510,5.000000
FILLER_76_171,VDD,Metal1,103.9800,317.0875,5.000000
FILLER_76_107,VDD,Metal1,85.2750,316.7055,5.000000
FILLER_76_101,VDD,Metal1,64.7800,317.0875,5.000000
FILLER_76_37,VDD,Metal1,46.0750,316.7055,5.000000
FILLER_76_34,VDD,Metal1,26.0400,317.5200,5.000000
FILLER_76_2,VDD,Metal1,17.4755,316.7510,5.000000
FILLER_75_776,VDD,Metal1,441.5600,309.6800,5.000000
FILLER_75_772,VDD,Metal1,440.5400,310.1125,5.000000
FILLER_75_769,VDD,Metal1,437.6400,309.6800,5.000000
FILLER_75_767,VDD,Metal1,436.8000,309.6800,5.000000
FILLER_75_763,VDD,Metal1,435.5000,310.1125,5.000000
FILLER_75_747,VDD,Metal1,430.1280,310.3720,5.000000
FILLER_75_715,VDD,Metal1,416.7555,310.4485,5.000000
FILLER_75_702,VDD,Metal1,402.5865,310.2565,5.000000
FILLER_75_684,VDD,Metal1,394.8480,310.3720,5.000000
FILLER_75_648,VDD,Metal1,370.1600,309.6800,5.000000
FILLER_75_632,VDD,Metal1,365.7280,310.3720,5.000000
FILLER_75_626,VDD,Metal1,358.7800,310.1125,5.000000
FILLER_75_562,VDD,Metal1,340.0750,310.4940,5.000000
FILLER_75_559,VDD,Metal1,320.0400,309.6800,5.000000
FILLER_75_555,VDD,Metal1,319.0200,310.1125,5.000000
FILLER_75_539,VDD,Metal1,308.8400,309.6800,5.000000
FILLER_75_537,VDD,Metal1,308.0000,309.6800,5.000000
FILLER_75_529,VDD,Metal1,305.7065,310.2565,5.000000
FILLER_75_494,VDD,Metal1,283.6400,309.6800,5.000000
FILLER_75_492,VDD,Metal1,282.8000,309.6800,5.000000
FILLER_75_486,VDD,Metal1,280.3800,310.1125,5.000000
FILLER_75_422,VDD,Metal1,261.6750,310.4940,5.000000
FILLER_75_419,VDD,Metal1,241.6400,309.6800,5.000000
FILLER_75_417,VDD,Metal1,240.8000,309.6800,5.000000
FILLER_75_409,VDD,Metal1,238.5065,310.2565,5.000000
FILLER_75_393,VDD,Metal1,231.8880,310.3720,5.000000
FILLER_75_363,VDD,Metal1,212.7465,310.2565,5.000000
FILLER_75_358,VDD,Metal1,207.4800,309.6800,5.000000
FILLER_75_356,VDD,Metal1,206.6400,309.6800,5.000000
FILLER_75_352,VDD,Metal1,205.3400,310.1125,5.000000
FILLER_75_349,VDD,Metal1,202.4400,309.6800,5.000000
FILLER_75_347,VDD,Metal1,201.6000,309.6800,5.000000
FILLER_75_312,VDD,Metal1,181.7200,309.6800,5.000000
FILLER_75_310,VDD,Metal1,180.8800,309.6800,5.000000
FILLER_75_306,VDD,Metal1,179.5800,310.1125,5.000000
FILLER_75_298,VDD,Metal1,176.3465,310.2565,5.000000
FILLER_75_282,VDD,Metal1,169.7280,310.3720,5.000000
FILLER_75_279,VDD,Metal1,163.2400,309.6800,5.000000
FILLER_75_275,VDD,Metal1,162.2200,310.1125,5.000000
FILLER_75_259,VDD,Metal1,156.8480,310.3720,5.000000
FILLER_75_233,VDD,Metal1,137.7600,309.6800,5.000000
FILLER_75_229,VDD,Metal1,136.4600,310.1125,5.000000
FILLER_75_209,VDD,Metal1,124.0400,309.6800,5.000000
FILLER_75_207,VDD,Metal1,123.2000,309.6800,5.000000
FILLER_75_203,VDD,Metal1,121.9000,310.1125,5.000000
FILLER_75_195,VDD,Metal1,118.6665,310.2565,5.000000
FILLER_75_163,VDD,Metal1,107.6355,310.4485,5.000000
FILLER_75_142,VDD,Metal1,86.5200,309.6800,5.000000
FILLER_75_124,VDD,Metal1,81.2480,310.3720,5.000000
FILLER_75_103,VDD,Metal1,69.4880,310.3720,5.000000
FILLER_75_85,VDD,Metal1,57.0665,310.2565,5.000000
FILLER_75_66,VDD,Metal1,45.1800,310.1125,5.000000
FILLER_75_2,VDD,Metal1,26.4750,310.4940,5.000000
FILLER_74_741,VDD,Metal1,422.2400,309.6800,5.000000
FILLER_74_737,VDD,Metal1,420.9400,309.2475,5.000000
FILLER_74_734,VDD,Metal1,418.0400,309.6800,5.000000
FILLER_74_732,VDD,Metal1,417.2000,309.6800,5.000000
FILLER_74_724,VDD,Metal1,414.9065,309.1030,5.000000
FILLER_74_687,VDD,Metal1,392.0000,309.6800,5.000000
FILLER_74_683,VDD,Metal1,390.7000,309.2475,5.000000
FILLER_74_667,VDD,Metal1,385.3280,308.9880,5.000000
FILLER_74_661,VDD,Metal1,378.3800,309.2475,5.000000
FILLER_74_597,VDD,Metal1,359.6750,308.8655,5.000000
FILLER_74_594,VDD,Metal1,339.6400,309.6800,5.000000
FILLER_74_592,VDD,Metal1,338.8000,309.6800,5.000000
FILLER_74_583,VDD,Metal1,333.4800,309.6800,5.000000
FILLER_74_579,VDD,Metal1,332.4600,309.2475,5.000000
FILLER_74_563,VDD,Metal1,327.0880,308.9880,5.000000
FILLER_74_551,VDD,Metal1,315.5600,309.6800,5.000000
FILLER_74_543,VDD,Metal1,313.5465,309.1030,5.000000
FILLER_74_527,VDD,Metal1,306.9280,308.9880,5.000000
FILLER_74_521,VDD,Metal1,299.9800,309.2475,5.000000
FILLER_74_457,VDD,Metal1,281.2750,308.8655,5.000000
FILLER_74_454,VDD,Metal1,261.2400,309.6800,5.000000
FILLER_74_452,VDD,Metal1,260.4000,309.6800,5.000000
FILLER_74_444,VDD,Metal1,258.1065,309.1030,5.000000
FILLER_74_428,VDD,Metal1,251.4880,308.9880,5.000000
FILLER_74_421,VDD,Metal1,243.0400,309.6800,5.000000
FILLER_74_399,VDD,Metal1,230.7200,309.6800,5.000000
FILLER_74_395,VDD,Metal1,229.4200,309.2475,5.000000
FILLER_74_387,VDD,Metal1,226.1865,309.1030,5.000000
FILLER_74_371,VDD,Metal1,215.0400,309.6800,5.000000
FILLER_74_333,VDD,Metal1,194.7000,309.2475,5.000000
FILLER_74_317,VDD,Metal1,189.3280,308.9880,5.000000
FILLER_74_314,VDD,Metal1,182.8400,309.6800,5.000000
FILLER_74_279,VDD,Metal1,163.2400,309.6800,5.000000
FILLER_74_247,VDD,Metal1,154.6755,308.9110,5.000000
FILLER_74_243,VDD,Metal1,143.3600,309.6800,5.000000
FILLER_74_234,VDD,Metal1,139.2600,309.2475,5.000000
FILLER_74_226,VDD,Metal1,136.0265,309.1030,5.000000
FILLER_74_219,VDD,Metal1,129.9200,309.6800,5.000000
FILLER_74_205,VDD,Metal1,122.0800,309.6800,5.000000
FILLER_74_201,VDD,Metal1,120.7800,309.2475,5.000000
FILLER_74_193,VDD,Metal1,117.5465,309.1030,5.000000
FILLER_74_177,VDD,Metal1,110.9280,308.9880,5.000000
FILLER_74_173,VDD,Metal1,104.1600,309.6800,5.000000
FILLER_74_157,VDD,Metal1,99.7280,308.9880,5.000000
FILLER_74_142,VDD,Metal1,86.8000,309.6800,5.000000
FILLER_74_138,VDD,Metal1,85.5000,309.2475,5.000000
FILLER_74_122,VDD,Metal1,80.1280,308.9880,5.000000
FILLER_74_115,VDD,Metal1,71.6800,309.6800,5.000000
FILLER_74_101,VDD,Metal1,64.7800,309.2475,5.000000
FILLER_74_37,VDD,Metal1,46.0750,308.8655,5.000000
FILLER_74_18,VDD,Metal1,17.0800,309.6800,5.000000
FILLER_74_2,VDD,Metal1,12.9280,308.9880,5.000000
FILLER_73_776,VDD,Metal1,441.5600,301.8400,5.000000
FILLER_73_772,VDD,Metal1,440.5400,302.2725,5.000000
FILLER_73_769,VDD,Metal1,437.6400,301.8400,5.000000
FILLER_73_753,VDD,Metal1,433.4880,302.5320,5.000000
FILLER_73_726,VDD,Metal1,414.7800,302.2725,5.000000
FILLER_73_718,VDD,Metal1,411.5465,302.4165,5.000000
FILLER_73_708,VDD,Metal1,403.7600,301.8400,5.000000
FILLER_73_699,VDD,Metal1,398.4400,301.8400,5.000000
FILLER_73_697,VDD,Metal1,397.6000,301.8400,5.000000
FILLER_73_692,VDD,Metal1,394.5200,301.8400,5.000000
FILLER_73_688,VDD,Metal1,393.5000,302.2725,5.000000
FILLER_73_680,VDD,Metal1,390.2665,302.4165,5.000000
FILLER_73_664,VDD,Metal1,383.6480,302.5320,5.000000
FILLER_73_632,VDD,Metal1,370.2755,302.6085,5.000000
FILLER_73_629,VDD,Metal1,359.2400,301.8400,5.000000
FILLER_73_625,VDD,Metal1,358.2200,302.2725,5.000000
FILLER_73_593,VDD,Metal1,348.4355,302.6085,5.000000
FILLER_73_584,VDD,Metal1,334.0400,301.8400,5.000000
FILLER_73_582,VDD,Metal1,333.2000,301.8400,5.000000
FILLER_73_562,VDD,Metal1,326.5280,302.5320,5.000000
FILLER_73_559,VDD,Metal1,320.0400,301.8400,5.000000
FILLER_73_557,VDD,Metal1,319.2000,301.8400,5.000000
FILLER_73_549,VDD,Metal1,316.9065,302.4165,5.000000
FILLER_73_536,VDD,Metal1,307.4400,301.8400,5.000000
FILLER_73_532,VDD,Metal1,306.1400,302.2725,5.000000
FILLER_73_524,VDD,Metal1,302.9065,302.4165,5.000000
FILLER_73_492,VDD,Metal1,291.8755,302.6085,5.000000
FILLER_73_488,VDD,Metal1,280.5600,301.8400,5.000000
FILLER_73_484,VDD,Metal1,279.2600,302.2725,5.000000
FILLER_73_476,VDD,Metal1,276.0265,302.4165,5.000000
FILLER_73_444,VDD,Metal1,264.9955,302.6085,5.000000
FILLER_73_430,VDD,Metal1,248.0800,301.8400,5.000000
FILLER_73_422,VDD,Metal1,245.7865,302.4165,5.000000
FILLER_73_416,VDD,Metal1,241.1800,302.2725,5.000000
FILLER_73_352,VDD,Metal1,222.4750,302.6540,5.000000
FILLER_73_346,VDD,Metal1,201.9800,302.2725,5.000000
FILLER_73_282,VDD,Metal1,183.2750,302.6540,5.000000
FILLER_73_278,VDD,Metal1,162.9600,301.8400,5.000000
FILLER_73_274,VDD,Metal1,161.6600,302.2725,5.000000
FILLER_73_266,VDD,Metal1,158.4265,302.4165,5.000000
FILLER_73_250,VDD,Metal1,151.8080,302.5320,5.000000
FILLER_73_218,VDD,Metal1,138.4355,302.6085,5.000000
FILLER_73_208,VDD,Metal1,123.7600,301.8400,5.000000
FILLER_73_200,VDD,Metal1,121.4665,302.4165,5.000000
FILLER_73_164,VDD,Metal1,99.1200,301.8400,5.000000
FILLER_73_160,VDD,Metal1,97.8200,302.2725,5.000000
FILLER_73_152,VDD,Metal1,94.5865,302.4165,5.000000
FILLER_73_142,VDD,Metal1,86.8000,301.8400,5.000000
FILLER_73_138,VDD,Metal1,84.5600,301.8400,5.000000
FILLER_73_130,VDD,Metal1,82.2665,302.4165,5.000000
FILLER_73_114,VDD,Metal1,75.6480,302.5320,5.000000
FILLER_73_108,VDD,Metal1,67.4800,301.8400,5.000000
FILLER_73_104,VDD,Metal1,66.4600,302.2725,5.000000
FILLER_73_72,VDD,Metal1,56.6755,302.6085,5.000000
FILLER_73_38,VDD,Metal1,37.6355,302.6085,5.000000
FILLER_73_2,VDD,Metal1,8.4000,301.8400,5.000000
FILLER_72_757,VDD,Metal1,432.1400,301.4075,5.000000
FILLER_72_749,VDD,Metal1,428.9065,301.2630,5.000000
FILLER_72_737,VDD,Metal1,420.9400,301.4075,5.000000
FILLER_72_727,VDD,Metal1,416.5865,301.2630,5.000000
FILLER_72_711,VDD,Metal1,409.9680,301.1480,5.000000
FILLER_72_699,VDD,Metal1,400.9065,301.2630,5.000000
FILLER_72_667,VDD,Metal1,389.8755,301.0710,5.000000
FILLER_72_664,VDD,Metal1,378.8400,301.8400,5.000000
FILLER_72_660,VDD,Metal1,377.8200,301.4075,5.000000
FILLER_72_652,VDD,Metal1,374.5865,301.2630,5.000000
FILLER_72_617,VDD,Metal1,352.5200,301.8400,5.000000
FILLER_72_613,VDD,Metal1,351.5000,301.4075,5.000000
FILLER_72_597,VDD,Metal1,346.1280,301.1480,5.000000
FILLER_72_593,VDD,Metal1,339.3600,301.8400,5.000000
FILLER_72_585,VDD,Metal1,337.0665,301.2630,5.000000
FILLER_72_573,VDD,Metal1,327.8800,301.8400,5.000000
FILLER_72_569,VDD,Metal1,326.8600,301.4075,5.000000
FILLER_72_561,VDD,Metal1,323.6265,301.2630,5.000000
FILLER_72_545,VDD,Metal1,317.0080,301.1480,5.000000
FILLER_72_539,VDD,Metal1,309.1200,301.8400,5.000000
FILLER_72_535,VDD,Metal1,307.8200,301.4075,5.000000
FILLER_72_527,VDD,Metal1,304.5865,301.2630,5.000000
FILLER_72_523,VDD,Metal1,300.1600,301.8400,5.000000
FILLER_72_491,VDD,Metal1,291.3155,301.0710,5.000000
FILLER_72_451,VDD,Metal1,260.7800,301.4075,5.000000
FILLER_72_387,VDD,Metal1,242.0750,301.0255,5.000000
FILLER_72_381,VDD,Metal1,221.5800,301.4075,5.000000
FILLER_72_317,VDD,Metal1,202.8750,301.0255,5.000000
FILLER_72_311,VDD,Metal1,182.3800,301.4075,5.000000
FILLER_72_247,VDD,Metal1,163.6750,301.0255,5.000000
FILLER_72_241,VDD,Metal1,143.1800,301.4075,5.000000
FILLER_72_177,VDD,Metal1,124.4750,301.0255,5.000000
FILLER_72_171,VDD,Metal1,103.9800,301.4075,5.000000
FILLER_72_163,VDD,Metal1,100.7465,301.2630,5.000000
FILLER_72_147,VDD,Metal1,94.1280,301.1480,5.000000
FILLER_72_141,VDD,Metal1,85.9600,301.8400,5.000000
FILLER_72_139,VDD,Metal1,85.1200,301.8400,5.000000
FILLER_72_107,VDD,Metal1,76.2755,301.0710,5.000000
FILLER_72_104,VDD,Metal1,65.2400,301.8400,5.000000
FILLER_72_102,VDD,Metal1,64.4000,301.8400,5.000000
FILLER_72_98,VDD,Metal1,63.1000,301.4075,5.000000
FILLER_72_90,VDD,Metal1,59.8665,301.2630,5.000000
FILLER_72_55,VDD,Metal1,37.8000,301.8400,5.000000
FILLER_72_53,VDD,Metal1,36.9600,301.8400,5.000000
FILLER_72_37,VDD,Metal1,32.5280,301.1480,5.000000
FILLER_72_26,VDD,Metal1,21.5600,301.8400,5.000000
FILLER_72_18,VDD,Metal1,19.5465,301.2630,5.000000
FILLER_72_2,VDD,Metal1,12.9280,301.1480,5.000000
FILLER_71_776,VDD,Metal1,441.5600,294.0000,5.000000
FILLER_71_772,VDD,Metal1,440.5400,294.4325,5.000000
FILLER_71_766,VDD,Metal1,437.1800,294.4325,5.000000
FILLER_71_702,VDD,Metal1,418.4750,294.8140,5.000000
FILLER_71_696,VDD,Metal1,397.9800,294.4325,5.000000
FILLER_71_688,VDD,Metal1,394.7465,294.5765,5.000000
FILLER_71_652,VDD,Metal1,372.4000,294.0000,5.000000
FILLER_71_648,VDD,Metal1,371.1000,294.4325,5.000000
FILLER_71_632,VDD,Metal1,365.7280,294.6920,5.000000
FILLER_71_626,VDD,Metal1,358.7800,294.4325,5.000000
FILLER_71_618,VDD,Metal1,355.5465,294.5765,5.000000
FILLER_71_602,VDD,Metal1,348.9280,294.6920,5.000000
FILLER_71_578,VDD,Metal1,330.6800,294.0000,5.000000
FILLER_71_562,VDD,Metal1,326.5280,294.6920,5.000000
FILLER_71_558,VDD,Metal1,319.7600,294.0000,5.000000
FILLER_71_554,VDD,Metal1,318.4600,294.4325,5.000000
FILLER_71_546,VDD,Metal1,315.2265,294.5765,5.000000
FILLER_71_530,VDD,Metal1,308.6080,294.6920,5.000000
FILLER_71_492,VDD,Metal1,283.7400,294.4325,5.000000
FILLER_71_486,VDD,Metal1,280.3800,294.4325,5.000000
FILLER_71_478,VDD,Metal1,277.1465,294.5765,5.000000
FILLER_71_462,VDD,Metal1,270.5280,294.6920,5.000000
FILLER_71_430,VDD,Metal1,257.1555,294.7685,5.000000
FILLER_71_416,VDD,Metal1,241.1800,294.4325,5.000000
FILLER_71_352,VDD,Metal1,222.4750,294.8140,5.000000
FILLER_71_346,VDD,Metal1,201.9800,294.4325,5.000000
FILLER_71_282,VDD,Metal1,183.2750,294.8140,5.000000
FILLER_71_276,VDD,Metal1,162.7800,294.4325,5.000000
FILLER_71_212,VDD,Metal1,144.0750,294.8140,5.000000
FILLER_71_206,VDD,Metal1,123.5800,294.4325,5.000000
FILLER_71_142,VDD,Metal1,104.8750,294.8140,5.000000
FILLER_71_136,VDD,Metal1,84.3800,294.4325,5.000000
FILLER_71_72,VDD,Metal1,65.6750,294.8140,5.000000
FILLER_71_66,VDD,Metal1,45.1800,294.4325,5.000000
FILLER_71_2,VDD,Metal1,26.4750,294.8140,5.000000
FILLER_70_769,VDD,Metal1,440.1065,293.4230,5.000000
FILLER_70_737,VDD,Metal1,429.0755,293.2310,5.000000
FILLER_70_731,VDD,Metal1,417.5800,293.5675,5.000000
FILLER_70_667,VDD,Metal1,398.8750,293.1855,5.000000
FILLER_70_661,VDD,Metal1,378.3800,293.5675,5.000000
FILLER_70_597,VDD,Metal1,359.6750,293.1855,5.000000
FILLER_70_591,VDD,Metal1,339.1800,293.5675,5.000000
FILLER_70_527,VDD,Metal1,320.4750,293.1855,5.000000
FILLER_70_521,VDD,Metal1,299.9800,293.5675,5.000000
FILLER_70_457,VDD,Metal1,281.2750,293.1855,5.000000
FILLER_70_451,VDD,Metal1,260.7800,293.5675,5.000000
FILLER_70_387,VDD,Metal1,242.0750,293.1855,5.000000
FILLER_70_384,VDD,Metal1,222.0400,294.0000,5.000000
FILLER_70_376,VDD,Metal1,220.0265,293.4230,5.000000
FILLER_70_360,VDD,Metal1,213.4080,293.3080,5.000000
FILLER_70_325,VDD,Metal1,189.0000,294.0000,5.000000
FILLER_70_317,VDD,Metal1,186.9865,293.4230,5.000000
FILLER_70_311,VDD,Metal1,182.3800,293.5675,5.000000
FILLER_70_247,VDD,Metal1,163.6750,293.1855,5.000000
FILLER_70_241,VDD,Metal1,143.1800,293.5675,5.000000
FILLER_70_177,VDD,Metal1,124.4750,293.1855,5.000000
FILLER_70_171,VDD,Metal1,103.9800,293.5675,5.000000
FILLER_70_107,VDD,Metal1,85.2750,293.1855,5.000000
FILLER_70_101,VDD,Metal1,64.7800,293.5675,5.000000
FILLER_70_37,VDD,Metal1,46.0750,293.1855,5.000000
FILLER_70_34,VDD,Metal1,26.0400,294.0000,5.000000
FILLER_70_2,VDD,Metal1,17.4755,293.2310,5.000000
FILLER_69_776,VDD,Metal1,441.5600,286.1600,5.000000
FILLER_69_772,VDD,Metal1,440.5400,286.5925,5.000000
FILLER_69_766,VDD,Metal1,437.1800,286.5925,5.000000
FILLER_69_702,VDD,Metal1,418.4750,286.9740,5.000000
FILLER_69_696,VDD,Metal1,397.9800,286.5925,5.000000
FILLER_69_632,VDD,Metal1,379.2750,286.9740,5.000000
FILLER_69_626,VDD,Metal1,358.7800,286.5925,5.000000
FILLER_69_562,VDD,Metal1,340.0750,286.9740,5.000000
FILLER_69_556,VDD,Metal1,319.5800,286.5925,5.000000
FILLER_69_492,VDD,Metal1,300.8750,286.9740,5.000000
FILLER_69_486,VDD,Metal1,280.3800,286.5925,5.000000
FILLER_69_422,VDD,Metal1,261.6750,286.9740,5.000000
FILLER_69_418,VDD,Metal1,241.3600,286.1600,5.000000
FILLER_69_414,VDD,Metal1,240.0600,286.5925,5.000000
FILLER_69_382,VDD,Metal1,230.2755,286.9285,5.000000
FILLER_69_368,VDD,Metal1,213.0800,286.1600,5.000000
FILLER_69_352,VDD,Metal1,208.9280,286.8520,5.000000
FILLER_69_346,VDD,Metal1,201.9800,286.5925,5.000000
FILLER_69_282,VDD,Metal1,183.2750,286.9740,5.000000
FILLER_69_276,VDD,Metal1,162.7800,286.5925,5.000000
FILLER_69_260,VDD,Metal1,157.4080,286.8520,5.000000
FILLER_69_254,VDD,Metal1,149.2400,286.1600,5.000000
FILLER_69_252,VDD,Metal1,148.4000,286.1600,5.000000
FILLER_69_244,VDD,Metal1,146.1065,286.7365,5.000000
FILLER_69_212,VDD,Metal1,135.0755,286.9285,5.000000
FILLER_69_209,VDD,Metal1,124.0400,286.1600,5.000000
FILLER_69_207,VDD,Metal1,123.2000,286.1600,5.000000
FILLER_69_198,VDD,Metal1,119.1000,286.5925,5.000000
FILLER_69_190,VDD,Metal1,115.8665,286.7365,5.000000
FILLER_69_174,VDD,Metal1,109.2480,286.8520,5.000000
FILLER_69_142,VDD,Metal1,95.8755,286.9285,5.000000
FILLER_69_136,VDD,Metal1,84.3800,286.5925,5.000000
FILLER_69_72,VDD,Metal1,65.6750,286.9740,5.000000
FILLER_69_66,VDD,Metal1,45.1800,286.5925,5.000000
FILLER_69_2,VDD,Metal1,26.4750,286.9740,5.000000
FILLER_68_760,VDD,Metal1,432.6000,286.1600,5.000000
FILLER_68_752,VDD,Metal1,430.5865,285.5830,5.000000
FILLER_68_739,VDD,Metal1,420.8400,286.1600,5.000000
FILLER_68_737,VDD,Metal1,420.0000,286.1600,5.000000
FILLER_68_731,VDD,Metal1,417.5800,285.7275,5.000000
FILLER_68_667,VDD,Metal1,398.8750,285.3455,5.000000
FILLER_68_661,VDD,Metal1,378.3800,285.7275,5.000000
FILLER_68_597,VDD,Metal1,359.6750,285.3455,5.000000
FILLER_68_591,VDD,Metal1,339.1800,285.7275,5.000000
FILLER_68_527,VDD,Metal1,320.4750,285.3455,5.000000
FILLER_68_521,VDD,Metal1,299.9800,285.7275,5.000000
FILLER_68_457,VDD,Metal1,281.2750,285.3455,5.000000
FILLER_68_439,VDD,Metal1,257.6480,285.4680,5.000000
FILLER_68_433,VDD,Metal1,249.4800,286.1600,5.000000
FILLER_68_425,VDD,Metal1,247.4665,285.5830,5.000000
FILLER_68_411,VDD,Metal1,238.3800,285.7275,5.000000
FILLER_68_403,VDD,Metal1,235.1465,285.5830,5.000000
FILLER_68_387,VDD,Metal1,228.5280,285.4680,5.000000
FILLER_68_384,VDD,Metal1,222.0400,286.1600,5.000000
FILLER_68_382,VDD,Metal1,221.2000,286.1600,5.000000
FILLER_68_378,VDD,Metal1,219.9000,285.7275,5.000000
FILLER_68_365,VDD,Metal1,213.8665,285.5830,5.000000
FILLER_68_349,VDD,Metal1,207.2480,285.4680,5.000000
FILLER_68_317,VDD,Metal1,193.8755,285.3910,5.000000
FILLER_68_267,VDD,Metal1,156.8000,286.1600,5.000000
FILLER_68_257,VDD,Metal1,151.2000,286.1600,5.000000
FILLER_68_247,VDD,Metal1,145.6000,286.1600,5.000000
FILLER_68_243,VDD,Metal1,143.3600,286.1600,5.000000
FILLER_68_239,VDD,Metal1,142.0600,285.7275,5.000000
FILLER_68_223,VDD,Metal1,136.6880,285.4680,5.000000
FILLER_68_205,VDD,Metal1,123.0200,285.7275,5.000000
FILLER_68_193,VDD,Metal1,116.3000,285.7275,5.000000
FILLER_68_177,VDD,Metal1,110.9280,285.4680,5.000000
FILLER_68_174,VDD,Metal1,104.4400,286.1600,5.000000
FILLER_68_170,VDD,Metal1,103.4200,285.7275,5.000000
FILLER_68_154,VDD,Metal1,98.0480,285.4680,5.000000
FILLER_68_122,VDD,Metal1,84.6755,285.3910,5.000000
FILLER_68_113,VDD,Metal1,70.2800,286.1600,5.000000
FILLER_68_111,VDD,Metal1,69.4400,286.1600,5.000000
FILLER_68_107,VDD,Metal1,68.1400,285.7275,5.000000
FILLER_68_104,VDD,Metal1,65.2400,286.1600,5.000000
FILLER_68_102,VDD,Metal1,64.4000,286.1600,5.000000
FILLER_68_98,VDD,Metal1,63.1000,285.7275,5.000000
FILLER_68_83,VDD,Metal1,53.4800,286.1600,5.000000
FILLER_68_81,VDD,Metal1,52.6400,286.1600,5.000000
FILLER_68_77,VDD,Metal1,51.3400,285.7275,5.000000
FILLER_68_69,VDD,Metal1,48.1065,285.5830,5.000000
FILLER_68_37,VDD,Metal1,37.0755,285.3910,5.000000
FILLER_68_34,VDD,Metal1,26.0400,286.1600,5.000000
FILLER_68_32,VDD,Metal1,25.2000,286.1600,5.000000
FILLER_68_28,VDD,Metal1,23.9000,285.7275,5.000000
FILLER_68_14,VDD,Metal1,15.1200,286.1600,5.000000
FILLER_68_10,VDD,Metal1,13.8200,285.7275,5.000000
FILLER_68_2,VDD,Metal1,10.5865,285.5830,5.000000
FILLER_67_776,VDD,Metal1,441.5600,278.3200,5.000000
FILLER_67_772,VDD,Metal1,440.5400,278.7525,5.000000
FILLER_67_769,VDD,Metal1,437.6400,278.3200,5.000000
FILLER_67_765,VDD,Metal1,436.6200,278.7525,5.000000
FILLER_67_749,VDD,Metal1,431.2480,279.0120,5.000000
FILLER_67_732,VDD,Metal1,416.9200,278.3200,5.000000
FILLER_67_730,VDD,Metal1,416.0800,278.3200,5.000000
FILLER_67_726,VDD,Metal1,414.7800,278.7525,5.000000
FILLER_67_718,VDD,Metal1,411.5465,278.8965,5.000000
FILLER_67_702,VDD,Metal1,404.9280,279.0120,5.000000
FILLER_67_696,VDD,Metal1,397.9800,278.7525,5.000000
FILLER_67_632,VDD,Metal1,379.2750,279.1340,5.000000
FILLER_67_628,VDD,Metal1,358.9600,278.3200,5.000000
FILLER_67_620,VDD,Metal1,356.6665,278.8965,5.000000
FILLER_67_615,VDD,Metal1,351.4000,278.3200,5.000000
FILLER_67_611,VDD,Metal1,350.3800,278.7525,5.000000
FILLER_67_603,VDD,Metal1,347.1465,278.8965,5.000000
FILLER_67_587,VDD,Metal1,340.5280,279.0120,5.000000
FILLER_67_582,VDD,Metal1,332.9200,278.3200,5.000000
FILLER_67_578,VDD,Metal1,331.9000,278.7525,5.000000
FILLER_67_562,VDD,Metal1,326.5280,279.0120,5.000000
FILLER_67_489,VDD,Metal1,280.8400,278.3200,5.000000
FILLER_67_485,VDD,Metal1,279.8200,278.7525,5.000000
FILLER_67_453,VDD,Metal1,270.0355,279.0885,5.000000
FILLER_67_438,VDD,Metal1,252.5600,278.3200,5.000000
FILLER_67_422,VDD,Metal1,248.1280,279.0120,5.000000
FILLER_67_418,VDD,Metal1,241.3600,278.3200,5.000000
FILLER_67_410,VDD,Metal1,239.0665,278.8965,5.000000
FILLER_67_400,VDD,Metal1,231.0000,278.3200,5.000000
FILLER_67_396,VDD,Metal1,229.9800,278.7525,5.000000
FILLER_67_388,VDD,Metal1,226.7465,278.8965,5.000000
FILLER_67_356,VDD,Metal1,215.7155,279.0885,5.000000
FILLER_67_346,VDD,Metal1,201.9800,278.7525,5.000000
FILLER_67_282,VDD,Metal1,183.2750,279.1340,5.000000
FILLER_67_279,VDD,Metal1,163.2400,278.3200,5.000000
FILLER_67_277,VDD,Metal1,162.4000,278.3200,5.000000
FILLER_67_269,VDD,Metal1,160.1065,278.8965,5.000000
FILLER_67_252,VDD,Metal1,149.3400,278.7525,5.000000
FILLER_67_244,VDD,Metal1,146.1065,278.8965,5.000000
FILLER_67_212,VDD,Metal1,135.0755,279.0885,5.000000
FILLER_67_200,VDD,Metal1,120.2200,278.7525,5.000000
FILLER_67_192,VDD,Metal1,116.9865,278.8965,5.000000
FILLER_67_142,VDD,Metal1,91.3280,279.0120,5.000000
FILLER_67_139,VDD,Metal1,84.8400,278.3200,5.000000
FILLER_67_131,VDD,Metal1,82.8265,278.8965,5.000000
FILLER_67_115,VDD,Metal1,76.2080,279.0120,5.000000
FILLER_67_110,VDD,Metal1,68.6000,278.3200,5.000000
FILLER_67_108,VDD,Metal1,67.7600,278.3200,5.000000
FILLER_67_92,VDD,Metal1,63.3280,279.0120,5.000000
FILLER_67_86,VDD,Metal1,55.1600,278.3200,5.000000
FILLER_67_84,VDD,Metal1,54.3200,278.3200,5.000000
FILLER_67_80,VDD,Metal1,53.0200,278.7525,5.000000
FILLER_67_72,VDD,Metal1,49.7865,278.8965,5.000000
FILLER_67_66,VDD,Metal1,45.1800,278.7525,5.000000
FILLER_67_58,VDD,Metal1,41.9465,278.8965,5.000000
FILLER_67_42,VDD,Metal1,35.3280,279.0120,5.000000
FILLER_67_6,VDD,Metal1,10.6400,278.3200,5.000000
FILLER_67_2,VDD,Metal1,9.3400,278.7525,5.000000
FILLER_66_741,VDD,Metal1,422.2400,278.3200,5.000000
FILLER_66_737,VDD,Metal1,420.9400,277.8875,5.000000
FILLER_66_727,VDD,Metal1,416.5865,277.7430,5.000000
FILLER_66_679,VDD,Metal1,387.2400,278.3200,5.000000
FILLER_66_675,VDD,Metal1,386.2200,277.8875,5.000000
FILLER_66_667,VDD,Metal1,382.9865,277.7430,5.000000
FILLER_66_657,VDD,Metal1,377.3865,277.7430,5.000000
FILLER_66_641,VDD,Metal1,370.7680,277.6280,5.000000
FILLER_66_611,VDD,Metal1,349.1600,278.3200,5.000000
FILLER_66_609,VDD,Metal1,348.3200,278.3200,5.000000
FILLER_66_605,VDD,Metal1,347.0200,277.8875,5.000000
FILLER_66_597,VDD,Metal1,343.7865,277.7430,5.000000
FILLER_66_594,VDD,Metal1,339.6400,278.3200,5.000000
FILLER_66_590,VDD,Metal1,338.6200,277.8875,5.000000
FILLER_66_575,VDD,Metal1,330.2200,277.8875,5.000000
FILLER_66_559,VDD,Metal1,324.8480,277.6280,5.000000
FILLER_66_527,VDD,Metal1,311.4755,277.5510,5.000000
FILLER_66_524,VDD,Metal1,300.4400,278.3200,5.000000
FILLER_66_520,VDD,Metal1,299.4200,277.8875,5.000000
FILLER_66_512,VDD,Metal1,296.1865,277.7430,5.000000
FILLER_66_480,VDD,Metal1,285.1555,277.5510,5.000000
FILLER_66_467,VDD,Metal1,268.5200,278.3200,5.000000
FILLER_66_463,VDD,Metal1,267.5000,277.8875,5.000000
FILLER_66_457,VDD,Metal1,263.2000,278.3200,5.000000
FILLER_66_451,VDD,Metal1,260.7800,277.8875,5.000000
FILLER_66_387,VDD,Metal1,242.0750,277.5055,5.000000
FILLER_66_384,VDD,Metal1,222.0400,278.3200,5.000000
FILLER_66_380,VDD,Metal1,221.0200,277.8875,5.000000
FILLER_66_364,VDD,Metal1,215.6480,277.6280,5.000000
FILLER_66_353,VDD,Metal1,204.6800,278.3200,5.000000
FILLER_66_351,VDD,Metal1,203.8400,278.3200,5.000000
FILLER_66_314,VDD,Metal1,182.8400,278.3200,5.000000
FILLER_66_310,VDD,Metal1,181.8200,277.8875,5.000000
FILLER_66_294,VDD,Metal1,176.4480,277.6280,5.000000
FILLER_66_262,VDD,Metal1,163.0755,277.5510,5.000000
FILLER_66_255,VDD,Metal1,150.0800,278.3200,5.000000
FILLER_66_247,VDD,Metal1,147.7865,277.7430,5.000000
FILLER_66_239,VDD,Metal1,140.8400,278.3200,5.000000
FILLER_66_237,VDD,Metal1,140.0000,278.3200,5.000000
FILLER_66_233,VDD,Metal1,138.7000,277.8875,5.000000
FILLER_66_225,VDD,Metal1,135.4665,277.7430,5.000000
FILLER_66_209,VDD,Metal1,128.8480,277.6280,5.000000
FILLER_66_177,VDD,Metal1,115.4755,277.5510,5.000000
FILLER_66_171,VDD,Metal1,103.9800,277.8875,5.000000
FILLER_66_135,VDD,Metal1,82.8800,278.3200,5.000000
FILLER_66_131,VDD,Metal1,81.5800,277.8875,5.000000
FILLER_66_123,VDD,Metal1,78.3465,277.7430,5.000000
FILLER_66_107,VDD,Metal1,71.7280,277.6280,5.000000
FILLER_66_104,VDD,Metal1,65.2400,278.3200,5.000000
FILLER_66_88,VDD,Metal1,61.0880,277.6280,5.000000
FILLER_66_41,VDD,Metal1,29.9600,278.3200,5.000000
FILLER_66_37,VDD,Metal1,28.9400,277.8875,5.000000
FILLER_66_34,VDD,Metal1,26.0400,278.3200,5.000000
FILLER_66_2,VDD,Metal1,17.4755,277.5510,5.000000
FILLER_65_776,VDD,Metal1,441.5600,270.4800,5.000000
FILLER_65_772,VDD,Metal1,440.5400,270.9125,5.000000
FILLER_65_769,VDD,Metal1,437.6400,270.4800,5.000000
FILLER_65_767,VDD,Metal1,436.8000,270.4800,5.000000
FILLER_65_759,VDD,Metal1,434.5065,271.0565,5.000000
FILLER_65_743,VDD,Metal1,427.8880,271.1720,5.000000
FILLER_65_711,VDD,Metal1,414.5155,271.2485,5.000000
FILLER_65_706,VDD,Metal1,402.3600,270.4800,5.000000
FILLER_65_702,VDD,Metal1,401.3400,270.9125,5.000000
FILLER_65_698,VDD,Metal1,398.1600,270.4800,5.000000
FILLER_65_682,VDD,Metal1,393.7280,271.1720,5.000000
FILLER_65_632,VDD,Metal1,365.7280,271.1720,5.000000
FILLER_65_628,VDD,Metal1,358.9600,270.4800,5.000000
FILLER_65_620,VDD,Metal1,356.6665,271.0565,5.000000
FILLER_65_614,VDD,Metal1,350.8400,270.4800,5.000000
FILLER_65_610,VDD,Metal1,349.8200,270.9125,5.000000
FILLER_65_594,VDD,Metal1,344.4480,271.1720,5.000000
FILLER_65_562,VDD,Metal1,331.0755,271.2485,5.000000
FILLER_65_556,VDD,Metal1,319.5800,270.9125,5.000000
FILLER_65_492,VDD,Metal1,300.8750,271.2940,5.000000
FILLER_65_488,VDD,Metal1,280.5600,270.4800,5.000000
FILLER_65_484,VDD,Metal1,279.2600,270.9125,5.000000
FILLER_65_468,VDD,Metal1,273.8880,271.1720,5.000000
FILLER_65_450,VDD,Metal1,259.2800,270.4800,5.000000
FILLER_65_446,VDD,Metal1,257.9800,270.9125,5.000000
FILLER_65_438,VDD,Metal1,254.7465,271.0565,5.000000
FILLER_65_422,VDD,Metal1,248.1280,271.1720,5.000000
FILLER_65_419,VDD,Metal1,241.6400,270.4800,5.000000
FILLER_65_415,VDD,Metal1,240.6200,270.9125,5.000000
FILLER_65_399,VDD,Metal1,235.2480,271.1720,5.000000
FILLER_65_378,VDD,Metal1,218.6800,270.4800,5.000000
FILLER_65_376,VDD,Metal1,217.8400,270.4800,5.000000
FILLER_65_372,VDD,Metal1,216.5400,270.9125,5.000000
FILLER_65_356,VDD,Metal1,211.1680,271.1720,5.000000
FILLER_65_346,VDD,Metal1,201.9800,270.9125,5.000000
FILLER_65_282,VDD,Metal1,183.2750,271.2940,5.000000
FILLER_65_279,VDD,Metal1,163.2400,270.4800,5.000000
FILLER_65_271,VDD,Metal1,161.2265,271.0565,5.000000
FILLER_65_255,VDD,Metal1,154.6080,271.1720,5.000000
FILLER_65_245,VDD,Metal1,144.4800,270.4800,5.000000
FILLER_65_237,VDD,Metal1,142.1865,271.0565,5.000000
FILLER_65_221,VDD,Metal1,135.5680,271.1720,5.000000
FILLER_65_206,VDD,Metal1,123.5800,270.9125,5.000000
FILLER_65_142,VDD,Metal1,104.8750,271.2940,5.000000
FILLER_65_138,VDD,Metal1,84.5600,270.4800,5.000000
FILLER_65_121,VDD,Metal1,75.9800,270.9125,5.000000
FILLER_65_105,VDD,Metal1,70.6080,271.1720,5.000000
FILLER_65_84,VDD,Metal1,58.8480,271.1720,5.000000
FILLER_65_66,VDD,Metal1,45.1800,270.9125,5.000000
FILLER_65_2,VDD,Metal1,26.4750,271.2940,5.000000
FILLER_64_769,VDD,Metal1,440.1065,269.9030,5.000000
FILLER_64_737,VDD,Metal1,429.0755,269.7110,5.000000
FILLER_64_733,VDD,Metal1,417.7600,270.4800,5.000000
FILLER_64_725,VDD,Metal1,415.4665,269.9030,5.000000
FILLER_64_718,VDD,Metal1,409.3600,270.4800,5.000000
FILLER_64_711,VDD,Metal1,405.4400,270.4800,5.000000
FILLER_64_707,VDD,Metal1,404.1400,270.0475,5.000000
FILLER_64_699,VDD,Metal1,400.9065,269.9030,5.000000
FILLER_64_667,VDD,Metal1,389.8755,269.7110,5.000000
FILLER_64_661,VDD,Metal1,378.3800,270.0475,5.000000
FILLER_64_597,VDD,Metal1,359.6750,269.6655,5.000000
FILLER_64_587,VDD,Metal1,338.1865,269.9030,5.000000
FILLER_64_575,VDD,Metal1,329.0000,270.4800,5.000000
FILLER_64_559,VDD,Metal1,324.8480,269.7880,5.000000
FILLER_64_527,VDD,Metal1,311.4755,269.7110,5.000000
FILLER_64_523,VDD,Metal1,300.1600,270.4800,5.000000
FILLER_64_507,VDD,Metal1,295.7280,269.7880,5.000000
FILLER_64_475,VDD,Metal1,282.3555,269.7110,5.000000
FILLER_64_465,VDD,Metal1,268.6200,270.0475,5.000000
FILLER_64_451,VDD,Metal1,260.7800,270.0475,5.000000
FILLER_64_419,VDD,Metal1,250.9955,269.7110,5.000000
FILLER_64_407,VDD,Metal1,236.1400,270.0475,5.000000
FILLER_64_399,VDD,Metal1,232.9065,269.9030,5.000000
FILLER_64_387,VDD,Metal1,224.9400,270.0475,5.000000
FILLER_64_381,VDD,Metal1,221.5800,270.0475,5.000000
FILLER_64_317,VDD,Metal1,202.8750,269.6655,5.000000
FILLER_64_311,VDD,Metal1,182.3800,270.0475,5.000000
FILLER_64_247,VDD,Metal1,163.6750,269.6655,5.000000
FILLER_64_241,VDD,Metal1,143.1800,270.0475,5.000000
FILLER_64_233,VDD,Metal1,139.9465,269.9030,5.000000
FILLER_64_217,VDD,Metal1,133.3280,269.7880,5.000000
FILLER_64_205,VDD,Metal1,121.8000,270.4800,5.000000
FILLER_64_201,VDD,Metal1,120.7800,270.0475,5.000000
FILLER_64_193,VDD,Metal1,117.5465,269.9030,5.000000
FILLER_64_177,VDD,Metal1,110.9280,269.7880,5.000000
FILLER_64_171,VDD,Metal1,103.9800,270.0475,5.000000
FILLER_64_107,VDD,Metal1,85.2750,269.6655,5.000000
FILLER_64_81,VDD,Metal1,52.6400,270.4800,5.000000
FILLER_64_77,VDD,Metal1,51.3400,270.0475,5.000000
FILLER_64_69,VDD,Metal1,48.1065,269.9030,5.000000
FILLER_64_37,VDD,Metal1,37.0755,269.7110,5.000000
FILLER_64_34,VDD,Metal1,26.0400,270.4800,5.000000
FILLER_64_2,VDD,Metal1,17.4755,269.7110,5.000000
FILLER_63_776,VDD,Metal1,441.5600,262.6400,5.000000
FILLER_63_772,VDD,Metal1,440.5400,263.0725,5.000000
FILLER_63_769,VDD,Metal1,437.6400,262.6400,5.000000
FILLER_63_767,VDD,Metal1,436.8000,262.6400,5.000000
FILLER_63_751,VDD,Metal1,432.3680,263.3320,5.000000
FILLER_63_719,VDD,Metal1,418.9955,263.4085,5.000000
FILLER_63_708,VDD,Metal1,403.4800,262.6400,5.000000
FILLER_63_706,VDD,Metal1,402.6400,262.6400,5.000000
FILLER_63_702,VDD,Metal1,401.3400,263.0725,5.000000
FILLER_63_696,VDD,Metal1,397.9800,263.0725,5.000000
FILLER_63_688,VDD,Metal1,394.7465,263.2165,5.000000
FILLER_63_672,VDD,Metal1,388.1280,263.3320,5.000000
FILLER_63_640,VDD,Metal1,374.7555,263.4085,5.000000
FILLER_63_634,VDD,Metal1,362.0400,262.6400,5.000000
FILLER_63_632,VDD,Metal1,361.2000,262.6400,5.000000
FILLER_63_619,VDD,Metal1,353.6400,262.6400,5.000000
FILLER_63_617,VDD,Metal1,352.8000,262.6400,5.000000
FILLER_63_585,VDD,Metal1,343.9555,263.4085,5.000000
FILLER_63_575,VDD,Metal1,329.0000,262.6400,5.000000
FILLER_63_567,VDD,Metal1,326.9865,263.2165,5.000000
FILLER_63_556,VDD,Metal1,319.5800,263.0725,5.000000
FILLER_63_492,VDD,Metal1,300.8750,263.4540,5.000000
FILLER_63_486,VDD,Metal1,280.3800,263.0725,5.000000
FILLER_63_422,VDD,Metal1,261.6750,263.4540,5.000000
FILLER_63_410,VDD,Metal1,236.6000,262.6400,5.000000
FILLER_63_408,VDD,Metal1,235.7600,262.6400,5.000000
FILLER_63_400,VDD,Metal1,233.4665,263.2165,5.000000
FILLER_63_384,VDD,Metal1,226.8480,263.3320,5.000000
FILLER_63_352,VDD,Metal1,213.4755,263.4085,5.000000
FILLER_63_346,VDD,Metal1,201.9800,263.0725,5.000000
FILLER_63_282,VDD,Metal1,183.2750,263.4540,5.000000
FILLER_63_276,VDD,Metal1,162.7800,263.0725,5.000000
FILLER_63_260,VDD,Metal1,157.4080,263.3320,5.000000
FILLER_63_228,VDD,Metal1,144.0355,263.4085,5.000000
FILLER_63_216,VDD,Metal1,128.2400,262.6400,5.000000
FILLER_63_212,VDD,Metal1,126.9400,263.0725,5.000000
FILLER_63_206,VDD,Metal1,123.5800,263.0725,5.000000
FILLER_63_142,VDD,Metal1,104.8750,263.4540,5.000000
FILLER_63_136,VDD,Metal1,84.3800,263.0725,5.000000
FILLER_63_72,VDD,Metal1,65.6750,263.4540,5.000000
FILLER_63_69,VDD,Metal1,45.6400,262.6400,5.000000
FILLER_63_67,VDD,Metal1,44.8000,262.6400,5.000000
FILLER_63_63,VDD,Metal1,43.5000,263.0725,5.000000
FILLER_63_55,VDD,Metal1,40.2665,263.2165,5.000000
FILLER_63_39,VDD,Metal1,33.6480,263.3320,5.000000
FILLER_63_4,VDD,Metal1,9.2400,262.6400,5.000000
FILLER_63_2,VDD,Metal1,8.4000,262.6400,5.000000
FILLER_62_753,VDD,Metal1,431.1465,262.0630,5.000000
FILLER_62_737,VDD,Metal1,424.5280,261.9480,5.000000
FILLER_62_731,VDD,Metal1,417.5800,262.2075,5.000000
FILLER_62_667,VDD,Metal1,398.8750,261.8255,5.000000
FILLER_62_664,VDD,Metal1,378.8400,262.6400,5.000000
FILLER_62_656,VDD,Metal1,376.8265,262.0630,5.000000
FILLER_62_624,VDD,Metal1,365.7955,261.8710,5.000000
FILLER_62_617,VDD,Metal1,352.5200,262.6400,5.000000
FILLER_62_613,VDD,Metal1,351.5000,262.2075,5.000000
FILLER_62_597,VDD,Metal1,346.1280,261.9480,5.000000
FILLER_62_591,VDD,Metal1,339.1800,262.2075,5.000000
FILLER_62_583,VDD,Metal1,335.9465,262.0630,5.000000
FILLER_62_567,VDD,Metal1,329.3280,261.9480,5.000000
FILLER_62_551,VDD,Metal1,315.5600,262.6400,5.000000
FILLER_62_543,VDD,Metal1,313.5465,262.0630,5.000000
FILLER_62_527,VDD,Metal1,306.9280,261.9480,5.000000
FILLER_62_517,VDD,Metal1,298.9865,262.0630,5.000000
FILLER_62_481,VDD,Metal1,276.6400,262.6400,5.000000
FILLER_62_473,VDD,Metal1,274.3465,262.0630,5.000000
FILLER_62_457,VDD,Metal1,267.7280,261.9480,5.000000
FILLER_62_447,VDD,Metal1,259.7865,262.0630,5.000000
FILLER_62_435,VDD,Metal1,251.8200,262.2075,5.000000
FILLER_62_419,VDD,Metal1,246.4480,261.9480,5.000000
FILLER_62_387,VDD,Metal1,233.0755,261.8710,5.000000
FILLER_62_381,VDD,Metal1,221.5800,262.2075,5.000000
FILLER_62_317,VDD,Metal1,202.8750,261.8255,5.000000
FILLER_62_311,VDD,Metal1,182.3800,262.2075,5.000000
FILLER_62_247,VDD,Metal1,163.6750,261.8255,5.000000
FILLER_62_243,VDD,Metal1,143.3600,262.6400,5.000000
FILLER_62_235,VDD,Metal1,141.0665,262.0630,5.000000
FILLER_62_219,VDD,Metal1,134.4480,261.9480,5.000000
FILLER_62_209,VDD,Metal1,124.3200,262.6400,5.000000
FILLER_62_177,VDD,Metal1,115.4755,261.8710,5.000000
FILLER_62_173,VDD,Metal1,104.1600,262.6400,5.000000
FILLER_62_165,VDD,Metal1,101.8665,262.0630,5.000000
FILLER_62_133,VDD,Metal1,90.8355,261.8710,5.000000
FILLER_62_111,VDD,Metal1,69.4400,262.6400,5.000000
FILLER_62_107,VDD,Metal1,68.1400,262.2075,5.000000
FILLER_62_101,VDD,Metal1,64.7800,262.2075,5.000000
FILLER_62_37,VDD,Metal1,46.0750,261.8255,5.000000
FILLER_62_34,VDD,Metal1,26.0400,262.6400,5.000000
FILLER_62_2,VDD,Metal1,17.4755,261.8710,5.000000
FILLER_61_776,VDD,Metal1,441.5600,254.8000,5.000000
FILLER_61_772,VDD,Metal1,440.5400,255.2325,5.000000
FILLER_61_768,VDD,Metal1,437.3600,254.8000,5.000000
FILLER_61_752,VDD,Metal1,432.9280,255.4920,5.000000
FILLER_61_738,VDD,Metal1,420.2800,254.8000,5.000000
FILLER_61_734,VDD,Metal1,419.2600,255.2325,5.000000
FILLER_61_702,VDD,Metal1,409.4755,255.5685,5.000000
FILLER_61_696,VDD,Metal1,397.9800,255.2325,5.000000
FILLER_61_632,VDD,Metal1,379.2750,255.6140,5.000000
FILLER_61_628,VDD,Metal1,358.9600,254.8000,5.000000
FILLER_61_617,VDD,Metal1,352.5200,254.8000,5.000000
FILLER_61_609,VDD,Metal1,350.5065,255.3765,5.000000
FILLER_61_593,VDD,Metal1,343.8880,255.4920,5.000000
FILLER_61_584,VDD,Metal1,334.0400,254.8000,5.000000
FILLER_61_568,VDD,Metal1,329.8880,255.4920,5.000000
FILLER_61_555,VDD,Metal1,317.8000,254.8000,5.000000
FILLER_61_553,VDD,Metal1,316.9600,254.8000,5.000000
FILLER_61_549,VDD,Metal1,315.6600,255.2325,5.000000
FILLER_61_514,VDD,Metal1,294.8400,254.8000,5.000000
FILLER_61_512,VDD,Metal1,294.0000,254.8000,5.000000
FILLER_61_508,VDD,Metal1,292.7000,255.2325,5.000000
FILLER_61_492,VDD,Metal1,287.3280,255.4920,5.000000
FILLER_61_488,VDD,Metal1,280.5600,254.8000,5.000000
FILLER_61_480,VDD,Metal1,278.2665,255.3765,5.000000
FILLER_61_464,VDD,Metal1,271.6480,255.4920,5.000000
FILLER_61_432,VDD,Metal1,258.2755,255.5685,5.000000
FILLER_61_422,VDD,Metal1,243.6000,254.8000,5.000000
FILLER_61_416,VDD,Metal1,241.1800,255.2325,5.000000
FILLER_61_352,VDD,Metal1,222.4750,255.6140,5.000000
FILLER_61_346,VDD,Metal1,201.9800,255.2325,5.000000
FILLER_61_338,VDD,Metal1,198.7465,255.3765,5.000000
FILLER_61_322,VDD,Metal1,192.1280,255.4920,5.000000
FILLER_61_290,VDD,Metal1,178.7555,255.5685,5.000000
FILLER_61_278,VDD,Metal1,162.9600,254.8000,5.000000
FILLER_61_274,VDD,Metal1,161.6600,255.2325,5.000000
FILLER_61_266,VDD,Metal1,158.4265,255.3765,5.000000
FILLER_61_260,VDD,Metal1,152.6000,254.8000,5.000000
FILLER_61_244,VDD,Metal1,148.4480,255.4920,5.000000
FILLER_61_212,VDD,Metal1,135.0755,255.5685,5.000000
FILLER_61_209,VDD,Metal1,124.0400,254.8000,5.000000
FILLER_61_205,VDD,Metal1,123.0200,255.2325,5.000000
FILLER_61_197,VDD,Metal1,119.7865,255.3765,5.000000
FILLER_61_162,VDD,Metal1,97.7200,254.8000,5.000000
FILLER_61_158,VDD,Metal1,96.7000,255.2325,5.000000
FILLER_61_142,VDD,Metal1,91.3280,255.4920,5.000000
FILLER_61_138,VDD,Metal1,84.5600,254.8000,5.000000
FILLER_61_134,VDD,Metal1,83.2600,255.2325,5.000000
FILLER_61_126,VDD,Metal1,80.0265,255.3765,5.000000
FILLER_61_116,VDD,Metal1,72.2400,254.8000,5.000000
FILLER_61_112,VDD,Metal1,70.9400,255.2325,5.000000
FILLER_61_104,VDD,Metal1,67.7065,255.3765,5.000000
FILLER_61_72,VDD,Metal1,56.6755,255.5685,5.000000
FILLER_61_66,VDD,Metal1,45.1800,255.2325,5.000000
FILLER_61_2,VDD,Metal1,26.4750,255.6140,5.000000
FILLER_60_741,VDD,Metal1,422.2400,254.8000,5.000000
FILLER_60_737,VDD,Metal1,420.9400,254.3675,5.000000
FILLER_60_733,VDD,Metal1,417.7600,254.8000,5.000000
FILLER_60_729,VDD,Metal1,416.4600,254.3675,5.000000
FILLER_60_721,VDD,Metal1,413.2265,254.2230,5.000000
FILLER_60_714,VDD,Metal1,406.8400,254.8000,5.000000
FILLER_60_712,VDD,Metal1,406.0000,254.8000,5.000000
FILLER_60_673,VDD,Metal1,383.8800,254.8000,5.000000
FILLER_60_671,VDD,Metal1,383.0400,254.8000,5.000000
FILLER_60_667,VDD,Metal1,381.7400,254.3675,5.000000
FILLER_60_661,VDD,Metal1,378.3800,254.3675,5.000000
FILLER_60_629,VDD,Metal1,368.5955,254.0310,5.000000
FILLER_60_617,VDD,Metal1,352.8000,254.8000,5.000000
FILLER_60_613,VDD,Metal1,351.5000,254.3675,5.000000
FILLER_60_597,VDD,Metal1,346.1280,254.1080,5.000000
FILLER_60_591,VDD,Metal1,339.1800,254.3675,5.000000
FILLER_60_527,VDD,Metal1,320.4750,253.9855,5.000000
FILLER_60_521,VDD,Metal1,299.9800,254.3675,5.000000
FILLER_60_457,VDD,Metal1,281.2750,253.9855,5.000000
FILLER_60_451,VDD,Metal1,260.7800,254.3675,5.000000
FILLER_60_387,VDD,Metal1,242.0750,253.9855,5.000000
FILLER_60_383,VDD,Metal1,221.7600,254.8000,5.000000
FILLER_60_375,VDD,Metal1,219.4665,254.2230,5.000000
FILLER_60_369,VDD,Metal1,213.6400,254.8000,5.000000
FILLER_60_361,VDD,Metal1,211.6265,254.2230,5.000000
FILLER_60_325,VDD,Metal1,189.2800,254.8000,5.000000
FILLER_60_317,VDD,Metal1,186.9865,254.2230,5.000000
FILLER_60_291,VDD,Metal1,169.9600,254.8000,5.000000
FILLER_60_287,VDD,Metal1,168.9400,254.3675,5.000000
FILLER_60_281,VDD,Metal1,164.3600,254.8000,5.000000
FILLER_60_279,VDD,Metal1,163.5200,254.8000,5.000000
FILLER_60_271,VDD,Metal1,161.2265,254.2230,5.000000
FILLER_60_247,VDD,Metal1,150.1280,254.1080,5.000000
FILLER_60_241,VDD,Metal1,143.1800,254.3675,5.000000
FILLER_60_225,VDD,Metal1,137.8080,254.1080,5.000000
FILLER_60_209,VDD,Metal1,126.5065,254.2230,5.000000
FILLER_60_177,VDD,Metal1,115.4755,254.0310,5.000000
FILLER_60_171,VDD,Metal1,103.9800,254.3675,5.000000
FILLER_60_139,VDD,Metal1,87.3065,254.2230,5.000000
FILLER_60_107,VDD,Metal1,76.2755,254.0310,5.000000
FILLER_60_101,VDD,Metal1,64.7800,254.3675,5.000000
FILLER_60_37,VDD,Metal1,46.0750,253.9855,5.000000
FILLER_60_34,VDD,Metal1,26.0400,254.8000,5.000000
FILLER_60_30,VDD,Metal1,25.0200,254.3675,5.000000
FILLER_60_10,VDD,Metal1,13.8200,254.3675,5.000000
FILLER_60_2,VDD,Metal1,10.5865,254.2230,5.000000
FILLER_59_776,VDD,Metal1,441.5600,246.9600,5.000000
FILLER_59_772,VDD,Metal1,440.5400,247.3925,5.000000
FILLER_59_769,VDD,Metal1,437.6400,246.9600,5.000000
FILLER_59_761,VDD,Metal1,435.6265,247.5365,5.000000
FILLER_59_745,VDD,Metal1,429.0080,247.6520,5.000000
FILLER_59_733,VDD,Metal1,418.7000,247.3925,5.000000
FILLER_59_717,VDD,Metal1,413.3280,247.6520,5.000000
FILLER_59_702,VDD,Metal1,400.4000,246.9600,5.000000
FILLER_59_696,VDD,Metal1,397.9800,247.3925,5.000000
FILLER_59_680,VDD,Metal1,392.6080,247.6520,5.000000
FILLER_59_644,VDD,Metal1,367.9200,246.9600,5.000000
FILLER_59_640,VDD,Metal1,366.6200,247.3925,5.000000
FILLER_59_632,VDD,Metal1,363.3865,247.5365,5.000000
FILLER_59_618,VDD,Metal1,354.3000,247.3925,5.000000
FILLER_59_610,VDD,Metal1,351.0665,247.5365,5.000000
FILLER_59_594,VDD,Metal1,344.4480,247.6520,5.000000
FILLER_59_562,VDD,Metal1,331.0755,247.7285,5.000000
FILLER_59_556,VDD,Metal1,319.5800,247.3925,5.000000
FILLER_59_492,VDD,Metal1,300.8750,247.7740,5.000000
FILLER_59_486,VDD,Metal1,280.3800,247.3925,5.000000
FILLER_59_422,VDD,Metal1,261.6750,247.7740,5.000000
FILLER_59_404,VDD,Metal1,238.0480,247.6520,5.000000
FILLER_59_372,VDD,Metal1,224.6755,247.7285,5.000000
FILLER_59_362,VDD,Metal1,209.7200,246.9600,5.000000
FILLER_59_360,VDD,Metal1,208.8800,246.9600,5.000000
FILLER_59_352,VDD,Metal1,206.5865,247.5365,5.000000
FILLER_59_349,VDD,Metal1,202.4400,246.9600,5.000000
FILLER_59_347,VDD,Metal1,201.6000,246.9600,5.000000
FILLER_59_343,VDD,Metal1,200.3000,247.3925,5.000000
FILLER_59_308,VDD,Metal1,179.4800,246.9600,5.000000
FILLER_59_306,VDD,Metal1,178.6400,246.9600,5.000000
FILLER_59_298,VDD,Metal1,176.3465,247.5365,5.000000
FILLER_59_282,VDD,Metal1,169.7280,247.6520,5.000000
FILLER_59_260,VDD,Metal1,152.6000,246.9600,5.000000
FILLER_59_244,VDD,Metal1,148.4480,247.6520,5.000000
FILLER_59_212,VDD,Metal1,135.0755,247.7285,5.000000
FILLER_59_194,VDD,Metal1,120.4480,247.6520,5.000000
FILLER_59_162,VDD,Metal1,107.0755,247.7285,5.000000
FILLER_59_150,VDD,Metal1,92.2200,247.3925,5.000000
FILLER_59_142,VDD,Metal1,88.9865,247.5365,5.000000
FILLER_59_139,VDD,Metal1,84.8400,246.9600,5.000000
FILLER_59_137,VDD,Metal1,84.0000,246.9600,5.000000
FILLER_59_133,VDD,Metal1,82.7000,247.3925,5.000000
FILLER_59_125,VDD,Metal1,79.4665,247.5365,5.000000
FILLER_59_104,VDD,Metal1,70.0480,247.6520,5.000000
FILLER_59_72,VDD,Metal1,56.6755,247.7285,5.000000
FILLER_59_68,VDD,Metal1,45.3600,246.9600,5.000000
FILLER_59_60,VDD,Metal1,43.0665,247.5365,5.000000
FILLER_59_33,VDD,Metal1,30.2880,247.6520,5.000000
FILLER_59_24,VDD,Metal1,20.4400,246.9600,5.000000
FILLER_59_22,VDD,Metal1,19.6000,246.9600,5.000000
FILLER_59_18,VDD,Metal1,18.3000,247.3925,5.000000
FILLER_59_2,VDD,Metal1,12.9280,247.6520,5.000000
FILLER_58_769,VDD,Metal1,440.1065,246.3830,5.000000
FILLER_58_737,VDD,Metal1,429.0755,246.1910,5.000000
FILLER_58_731,VDD,Metal1,417.5800,246.5275,5.000000
FILLER_58_667,VDD,Metal1,398.8750,246.1455,5.000000
FILLER_58_661,VDD,Metal1,378.3800,246.5275,5.000000
FILLER_58_597,VDD,Metal1,359.6750,246.1455,5.000000
FILLER_58_594,VDD,Metal1,339.6400,246.9600,5.000000
FILLER_58_590,VDD,Metal1,338.6200,246.5275,5.000000
FILLER_58_581,VDD,Metal1,332.3600,246.9600,5.000000
FILLER_58_579,VDD,Metal1,331.5200,246.9600,5.000000
FILLER_58_575,VDD,Metal1,330.2200,246.5275,5.000000
FILLER_58_559,VDD,Metal1,324.8480,246.2680,5.000000
FILLER_58_527,VDD,Metal1,311.4755,246.1910,5.000000
FILLER_58_521,VDD,Metal1,299.9800,246.5275,5.000000
FILLER_58_457,VDD,Metal1,281.2750,246.1455,5.000000
FILLER_58_454,VDD,Metal1,261.2400,246.9600,5.000000
FILLER_58_446,VDD,Metal1,259.2265,246.3830,5.000000
FILLER_58_439,VDD,Metal1,252.8400,246.9600,5.000000
FILLER_58_431,VDD,Metal1,250.8265,246.3830,5.000000
FILLER_58_425,VDD,Metal1,245.0000,246.9600,5.000000
FILLER_58_423,VDD,Metal1,244.1600,246.9600,5.000000
FILLER_58_419,VDD,Metal1,242.8600,246.5275,5.000000
FILLER_58_387,VDD,Metal1,233.0755,246.1910,5.000000
FILLER_58_321,VDD,Metal1,205.1150,246.1455,5.000000
FILLER_58_314,VDD,Metal1,182.8400,246.9600,5.000000
FILLER_58_312,VDD,Metal1,182.0000,246.9600,5.000000
FILLER_58_308,VDD,Metal1,180.7000,246.5275,5.000000
FILLER_58_276,VDD,Metal1,170.9155,246.1910,5.000000
FILLER_58_263,VDD,Metal1,156.7465,246.3830,5.000000
FILLER_58_247,VDD,Metal1,150.1280,246.2680,5.000000
FILLER_58_241,VDD,Metal1,143.1800,246.5275,5.000000
FILLER_58_225,VDD,Metal1,137.8080,246.2680,5.000000
FILLER_58_211,VDD,Metal1,125.1600,246.9600,5.000000
FILLER_58_209,VDD,Metal1,124.3200,246.9600,5.000000
FILLER_58_177,VDD,Metal1,115.4755,246.1910,5.000000
FILLER_58_171,VDD,Metal1,103.9800,246.5275,5.000000
FILLER_58_107,VDD,Metal1,85.2750,246.1455,5.000000
FILLER_58_104,VDD,Metal1,65.2400,246.9600,5.000000
FILLER_58_102,VDD,Metal1,64.4000,246.9600,5.000000
FILLER_58_98,VDD,Metal1,63.1000,246.5275,5.000000
FILLER_58_63,VDD,Metal1,42.2800,246.9600,5.000000
FILLER_58_61,VDD,Metal1,41.4400,246.9600,5.000000
FILLER_58_37,VDD,Metal1,32.5280,246.2680,5.000000
FILLER_58_34,VDD,Metal1,26.0400,246.9600,5.000000
FILLER_58_2,VDD,Metal1,17.4755,246.1910,5.000000
FILLER_57_776,VDD,Metal1,441.5600,239.1200,5.000000
FILLER_57_772,VDD,Metal1,440.5400,239.5525,5.000000
FILLER_57_766,VDD,Metal1,437.1800,239.5525,5.000000
FILLER_57_702,VDD,Metal1,418.4750,239.9340,5.000000
FILLER_57_696,VDD,Metal1,397.9800,239.5525,5.000000
FILLER_57_632,VDD,Metal1,379.2750,239.9340,5.000000
FILLER_57_629,VDD,Metal1,359.2400,239.1200,5.000000
FILLER_57_627,VDD,Metal1,358.4000,239.1200,5.000000
FILLER_57_595,VDD,Metal1,349.5555,239.8885,5.000000
FILLER_57_582,VDD,Metal1,332.9200,239.1200,5.000000
FILLER_57_578,VDD,Metal1,331.9000,239.5525,5.000000
FILLER_57_562,VDD,Metal1,326.5280,239.8120,5.000000
FILLER_57_552,VDD,Metal1,318.5865,239.6965,5.000000
FILLER_57_536,VDD,Metal1,311.9680,239.8120,5.000000
FILLER_57_458,VDD,Metal1,272.8355,239.8885,5.000000
FILLER_57_449,VDD,Metal1,258.4400,239.1200,5.000000
FILLER_57_447,VDD,Metal1,257.6000,239.1200,5.000000
FILLER_57_436,VDD,Metal1,251.1600,239.1200,5.000000
FILLER_57_434,VDD,Metal1,250.3200,239.1200,5.000000
FILLER_57_430,VDD,Metal1,249.0200,239.5525,5.000000
FILLER_57_422,VDD,Metal1,245.7865,239.6965,5.000000
FILLER_57_418,VDD,Metal1,241.3600,239.1200,5.000000
FILLER_57_414,VDD,Metal1,240.0600,239.5525,5.000000
FILLER_57_406,VDD,Metal1,236.8265,239.6965,5.000000
FILLER_57_396,VDD,Metal1,228.7600,239.1200,5.000000
FILLER_57_394,VDD,Metal1,227.9200,239.1200,5.000000
FILLER_57_360,VDD,Metal1,208.6000,239.1200,5.000000
FILLER_57_352,VDD,Metal1,206.5865,239.6965,5.000000
FILLER_57_346,VDD,Metal1,201.9800,239.5525,5.000000
FILLER_57_282,VDD,Metal1,183.2750,239.9340,5.000000
FILLER_57_278,VDD,Metal1,162.9600,239.1200,5.000000
FILLER_57_270,VDD,Metal1,160.6665,239.6965,5.000000
FILLER_57_238,VDD,Metal1,149.6355,239.8885,5.000000
FILLER_57_228,VDD,Metal1,134.9600,239.1200,5.000000
FILLER_57_212,VDD,Metal1,130.5280,239.8120,5.000000
FILLER_57_158,VDD,Metal1,95.7600,239.1200,5.000000
FILLER_57_142,VDD,Metal1,91.3280,239.8120,5.000000
FILLER_57_139,VDD,Metal1,84.8400,239.1200,5.000000
FILLER_57_135,VDD,Metal1,83.8200,239.5525,5.000000
FILLER_57_127,VDD,Metal1,80.5865,239.6965,5.000000
FILLER_57_121,VDD,Metal1,74.7600,239.1200,5.000000
FILLER_57_112,VDD,Metal1,70.9400,239.5525,5.000000
FILLER_57_104,VDD,Metal1,67.7065,239.6965,5.000000
FILLER_57_72,VDD,Metal1,56.6755,239.8885,5.000000
FILLER_57_66,VDD,Metal1,45.1800,239.5525,5.000000
FILLER_57_58,VDD,Metal1,39.7600,239.1200,5.000000
FILLER_57_50,VDD,Metal1,37.4665,239.6965,5.000000
FILLER_57_34,VDD,Metal1,30.8480,239.8120,5.000000
FILLER_57_2,VDD,Metal1,17.4755,239.8885,5.000000
FILLER_56_745,VDD,Metal1,433.5555,238.3510,5.000000
FILLER_56_731,VDD,Metal1,417.5800,238.6875,5.000000
FILLER_56_667,VDD,Metal1,398.8750,238.3055,5.000000
FILLER_56_661,VDD,Metal1,378.3800,238.6875,5.000000
FILLER_56_597,VDD,Metal1,359.6750,238.3055,5.000000
FILLER_56_587,VDD,Metal1,338.1865,238.5430,5.000000
FILLER_56_555,VDD,Metal1,327.1555,238.3510,5.000000
FILLER_56_549,VDD,Metal1,314.4400,239.1200,5.000000
FILLER_56_547,VDD,Metal1,313.6000,239.1200,5.000000
FILLER_56_543,VDD,Metal1,312.3000,238.6875,5.000000
FILLER_56_535,VDD,Metal1,309.0665,238.5430,5.000000
FILLER_56_524,VDD,Metal1,300.4400,239.1200,5.000000
FILLER_56_516,VDD,Metal1,298.4265,238.5430,5.000000
FILLER_56_500,VDD,Metal1,291.8080,238.4280,5.000000
FILLER_56_465,VDD,Metal1,267.4000,239.1200,5.000000
FILLER_56_457,VDD,Metal1,265.3865,238.5430,5.000000
FILLER_56_454,VDD,Metal1,261.2400,239.1200,5.000000
FILLER_56_452,VDD,Metal1,260.4000,239.1200,5.000000
FILLER_56_444,VDD,Metal1,258.1065,238.5430,5.000000
FILLER_56_437,VDD,Metal1,251.7200,239.1200,5.000000
FILLER_56_405,VDD,Metal1,243.1555,238.3510,5.000000
FILLER_56_387,VDD,Metal1,224.0000,239.1200,5.000000
FILLER_56_381,VDD,Metal1,221.5800,238.6875,5.000000
FILLER_56_317,VDD,Metal1,202.8750,238.3055,5.000000
FILLER_56_311,VDD,Metal1,182.3800,238.6875,5.000000
FILLER_56_247,VDD,Metal1,163.6750,238.3055,5.000000
FILLER_56_244,VDD,Metal1,143.6400,239.1200,5.000000
FILLER_56_242,VDD,Metal1,142.8000,239.1200,5.000000
FILLER_56_234,VDD,Metal1,140.5065,238.5430,5.000000
FILLER_56_218,VDD,Metal1,133.8880,238.4280,5.000000
FILLER_56_209,VDD,Metal1,124.0400,239.1200,5.000000
FILLER_56_177,VDD,Metal1,115.4755,238.3510,5.000000
FILLER_56_159,VDD,Metal1,100.8480,238.4280,5.000000
FILLER_56_144,VDD,Metal1,87.9200,239.1200,5.000000
FILLER_56_128,VDD,Metal1,83.4880,238.4280,5.000000
FILLER_56_118,VDD,Metal1,73.0800,239.1200,5.000000
FILLER_56_109,VDD,Metal1,68.0400,239.1200,5.000000
FILLER_56_107,VDD,Metal1,67.2000,239.1200,5.000000
FILLER_56_101,VDD,Metal1,64.7800,238.6875,5.000000
FILLER_56_37,VDD,Metal1,46.0750,238.3055,5.000000
FILLER_56_34,VDD,Metal1,26.0400,239.1200,5.000000
FILLER_56_32,VDD,Metal1,25.2000,239.1200,5.000000
FILLER_56_24,VDD,Metal1,22.9065,238.5430,5.000000
FILLER_56_10,VDD,Metal1,12.8800,239.1200,5.000000
FILLER_56_2,VDD,Metal1,10.5865,238.5430,5.000000
FILLER_55_776,VDD,Metal1,441.5600,231.2800,5.000000
FILLER_55_772,VDD,Metal1,440.5400,231.7125,5.000000
FILLER_55_768,VDD,Metal1,437.3600,231.2800,5.000000
FILLER_55_752,VDD,Metal1,432.9280,231.9720,5.000000
FILLER_55_726,VDD,Metal1,413.5600,231.2800,5.000000
FILLER_55_718,VDD,Metal1,411.5465,231.8565,5.000000
FILLER_55_702,VDD,Metal1,404.9280,231.9720,5.000000
FILLER_55_696,VDD,Metal1,397.9800,231.7125,5.000000
FILLER_55_632,VDD,Metal1,379.2750,232.0940,5.000000
FILLER_55_629,VDD,Metal1,359.2400,231.2800,5.000000
FILLER_55_627,VDD,Metal1,358.4000,231.2800,5.000000
FILLER_55_623,VDD,Metal1,357.1000,231.7125,5.000000
FILLER_55_591,VDD,Metal1,347.3155,232.0485,5.000000
FILLER_55_578,VDD,Metal1,331.9000,231.7125,5.000000
FILLER_55_562,VDD,Metal1,326.5280,231.9720,5.000000
FILLER_55_556,VDD,Metal1,319.5800,231.7125,5.000000
FILLER_55_542,VDD,Metal1,310.5200,231.2800,5.000000
FILLER_55_540,VDD,Metal1,309.6800,231.2800,5.000000
FILLER_55_524,VDD,Metal1,305.2480,231.9720,5.000000
FILLER_55_492,VDD,Metal1,291.8755,232.0485,5.000000
FILLER_55_488,VDD,Metal1,280.5600,231.2800,5.000000
FILLER_55_484,VDD,Metal1,279.2600,231.7125,5.000000
FILLER_55_468,VDD,Metal1,273.8880,231.9720,5.000000
FILLER_55_436,VDD,Metal1,260.5155,232.0485,5.000000
FILLER_55_426,VDD,Metal1,245.8400,231.2800,5.000000
FILLER_55_422,VDD,Metal1,244.5400,231.7125,5.000000
FILLER_55_419,VDD,Metal1,241.6400,231.2800,5.000000
FILLER_55_417,VDD,Metal1,240.8000,231.2800,5.000000
FILLER_55_413,VDD,Metal1,239.5000,231.7125,5.000000
FILLER_55_381,VDD,Metal1,229.7155,232.0485,5.000000
FILLER_55_368,VDD,Metal1,215.5465,231.8565,5.000000
FILLER_55_352,VDD,Metal1,208.9280,231.9720,5.000000
FILLER_55_349,VDD,Metal1,202.4400,231.2800,5.000000
FILLER_55_347,VDD,Metal1,201.6000,231.2800,5.000000
FILLER_55_343,VDD,Metal1,200.3000,231.7125,5.000000
FILLER_55_335,VDD,Metal1,197.0665,231.8565,5.000000
FILLER_55_319,VDD,Metal1,190.4480,231.9720,5.000000
FILLER_55_287,VDD,Metal1,177.0755,232.0485,5.000000
FILLER_55_279,VDD,Metal1,163.2400,231.2800,5.000000
FILLER_55_271,VDD,Metal1,161.2265,231.8565,5.000000
FILLER_55_255,VDD,Metal1,154.6080,231.9720,5.000000
FILLER_55_223,VDD,Metal1,141.2355,232.0485,5.000000
FILLER_55_209,VDD,Metal1,124.0400,231.2800,5.000000
FILLER_55_207,VDD,Metal1,123.2000,231.2800,5.000000
FILLER_55_199,VDD,Metal1,120.9065,231.8565,5.000000
FILLER_55_183,VDD,Metal1,114.2880,231.9720,5.000000
FILLER_55_151,VDD,Metal1,100.9155,232.0485,5.000000
FILLER_55_142,VDD,Metal1,87.7400,231.7125,5.000000
FILLER_55_136,VDD,Metal1,84.3800,231.7125,5.000000
FILLER_55_72,VDD,Metal1,65.6750,232.0940,5.000000
FILLER_55_69,VDD,Metal1,45.6400,231.2800,5.000000
FILLER_55_67,VDD,Metal1,44.8000,231.2800,5.000000
FILLER_55_63,VDD,Metal1,43.5000,231.7125,5.000000
FILLER_55_55,VDD,Metal1,40.2665,231.8565,5.000000
FILLER_55_39,VDD,Metal1,33.6480,231.9720,5.000000
FILLER_55_4,VDD,Metal1,9.2400,231.2800,5.000000
FILLER_55_2,VDD,Metal1,8.4000,231.2800,5.000000
FILLER_54_741,VDD,Metal1,422.2400,231.2800,5.000000
FILLER_54_737,VDD,Metal1,420.9400,230.8475,5.000000
FILLER_54_734,VDD,Metal1,418.0400,231.2800,5.000000
FILLER_54_730,VDD,Metal1,417.0200,230.8475,5.000000
FILLER_54_719,VDD,Metal1,409.9200,231.2800,5.000000
FILLER_54_715,VDD,Metal1,408.6200,230.8475,5.000000
FILLER_54_699,VDD,Metal1,403.2480,230.5880,5.000000
FILLER_54_667,VDD,Metal1,389.8755,230.5110,5.000000
FILLER_54_664,VDD,Metal1,378.8400,231.2800,5.000000
FILLER_54_660,VDD,Metal1,377.8200,230.8475,5.000000
FILLER_54_644,VDD,Metal1,372.4480,230.5880,5.000000
FILLER_54_625,VDD,Metal1,357.2800,231.2800,5.000000
FILLER_54_621,VDD,Metal1,355.9800,230.8475,5.000000
FILLER_54_613,VDD,Metal1,352.7465,230.7030,5.000000
FILLER_54_597,VDD,Metal1,346.1280,230.5880,5.000000
FILLER_54_594,VDD,Metal1,339.6400,231.2800,5.000000
FILLER_54_586,VDD,Metal1,337.6265,230.7030,5.000000
FILLER_54_554,VDD,Metal1,326.5955,230.5110,5.000000
FILLER_54_527,VDD,Metal1,306.9280,230.5880,5.000000
FILLER_54_521,VDD,Metal1,299.9800,230.8475,5.000000
FILLER_54_457,VDD,Metal1,281.2750,230.4655,5.000000
FILLER_54_447,VDD,Metal1,259.7865,230.7030,5.000000
FILLER_54_415,VDD,Metal1,248.7555,230.5110,5.000000
FILLER_54_407,VDD,Metal1,234.9200,231.2800,5.000000
FILLER_54_403,VDD,Metal1,233.9000,230.8475,5.000000
FILLER_54_387,VDD,Metal1,228.5280,230.5880,5.000000
FILLER_54_381,VDD,Metal1,221.5800,230.8475,5.000000
FILLER_54_373,VDD,Metal1,218.3465,230.7030,5.000000
FILLER_54_365,VDD,Metal1,212.6200,230.8475,5.000000
FILLER_54_349,VDD,Metal1,207.2480,230.5880,5.000000
FILLER_54_317,VDD,Metal1,193.8755,230.5110,5.000000
FILLER_54_311,VDD,Metal1,182.3800,230.8475,5.000000
FILLER_54_303,VDD,Metal1,179.1465,230.7030,5.000000
FILLER_54_287,VDD,Metal1,172.5280,230.5880,5.000000
FILLER_54_247,VDD,Metal1,154.6755,230.5110,5.000000
FILLER_54_243,VDD,Metal1,143.3600,231.2800,5.000000
FILLER_54_239,VDD,Metal1,142.0600,230.8475,5.000000
FILLER_54_221,VDD,Metal1,131.0400,231.2800,5.000000
FILLER_54_211,VDD,Metal1,125.1600,231.2800,5.000000
FILLER_54_209,VDD,Metal1,124.3200,231.2800,5.000000
FILLER_54_177,VDD,Metal1,115.4755,230.5110,5.000000
FILLER_54_171,VDD,Metal1,103.9800,230.8475,5.000000
FILLER_54_107,VDD,Metal1,85.2750,230.4655,5.000000
FILLER_54_101,VDD,Metal1,64.7800,230.8475,5.000000
FILLER_54_37,VDD,Metal1,46.0750,230.4655,5.000000
FILLER_54_34,VDD,Metal1,26.0400,231.2800,5.000000
FILLER_54_2,VDD,Metal1,17.4755,230.5110,5.000000
FILLER_53_776,VDD,Metal1,441.5600,223.4400,5.000000
FILLER_53_772,VDD,Metal1,440.5400,223.8725,5.000000
FILLER_53_768,VDD,Metal1,437.3600,223.4400,5.000000
FILLER_53_764,VDD,Metal1,436.0600,223.8725,5.000000
FILLER_53_748,VDD,Metal1,430.6880,224.1320,5.000000
FILLER_53_716,VDD,Metal1,417.3155,224.2085,5.000000
FILLER_53_706,VDD,Metal1,402.6400,223.4400,5.000000
FILLER_53_699,VDD,Metal1,398.4400,223.4400,5.000000
FILLER_53_697,VDD,Metal1,397.6000,223.4400,5.000000
FILLER_53_681,VDD,Metal1,393.1680,224.1320,5.000000
FILLER_53_646,VDD,Metal1,368.7600,223.4400,5.000000
FILLER_53_644,VDD,Metal1,367.9200,223.4400,5.000000
FILLER_53_640,VDD,Metal1,366.6200,223.8725,5.000000
FILLER_53_632,VDD,Metal1,363.3865,224.0165,5.000000
FILLER_53_611,VDD,Metal1,350.3800,223.8725,5.000000
FILLER_53_603,VDD,Metal1,347.1465,224.0165,5.000000
FILLER_53_587,VDD,Metal1,340.5280,224.1320,5.000000
FILLER_53_574,VDD,Metal1,328.7200,223.4400,5.000000
FILLER_53_570,VDD,Metal1,327.4200,223.8725,5.000000
FILLER_53_562,VDD,Metal1,324.1865,224.0165,5.000000
FILLER_53_556,VDD,Metal1,319.5800,223.8725,5.000000
FILLER_53_492,VDD,Metal1,300.8750,224.2540,5.000000
FILLER_53_486,VDD,Metal1,280.3800,223.8725,5.000000
FILLER_53_478,VDD,Metal1,277.1465,224.0165,5.000000
FILLER_53_462,VDD,Metal1,270.5280,224.1320,5.000000
FILLER_53_438,VDD,Metal1,252.2800,223.4400,5.000000
FILLER_53_422,VDD,Metal1,248.1280,224.1320,5.000000
FILLER_53_419,VDD,Metal1,241.6400,223.4400,5.000000
FILLER_53_411,VDD,Metal1,239.6265,224.0165,5.000000
FILLER_53_395,VDD,Metal1,233.0080,224.1320,5.000000
FILLER_53_384,VDD,Metal1,222.3200,223.4400,5.000000
FILLER_53_352,VDD,Metal1,213.4755,224.2085,5.000000
FILLER_53_342,VDD,Metal1,200.9865,224.0165,5.000000
FILLER_53_284,VDD,Metal1,166.0400,223.4400,5.000000
FILLER_53_282,VDD,Metal1,165.2000,223.4400,5.000000
FILLER_53_274,VDD,Metal1,160.4400,223.4400,5.000000
FILLER_53_272,VDD,Metal1,159.6000,223.4400,5.000000
FILLER_53_268,VDD,Metal1,158.3000,223.8725,5.000000
FILLER_53_260,VDD,Metal1,155.0665,224.0165,5.000000
FILLER_53_244,VDD,Metal1,148.4480,224.1320,5.000000
FILLER_53_212,VDD,Metal1,135.0755,224.2085,5.000000
FILLER_53_209,VDD,Metal1,124.0400,223.4400,5.000000
FILLER_53_207,VDD,Metal1,123.2000,223.4400,5.000000
FILLER_53_199,VDD,Metal1,120.9065,224.0165,5.000000
FILLER_53_164,VDD,Metal1,98.8400,223.4400,5.000000
FILLER_53_162,VDD,Metal1,98.0000,223.4400,5.000000
FILLER_53_158,VDD,Metal1,96.7000,223.8725,5.000000
FILLER_53_150,VDD,Metal1,93.4665,224.0165,5.000000
FILLER_53_136,VDD,Metal1,84.3800,223.8725,5.000000
FILLER_53_72,VDD,Metal1,65.6750,224.2540,5.000000
FILLER_53_69,VDD,Metal1,45.6400,223.4400,5.000000
FILLER_53_65,VDD,Metal1,44.6200,223.8725,5.000000
FILLER_53_58,VDD,Metal1,39.4800,223.4400,5.000000
FILLER_53_50,VDD,Metal1,37.4665,224.0165,5.000000
FILLER_53_34,VDD,Metal1,30.8480,224.1320,5.000000
FILLER_53_2,VDD,Metal1,17.4755,224.2085,5.000000
FILLER_52_753,VDD,Metal1,431.1465,222.8630,5.000000
FILLER_52_737,VDD,Metal1,424.5280,222.7480,5.000000
FILLER_52_733,VDD,Metal1,417.7600,223.4400,5.000000
FILLER_52_729,VDD,Metal1,416.4600,223.0075,5.000000
FILLER_52_713,VDD,Metal1,411.0880,222.7480,5.000000
FILLER_52_708,VDD,Metal1,403.4800,223.4400,5.000000
FILLER_52_704,VDD,Metal1,402.4600,223.0075,5.000000
FILLER_52_669,VDD,Metal1,381.6400,223.4400,5.000000
FILLER_52_667,VDD,Metal1,380.8000,223.4400,5.000000
FILLER_52_663,VDD,Metal1,378.5600,223.4400,5.000000
FILLER_52_631,VDD,Metal1,369.7155,222.6710,5.000000
FILLER_52_623,VDD,Metal1,355.8800,223.4400,5.000000
FILLER_52_621,VDD,Metal1,355.0400,223.4400,5.000000
FILLER_52_613,VDD,Metal1,352.7465,222.8630,5.000000
FILLER_52_597,VDD,Metal1,346.1280,222.7480,5.000000
FILLER_52_587,VDD,Metal1,338.1865,222.8630,5.000000
FILLER_52_578,VDD,Metal1,330.6800,223.4400,5.000000
FILLER_52_570,VDD,Metal1,328.6665,222.8630,5.000000
FILLER_52_538,VDD,Metal1,317.6355,222.6710,5.000000
FILLER_52_527,VDD,Metal1,302.1200,223.4400,5.000000
FILLER_52_521,VDD,Metal1,299.9800,223.0075,5.000000
FILLER_52_457,VDD,Metal1,281.2750,222.6255,5.000000
FILLER_52_454,VDD,Metal1,261.2400,223.4400,5.000000
FILLER_52_452,VDD,Metal1,260.4000,223.4400,5.000000
FILLER_52_448,VDD,Metal1,259.1000,223.0075,5.000000
FILLER_52_440,VDD,Metal1,255.8665,222.8630,5.000000
FILLER_52_431,VDD,Metal1,248.3600,223.4400,5.000000
FILLER_52_427,VDD,Metal1,247.3400,223.0075,5.000000
FILLER_52_419,VDD,Metal1,244.1065,222.8630,5.000000
FILLER_52_387,VDD,Metal1,233.0755,222.6710,5.000000
FILLER_52_383,VDD,Metal1,221.7600,223.4400,5.000000
FILLER_52_379,VDD,Metal1,220.4600,223.0075,5.000000
FILLER_52_371,VDD,Metal1,217.2265,222.8630,5.000000
FILLER_52_333,VDD,Metal1,194.7000,223.0075,5.000000
FILLER_52_317,VDD,Metal1,189.3280,222.7480,5.000000
FILLER_52_307,VDD,Metal1,181.3865,222.8630,5.000000
FILLER_52_275,VDD,Metal1,170.3555,222.6710,5.000000
FILLER_52_263,VDD,Metal1,154.5600,223.4400,5.000000
FILLER_52_247,VDD,Metal1,150.1280,222.7480,5.000000
FILLER_52_241,VDD,Metal1,143.1800,223.0075,5.000000
FILLER_52_177,VDD,Metal1,124.4750,222.6255,5.000000
FILLER_52_171,VDD,Metal1,103.9800,223.0075,5.000000
FILLER_52_163,VDD,Metal1,100.7465,222.8630,5.000000
FILLER_52_149,VDD,Metal1,90.4400,223.4400,5.000000
FILLER_52_145,VDD,Metal1,89.4200,223.0075,5.000000
FILLER_52_138,VDD,Metal1,84.5600,223.4400,5.000000
FILLER_52_122,VDD,Metal1,80.1280,222.7480,5.000000
FILLER_52_103,VDD,Metal1,64.9600,223.4400,5.000000
FILLER_52_99,VDD,Metal1,63.6600,223.0075,5.000000
FILLER_52_91,VDD,Metal1,60.4265,222.8630,5.000000
FILLER_52_45,VDD,Metal1,32.2000,223.4400,5.000000
FILLER_52_37,VDD,Metal1,30.1865,222.8630,5.000000
FILLER_52_34,VDD,Metal1,26.0400,223.4400,5.000000
FILLER_52_2,VDD,Metal1,17.4755,222.6710,5.000000
FILLER_51_776,VDD,Metal1,441.5600,215.6000,5.000000
FILLER_51_772,VDD,Metal1,440.5400,216.0325,5.000000
FILLER_51_766,VDD,Metal1,437.1800,216.0325,5.000000
FILLER_51_702,VDD,Metal1,418.4750,216.4140,5.000000
FILLER_51_696,VDD,Metal1,397.9800,216.0325,5.000000
FILLER_51_632,VDD,Metal1,379.2750,216.4140,5.000000
FILLER_51_626,VDD,Metal1,358.7800,216.0325,5.000000
FILLER_51_562,VDD,Metal1,340.0750,216.4140,5.000000
FILLER_51_558,VDD,Metal1,319.7600,215.6000,5.000000
FILLER_51_526,VDD,Metal1,310.9155,216.3685,5.000000
FILLER_51_454,VDD,Metal1,261.5200,215.6000,5.000000
FILLER_51_422,VDD,Metal1,252.6755,216.3685,5.000000
FILLER_51_416,VDD,Metal1,241.1800,216.0325,5.000000
FILLER_51_352,VDD,Metal1,222.4750,216.4140,5.000000
FILLER_51_346,VDD,Metal1,201.9800,216.0325,5.000000
FILLER_51_282,VDD,Metal1,183.2750,216.4140,5.000000
FILLER_51_278,VDD,Metal1,162.9600,215.6000,5.000000
FILLER_51_270,VDD,Metal1,160.6665,216.1765,5.000000
FILLER_51_261,VDD,Metal1,153.1600,215.6000,5.000000
FILLER_51_245,VDD,Metal1,149.0080,216.2920,5.000000
FILLER_51_236,VDD,Metal1,139.1600,215.6000,5.000000
FILLER_51_228,VDD,Metal1,137.1465,216.1765,5.000000
FILLER_51_212,VDD,Metal1,130.5280,216.2920,5.000000
FILLER_51_206,VDD,Metal1,123.5800,216.0325,5.000000
FILLER_51_142,VDD,Metal1,104.8750,216.4140,5.000000
FILLER_51_124,VDD,Metal1,81.2480,216.2920,5.000000
FILLER_51_115,VDD,Metal1,72.6200,216.0325,5.000000
FILLER_51_108,VDD,Metal1,67.4800,215.6000,5.000000
FILLER_51_104,VDD,Metal1,66.4600,216.0325,5.000000
FILLER_51_72,VDD,Metal1,56.6755,216.3685,5.000000
FILLER_51_68,VDD,Metal1,45.3600,215.6000,5.000000
FILLER_51_60,VDD,Metal1,43.0665,216.1765,5.000000
FILLER_51_50,VDD,Metal1,35.2800,215.6000,5.000000
FILLER_51_34,VDD,Metal1,30.8480,216.2920,5.000000
FILLER_51_2,VDD,Metal1,17.4755,216.3685,5.000000
FILLER_50_769,VDD,Metal1,440.1065,215.0230,5.000000
FILLER_50_737,VDD,Metal1,429.0755,214.8310,5.000000
FILLER_50_731,VDD,Metal1,417.5800,215.1675,5.000000
FILLER_50_667,VDD,Metal1,398.8750,214.7855,5.000000
FILLER_50_661,VDD,Metal1,378.3800,215.1675,5.000000
FILLER_50_597,VDD,Metal1,359.6750,214.7855,5.000000
FILLER_50_579,VDD,Metal1,333.7065,215.0230,5.000000
FILLER_50_563,VDD,Metal1,327.0880,214.9080,5.000000
FILLER_50_531,VDD,Metal1,313.7155,214.8310,5.000000
FILLER_50_457,VDD,Metal1,281.2750,214.7855,5.000000
FILLER_50_454,VDD,Metal1,261.2400,215.6000,5.000000
FILLER_50_438,VDD,Metal1,257.0880,214.9080,5.000000
FILLER_50_406,VDD,Metal1,243.7155,214.8310,5.000000
FILLER_50_395,VDD,Metal1,228.4800,215.6000,5.000000
FILLER_50_387,VDD,Metal1,226.1865,215.0230,5.000000
FILLER_50_381,VDD,Metal1,221.5800,215.1675,5.000000
FILLER_50_317,VDD,Metal1,202.8750,214.7855,5.000000
FILLER_50_311,VDD,Metal1,182.3800,215.1675,5.000000
FILLER_50_247,VDD,Metal1,163.6750,214.7855,5.000000
FILLER_50_243,VDD,Metal1,143.3600,215.6000,5.000000
FILLER_50_239,VDD,Metal1,142.0600,215.1675,5.000000
FILLER_50_233,VDD,Metal1,137.7600,215.6000,5.000000
FILLER_50_225,VDD,Metal1,135.4665,215.0230,5.000000
FILLER_50_209,VDD,Metal1,128.8480,214.9080,5.000000
FILLER_50_177,VDD,Metal1,115.4755,214.8310,5.000000
FILLER_50_171,VDD,Metal1,103.9800,215.1675,5.000000
FILLER_50_107,VDD,Metal1,85.2750,214.7855,5.000000
FILLER_50_101,VDD,Metal1,64.7800,215.1675,5.000000
FILLER_50_37,VDD,Metal1,46.0750,214.7855,5.000000
FILLER_50_34,VDD,Metal1,26.0400,215.6000,5.000000
FILLER_50_2,VDD,Metal1,17.4755,214.8310,5.000000
FILLER_49_776,VDD,Metal1,441.5600,207.7600,5.000000
FILLER_49_772,VDD,Metal1,440.5400,208.1925,5.000000
FILLER_49_766,VDD,Metal1,437.1800,208.1925,5.000000
FILLER_49_702,VDD,Metal1,418.4750,208.5740,5.000000
FILLER_49_696,VDD,Metal1,397.9800,208.1925,5.000000
FILLER_49_632,VDD,Metal1,379.2750,208.5740,5.000000
FILLER_49_629,VDD,Metal1,359.2400,207.7600,5.000000
FILLER_49_627,VDD,Metal1,358.4000,207.7600,5.000000
FILLER_49_611,VDD,Metal1,353.9680,208.4520,5.000000
FILLER_49_587,VDD,Metal1,340.5280,208.4520,5.000000
FILLER_49_562,VDD,Metal1,326.5280,208.4520,5.000000
FILLER_49_556,VDD,Metal1,319.5800,208.1925,5.000000
FILLER_49_492,VDD,Metal1,300.8750,208.5740,5.000000
FILLER_49_486,VDD,Metal1,280.3800,208.1925,5.000000
FILLER_49_478,VDD,Metal1,277.1465,208.3365,5.000000
FILLER_49_462,VDD,Metal1,270.5280,208.4520,5.000000
FILLER_49_430,VDD,Metal1,257.1555,208.5285,5.000000
FILLER_49_416,VDD,Metal1,241.1800,208.1925,5.000000
FILLER_49_352,VDD,Metal1,222.4750,208.5740,5.000000
FILLER_49_346,VDD,Metal1,201.9800,208.1925,5.000000
FILLER_49_282,VDD,Metal1,183.2750,208.5740,5.000000
FILLER_49_272,VDD,Metal1,161.7865,208.3365,5.000000
FILLER_49_240,VDD,Metal1,150.7555,208.5285,5.000000
FILLER_49_234,VDD,Metal1,138.0400,207.7600,5.000000
FILLER_49_226,VDD,Metal1,136.0265,208.3365,5.000000
FILLER_49_216,VDD,Metal1,127.9600,207.7600,5.000000
FILLER_49_212,VDD,Metal1,126.9400,208.1925,5.000000
FILLER_49_206,VDD,Metal1,123.5800,208.1925,5.000000
FILLER_49_142,VDD,Metal1,104.8750,208.5740,5.000000
FILLER_49_136,VDD,Metal1,84.3800,208.1925,5.000000
FILLER_49_72,VDD,Metal1,65.6750,208.5740,5.000000
FILLER_49_68,VDD,Metal1,45.3600,207.7600,5.000000
FILLER_49_36,VDD,Metal1,36.5155,208.5285,5.000000
FILLER_48_753,VDD,Metal1,431.1465,207.1830,5.000000
FILLER_48_737,VDD,Metal1,424.5280,207.0680,5.000000
FILLER_48_734,VDD,Metal1,418.0400,207.7600,5.000000
FILLER_48_732,VDD,Metal1,417.2000,207.7600,5.000000
FILLER_48_726,VDD,Metal1,413.5600,207.7600,5.000000
FILLER_48_724,VDD,Metal1,412.7200,207.7600,5.000000
FILLER_48_720,VDD,Metal1,411.4200,207.3275,5.000000
FILLER_48_714,VDD,Metal1,406.8400,207.7600,5.000000
FILLER_48_712,VDD,Metal1,406.0000,207.7600,5.000000
FILLER_48_704,VDD,Metal1,403.7065,207.1830,5.000000
FILLER_48_691,VDD,Metal1,395.1800,207.3275,5.000000
FILLER_48_683,VDD,Metal1,391.9465,207.1830,5.000000
FILLER_48_667,VDD,Metal1,385.3280,207.0680,5.000000
FILLER_48_661,VDD,Metal1,378.3800,207.3275,5.000000
FILLER_48_653,VDD,Metal1,375.1465,207.1830,5.000000
FILLER_48_637,VDD,Metal1,368.5280,207.0680,5.000000
FILLER_48_621,VDD,Metal1,355.9800,207.3275,5.000000
FILLER_48_613,VDD,Metal1,352.7465,207.1830,5.000000
FILLER_48_597,VDD,Metal1,346.1280,207.0680,5.000000
FILLER_48_589,VDD,Metal1,336.8400,207.7600,5.000000
FILLER_48_587,VDD,Metal1,336.0000,207.7600,5.000000
FILLER_48_583,VDD,Metal1,334.7000,207.3275,5.000000
FILLER_48_575,VDD,Metal1,331.4665,207.1830,5.000000
FILLER_48_559,VDD,Metal1,324.8480,207.0680,5.000000
FILLER_48_527,VDD,Metal1,311.4755,206.9910,5.000000
FILLER_48_521,VDD,Metal1,299.9800,207.3275,5.000000
FILLER_48_457,VDD,Metal1,281.2750,206.9455,5.000000
FILLER_48_451,VDD,Metal1,260.7800,207.3275,5.000000
FILLER_48_419,VDD,Metal1,250.9955,206.9910,5.000000
FILLER_48_413,VDD,Metal1,238.2800,207.7600,5.000000
FILLER_48_411,VDD,Metal1,237.4400,207.7600,5.000000
FILLER_48_403,VDD,Metal1,235.1465,207.1830,5.000000
FILLER_48_387,VDD,Metal1,228.5280,207.0680,5.000000
FILLER_48_375,VDD,Metal1,217.0000,207.7600,5.000000
FILLER_48_367,VDD,Metal1,214.9865,207.1830,5.000000
FILLER_48_351,VDD,Metal1,208.3680,207.0680,5.000000
FILLER_48_311,VDD,Metal1,182.3800,207.3275,5.000000
FILLER_48_247,VDD,Metal1,163.6750,206.9455,5.000000
FILLER_48_241,VDD,Metal1,143.1800,207.3275,5.000000
FILLER_48_177,VDD,Metal1,124.4750,206.9455,5.000000
FILLER_48_171,VDD,Metal1,103.9800,207.3275,5.000000
FILLER_48_107,VDD,Metal1,85.2750,206.9455,5.000000
FILLER_48_99,VDD,Metal1,62.4400,207.7600,5.000000
FILLER_48_97,VDD,Metal1,61.6000,207.7600,5.000000
FILLER_48_93,VDD,Metal1,60.3000,207.3275,5.000000
FILLER_48_85,VDD,Metal1,57.0665,207.1830,5.000000
FILLER_48_69,VDD,Metal1,50.4480,207.0680,5.000000
FILLER_48_37,VDD,Metal1,37.0755,206.9910,5.000000
FILLER_48_34,VDD,Metal1,26.0400,207.7600,5.000000
FILLER_48_32,VDD,Metal1,25.2000,207.7600,5.000000
FILLER_48_28,VDD,Metal1,23.9000,207.3275,5.000000
FILLER_48_20,VDD,Metal1,18.4800,207.7600,5.000000
FILLER_48_10,VDD,Metal1,13.8200,207.3275,5.000000
FILLER_48_2,VDD,Metal1,10.5865,207.1830,5.000000
FILLER_47_776,VDD,Metal1,441.5600,199.9200,5.000000
FILLER_47_772,VDD,Metal1,440.5400,200.3525,5.000000
FILLER_47_769,VDD,Metal1,437.6400,199.9200,5.000000
FILLER_47_765,VDD,Metal1,436.6200,200.3525,5.000000
FILLER_47_749,VDD,Metal1,431.2480,200.6120,5.000000
FILLER_47_715,VDD,Metal1,407.4000,199.9200,5.000000
FILLER_47_707,VDD,Metal1,405.3865,200.4965,5.000000
FILLER_47_690,VDD,Metal1,394.6200,200.3525,5.000000
FILLER_47_682,VDD,Metal1,391.3865,200.4965,5.000000
FILLER_47_666,VDD,Metal1,384.7680,200.6120,5.000000
FILLER_47_626,VDD,Metal1,358.7800,200.3525,5.000000
FILLER_47_562,VDD,Metal1,340.0750,200.7340,5.000000
FILLER_47_556,VDD,Metal1,319.5800,200.3525,5.000000
FILLER_47_492,VDD,Metal1,300.8750,200.7340,5.000000
FILLER_47_489,VDD,Metal1,280.8400,199.9200,5.000000
FILLER_47_485,VDD,Metal1,279.8200,200.3525,5.000000
FILLER_47_477,VDD,Metal1,276.5865,200.4965,5.000000
FILLER_47_445,VDD,Metal1,265.5555,200.6885,5.000000
FILLER_47_433,VDD,Metal1,250.7000,200.3525,5.000000
FILLER_47_424,VDD,Metal1,244.4400,199.9200,5.000000
FILLER_47_422,VDD,Metal1,243.6000,199.9200,5.000000
FILLER_47_409,VDD,Metal1,236.3200,199.9200,5.000000
FILLER_47_401,VDD,Metal1,234.0265,200.4965,5.000000
FILLER_47_385,VDD,Metal1,227.4080,200.6120,5.000000
FILLER_47_372,VDD,Metal1,215.6000,199.9200,5.000000
FILLER_47_366,VDD,Metal1,211.9600,199.9200,5.000000
FILLER_47_364,VDD,Metal1,211.1200,199.9200,5.000000
FILLER_47_360,VDD,Metal1,209.8200,200.3525,5.000000
FILLER_47_352,VDD,Metal1,206.5865,200.4965,5.000000
FILLER_47_344,VDD,Metal1,199.6400,199.9200,5.000000
FILLER_47_342,VDD,Metal1,198.8000,199.9200,5.000000
FILLER_47_338,VDD,Metal1,197.5000,200.3525,5.000000
FILLER_47_330,VDD,Metal1,194.2665,200.4965,5.000000
FILLER_47_314,VDD,Metal1,187.6480,200.6120,5.000000
FILLER_47_282,VDD,Metal1,174.2755,200.6885,5.000000
FILLER_47_248,VDD,Metal1,155.2355,200.6885,5.000000
FILLER_47_232,VDD,Metal1,137.2000,199.9200,5.000000
FILLER_47_228,VDD,Metal1,135.9000,200.3525,5.000000
FILLER_47_212,VDD,Metal1,130.5280,200.6120,5.000000
FILLER_47_201,VDD,Metal1,119.5600,199.9200,5.000000
FILLER_47_199,VDD,Metal1,118.7200,199.9200,5.000000
FILLER_47_195,VDD,Metal1,117.4200,200.3525,5.000000
FILLER_47_187,VDD,Metal1,114.1865,200.4965,5.000000
FILLER_47_152,VDD,Metal1,92.1200,199.9200,5.000000
FILLER_47_150,VDD,Metal1,91.2800,199.9200,5.000000
FILLER_47_142,VDD,Metal1,88.9865,200.4965,5.000000
FILLER_47_139,VDD,Metal1,84.8400,199.9200,5.000000
FILLER_47_137,VDD,Metal1,84.0000,199.9200,5.000000
FILLER_47_129,VDD,Metal1,81.7065,200.4965,5.000000
FILLER_47_113,VDD,Metal1,75.0880,200.6120,5.000000
FILLER_47_103,VDD,Metal1,64.9600,199.9200,5.000000
FILLER_47_92,VDD,Metal1,58.5200,199.9200,5.000000
FILLER_47_88,VDD,Metal1,57.5000,200.3525,5.000000
FILLER_47_72,VDD,Metal1,52.1280,200.6120,5.000000
FILLER_47_66,VDD,Metal1,45.1800,200.3525,5.000000
FILLER_47_2,VDD,Metal1,26.4750,200.7340,5.000000
FILLER_46_741,VDD,Metal1,422.2400,199.9200,5.000000
FILLER_46_737,VDD,Metal1,420.9400,199.4875,5.000000
FILLER_46_695,VDD,Metal1,405.5555,199.1510,5.000000
FILLER_46_683,VDD,Metal1,391.9465,199.3430,5.000000
FILLER_46_667,VDD,Metal1,385.3280,199.2280,5.000000
FILLER_46_661,VDD,Metal1,378.3800,199.4875,5.000000
FILLER_46_597,VDD,Metal1,359.6750,199.1055,5.000000
FILLER_46_594,VDD,Metal1,339.6400,199.9200,5.000000
FILLER_46_592,VDD,Metal1,338.8000,199.9200,5.000000
FILLER_46_588,VDD,Metal1,337.5000,199.4875,5.000000
FILLER_46_580,VDD,Metal1,334.2665,199.3430,5.000000
FILLER_46_564,VDD,Metal1,327.6480,199.2280,5.000000
FILLER_46_553,VDD,Metal1,316.6800,199.9200,5.000000
FILLER_46_549,VDD,Metal1,315.6600,199.4875,5.000000
FILLER_46_541,VDD,Metal1,312.4265,199.3430,5.000000
FILLER_46_533,VDD,Metal1,305.4800,199.9200,5.000000
FILLER_46_531,VDD,Metal1,304.6400,199.9200,5.000000
FILLER_46_527,VDD,Metal1,303.3400,199.4875,5.000000
FILLER_46_457,VDD,Metal1,281.2750,199.1055,5.000000
FILLER_46_454,VDD,Metal1,261.2400,199.9200,5.000000
FILLER_46_446,VDD,Metal1,259.2265,199.3430,5.000000
FILLER_46_430,VDD,Metal1,252.6080,199.2280,5.000000
FILLER_46_421,VDD,Metal1,242.7600,199.9200,5.000000
FILLER_46_419,VDD,Metal1,241.9200,199.9200,5.000000
FILLER_46_387,VDD,Metal1,233.0755,199.1510,5.000000
FILLER_46_384,VDD,Metal1,222.0400,199.9200,5.000000
FILLER_46_376,VDD,Metal1,220.0265,199.3430,5.000000
FILLER_46_360,VDD,Metal1,213.4080,199.2280,5.000000
FILLER_46_355,VDD,Metal1,205.8000,199.9200,5.000000
FILLER_46_353,VDD,Metal1,204.9600,199.9200,5.000000
FILLER_46_349,VDD,Metal1,203.6600,199.4875,5.000000
FILLER_46_317,VDD,Metal1,193.8755,199.1510,5.000000
FILLER_46_251,VDD,Metal1,147.8400,199.9200,5.000000
FILLER_46_247,VDD,Metal1,146.5400,199.4875,5.000000
FILLER_46_244,VDD,Metal1,143.6400,199.9200,5.000000
FILLER_46_240,VDD,Metal1,142.6200,199.4875,5.000000
FILLER_46_233,VDD,Metal1,137.7600,199.9200,5.000000
FILLER_46_225,VDD,Metal1,135.4665,199.3430,5.000000
FILLER_46_209,VDD,Metal1,128.8480,199.2280,5.000000
FILLER_46_177,VDD,Metal1,115.4755,199.1510,5.000000
FILLER_46_171,VDD,Metal1,103.9800,199.4875,5.000000
FILLER_46_155,VDD,Metal1,98.6080,199.2280,5.000000
FILLER_46_131,VDD,Metal1,80.3600,199.9200,5.000000
FILLER_46_123,VDD,Metal1,78.3465,199.3430,5.000000
FILLER_46_107,VDD,Metal1,71.7280,199.2280,5.000000
FILLER_46_104,VDD,Metal1,65.2400,199.9200,5.000000
FILLER_46_96,VDD,Metal1,63.2265,199.3430,5.000000
FILLER_46_78,VDD,Metal1,50.9600,199.9200,5.000000
FILLER_46_74,VDD,Metal1,49.6600,199.4875,5.000000
FILLER_46_66,VDD,Metal1,46.4265,199.3430,5.000000
FILLER_46_50,VDD,Metal1,39.8080,199.2280,5.000000
FILLER_46_37,VDD,Metal1,28.0000,199.9200,5.000000
FILLER_46_34,VDD,Metal1,26.0400,199.9200,5.000000
FILLER_46_2,VDD,Metal1,17.4755,199.1510,5.000000
FILLER_45_776,VDD,Metal1,441.5600,192.0800,5.000000
FILLER_45_772,VDD,Metal1,440.5400,192.5125,5.000000
FILLER_45_766,VDD,Metal1,437.1800,192.5125,5.000000
FILLER_45_702,VDD,Metal1,418.4750,192.8940,5.000000
FILLER_45_699,VDD,Metal1,398.4400,192.0800,5.000000
FILLER_45_691,VDD,Metal1,396.4265,192.6565,5.000000
FILLER_45_656,VDD,Metal1,374.3600,192.0800,5.000000
FILLER_45_648,VDD,Metal1,372.3465,192.6565,5.000000
FILLER_45_632,VDD,Metal1,365.7280,192.7720,5.000000
FILLER_45_626,VDD,Metal1,358.7800,192.5125,5.000000
FILLER_45_618,VDD,Metal1,355.5465,192.6565,5.000000
FILLER_45_602,VDD,Metal1,348.9280,192.7720,5.000000
FILLER_45_593,VDD,Metal1,339.0800,192.0800,5.000000
FILLER_45_589,VDD,Metal1,338.0600,192.5125,5.000000
FILLER_45_573,VDD,Metal1,332.6880,192.7720,5.000000
FILLER_45_558,VDD,Metal1,319.7600,192.0800,5.000000
FILLER_45_548,VDD,Metal1,313.8800,192.0800,5.000000
FILLER_45_544,VDD,Metal1,312.8600,192.5125,5.000000
FILLER_45_536,VDD,Metal1,309.6265,192.6565,5.000000
FILLER_45_488,VDD,Metal1,280.5600,192.0800,5.000000
FILLER_45_422,VDD,Metal1,252.6755,192.8485,5.000000
FILLER_45_416,VDD,Metal1,241.1800,192.5125,5.000000
FILLER_45_352,VDD,Metal1,222.4750,192.8940,5.000000
FILLER_45_336,VDD,Metal1,196.3800,192.5125,5.000000
FILLER_45_328,VDD,Metal1,193.1465,192.6565,5.000000
FILLER_45_296,VDD,Metal1,182.1155,192.8485,5.000000
FILLER_45_290,VDD,Metal1,169.6800,192.0800,5.000000
FILLER_45_282,VDD,Metal1,167.3865,192.6565,5.000000
FILLER_45_279,VDD,Metal1,163.2400,192.0800,5.000000
FILLER_45_271,VDD,Metal1,161.2265,192.6565,5.000000
FILLER_45_255,VDD,Metal1,154.6080,192.7720,5.000000
FILLER_45_248,VDD,Metal1,146.1600,192.0800,5.000000
FILLER_45_244,VDD,Metal1,144.8600,192.5125,5.000000
FILLER_45_212,VDD,Metal1,135.0755,192.8485,5.000000
FILLER_45_209,VDD,Metal1,124.0400,192.0800,5.000000
FILLER_45_207,VDD,Metal1,123.2000,192.0800,5.000000
FILLER_45_203,VDD,Metal1,121.9000,192.5125,5.000000
FILLER_45_194,VDD,Metal1,115.6400,192.0800,5.000000
FILLER_45_190,VDD,Metal1,114.6200,192.5125,5.000000
FILLER_45_174,VDD,Metal1,109.2480,192.7720,5.000000
FILLER_45_142,VDD,Metal1,95.8755,192.8485,5.000000
FILLER_45_139,VDD,Metal1,84.8400,192.0800,5.000000
FILLER_45_123,VDD,Metal1,80.6880,192.7720,5.000000
FILLER_45_91,VDD,Metal1,67.3155,192.8485,5.000000
FILLER_45_72,VDD,Metal1,47.3200,192.0800,5.000000
FILLER_45_68,VDD,Metal1,45.3600,192.0800,5.000000
FILLER_45_64,VDD,Metal1,44.0600,192.5125,5.000000
FILLER_45_48,VDD,Metal1,38.6880,192.7720,5.000000
FILLER_45_36,VDD,Metal1,27.1600,192.0800,5.000000
FILLER_45_34,VDD,Metal1,26.3200,192.0800,5.000000
FILLER_45_2,VDD,Metal1,17.4755,192.8485,5.000000
FILLER_44_769,VDD,Metal1,440.1065,191.5030,5.000000
FILLER_44_737,VDD,Metal1,429.0755,191.3110,5.000000
FILLER_44_731,VDD,Metal1,417.5800,191.6475,5.000000
FILLER_44_667,VDD,Metal1,398.8750,191.2655,5.000000
FILLER_44_664,VDD,Metal1,378.8400,192.0800,5.000000
FILLER_44_660,VDD,Metal1,377.8200,191.6475,5.000000
FILLER_44_652,VDD,Metal1,374.5865,191.5030,5.000000
FILLER_44_620,VDD,Metal1,363.5555,191.3110,5.000000
FILLER_44_613,VDD,Metal1,350.5600,192.0800,5.000000
FILLER_44_597,VDD,Metal1,346.1280,191.3880,5.000000
FILLER_44_583,VDD,Metal1,334.7000,191.6475,5.000000
FILLER_44_575,VDD,Metal1,331.4665,191.5030,5.000000
FILLER_44_559,VDD,Metal1,324.8480,191.3880,5.000000
FILLER_44_527,VDD,Metal1,311.4755,191.3110,5.000000
FILLER_44_524,VDD,Metal1,300.4400,192.0800,5.000000
FILLER_44_522,VDD,Metal1,299.6000,192.0800,5.000000
FILLER_44_517,VDD,Metal1,296.5200,192.0800,5.000000
FILLER_44_513,VDD,Metal1,295.5000,191.6475,5.000000
FILLER_44_505,VDD,Metal1,292.2665,191.5030,5.000000
FILLER_44_489,VDD,Metal1,285.6480,191.3880,5.000000
FILLER_44_457,VDD,Metal1,272.2755,191.3110,5.000000
FILLER_44_451,VDD,Metal1,260.7800,191.6475,5.000000
FILLER_44_387,VDD,Metal1,242.0750,191.2655,5.000000
FILLER_44_384,VDD,Metal1,222.0400,192.0800,5.000000
FILLER_44_375,VDD,Metal1,218.2200,191.6475,5.000000
FILLER_44_367,VDD,Metal1,214.9865,191.5030,5.000000
FILLER_44_351,VDD,Metal1,208.3680,191.3880,5.000000
FILLER_44_345,VDD,Metal1,200.2000,192.0800,5.000000
FILLER_44_341,VDD,Metal1,199.1800,191.6475,5.000000
FILLER_44_333,VDD,Metal1,195.9465,191.5030,5.000000
FILLER_44_317,VDD,Metal1,189.3280,191.3880,5.000000
FILLER_44_311,VDD,Metal1,182.3800,191.6475,5.000000
FILLER_44_303,VDD,Metal1,179.1465,191.5030,5.000000
FILLER_44_287,VDD,Metal1,172.5280,191.3880,5.000000
FILLER_44_255,VDD,Metal1,159.1555,191.3110,5.000000
FILLER_44_208,VDD,Metal1,132.8355,191.3110,5.000000
FILLER_44_197,VDD,Metal1,117.3200,192.0800,5.000000
FILLER_44_193,VDD,Metal1,116.3000,191.6475,5.000000
FILLER_44_177,VDD,Metal1,110.9280,191.3880,5.000000
FILLER_44_173,VDD,Metal1,104.1600,192.0800,5.000000
FILLER_44_169,VDD,Metal1,102.8600,191.6475,5.000000
FILLER_44_153,VDD,Metal1,97.4880,191.3880,5.000000
FILLER_44_143,VDD,Metal1,87.3600,192.0800,5.000000
FILLER_44_139,VDD,Metal1,86.0600,191.6475,5.000000
FILLER_44_107,VDD,Metal1,76.2755,191.3110,5.000000
FILLER_44_101,VDD,Metal1,64.7800,191.6475,5.000000
FILLER_44_37,VDD,Metal1,46.0750,191.2655,5.000000
FILLER_44_34,VDD,Metal1,26.0400,192.0800,5.000000
FILLER_44_2,VDD,Metal1,17.4755,191.3110,5.000000
FILLER_43_776,VDD,Metal1,441.5600,184.2400,5.000000
FILLER_43_772,VDD,Metal1,440.5400,184.6725,5.000000
FILLER_43_769,VDD,Metal1,437.6400,184.2400,5.000000
FILLER_43_767,VDD,Metal1,436.8000,184.2400,5.000000
FILLER_43_751,VDD,Metal1,432.3680,184.9320,5.000000
FILLER_43_742,VDD,Metal1,422.8000,184.2400,5.000000
FILLER_43_734,VDD,Metal1,420.5065,184.8165,5.000000
FILLER_43_702,VDD,Metal1,409.4755,185.0085,5.000000
FILLER_43_696,VDD,Metal1,397.9800,184.6725,5.000000
FILLER_43_632,VDD,Metal1,379.2750,185.0540,5.000000
FILLER_43_626,VDD,Metal1,358.7800,184.6725,5.000000
FILLER_43_618,VDD,Metal1,355.5465,184.8165,5.000000
FILLER_43_602,VDD,Metal1,348.9280,184.9320,5.000000
FILLER_43_570,VDD,Metal1,335.5555,185.0085,5.000000
FILLER_43_556,VDD,Metal1,319.5800,184.6725,5.000000
FILLER_43_492,VDD,Metal1,300.8750,185.0540,5.000000
FILLER_43_486,VDD,Metal1,280.3800,184.6725,5.000000
FILLER_43_422,VDD,Metal1,261.6750,185.0540,5.000000
FILLER_43_418,VDD,Metal1,241.3600,184.2400,5.000000
FILLER_43_402,VDD,Metal1,236.9280,184.9320,5.000000
FILLER_43_389,VDD,Metal1,224.8400,184.2400,5.000000
FILLER_43_364,VDD,Metal1,211.1200,184.2400,5.000000
FILLER_43_360,VDD,Metal1,209.8200,184.6725,5.000000
FILLER_43_352,VDD,Metal1,206.5865,184.8165,5.000000
FILLER_43_349,VDD,Metal1,202.4400,184.2400,5.000000
FILLER_43_347,VDD,Metal1,201.6000,184.2400,5.000000
FILLER_43_343,VDD,Metal1,200.3000,184.6725,5.000000
FILLER_43_330,VDD,Metal1,194.2665,184.8165,5.000000
FILLER_43_314,VDD,Metal1,187.6480,184.9320,5.000000
FILLER_43_282,VDD,Metal1,174.2755,185.0085,5.000000
FILLER_43_276,VDD,Metal1,162.7800,184.6725,5.000000
FILLER_43_212,VDD,Metal1,144.0750,185.0540,5.000000
FILLER_43_208,VDD,Metal1,123.7600,184.2400,5.000000
FILLER_43_190,VDD,Metal1,113.6800,184.2400,5.000000
FILLER_43_186,VDD,Metal1,112.3800,184.6725,5.000000
FILLER_43_154,VDD,Metal1,102.5955,185.0085,5.000000
FILLER_43_142,VDD,Metal1,86.5200,184.2400,5.000000
FILLER_43_124,VDD,Metal1,81.2480,184.9320,5.000000
FILLER_43_104,VDD,Metal1,67.7065,184.8165,5.000000
FILLER_43_72,VDD,Metal1,56.6755,185.0085,5.000000
FILLER_43_69,VDD,Metal1,45.6400,184.2400,5.000000
FILLER_43_37,VDD,Metal1,37.0755,185.0085,5.000000
FILLER_43_28,VDD,Metal1,22.6800,184.2400,5.000000
FILLER_43_26,VDD,Metal1,21.8400,184.2400,5.000000
FILLER_43_22,VDD,Metal1,20.5400,184.6725,5.000000
FILLER_43_14,VDD,Metal1,15.1200,184.2400,5.000000
FILLER_43_10,VDD,Metal1,13.8200,184.6725,5.000000
FILLER_43_2,VDD,Metal1,10.5865,184.8165,5.000000
FILLER_42_775,VDD,Metal1,441.2800,184.2400,5.000000
FILLER_42_771,VDD,Metal1,439.9800,183.8075,5.000000
FILLER_42_755,VDD,Metal1,434.6080,183.5480,5.000000
FILLER_42_745,VDD,Metal1,424.4800,184.2400,5.000000
FILLER_42_737,VDD,Metal1,422.1865,183.6630,5.000000
FILLER_42_731,VDD,Metal1,417.5800,183.8075,5.000000
FILLER_42_667,VDD,Metal1,398.8750,183.4255,5.000000
FILLER_42_664,VDD,Metal1,378.8400,184.2400,5.000000
FILLER_42_660,VDD,Metal1,377.8200,183.8075,5.000000
FILLER_42_652,VDD,Metal1,374.5865,183.6630,5.000000
FILLER_42_636,VDD,Metal1,367.9680,183.5480,5.000000
FILLER_42_615,VDD,Metal1,351.4000,184.2400,5.000000
FILLER_42_613,VDD,Metal1,350.5600,184.2400,5.000000
FILLER_42_597,VDD,Metal1,346.1280,183.5480,5.000000
FILLER_42_593,VDD,Metal1,339.3600,184.2400,5.000000
FILLER_42_589,VDD,Metal1,338.0600,183.8075,5.000000
FILLER_42_557,VDD,Metal1,328.2755,183.4710,5.000000
FILLER_42_543,VDD,Metal1,312.3000,183.8075,5.000000
FILLER_42_527,VDD,Metal1,306.9280,183.5480,5.000000
FILLER_42_521,VDD,Metal1,299.9800,183.8075,5.000000
FILLER_42_457,VDD,Metal1,281.2750,183.4255,5.000000
FILLER_42_454,VDD,Metal1,261.2400,184.2400,5.000000
FILLER_42_452,VDD,Metal1,260.4000,184.2400,5.000000
FILLER_42_448,VDD,Metal1,259.1000,183.8075,5.000000
FILLER_42_440,VDD,Metal1,255.8665,183.6630,5.000000
FILLER_42_431,VDD,Metal1,248.3600,184.2400,5.000000
FILLER_42_429,VDD,Metal1,247.5200,184.2400,5.000000
FILLER_42_419,VDD,Metal1,241.9200,184.2400,5.000000
FILLER_42_411,VDD,Metal1,239.6265,183.6630,5.000000
FILLER_42_395,VDD,Metal1,233.0080,183.5480,5.000000
FILLER_42_377,VDD,Metal1,220.5865,183.6630,5.000000
FILLER_42_345,VDD,Metal1,209.5555,183.4710,5.000000
FILLER_42_325,VDD,Metal1,193.8080,183.5480,5.000000
FILLER_42_317,VDD,Metal1,185.7400,183.8075,5.000000
FILLER_42_311,VDD,Metal1,182.3800,183.8075,5.000000
FILLER_42_247,VDD,Metal1,163.6750,183.4255,5.000000
FILLER_42_241,VDD,Metal1,143.1800,183.8075,5.000000
FILLER_42_177,VDD,Metal1,124.4750,183.4255,5.000000
FILLER_42_167,VDD,Metal1,102.9865,183.6630,5.000000
FILLER_42_139,VDD,Metal1,86.0600,183.8075,5.000000
FILLER_42_107,VDD,Metal1,76.2755,183.4710,5.000000
FILLER_42_101,VDD,Metal1,64.7800,183.8075,5.000000
FILLER_42_37,VDD,Metal1,46.0750,183.4255,5.000000
FILLER_42_34,VDD,Metal1,26.0400,184.2400,5.000000
FILLER_42_2,VDD,Metal1,17.4755,183.4710,5.000000
FILLER_41_776,VDD,Metal1,441.5600,176.4000,5.000000
FILLER_41_772,VDD,Metal1,440.5400,176.8325,5.000000
FILLER_41_766,VDD,Metal1,437.1800,176.8325,5.000000
FILLER_41_758,VDD,Metal1,433.9465,176.9765,5.000000
FILLER_41_743,VDD,Metal1,423.0800,176.4000,5.000000
FILLER_41_741,VDD,Metal1,422.2400,176.4000,5.000000
FILLER_41_736,VDD,Metal1,419.1600,176.4000,5.000000
FILLER_41_734,VDD,Metal1,418.3200,176.4000,5.000000
FILLER_41_702,VDD,Metal1,409.4755,177.1685,5.000000
FILLER_41_699,VDD,Metal1,398.4400,176.4000,5.000000
FILLER_41_697,VDD,Metal1,397.6000,176.4000,5.000000
FILLER_41_693,VDD,Metal1,396.3000,176.8325,5.000000
FILLER_41_658,VDD,Metal1,375.4800,176.4000,5.000000
FILLER_41_656,VDD,Metal1,374.6400,176.4000,5.000000
FILLER_41_648,VDD,Metal1,372.3465,176.9765,5.000000
FILLER_41_632,VDD,Metal1,365.7280,177.0920,5.000000
FILLER_41_603,VDD,Metal1,345.9000,176.8325,5.000000
FILLER_41_586,VDD,Metal1,336.3800,176.8325,5.000000
FILLER_41_578,VDD,Metal1,333.1465,176.9765,5.000000
FILLER_41_562,VDD,Metal1,326.5280,177.0920,5.000000
FILLER_41_558,VDD,Metal1,319.7600,176.4000,5.000000
FILLER_41_540,VDD,Metal1,310.6200,176.8325,5.000000
FILLER_41_524,VDD,Metal1,305.2480,177.0920,5.000000
FILLER_41_492,VDD,Metal1,291.8755,177.1685,5.000000
FILLER_41_448,VDD,Metal1,260.3465,176.9765,5.000000
FILLER_41_432,VDD,Metal1,253.7280,177.0920,5.000000
FILLER_41_422,VDD,Metal1,243.6000,176.4000,5.000000
FILLER_41_416,VDD,Metal1,241.1800,176.8325,5.000000
FILLER_41_352,VDD,Metal1,222.4750,177.2140,5.000000
FILLER_41_346,VDD,Metal1,201.9800,176.8325,5.000000
FILLER_41_310,VDD,Metal1,180.8800,176.4000,5.000000
FILLER_41_306,VDD,Metal1,179.5800,176.8325,5.000000
FILLER_41_298,VDD,Metal1,176.3465,176.9765,5.000000
FILLER_41_282,VDD,Metal1,169.7280,177.0920,5.000000
FILLER_41_278,VDD,Metal1,162.9600,176.4000,5.000000
FILLER_41_254,VDD,Metal1,149.2400,176.4000,5.000000
FILLER_41_250,VDD,Metal1,148.2200,176.8325,5.000000
FILLER_41_242,VDD,Metal1,144.9865,176.9765,5.000000
FILLER_41_232,VDD,Metal1,137.2000,176.4000,5.000000
FILLER_41_228,VDD,Metal1,135.9000,176.8325,5.000000
FILLER_41_212,VDD,Metal1,130.5280,177.0920,5.000000
FILLER_41_206,VDD,Metal1,123.5800,176.8325,5.000000
FILLER_41_142,VDD,Metal1,104.8750,177.2140,5.000000
FILLER_41_136,VDD,Metal1,84.3800,176.8325,5.000000
FILLER_41_72,VDD,Metal1,65.6750,177.2140,5.000000
FILLER_41_68,VDD,Metal1,45.3600,176.4000,5.000000
FILLER_41_52,VDD,Metal1,40.9280,177.0920,5.000000
FILLER_41_40,VDD,Metal1,29.4000,176.4000,5.000000
FILLER_41_36,VDD,Metal1,28.3800,176.8325,5.000000
FILLER_40_769,VDD,Metal1,440.1065,175.8230,5.000000
FILLER_40_737,VDD,Metal1,429.0755,175.6310,5.000000
FILLER_40_719,VDD,Metal1,414.4480,175.7080,5.000000
FILLER_40_703,VDD,Metal1,400.6800,176.4000,5.000000
FILLER_40_699,VDD,Metal1,399.6600,175.9675,5.000000
FILLER_40_667,VDD,Metal1,389.8755,175.6310,5.000000
FILLER_40_629,VDD,Metal1,359.5200,176.4000,5.000000
FILLER_40_597,VDD,Metal1,350.6755,175.6310,5.000000
FILLER_40_591,VDD,Metal1,339.1800,175.9675,5.000000
FILLER_40_527,VDD,Metal1,320.4750,175.5855,5.000000
FILLER_40_489,VDD,Metal1,281.1200,176.4000,5.000000
FILLER_40_457,VDD,Metal1,272.2755,175.6310,5.000000
FILLER_40_451,VDD,Metal1,260.7800,175.9675,5.000000
FILLER_40_387,VDD,Metal1,242.0750,175.5855,5.000000
FILLER_40_381,VDD,Metal1,221.5800,175.9675,5.000000
FILLER_40_317,VDD,Metal1,202.8750,175.5855,5.000000
FILLER_40_314,VDD,Metal1,182.8400,176.4000,5.000000
FILLER_40_312,VDD,Metal1,182.0000,176.4000,5.000000
FILLER_40_308,VDD,Metal1,180.7000,175.9675,5.000000
FILLER_40_273,VDD,Metal1,159.8800,176.4000,5.000000
FILLER_40_271,VDD,Metal1,159.0400,176.4000,5.000000
FILLER_40_263,VDD,Metal1,156.7465,175.8230,5.000000
FILLER_40_247,VDD,Metal1,150.1280,175.7080,5.000000
FILLER_40_241,VDD,Metal1,143.1800,175.9675,5.000000
FILLER_40_177,VDD,Metal1,124.4750,175.5855,5.000000
FILLER_40_171,VDD,Metal1,103.9800,175.9675,5.000000
FILLER_40_107,VDD,Metal1,85.2750,175.5855,5.000000
FILLER_40_104,VDD,Metal1,65.2400,176.4000,5.000000
FILLER_40_100,VDD,Metal1,64.2200,175.9675,5.000000
FILLER_40_93,VDD,Metal1,59.3600,176.4000,5.000000
FILLER_40_85,VDD,Metal1,57.0665,175.8230,5.000000
FILLER_40_69,VDD,Metal1,50.4480,175.7080,5.000000
FILLER_40_37,VDD,Metal1,37.0755,175.6310,5.000000
FILLER_40_34,VDD,Metal1,26.0400,176.4000,5.000000
FILLER_40_2,VDD,Metal1,17.4755,175.6310,5.000000
FILLER_39_776,VDD,Metal1,441.5600,168.5600,5.000000
FILLER_39_772,VDD,Metal1,440.5400,168.9925,5.000000
FILLER_39_769,VDD,Metal1,437.6400,168.5600,5.000000
FILLER_39_767,VDD,Metal1,436.8000,168.5600,5.000000
FILLER_39_763,VDD,Metal1,435.5000,168.9925,5.000000
FILLER_39_755,VDD,Metal1,432.2665,169.1365,5.000000
FILLER_39_746,VDD,Metal1,424.7600,168.5600,5.000000
FILLER_39_742,VDD,Metal1,423.7400,168.9925,5.000000
FILLER_39_734,VDD,Metal1,420.5065,169.1365,5.000000
FILLER_39_718,VDD,Metal1,413.8880,169.2520,5.000000
FILLER_39_702,VDD,Metal1,402.5865,169.1365,5.000000
FILLER_39_696,VDD,Metal1,397.9800,168.9925,5.000000
FILLER_39_632,VDD,Metal1,379.2750,169.3740,5.000000
FILLER_39_626,VDD,Metal1,358.7800,168.9925,5.000000
FILLER_39_562,VDD,Metal1,340.0750,169.3740,5.000000
FILLER_39_556,VDD,Metal1,319.5800,168.9925,5.000000
FILLER_39_492,VDD,Metal1,300.8750,169.3740,5.000000
FILLER_39_486,VDD,Metal1,280.3800,168.9925,5.000000
FILLER_39_422,VDD,Metal1,261.6750,169.3740,5.000000
FILLER_39_416,VDD,Metal1,241.1800,168.9925,5.000000
FILLER_39_400,VDD,Metal1,233.4665,169.1365,5.000000
FILLER_39_384,VDD,Metal1,226.8480,169.2520,5.000000
FILLER_39_352,VDD,Metal1,213.4755,169.3285,5.000000
FILLER_39_346,VDD,Metal1,201.9800,168.9925,5.000000
FILLER_39_282,VDD,Metal1,183.2750,169.3740,5.000000
FILLER_39_278,VDD,Metal1,162.9600,168.5600,5.000000
FILLER_39_274,VDD,Metal1,161.6600,168.9925,5.000000
FILLER_39_266,VDD,Metal1,158.4265,169.1365,5.000000
FILLER_39_234,VDD,Metal1,147.3955,169.3285,5.000000
FILLER_39_228,VDD,Metal1,134.6800,168.5600,5.000000
FILLER_39_212,VDD,Metal1,130.5280,169.2520,5.000000
FILLER_39_209,VDD,Metal1,124.0400,168.5600,5.000000
FILLER_39_207,VDD,Metal1,123.2000,168.5600,5.000000
FILLER_39_203,VDD,Metal1,121.9000,168.9925,5.000000
FILLER_39_168,VDD,Metal1,101.0800,168.5600,5.000000
FILLER_39_166,VDD,Metal1,100.2400,168.5600,5.000000
FILLER_39_158,VDD,Metal1,97.9465,169.1365,5.000000
FILLER_39_142,VDD,Metal1,91.3280,169.2520,5.000000
FILLER_39_136,VDD,Metal1,84.3800,168.9925,5.000000
FILLER_39_128,VDD,Metal1,81.1465,169.1365,5.000000
FILLER_39_96,VDD,Metal1,70.1155,169.3285,5.000000
FILLER_39_90,VDD,Metal1,57.4000,168.5600,5.000000
FILLER_39_88,VDD,Metal1,56.5600,168.5600,5.000000
FILLER_39_72,VDD,Metal1,52.1280,169.2520,5.000000
FILLER_39_69,VDD,Metal1,45.6400,168.5600,5.000000
FILLER_39_65,VDD,Metal1,44.6200,168.9925,5.000000
FILLER_39_49,VDD,Metal1,39.2480,169.2520,5.000000
FILLER_39_40,VDD,Metal1,29.4000,168.5600,5.000000
FILLER_39_38,VDD,Metal1,28.5600,168.5600,5.000000
FILLER_39_34,VDD,Metal1,27.2600,168.9925,5.000000
FILLER_39_2,VDD,Metal1,17.4755,169.3285,5.000000
FILLER_38_769,VDD,Metal1,440.1065,167.9830,5.000000
FILLER_38_737,VDD,Metal1,429.0755,167.7910,5.000000
FILLER_38_734,VDD,Metal1,418.0400,168.5600,5.000000
FILLER_38_730,VDD,Metal1,417.0200,168.1275,5.000000
FILLER_38_722,VDD,Metal1,413.7865,167.9830,5.000000
FILLER_38_711,VDD,Metal1,405.4400,168.5600,5.000000
FILLER_38_707,VDD,Metal1,404.1400,168.1275,5.000000
FILLER_38_699,VDD,Metal1,400.9065,167.9830,5.000000
FILLER_38_667,VDD,Metal1,389.8755,167.7910,5.000000
FILLER_38_661,VDD,Metal1,378.3800,168.1275,5.000000
FILLER_38_597,VDD,Metal1,359.6750,167.7455,5.000000
FILLER_38_593,VDD,Metal1,339.3600,168.5600,5.000000
FILLER_38_577,VDD,Metal1,334.9280,167.8680,5.000000
FILLER_38_564,VDD,Metal1,325.3065,167.9830,5.000000
FILLER_38_555,VDD,Metal1,317.8000,168.5600,5.000000
FILLER_38_551,VDD,Metal1,316.7800,168.1275,5.000000
FILLER_38_543,VDD,Metal1,313.5465,167.9830,5.000000
FILLER_38_527,VDD,Metal1,306.9280,167.8680,5.000000
FILLER_38_521,VDD,Metal1,299.9800,168.1275,5.000000
FILLER_38_457,VDD,Metal1,281.2750,167.7455,5.000000
FILLER_38_447,VDD,Metal1,259.7865,167.9830,5.000000
FILLER_38_415,VDD,Metal1,248.7555,167.7910,5.000000
FILLER_38_409,VDD,Metal1,236.0400,168.5600,5.000000
FILLER_38_401,VDD,Metal1,234.0265,167.9830,5.000000
FILLER_38_391,VDD,Metal1,225.9600,168.5600,5.000000
FILLER_38_387,VDD,Metal1,224.9400,168.1275,5.000000
FILLER_38_381,VDD,Metal1,221.5800,168.1275,5.000000
FILLER_38_317,VDD,Metal1,202.8750,167.7455,5.000000
FILLER_38_311,VDD,Metal1,182.3800,168.1275,5.000000
FILLER_38_247,VDD,Metal1,163.6750,167.7455,5.000000
FILLER_38_244,VDD,Metal1,143.6400,168.5600,5.000000
FILLER_38_242,VDD,Metal1,142.8000,168.5600,5.000000
FILLER_38_217,VDD,Metal1,128.8000,168.5600,5.000000
FILLER_38_209,VDD,Metal1,126.5065,167.9830,5.000000
FILLER_38_177,VDD,Metal1,115.4755,167.7910,5.000000
FILLER_38_171,VDD,Metal1,103.9800,168.1275,5.000000
FILLER_38_107,VDD,Metal1,85.2750,167.7455,5.000000
FILLER_38_85,VDD,Metal1,54.6000,168.5600,5.000000
FILLER_38_69,VDD,Metal1,50.4480,167.8680,5.000000
FILLER_38_37,VDD,Metal1,37.0755,167.7910,5.000000
FILLER_38_34,VDD,Metal1,26.0400,168.5600,5.000000
FILLER_38_2,VDD,Metal1,17.4755,167.7910,5.000000
FILLER_37_776,VDD,Metal1,441.5600,160.7200,5.000000
FILLER_37_772,VDD,Metal1,440.5400,161.1525,5.000000
FILLER_37_766,VDD,Metal1,437.1800,161.1525,5.000000
FILLER_37_702,VDD,Metal1,418.4750,161.5340,5.000000
FILLER_37_696,VDD,Metal1,397.9800,161.1525,5.000000
FILLER_37_632,VDD,Metal1,379.2750,161.5340,5.000000
FILLER_37_626,VDD,Metal1,358.7800,161.1525,5.000000
FILLER_37_562,VDD,Metal1,340.0750,161.5340,5.000000
FILLER_37_556,VDD,Metal1,319.5800,161.1525,5.000000
FILLER_37_492,VDD,Metal1,300.8750,161.5340,5.000000
FILLER_37_488,VDD,Metal1,280.5600,160.7200,5.000000
FILLER_37_453,VDD,Metal1,260.6800,160.7200,5.000000
FILLER_37_451,VDD,Metal1,259.8400,160.7200,5.000000
FILLER_37_435,VDD,Metal1,255.4080,161.4120,5.000000
FILLER_37_426,VDD,Metal1,245.5600,160.7200,5.000000
FILLER_37_422,VDD,Metal1,244.5400,161.1525,5.000000
FILLER_37_418,VDD,Metal1,241.3600,160.7200,5.000000
FILLER_37_414,VDD,Metal1,240.0600,161.1525,5.000000
FILLER_37_406,VDD,Metal1,236.8265,161.2965,5.000000
FILLER_37_399,VDD,Metal1,230.4400,160.7200,5.000000
FILLER_37_367,VDD,Metal1,221.8755,161.4885,5.000000
FILLER_37_360,VDD,Metal1,208.8800,160.7200,5.000000
FILLER_37_352,VDD,Metal1,206.5865,161.2965,5.000000
FILLER_37_330,VDD,Metal1,194.2665,161.2965,5.000000
FILLER_37_314,VDD,Metal1,187.6480,161.4120,5.000000
FILLER_37_282,VDD,Metal1,174.2755,161.4885,5.000000
FILLER_37_279,VDD,Metal1,163.2400,160.7200,5.000000
FILLER_37_277,VDD,Metal1,162.4000,160.7200,5.000000
FILLER_37_269,VDD,Metal1,160.1065,161.2965,5.000000
FILLER_37_237,VDD,Metal1,149.0755,161.4885,5.000000
FILLER_37_226,VDD,Metal1,133.5600,160.7200,5.000000
FILLER_37_224,VDD,Metal1,132.7200,160.7200,5.000000
FILLER_37_220,VDD,Metal1,131.4200,161.1525,5.000000
FILLER_37_212,VDD,Metal1,128.1865,161.2965,5.000000
FILLER_37_206,VDD,Metal1,123.5800,161.1525,5.000000
FILLER_37_142,VDD,Metal1,104.8750,161.5340,5.000000
FILLER_37_116,VDD,Metal1,71.9600,160.7200,5.000000
FILLER_37_105,VDD,Metal1,67.0200,161.1525,5.000000
FILLER_37_97,VDD,Metal1,63.7865,161.2965,5.000000
FILLER_37_88,VDD,Metal1,56.2800,160.7200,5.000000
FILLER_37_72,VDD,Metal1,52.1280,161.4120,5.000000
FILLER_37_69,VDD,Metal1,45.6400,160.7200,5.000000
FILLER_37_67,VDD,Metal1,44.8000,160.7200,5.000000
FILLER_37_63,VDD,Metal1,43.5000,161.1525,5.000000
FILLER_37_47,VDD,Metal1,38.1280,161.4120,5.000000
FILLER_37_30,VDD,Metal1,23.8000,160.7200,5.000000
FILLER_37_26,VDD,Metal1,22.7800,161.1525,5.000000
FILLER_37_18,VDD,Metal1,19.5465,161.2965,5.000000
FILLER_37_2,VDD,Metal1,12.9280,161.4120,5.000000
FILLER_36_741,VDD,Metal1,422.2400,160.7200,5.000000
FILLER_36_737,VDD,Metal1,420.9400,160.2875,5.000000
FILLER_36_734,VDD,Metal1,418.0400,160.7200,5.000000
FILLER_36_732,VDD,Metal1,417.2000,160.7200,5.000000
FILLER_36_728,VDD,Metal1,415.9000,160.2875,5.000000
FILLER_36_712,VDD,Metal1,410.5280,160.0280,5.000000
FILLER_36_701,VDD,Metal1,399.5600,160.7200,5.000000
FILLER_36_699,VDD,Metal1,398.7200,160.7200,5.000000
FILLER_36_667,VDD,Metal1,389.8755,159.9510,5.000000
FILLER_36_661,VDD,Metal1,378.3800,160.2875,5.000000
FILLER_36_597,VDD,Metal1,359.6750,159.9055,5.000000
FILLER_36_593,VDD,Metal1,339.3600,160.7200,5.000000
FILLER_36_589,VDD,Metal1,338.0600,160.2875,5.000000
FILLER_36_557,VDD,Metal1,328.2755,159.9510,5.000000
FILLER_36_551,VDD,Metal1,315.5600,160.7200,5.000000
FILLER_36_543,VDD,Metal1,313.5465,160.1430,5.000000
FILLER_36_527,VDD,Metal1,306.9280,160.0280,5.000000
FILLER_36_489,VDD,Metal1,281.1200,160.7200,5.000000
FILLER_36_457,VDD,Metal1,272.2755,159.9510,5.000000
FILLER_36_454,VDD,Metal1,261.2400,160.7200,5.000000
FILLER_36_452,VDD,Metal1,260.4000,160.7200,5.000000
FILLER_36_448,VDD,Metal1,259.1000,160.2875,5.000000
FILLER_36_440,VDD,Metal1,255.8665,160.1430,5.000000
FILLER_36_427,VDD,Metal1,246.1200,160.7200,5.000000
FILLER_36_419,VDD,Metal1,244.1065,160.1430,5.000000
FILLER_36_387,VDD,Metal1,233.0755,159.9510,5.000000
FILLER_36_381,VDD,Metal1,221.5800,160.2875,5.000000
FILLER_36_373,VDD,Metal1,218.3465,160.1430,5.000000
FILLER_36_359,VDD,Metal1,209.2600,160.2875,5.000000
FILLER_36_351,VDD,Metal1,206.0265,160.1430,5.000000
FILLER_36_247,VDD,Metal1,163.6750,159.9055,5.000000
FILLER_36_241,VDD,Metal1,143.1800,160.2875,5.000000
FILLER_36_177,VDD,Metal1,124.4750,159.9055,5.000000
FILLER_36_140,VDD,Metal1,85.4000,160.7200,5.000000
FILLER_36_124,VDD,Metal1,81.2480,160.0280,5.000000
FILLER_36_115,VDD,Metal1,72.6200,160.2875,5.000000
FILLER_36_107,VDD,Metal1,69.3865,160.1430,5.000000
FILLER_36_104,VDD,Metal1,65.2400,160.7200,5.000000
FILLER_36_102,VDD,Metal1,64.4000,160.7200,5.000000
FILLER_36_93,VDD,Metal1,59.0800,160.7200,5.000000
FILLER_36_91,VDD,Metal1,58.2400,160.7200,5.000000
FILLER_36_87,VDD,Metal1,56.9400,160.2875,5.000000
FILLER_36_71,VDD,Metal1,51.5680,160.0280,5.000000
FILLER_36_34,VDD,Metal1,26.0400,160.7200,5.000000
FILLER_36_2,VDD,Metal1,17.4755,159.9510,5.000000
FILLER_35_776,VDD,Metal1,441.5600,152.8800,5.000000
FILLER_35_772,VDD,Metal1,440.5400,153.3125,5.000000
FILLER_35_768,VDD,Metal1,437.3600,152.8800,5.000000
FILLER_35_764,VDD,Metal1,436.0600,153.3125,5.000000
FILLER_35_758,VDD,Metal1,431.7600,152.8800,5.000000
FILLER_35_750,VDD,Metal1,429.4665,153.4565,5.000000
FILLER_35_734,VDD,Metal1,422.8480,153.5720,5.000000
FILLER_35_702,VDD,Metal1,409.4755,153.6485,5.000000
FILLER_35_695,VDD,Metal1,396.2000,152.8800,5.000000
FILLER_35_660,VDD,Metal1,376.6000,152.8800,5.000000
FILLER_35_656,VDD,Metal1,375.5800,153.3125,5.000000
FILLER_35_648,VDD,Metal1,372.3465,153.4565,5.000000
FILLER_35_632,VDD,Metal1,365.7280,153.5720,5.000000
FILLER_35_629,VDD,Metal1,359.2400,152.8800,5.000000
FILLER_35_621,VDD,Metal1,357.2265,153.4565,5.000000
FILLER_35_608,VDD,Metal1,347.4800,152.8800,5.000000
FILLER_35_600,VDD,Metal1,345.4665,153.4565,5.000000
FILLER_35_593,VDD,Metal1,339.3600,152.8800,5.000000
FILLER_35_585,VDD,Metal1,337.0665,153.4565,5.000000
FILLER_35_572,VDD,Metal1,327.6000,152.8800,5.000000
FILLER_35_568,VDD,Metal1,326.3000,153.3125,5.000000
FILLER_35_562,VDD,Metal1,322.0000,152.8800,5.000000
FILLER_35_559,VDD,Metal1,320.0400,152.8800,5.000000
FILLER_35_557,VDD,Metal1,319.2000,152.8800,5.000000
FILLER_35_542,VDD,Metal1,310.5200,152.8800,5.000000
FILLER_35_540,VDD,Metal1,309.6800,152.8800,5.000000
FILLER_35_524,VDD,Metal1,305.2480,153.5720,5.000000
FILLER_35_492,VDD,Metal1,291.8755,153.6485,5.000000
FILLER_35_486,VDD,Metal1,280.3800,153.3125,5.000000
FILLER_35_422,VDD,Metal1,261.6750,153.6940,5.000000
FILLER_35_399,VDD,Metal1,235.2480,153.5720,5.000000
FILLER_35_383,VDD,Metal1,223.9465,153.4565,5.000000
FILLER_35_376,VDD,Metal1,217.8400,152.8800,5.000000
FILLER_35_368,VDD,Metal1,215.5465,153.4565,5.000000
FILLER_35_352,VDD,Metal1,208.9280,153.5720,5.000000
FILLER_35_348,VDD,Metal1,202.1600,152.8800,5.000000
FILLER_35_316,VDD,Metal1,193.3155,153.6485,5.000000
FILLER_35_279,VDD,Metal1,163.2400,152.8800,5.000000
FILLER_35_277,VDD,Metal1,162.4000,152.8800,5.000000
FILLER_35_269,VDD,Metal1,160.1065,153.4565,5.000000
FILLER_35_212,VDD,Metal1,125.7200,152.8800,5.000000
FILLER_35_174,VDD,Metal1,104.7200,152.8800,5.000000
FILLER_35_142,VDD,Metal1,95.8755,153.6485,5.000000
FILLER_35_136,VDD,Metal1,84.3800,153.3125,5.000000
FILLER_35_104,VDD,Metal1,74.5955,153.6485,5.000000
FILLER_35_98,VDD,Metal1,61.8800,152.8800,5.000000
FILLER_35_96,VDD,Metal1,61.0400,152.8800,5.000000
FILLER_35_88,VDD,Metal1,58.7465,153.4565,5.000000
FILLER_35_72,VDD,Metal1,52.1280,153.5720,5.000000
FILLER_35_66,VDD,Metal1,45.1800,153.3125,5.000000
FILLER_35_2,VDD,Metal1,26.4750,153.6940,5.000000
FILLER_34_776,VDD,Metal1,441.5600,152.8800,5.000000
FILLER_34_774,VDD,Metal1,440.7200,152.8800,5.000000
FILLER_34_770,VDD,Metal1,439.4200,152.4475,5.000000
FILLER_34_754,VDD,Metal1,434.0480,152.1880,5.000000
FILLER_34_749,VDD,Metal1,426.4400,152.8800,5.000000
FILLER_34_745,VDD,Metal1,425.4200,152.4475,5.000000
FILLER_34_737,VDD,Metal1,422.1865,152.3030,5.000000
FILLER_34_734,VDD,Metal1,418.0400,152.8800,5.000000
FILLER_34_718,VDD,Metal1,413.8880,152.1880,5.000000
FILLER_34_667,VDD,Metal1,389.8755,152.1110,5.000000
FILLER_34_663,VDD,Metal1,378.5600,152.8800,5.000000
FILLER_34_659,VDD,Metal1,377.2600,152.4475,5.000000
FILLER_34_624,VDD,Metal1,356.4400,152.8800,5.000000
FILLER_34_620,VDD,Metal1,355.4200,152.4475,5.000000
FILLER_34_591,VDD,Metal1,339.1800,152.4475,5.000000
FILLER_34_583,VDD,Metal1,335.9465,152.3030,5.000000
FILLER_34_577,VDD,Metal1,330.1200,152.8800,5.000000
FILLER_34_561,VDD,Metal1,325.9680,152.1880,5.000000
FILLER_34_547,VDD,Metal1,313.3200,152.8800,5.000000
FILLER_34_539,VDD,Metal1,311.3065,152.3030,5.000000
FILLER_34_527,VDD,Metal1,304.5865,152.3030,5.000000
FILLER_34_453,VDD,Metal1,260.9600,152.8800,5.000000
FILLER_34_445,VDD,Metal1,258.6665,152.3030,5.000000
FILLER_34_431,VDD,Metal1,248.6400,152.8800,5.000000
FILLER_34_427,VDD,Metal1,247.3400,152.4475,5.000000
FILLER_34_419,VDD,Metal1,244.1065,152.3030,5.000000
FILLER_34_387,VDD,Metal1,233.0755,152.1110,5.000000
FILLER_34_383,VDD,Metal1,221.7600,152.8800,5.000000
FILLER_34_365,VDD,Metal1,211.6800,152.8800,5.000000
FILLER_34_349,VDD,Metal1,207.2480,152.1880,5.000000
FILLER_34_317,VDD,Metal1,193.8755,152.1110,5.000000
FILLER_34_314,VDD,Metal1,182.8400,152.8800,5.000000
FILLER_34_312,VDD,Metal1,182.0000,152.8800,5.000000
FILLER_34_280,VDD,Metal1,173.1555,152.1110,5.000000
FILLER_34_255,VDD,Metal1,150.0800,152.8800,5.000000
FILLER_34_247,VDD,Metal1,147.7865,152.3030,5.000000
FILLER_34_241,VDD,Metal1,143.1800,152.4475,5.000000
FILLER_34_177,VDD,Metal1,124.4750,152.0655,5.000000
FILLER_34_171,VDD,Metal1,103.9800,152.4475,5.000000
FILLER_34_107,VDD,Metal1,85.2750,152.0655,5.000000
FILLER_34_103,VDD,Metal1,64.9600,152.8800,5.000000
FILLER_34_99,VDD,Metal1,63.6600,152.4475,5.000000
FILLER_34_91,VDD,Metal1,60.4265,152.3030,5.000000
FILLER_34_75,VDD,Metal1,53.8080,152.1880,5.000000
FILLER_34_37,VDD,Metal1,37.0755,152.1110,5.000000
FILLER_34_34,VDD,Metal1,26.0400,152.8800,5.000000
FILLER_34_32,VDD,Metal1,25.2000,152.8800,5.000000
FILLER_34_24,VDD,Metal1,22.9065,152.3030,5.000000
FILLER_34_10,VDD,Metal1,12.8800,152.8800,5.000000
FILLER_34_2,VDD,Metal1,10.5865,152.3030,5.000000
FILLER_33_776,VDD,Metal1,441.5600,145.0400,5.000000
FILLER_33_772,VDD,Metal1,440.5400,145.4725,5.000000
FILLER_33_769,VDD,Metal1,437.6400,145.0400,5.000000
FILLER_33_767,VDD,Metal1,436.8000,145.0400,5.000000
FILLER_33_763,VDD,Metal1,435.5000,145.4725,5.000000
FILLER_33_728,VDD,Metal1,414.6800,145.0400,5.000000
FILLER_33_726,VDD,Metal1,413.8400,145.0400,5.000000
FILLER_33_718,VDD,Metal1,411.5465,145.6165,5.000000
FILLER_33_702,VDD,Metal1,404.9280,145.7320,5.000000
FILLER_33_696,VDD,Metal1,397.9800,145.4725,5.000000
FILLER_33_632,VDD,Metal1,379.2750,145.8540,5.000000
FILLER_33_626,VDD,Metal1,358.7800,145.4725,5.000000
FILLER_33_610,VDD,Metal1,353.4080,145.7320,5.000000
FILLER_33_594,VDD,Metal1,342.1065,145.6165,5.000000
FILLER_33_562,VDD,Metal1,331.0755,145.8085,5.000000
FILLER_33_556,VDD,Metal1,319.5800,145.4725,5.000000
FILLER_33_492,VDD,Metal1,300.8750,145.8540,5.000000
FILLER_33_486,VDD,Metal1,280.3800,145.4725,5.000000
FILLER_33_422,VDD,Metal1,261.6750,145.8540,5.000000
FILLER_33_419,VDD,Metal1,241.6400,145.0400,5.000000
FILLER_33_417,VDD,Metal1,240.8000,145.0400,5.000000
FILLER_33_385,VDD,Metal1,231.9555,145.8085,5.000000
FILLER_33_378,VDD,Metal1,218.6800,145.0400,5.000000
FILLER_33_376,VDD,Metal1,217.8400,145.0400,5.000000
FILLER_33_368,VDD,Metal1,215.5465,145.6165,5.000000
FILLER_33_352,VDD,Metal1,208.9280,145.7320,5.000000
FILLER_33_346,VDD,Metal1,201.9800,145.4725,5.000000
FILLER_33_282,VDD,Metal1,183.2750,145.8540,5.000000
FILLER_33_276,VDD,Metal1,162.7800,145.4725,5.000000
FILLER_33_268,VDD,Metal1,159.5465,145.6165,5.000000
FILLER_33_252,VDD,Metal1,152.9280,145.7320,5.000000
FILLER_33_243,VDD,Metal1,143.0800,145.0400,5.000000
FILLER_33_236,VDD,Metal1,139.1600,145.0400,5.000000
FILLER_33_228,VDD,Metal1,137.1465,145.6165,5.000000
FILLER_33_212,VDD,Metal1,130.5280,145.7320,5.000000
FILLER_33_206,VDD,Metal1,123.5800,145.4725,5.000000
FILLER_33_142,VDD,Metal1,104.8750,145.8540,5.000000
FILLER_33_138,VDD,Metal1,84.5600,145.0400,5.000000
FILLER_33_122,VDD,Metal1,80.1280,145.7320,5.000000
FILLER_33_68,VDD,Metal1,45.3600,145.0400,5.000000
FILLER_33_36,VDD,Metal1,36.5155,145.8085,5.000000
FILLER_32_769,VDD,Metal1,440.1065,144.4630,5.000000
FILLER_32_737,VDD,Metal1,429.0755,144.2710,5.000000
FILLER_32_731,VDD,Metal1,417.5800,144.6075,5.000000
FILLER_32_667,VDD,Metal1,398.8750,144.2255,5.000000
FILLER_32_661,VDD,Metal1,378.3800,144.6075,5.000000
FILLER_32_597,VDD,Metal1,359.6750,144.2255,5.000000
FILLER_32_591,VDD,Metal1,339.1800,144.6075,5.000000
FILLER_32_527,VDD,Metal1,320.4750,144.2255,5.000000
FILLER_32_521,VDD,Metal1,299.9800,144.6075,5.000000
FILLER_32_457,VDD,Metal1,281.2750,144.2255,5.000000
FILLER_32_454,VDD,Metal1,261.2400,145.0400,5.000000
FILLER_32_452,VDD,Metal1,260.4000,145.0400,5.000000
FILLER_32_448,VDD,Metal1,259.1000,144.6075,5.000000
FILLER_32_440,VDD,Metal1,255.8665,144.4630,5.000000
FILLER_32_424,VDD,Metal1,249.2480,144.3480,5.000000
FILLER_32_387,VDD,Metal1,233.0755,144.2710,5.000000
FILLER_32_384,VDD,Metal1,222.0400,145.0400,5.000000
FILLER_32_382,VDD,Metal1,221.2000,145.0400,5.000000
FILLER_32_374,VDD,Metal1,218.9065,144.4630,5.000000
FILLER_32_358,VDD,Metal1,212.2880,144.3480,5.000000
FILLER_32_323,VDD,Metal1,187.8800,145.0400,5.000000
FILLER_32_321,VDD,Metal1,187.0400,145.0400,5.000000
FILLER_32_317,VDD,Metal1,185.7400,144.6075,5.000000
FILLER_32_307,VDD,Metal1,181.3865,144.4630,5.000000
FILLER_32_291,VDD,Metal1,174.7680,144.3480,5.000000
FILLER_32_259,VDD,Metal1,161.3955,144.2710,5.000000
FILLER_32_244,VDD,Metal1,143.6400,145.0400,5.000000
FILLER_32_242,VDD,Metal1,142.8000,145.0400,5.000000
FILLER_32_227,VDD,Metal1,134.1200,145.0400,5.000000
FILLER_32_225,VDD,Metal1,133.2800,145.0400,5.000000
FILLER_32_217,VDD,Metal1,130.9865,144.4630,5.000000
FILLER_32_185,VDD,Metal1,119.9555,144.2710,5.000000
FILLER_32_174,VDD,Metal1,104.4400,145.0400,5.000000
FILLER_32_170,VDD,Metal1,103.4200,144.6075,5.000000
FILLER_32_154,VDD,Metal1,98.0480,144.3480,5.000000
FILLER_32_119,VDD,Metal1,73.6400,145.0400,5.000000
FILLER_32_115,VDD,Metal1,72.6200,144.6075,5.000000
FILLER_32_107,VDD,Metal1,69.3865,144.4630,5.000000
FILLER_32_101,VDD,Metal1,64.7800,144.6075,5.000000
FILLER_32_37,VDD,Metal1,46.0750,144.2255,5.000000
FILLER_32_34,VDD,Metal1,26.0400,145.0400,5.000000
FILLER_32_2,VDD,Metal1,17.4755,144.2710,5.000000
FILLER_31_776,VDD,Metal1,441.5600,137.2000,4.999781
FILLER_31_772,VDD,Metal1,440.5400,137.6325,4.999781
FILLER_31_769,VDD,Metal1,437.6400,137.2000,4.999781
FILLER_31_767,VDD,Metal1,436.8000,137.2000,4.999781
FILLER_31_751,VDD,Metal1,432.3680,137.8920,4.999781
FILLER_31_719,VDD,Metal1,418.9955,137.9685,4.999784
FILLER_31_714,VDD,Metal1,406.8400,137.2000,4.999784
FILLER_31_710,VDD,Metal1,405.8200,137.6325,4.999784
FILLER_31_702,VDD,Metal1,402.5865,137.7765,4.999784
FILLER_31_699,VDD,Metal1,398.4400,137.2000,4.999784
FILLER_31_697,VDD,Metal1,397.6000,137.2000,4.999784
FILLER_31_689,VDD,Metal1,395.3065,137.7765,4.999786
FILLER_31_673,VDD,Metal1,388.6880,137.8920,4.999808
FILLER_31_638,VDD,Metal1,364.2800,137.2000,4.999812
FILLER_31_636,VDD,Metal1,363.4400,137.2000,4.999812
FILLER_31_632,VDD,Metal1,362.1400,137.6325,4.999812
FILLER_31_626,VDD,Metal1,358.7800,137.6325,4.999813
FILLER_31_562,VDD,Metal1,340.0750,138.0140,4.999813
FILLER_31_556,VDD,Metal1,319.5800,137.6325,4.999814
FILLER_31_492,VDD,Metal1,300.8750,138.0140,4.999814
FILLER_31_486,VDD,Metal1,280.3800,137.6325,4.999814
FILLER_31_478,VDD,Metal1,277.1465,137.7765,4.999814
FILLER_31_462,VDD,Metal1,270.5280,137.8920,4.999814
FILLER_31_430,VDD,Metal1,257.1555,137.9685,4.999817
FILLER_31_416,VDD,Metal1,241.1800,137.6325,4.999818
FILLER_31_352,VDD,Metal1,222.4750,138.0140,4.999818
FILLER_31_346,VDD,Metal1,201.9800,137.6325,4.999819
FILLER_31_282,VDD,Metal1,183.2750,138.0140,4.999819
FILLER_31_276,VDD,Metal1,162.7800,137.6325,4.999820
FILLER_31_212,VDD,Metal1,144.0750,138.0140,4.999820
FILLER_31_206,VDD,Metal1,123.5800,137.6325,4.999820
FILLER_31_192,VDD,Metal1,114.5200,137.2000,4.999820
FILLER_31_190,VDD,Metal1,113.6800,137.2000,4.999825
FILLER_31_174,VDD,Metal1,109.2480,137.8920,4.999825
FILLER_31_142,VDD,Metal1,95.8755,137.9685,4.999832
FILLER_31_139,VDD,Metal1,84.8400,137.2000,4.999832
FILLER_31_137,VDD,Metal1,84.0000,137.2000,4.999832
FILLER_31_121,VDD,Metal1,79.5680,137.8920,4.999832
FILLER_31_96,VDD,Metal1,61.0400,137.2000,4.999837
FILLER_31_88,VDD,Metal1,58.7465,137.7765,4.999838
FILLER_31_72,VDD,Metal1,52.1280,137.8920,4.999838
FILLER_31_66,VDD,Metal1,45.1800,137.6325,4.999838
FILLER_31_2,VDD,Metal1,26.4750,138.0140,4.999844
FILLER_30_737,VDD,Metal1,420.0000,137.2000,4.999784
FILLER_30_733,VDD,Metal1,417.7600,137.2000,4.999784
FILLER_30_725,VDD,Metal1,415.4665,136.6230,4.999784
FILLER_30_683,VDD,Metal1,391.9465,136.6230,4.999803
FILLER_30_667,VDD,Metal1,385.3280,136.5080,4.999812
FILLER_30_661,VDD,Metal1,378.3800,136.7675,4.999812
FILLER_30_597,VDD,Metal1,359.6750,136.3855,4.999812
FILLER_30_591,VDD,Metal1,339.1800,136.7675,4.999813
FILLER_30_527,VDD,Metal1,320.4750,136.3855,4.999813
FILLER_30_521,VDD,Metal1,299.9800,136.7675,4.999814
FILLER_30_457,VDD,Metal1,281.2750,136.3855,4.999814
FILLER_30_451,VDD,Metal1,260.7800,136.7675,4.999818
FILLER_30_387,VDD,Metal1,242.0750,136.3855,4.999818
FILLER_30_381,VDD,Metal1,221.5800,136.7675,4.999819
FILLER_30_317,VDD,Metal1,202.8750,136.3855,4.999819
FILLER_30_313,VDD,Metal1,182.5600,137.2000,4.999819
FILLER_30_309,VDD,Metal1,181.2600,136.7675,4.999819
FILLER_30_301,VDD,Metal1,178.0265,136.6230,4.999819
FILLER_30_263,VDD,Metal1,155.5000,136.7675,4.999820
FILLER_30_247,VDD,Metal1,150.1280,136.5080,4.999820
FILLER_30_244,VDD,Metal1,143.6400,137.2000,4.999820
FILLER_30_236,VDD,Metal1,141.6265,136.6230,4.999820
FILLER_30_220,VDD,Metal1,135.0080,136.5080,4.999820
FILLER_30_188,VDD,Metal1,121.6355,136.4310,4.999820
FILLER_30_171,VDD,Metal1,103.9800,136.7675,4.999832
FILLER_30_107,VDD,Metal1,85.2750,136.3855,4.999832
FILLER_30_103,VDD,Metal1,64.9600,137.2000,4.999837
FILLER_30_99,VDD,Metal1,63.6600,136.7675,4.999837
FILLER_30_41,VDD,Metal1,29.9600,137.2000,4.999844
FILLER_30_37,VDD,Metal1,28.9400,136.7675,4.999844
FILLER_30_34,VDD,Metal1,26.0400,137.2000,4.999844
FILLER_30_2,VDD,Metal1,17.4755,136.4310,4.999844
FILLER_29_776,VDD,Metal1,441.5600,129.3600,5.000000
FILLER_29_772,VDD,Metal1,440.5400,129.7925,5.000000
FILLER_29_766,VDD,Metal1,437.1800,129.7925,5.000000
FILLER_29_702,VDD,Metal1,418.4750,130.1740,5.000000
FILLER_29_696,VDD,Metal1,397.9800,129.7925,5.000000
FILLER_29_632,VDD,Metal1,379.2750,130.1740,5.000000
FILLER_29_626,VDD,Metal1,358.7800,129.7925,5.000000
FILLER_29_562,VDD,Metal1,340.0750,130.1740,5.000000
FILLER_29_559,VDD,Metal1,320.0400,129.3600,5.000000
FILLER_29_551,VDD,Metal1,318.0265,129.9365,5.000000
FILLER_29_546,VDD,Metal1,312.7600,129.3600,5.000000
FILLER_29_544,VDD,Metal1,311.9200,129.3600,5.000000
FILLER_29_540,VDD,Metal1,310.6200,129.7925,5.000000
FILLER_29_532,VDD,Metal1,307.3865,129.9365,5.000000
FILLER_29_496,VDD,Metal1,285.0400,129.3600,5.000000
FILLER_29_492,VDD,Metal1,283.7400,129.7925,5.000000
FILLER_29_486,VDD,Metal1,280.3800,129.7925,5.000000
FILLER_29_422,VDD,Metal1,261.6750,130.1740,5.000000
FILLER_29_419,VDD,Metal1,241.6400,129.3600,5.000000
FILLER_29_417,VDD,Metal1,240.8000,129.3600,5.000000
FILLER_29_413,VDD,Metal1,239.5000,129.7925,5.000000
FILLER_29_406,VDD,Metal1,234.3600,129.3600,5.000000
FILLER_29_404,VDD,Metal1,233.5200,129.3600,5.000000
FILLER_29_400,VDD,Metal1,232.2200,129.7925,5.000000
FILLER_29_384,VDD,Metal1,226.8480,130.0520,5.000000
FILLER_29_352,VDD,Metal1,213.4755,130.1285,5.000000
FILLER_29_349,VDD,Metal1,202.4400,129.3600,5.000000
FILLER_29_345,VDD,Metal1,201.4200,129.7925,5.000000
FILLER_29_337,VDD,Metal1,198.1865,129.9365,5.000000
FILLER_29_302,VDD,Metal1,176.1200,129.3600,5.000000
FILLER_29_298,VDD,Metal1,175.1000,129.7925,5.000000
FILLER_29_282,VDD,Metal1,169.7280,130.0520,5.000000
FILLER_29_276,VDD,Metal1,162.7800,129.7925,5.000000
FILLER_29_212,VDD,Metal1,144.0750,130.1740,5.000000
FILLER_29_208,VDD,Metal1,123.7600,129.3600,5.000000
FILLER_29_200,VDD,Metal1,121.4665,129.9365,5.000000
FILLER_29_184,VDD,Metal1,114.8480,130.0520,5.000000
FILLER_29_174,VDD,Metal1,104.4400,129.3600,5.000000
FILLER_29_142,VDD,Metal1,95.8755,130.1285,5.000000
FILLER_29_136,VDD,Metal1,84.3800,129.7925,5.000000
FILLER_29_72,VDD,Metal1,65.6750,130.1740,5.000000
FILLER_29_69,VDD,Metal1,45.6400,129.3600,5.000000
FILLER_29_67,VDD,Metal1,44.8000,129.3600,5.000000
FILLER_29_63,VDD,Metal1,43.5000,129.7925,5.000000
FILLER_29_55,VDD,Metal1,40.2665,129.9365,5.000000
FILLER_29_39,VDD,Metal1,33.6480,130.0520,5.000000
FILLER_29_4,VDD,Metal1,9.2400,129.3600,5.000000
FILLER_29_2,VDD,Metal1,8.4000,129.3600,5.000000
FILLER_28_741,VDD,Metal1,422.2400,129.3600,5.000000
FILLER_28_737,VDD,Metal1,420.9400,128.9275,5.000000
FILLER_28_731,VDD,Metal1,417.5800,128.9275,5.000000
FILLER_28_667,VDD,Metal1,398.8750,128.5455,5.000000
FILLER_28_664,VDD,Metal1,378.8400,129.3600,5.000000
FILLER_28_656,VDD,Metal1,376.8265,128.7830,5.000000
FILLER_28_640,VDD,Metal1,370.2080,128.6680,5.000000
FILLER_28_613,VDD,Metal1,351.5000,128.9275,5.000000
FILLER_28_605,VDD,Metal1,348.2665,128.7830,5.000000
FILLER_28_593,VDD,Metal1,339.3600,129.3600,5.000000
FILLER_28_589,VDD,Metal1,338.0600,128.9275,5.000000
FILLER_28_557,VDD,Metal1,328.2755,128.5910,5.000000
FILLER_28_550,VDD,Metal1,315.0000,129.3600,5.000000
FILLER_28_548,VDD,Metal1,314.1600,129.3600,5.000000
FILLER_28_535,VDD,Metal1,307.8200,128.9275,5.000000
FILLER_28_527,VDD,Metal1,304.5865,128.7830,5.000000
FILLER_28_521,VDD,Metal1,299.9800,128.9275,5.000000
FILLER_28_513,VDD,Metal1,296.7465,128.7830,5.000000
FILLER_28_497,VDD,Metal1,290.1280,128.6680,5.000000
FILLER_28_461,VDD,Metal1,265.4400,129.3600,5.000000
FILLER_28_457,VDD,Metal1,264.1400,128.9275,5.000000
FILLER_28_431,VDD,Metal1,248.3600,129.3600,5.000000
FILLER_28_427,VDD,Metal1,247.3400,128.9275,5.000000
FILLER_28_419,VDD,Metal1,244.1065,128.7830,5.000000
FILLER_28_387,VDD,Metal1,233.0755,128.5910,5.000000
FILLER_28_365,VDD,Metal1,213.8665,128.7830,5.000000
FILLER_28_357,VDD,Metal1,208.1400,128.9275,5.000000
FILLER_28_349,VDD,Metal1,204.9065,128.7830,5.000000
FILLER_28_317,VDD,Metal1,193.8755,128.5910,5.000000
FILLER_28_311,VDD,Metal1,182.3800,128.9275,5.000000
FILLER_28_247,VDD,Metal1,163.6750,128.5455,5.000000
FILLER_28_241,VDD,Metal1,143.1800,128.9275,5.000000
FILLER_28_177,VDD,Metal1,124.4750,128.5455,5.000000
FILLER_28_171,VDD,Metal1,103.9800,128.9275,5.000000
FILLER_28_107,VDD,Metal1,85.2750,128.5455,5.000000
FILLER_28_104,VDD,Metal1,65.2400,129.3600,5.000000
FILLER_28_102,VDD,Metal1,64.4000,129.3600,5.000000
FILLER_28_94,VDD,Metal1,62.1065,128.7830,5.000000
FILLER_28_78,VDD,Metal1,55.4880,128.6680,5.000000
FILLER_28_46,VDD,Metal1,42.1155,128.5910,5.000000
FILLER_28_41,VDD,Metal1,29.9600,129.3600,5.000000
FILLER_28_37,VDD,Metal1,28.9400,128.9275,5.000000
FILLER_28_31,VDD,Metal1,25.5800,128.9275,5.000000
FILLER_28_23,VDD,Metal1,22.3465,128.7830,5.000000
FILLER_28_16,VDD,Metal1,15.9600,129.3600,5.000000
FILLER_28_14,VDD,Metal1,15.1200,129.3600,5.000000
FILLER_28_10,VDD,Metal1,13.8200,128.9275,5.000000
FILLER_28_2,VDD,Metal1,10.5865,128.7830,5.000000
FILLER_27_776,VDD,Metal1,441.5600,121.5200,5.000000
FILLER_27_772,VDD,Metal1,440.5400,121.9525,5.000000
FILLER_27_766,VDD,Metal1,437.1800,121.9525,5.000000
FILLER_27_702,VDD,Metal1,418.4750,122.3340,5.000000
FILLER_27_698,VDD,Metal1,398.1600,121.5200,5.000000
FILLER_27_694,VDD,Metal1,396.8600,121.9525,5.000000
FILLER_27_686,VDD,Metal1,393.6265,122.0965,5.000000
FILLER_27_648,VDD,Metal1,371.1000,121.9525,5.000000
FILLER_27_632,VDD,Metal1,365.7280,122.2120,5.000000
FILLER_27_629,VDD,Metal1,359.2400,121.5200,5.000000
FILLER_27_627,VDD,Metal1,358.4000,121.5200,5.000000
FILLER_27_619,VDD,Metal1,356.1065,122.0965,5.000000
FILLER_27_603,VDD,Metal1,349.4880,122.2120,5.000000
FILLER_27_597,VDD,Metal1,341.3200,121.5200,5.000000
FILLER_27_588,VDD,Metal1,336.2800,121.5200,5.000000
FILLER_27_586,VDD,Metal1,335.4400,121.5200,5.000000
FILLER_27_578,VDD,Metal1,333.1465,122.0965,5.000000
FILLER_27_562,VDD,Metal1,324.1865,122.0965,5.000000
FILLER_27_559,VDD,Metal1,320.0400,121.5200,5.000000
FILLER_27_555,VDD,Metal1,319.0200,121.9525,5.000000
FILLER_27_548,VDD,Metal1,314.1600,121.5200,5.000000
FILLER_27_540,VDD,Metal1,311.8665,122.0965,5.000000
FILLER_27_524,VDD,Metal1,305.2480,122.2120,5.000000
FILLER_27_492,VDD,Metal1,291.8755,122.2885,5.000000
FILLER_27_486,VDD,Metal1,280.3800,121.9525,5.000000
FILLER_27_422,VDD,Metal1,261.6750,122.3340,5.000000
FILLER_27_418,VDD,Metal1,241.3600,121.5200,5.000000
FILLER_27_414,VDD,Metal1,240.0600,121.9525,5.000000
FILLER_27_395,VDD,Metal1,228.2000,121.5200,5.000000
FILLER_27_393,VDD,Metal1,227.3600,121.5200,5.000000
FILLER_27_385,VDD,Metal1,225.0665,122.0965,5.000000
FILLER_27_369,VDD,Metal1,218.4480,122.2120,5.000000
FILLER_27_363,VDD,Metal1,210.2800,121.5200,5.000000
FILLER_27_356,VDD,Metal1,206.6400,121.5200,5.000000
FILLER_27_352,VDD,Metal1,205.3400,121.9525,5.000000
FILLER_27_346,VDD,Metal1,201.9800,121.9525,5.000000
FILLER_27_282,VDD,Metal1,183.2750,122.3340,5.000000
FILLER_27_276,VDD,Metal1,162.7800,121.9525,5.000000
FILLER_27_212,VDD,Metal1,144.0750,122.3340,5.000000
FILLER_27_209,VDD,Metal1,124.0400,121.5200,5.000000
FILLER_27_205,VDD,Metal1,123.0200,121.9525,5.000000
FILLER_27_198,VDD,Metal1,118.1600,121.5200,5.000000
FILLER_27_194,VDD,Metal1,116.8600,121.9525,5.000000
FILLER_27_188,VDD,Metal1,112.2800,121.5200,5.000000
FILLER_27_186,VDD,Metal1,111.4400,121.5200,5.000000
FILLER_27_182,VDD,Metal1,110.1400,121.9525,5.000000
FILLER_27_174,VDD,Metal1,106.9065,122.0965,5.000000
FILLER_27_142,VDD,Metal1,95.8755,122.2885,5.000000
FILLER_27_136,VDD,Metal1,84.3800,121.9525,5.000000
FILLER_27_72,VDD,Metal1,65.6750,122.3340,5.000000
FILLER_27_68,VDD,Metal1,45.3600,121.5200,5.000000
FILLER_27_36,VDD,Metal1,36.5155,122.2885,5.000000
FILLER_27_26,VDD,Metal1,21.8400,121.5200,5.000000
FILLER_27_18,VDD,Metal1,19.5465,122.0965,5.000000
FILLER_27_2,VDD,Metal1,12.9280,122.2120,5.000000
FILLER_26_776,VDD,Metal1,441.5600,121.5200,5.000000
FILLER_26_774,VDD,Metal1,440.7200,121.5200,5.000000
FILLER_26_758,VDD,Metal1,436.2880,120.8280,5.000000
FILLER_26_734,VDD,Metal1,418.0400,121.5200,5.000000
FILLER_26_732,VDD,Metal1,417.2000,121.5200,5.000000
FILLER_26_728,VDD,Metal1,415.9000,121.0875,5.000000
FILLER_26_693,VDD,Metal1,395.0800,121.5200,5.000000
FILLER_26_691,VDD,Metal1,394.2400,121.5200,5.000000
FILLER_26_683,VDD,Metal1,391.9465,120.9430,5.000000
FILLER_26_667,VDD,Metal1,385.3280,120.8280,5.000000
FILLER_26_661,VDD,Metal1,378.3800,121.0875,5.000000
FILLER_26_653,VDD,Metal1,375.1465,120.9430,5.000000
FILLER_26_637,VDD,Metal1,368.5280,120.8280,5.000000
FILLER_26_621,VDD,Metal1,355.9800,121.0875,5.000000
FILLER_26_613,VDD,Metal1,352.7465,120.9430,5.000000
FILLER_26_597,VDD,Metal1,346.1280,120.8280,5.000000
FILLER_26_581,VDD,Metal1,334.8265,120.9430,5.000000
FILLER_26_568,VDD,Metal1,325.0800,121.5200,5.000000
FILLER_26_566,VDD,Metal1,324.2400,121.5200,5.000000
FILLER_26_562,VDD,Metal1,322.9400,121.0875,5.000000
FILLER_26_543,VDD,Metal1,313.5465,120.9430,5.000000
FILLER_26_527,VDD,Metal1,306.9280,120.8280,5.000000
FILLER_26_521,VDD,Metal1,299.9800,121.0875,5.000000
FILLER_26_457,VDD,Metal1,281.2750,120.7055,5.000000
FILLER_26_454,VDD,Metal1,261.2400,121.5200,5.000000
FILLER_26_452,VDD,Metal1,260.4000,121.5200,5.000000
FILLER_26_436,VDD,Metal1,252.3800,121.0875,5.000000
FILLER_26_420,VDD,Metal1,247.0080,120.8280,5.000000
FILLER_26_397,VDD,Metal1,229.3200,121.5200,5.000000
FILLER_26_395,VDD,Metal1,228.4800,121.5200,5.000000
FILLER_26_387,VDD,Metal1,226.1865,120.9430,5.000000
FILLER_26_384,VDD,Metal1,222.0400,121.5200,5.000000
FILLER_26_382,VDD,Metal1,221.2000,121.5200,5.000000
FILLER_26_378,VDD,Metal1,219.9000,121.0875,5.000000
FILLER_26_370,VDD,Metal1,216.6665,120.9430,5.000000
FILLER_26_349,VDD,Metal1,203.6600,121.0875,5.000000
FILLER_26_317,VDD,Metal1,193.8755,120.7510,5.000000
FILLER_26_311,VDD,Metal1,182.3800,121.0875,5.000000
FILLER_26_303,VDD,Metal1,179.1465,120.9430,5.000000
FILLER_26_287,VDD,Metal1,172.5280,120.8280,5.000000
FILLER_26_255,VDD,Metal1,159.1555,120.7510,5.000000
FILLER_26_243,VDD,Metal1,143.3600,121.5200,5.000000
FILLER_26_223,VDD,Metal1,132.1600,121.5200,5.000000
FILLER_26_191,VDD,Metal1,123.3155,120.7510,5.000000
FILLER_26_181,VDD,Metal1,108.3600,121.5200,5.000000
FILLER_26_177,VDD,Metal1,107.3400,121.0875,5.000000
FILLER_26_174,VDD,Metal1,104.4400,121.5200,5.000000
FILLER_26_172,VDD,Metal1,103.6000,121.5200,5.000000
FILLER_26_164,VDD,Metal1,101.3065,120.9430,5.000000
FILLER_26_129,VDD,Metal1,79.2400,121.5200,5.000000
FILLER_26_127,VDD,Metal1,78.4000,121.5200,5.000000
FILLER_26_123,VDD,Metal1,77.1000,121.0875,5.000000
FILLER_26_107,VDD,Metal1,71.7280,120.8280,5.000000
FILLER_26_95,VDD,Metal1,60.4800,121.5200,5.000000
FILLER_26_79,VDD,Metal1,56.0480,120.8280,5.000000
FILLER_26_69,VDD,Metal1,45.9200,121.5200,5.000000
FILLER_26_37,VDD,Metal1,37.0755,120.7510,5.000000
FILLER_26_34,VDD,Metal1,26.0400,121.5200,5.000000
FILLER_26_2,VDD,Metal1,17.4755,120.7510,5.000000
FILLER_25_776,VDD,Metal1,441.5600,113.6800,5.000000
FILLER_25_772,VDD,Metal1,440.5400,114.1125,5.000000
FILLER_25_769,VDD,Metal1,437.6400,113.6800,5.000000
FILLER_25_753,VDD,Metal1,433.4880,114.3720,5.000000
FILLER_25_702,VDD,Metal1,409.4755,114.4485,5.000000
FILLER_25_684,VDD,Metal1,394.8480,114.3720,5.000000
FILLER_25_652,VDD,Metal1,381.4755,114.4485,5.000000
FILLER_25_637,VDD,Metal1,364.0000,113.6800,5.000000
FILLER_25_629,VDD,Metal1,359.2400,113.6800,5.000000
FILLER_25_627,VDD,Metal1,358.4000,113.6800,5.000000
FILLER_25_619,VDD,Metal1,356.1065,114.2565,5.000000
FILLER_25_603,VDD,Metal1,349.4880,114.3720,5.000000
FILLER_25_571,VDD,Metal1,336.1155,114.4485,5.000000
FILLER_25_528,VDD,Metal1,312.0355,114.4485,5.000000
FILLER_25_492,VDD,Metal1,291.8755,114.4485,5.000000
FILLER_25_489,VDD,Metal1,280.8400,113.6800,5.000000
FILLER_25_481,VDD,Metal1,278.8265,114.2565,5.000000
FILLER_25_449,VDD,Metal1,267.7955,114.4485,5.000000
FILLER_25_442,VDD,Metal1,254.8000,113.6800,5.000000
FILLER_25_438,VDD,Metal1,253.5000,114.1125,5.000000
FILLER_25_422,VDD,Metal1,248.1280,114.3720,5.000000
FILLER_25_418,VDD,Metal1,241.3600,113.6800,5.000000
FILLER_25_414,VDD,Metal1,240.0600,114.1125,5.000000
FILLER_25_398,VDD,Metal1,234.6880,114.3720,5.000000
FILLER_25_366,VDD,Metal1,221.3155,114.4485,5.000000
FILLER_25_360,VDD,Metal1,208.6000,113.6800,5.000000
FILLER_25_348,VDD,Metal1,202.1600,113.6800,5.000000
FILLER_25_344,VDD,Metal1,200.8600,114.1125,5.000000
FILLER_25_306,VDD,Metal1,179.5800,114.1125,5.000000
FILLER_25_298,VDD,Metal1,176.3465,114.2565,5.000000
FILLER_25_282,VDD,Metal1,169.7280,114.3720,5.000000
FILLER_25_279,VDD,Metal1,163.2400,113.6800,5.000000
FILLER_25_277,VDD,Metal1,162.4000,113.6800,5.000000
FILLER_25_273,VDD,Metal1,161.1000,114.1125,5.000000
FILLER_25_260,VDD,Metal1,152.6000,113.6800,5.000000
FILLER_25_256,VDD,Metal1,151.5800,114.1125,5.000000
FILLER_25_248,VDD,Metal1,148.3465,114.2565,5.000000
FILLER_25_238,VDD,Metal1,140.2800,113.6800,5.000000
FILLER_25_236,VDD,Metal1,139.4400,113.6800,5.000000
FILLER_25_232,VDD,Metal1,138.1400,114.1125,5.000000
FILLER_25_220,VDD,Metal1,131.4200,114.1125,5.000000
FILLER_25_212,VDD,Metal1,128.1865,114.2565,5.000000
FILLER_25_208,VDD,Metal1,123.7600,113.6800,5.000000
FILLER_25_204,VDD,Metal1,122.4600,114.1125,5.000000
FILLER_25_188,VDD,Metal1,117.0880,114.3720,5.000000
FILLER_25_177,VDD,Metal1,107.3400,114.1125,5.000000
FILLER_25_170,VDD,Metal1,102.4800,113.6800,5.000000
FILLER_25_166,VDD,Metal1,101.1800,114.1125,5.000000
FILLER_25_158,VDD,Metal1,97.9465,114.2565,5.000000
FILLER_25_142,VDD,Metal1,91.3280,114.3720,5.000000
FILLER_25_116,VDD,Metal1,71.9600,113.6800,5.000000
FILLER_25_112,VDD,Metal1,70.9400,114.1125,5.000000
FILLER_25_104,VDD,Metal1,67.7065,114.2565,5.000000
FILLER_25_94,VDD,Metal1,59.9200,113.6800,5.000000
FILLER_25_90,VDD,Metal1,58.6200,114.1125,5.000000
FILLER_25_82,VDD,Metal1,55.3865,114.2565,5.000000
FILLER_25_69,VDD,Metal1,45.6400,113.6800,5.000000
FILLER_25_37,VDD,Metal1,37.0755,114.4485,5.000000
FILLER_25_24,VDD,Metal1,20.4400,113.6800,5.000000
FILLER_25_22,VDD,Metal1,19.6000,113.6800,5.000000
FILLER_25_18,VDD,Metal1,18.3000,114.1125,5.000000
FILLER_25_2,VDD,Metal1,12.9280,114.3720,5.000000
FILLER_24_769,VDD,Metal1,440.1065,113.1030,5.000000
FILLER_24_737,VDD,Metal1,429.0755,112.9110,5.000000
FILLER_24_733,VDD,Metal1,417.7600,113.6800,5.000000
FILLER_24_701,VDD,Metal1,408.9155,112.9110,5.000000
FILLER_24_661,VDD,Metal1,378.3800,113.2475,5.000000
FILLER_24_597,VDD,Metal1,359.6750,112.8655,5.000000
FILLER_24_594,VDD,Metal1,339.6400,113.6800,5.000000
FILLER_24_592,VDD,Metal1,338.8000,113.6800,5.000000
FILLER_24_584,VDD,Metal1,336.5065,113.1030,5.000000
FILLER_24_568,VDD,Metal1,329.8880,112.9880,5.000000
FILLER_24_536,VDD,Metal1,316.5155,112.9110,5.000000
FILLER_24_519,VDD,Metal1,297.6400,113.6800,5.000000
FILLER_24_517,VDD,Metal1,296.8000,113.6800,5.000000
FILLER_24_513,VDD,Metal1,295.5000,113.2475,5.000000
FILLER_24_505,VDD,Metal1,292.2665,113.1030,5.000000
FILLER_24_489,VDD,Metal1,285.6480,112.9880,5.000000
FILLER_24_457,VDD,Metal1,272.2755,112.9110,5.000000
FILLER_24_451,VDD,Metal1,260.7800,113.2475,5.000000
FILLER_24_387,VDD,Metal1,242.0750,112.8655,5.000000
FILLER_24_381,VDD,Metal1,221.5800,113.2475,5.000000
FILLER_24_317,VDD,Metal1,202.8750,112.8655,5.000000
FILLER_24_314,VDD,Metal1,182.8400,113.6800,5.000000
FILLER_24_312,VDD,Metal1,182.0000,113.6800,5.000000
FILLER_24_308,VDD,Metal1,180.7000,113.2475,5.000000
FILLER_24_258,VDD,Metal1,156.2880,112.9880,5.000000
FILLER_24_241,VDD,Metal1,143.1800,113.2475,5.000000
FILLER_24_233,VDD,Metal1,139.9465,113.1030,5.000000
FILLER_24_217,VDD,Metal1,133.3280,112.9880,5.000000
FILLER_24_203,VDD,Metal1,120.9600,113.6800,5.000000
FILLER_24_195,VDD,Metal1,118.6665,113.1030,5.000000
FILLER_24_185,VDD,Metal1,110.8800,113.6800,5.000000
FILLER_24_177,VDD,Metal1,108.5865,113.1030,5.000000
FILLER_24_163,VDD,Metal1,99.5000,113.2475,5.000000
FILLER_24_155,VDD,Metal1,96.2665,113.1030,5.000000
FILLER_24_139,VDD,Metal1,89.6480,112.9880,5.000000
FILLER_24_107,VDD,Metal1,76.2755,112.9110,5.000000
FILLER_24_103,VDD,Metal1,64.9600,113.6800,5.000000
FILLER_24_93,VDD,Metal1,59.3600,113.6800,5.000000
FILLER_24_81,VDD,Metal1,53.5800,113.2475,5.000000
FILLER_24_73,VDD,Metal1,50.3465,113.1030,5.000000
FILLER_24_57,VDD,Metal1,38.9200,113.6800,5.000000
FILLER_24_53,VDD,Metal1,37.9000,113.2475,5.000000
FILLER_24_37,VDD,Metal1,32.5280,112.9880,5.000000
FILLER_24_34,VDD,Metal1,26.0400,113.6800,5.000000
FILLER_24_2,VDD,Metal1,17.4755,112.9110,5.000000
FILLER_23_776,VDD,Metal1,441.5600,105.8400,5.000000
FILLER_23_772,VDD,Metal1,440.5400,106.2725,5.000000
FILLER_23_766,VDD,Metal1,437.1800,106.2725,5.000000
FILLER_23_702,VDD,Metal1,418.4750,106.6540,5.000000
FILLER_23_696,VDD,Metal1,397.9800,106.2725,5.000000
FILLER_23_632,VDD,Metal1,379.2750,106.6540,5.000000
FILLER_23_626,VDD,Metal1,358.7800,106.2725,5.000000
FILLER_23_562,VDD,Metal1,340.0750,106.6540,5.000000
FILLER_23_558,VDD,Metal1,319.7600,105.8400,5.000000
FILLER_23_526,VDD,Metal1,310.9155,106.6085,5.000000
FILLER_23_486,VDD,Metal1,280.3800,106.2725,5.000000
FILLER_23_478,VDD,Metal1,277.1465,106.4165,5.000000
FILLER_23_462,VDD,Metal1,270.5280,106.5320,5.000000
FILLER_23_448,VDD,Metal1,257.8800,105.8400,5.000000
FILLER_23_446,VDD,Metal1,257.0400,105.8400,5.000000
FILLER_23_438,VDD,Metal1,254.7465,106.4165,5.000000
FILLER_23_422,VDD,Metal1,248.1280,106.5320,5.000000
FILLER_23_416,VDD,Metal1,241.1800,106.2725,5.000000
FILLER_23_352,VDD,Metal1,222.4750,106.6540,5.000000
FILLER_23_346,VDD,Metal1,201.9800,106.2725,5.000000
FILLER_23_282,VDD,Metal1,183.2750,106.6540,5.000000
FILLER_23_276,VDD,Metal1,162.7800,106.2725,5.000000
FILLER_23_212,VDD,Metal1,144.0750,106.6540,5.000000
FILLER_23_206,VDD,Metal1,123.5800,106.2725,5.000000
FILLER_23_142,VDD,Metal1,104.8750,106.6540,5.000000
FILLER_23_139,VDD,Metal1,84.8400,105.8400,5.000000
FILLER_23_137,VDD,Metal1,84.0000,105.8400,5.000000
FILLER_23_133,VDD,Metal1,82.7000,106.2725,5.000000
FILLER_23_125,VDD,Metal1,79.4665,106.4165,5.000000
FILLER_23_109,VDD,Metal1,72.8480,106.5320,5.000000
FILLER_23_77,VDD,Metal1,59.4755,106.6085,5.000000
FILLER_23_68,VDD,Metal1,45.3600,105.8400,5.000000
FILLER_23_60,VDD,Metal1,43.0665,106.4165,5.000000
FILLER_23_28,VDD,Metal1,32.0355,106.6085,5.000000
FILLER_23_14,VDD,Metal1,15.1200,105.8400,5.000000
FILLER_23_10,VDD,Metal1,13.8200,106.2725,5.000000
FILLER_23_2,VDD,Metal1,10.5865,106.4165,5.000000
FILLER_22_775,VDD,Metal1,441.2800,105.8400,5.000000
FILLER_22_771,VDD,Metal1,439.9800,105.4075,5.000000
FILLER_22_755,VDD,Metal1,434.6080,105.1480,5.000000
FILLER_22_745,VDD,Metal1,425.4200,105.4075,5.000000
FILLER_22_737,VDD,Metal1,422.1865,105.2630,5.000000
FILLER_22_731,VDD,Metal1,417.5800,105.4075,5.000000
FILLER_22_667,VDD,Metal1,398.8750,105.0255,5.000000
FILLER_22_661,VDD,Metal1,378.3800,105.4075,5.000000
FILLER_22_597,VDD,Metal1,359.6750,105.0255,5.000000
FILLER_22_591,VDD,Metal1,339.1800,105.4075,5.000000
FILLER_22_527,VDD,Metal1,320.4750,105.0255,5.000000
FILLER_22_521,VDD,Metal1,299.9800,105.4075,5.000000
FILLER_22_513,VDD,Metal1,296.7465,105.2630,5.000000
FILLER_22_497,VDD,Metal1,290.1280,105.1480,5.000000
FILLER_22_461,VDD,Metal1,265.4400,105.8400,5.000000
FILLER_22_457,VDD,Metal1,264.1400,105.4075,5.000000
FILLER_22_451,VDD,Metal1,260.7800,105.4075,5.000000
FILLER_22_387,VDD,Metal1,242.0750,105.0255,5.000000
FILLER_22_381,VDD,Metal1,221.5800,105.4075,5.000000
FILLER_22_317,VDD,Metal1,202.8750,105.0255,5.000000
FILLER_22_311,VDD,Metal1,182.3800,105.4075,5.000000
FILLER_22_247,VDD,Metal1,163.6750,105.0255,5.000000
FILLER_22_241,VDD,Metal1,143.1800,105.4075,5.000000
FILLER_22_177,VDD,Metal1,124.4750,105.0255,5.000000
FILLER_22_171,VDD,Metal1,103.9800,105.4075,5.000000
FILLER_22_107,VDD,Metal1,85.2750,105.0255,5.000000
FILLER_22_101,VDD,Metal1,64.7800,105.4075,5.000000
FILLER_22_37,VDD,Metal1,46.0750,105.0255,5.000000
FILLER_22_34,VDD,Metal1,26.0400,105.8400,5.000000
FILLER_22_2,VDD,Metal1,17.4755,105.0710,5.000000
FILLER_21_776,VDD,Metal1,441.5600,98.0000,4.999717
FILLER_21_772,VDD,Metal1,440.5400,98.4325,4.999717
FILLER_21_769,VDD,Metal1,437.6400,98.0000,4.999717
FILLER_21_767,VDD,Metal1,436.8000,98.0000,4.999717
FILLER_21_763,VDD,Metal1,435.5000,98.4325,4.999717
FILLER_21_755,VDD,Metal1,432.2665,98.5765,4.999717
FILLER_21_746,VDD,Metal1,424.7600,98.0000,4.999717
FILLER_21_742,VDD,Metal1,423.7400,98.4325,4.999717
FILLER_21_734,VDD,Metal1,420.5065,98.5765,4.999717
FILLER_21_702,VDD,Metal1,409.4755,98.7685,4.999717
FILLER_21_696,VDD,Metal1,397.9800,98.4325,4.999717
FILLER_21_632,VDD,Metal1,379.2750,98.8140,4.999717
FILLER_21_626,VDD,Metal1,358.7800,98.4325,4.999717
FILLER_21_610,VDD,Metal1,353.4080,98.6920,4.999717
FILLER_21_601,VDD,Metal1,343.5600,98.0000,4.999717
FILLER_21_599,VDD,Metal1,342.7200,98.0000,4.999717
FILLER_21_591,VDD,Metal1,340.4265,98.5765,4.999717
FILLER_21_575,VDD,Metal1,333.8080,98.6920,4.999717
FILLER_21_562,VDD,Metal1,324.1865,98.5765,4.999717
FILLER_21_556,VDD,Metal1,319.5800,98.4325,4.999717
FILLER_21_492,VDD,Metal1,300.8750,98.8140,4.999717
FILLER_21_486,VDD,Metal1,280.3800,98.4325,4.999718
FILLER_21_422,VDD,Metal1,261.6750,98.8140,4.999718
FILLER_21_416,VDD,Metal1,241.1800,98.4325,4.999733
FILLER_21_352,VDD,Metal1,222.4750,98.8140,4.999746
FILLER_21_346,VDD,Metal1,201.9800,98.4325,4.999748
FILLER_21_282,VDD,Metal1,183.2750,98.8140,4.999748
FILLER_21_278,VDD,Metal1,162.9600,98.0000,4.999759
FILLER_21_274,VDD,Metal1,161.6600,98.4325,4.999759
FILLER_21_266,VDD,Metal1,158.4265,98.5765,4.999760
FILLER_21_234,VDD,Metal1,147.3955,98.7685,4.999770
FILLER_21_212,VDD,Metal1,128.1865,98.5765,4.999792
FILLER_21_206,VDD,Metal1,123.5800,98.4325,4.999800
FILLER_21_142,VDD,Metal1,104.8750,98.8140,4.999800
FILLER_21_136,VDD,Metal1,84.3800,98.4325,4.999814
FILLER_21_72,VDD,Metal1,65.6750,98.8140,4.999815
FILLER_21_69,VDD,Metal1,45.6400,98.0000,4.999824
FILLER_21_67,VDD,Metal1,44.8000,98.0000,4.999825
FILLER_21_63,VDD,Metal1,43.5000,98.4325,4.999825
FILLER_21_55,VDD,Metal1,40.2665,98.5765,4.999825
FILLER_21_39,VDD,Metal1,33.6480,98.6920,4.999825
FILLER_21_4,VDD,Metal1,9.2400,98.0000,4.999845
FILLER_21_2,VDD,Metal1,8.4000,98.0000,4.999845
FILLER_20_775,VDD,Metal1,441.2800,98.0000,4.999717
FILLER_20_759,VDD,Metal1,436.8480,97.3080,4.999717
FILLER_20_745,VDD,Metal1,424.2000,98.0000,4.999717
FILLER_20_737,VDD,Metal1,422.1865,97.4230,4.999717
FILLER_20_731,VDD,Metal1,417.5800,97.5675,4.999717
FILLER_20_667,VDD,Metal1,398.8750,97.1855,4.999717
FILLER_20_664,VDD,Metal1,378.8400,98.0000,4.999717
FILLER_20_662,VDD,Metal1,378.0000,98.0000,4.999717
FILLER_20_654,VDD,Metal1,375.7065,97.4230,4.999717
FILLER_20_621,VDD,Metal1,354.7600,98.0000,4.999717
FILLER_20_613,VDD,Metal1,352.7465,97.4230,4.999717
FILLER_20_597,VDD,Metal1,346.1280,97.3080,4.999717
FILLER_20_587,VDD,Metal1,338.1865,97.4230,4.999717
FILLER_20_535,VDD,Metal1,306.8800,98.0000,4.999717
FILLER_20_527,VDD,Metal1,304.5865,97.4230,4.999717
FILLER_20_521,VDD,Metal1,299.9800,97.5675,4.999718
FILLER_20_457,VDD,Metal1,281.2750,97.1855,4.999718
FILLER_20_453,VDD,Metal1,260.9600,98.0000,4.999718
FILLER_20_445,VDD,Metal1,258.6665,97.4230,4.999718
FILLER_20_424,VDD,Metal1,245.6600,97.5675,4.999719
FILLER_20_415,VDD,Metal1,239.4000,98.0000,4.999746
FILLER_20_413,VDD,Metal1,238.5600,98.0000,4.999746
FILLER_20_403,VDD,Metal1,232.6800,98.0000,4.999746
FILLER_20_387,VDD,Metal1,228.5280,97.3080,4.999746
FILLER_20_384,VDD,Metal1,222.0400,98.0000,4.999746
FILLER_20_372,VDD,Metal1,215.3200,98.0000,4.999746
FILLER_20_368,VDD,Metal1,214.3000,97.5675,4.999746
FILLER_20_360,VDD,Metal1,211.0665,97.4230,4.999746
FILLER_20_325,VDD,Metal1,189.0000,98.0000,4.999748
FILLER_20_317,VDD,Metal1,186.9865,97.4230,4.999748
FILLER_20_280,VDD,Metal1,163.8000,98.0000,4.999758
FILLER_20_276,VDD,Metal1,162.7800,97.5675,4.999759
FILLER_20_263,VDD,Metal1,154.2800,98.0000,4.999770
FILLER_20_247,VDD,Metal1,150.1280,97.3080,4.999770
FILLER_20_244,VDD,Metal1,143.6400,98.0000,4.999770
FILLER_20_242,VDD,Metal1,142.8000,98.0000,4.999770
FILLER_20_238,VDD,Metal1,141.5000,97.5675,4.999770
FILLER_20_225,VDD,Metal1,133.0000,98.0000,4.999791
FILLER_20_209,VDD,Metal1,126.5065,97.4230,4.999793
FILLER_20_177,VDD,Metal1,115.4755,97.2310,4.999800
FILLER_20_173,VDD,Metal1,104.1600,98.0000,4.999800
FILLER_20_165,VDD,Metal1,101.8665,97.4230,4.999800
FILLER_20_149,VDD,Metal1,95.2480,97.3080,4.999800
FILLER_20_139,VDD,Metal1,85.1200,98.0000,4.999814
FILLER_20_107,VDD,Metal1,76.2755,97.2310,4.999815
FILLER_20_103,VDD,Metal1,64.9600,98.0000,4.999815
FILLER_20_99,VDD,Metal1,63.6600,97.5675,4.999815
FILLER_20_89,VDD,Metal1,57.1200,98.0000,4.999815
FILLER_20_85,VDD,Metal1,55.8200,97.5675,4.999815
FILLER_20_69,VDD,Metal1,50.4480,97.3080,4.999815
FILLER_20_37,VDD,Metal1,37.0755,97.2310,4.999825
FILLER_20_34,VDD,Metal1,26.0400,98.0000,4.999845
FILLER_20_2,VDD,Metal1,17.4755,97.2310,4.999845
FILLER_19_776,VDD,Metal1,441.5600,90.1600,5.000000
FILLER_19_772,VDD,Metal1,440.5400,90.5925,5.000000
FILLER_19_769,VDD,Metal1,437.6400,90.1600,5.000000
FILLER_19_753,VDD,Metal1,433.4880,90.8520,5.000000
FILLER_19_742,VDD,Metal1,423.7400,90.5925,5.000000
FILLER_19_734,VDD,Metal1,420.5065,90.7365,5.000000
FILLER_19_702,VDD,Metal1,409.4755,90.9285,5.000000
FILLER_19_696,VDD,Metal1,397.9800,90.5925,5.000000
FILLER_19_688,VDD,Metal1,394.7465,90.7365,5.000000
FILLER_19_653,VDD,Metal1,372.6800,90.1600,5.000000
FILLER_19_637,VDD,Metal1,368.5280,90.8520,5.000000
FILLER_19_629,VDD,Metal1,359.2400,90.1600,5.000000
FILLER_19_627,VDD,Metal1,358.4000,90.1600,5.000000
FILLER_19_623,VDD,Metal1,357.1000,90.5925,5.000000
FILLER_19_614,VDD,Metal1,351.1200,90.1600,5.000000
FILLER_19_610,VDD,Metal1,349.8200,90.5925,5.000000
FILLER_19_602,VDD,Metal1,346.5865,90.7365,5.000000
FILLER_19_583,VDD,Metal1,333.4800,90.1600,5.000000
FILLER_19_581,VDD,Metal1,332.6400,90.1600,5.000000
FILLER_19_577,VDD,Metal1,331.3400,90.5925,5.000000
FILLER_19_558,VDD,Metal1,319.7600,90.1600,5.000000
FILLER_19_550,VDD,Metal1,317.4665,90.7365,5.000000
FILLER_19_508,VDD,Metal1,293.9465,90.7365,5.000000
FILLER_19_492,VDD,Metal1,287.3280,90.8520,5.000000
FILLER_19_486,VDD,Metal1,280.3800,90.5925,5.000000
FILLER_19_422,VDD,Metal1,261.6750,90.9740,5.000000
FILLER_19_419,VDD,Metal1,241.6400,90.1600,5.000000
FILLER_19_417,VDD,Metal1,240.8000,90.1600,5.000000
FILLER_19_413,VDD,Metal1,239.5000,90.5925,5.000000
FILLER_19_407,VDD,Metal1,234.9200,90.1600,5.000000
FILLER_19_405,VDD,Metal1,234.0800,90.1600,5.000000
FILLER_19_401,VDD,Metal1,232.7800,90.5925,5.000000
FILLER_19_393,VDD,Metal1,229.5465,90.7365,5.000000
FILLER_19_376,VDD,Metal1,217.5600,90.1600,5.000000
FILLER_19_368,VDD,Metal1,215.5465,90.7365,5.000000
FILLER_19_352,VDD,Metal1,208.9280,90.8520,5.000000
FILLER_19_346,VDD,Metal1,201.9800,90.5925,5.000000
FILLER_19_282,VDD,Metal1,183.2750,90.9740,5.000000
FILLER_19_276,VDD,Metal1,162.7800,90.5925,5.000000
FILLER_19_216,VDD,Metal1,128.2400,90.1600,5.000000
FILLER_19_212,VDD,Metal1,126.9400,90.5925,5.000000
FILLER_19_209,VDD,Metal1,124.0400,90.1600,5.000000
FILLER_19_207,VDD,Metal1,123.2000,90.1600,5.000000
FILLER_19_203,VDD,Metal1,121.9000,90.5925,5.000000
FILLER_19_195,VDD,Metal1,118.6665,90.7365,5.000000
FILLER_19_179,VDD,Metal1,112.0480,90.8520,5.000000
FILLER_19_155,VDD,Metal1,93.8000,90.1600,5.000000
FILLER_19_151,VDD,Metal1,92.7800,90.5925,5.000000
FILLER_19_138,VDD,Metal1,84.5600,90.1600,5.000000
FILLER_19_128,VDD,Metal1,78.9600,90.1600,5.000000
FILLER_19_66,VDD,Metal1,45.1800,90.5925,5.000000
FILLER_19_2,VDD,Metal1,26.4750,90.9740,5.000000
FILLER_18_769,VDD,Metal1,440.1065,89.5830,5.000000
FILLER_18_737,VDD,Metal1,429.0755,89.3910,5.000000
FILLER_18_727,VDD,Metal1,416.5865,89.5830,5.000000
FILLER_18_717,VDD,Metal1,408.8000,90.1600,5.000000
FILLER_18_667,VDD,Metal1,385.3280,89.4680,5.000000
FILLER_18_664,VDD,Metal1,378.8400,90.1600,5.000000
FILLER_18_662,VDD,Metal1,378.0000,90.1600,5.000000
FILLER_18_654,VDD,Metal1,375.7065,89.5830,5.000000
FILLER_18_638,VDD,Metal1,369.0880,89.4680,5.000000
FILLER_18_606,VDD,Metal1,355.7155,89.3910,5.000000
FILLER_18_594,VDD,Metal1,339.6400,90.1600,5.000000
FILLER_18_590,VDD,Metal1,338.6200,89.7275,5.000000
FILLER_18_574,VDD,Metal1,333.2480,89.4680,5.000000
FILLER_18_559,VDD,Metal1,320.3200,90.1600,5.000000
FILLER_18_527,VDD,Metal1,311.4755,89.3910,5.000000
FILLER_18_523,VDD,Metal1,300.1600,90.1600,5.000000
FILLER_18_507,VDD,Metal1,295.7280,89.4680,5.000000
FILLER_18_457,VDD,Metal1,267.7280,89.4680,5.000000
FILLER_18_451,VDD,Metal1,260.7800,89.7275,5.000000
FILLER_18_443,VDD,Metal1,257.5465,89.5830,5.000000
FILLER_18_437,VDD,Metal1,251.7200,90.1600,5.000000
FILLER_18_435,VDD,Metal1,250.8800,90.1600,5.000000
FILLER_18_431,VDD,Metal1,249.5800,89.7275,5.000000
FILLER_18_423,VDD,Metal1,243.8800,90.1600,5.000000
FILLER_18_419,VDD,Metal1,242.8600,89.7275,5.000000
FILLER_18_387,VDD,Metal1,233.0755,89.3910,5.000000
FILLER_18_381,VDD,Metal1,221.5800,89.7275,5.000000
FILLER_18_317,VDD,Metal1,202.8750,89.3455,5.000000
FILLER_18_314,VDD,Metal1,182.8400,90.1600,5.000000
FILLER_18_312,VDD,Metal1,182.0000,90.1600,5.000000
FILLER_18_308,VDD,Metal1,180.7000,89.7275,5.000000
FILLER_18_292,VDD,Metal1,175.3280,89.4680,5.000000
FILLER_18_260,VDD,Metal1,161.9555,89.3910,5.000000
FILLER_18_254,VDD,Metal1,149.2400,90.1600,5.000000
FILLER_18_247,VDD,Metal1,145.6000,90.1600,5.000000
FILLER_18_244,VDD,Metal1,143.6400,90.1600,5.000000
FILLER_18_240,VDD,Metal1,142.6200,89.7275,5.000000
FILLER_18_232,VDD,Metal1,139.3865,89.5830,5.000000
FILLER_18_219,VDD,Metal1,130.8600,89.7275,5.000000
FILLER_18_211,VDD,Metal1,127.6265,89.5830,5.000000
FILLER_18_173,VDD,Metal1,104.1600,90.1600,5.000000
FILLER_18_169,VDD,Metal1,102.8600,89.7275,5.000000
FILLER_18_161,VDD,Metal1,99.6265,89.5830,5.000000
FILLER_18_148,VDD,Metal1,92.3465,89.5830,5.000000
FILLER_18_140,VDD,Metal1,85.6800,90.1600,5.000000
FILLER_18_136,VDD,Metal1,84.3800,89.7275,5.000000
FILLER_18_120,VDD,Metal1,79.0080,89.4680,5.000000
FILLER_18_107,VDD,Metal1,69.3865,89.5830,5.000000
FILLER_18_89,VDD,Metal1,56.8400,90.1600,5.000000
FILLER_18_85,VDD,Metal1,55.8200,89.7275,5.000000
FILLER_18_69,VDD,Metal1,50.4480,89.4680,5.000000
FILLER_18_37,VDD,Metal1,37.0755,89.3910,5.000000
FILLER_18_34,VDD,Metal1,26.0400,90.1600,5.000000
FILLER_18_32,VDD,Metal1,25.2000,90.1600,5.000000
FILLER_18_20,VDD,Metal1,18.2000,90.1600,5.000000
FILLER_18_18,VDD,Metal1,17.3600,90.1600,5.000000
FILLER_18_2,VDD,Metal1,12.9280,89.4680,5.000000
FILLER_17_776,VDD,Metal1,441.5600,82.3200,5.000000
FILLER_17_772,VDD,Metal1,440.5400,82.7525,5.000000
FILLER_17_769,VDD,Metal1,437.6400,82.3200,5.000000
FILLER_17_767,VDD,Metal1,436.8000,82.3200,5.000000
FILLER_17_763,VDD,Metal1,435.5000,82.7525,5.000000
FILLER_17_747,VDD,Metal1,430.1280,83.0120,5.000000
FILLER_17_715,VDD,Metal1,416.7555,83.0885,5.000000
FILLER_17_710,VDD,Metal1,404.6000,82.3200,5.000000
FILLER_17_702,VDD,Metal1,402.5865,82.8965,5.000000
FILLER_17_696,VDD,Metal1,397.9800,82.7525,5.000000
FILLER_17_632,VDD,Metal1,379.2750,83.1340,5.000000
FILLER_17_626,VDD,Metal1,358.7800,82.7525,5.000000
FILLER_17_610,VDD,Metal1,353.4080,83.0120,5.000000
FILLER_17_604,VDD,Metal1,345.2400,82.3200,5.000000
FILLER_17_602,VDD,Metal1,344.4000,82.3200,5.000000
FILLER_17_594,VDD,Metal1,342.1065,82.8965,5.000000
FILLER_17_562,VDD,Metal1,331.0755,83.0885,5.000000
FILLER_17_556,VDD,Metal1,319.5800,82.7525,5.000000
FILLER_17_492,VDD,Metal1,300.8750,83.1340,5.000000
FILLER_17_488,VDD,Metal1,280.5600,82.3200,5.000000
FILLER_17_484,VDD,Metal1,279.2600,82.7525,5.000000
FILLER_17_468,VDD,Metal1,273.8880,83.0120,5.000000
FILLER_17_444,VDD,Metal1,255.6400,82.3200,5.000000
FILLER_17_442,VDD,Metal1,254.8000,82.3200,5.000000
FILLER_17_438,VDD,Metal1,253.5000,82.7525,5.000000
FILLER_17_422,VDD,Metal1,248.1280,83.0120,5.000000
FILLER_17_416,VDD,Metal1,241.1800,82.7525,5.000000
FILLER_17_408,VDD,Metal1,237.9465,82.8965,4.999999
FILLER_17_392,VDD,Metal1,231.3280,83.0120,4.999999
FILLER_17_386,VDD,Metal1,223.1600,82.3200,4.999999
FILLER_17_384,VDD,Metal1,222.3200,82.3200,4.999999
FILLER_17_352,VDD,Metal1,213.4755,83.0885,4.999999
FILLER_17_346,VDD,Metal1,201.9800,82.7525,4.999999
FILLER_17_282,VDD,Metal1,183.2750,83.1340,4.999999
FILLER_17_276,VDD,Metal1,162.7800,82.7525,4.999999
FILLER_17_268,VDD,Metal1,159.5465,82.8965,4.999999
FILLER_17_252,VDD,Metal1,152.9280,83.0120,4.999999
FILLER_17_246,VDD,Metal1,144.7600,82.3200,4.999999
FILLER_17_244,VDD,Metal1,143.9200,82.3200,4.999999
FILLER_17_212,VDD,Metal1,135.0755,83.0885,4.999999
FILLER_17_206,VDD,Metal1,123.5800,82.7525,4.999999
FILLER_17_142,VDD,Metal1,104.8750,83.1340,4.999999
FILLER_17_139,VDD,Metal1,84.8400,82.3200,4.999999
FILLER_17_135,VDD,Metal1,83.8200,82.7525,4.999999
FILLER_17_119,VDD,Metal1,78.4480,83.0120,4.999999
FILLER_17_100,VDD,Metal1,63.0000,82.3200,4.999999
FILLER_17_96,VDD,Metal1,61.9800,82.7525,4.999999
FILLER_17_88,VDD,Metal1,58.7465,82.8965,4.999999
FILLER_17_72,VDD,Metal1,52.1280,83.0120,4.999999
FILLER_17_69,VDD,Metal1,45.6400,82.3200,4.999999
FILLER_17_67,VDD,Metal1,44.8000,82.3200,4.999999
FILLER_17_63,VDD,Metal1,43.5000,82.7525,4.999999
FILLER_17_39,VDD,Metal1,30.0600,82.7525,4.999999
FILLER_17_31,VDD,Metal1,26.8265,82.8965,4.999999
FILLER_17_18,VDD,Metal1,18.3000,82.7525,4.999999
FILLER_17_2,VDD,Metal1,12.9280,83.0120,4.999999
FILLER_16_775,VDD,Metal1,441.2800,82.3200,5.000000
FILLER_16_771,VDD,Metal1,439.9800,81.8875,5.000000
FILLER_16_763,VDD,Metal1,436.7465,81.7430,5.000000
FILLER_16_747,VDD,Metal1,430.1280,81.6280,5.000000
FILLER_16_733,VDD,Metal1,417.7600,82.3200,5.000000
FILLER_16_725,VDD,Metal1,415.4665,81.7430,5.000000
FILLER_16_711,VDD,Metal1,405.1600,82.3200,5.000000
FILLER_16_707,VDD,Metal1,404.1400,81.8875,5.000000
FILLER_16_699,VDD,Metal1,400.9065,81.7430,5.000000
FILLER_16_667,VDD,Metal1,389.8755,81.5510,5.000000
FILLER_16_661,VDD,Metal1,378.3800,81.8875,5.000000
FILLER_16_597,VDD,Metal1,359.6750,81.5055,5.000000
FILLER_16_587,VDD,Metal1,338.1865,81.7430,5.000000
FILLER_16_575,VDD,Metal1,331.4665,81.7430,5.000000
FILLER_16_559,VDD,Metal1,324.8480,81.6280,5.000000
FILLER_16_527,VDD,Metal1,311.4755,81.5510,5.000000
FILLER_16_521,VDD,Metal1,299.9800,81.8875,5.000000
FILLER_16_457,VDD,Metal1,281.2750,81.5055,5.000000
FILLER_16_454,VDD,Metal1,261.2400,82.3200,5.000000
FILLER_16_452,VDD,Metal1,260.4000,82.3200,5.000000
FILLER_16_420,VDD,Metal1,251.5555,81.5510,5.000000
FILLER_16_413,VDD,Metal1,238.5600,82.3200,4.999999
FILLER_16_397,VDD,Metal1,234.1280,81.6280,4.999999
FILLER_16_380,VDD,Metal1,219.8000,82.3200,4.999999
FILLER_16_364,VDD,Metal1,215.6480,81.6280,4.999999
FILLER_16_329,VDD,Metal1,191.2400,82.3200,4.999999
FILLER_16_325,VDD,Metal1,190.2200,81.8875,4.999999
FILLER_16_317,VDD,Metal1,186.9865,81.7430,4.999999
FILLER_16_307,VDD,Metal1,181.3865,81.7430,4.999999
FILLER_16_271,VDD,Metal1,159.0400,82.3200,4.999999
FILLER_16_267,VDD,Metal1,157.7400,81.8875,4.999999
FILLER_16_247,VDD,Metal1,147.7865,81.7430,4.999999
FILLER_16_225,VDD,Metal1,135.4665,81.7430,4.999999
FILLER_16_209,VDD,Metal1,128.8480,81.6280,4.999999
FILLER_16_177,VDD,Metal1,115.4755,81.5510,4.999999
FILLER_16_171,VDD,Metal1,103.9800,81.8875,4.999999
FILLER_16_107,VDD,Metal1,85.2750,81.5055,4.999999
FILLER_16_104,VDD,Metal1,65.2400,82.3200,4.999999
FILLER_16_88,VDD,Metal1,61.0880,81.6280,4.999999
FILLER_16_53,VDD,Metal1,36.6800,82.3200,4.999999
FILLER_16_37,VDD,Metal1,32.5280,81.6280,4.999999
FILLER_16_34,VDD,Metal1,26.0400,82.3200,4.999999
FILLER_16_2,VDD,Metal1,17.4755,81.5510,4.999999
FILLER_15_776,VDD,Metal1,441.5600,74.4800,4.999999
FILLER_15_772,VDD,Metal1,440.5400,74.9125,4.999999
FILLER_15_768,VDD,Metal1,437.3600,74.4800,4.999999
FILLER_15_764,VDD,Metal1,436.0600,74.9125,4.999999
FILLER_15_756,VDD,Metal1,431.5800,74.9125,4.999999
FILLER_15_748,VDD,Metal1,428.3465,75.0565,4.999999
FILLER_15_739,VDD,Metal1,420.8400,74.4800,4.999999
FILLER_15_737,VDD,Metal1,420.0000,74.4800,4.999999
FILLER_15_721,VDD,Metal1,415.5680,75.1720,4.999999
FILLER_15_710,VDD,Metal1,404.8800,74.4800,4.999999
FILLER_15_702,VDD,Metal1,402.5865,75.0565,4.999999
FILLER_15_696,VDD,Metal1,397.9800,74.9125,4.999999
FILLER_15_632,VDD,Metal1,379.2750,75.2940,4.999999
FILLER_15_626,VDD,Metal1,358.7800,74.9125,4.999999
FILLER_15_562,VDD,Metal1,340.0750,75.2940,4.999999
FILLER_15_559,VDD,Metal1,320.0400,74.4800,4.999999
FILLER_15_555,VDD,Metal1,319.0200,74.9125,4.999999
FILLER_15_547,VDD,Metal1,315.7865,75.0565,4.999999
FILLER_15_512,VDD,Metal1,293.7200,74.4800,4.999999
FILLER_15_508,VDD,Metal1,292.7000,74.9125,4.999999
FILLER_15_492,VDD,Metal1,287.3280,75.1720,4.999999
FILLER_15_486,VDD,Metal1,280.3800,74.9125,4.999999
FILLER_15_422,VDD,Metal1,261.6750,75.2940,4.999999
FILLER_15_416,VDD,Metal1,241.1800,74.9125,4.999999
FILLER_15_352,VDD,Metal1,222.4750,75.2940,4.999999
FILLER_15_346,VDD,Metal1,201.9800,74.9125,4.999999
FILLER_15_282,VDD,Metal1,183.2750,75.2940,4.999999
FILLER_15_276,VDD,Metal1,162.7800,74.9125,4.999999
FILLER_15_212,VDD,Metal1,144.0750,75.2940,4.999999
FILLER_15_206,VDD,Metal1,123.5800,74.9125,4.999999
FILLER_15_142,VDD,Metal1,104.8750,75.2940,4.999999
FILLER_15_136,VDD,Metal1,84.3800,74.9125,4.999999
FILLER_15_72,VDD,Metal1,65.6750,75.2940,4.999999
FILLER_15_69,VDD,Metal1,45.6400,74.4800,4.999999
FILLER_15_65,VDD,Metal1,44.6200,74.9125,4.999999
FILLER_15_57,VDD,Metal1,41.3865,75.0565,4.999999
FILLER_15_25,VDD,Metal1,30.3555,75.2485,4.999999
FILLER_15_18,VDD,Metal1,17.3600,74.4800,4.999999
FILLER_15_2,VDD,Metal1,12.9280,75.1720,4.999999
FILLER_14_741,VDD,Metal1,422.2400,74.4800,4.999999
FILLER_14_737,VDD,Metal1,420.9400,74.0475,4.999999
FILLER_14_731,VDD,Metal1,417.5800,74.0475,4.999999
FILLER_14_667,VDD,Metal1,398.8750,73.6655,4.999999
FILLER_14_664,VDD,Metal1,378.8400,74.4800,4.999999
FILLER_14_632,VDD,Metal1,370.2755,73.7110,4.999999
FILLER_14_605,VDD,Metal1,347.0200,74.0475,4.999999
FILLER_14_597,VDD,Metal1,343.7865,73.9030,4.999999
FILLER_14_591,VDD,Metal1,339.1800,74.0475,4.999999
FILLER_14_527,VDD,Metal1,320.4750,73.6655,4.999999
FILLER_14_524,VDD,Metal1,300.4400,74.4800,4.999999
FILLER_14_522,VDD,Metal1,299.6000,74.4800,4.999999
FILLER_14_518,VDD,Metal1,298.3000,74.0475,4.999999
FILLER_14_502,VDD,Metal1,292.9280,73.7880,4.999999
FILLER_14_467,VDD,Metal1,268.5200,74.4800,4.999999
FILLER_14_465,VDD,Metal1,267.6800,74.4800,4.999999
FILLER_14_457,VDD,Metal1,265.3865,73.9030,4.999999
FILLER_14_454,VDD,Metal1,261.2400,74.4800,4.999999
FILLER_14_446,VDD,Metal1,259.2265,73.9030,4.999999
FILLER_14_419,VDD,Metal1,242.8600,74.0475,4.999999
FILLER_14_387,VDD,Metal1,233.0755,73.7110,4.999999
FILLER_14_381,VDD,Metal1,221.5800,74.0475,4.999999
FILLER_14_317,VDD,Metal1,202.8750,73.6655,4.999999
FILLER_14_311,VDD,Metal1,182.3800,74.0475,4.999999
FILLER_14_247,VDD,Metal1,163.6750,73.6655,4.999999
FILLER_14_241,VDD,Metal1,143.1800,74.0475,4.999999
FILLER_14_177,VDD,Metal1,124.4750,73.6655,4.999999
FILLER_14_171,VDD,Metal1,103.9800,74.0475,4.999999
FILLER_14_155,VDD,Metal1,98.6080,73.7880,4.999999
FILLER_14_139,VDD,Metal1,86.0600,74.0475,4.999999
FILLER_14_107,VDD,Metal1,76.2755,73.7110,4.999999
FILLER_14_101,VDD,Metal1,64.7800,74.0475,4.999999
FILLER_14_37,VDD,Metal1,46.0750,73.6655,4.999999
FILLER_14_27,VDD,Metal1,24.5865,73.9030,4.999999
FILLER_14_10,VDD,Metal1,13.8200,74.0475,4.999999
FILLER_14_2,VDD,Metal1,10.5865,73.9030,4.999999
FILLER_13_776,VDD,Metal1,441.5600,66.6400,5.000000
FILLER_13_772,VDD,Metal1,440.5400,67.0725,5.000000
FILLER_13_768,VDD,Metal1,437.3600,66.6400,5.000000
FILLER_13_764,VDD,Metal1,436.0600,67.0725,5.000000
FILLER_13_748,VDD,Metal1,430.6880,67.3320,5.000000
FILLER_13_716,VDD,Metal1,417.3155,67.4085,5.000000
FILLER_13_710,VDD,Metal1,404.8800,66.6400,5.000000
FILLER_13_702,VDD,Metal1,402.5865,67.2165,5.000000
FILLER_13_696,VDD,Metal1,397.9800,67.0725,5.000000
FILLER_13_680,VDD,Metal1,392.6080,67.3320,5.000000
FILLER_13_644,VDD,Metal1,367.9200,66.6400,5.000000
FILLER_13_640,VDD,Metal1,366.6200,67.0725,5.000000
FILLER_13_632,VDD,Metal1,363.3865,67.2165,5.000000
FILLER_13_626,VDD,Metal1,358.7800,67.0725,5.000000
FILLER_13_562,VDD,Metal1,340.0750,67.4540,5.000000
FILLER_13_556,VDD,Metal1,319.5800,67.0725,5.000000
FILLER_13_492,VDD,Metal1,300.8750,67.4540,5.000000
FILLER_13_486,VDD,Metal1,280.3800,67.0725,5.000000
FILLER_13_422,VDD,Metal1,261.6750,67.4540,5.000000
FILLER_13_416,VDD,Metal1,241.1800,67.0725,5.000000
FILLER_13_352,VDD,Metal1,222.4750,67.4540,5.000000
FILLER_13_348,VDD,Metal1,202.1600,66.6400,5.000000
FILLER_13_344,VDD,Metal1,200.8600,67.0725,5.000000
FILLER_13_336,VDD,Metal1,197.6265,67.2165,5.000000
FILLER_13_298,VDD,Metal1,175.1000,67.0725,5.000000
FILLER_13_282,VDD,Metal1,169.7280,67.3320,5.000000
FILLER_13_276,VDD,Metal1,162.7800,67.0725,5.000000
FILLER_13_212,VDD,Metal1,144.0750,67.4540,5.000000
FILLER_13_206,VDD,Metal1,123.5800,67.0725,5.000000
FILLER_13_198,VDD,Metal1,120.3465,67.2165,5.000000
FILLER_13_182,VDD,Metal1,113.7280,67.3320,5.000000
FILLER_13_157,VDD,Metal1,95.2000,66.6400,4.999999
FILLER_13_153,VDD,Metal1,93.9000,67.0725,4.999999
FILLER_13_144,VDD,Metal1,87.6400,66.6400,4.999999
FILLER_13_142,VDD,Metal1,86.8000,66.6400,4.999999
FILLER_13_136,VDD,Metal1,84.3800,67.0725,4.999999
FILLER_13_72,VDD,Metal1,65.6750,67.4540,4.999999
FILLER_13_69,VDD,Metal1,45.6400,66.6400,4.999999
FILLER_13_67,VDD,Metal1,44.8000,66.6400,4.999999
FILLER_13_59,VDD,Metal1,42.5065,67.2165,4.999999
FILLER_13_43,VDD,Metal1,35.8880,67.3320,4.999999
FILLER_13_8,VDD,Metal1,11.4800,66.6400,4.999999
FILLER_13_6,VDD,Metal1,10.6400,66.6400,4.999999
FILLER_13_2,VDD,Metal1,9.3400,67.0725,4.999999
FILLER_12_769,VDD,Metal1,440.1065,66.0630,5.000000
FILLER_12_737,VDD,Metal1,429.0755,65.8710,5.000000
FILLER_12_731,VDD,Metal1,417.5800,66.2075,5.000000
FILLER_12_715,VDD,Metal1,412.2080,65.9480,5.000000
FILLER_12_679,VDD,Metal1,387.5200,66.6400,5.000000
FILLER_12_675,VDD,Metal1,386.2200,66.2075,5.000000
FILLER_12_667,VDD,Metal1,382.9865,66.0630,5.000000
FILLER_12_664,VDD,Metal1,378.8400,66.6400,5.000000
FILLER_12_660,VDD,Metal1,377.8200,66.2075,5.000000
FILLER_12_652,VDD,Metal1,374.5865,66.0630,5.000000
FILLER_12_620,VDD,Metal1,363.5555,65.8710,5.000000
FILLER_12_593,VDD,Metal1,339.3600,66.6400,5.000000
FILLER_12_585,VDD,Metal1,337.0665,66.0630,5.000000
FILLER_12_569,VDD,Metal1,328.1065,66.0630,5.000000
FILLER_12_546,VDD,Metal1,313.9800,66.2075,5.000000
FILLER_12_541,VDD,Metal1,309.9600,66.6400,5.000000
FILLER_12_535,VDD,Metal1,306.8800,66.6400,5.000000
FILLER_12_527,VDD,Metal1,304.5865,66.0630,5.000000
FILLER_12_521,VDD,Metal1,299.9800,66.2075,5.000000
FILLER_12_457,VDD,Metal1,281.2750,65.8255,5.000000
FILLER_12_454,VDD,Metal1,261.2400,66.6400,5.000000
FILLER_12_452,VDD,Metal1,260.4000,66.6400,5.000000
FILLER_12_420,VDD,Metal1,251.5555,65.8710,5.000000
FILLER_12_411,VDD,Metal1,237.1600,66.6400,5.000000
FILLER_12_407,VDD,Metal1,236.1400,66.2075,5.000000
FILLER_12_391,VDD,Metal1,230.7680,65.9480,5.000000
FILLER_12_384,VDD,Metal1,222.0400,66.6400,5.000000
FILLER_12_382,VDD,Metal1,221.2000,66.6400,5.000000
FILLER_12_370,VDD,Metal1,214.2000,66.6400,5.000000
FILLER_12_368,VDD,Metal1,213.3600,66.6400,5.000000
FILLER_12_333,VDD,Metal1,193.4800,66.6400,5.000000
FILLER_12_317,VDD,Metal1,189.3280,65.9480,5.000000
FILLER_12_313,VDD,Metal1,182.5600,66.6400,5.000000
FILLER_12_305,VDD,Metal1,180.2665,66.0630,5.000000
FILLER_12_281,VDD,Metal1,164.3600,66.6400,5.000000
FILLER_12_279,VDD,Metal1,163.5200,66.6400,5.000000
FILLER_12_247,VDD,Metal1,154.6755,65.8710,5.000000
FILLER_12_241,VDD,Metal1,143.1800,66.2075,5.000000
FILLER_12_233,VDD,Metal1,139.9465,66.0630,5.000000
FILLER_12_217,VDD,Metal1,133.3280,65.9480,5.000000
FILLER_12_181,VDD,Metal1,108.6400,66.6400,4.999999
FILLER_12_177,VDD,Metal1,107.3400,66.2075,4.999999
FILLER_12_173,VDD,Metal1,104.1600,66.6400,4.999999
FILLER_12_169,VDD,Metal1,102.8600,66.2075,4.999999
FILLER_12_161,VDD,Metal1,99.6265,66.0630,4.999999
FILLER_12_145,VDD,Metal1,93.0080,65.9480,4.999999
FILLER_12_113,VDD,Metal1,79.6355,65.8710,4.999999
FILLER_12_101,VDD,Metal1,64.7800,66.2075,4.999999
FILLER_12_37,VDD,Metal1,46.0750,65.8255,4.999999
FILLER_12_34,VDD,Metal1,26.0400,66.6400,4.999999
FILLER_12_2,VDD,Metal1,17.4755,65.8710,4.999999
FILLER_11_776,VDD,Metal1,441.5600,58.8000,4.999999
FILLER_11_772,VDD,Metal1,440.5400,59.2325,4.999999
FILLER_11_766,VDD,Metal1,437.1800,59.2325,4.999999
FILLER_11_702,VDD,Metal1,418.4750,59.6140,4.999999
FILLER_11_696,VDD,Metal1,397.9800,59.2325,4.999999
FILLER_11_688,VDD,Metal1,394.7465,59.3765,4.999999
FILLER_11_672,VDD,Metal1,388.1280,59.4920,4.999999
FILLER_11_636,VDD,Metal1,363.4400,58.8000,4.999999
FILLER_11_632,VDD,Metal1,362.1400,59.2325,4.999999
FILLER_11_629,VDD,Metal1,359.2400,58.8000,4.999999
FILLER_11_627,VDD,Metal1,358.4000,58.8000,4.999999
FILLER_11_619,VDD,Metal1,356.1065,59.3765,4.999999
FILLER_11_603,VDD,Metal1,349.4880,59.4920,4.999999
FILLER_11_571,VDD,Metal1,336.1155,59.5685,4.999999
FILLER_11_559,VDD,Metal1,320.0400,58.8000,4.999999
FILLER_11_543,VDD,Metal1,315.8880,59.4920,4.999999
FILLER_11_537,VDD,Metal1,307.7200,58.8000,4.999999
FILLER_11_533,VDD,Metal1,306.7000,59.2325,4.999999
FILLER_11_498,VDD,Metal1,285.8800,58.8000,4.999999
FILLER_11_496,VDD,Metal1,285.0400,58.8000,4.999999
FILLER_11_492,VDD,Metal1,283.7400,59.2325,4.999999
FILLER_11_455,VDD,Metal1,261.8000,58.8000,4.999999
FILLER_11_430,VDD,Metal1,248.0800,58.8000,4.999999
FILLER_11_422,VDD,Metal1,245.7865,59.3765,4.999999
FILLER_11_419,VDD,Metal1,241.6400,58.8000,4.999999
FILLER_11_415,VDD,Metal1,240.6200,59.2325,4.999999
FILLER_11_407,VDD,Metal1,237.3865,59.3765,4.999999
FILLER_11_392,VDD,Metal1,226.5200,58.8000,4.999999
FILLER_11_352,VDD,Metal1,213.4755,59.5685,4.999999
FILLER_11_349,VDD,Metal1,202.4400,58.8000,4.999999
FILLER_11_347,VDD,Metal1,201.6000,58.8000,4.999999
FILLER_11_342,VDD,Metal1,198.5200,58.8000,4.999999
FILLER_11_338,VDD,Metal1,197.5000,59.2325,4.999999
FILLER_11_330,VDD,Metal1,194.2665,59.3765,4.999999
FILLER_11_314,VDD,Metal1,187.6480,59.4920,4.999999
FILLER_11_282,VDD,Metal1,174.2755,59.5685,4.999999
FILLER_11_278,VDD,Metal1,162.9600,58.8000,4.999999
FILLER_11_270,VDD,Metal1,160.6665,59.3765,4.999999
FILLER_11_254,VDD,Metal1,154.0480,59.4920,4.999999
FILLER_11_244,VDD,Metal1,143.9200,58.8000,4.999998
FILLER_11_212,VDD,Metal1,130.5280,59.4920,4.999998
FILLER_11_206,VDD,Metal1,123.5800,59.2325,4.999998
FILLER_11_142,VDD,Metal1,104.8750,59.6140,4.999998
FILLER_11_138,VDD,Metal1,84.5600,58.8000,4.999998
FILLER_11_122,VDD,Metal1,80.1280,59.4920,4.999998
FILLER_11_113,VDD,Metal1,70.2800,58.8000,4.999998
FILLER_11_111,VDD,Metal1,69.4400,58.8000,4.999998
FILLER_11_103,VDD,Metal1,67.1465,59.3765,4.999998
FILLER_11_96,VDD,Metal1,61.0400,58.8000,4.999997
FILLER_11_88,VDD,Metal1,58.7465,59.3765,4.999997
FILLER_11_72,VDD,Metal1,52.1280,59.4920,4.999997
FILLER_11_66,VDD,Metal1,45.1800,59.2325,4.999997
FILLER_11_2,VDD,Metal1,26.4750,59.6140,4.999997
FILLER_10_769,VDD,Metal1,440.1065,58.2230,4.999999
FILLER_10_737,VDD,Metal1,429.0755,58.0310,4.999999
FILLER_10_731,VDD,Metal1,417.5800,58.3675,4.999999
FILLER_10_723,VDD,Metal1,414.3465,58.2230,4.999999
FILLER_10_715,VDD,Metal1,408.6200,58.3675,4.999999
FILLER_10_699,VDD,Metal1,403.2480,58.1080,4.999999
FILLER_10_667,VDD,Metal1,389.8755,58.0310,4.999999
FILLER_10_664,VDD,Metal1,378.8400,58.8000,4.999999
FILLER_10_662,VDD,Metal1,378.0000,58.8000,4.999999
FILLER_10_658,VDD,Metal1,376.7000,58.3675,4.999999
FILLER_10_642,VDD,Metal1,371.3280,58.1080,4.999999
FILLER_10_610,VDD,Metal1,357.9555,58.0310,4.999999
FILLER_10_597,VDD,Metal1,343.7865,58.2230,4.999999
FILLER_10_591,VDD,Metal1,339.1800,58.3675,4.999999
FILLER_10_527,VDD,Metal1,320.4750,57.9855,4.999999
FILLER_10_521,VDD,Metal1,299.9800,58.3675,4.999999
FILLER_10_457,VDD,Metal1,281.2750,57.9855,4.999999
FILLER_10_451,VDD,Metal1,260.7800,58.3675,4.999999
FILLER_10_387,VDD,Metal1,242.0750,57.9855,4.999999
FILLER_10_381,VDD,Metal1,221.5800,58.3675,4.999999
FILLER_10_317,VDD,Metal1,202.8750,57.9855,4.999999
FILLER_10_314,VDD,Metal1,182.8400,58.8000,4.999999
FILLER_10_312,VDD,Metal1,182.0000,58.8000,4.999999
FILLER_10_308,VDD,Metal1,180.7000,58.3675,4.999999
FILLER_10_300,VDD,Metal1,177.4665,58.2230,4.999999
FILLER_10_284,VDD,Metal1,170.8480,58.1080,4.999999
FILLER_10_277,VDD,Metal1,162.4000,58.8000,4.999999
FILLER_10_269,VDD,Metal1,160.1065,58.2230,4.999999
FILLER_10_253,VDD,Metal1,153.4880,58.1080,4.999999
FILLER_10_244,VDD,Metal1,143.6400,58.8000,4.999998
FILLER_10_242,VDD,Metal1,142.8000,58.8000,4.999998
FILLER_10_237,VDD,Metal1,139.7200,58.8000,4.999998
FILLER_10_233,VDD,Metal1,138.7000,58.3675,4.999998
FILLER_10_225,VDD,Metal1,135.4665,58.2230,4.999998
FILLER_10_209,VDD,Metal1,128.8480,58.1080,4.999998
FILLER_10_177,VDD,Metal1,115.4755,58.0310,4.999998
FILLER_10_171,VDD,Metal1,103.9800,58.3675,4.999998
FILLER_10_163,VDD,Metal1,100.7465,58.2230,4.999998
FILLER_10_147,VDD,Metal1,94.1280,58.1080,4.999998
FILLER_10_115,VDD,Metal1,80.7555,58.0310,4.999998
FILLER_10_104,VDD,Metal1,65.2400,58.8000,4.999997
FILLER_10_91,VDD,Metal1,57.9600,58.8000,4.999997
FILLER_10_83,VDD,Metal1,55.9465,58.2230,4.999997
FILLER_10_45,VDD,Metal1,33.4200,58.3675,4.999997
FILLER_10_37,VDD,Metal1,30.1865,58.2230,4.999997
FILLER_10_34,VDD,Metal1,26.0400,58.8000,4.999997
FILLER_10_2,VDD,Metal1,17.4755,58.0310,4.999997
FILLER_9_776,VDD,Metal1,441.5600,50.9600,4.999997
FILLER_9_772,VDD,Metal1,440.5400,51.3925,4.999997
FILLER_9_766,VDD,Metal1,437.1800,51.3925,4.999997
FILLER_9_758,VDD,Metal1,433.9465,51.5365,4.999997
FILLER_9_742,VDD,Metal1,427.3280,51.6520,4.999997
FILLER_9_733,VDD,Metal1,417.4800,50.9600,4.999997
FILLER_9_731,VDD,Metal1,416.6400,50.9600,4.999997
FILLER_9_718,VDD,Metal1,410.3000,51.3925,4.999997
FILLER_9_702,VDD,Metal1,404.9280,51.6520,4.999997
FILLER_9_696,VDD,Metal1,397.9800,51.3925,4.999997
FILLER_9_632,VDD,Metal1,379.2750,51.7740,4.999997
FILLER_9_626,VDD,Metal1,358.7800,51.3925,4.999997
FILLER_9_562,VDD,Metal1,340.0750,51.7740,4.999997
FILLER_9_556,VDD,Metal1,319.5800,51.3925,4.999997
FILLER_9_492,VDD,Metal1,300.8750,51.7740,4.999997
FILLER_9_489,VDD,Metal1,280.8400,50.9600,4.999997
FILLER_9_487,VDD,Metal1,280.0000,50.9600,4.999997
FILLER_9_483,VDD,Metal1,278.7000,51.3925,4.999997
FILLER_9_475,VDD,Metal1,275.4665,51.5365,4.999997
FILLER_9_443,VDD,Metal1,264.4355,51.7285,4.999997
FILLER_9_422,VDD,Metal1,248.1280,51.6520,4.999997
FILLER_9_416,VDD,Metal1,241.1800,51.3925,4.999997
FILLER_9_352,VDD,Metal1,222.4750,51.7740,4.999997
FILLER_9_342,VDD,Metal1,200.9865,51.5365,4.999997
FILLER_9_326,VDD,Metal1,194.3680,51.6520,4.999997
FILLER_9_294,VDD,Metal1,180.9955,51.7285,4.999997
FILLER_9_282,VDD,Metal1,166.1400,51.3925,4.999997
FILLER_9_278,VDD,Metal1,162.9600,50.9600,4.999997
FILLER_9_246,VDD,Metal1,154.1155,51.7285,4.999997
FILLER_9_236,VDD,Metal1,139.1600,50.9600,4.999997
FILLER_9_228,VDD,Metal1,137.1465,51.5365,4.999997
FILLER_9_212,VDD,Metal1,130.5280,51.6520,4.999997
FILLER_9_209,VDD,Metal1,124.0400,50.9600,4.999997
FILLER_9_207,VDD,Metal1,123.2000,50.9600,4.999997
FILLER_9_203,VDD,Metal1,121.9000,51.3925,4.999997
FILLER_9_195,VDD,Metal1,118.6665,51.5365,4.999997
FILLER_9_179,VDD,Metal1,112.0480,51.6520,4.999997
FILLER_9_144,VDD,Metal1,87.6400,50.9600,4.999996
FILLER_9_142,VDD,Metal1,86.8000,50.9600,4.999996
FILLER_9_138,VDD,Metal1,84.5600,50.9600,4.999996
FILLER_9_123,VDD,Metal1,76.1600,50.9600,4.999996
FILLER_9_119,VDD,Metal1,74.8600,51.3925,4.999996
FILLER_9_110,VDD,Metal1,68.6000,50.9600,4.999996
FILLER_9_106,VDD,Metal1,67.5800,51.3925,4.999996
FILLER_9_90,VDD,Metal1,57.4000,50.9600,4.999996
FILLER_9_88,VDD,Metal1,56.5600,50.9600,4.999996
FILLER_9_72,VDD,Metal1,52.1280,51.6520,4.999996
FILLER_9_68,VDD,Metal1,45.3600,50.9600,4.999996
FILLER_9_60,VDD,Metal1,43.0665,51.5365,4.999996
FILLER_9_45,VDD,Metal1,32.4800,50.9600,4.999996
FILLER_9_41,VDD,Metal1,31.1800,51.3925,4.999996
FILLER_9_6,VDD,Metal1,10.3600,50.9600,4.999996
FILLER_9_2,VDD,Metal1,9.3400,51.3925,4.999996
FILLER_8_741,VDD,Metal1,422.2400,50.9600,4.999997
FILLER_8_737,VDD,Metal1,420.9400,50.5275,4.999997
FILLER_8_731,VDD,Metal1,417.5800,50.5275,4.999997
FILLER_8_667,VDD,Metal1,398.8750,50.1455,4.999997
FILLER_8_663,VDD,Metal1,378.5600,50.9600,4.999997
FILLER_8_655,VDD,Metal1,376.2665,50.3830,4.999997
FILLER_8_639,VDD,Metal1,369.6480,50.2680,4.999997
FILLER_8_607,VDD,Metal1,356.2755,50.1910,4.999997
FILLER_8_597,VDD,Metal1,341.3200,50.9600,4.999997
FILLER_8_591,VDD,Metal1,339.1800,50.5275,4.999997
FILLER_8_527,VDD,Metal1,320.4750,50.1455,4.999997
FILLER_8_521,VDD,Metal1,299.9800,50.5275,4.999997
FILLER_8_457,VDD,Metal1,281.2750,50.1455,4.999997
FILLER_8_451,VDD,Metal1,260.7800,50.5275,4.999997
FILLER_8_387,VDD,Metal1,242.0750,50.1455,4.999997
FILLER_8_381,VDD,Metal1,221.5800,50.5275,4.999997
FILLER_8_317,VDD,Metal1,202.8750,50.1455,4.999997
FILLER_8_313,VDD,Metal1,182.5600,50.9600,4.999997
FILLER_8_309,VDD,Metal1,181.2600,50.5275,4.999997
FILLER_8_301,VDD,Metal1,178.0265,50.3830,4.999997
FILLER_8_288,VDD,Metal1,168.2800,50.9600,4.999997
FILLER_8_284,VDD,Metal1,167.2600,50.5275,4.999997
FILLER_8_277,VDD,Metal1,162.1200,50.9600,4.999997
FILLER_8_275,VDD,Metal1,161.2800,50.9600,4.999997
FILLER_8_271,VDD,Metal1,159.9800,50.5275,4.999997
FILLER_8_263,VDD,Metal1,156.7465,50.3830,4.999997
FILLER_8_247,VDD,Metal1,150.1280,50.2680,4.999997
FILLER_8_241,VDD,Metal1,143.1800,50.5275,4.999997
FILLER_8_177,VDD,Metal1,124.4750,50.1455,4.999997
FILLER_8_171,VDD,Metal1,103.9800,50.5275,4.999996
FILLER_8_107,VDD,Metal1,85.2750,50.1455,4.999996
FILLER_8_101,VDD,Metal1,64.7800,50.5275,4.999996
FILLER_8_37,VDD,Metal1,46.0750,50.1455,4.999996
FILLER_8_34,VDD,Metal1,26.0400,50.9600,4.999996
FILLER_8_26,VDD,Metal1,24.0265,50.3830,4.999996
FILLER_8_10,VDD,Metal1,13.8200,50.5275,4.999996
FILLER_8_2,VDD,Metal1,10.5865,50.3830,4.999996
FILLER_7_776,VDD,Metal1,441.5600,43.1200,5.000000
FILLER_7_772,VDD,Metal1,440.5400,43.5525,5.000000
FILLER_7_768,VDD,Metal1,437.3600,43.1200,5.000000
FILLER_7_764,VDD,Metal1,436.0600,43.5525,5.000000
FILLER_7_758,VDD,Metal1,431.7600,43.1200,5.000000
FILLER_7_754,VDD,Metal1,430.4600,43.5525,5.000000
FILLER_7_738,VDD,Metal1,425.0880,43.8120,5.000000
FILLER_7_726,VDD,Metal1,413.8400,43.1200,5.000000
FILLER_7_718,VDD,Metal1,411.5465,43.6965,5.000000
FILLER_7_702,VDD,Metal1,404.9280,43.8120,5.000000
FILLER_7_696,VDD,Metal1,397.9800,43.5525,5.000000
FILLER_7_632,VDD,Metal1,379.2750,43.9340,5.000000
FILLER_7_629,VDD,Metal1,359.2400,43.1200,5.000000
FILLER_7_621,VDD,Metal1,357.2265,43.6965,5.000000
FILLER_7_605,VDD,Metal1,350.6080,43.8120,5.000000
FILLER_7_596,VDD,Metal1,341.9800,43.5525,5.000000
FILLER_7_588,VDD,Metal1,338.7465,43.6965,5.000000
FILLER_7_572,VDD,Metal1,332.1280,43.8120,5.000000
FILLER_7_552,VDD,Metal1,316.4000,43.1200,5.000000
FILLER_7_548,VDD,Metal1,315.1000,43.5525,5.000000
FILLER_7_540,VDD,Metal1,311.8665,43.6965,5.000000
FILLER_7_524,VDD,Metal1,305.2480,43.8120,5.000000
FILLER_7_492,VDD,Metal1,291.8755,43.8885,5.000000
FILLER_7_489,VDD,Metal1,280.8400,43.1200,5.000000
FILLER_7_487,VDD,Metal1,280.0000,43.1200,5.000000
FILLER_7_471,VDD,Metal1,275.5680,43.8120,5.000000
FILLER_7_439,VDD,Metal1,262.1955,43.8885,5.000000
FILLER_7_422,VDD,Metal1,245.7865,43.6965,5.000000
FILLER_7_419,VDD,Metal1,241.6400,43.1200,5.000000
FILLER_7_417,VDD,Metal1,240.8000,43.1200,5.000000
FILLER_7_401,VDD,Metal1,236.3680,43.8120,5.000000
FILLER_7_384,VDD,Metal1,222.0400,43.1200,5.000000
FILLER_7_352,VDD,Metal1,213.4755,43.8885,5.000000
FILLER_7_349,VDD,Metal1,202.4400,43.1200,5.000000
FILLER_7_347,VDD,Metal1,201.6000,43.1200,5.000000
FILLER_7_312,VDD,Metal1,181.7200,43.1200,5.000000
FILLER_7_310,VDD,Metal1,180.8800,43.1200,5.000000
FILLER_7_306,VDD,Metal1,179.5800,43.5525,5.000000
FILLER_7_298,VDD,Metal1,176.3465,43.6965,5.000000
FILLER_7_282,VDD,Metal1,169.7280,43.8120,5.000000
FILLER_7_272,VDD,Metal1,161.7865,43.6965,5.000000
FILLER_7_256,VDD,Metal1,155.1680,43.8120,5.000000
FILLER_7_244,VDD,Metal1,144.8600,43.5525,5.000000
FILLER_7_212,VDD,Metal1,135.0755,43.8885,5.000000
FILLER_7_206,VDD,Metal1,123.5800,43.5525,5.000000
FILLER_7_142,VDD,Metal1,104.8750,43.9340,5.000000
FILLER_7_136,VDD,Metal1,84.3800,43.5525,5.000000
FILLER_7_72,VDD,Metal1,65.6750,43.9340,5.000000
FILLER_7_66,VDD,Metal1,45.1800,43.5525,5.000000
FILLER_7_2,VDD,Metal1,26.4750,43.9340,5.000000
FILLER_6_769,VDD,Metal1,440.1065,42.5430,5.000000
FILLER_6_737,VDD,Metal1,429.0755,42.3510,5.000000
FILLER_6_734,VDD,Metal1,418.0400,43.1200,5.000000
FILLER_6_732,VDD,Metal1,417.2000,43.1200,5.000000
FILLER_6_728,VDD,Metal1,415.9000,42.6875,5.000000
FILLER_6_712,VDD,Metal1,410.5280,42.4280,5.000000
FILLER_6_677,VDD,Metal1,386.1200,43.1200,5.000000
FILLER_6_675,VDD,Metal1,385.2800,43.1200,5.000000
FILLER_6_667,VDD,Metal1,382.9865,42.5430,5.000000
FILLER_6_664,VDD,Metal1,378.8400,43.1200,5.000000
FILLER_6_662,VDD,Metal1,378.0000,43.1200,5.000000
FILLER_6_646,VDD,Metal1,373.5680,42.4280,5.000000
FILLER_6_619,VDD,Metal1,354.8600,42.6875,5.000000
FILLER_6_611,VDD,Metal1,351.6265,42.5430,5.000000
FILLER_6_605,VDD,Metal1,345.8000,43.1200,5.000000
FILLER_6_597,VDD,Metal1,343.7865,42.5430,5.000000
FILLER_6_593,VDD,Metal1,339.3600,43.1200,5.000000
FILLER_6_589,VDD,Metal1,338.0600,42.6875,5.000000
FILLER_6_564,VDD,Metal1,323.1200,43.1200,5.000000
FILLER_6_555,VDD,Metal1,317.8000,43.1200,5.000000
FILLER_6_551,VDD,Metal1,316.7800,42.6875,5.000000
FILLER_6_543,VDD,Metal1,313.5465,42.5430,5.000000
FILLER_6_527,VDD,Metal1,306.9280,42.4280,5.000000
FILLER_6_524,VDD,Metal1,300.4400,43.1200,5.000000
FILLER_6_522,VDD,Metal1,299.6000,43.1200,5.000000
FILLER_6_506,VDD,Metal1,295.1680,42.4280,5.000000
FILLER_6_471,VDD,Metal1,270.7600,43.1200,5.000000
FILLER_6_469,VDD,Metal1,269.9200,43.1200,5.000000
FILLER_6_465,VDD,Metal1,268.6200,42.6875,5.000000
FILLER_6_457,VDD,Metal1,265.3865,42.5430,5.000000
FILLER_6_451,VDD,Metal1,260.7800,42.6875,5.000000
FILLER_6_435,VDD,Metal1,255.4080,42.4280,5.000000
FILLER_6_429,VDD,Metal1,247.2400,43.1200,5.000000
FILLER_6_427,VDD,Metal1,246.4000,43.1200,5.000000
FILLER_6_423,VDD,Metal1,245.1000,42.6875,5.000000
FILLER_6_399,VDD,Metal1,230.4400,43.1200,5.000000
FILLER_6_397,VDD,Metal1,229.6000,43.1200,5.000000
FILLER_6_392,VDD,Metal1,226.5200,43.1200,5.000000
FILLER_6_387,VDD,Metal1,223.7200,43.1200,5.000000
FILLER_6_384,VDD,Metal1,222.0400,43.1200,5.000000
FILLER_6_380,VDD,Metal1,221.0200,42.6875,5.000000
FILLER_6_345,VDD,Metal1,200.2000,43.1200,5.000000
FILLER_6_341,VDD,Metal1,199.1800,42.6875,5.000000
FILLER_6_333,VDD,Metal1,195.9465,42.5430,5.000000
FILLER_6_317,VDD,Metal1,189.3280,42.4280,5.000000
FILLER_6_314,VDD,Metal1,182.8400,43.1200,5.000000
FILLER_6_306,VDD,Metal1,180.8265,42.5430,5.000000
FILLER_6_290,VDD,Metal1,174.2080,42.4280,5.000000
FILLER_6_279,VDD,Metal1,163.2400,43.1200,5.000000
FILLER_6_271,VDD,Metal1,161.2265,42.5430,5.000000
FILLER_6_255,VDD,Metal1,154.6080,42.4280,5.000000
FILLER_6_247,VDD,Metal1,145.6000,43.1200,5.000000
FILLER_6_244,VDD,Metal1,143.6400,43.1200,5.000000
FILLER_6_240,VDD,Metal1,142.6200,42.6875,5.000000
FILLER_6_224,VDD,Metal1,137.2480,42.4280,5.000000
FILLER_6_177,VDD,Metal1,106.1200,43.1200,5.000000
FILLER_6_171,VDD,Metal1,103.9800,42.6875,5.000000
FILLER_6_107,VDD,Metal1,85.2750,42.3055,5.000000
FILLER_6_101,VDD,Metal1,64.7800,42.6875,5.000000
FILLER_6_37,VDD,Metal1,46.0750,42.3055,5.000000
FILLER_6_34,VDD,Metal1,26.0400,43.1200,5.000000
FILLER_6_2,VDD,Metal1,17.4755,42.3510,5.000000
FILLER_5_776,VDD,Metal1,441.5600,35.2800,4.999980
FILLER_5_772,VDD,Metal1,440.5400,35.7125,4.999980
FILLER_5_766,VDD,Metal1,437.1800,35.7125,4.999980
FILLER_5_702,VDD,Metal1,418.4750,36.0940,4.999980
FILLER_5_699,VDD,Metal1,398.4400,35.2800,4.999980
FILLER_5_695,VDD,Metal1,397.4200,35.7125,4.999980
FILLER_5_687,VDD,Metal1,394.1865,35.8565,4.999980
FILLER_5_651,VDD,Metal1,371.8400,35.2800,4.999980
FILLER_5_647,VDD,Metal1,370.5400,35.7125,4.999980
FILLER_5_639,VDD,Metal1,367.3065,35.8565,4.999980
FILLER_5_632,VDD,Metal1,361.2000,35.2800,4.999980
FILLER_5_629,VDD,Metal1,359.2400,35.2800,4.999980
FILLER_5_618,VDD,Metal1,353.0800,35.2800,4.999980
FILLER_5_610,VDD,Metal1,351.0665,35.8565,4.999980
FILLER_5_594,VDD,Metal1,344.4480,35.9720,4.999980
FILLER_5_562,VDD,Metal1,331.0755,36.0485,4.999980
FILLER_5_556,VDD,Metal1,319.5800,35.7125,4.999980
FILLER_5_548,VDD,Metal1,316.3465,35.8565,4.999980
FILLER_5_512,VDD,Metal1,294.0000,35.2800,4.999979
FILLER_5_508,VDD,Metal1,292.7000,35.7125,4.999979
FILLER_5_492,VDD,Metal1,287.3280,35.9720,4.999979
FILLER_5_486,VDD,Metal1,280.3800,35.7125,4.999979
FILLER_5_422,VDD,Metal1,261.6750,36.0940,4.999979
FILLER_5_416,VDD,Metal1,241.1800,35.7125,4.999979
FILLER_5_352,VDD,Metal1,222.4750,36.0940,4.999979
FILLER_5_346,VDD,Metal1,201.9800,35.7125,4.999979
FILLER_5_282,VDD,Metal1,183.2750,36.0940,4.999979
FILLER_5_276,VDD,Metal1,162.7800,35.7125,4.999977
FILLER_5_212,VDD,Metal1,144.0750,36.0940,4.999977
FILLER_5_206,VDD,Metal1,123.5800,35.7125,4.999977
FILLER_5_142,VDD,Metal1,104.8750,36.0940,4.999977
FILLER_5_136,VDD,Metal1,84.3800,35.7125,4.999976
FILLER_5_72,VDD,Metal1,65.6750,36.0940,4.999976
FILLER_5_66,VDD,Metal1,45.1800,35.7125,4.999976
FILLER_5_2,VDD,Metal1,26.4750,36.0940,4.999976
FILLER_4_741,VDD,Metal1,422.2400,35.2800,4.999980
FILLER_4_737,VDD,Metal1,420.9400,34.8475,4.999980
FILLER_4_731,VDD,Metal1,417.5800,34.8475,4.999980
FILLER_4_667,VDD,Metal1,398.8750,34.4655,4.999980
FILLER_4_661,VDD,Metal1,378.3800,34.8475,4.999980
FILLER_4_597,VDD,Metal1,359.6750,34.4655,4.999980
FILLER_4_591,VDD,Metal1,339.1800,34.8475,4.999980
FILLER_4_527,VDD,Metal1,320.4750,34.4655,4.999980
FILLER_4_521,VDD,Metal1,299.9800,34.8475,4.999980
FILLER_4_457,VDD,Metal1,281.2750,34.4655,4.999979
FILLER_4_451,VDD,Metal1,260.7800,34.8475,4.999979
FILLER_4_387,VDD,Metal1,242.0750,34.4655,4.999979
FILLER_4_381,VDD,Metal1,221.5800,34.8475,4.999979
FILLER_4_317,VDD,Metal1,202.8750,34.4655,4.999979
FILLER_4_311,VDD,Metal1,182.3800,34.8475,4.999979
FILLER_4_295,VDD,Metal1,177.0080,34.5880,4.999979
FILLER_4_289,VDD,Metal1,168.8400,35.2800,4.999979
FILLER_4_287,VDD,Metal1,168.0000,35.2800,4.999979
FILLER_4_279,VDD,Metal1,165.7065,34.7030,4.999979
FILLER_4_247,VDD,Metal1,154.6755,34.5110,4.999977
FILLER_4_241,VDD,Metal1,143.1800,34.8475,4.999977
FILLER_4_177,VDD,Metal1,124.4750,34.4655,4.999977
FILLER_4_173,VDD,Metal1,104.1600,35.2800,4.999977
FILLER_4_169,VDD,Metal1,102.8600,34.8475,4.999977
FILLER_4_161,VDD,Metal1,99.6265,34.7030,4.999977
FILLER_4_145,VDD,Metal1,93.0080,34.5880,4.999977
FILLER_4_113,VDD,Metal1,79.6355,34.5110,4.999976
FILLER_4_103,VDD,Metal1,64.9600,35.2800,4.999976
FILLER_4_99,VDD,Metal1,63.6600,34.8475,4.999976
FILLER_4_83,VDD,Metal1,58.2880,34.5880,4.999976
FILLER_4_51,VDD,Metal1,44.9155,34.5110,4.999976
FILLER_4_39,VDD,Metal1,28.8400,35.2800,4.999976
FILLER_4_37,VDD,Metal1,28.0000,35.2800,4.999976
FILLER_4_34,VDD,Metal1,26.0400,35.2800,4.999976
FILLER_4_18,VDD,Metal1,21.8880,34.5880,4.999976
FILLER_3_776,VDD,Metal1,441.5600,27.4400,4.998490
FILLER_3_772,VDD,Metal1,440.5400,27.8725,4.998490
FILLER_3_768,VDD,Metal1,437.3600,27.4400,4.998490
FILLER_3_764,VDD,Metal1,436.0600,27.8725,4.998490
FILLER_3_758,VDD,Metal1,431.7600,27.4400,4.998490
FILLER_3_742,VDD,Metal1,427.3280,28.1320,4.998490
FILLER_3_726,VDD,Metal1,413.8400,27.4400,4.998667
FILLER_3_718,VDD,Metal1,411.5465,28.0165,4.998667
FILLER_3_702,VDD,Metal1,404.9280,28.1320,4.998668
FILLER_3_696,VDD,Metal1,397.9800,27.8725,4.998943
FILLER_3_632,VDD,Metal1,379.2750,28.2540,4.998943
FILLER_3_624,VDD,Metal1,356.7200,27.4400,4.998944
FILLER_3_620,VDD,Metal1,355.4200,27.8725,4.998944
FILLER_3_612,VDD,Metal1,352.1865,28.0165,4.998952
FILLER_3_596,VDD,Metal1,345.5680,28.1320,4.998959
FILLER_3_590,VDD,Metal1,337.6800,27.4400,4.998999
FILLER_3_586,VDD,Metal1,336.3800,27.8725,4.998999
FILLER_3_578,VDD,Metal1,333.1465,28.0165,4.999002
FILLER_3_562,VDD,Metal1,326.5280,28.1320,4.999030
FILLER_3_524,VDD,Metal1,300.7200,27.4400,4.999032
FILLER_3_492,VDD,Metal1,291.8755,28.2085,4.999033
FILLER_3_455,VDD,Metal1,261.8000,27.4400,4.999045
FILLER_3_447,VDD,Metal1,259.7865,28.0165,4.999045
FILLER_3_441,VDD,Metal1,253.9600,27.4400,4.999047
FILLER_3_422,VDD,Metal1,244.5400,27.8725,4.999047
FILLER_3_416,VDD,Metal1,241.1800,27.8725,4.999047
FILLER_3_352,VDD,Metal1,222.4750,28.2540,4.999048
FILLER_3_348,VDD,Metal1,202.1600,27.4400,4.999048
FILLER_3_332,VDD,Metal1,197.7280,28.1320,4.999048
FILLER_3_300,VDD,Metal1,184.3555,28.2085,4.999086
FILLER_3_279,VDD,Metal1,163.2400,27.4400,4.999053
FILLER_3_271,VDD,Metal1,161.2265,28.0165,4.999053
FILLER_3_255,VDD,Metal1,154.6080,28.1320,4.999053
FILLER_3_216,VDD,Metal1,127.9600,27.4400,4.999053
FILLER_3_212,VDD,Metal1,126.9400,27.8725,4.999053
FILLER_3_202,VDD,Metal1,122.5865,28.0165,4.999053
FILLER_3_186,VDD,Metal1,115.9680,28.1320,4.999055
FILLER_3_173,VDD,Metal1,106.3465,28.0165,4.999057
FILLER_3_162,VDD,Metal1,97.7200,27.4400,4.999348
FILLER_3_158,VDD,Metal1,96.7000,27.8725,4.999348
FILLER_3_152,VDD,Metal1,92.1200,27.4400,4.999348
FILLER_3_150,VDD,Metal1,91.2800,27.4400,4.999348
FILLER_3_142,VDD,Metal1,88.9865,28.0165,4.999348
FILLER_3_138,VDD,Metal1,84.5600,27.4400,4.999348
FILLER_3_130,VDD,Metal1,82.2665,28.0165,4.999352
FILLER_3_98,VDD,Metal1,61.8800,27.4400,4.999502
FILLER_3_96,VDD,Metal1,61.0400,27.4400,4.999502
FILLER_3_88,VDD,Metal1,58.7465,28.0165,4.999502
FILLER_3_72,VDD,Metal1,52.1280,28.1320,4.999512
FILLER_3_66,VDD,Metal1,45.1800,27.8725,4.999514
FILLER_3_51,VDD,Metal1,35.8400,27.4400,4.999517
FILLER_3_36,VDD,Metal1,29.6265,28.0165,4.999566
FILLER_2_737,VDD,Metal1,420.0000,27.4400,4.998645
FILLER_2_734,VDD,Metal1,418.0400,27.4400,4.998666
FILLER_2_702,VDD,Metal1,409.4755,26.6710,4.998667
FILLER_2_667,VDD,Metal1,380.5200,27.4400,4.998943
FILLER_2_664,VDD,Metal1,378.8400,27.4400,4.998943
FILLER_2_617,VDD,Metal1,352.5200,27.4400,4.998956
FILLER_2_613,VDD,Metal1,351.5000,27.0075,4.998956
FILLER_2_597,VDD,Metal1,346.1280,26.7480,4.998958
FILLER_2_579,VDD,Metal1,336.0480,26.7480,4.998999
FILLER_2_539,VDD,Metal1,309.1200,27.4400,4.999028
FILLER_2_535,VDD,Metal1,307.8200,27.0075,4.999028
FILLER_2_527,VDD,Metal1,304.5865,26.8630,4.999028
FILLER_2_524,VDD,Metal1,300.4400,27.4400,4.999032
FILLER_2_492,VDD,Metal1,291.8755,26.6710,4.999033
FILLER_2_479,VDD,Metal1,275.2400,27.4400,4.999041
FILLER_2_477,VDD,Metal1,274.4000,27.4400,4.999041
FILLER_2_473,VDD,Metal1,273.1000,27.0075,4.999041
FILLER_2_457,VDD,Metal1,267.7280,26.7480,4.999041
FILLER_2_453,VDD,Metal1,260.9600,27.4400,4.999045
FILLER_2_381,VDD,Metal1,221.5800,27.0075,4.999048
FILLER_2_373,VDD,Metal1,218.3465,26.8630,4.999048
FILLER_2_368,VDD,Metal1,213.0800,27.4400,4.999048
FILLER_2_366,VDD,Metal1,212.2400,27.4400,4.999048
FILLER_2_331,VDD,Metal1,192.3600,27.4400,4.999086
FILLER_2_329,VDD,Metal1,191.5200,27.4400,4.999086
FILLER_2_325,VDD,Metal1,190.2200,27.0075,4.999086
FILLER_2_317,VDD,Metal1,186.9865,26.8630,4.999086
FILLER_2_314,VDD,Metal1,182.8400,27.4400,4.999085
FILLER_2_298,VDD,Metal1,178.6880,26.7480,4.999085
FILLER_2_290,VDD,Metal1,169.6800,27.4400,4.999073
FILLER_2_283,VDD,Metal1,165.7600,27.4400,4.999062
FILLER_2_279,VDD,Metal1,164.4600,27.0075,4.999062
FILLER_2_247,VDD,Metal1,154.6755,26.6710,4.999053
FILLER_2_229,VDD,Metal1,136.4600,27.0075,4.999053
FILLER_2_193,VDD,Metal1,115.3600,27.4400,4.999055
FILLER_2_177,VDD,Metal1,110.9280,26.7480,4.999057
FILLER_2_174,VDD,Metal1,104.4400,27.4400,4.999198
FILLER_2_166,VDD,Metal1,102.4265,26.8630,4.999199
FILLER_2_131,VDD,Metal1,80.3600,27.4400,4.999380
FILLER_2_129,VDD,Metal1,79.5200,27.4400,4.999380
FILLER_2_125,VDD,Metal1,78.2200,27.0075,4.999381
FILLER_2_119,VDD,Metal1,73.6400,27.4400,4.999382
FILLER_2_117,VDD,Metal1,72.8000,27.4400,4.999382
FILLER_2_104,VDD,Metal1,65.2400,27.4400,4.999407
FILLER_2_100,VDD,Metal1,64.2200,27.0075,4.999408
FILLER_2_92,VDD,Metal1,60.9865,26.8630,4.999502
FILLER_2_54,VDD,Metal1,38.4600,27.0075,4.999514
FILLER_2_45,VDD,Metal1,33.4200,27.0075,4.999562
FILLER_2_37,VDD,Metal1,30.1865,26.8630,4.999564
FILLER_2_34,VDD,Metal1,26.0400,27.4400,4.999600
FILLER_2_32,VDD,Metal1,25.2000,27.4400,4.999601
FILLER_2_24,VDD,Metal1,22.9065,26.8630,4.999601
FILLER_2_10,VDD,Metal1,12.8800,27.4400,4.999601
FILLER_2_2,VDD,Metal1,10.5865,26.8630,4.999601
FILLER_1_776,VDD,Metal1,441.5600,19.6000,4.999831
FILLER_1_772,VDD,Metal1,440.5400,20.0325,4.999831
FILLER_1_769,VDD,Metal1,437.6400,19.6000,4.999831
FILLER_1_737,VDD,Metal1,429.0755,20.3685,4.999831
FILLER_1_702,VDD,Metal1,400.1200,19.6000,4.999843
FILLER_1_696,VDD,Metal1,397.9800,20.0325,4.999843
FILLER_1_632,VDD,Metal1,379.2750,20.4140,4.999844
FILLER_1_629,VDD,Metal1,359.2400,19.6000,4.999846
FILLER_1_627,VDD,Metal1,358.4000,19.6000,4.999847
FILLER_1_623,VDD,Metal1,357.1000,20.0325,4.999847
FILLER_1_607,VDD,Metal1,351.7280,20.2920,4.999847
FILLER_1_572,VDD,Metal1,327.3200,19.6000,4.999855
FILLER_1_570,VDD,Metal1,326.4800,19.6000,4.999855
FILLER_1_562,VDD,Metal1,324.1865,20.1765,4.999855
FILLER_1_556,VDD,Metal1,319.5800,20.0325,4.999855
FILLER_1_548,VDD,Metal1,316.3465,20.1765,4.999855
FILLER_1_532,VDD,Metal1,309.7280,20.2920,4.999860
FILLER_1_496,VDD,Metal1,285.0400,19.6000,4.999861
FILLER_1_492,VDD,Metal1,283.7400,20.0325,4.999861
FILLER_1_489,VDD,Metal1,280.8400,19.6000,4.999861
FILLER_1_485,VDD,Metal1,279.8200,20.0325,4.999861
FILLER_1_453,VDD,Metal1,270.0355,20.3685,4.999862
FILLER_1_422,VDD,Metal1,245.7865,20.1765,4.999866
FILLER_1_419,VDD,Metal1,241.6400,19.6000,4.999866
FILLER_1_417,VDD,Metal1,240.8000,19.6000,4.999866
FILLER_1_409,VDD,Metal1,238.5065,20.1765,4.999866
FILLER_1_374,VDD,Metal1,216.4400,19.6000,4.999888
FILLER_1_372,VDD,Metal1,215.6000,19.6000,4.999889
FILLER_1_368,VDD,Metal1,214.3000,20.0325,4.999889
FILLER_1_352,VDD,Metal1,208.9280,20.2920,4.999889
FILLER_1_348,VDD,Metal1,202.1600,19.6000,4.999889
FILLER_1_344,VDD,Metal1,200.8600,20.0325,4.999889
FILLER_1_336,VDD,Metal1,197.6265,20.1765,4.999894
FILLER_1_312,VDD,Metal1,181.7200,19.6000,4.999894
FILLER_1_310,VDD,Metal1,180.8800,19.6000,4.999898
FILLER_1_306,VDD,Metal1,179.5800,20.0325,4.999899
FILLER_1_298,VDD,Metal1,176.3465,20.1765,4.999903
FILLER_1_282,VDD,Metal1,169.7280,20.2920,4.999903
FILLER_1_279,VDD,Metal1,163.2400,19.6000,4.999903
FILLER_1_277,VDD,Metal1,162.4000,19.6000,4.999903
FILLER_1_273,VDD,Metal1,161.1000,20.0325,4.999904
FILLER_1_265,VDD,Metal1,157.8665,20.1765,4.999904
FILLER_1_230,VDD,Metal1,135.8000,19.6000,4.999905
FILLER_1_228,VDD,Metal1,134.9600,19.6000,4.999905
FILLER_1_212,VDD,Metal1,130.5280,20.2920,4.999905
FILLER_1_194,VDD,Metal1,120.4480,20.2920,4.999905
FILLER_1_166,VDD,Metal1,101.1800,20.0325,4.999910
FILLER_1_158,VDD,Metal1,97.9465,20.1765,4.999910
FILLER_1_142,VDD,Metal1,91.3280,20.2920,4.999910
FILLER_1_136,VDD,Metal1,84.3800,20.0325,4.999934
FILLER_1_72,VDD,Metal1,65.6750,20.4140,4.999935
FILLER_1_66,VDD,Metal1,45.1800,20.0325,4.999943
FILLER_1_2,VDD,Metal1,26.4750,20.4140,4.999944
FILLER_0_762,VDD,Metal1,433.7200,19.6000,4.999831
FILLER_0_758,VDD,Metal1,432.7000,19.1675,4.999831
FILLER_0_750,VDD,Metal1,429.4665,19.0230,4.999831
FILLER_0_716,VDD,Metal1,417.3155,18.8310,4.999832
FILLER_0_682,VDD,Metal1,398.2755,18.8310,4.999843
FILLER_0_648,VDD,Metal1,379.2355,18.8310,4.999844
FILLER_0_614,VDD,Metal1,360.1955,18.8310,4.999846
FILLER_0_580,VDD,Metal1,341.1555,18.8310,4.999850
FILLER_0_546,VDD,Metal1,322.1155,18.8310,4.999855
FILLER_0_512,VDD,Metal1,303.0755,18.8310,4.999860
FILLER_0_478,VDD,Metal1,284.0355,18.8310,4.999861
FILLER_0_444,VDD,Metal1,264.9955,18.8310,4.999862
FILLER_0_410,VDD,Metal1,245.9555,18.8310,4.999866
FILLER_0_376,VDD,Metal1,226.9155,18.8310,4.999879
FILLER_0_342,VDD,Metal1,207.8755,18.8310,4.999889
FILLER_0_308,VDD,Metal1,188.8355,18.8310,4.999894
FILLER_0_274,VDD,Metal1,169.7955,18.8310,4.999903
FILLER_0_240,VDD,Metal1,150.7555,18.8310,4.999905
FILLER_0_206,VDD,Metal1,131.7155,18.8310,4.999905
FILLER_0_172,VDD,Metal1,112.6755,18.8310,4.999905
FILLER_0_138,VDD,Metal1,93.6355,18.8310,4.999910
FILLER_0_104,VDD,Metal1,74.5955,18.8310,4.999935
FILLER_0_70,VDD,Metal1,55.5555,18.8310,4.999936
FILLER_0_36,VDD,Metal1,36.5155,18.8310,4.999943
FILLER_0_2,VDD,Metal1,17.4755,18.8310,4.999944
clkload6,VDD,Metal1,133.1565,324.8815,5.000000
clkload5,VDD,Metal1,50.6830,379.8500,5.000000
clkload4,VDD,Metal1,44.0730,325.8505,5.000000
clkload3,VDD,Metal1,127.5565,153.3580,5.000000
clkload2,VDD,Metal1,135.8030,98.3900,4.999782
clkload1,VDD,Metal1,46.8730,152.3890,5.000000
clkload0,VDD,Metal1,48.5530,90.6505,5.000000
clkbuf_3_7__f_clk,VDD,Metal1,149.3710,372.8970,5.000000
clkbuf_3_6__f_clk,VDD,Metal1,145.4510,318.0170,5.000000
clkbuf_3_5__f_clk,VDD,Metal1,62.3085,380.7370,5.000000
clkbuf_3_4__f_clk,VDD,Metal1,61.1885,325.8570,5.000000
clkbuf_3_3__f_clk,VDD,Metal1,143.2110,153.3770,5.000000
clkbuf_3_2__f_clk,VDD,Metal1,147.1310,90.6570,5.000000
clkbuf_3_1__f_clk,VDD,Metal1,61.1885,145.5370,5.000000
clkbuf_3_0__f_clk,VDD,Metal1,64.5485,90.6570,5.000000
clkbuf_0_clk,VDD,Metal1,110.1710,239.6170,5.000000
load_slew23,VDD,Metal1,431.4635,26.8600,4.998490
load_slew22,VDD,Metal1,431.4635,136.6200,4.999781
load_slew21,VDD,Metal1,320.5835,26.8600,4.999028
wire20,VDD,Metal1,321.7110,97.3930,4.999717
load_slew19,VDD,Metal1,240.9480,26.9375,4.999047
load_slew18,VDD,Metal1,139.1435,28.0200,4.999053
load_slew17,VDD,Metal1,224.8700,459.2440,5.000000
wire16,VDD,Metal1,274.0900,380.8440,5.000000
load_slew15,VDD,Metal1,362.5835,450.2200,5.000000
output14,VDD,Metal1,437.1700,458.3100,5.000000
output13,VDD,Metal1,437.1700,403.4300,5.000000
output12,VDD,Metal1,437.1700,372.0700,5.000000
output11,VDD,Metal1,437.1700,364.2300,5.000000
output10,VDD,Metal1,437.1700,325.0300,5.000000
output9,VDD,Metal1,437.1700,301.5100,5.000000
output8,VDD,Metal1,437.1700,285.8300,5.000000
output7,VDD,Metal1,437.1700,262.3100,5.000000
output6,VDD,Metal1,437.1700,223.1100,5.000000
output5,VDD,Metal1,437.1700,458.9700,5.000000
output4,VDD,Metal1,433.2500,451.1300,5.000000
output3,VDD,Metal1,437.1700,207.4300,5.000000
input2,VDD,Metal1,438.1400,19.0310,4.999831
input1,VDD,Metal1,12.1300,34.9500,4.999976
TAP_TAPCELL_ROW_113_1503,VDD,Metal1,426.1600,459.3100,5.000000
TAP_TAPCELL_ROW_113_1502,VDD,Metal1,407.1200,459.3100,5.000000
TAP_TAPCELL_ROW_113_1501,VDD,Metal1,388.0800,459.3100,5.000000
TAP_TAPCELL_ROW_113_1500,VDD,Metal1,369.0400,459.3100,5.000000
TAP_TAPCELL_ROW_113_1499,VDD,Metal1,350.0000,459.3100,5.000000
TAP_TAPCELL_ROW_113_1498,VDD,Metal1,330.9600,459.3100,5.000000
TAP_TAPCELL_ROW_113_1497,VDD,Metal1,311.9200,459.3100,5.000000
TAP_TAPCELL_ROW_113_1496,VDD,Metal1,292.8800,459.3100,5.000000
TAP_TAPCELL_ROW_113_1495,VDD,Metal1,273.8400,459.3100,5.000000
TAP_TAPCELL_ROW_113_1494,VDD,Metal1,254.8000,459.3100,5.000000
TAP_TAPCELL_ROW_113_1493,VDD,Metal1,235.7600,459.3100,5.000000
TAP_TAPCELL_ROW_113_1492,VDD,Metal1,216.7200,459.3100,5.000000
TAP_TAPCELL_ROW_113_1491,VDD,Metal1,197.6800,459.3100,5.000000
TAP_TAPCELL_ROW_113_1490,VDD,Metal1,178.6400,459.3100,5.000000
TAP_TAPCELL_ROW_113_1489,VDD,Metal1,159.6000,459.3100,5.000000
TAP_TAPCELL_ROW_113_1488,VDD,Metal1,140.5600,459.3100,5.000000
TAP_TAPCELL_ROW_113_1487,VDD,Metal1,121.5200,459.3100,5.000000
TAP_TAPCELL_ROW_113_1486,VDD,Metal1,102.4800,459.3100,5.000000
TAP_TAPCELL_ROW_113_1485,VDD,Metal1,83.4400,459.3100,5.000000
TAP_TAPCELL_ROW_113_1484,VDD,Metal1,64.4000,459.3100,5.000000
TAP_TAPCELL_ROW_113_1483,VDD,Metal1,45.3600,459.3100,5.000000
TAP_TAPCELL_ROW_113_1482,VDD,Metal1,26.3200,459.3100,5.000000
TAP_TAPCELL_ROW_112_1481,VDD,Metal1,418.8800,457.9700,5.000000
TAP_TAPCELL_ROW_112_1480,VDD,Metal1,379.6800,457.9700,5.000000
TAP_TAPCELL_ROW_112_1479,VDD,Metal1,340.4800,457.9700,5.000000
TAP_TAPCELL_ROW_112_1478,VDD,Metal1,301.2800,457.9700,5.000000
TAP_TAPCELL_ROW_112_1477,VDD,Metal1,262.0800,457.9700,5.000000
TAP_TAPCELL_ROW_112_1476,VDD,Metal1,222.8800,457.9700,5.000000
TAP_TAPCELL_ROW_112_1475,VDD,Metal1,183.6800,457.9700,5.000000
TAP_TAPCELL_ROW_112_1474,VDD,Metal1,144.4800,457.9700,5.000000
TAP_TAPCELL_ROW_112_1473,VDD,Metal1,105.2800,457.9700,5.000000
TAP_TAPCELL_ROW_112_1472,VDD,Metal1,66.0800,457.9700,5.000000
TAP_TAPCELL_ROW_112_1471,VDD,Metal1,26.8800,457.9700,5.000000
TAP_TAPCELL_ROW_111_1470,VDD,Metal1,438.4800,451.4700,5.000000
TAP_TAPCELL_ROW_111_1469,VDD,Metal1,399.2800,451.4700,5.000000
TAP_TAPCELL_ROW_111_1468,VDD,Metal1,360.0800,451.4700,5.000000
TAP_TAPCELL_ROW_111_1467,VDD,Metal1,320.8800,451.4700,5.000000
TAP_TAPCELL_ROW_111_1466,VDD,Metal1,281.6800,451.4700,5.000000
TAP_TAPCELL_ROW_111_1465,VDD,Metal1,242.4800,451.4700,5.000000
TAP_TAPCELL_ROW_111_1464,VDD,Metal1,203.2800,451.4700,5.000000
TAP_TAPCELL_ROW_111_1463,VDD,Metal1,164.0800,451.4700,5.000000
TAP_TAPCELL_ROW_111_1462,VDD,Metal1,124.8800,451.4700,5.000000
TAP_TAPCELL_ROW_111_1461,VDD,Metal1,85.6800,451.4700,5.000000
TAP_TAPCELL_ROW_111_1460,VDD,Metal1,46.4800,451.4700,5.000000
TAP_TAPCELL_ROW_110_1459,VDD,Metal1,418.8800,450.1300,5.000000
TAP_TAPCELL_ROW_110_1458,VDD,Metal1,379.6800,450.1300,5.000000
TAP_TAPCELL_ROW_110_1457,VDD,Metal1,340.4800,450.1300,5.000000
TAP_TAPCELL_ROW_110_1456,VDD,Metal1,301.2800,450.1300,5.000000
TAP_TAPCELL_ROW_110_1455,VDD,Metal1,262.0800,450.1300,5.000000
TAP_TAPCELL_ROW_110_1454,VDD,Metal1,222.8800,450.1300,5.000000
TAP_TAPCELL_ROW_110_1453,VDD,Metal1,183.6800,450.1300,5.000000
TAP_TAPCELL_ROW_110_1452,VDD,Metal1,144.4800,450.1300,5.000000
TAP_TAPCELL_ROW_110_1451,VDD,Metal1,105.2800,450.1300,5.000000
TAP_TAPCELL_ROW_110_1450,VDD,Metal1,66.0800,450.1300,5.000000
TAP_TAPCELL_ROW_110_1449,VDD,Metal1,26.8800,450.1300,5.000000
TAP_TAPCELL_ROW_109_1448,VDD,Metal1,438.4800,443.6300,5.000000
TAP_TAPCELL_ROW_109_1447,VDD,Metal1,399.2800,443.6300,5.000000
TAP_TAPCELL_ROW_109_1446,VDD,Metal1,360.0800,443.6300,5.000000
TAP_TAPCELL_ROW_109_1445,VDD,Metal1,320.8800,443.6300,5.000000
TAP_TAPCELL_ROW_109_1444,VDD,Metal1,281.6800,443.6300,5.000000
TAP_TAPCELL_ROW_109_1443,VDD,Metal1,242.4800,443.6300,5.000000
TAP_TAPCELL_ROW_109_1442,VDD,Metal1,203.2800,443.6300,5.000000
TAP_TAPCELL_ROW_109_1441,VDD,Metal1,164.0800,443.6300,5.000000
TAP_TAPCELL_ROW_109_1440,VDD,Metal1,124.8800,443.6300,5.000000
TAP_TAPCELL_ROW_109_1439,VDD,Metal1,85.6800,443.6300,5.000000
TAP_TAPCELL_ROW_109_1438,VDD,Metal1,46.4800,443.6300,5.000000
TAP_TAPCELL_ROW_108_1437,VDD,Metal1,418.8800,442.2900,5.000000
TAP_TAPCELL_ROW_108_1436,VDD,Metal1,379.6800,442.2900,5.000000
TAP_TAPCELL_ROW_108_1435,VDD,Metal1,340.4800,442.2900,5.000000
TAP_TAPCELL_ROW_108_1434,VDD,Metal1,301.2800,442.2900,5.000000
TAP_TAPCELL_ROW_108_1433,VDD,Metal1,262.0800,442.2900,5.000000
TAP_TAPCELL_ROW_108_1432,VDD,Metal1,222.8800,442.2900,5.000000
TAP_TAPCELL_ROW_108_1431,VDD,Metal1,183.6800,442.2900,5.000000
TAP_TAPCELL_ROW_108_1430,VDD,Metal1,144.4800,442.2900,5.000000
TAP_TAPCELL_ROW_108_1429,VDD,Metal1,105.2800,442.2900,5.000000
TAP_TAPCELL_ROW_108_1428,VDD,Metal1,66.0800,442.2900,5.000000
TAP_TAPCELL_ROW_108_1427,VDD,Metal1,26.8800,442.2900,5.000000
TAP_TAPCELL_ROW_107_1426,VDD,Metal1,438.4800,435.7900,5.000000
TAP_TAPCELL_ROW_107_1425,VDD,Metal1,399.2800,435.7900,5.000000
TAP_TAPCELL_ROW_107_1424,VDD,Metal1,360.0800,435.7900,5.000000
TAP_TAPCELL_ROW_107_1423,VDD,Metal1,320.8800,435.7900,5.000000
TAP_TAPCELL_ROW_107_1422,VDD,Metal1,281.6800,435.7900,5.000000
TAP_TAPCELL_ROW_107_1421,VDD,Metal1,242.4800,435.7900,5.000000
TAP_TAPCELL_ROW_107_1420,VDD,Metal1,203.2800,435.7900,5.000000
TAP_TAPCELL_ROW_107_1419,VDD,Metal1,164.0800,435.7900,5.000000
TAP_TAPCELL_ROW_107_1418,VDD,Metal1,124.8800,435.7900,5.000000
TAP_TAPCELL_ROW_107_1417,VDD,Metal1,85.6800,435.7900,5.000000
TAP_TAPCELL_ROW_107_1416,VDD,Metal1,46.4800,435.7900,5.000000
TAP_TAPCELL_ROW_106_1415,VDD,Metal1,418.8800,434.4500,5.000000
TAP_TAPCELL_ROW_106_1414,VDD,Metal1,379.6800,434.4500,5.000000
TAP_TAPCELL_ROW_106_1413,VDD,Metal1,340.4800,434.4500,5.000000
TAP_TAPCELL_ROW_106_1412,VDD,Metal1,301.2800,434.4500,5.000000
TAP_TAPCELL_ROW_106_1411,VDD,Metal1,262.0800,434.4500,5.000000
TAP_TAPCELL_ROW_106_1410,VDD,Metal1,222.8800,434.4500,5.000000
TAP_TAPCELL_ROW_106_1409,VDD,Metal1,183.6800,434.4500,5.000000
TAP_TAPCELL_ROW_106_1408,VDD,Metal1,144.4800,434.4500,5.000000
TAP_TAPCELL_ROW_106_1407,VDD,Metal1,105.2800,434.4500,5.000000
TAP_TAPCELL_ROW_106_1406,VDD,Metal1,66.0800,434.4500,5.000000
TAP_TAPCELL_ROW_106_1405,VDD,Metal1,26.8800,434.4500,5.000000
TAP_TAPCELL_ROW_105_1404,VDD,Metal1,438.4800,427.9500,5.000000
TAP_TAPCELL_ROW_105_1403,VDD,Metal1,399.2800,427.9500,5.000000
TAP_TAPCELL_ROW_105_1402,VDD,Metal1,360.0800,427.9500,5.000000
TAP_TAPCELL_ROW_105_1401,VDD,Metal1,320.8800,427.9500,5.000000
TAP_TAPCELL_ROW_105_1400,VDD,Metal1,281.6800,427.9500,5.000000
TAP_TAPCELL_ROW_105_1399,VDD,Metal1,242.4800,427.9500,5.000000
TAP_TAPCELL_ROW_105_1398,VDD,Metal1,203.2800,427.9500,5.000000
TAP_TAPCELL_ROW_105_1397,VDD,Metal1,164.0800,427.9500,5.000000
TAP_TAPCELL_ROW_105_1396,VDD,Metal1,124.8800,427.9500,5.000000
TAP_TAPCELL_ROW_105_1395,VDD,Metal1,85.6800,427.9500,5.000000
TAP_TAPCELL_ROW_105_1394,VDD,Metal1,46.4800,427.9500,5.000000
TAP_TAPCELL_ROW_104_1393,VDD,Metal1,418.8800,426.6100,5.000000
TAP_TAPCELL_ROW_104_1392,VDD,Metal1,379.6800,426.6100,5.000000
TAP_TAPCELL_ROW_104_1391,VDD,Metal1,340.4800,426.6100,5.000000
TAP_TAPCELL_ROW_104_1390,VDD,Metal1,301.2800,426.6100,5.000000
TAP_TAPCELL_ROW_104_1389,VDD,Metal1,262.0800,426.6100,5.000000
TAP_TAPCELL_ROW_104_1388,VDD,Metal1,222.8800,426.6100,5.000000
TAP_TAPCELL_ROW_104_1387,VDD,Metal1,183.6800,426.6100,5.000000
TAP_TAPCELL_ROW_104_1386,VDD,Metal1,144.4800,426.6100,5.000000
TAP_TAPCELL_ROW_104_1385,VDD,Metal1,105.2800,426.6100,5.000000
TAP_TAPCELL_ROW_104_1384,VDD,Metal1,66.0800,426.6100,5.000000
TAP_TAPCELL_ROW_104_1383,VDD,Metal1,26.8800,426.6100,5.000000
TAP_TAPCELL_ROW_103_1382,VDD,Metal1,438.4800,420.1100,5.000000
TAP_TAPCELL_ROW_103_1381,VDD,Metal1,399.2800,420.1100,5.000000
TAP_TAPCELL_ROW_103_1380,VDD,Metal1,360.0800,420.1100,5.000000
TAP_TAPCELL_ROW_103_1379,VDD,Metal1,320.8800,420.1100,5.000000
TAP_TAPCELL_ROW_103_1378,VDD,Metal1,281.6800,420.1100,5.000000
TAP_TAPCELL_ROW_103_1377,VDD,Metal1,242.4800,420.1100,5.000000
TAP_TAPCELL_ROW_103_1376,VDD,Metal1,203.2800,420.1100,5.000000
TAP_TAPCELL_ROW_103_1375,VDD,Metal1,164.0800,420.1100,5.000000
TAP_TAPCELL_ROW_103_1374,VDD,Metal1,124.8800,420.1100,5.000000
TAP_TAPCELL_ROW_103_1373,VDD,Metal1,85.6800,420.1100,5.000000
TAP_TAPCELL_ROW_103_1372,VDD,Metal1,46.4800,420.1100,5.000000
TAP_TAPCELL_ROW_102_1371,VDD,Metal1,418.8800,418.7700,5.000000
TAP_TAPCELL_ROW_102_1370,VDD,Metal1,379.6800,418.7700,5.000000
TAP_TAPCELL_ROW_102_1369,VDD,Metal1,340.4800,418.7700,5.000000
TAP_TAPCELL_ROW_102_1368,VDD,Metal1,301.2800,418.7700,5.000000
TAP_TAPCELL_ROW_102_1367,VDD,Metal1,262.0800,418.7700,5.000000
TAP_TAPCELL_ROW_102_1366,VDD,Metal1,222.8800,418.7700,5.000000
TAP_TAPCELL_ROW_102_1365,VDD,Metal1,183.6800,418.7700,5.000000
TAP_TAPCELL_ROW_102_1364,VDD,Metal1,144.4800,418.7700,5.000000
TAP_TAPCELL_ROW_102_1363,VDD,Metal1,105.2800,418.7700,5.000000
TAP_TAPCELL_ROW_102_1362,VDD,Metal1,66.0800,418.7700,5.000000
TAP_TAPCELL_ROW_102_1361,VDD,Metal1,26.8800,418.7700,5.000000
TAP_TAPCELL_ROW_101_1360,VDD,Metal1,438.4800,412.2700,5.000000
TAP_TAPCELL_ROW_101_1359,VDD,Metal1,399.2800,412.2700,5.000000
TAP_TAPCELL_ROW_101_1358,VDD,Metal1,360.0800,412.2700,5.000000
TAP_TAPCELL_ROW_101_1357,VDD,Metal1,320.8800,412.2700,5.000000
TAP_TAPCELL_ROW_101_1356,VDD,Metal1,281.6800,412.2700,5.000000
TAP_TAPCELL_ROW_101_1355,VDD,Metal1,242.4800,412.2700,5.000000
TAP_TAPCELL_ROW_101_1354,VDD,Metal1,203.2800,412.2700,5.000000
TAP_TAPCELL_ROW_101_1353,VDD,Metal1,164.0800,412.2700,5.000000
TAP_TAPCELL_ROW_101_1352,VDD,Metal1,124.8800,412.2700,5.000000
TAP_TAPCELL_ROW_101_1351,VDD,Metal1,85.6800,412.2700,5.000000
TAP_TAPCELL_ROW_101_1350,VDD,Metal1,46.4800,412.2700,5.000000
TAP_TAPCELL_ROW_100_1349,VDD,Metal1,418.8800,410.9300,5.000000
TAP_TAPCELL_ROW_100_1348,VDD,Metal1,379.6800,410.9300,5.000000
TAP_TAPCELL_ROW_100_1347,VDD,Metal1,340.4800,410.9300,5.000000
TAP_TAPCELL_ROW_100_1346,VDD,Metal1,301.2800,410.9300,5.000000
TAP_TAPCELL_ROW_100_1345,VDD,Metal1,262.0800,410.9300,5.000000
TAP_TAPCELL_ROW_100_1344,VDD,Metal1,222.8800,410.9300,5.000000
TAP_TAPCELL_ROW_100_1343,VDD,Metal1,183.6800,410.9300,5.000000
TAP_TAPCELL_ROW_100_1342,VDD,Metal1,144.4800,410.9300,5.000000
TAP_TAPCELL_ROW_100_1341,VDD,Metal1,105.2800,410.9300,5.000000
TAP_TAPCELL_ROW_100_1340,VDD,Metal1,66.0800,410.9300,5.000000
TAP_TAPCELL_ROW_100_1339,VDD,Metal1,26.8800,410.9300,5.000000
TAP_TAPCELL_ROW_99_1338,VDD,Metal1,438.4800,404.4300,5.000000
TAP_TAPCELL_ROW_99_1337,VDD,Metal1,399.2800,404.4300,5.000000
TAP_TAPCELL_ROW_99_1336,VDD,Metal1,360.0800,404.4300,5.000000
TAP_TAPCELL_ROW_99_1335,VDD,Metal1,320.8800,404.4300,5.000000
TAP_TAPCELL_ROW_99_1334,VDD,Metal1,281.6800,404.4300,5.000000
TAP_TAPCELL_ROW_99_1333,VDD,Metal1,242.4800,404.4300,5.000000
TAP_TAPCELL_ROW_99_1332,VDD,Metal1,203.2800,404.4300,5.000000
TAP_TAPCELL_ROW_99_1331,VDD,Metal1,164.0800,404.4300,5.000000
TAP_TAPCELL_ROW_99_1330,VDD,Metal1,124.8800,404.4300,5.000000
TAP_TAPCELL_ROW_99_1329,VDD,Metal1,85.6800,404.4300,5.000000
TAP_TAPCELL_ROW_99_1328,VDD,Metal1,46.4800,404.4300,5.000000
TAP_TAPCELL_ROW_98_1327,VDD,Metal1,418.8800,403.0900,5.000000
TAP_TAPCELL_ROW_98_1326,VDD,Metal1,379.6800,403.0900,5.000000
TAP_TAPCELL_ROW_98_1325,VDD,Metal1,340.4800,403.0900,5.000000
TAP_TAPCELL_ROW_98_1324,VDD,Metal1,301.2800,403.0900,5.000000
TAP_TAPCELL_ROW_98_1323,VDD,Metal1,262.0800,403.0900,5.000000
TAP_TAPCELL_ROW_98_1322,VDD,Metal1,222.8800,403.0900,5.000000
TAP_TAPCELL_ROW_98_1321,VDD,Metal1,183.6800,403.0900,5.000000
TAP_TAPCELL_ROW_98_1320,VDD,Metal1,144.4800,403.0900,5.000000
TAP_TAPCELL_ROW_98_1319,VDD,Metal1,105.2800,403.0900,5.000000
TAP_TAPCELL_ROW_98_1318,VDD,Metal1,66.0800,403.0900,5.000000
TAP_TAPCELL_ROW_98_1317,VDD,Metal1,26.8800,403.0900,5.000000
TAP_TAPCELL_ROW_97_1316,VDD,Metal1,438.4800,396.5900,5.000000
TAP_TAPCELL_ROW_97_1315,VDD,Metal1,399.2800,396.5900,5.000000
TAP_TAPCELL_ROW_97_1314,VDD,Metal1,360.0800,396.5900,5.000000
TAP_TAPCELL_ROW_97_1313,VDD,Metal1,320.8800,396.5900,5.000000
TAP_TAPCELL_ROW_97_1312,VDD,Metal1,281.6800,396.5900,5.000000
TAP_TAPCELL_ROW_97_1311,VDD,Metal1,242.4800,396.5900,5.000000
TAP_TAPCELL_ROW_97_1310,VDD,Metal1,203.2800,396.5900,5.000000
TAP_TAPCELL_ROW_97_1309,VDD,Metal1,164.0800,396.5900,5.000000
TAP_TAPCELL_ROW_97_1308,VDD,Metal1,124.8800,396.5900,5.000000
TAP_TAPCELL_ROW_97_1307,VDD,Metal1,85.6800,396.5900,5.000000
TAP_TAPCELL_ROW_97_1306,VDD,Metal1,46.4800,396.5900,5.000000
TAP_TAPCELL_ROW_96_1305,VDD,Metal1,418.8800,395.2500,5.000000
TAP_TAPCELL_ROW_96_1304,VDD,Metal1,379.6800,395.2500,5.000000
TAP_TAPCELL_ROW_96_1303,VDD,Metal1,340.4800,395.2500,5.000000
TAP_TAPCELL_ROW_96_1302,VDD,Metal1,301.2800,395.2500,5.000000
TAP_TAPCELL_ROW_96_1301,VDD,Metal1,262.0800,395.2500,5.000000
TAP_TAPCELL_ROW_96_1300,VDD,Metal1,222.8800,395.2500,5.000000
TAP_TAPCELL_ROW_96_1299,VDD,Metal1,183.6800,395.2500,5.000000
TAP_TAPCELL_ROW_96_1298,VDD,Metal1,144.4800,395.2500,5.000000
TAP_TAPCELL_ROW_96_1297,VDD,Metal1,105.2800,395.2500,5.000000
TAP_TAPCELL_ROW_96_1296,VDD,Metal1,66.0800,395.2500,5.000000
TAP_TAPCELL_ROW_96_1295,VDD,Metal1,26.8800,395.2500,5.000000
TAP_TAPCELL_ROW_95_1294,VDD,Metal1,438.4800,388.7500,5.000000
TAP_TAPCELL_ROW_95_1293,VDD,Metal1,399.2800,388.7500,5.000000
TAP_TAPCELL_ROW_95_1292,VDD,Metal1,360.0800,388.7500,5.000000
TAP_TAPCELL_ROW_95_1291,VDD,Metal1,320.8800,388.7500,5.000000
TAP_TAPCELL_ROW_95_1290,VDD,Metal1,281.6800,388.7500,5.000000
TAP_TAPCELL_ROW_95_1289,VDD,Metal1,242.4800,388.7500,5.000000
TAP_TAPCELL_ROW_95_1288,VDD,Metal1,203.2800,388.7500,5.000000
TAP_TAPCELL_ROW_95_1287,VDD,Metal1,164.0800,388.7500,5.000000
TAP_TAPCELL_ROW_95_1286,VDD,Metal1,124.8800,388.7500,5.000000
TAP_TAPCELL_ROW_95_1285,VDD,Metal1,85.6800,388.7500,5.000000
TAP_TAPCELL_ROW_95_1284,VDD,Metal1,46.4800,388.7500,5.000000
TAP_TAPCELL_ROW_94_1283,VDD,Metal1,418.8800,387.4100,5.000000
TAP_TAPCELL_ROW_94_1282,VDD,Metal1,379.6800,387.4100,5.000000
TAP_TAPCELL_ROW_94_1281,VDD,Metal1,340.4800,387.4100,5.000000
TAP_TAPCELL_ROW_94_1280,VDD,Metal1,301.2800,387.4100,5.000000
TAP_TAPCELL_ROW_94_1279,VDD,Metal1,262.0800,387.4100,5.000000
TAP_TAPCELL_ROW_94_1278,VDD,Metal1,222.8800,387.4100,5.000000
TAP_TAPCELL_ROW_94_1277,VDD,Metal1,183.6800,387.4100,5.000000
TAP_TAPCELL_ROW_94_1276,VDD,Metal1,144.4800,387.4100,5.000000
TAP_TAPCELL_ROW_94_1275,VDD,Metal1,105.2800,387.4100,5.000000
TAP_TAPCELL_ROW_94_1274,VDD,Metal1,66.0800,387.4100,5.000000
TAP_TAPCELL_ROW_94_1273,VDD,Metal1,26.8800,387.4100,5.000000
TAP_TAPCELL_ROW_93_1272,VDD,Metal1,438.4800,380.9100,5.000000
TAP_TAPCELL_ROW_93_1271,VDD,Metal1,399.2800,380.9100,5.000000
TAP_TAPCELL_ROW_93_1270,VDD,Metal1,360.0800,380.9100,5.000000
TAP_TAPCELL_ROW_93_1269,VDD,Metal1,320.8800,380.9100,5.000000
TAP_TAPCELL_ROW_93_1268,VDD,Metal1,281.6800,380.9100,5.000000
TAP_TAPCELL_ROW_93_1267,VDD,Metal1,242.4800,380.9100,5.000000
TAP_TAPCELL_ROW_93_1266,VDD,Metal1,203.2800,380.9100,5.000000
TAP_TAPCELL_ROW_93_1265,VDD,Metal1,164.0800,380.9100,5.000000
TAP_TAPCELL_ROW_93_1264,VDD,Metal1,124.8800,380.9100,5.000000
TAP_TAPCELL_ROW_93_1263,VDD,Metal1,85.6800,380.9100,5.000000
TAP_TAPCELL_ROW_93_1262,VDD,Metal1,46.4800,380.9100,5.000000
TAP_TAPCELL_ROW_92_1261,VDD,Metal1,418.8800,379.5700,5.000000
TAP_TAPCELL_ROW_92_1260,VDD,Metal1,379.6800,379.5700,5.000000
TAP_TAPCELL_ROW_92_1259,VDD,Metal1,340.4800,379.5700,5.000000
TAP_TAPCELL_ROW_92_1258,VDD,Metal1,301.2800,379.5700,5.000000
TAP_TAPCELL_ROW_92_1257,VDD,Metal1,262.0800,379.5700,5.000000
TAP_TAPCELL_ROW_92_1256,VDD,Metal1,222.8800,379.5700,5.000000
TAP_TAPCELL_ROW_92_1255,VDD,Metal1,183.6800,379.5700,5.000000
TAP_TAPCELL_ROW_92_1254,VDD,Metal1,144.4800,379.5700,5.000000
TAP_TAPCELL_ROW_92_1253,VDD,Metal1,105.2800,379.5700,5.000000
TAP_TAPCELL_ROW_92_1252,VDD,Metal1,66.0800,379.5700,5.000000
TAP_TAPCELL_ROW_92_1251,VDD,Metal1,26.8800,379.5700,5.000000
TAP_TAPCELL_ROW_91_1250,VDD,Metal1,438.4800,373.0700,5.000000
TAP_TAPCELL_ROW_91_1249,VDD,Metal1,399.2800,373.0700,5.000000
TAP_TAPCELL_ROW_91_1248,VDD,Metal1,360.0800,373.0700,5.000000
TAP_TAPCELL_ROW_91_1247,VDD,Metal1,320.8800,373.0700,5.000000
TAP_TAPCELL_ROW_91_1246,VDD,Metal1,281.6800,373.0700,5.000000
TAP_TAPCELL_ROW_91_1245,VDD,Metal1,242.4800,373.0700,5.000000
TAP_TAPCELL_ROW_91_1244,VDD,Metal1,203.2800,373.0700,5.000000
TAP_TAPCELL_ROW_91_1243,VDD,Metal1,164.0800,373.0700,5.000000
TAP_TAPCELL_ROW_91_1242,VDD,Metal1,124.8800,373.0700,5.000000
TAP_TAPCELL_ROW_91_1241,VDD,Metal1,85.6800,373.0700,5.000000
TAP_TAPCELL_ROW_91_1240,VDD,Metal1,46.4800,373.0700,5.000000
TAP_TAPCELL_ROW_90_1239,VDD,Metal1,418.8800,371.7300,5.000000
TAP_TAPCELL_ROW_90_1238,VDD,Metal1,379.6800,371.7300,5.000000
TAP_TAPCELL_ROW_90_1237,VDD,Metal1,340.4800,371.7300,5.000000
TAP_TAPCELL_ROW_90_1236,VDD,Metal1,301.2800,371.7300,5.000000
TAP_TAPCELL_ROW_90_1235,VDD,Metal1,262.0800,371.7300,5.000000
TAP_TAPCELL_ROW_90_1234,VDD,Metal1,222.8800,371.7300,5.000000
TAP_TAPCELL_ROW_90_1233,VDD,Metal1,183.6800,371.7300,5.000000
TAP_TAPCELL_ROW_90_1232,VDD,Metal1,144.4800,371.7300,5.000000
TAP_TAPCELL_ROW_90_1231,VDD,Metal1,105.2800,371.7300,5.000000
TAP_TAPCELL_ROW_90_1230,VDD,Metal1,66.0800,371.7300,5.000000
TAP_TAPCELL_ROW_90_1229,VDD,Metal1,26.8800,371.7300,5.000000
TAP_TAPCELL_ROW_89_1228,VDD,Metal1,438.4800,365.2300,5.000000
TAP_TAPCELL_ROW_89_1227,VDD,Metal1,399.2800,365.2300,5.000000
TAP_TAPCELL_ROW_89_1226,VDD,Metal1,360.0800,365.2300,5.000000
TAP_TAPCELL_ROW_89_1225,VDD,Metal1,320.8800,365.2300,5.000000
TAP_TAPCELL_ROW_89_1224,VDD,Metal1,281.6800,365.2300,5.000000
TAP_TAPCELL_ROW_89_1223,VDD,Metal1,242.4800,365.2300,5.000000
TAP_TAPCELL_ROW_89_1222,VDD,Metal1,203.2800,365.2300,5.000000
TAP_TAPCELL_ROW_89_1221,VDD,Metal1,164.0800,365.2300,5.000000
TAP_TAPCELL_ROW_89_1220,VDD,Metal1,124.8800,365.2300,5.000000
TAP_TAPCELL_ROW_89_1219,VDD,Metal1,85.6800,365.2300,5.000000
TAP_TAPCELL_ROW_89_1218,VDD,Metal1,46.4800,365.2300,5.000000
TAP_TAPCELL_ROW_88_1217,VDD,Metal1,418.8800,363.8900,5.000000
TAP_TAPCELL_ROW_88_1216,VDD,Metal1,379.6800,363.8900,5.000000
TAP_TAPCELL_ROW_88_1215,VDD,Metal1,340.4800,363.8900,5.000000
TAP_TAPCELL_ROW_88_1214,VDD,Metal1,301.2800,363.8900,5.000000
TAP_TAPCELL_ROW_88_1213,VDD,Metal1,262.0800,363.8900,5.000000
TAP_TAPCELL_ROW_88_1212,VDD,Metal1,222.8800,363.8900,5.000000
TAP_TAPCELL_ROW_88_1211,VDD,Metal1,183.6800,363.8900,5.000000
TAP_TAPCELL_ROW_88_1210,VDD,Metal1,144.4800,363.8900,5.000000
TAP_TAPCELL_ROW_88_1209,VDD,Metal1,105.2800,363.8900,5.000000
TAP_TAPCELL_ROW_88_1208,VDD,Metal1,66.0800,363.8900,5.000000
TAP_TAPCELL_ROW_88_1207,VDD,Metal1,26.8800,363.8900,5.000000
TAP_TAPCELL_ROW_87_1206,VDD,Metal1,438.4800,357.3900,5.000000
TAP_TAPCELL_ROW_87_1205,VDD,Metal1,399.2800,357.3900,5.000000
TAP_TAPCELL_ROW_87_1204,VDD,Metal1,360.0800,357.3900,5.000000
TAP_TAPCELL_ROW_87_1203,VDD,Metal1,320.8800,357.3900,5.000000
TAP_TAPCELL_ROW_87_1202,VDD,Metal1,281.6800,357.3900,5.000000
TAP_TAPCELL_ROW_87_1201,VDD,Metal1,242.4800,357.3900,5.000000
TAP_TAPCELL_ROW_87_1200,VDD,Metal1,203.2800,357.3900,5.000000
TAP_TAPCELL_ROW_87_1199,VDD,Metal1,164.0800,357.3900,5.000000
TAP_TAPCELL_ROW_87_1198,VDD,Metal1,124.8800,357.3900,5.000000
TAP_TAPCELL_ROW_87_1197,VDD,Metal1,85.6800,357.3900,5.000000
TAP_TAPCELL_ROW_87_1196,VDD,Metal1,46.4800,357.3900,5.000000
TAP_TAPCELL_ROW_86_1195,VDD,Metal1,418.8800,356.0500,5.000000
TAP_TAPCELL_ROW_86_1194,VDD,Metal1,379.6800,356.0500,5.000000
TAP_TAPCELL_ROW_86_1193,VDD,Metal1,340.4800,356.0500,5.000000
TAP_TAPCELL_ROW_86_1192,VDD,Metal1,301.2800,356.0500,5.000000
TAP_TAPCELL_ROW_86_1191,VDD,Metal1,262.0800,356.0500,5.000000
TAP_TAPCELL_ROW_86_1190,VDD,Metal1,222.8800,356.0500,5.000000
TAP_TAPCELL_ROW_86_1189,VDD,Metal1,183.6800,356.0500,5.000000
TAP_TAPCELL_ROW_86_1188,VDD,Metal1,144.4800,356.0500,5.000000
TAP_TAPCELL_ROW_86_1187,VDD,Metal1,105.2800,356.0500,5.000000
TAP_TAPCELL_ROW_86_1186,VDD,Metal1,66.0800,356.0500,5.000000
TAP_TAPCELL_ROW_86_1185,VDD,Metal1,26.8800,356.0500,5.000000
TAP_TAPCELL_ROW_85_1184,VDD,Metal1,438.4800,349.5500,5.000000
TAP_TAPCELL_ROW_85_1183,VDD,Metal1,399.2800,349.5500,5.000000
TAP_TAPCELL_ROW_85_1182,VDD,Metal1,360.0800,349.5500,5.000000
TAP_TAPCELL_ROW_85_1181,VDD,Metal1,320.8800,349.5500,5.000000
TAP_TAPCELL_ROW_85_1180,VDD,Metal1,281.6800,349.5500,5.000000
TAP_TAPCELL_ROW_85_1179,VDD,Metal1,242.4800,349.5500,5.000000
TAP_TAPCELL_ROW_85_1178,VDD,Metal1,203.2800,349.5500,5.000000
TAP_TAPCELL_ROW_85_1177,VDD,Metal1,164.0800,349.5500,5.000000
TAP_TAPCELL_ROW_85_1176,VDD,Metal1,124.8800,349.5500,5.000000
TAP_TAPCELL_ROW_85_1175,VDD,Metal1,85.6800,349.5500,5.000000
TAP_TAPCELL_ROW_85_1174,VDD,Metal1,46.4800,349.5500,5.000000
TAP_TAPCELL_ROW_84_1173,VDD,Metal1,418.8800,348.2100,5.000000
TAP_TAPCELL_ROW_84_1172,VDD,Metal1,379.6800,348.2100,5.000000
TAP_TAPCELL_ROW_84_1171,VDD,Metal1,340.4800,348.2100,5.000000
TAP_TAPCELL_ROW_84_1170,VDD,Metal1,301.2800,348.2100,5.000000
TAP_TAPCELL_ROW_84_1169,VDD,Metal1,262.0800,348.2100,5.000000
TAP_TAPCELL_ROW_84_1168,VDD,Metal1,222.8800,348.2100,5.000000
TAP_TAPCELL_ROW_84_1167,VDD,Metal1,183.6800,348.2100,5.000000
TAP_TAPCELL_ROW_84_1166,VDD,Metal1,144.4800,348.2100,5.000000
TAP_TAPCELL_ROW_84_1165,VDD,Metal1,105.2800,348.2100,5.000000
TAP_TAPCELL_ROW_84_1164,VDD,Metal1,66.0800,348.2100,5.000000
TAP_TAPCELL_ROW_84_1163,VDD,Metal1,26.8800,348.2100,5.000000
TAP_TAPCELL_ROW_83_1162,VDD,Metal1,438.4800,341.7100,5.000000
TAP_TAPCELL_ROW_83_1161,VDD,Metal1,399.2800,341.7100,5.000000
TAP_TAPCELL_ROW_83_1160,VDD,Metal1,360.0800,341.7100,5.000000
TAP_TAPCELL_ROW_83_1159,VDD,Metal1,320.8800,341.7100,5.000000
TAP_TAPCELL_ROW_83_1158,VDD,Metal1,281.6800,341.7100,5.000000
TAP_TAPCELL_ROW_83_1157,VDD,Metal1,242.4800,341.7100,5.000000
TAP_TAPCELL_ROW_83_1156,VDD,Metal1,203.2800,341.7100,5.000000
TAP_TAPCELL_ROW_83_1155,VDD,Metal1,164.0800,341.7100,5.000000
TAP_TAPCELL_ROW_83_1154,VDD,Metal1,124.8800,341.7100,5.000000
TAP_TAPCELL_ROW_83_1153,VDD,Metal1,85.6800,341.7100,5.000000
TAP_TAPCELL_ROW_83_1152,VDD,Metal1,46.4800,341.7100,5.000000
TAP_TAPCELL_ROW_82_1151,VDD,Metal1,418.8800,340.3700,5.000000
TAP_TAPCELL_ROW_82_1150,VDD,Metal1,379.6800,340.3700,5.000000
TAP_TAPCELL_ROW_82_1149,VDD,Metal1,340.4800,340.3700,5.000000
TAP_TAPCELL_ROW_82_1148,VDD,Metal1,301.2800,340.3700,5.000000
TAP_TAPCELL_ROW_82_1147,VDD,Metal1,262.0800,340.3700,5.000000
TAP_TAPCELL_ROW_82_1146,VDD,Metal1,222.8800,340.3700,5.000000
TAP_TAPCELL_ROW_82_1145,VDD,Metal1,183.6800,340.3700,5.000000
TAP_TAPCELL_ROW_82_1144,VDD,Metal1,144.4800,340.3700,5.000000
TAP_TAPCELL_ROW_82_1143,VDD,Metal1,105.2800,340.3700,5.000000
TAP_TAPCELL_ROW_82_1142,VDD,Metal1,66.0800,340.3700,5.000000
TAP_TAPCELL_ROW_82_1141,VDD,Metal1,26.8800,340.3700,5.000000
TAP_TAPCELL_ROW_81_1140,VDD,Metal1,438.4800,333.8700,5.000000
TAP_TAPCELL_ROW_81_1139,VDD,Metal1,399.2800,333.8700,5.000000
TAP_TAPCELL_ROW_81_1138,VDD,Metal1,360.0800,333.8700,5.000000
TAP_TAPCELL_ROW_81_1137,VDD,Metal1,320.8800,333.8700,5.000000
TAP_TAPCELL_ROW_81_1136,VDD,Metal1,281.6800,333.8700,5.000000
TAP_TAPCELL_ROW_81_1135,VDD,Metal1,242.4800,333.8700,5.000000
TAP_TAPCELL_ROW_81_1134,VDD,Metal1,203.2800,333.8700,5.000000
TAP_TAPCELL_ROW_81_1133,VDD,Metal1,164.0800,333.8700,5.000000
TAP_TAPCELL_ROW_81_1132,VDD,Metal1,124.8800,333.8700,5.000000
TAP_TAPCELL_ROW_81_1131,VDD,Metal1,85.6800,333.8700,5.000000
TAP_TAPCELL_ROW_81_1130,VDD,Metal1,46.4800,333.8700,5.000000
TAP_TAPCELL_ROW_80_1129,VDD,Metal1,418.8800,332.5300,5.000000
TAP_TAPCELL_ROW_80_1128,VDD,Metal1,379.6800,332.5300,5.000000
TAP_TAPCELL_ROW_80_1127,VDD,Metal1,340.4800,332.5300,5.000000
TAP_TAPCELL_ROW_80_1126,VDD,Metal1,301.2800,332.5300,5.000000
TAP_TAPCELL_ROW_80_1125,VDD,Metal1,262.0800,332.5300,5.000000
TAP_TAPCELL_ROW_80_1124,VDD,Metal1,222.8800,332.5300,5.000000
TAP_TAPCELL_ROW_80_1123,VDD,Metal1,183.6800,332.5300,5.000000
TAP_TAPCELL_ROW_80_1122,VDD,Metal1,144.4800,332.5300,5.000000
TAP_TAPCELL_ROW_80_1121,VDD,Metal1,105.2800,332.5300,5.000000
TAP_TAPCELL_ROW_80_1120,VDD,Metal1,66.0800,332.5300,5.000000
TAP_TAPCELL_ROW_80_1119,VDD,Metal1,26.8800,332.5300,5.000000
TAP_TAPCELL_ROW_79_1118,VDD,Metal1,438.4800,326.0300,5.000000
TAP_TAPCELL_ROW_79_1117,VDD,Metal1,399.2800,326.0300,5.000000
TAP_TAPCELL_ROW_79_1116,VDD,Metal1,360.0800,326.0300,5.000000
TAP_TAPCELL_ROW_79_1115,VDD,Metal1,320.8800,326.0300,5.000000
TAP_TAPCELL_ROW_79_1114,VDD,Metal1,281.6800,326.0300,5.000000
TAP_TAPCELL_ROW_79_1113,VDD,Metal1,242.4800,326.0300,5.000000
TAP_TAPCELL_ROW_79_1112,VDD,Metal1,203.2800,326.0300,5.000000
TAP_TAPCELL_ROW_79_1111,VDD,Metal1,164.0800,326.0300,5.000000
TAP_TAPCELL_ROW_79_1110,VDD,Metal1,124.8800,326.0300,5.000000
TAP_TAPCELL_ROW_79_1109,VDD,Metal1,85.6800,326.0300,5.000000
TAP_TAPCELL_ROW_79_1108,VDD,Metal1,46.4800,326.0300,5.000000
TAP_TAPCELL_ROW_78_1107,VDD,Metal1,418.8800,324.6900,5.000000
TAP_TAPCELL_ROW_78_1106,VDD,Metal1,379.6800,324.6900,5.000000
TAP_TAPCELL_ROW_78_1105,VDD,Metal1,340.4800,324.6900,5.000000
TAP_TAPCELL_ROW_78_1104,VDD,Metal1,301.2800,324.6900,5.000000
TAP_TAPCELL_ROW_78_1103,VDD,Metal1,262.0800,324.6900,5.000000
TAP_TAPCELL_ROW_78_1102,VDD,Metal1,222.8800,324.6900,5.000000
TAP_TAPCELL_ROW_78_1101,VDD,Metal1,183.6800,324.6900,5.000000
TAP_TAPCELL_ROW_78_1100,VDD,Metal1,144.4800,324.6900,5.000000
TAP_TAPCELL_ROW_78_1099,VDD,Metal1,105.2800,324.6900,5.000000
TAP_TAPCELL_ROW_78_1098,VDD,Metal1,66.0800,324.6900,5.000000
TAP_TAPCELL_ROW_78_1097,VDD,Metal1,26.8800,324.6900,5.000000
TAP_TAPCELL_ROW_77_1096,VDD,Metal1,438.4800,318.1900,5.000000
TAP_TAPCELL_ROW_77_1095,VDD,Metal1,399.2800,318.1900,5.000000
TAP_TAPCELL_ROW_77_1094,VDD,Metal1,360.0800,318.1900,5.000000
TAP_TAPCELL_ROW_77_1093,VDD,Metal1,320.8800,318.1900,5.000000
TAP_TAPCELL_ROW_77_1092,VDD,Metal1,281.6800,318.1900,5.000000
TAP_TAPCELL_ROW_77_1091,VDD,Metal1,242.4800,318.1900,5.000000
TAP_TAPCELL_ROW_77_1090,VDD,Metal1,203.2800,318.1900,5.000000
TAP_TAPCELL_ROW_77_1089,VDD,Metal1,164.0800,318.1900,5.000000
TAP_TAPCELL_ROW_77_1088,VDD,Metal1,124.8800,318.1900,5.000000
TAP_TAPCELL_ROW_77_1087,VDD,Metal1,85.6800,318.1900,5.000000
TAP_TAPCELL_ROW_77_1086,VDD,Metal1,46.4800,318.1900,5.000000
TAP_TAPCELL_ROW_76_1085,VDD,Metal1,418.8800,316.8500,5.000000
TAP_TAPCELL_ROW_76_1084,VDD,Metal1,379.6800,316.8500,5.000000
TAP_TAPCELL_ROW_76_1083,VDD,Metal1,340.4800,316.8500,5.000000
TAP_TAPCELL_ROW_76_1082,VDD,Metal1,301.2800,316.8500,5.000000
TAP_TAPCELL_ROW_76_1081,VDD,Metal1,262.0800,316.8500,5.000000
TAP_TAPCELL_ROW_76_1080,VDD,Metal1,222.8800,316.8500,5.000000
TAP_TAPCELL_ROW_76_1079,VDD,Metal1,183.6800,316.8500,5.000000
TAP_TAPCELL_ROW_76_1078,VDD,Metal1,144.4800,316.8500,5.000000
TAP_TAPCELL_ROW_76_1077,VDD,Metal1,105.2800,316.8500,5.000000
TAP_TAPCELL_ROW_76_1076,VDD,Metal1,66.0800,316.8500,5.000000
TAP_TAPCELL_ROW_76_1075,VDD,Metal1,26.8800,316.8500,5.000000
TAP_TAPCELL_ROW_75_1074,VDD,Metal1,438.4800,310.3500,5.000000
TAP_TAPCELL_ROW_75_1073,VDD,Metal1,399.2800,310.3500,5.000000
TAP_TAPCELL_ROW_75_1072,VDD,Metal1,360.0800,310.3500,5.000000
TAP_TAPCELL_ROW_75_1071,VDD,Metal1,320.8800,310.3500,5.000000
TAP_TAPCELL_ROW_75_1070,VDD,Metal1,281.6800,310.3500,5.000000
TAP_TAPCELL_ROW_75_1069,VDD,Metal1,242.4800,310.3500,5.000000
TAP_TAPCELL_ROW_75_1068,VDD,Metal1,203.2800,310.3500,5.000000
TAP_TAPCELL_ROW_75_1067,VDD,Metal1,164.0800,310.3500,5.000000
TAP_TAPCELL_ROW_75_1066,VDD,Metal1,124.8800,310.3500,5.000000
TAP_TAPCELL_ROW_75_1065,VDD,Metal1,85.6800,310.3500,5.000000
TAP_TAPCELL_ROW_75_1064,VDD,Metal1,46.4800,310.3500,5.000000
TAP_TAPCELL_ROW_74_1063,VDD,Metal1,418.8800,309.0100,5.000000
TAP_TAPCELL_ROW_74_1062,VDD,Metal1,379.6800,309.0100,5.000000
TAP_TAPCELL_ROW_74_1061,VDD,Metal1,340.4800,309.0100,5.000000
TAP_TAPCELL_ROW_74_1060,VDD,Metal1,301.2800,309.0100,5.000000
TAP_TAPCELL_ROW_74_1059,VDD,Metal1,262.0800,309.0100,5.000000
TAP_TAPCELL_ROW_74_1058,VDD,Metal1,222.8800,309.0100,5.000000
TAP_TAPCELL_ROW_74_1057,VDD,Metal1,183.6800,309.0100,5.000000
TAP_TAPCELL_ROW_74_1056,VDD,Metal1,144.4800,309.0100,5.000000
TAP_TAPCELL_ROW_74_1055,VDD,Metal1,105.2800,309.0100,5.000000
TAP_TAPCELL_ROW_74_1054,VDD,Metal1,66.0800,309.0100,5.000000
TAP_TAPCELL_ROW_74_1053,VDD,Metal1,26.8800,309.0100,5.000000
TAP_TAPCELL_ROW_73_1052,VDD,Metal1,438.4800,302.5100,5.000000
TAP_TAPCELL_ROW_73_1051,VDD,Metal1,399.2800,302.5100,5.000000
TAP_TAPCELL_ROW_73_1050,VDD,Metal1,360.0800,302.5100,5.000000
TAP_TAPCELL_ROW_73_1049,VDD,Metal1,320.8800,302.5100,5.000000
TAP_TAPCELL_ROW_73_1048,VDD,Metal1,281.6800,302.5100,5.000000
TAP_TAPCELL_ROW_73_1047,VDD,Metal1,242.4800,302.5100,5.000000
TAP_TAPCELL_ROW_73_1046,VDD,Metal1,203.2800,302.5100,5.000000
TAP_TAPCELL_ROW_73_1045,VDD,Metal1,164.0800,302.5100,5.000000
TAP_TAPCELL_ROW_73_1044,VDD,Metal1,124.8800,302.5100,5.000000
TAP_TAPCELL_ROW_73_1043,VDD,Metal1,85.6800,302.5100,5.000000
TAP_TAPCELL_ROW_73_1042,VDD,Metal1,46.4800,302.5100,5.000000
TAP_TAPCELL_ROW_72_1041,VDD,Metal1,418.8800,301.1700,5.000000
TAP_TAPCELL_ROW_72_1040,VDD,Metal1,379.6800,301.1700,5.000000
TAP_TAPCELL_ROW_72_1039,VDD,Metal1,340.4800,301.1700,5.000000
TAP_TAPCELL_ROW_72_1038,VDD,Metal1,301.2800,301.1700,5.000000
TAP_TAPCELL_ROW_72_1037,VDD,Metal1,262.0800,301.1700,5.000000
TAP_TAPCELL_ROW_72_1036,VDD,Metal1,222.8800,301.1700,5.000000
TAP_TAPCELL_ROW_72_1035,VDD,Metal1,183.6800,301.1700,5.000000
TAP_TAPCELL_ROW_72_1034,VDD,Metal1,144.4800,301.1700,5.000000
TAP_TAPCELL_ROW_72_1033,VDD,Metal1,105.2800,301.1700,5.000000
TAP_TAPCELL_ROW_72_1032,VDD,Metal1,66.0800,301.1700,5.000000
TAP_TAPCELL_ROW_72_1031,VDD,Metal1,26.8800,301.1700,5.000000
TAP_TAPCELL_ROW_71_1030,VDD,Metal1,438.4800,294.6700,5.000000
TAP_TAPCELL_ROW_71_1029,VDD,Metal1,399.2800,294.6700,5.000000
TAP_TAPCELL_ROW_71_1028,VDD,Metal1,360.0800,294.6700,5.000000
TAP_TAPCELL_ROW_71_1027,VDD,Metal1,320.8800,294.6700,5.000000
TAP_TAPCELL_ROW_71_1026,VDD,Metal1,281.6800,294.6700,5.000000
TAP_TAPCELL_ROW_71_1025,VDD,Metal1,242.4800,294.6700,5.000000
TAP_TAPCELL_ROW_71_1024,VDD,Metal1,203.2800,294.6700,5.000000
TAP_TAPCELL_ROW_71_1023,VDD,Metal1,164.0800,294.6700,5.000000
TAP_TAPCELL_ROW_71_1022,VDD,Metal1,124.8800,294.6700,5.000000
TAP_TAPCELL_ROW_71_1021,VDD,Metal1,85.6800,294.6700,5.000000
TAP_TAPCELL_ROW_71_1020,VDD,Metal1,46.4800,294.6700,5.000000
TAP_TAPCELL_ROW_70_1019,VDD,Metal1,418.8800,293.3300,5.000000
TAP_TAPCELL_ROW_70_1018,VDD,Metal1,379.6800,293.3300,5.000000
TAP_TAPCELL_ROW_70_1017,VDD,Metal1,340.4800,293.3300,5.000000
TAP_TAPCELL_ROW_70_1016,VDD,Metal1,301.2800,293.3300,5.000000
TAP_TAPCELL_ROW_70_1015,VDD,Metal1,262.0800,293.3300,5.000000
TAP_TAPCELL_ROW_70_1014,VDD,Metal1,222.8800,293.3300,5.000000
TAP_TAPCELL_ROW_70_1013,VDD,Metal1,183.6800,293.3300,5.000000
TAP_TAPCELL_ROW_70_1012,VDD,Metal1,144.4800,293.3300,5.000000
TAP_TAPCELL_ROW_70_1011,VDD,Metal1,105.2800,293.3300,5.000000
TAP_TAPCELL_ROW_70_1010,VDD,Metal1,66.0800,293.3300,5.000000
TAP_TAPCELL_ROW_70_1009,VDD,Metal1,26.8800,293.3300,5.000000
TAP_TAPCELL_ROW_69_1008,VDD,Metal1,438.4800,286.8300,5.000000
TAP_TAPCELL_ROW_69_1007,VDD,Metal1,399.2800,286.8300,5.000000
TAP_TAPCELL_ROW_69_1006,VDD,Metal1,360.0800,286.8300,5.000000
TAP_TAPCELL_ROW_69_1005,VDD,Metal1,320.8800,286.8300,5.000000
TAP_TAPCELL_ROW_69_1004,VDD,Metal1,281.6800,286.8300,5.000000
TAP_TAPCELL_ROW_69_1003,VDD,Metal1,242.4800,286.8300,5.000000
TAP_TAPCELL_ROW_69_1002,VDD,Metal1,203.2800,286.8300,5.000000
TAP_TAPCELL_ROW_69_1001,VDD,Metal1,164.0800,286.8300,5.000000
TAP_TAPCELL_ROW_69_1000,VDD,Metal1,124.8800,286.8300,5.000000
TAP_TAPCELL_ROW_69_999,VDD,Metal1,85.6800,286.8300,5.000000
TAP_TAPCELL_ROW_69_998,VDD,Metal1,46.4800,286.8300,5.000000
TAP_TAPCELL_ROW_68_997,VDD,Metal1,418.8800,285.4900,5.000000
TAP_TAPCELL_ROW_68_996,VDD,Metal1,379.6800,285.4900,5.000000
TAP_TAPCELL_ROW_68_995,VDD,Metal1,340.4800,285.4900,5.000000
TAP_TAPCELL_ROW_68_994,VDD,Metal1,301.2800,285.4900,5.000000
TAP_TAPCELL_ROW_68_993,VDD,Metal1,262.0800,285.4900,5.000000
TAP_TAPCELL_ROW_68_992,VDD,Metal1,222.8800,285.4900,5.000000
TAP_TAPCELL_ROW_68_991,VDD,Metal1,183.6800,285.4900,5.000000
TAP_TAPCELL_ROW_68_990,VDD,Metal1,144.4800,285.4900,5.000000
TAP_TAPCELL_ROW_68_989,VDD,Metal1,105.2800,285.4900,5.000000
TAP_TAPCELL_ROW_68_988,VDD,Metal1,66.0800,285.4900,5.000000
TAP_TAPCELL_ROW_68_987,VDD,Metal1,26.8800,285.4900,5.000000
TAP_TAPCELL_ROW_67_986,VDD,Metal1,438.4800,278.9900,5.000000
TAP_TAPCELL_ROW_67_985,VDD,Metal1,399.2800,278.9900,5.000000
TAP_TAPCELL_ROW_67_984,VDD,Metal1,360.0800,278.9900,5.000000
TAP_TAPCELL_ROW_67_983,VDD,Metal1,320.8800,278.9900,5.000000
TAP_TAPCELL_ROW_67_982,VDD,Metal1,281.6800,278.9900,5.000000
TAP_TAPCELL_ROW_67_981,VDD,Metal1,242.4800,278.9900,5.000000
TAP_TAPCELL_ROW_67_980,VDD,Metal1,203.2800,278.9900,5.000000
TAP_TAPCELL_ROW_67_979,VDD,Metal1,164.0800,278.9900,5.000000
TAP_TAPCELL_ROW_67_978,VDD,Metal1,124.8800,278.9900,5.000000
TAP_TAPCELL_ROW_67_977,VDD,Metal1,85.6800,278.9900,5.000000
TAP_TAPCELL_ROW_67_976,VDD,Metal1,46.4800,278.9900,5.000000
TAP_TAPCELL_ROW_66_975,VDD,Metal1,418.8800,277.6500,5.000000
TAP_TAPCELL_ROW_66_974,VDD,Metal1,379.6800,277.6500,5.000000
TAP_TAPCELL_ROW_66_973,VDD,Metal1,340.4800,277.6500,5.000000
TAP_TAPCELL_ROW_66_972,VDD,Metal1,301.2800,277.6500,5.000000
TAP_TAPCELL_ROW_66_971,VDD,Metal1,262.0800,277.6500,5.000000
TAP_TAPCELL_ROW_66_970,VDD,Metal1,222.8800,277.6500,5.000000
TAP_TAPCELL_ROW_66_969,VDD,Metal1,183.6800,277.6500,5.000000
TAP_TAPCELL_ROW_66_968,VDD,Metal1,144.4800,277.6500,5.000000
TAP_TAPCELL_ROW_66_967,VDD,Metal1,105.2800,277.6500,5.000000
TAP_TAPCELL_ROW_66_966,VDD,Metal1,66.0800,277.6500,5.000000
TAP_TAPCELL_ROW_66_965,VDD,Metal1,26.8800,277.6500,5.000000
TAP_TAPCELL_ROW_65_964,VDD,Metal1,438.4800,271.1500,5.000000
TAP_TAPCELL_ROW_65_963,VDD,Metal1,399.2800,271.1500,5.000000
TAP_TAPCELL_ROW_65_962,VDD,Metal1,360.0800,271.1500,5.000000
TAP_TAPCELL_ROW_65_961,VDD,Metal1,320.8800,271.1500,5.000000
TAP_TAPCELL_ROW_65_960,VDD,Metal1,281.6800,271.1500,5.000000
TAP_TAPCELL_ROW_65_959,VDD,Metal1,242.4800,271.1500,5.000000
TAP_TAPCELL_ROW_65_958,VDD,Metal1,203.2800,271.1500,5.000000
TAP_TAPCELL_ROW_65_957,VDD,Metal1,164.0800,271.1500,5.000000
TAP_TAPCELL_ROW_65_956,VDD,Metal1,124.8800,271.1500,5.000000
TAP_TAPCELL_ROW_65_955,VDD,Metal1,85.6800,271.1500,5.000000
TAP_TAPCELL_ROW_65_954,VDD,Metal1,46.4800,271.1500,5.000000
TAP_TAPCELL_ROW_64_953,VDD,Metal1,418.8800,269.8100,5.000000
TAP_TAPCELL_ROW_64_952,VDD,Metal1,379.6800,269.8100,5.000000
TAP_TAPCELL_ROW_64_951,VDD,Metal1,340.4800,269.8100,5.000000
TAP_TAPCELL_ROW_64_950,VDD,Metal1,301.2800,269.8100,5.000000
TAP_TAPCELL_ROW_64_949,VDD,Metal1,262.0800,269.8100,5.000000
TAP_TAPCELL_ROW_64_948,VDD,Metal1,222.8800,269.8100,5.000000
TAP_TAPCELL_ROW_64_947,VDD,Metal1,183.6800,269.8100,5.000000
TAP_TAPCELL_ROW_64_946,VDD,Metal1,144.4800,269.8100,5.000000
TAP_TAPCELL_ROW_64_945,VDD,Metal1,105.2800,269.8100,5.000000
TAP_TAPCELL_ROW_64_944,VDD,Metal1,66.0800,269.8100,5.000000
TAP_TAPCELL_ROW_64_943,VDD,Metal1,26.8800,269.8100,5.000000
TAP_TAPCELL_ROW_63_942,VDD,Metal1,438.4800,263.3100,5.000000
TAP_TAPCELL_ROW_63_941,VDD,Metal1,399.2800,263.3100,5.000000
TAP_TAPCELL_ROW_63_940,VDD,Metal1,360.0800,263.3100,5.000000
TAP_TAPCELL_ROW_63_939,VDD,Metal1,320.8800,263.3100,5.000000
TAP_TAPCELL_ROW_63_938,VDD,Metal1,281.6800,263.3100,5.000000
TAP_TAPCELL_ROW_63_937,VDD,Metal1,242.4800,263.3100,5.000000
TAP_TAPCELL_ROW_63_936,VDD,Metal1,203.2800,263.3100,5.000000
TAP_TAPCELL_ROW_63_935,VDD,Metal1,164.0800,263.3100,5.000000
TAP_TAPCELL_ROW_63_934,VDD,Metal1,124.8800,263.3100,5.000000
TAP_TAPCELL_ROW_63_933,VDD,Metal1,85.6800,263.3100,5.000000
TAP_TAPCELL_ROW_63_932,VDD,Metal1,46.4800,263.3100,5.000000
TAP_TAPCELL_ROW_62_931,VDD,Metal1,418.8800,261.9700,5.000000
TAP_TAPCELL_ROW_62_930,VDD,Metal1,379.6800,261.9700,5.000000
TAP_TAPCELL_ROW_62_929,VDD,Metal1,340.4800,261.9700,5.000000
TAP_TAPCELL_ROW_62_928,VDD,Metal1,301.2800,261.9700,5.000000
TAP_TAPCELL_ROW_62_927,VDD,Metal1,262.0800,261.9700,5.000000
TAP_TAPCELL_ROW_62_926,VDD,Metal1,222.8800,261.9700,5.000000
TAP_TAPCELL_ROW_62_925,VDD,Metal1,183.6800,261.9700,5.000000
TAP_TAPCELL_ROW_62_924,VDD,Metal1,144.4800,261.9700,5.000000
TAP_TAPCELL_ROW_62_923,VDD,Metal1,105.2800,261.9700,5.000000
TAP_TAPCELL_ROW_62_922,VDD,Metal1,66.0800,261.9700,5.000000
TAP_TAPCELL_ROW_62_921,VDD,Metal1,26.8800,261.9700,5.000000
TAP_TAPCELL_ROW_61_920,VDD,Metal1,438.4800,255.4700,5.000000
TAP_TAPCELL_ROW_61_919,VDD,Metal1,399.2800,255.4700,5.000000
TAP_TAPCELL_ROW_61_918,VDD,Metal1,360.0800,255.4700,5.000000
TAP_TAPCELL_ROW_61_917,VDD,Metal1,320.8800,255.4700,5.000000
TAP_TAPCELL_ROW_61_916,VDD,Metal1,281.6800,255.4700,5.000000
TAP_TAPCELL_ROW_61_915,VDD,Metal1,242.4800,255.4700,5.000000
TAP_TAPCELL_ROW_61_914,VDD,Metal1,203.2800,255.4700,5.000000
TAP_TAPCELL_ROW_61_913,VDD,Metal1,164.0800,255.4700,5.000000
TAP_TAPCELL_ROW_61_912,VDD,Metal1,124.8800,255.4700,5.000000
TAP_TAPCELL_ROW_61_911,VDD,Metal1,85.6800,255.4700,5.000000
TAP_TAPCELL_ROW_61_910,VDD,Metal1,46.4800,255.4700,5.000000
TAP_TAPCELL_ROW_60_909,VDD,Metal1,418.8800,254.1300,5.000000
TAP_TAPCELL_ROW_60_908,VDD,Metal1,379.6800,254.1300,5.000000
TAP_TAPCELL_ROW_60_907,VDD,Metal1,340.4800,254.1300,5.000000
TAP_TAPCELL_ROW_60_906,VDD,Metal1,301.2800,254.1300,5.000000
TAP_TAPCELL_ROW_60_905,VDD,Metal1,262.0800,254.1300,5.000000
TAP_TAPCELL_ROW_60_904,VDD,Metal1,222.8800,254.1300,5.000000
TAP_TAPCELL_ROW_60_903,VDD,Metal1,183.6800,254.1300,5.000000
TAP_TAPCELL_ROW_60_902,VDD,Metal1,144.4800,254.1300,5.000000
TAP_TAPCELL_ROW_60_901,VDD,Metal1,105.2800,254.1300,5.000000
TAP_TAPCELL_ROW_60_900,VDD,Metal1,66.0800,254.1300,5.000000
TAP_TAPCELL_ROW_60_899,VDD,Metal1,26.8800,254.1300,5.000000
TAP_TAPCELL_ROW_59_898,VDD,Metal1,438.4800,247.6300,5.000000
TAP_TAPCELL_ROW_59_897,VDD,Metal1,399.2800,247.6300,5.000000
TAP_TAPCELL_ROW_59_896,VDD,Metal1,360.0800,247.6300,5.000000
TAP_TAPCELL_ROW_59_895,VDD,Metal1,320.8800,247.6300,5.000000
TAP_TAPCELL_ROW_59_894,VDD,Metal1,281.6800,247.6300,5.000000
TAP_TAPCELL_ROW_59_893,VDD,Metal1,242.4800,247.6300,5.000000
TAP_TAPCELL_ROW_59_892,VDD,Metal1,203.2800,247.6300,5.000000
TAP_TAPCELL_ROW_59_891,VDD,Metal1,164.0800,247.6300,5.000000
TAP_TAPCELL_ROW_59_890,VDD,Metal1,124.8800,247.6300,5.000000
TAP_TAPCELL_ROW_59_889,VDD,Metal1,85.6800,247.6300,5.000000
TAP_TAPCELL_ROW_59_888,VDD,Metal1,46.4800,247.6300,5.000000
TAP_TAPCELL_ROW_58_887,VDD,Metal1,418.8800,246.2900,5.000000
TAP_TAPCELL_ROW_58_886,VDD,Metal1,379.6800,246.2900,5.000000
TAP_TAPCELL_ROW_58_885,VDD,Metal1,340.4800,246.2900,5.000000
TAP_TAPCELL_ROW_58_884,VDD,Metal1,301.2800,246.2900,5.000000
TAP_TAPCELL_ROW_58_883,VDD,Metal1,262.0800,246.2900,5.000000
TAP_TAPCELL_ROW_58_882,VDD,Metal1,222.8800,246.2900,5.000000
TAP_TAPCELL_ROW_58_881,VDD,Metal1,183.6800,246.2900,5.000000
TAP_TAPCELL_ROW_58_880,VDD,Metal1,144.4800,246.2900,5.000000
TAP_TAPCELL_ROW_58_879,VDD,Metal1,105.2800,246.2900,5.000000
TAP_TAPCELL_ROW_58_878,VDD,Metal1,66.0800,246.2900,5.000000
TAP_TAPCELL_ROW_58_877,VDD,Metal1,26.8800,246.2900,5.000000
TAP_TAPCELL_ROW_57_876,VDD,Metal1,438.4800,239.7900,5.000000
TAP_TAPCELL_ROW_57_875,VDD,Metal1,399.2800,239.7900,5.000000
TAP_TAPCELL_ROW_57_874,VDD,Metal1,360.0800,239.7900,5.000000
TAP_TAPCELL_ROW_57_873,VDD,Metal1,320.8800,239.7900,5.000000
TAP_TAPCELL_ROW_57_872,VDD,Metal1,281.6800,239.7900,5.000000
TAP_TAPCELL_ROW_57_871,VDD,Metal1,242.4800,239.7900,5.000000
TAP_TAPCELL_ROW_57_870,VDD,Metal1,203.2800,239.7900,5.000000
TAP_TAPCELL_ROW_57_869,VDD,Metal1,164.0800,239.7900,5.000000
TAP_TAPCELL_ROW_57_868,VDD,Metal1,124.8800,239.7900,5.000000
TAP_TAPCELL_ROW_57_867,VDD,Metal1,85.6800,239.7900,5.000000
TAP_TAPCELL_ROW_57_866,VDD,Metal1,46.4800,239.7900,5.000000
TAP_TAPCELL_ROW_56_865,VDD,Metal1,418.8800,238.4500,5.000000
TAP_TAPCELL_ROW_56_864,VDD,Metal1,379.6800,238.4500,5.000000
TAP_TAPCELL_ROW_56_863,VDD,Metal1,340.4800,238.4500,5.000000
TAP_TAPCELL_ROW_56_862,VDD,Metal1,301.2800,238.4500,5.000000
TAP_TAPCELL_ROW_56_861,VDD,Metal1,262.0800,238.4500,5.000000
TAP_TAPCELL_ROW_56_860,VDD,Metal1,222.8800,238.4500,5.000000
TAP_TAPCELL_ROW_56_859,VDD,Metal1,183.6800,238.4500,5.000000
TAP_TAPCELL_ROW_56_858,VDD,Metal1,144.4800,238.4500,5.000000
TAP_TAPCELL_ROW_56_857,VDD,Metal1,105.2800,238.4500,5.000000
TAP_TAPCELL_ROW_56_856,VDD,Metal1,66.0800,238.4500,5.000000
TAP_TAPCELL_ROW_56_855,VDD,Metal1,26.8800,238.4500,5.000000
TAP_TAPCELL_ROW_55_854,VDD,Metal1,438.4800,231.9500,5.000000
TAP_TAPCELL_ROW_55_853,VDD,Metal1,399.2800,231.9500,5.000000
TAP_TAPCELL_ROW_55_852,VDD,Metal1,360.0800,231.9500,5.000000
TAP_TAPCELL_ROW_55_851,VDD,Metal1,320.8800,231.9500,5.000000
TAP_TAPCELL_ROW_55_850,VDD,Metal1,281.6800,231.9500,5.000000
TAP_TAPCELL_ROW_55_849,VDD,Metal1,242.4800,231.9500,5.000000
TAP_TAPCELL_ROW_55_848,VDD,Metal1,203.2800,231.9500,5.000000
TAP_TAPCELL_ROW_55_847,VDD,Metal1,164.0800,231.9500,5.000000
TAP_TAPCELL_ROW_55_846,VDD,Metal1,124.8800,231.9500,5.000000
TAP_TAPCELL_ROW_55_845,VDD,Metal1,85.6800,231.9500,5.000000
TAP_TAPCELL_ROW_55_844,VDD,Metal1,46.4800,231.9500,5.000000
TAP_TAPCELL_ROW_54_843,VDD,Metal1,418.8800,230.6100,5.000000
TAP_TAPCELL_ROW_54_842,VDD,Metal1,379.6800,230.6100,5.000000
TAP_TAPCELL_ROW_54_841,VDD,Metal1,340.4800,230.6100,5.000000
TAP_TAPCELL_ROW_54_840,VDD,Metal1,301.2800,230.6100,5.000000
TAP_TAPCELL_ROW_54_839,VDD,Metal1,262.0800,230.6100,5.000000
TAP_TAPCELL_ROW_54_838,VDD,Metal1,222.8800,230.6100,5.000000
TAP_TAPCELL_ROW_54_837,VDD,Metal1,183.6800,230.6100,5.000000
TAP_TAPCELL_ROW_54_836,VDD,Metal1,144.4800,230.6100,5.000000
TAP_TAPCELL_ROW_54_835,VDD,Metal1,105.2800,230.6100,5.000000
TAP_TAPCELL_ROW_54_834,VDD,Metal1,66.0800,230.6100,5.000000
TAP_TAPCELL_ROW_54_833,VDD,Metal1,26.8800,230.6100,5.000000
TAP_TAPCELL_ROW_53_832,VDD,Metal1,438.4800,224.1100,5.000000
TAP_TAPCELL_ROW_53_831,VDD,Metal1,399.2800,224.1100,5.000000
TAP_TAPCELL_ROW_53_830,VDD,Metal1,360.0800,224.1100,5.000000
TAP_TAPCELL_ROW_53_829,VDD,Metal1,320.8800,224.1100,5.000000
TAP_TAPCELL_ROW_53_828,VDD,Metal1,281.6800,224.1100,5.000000
TAP_TAPCELL_ROW_53_827,VDD,Metal1,242.4800,224.1100,5.000000
TAP_TAPCELL_ROW_53_826,VDD,Metal1,203.2800,224.1100,5.000000
TAP_TAPCELL_ROW_53_825,VDD,Metal1,164.0800,224.1100,5.000000
TAP_TAPCELL_ROW_53_824,VDD,Metal1,124.8800,224.1100,5.000000
TAP_TAPCELL_ROW_53_823,VDD,Metal1,85.6800,224.1100,5.000000
TAP_TAPCELL_ROW_53_822,VDD,Metal1,46.4800,224.1100,5.000000
TAP_TAPCELL_ROW_52_821,VDD,Metal1,418.8800,222.7700,5.000000
TAP_TAPCELL_ROW_52_820,VDD,Metal1,379.6800,222.7700,5.000000
TAP_TAPCELL_ROW_52_819,VDD,Metal1,340.4800,222.7700,5.000000
TAP_TAPCELL_ROW_52_818,VDD,Metal1,301.2800,222.7700,5.000000
TAP_TAPCELL_ROW_52_817,VDD,Metal1,262.0800,222.7700,5.000000
TAP_TAPCELL_ROW_52_816,VDD,Metal1,222.8800,222.7700,5.000000
TAP_TAPCELL_ROW_52_815,VDD,Metal1,183.6800,222.7700,5.000000
TAP_TAPCELL_ROW_52_814,VDD,Metal1,144.4800,222.7700,5.000000
TAP_TAPCELL_ROW_52_813,VDD,Metal1,105.2800,222.7700,5.000000
TAP_TAPCELL_ROW_52_812,VDD,Metal1,66.0800,222.7700,5.000000
TAP_TAPCELL_ROW_52_811,VDD,Metal1,26.8800,222.7700,5.000000
TAP_TAPCELL_ROW_51_810,VDD,Metal1,438.4800,216.2700,5.000000
TAP_TAPCELL_ROW_51_809,VDD,Metal1,399.2800,216.2700,5.000000
TAP_TAPCELL_ROW_51_808,VDD,Metal1,360.0800,216.2700,5.000000
TAP_TAPCELL_ROW_51_807,VDD,Metal1,320.8800,216.2700,5.000000
TAP_TAPCELL_ROW_51_806,VDD,Metal1,281.6800,216.2700,5.000000
TAP_TAPCELL_ROW_51_805,VDD,Metal1,242.4800,216.2700,5.000000
TAP_TAPCELL_ROW_51_804,VDD,Metal1,203.2800,216.2700,5.000000
TAP_TAPCELL_ROW_51_803,VDD,Metal1,164.0800,216.2700,5.000000
TAP_TAPCELL_ROW_51_802,VDD,Metal1,124.8800,216.2700,5.000000
TAP_TAPCELL_ROW_51_801,VDD,Metal1,85.6800,216.2700,5.000000
TAP_TAPCELL_ROW_51_800,VDD,Metal1,46.4800,216.2700,5.000000
TAP_TAPCELL_ROW_50_799,VDD,Metal1,418.8800,214.9300,5.000000
TAP_TAPCELL_ROW_50_798,VDD,Metal1,379.6800,214.9300,5.000000
TAP_TAPCELL_ROW_50_797,VDD,Metal1,340.4800,214.9300,5.000000
TAP_TAPCELL_ROW_50_796,VDD,Metal1,301.2800,214.9300,5.000000
TAP_TAPCELL_ROW_50_795,VDD,Metal1,262.0800,214.9300,5.000000
TAP_TAPCELL_ROW_50_794,VDD,Metal1,222.8800,214.9300,5.000000
TAP_TAPCELL_ROW_50_793,VDD,Metal1,183.6800,214.9300,5.000000
TAP_TAPCELL_ROW_50_792,VDD,Metal1,144.4800,214.9300,5.000000
TAP_TAPCELL_ROW_50_791,VDD,Metal1,105.2800,214.9300,5.000000
TAP_TAPCELL_ROW_50_790,VDD,Metal1,66.0800,214.9300,5.000000
TAP_TAPCELL_ROW_50_789,VDD,Metal1,26.8800,214.9300,5.000000
TAP_TAPCELL_ROW_49_788,VDD,Metal1,438.4800,208.4300,5.000000
TAP_TAPCELL_ROW_49_787,VDD,Metal1,399.2800,208.4300,5.000000
TAP_TAPCELL_ROW_49_786,VDD,Metal1,360.0800,208.4300,5.000000
TAP_TAPCELL_ROW_49_785,VDD,Metal1,320.8800,208.4300,5.000000
TAP_TAPCELL_ROW_49_784,VDD,Metal1,281.6800,208.4300,5.000000
TAP_TAPCELL_ROW_49_783,VDD,Metal1,242.4800,208.4300,5.000000
TAP_TAPCELL_ROW_49_782,VDD,Metal1,203.2800,208.4300,5.000000
TAP_TAPCELL_ROW_49_781,VDD,Metal1,164.0800,208.4300,5.000000
TAP_TAPCELL_ROW_49_780,VDD,Metal1,124.8800,208.4300,5.000000
TAP_TAPCELL_ROW_49_779,VDD,Metal1,85.6800,208.4300,5.000000
TAP_TAPCELL_ROW_49_778,VDD,Metal1,46.4800,208.4300,5.000000
TAP_TAPCELL_ROW_48_777,VDD,Metal1,418.8800,207.0900,5.000000
TAP_TAPCELL_ROW_48_776,VDD,Metal1,379.6800,207.0900,5.000000
TAP_TAPCELL_ROW_48_775,VDD,Metal1,340.4800,207.0900,5.000000
TAP_TAPCELL_ROW_48_774,VDD,Metal1,301.2800,207.0900,5.000000
TAP_TAPCELL_ROW_48_773,VDD,Metal1,262.0800,207.0900,5.000000
TAP_TAPCELL_ROW_48_772,VDD,Metal1,222.8800,207.0900,5.000000
TAP_TAPCELL_ROW_48_771,VDD,Metal1,183.6800,207.0900,5.000000
TAP_TAPCELL_ROW_48_770,VDD,Metal1,144.4800,207.0900,5.000000
TAP_TAPCELL_ROW_48_769,VDD,Metal1,105.2800,207.0900,5.000000
TAP_TAPCELL_ROW_48_768,VDD,Metal1,66.0800,207.0900,5.000000
TAP_TAPCELL_ROW_48_767,VDD,Metal1,26.8800,207.0900,5.000000
TAP_TAPCELL_ROW_47_766,VDD,Metal1,438.4800,200.5900,5.000000
TAP_TAPCELL_ROW_47_765,VDD,Metal1,399.2800,200.5900,5.000000
TAP_TAPCELL_ROW_47_764,VDD,Metal1,360.0800,200.5900,5.000000
TAP_TAPCELL_ROW_47_763,VDD,Metal1,320.8800,200.5900,5.000000
TAP_TAPCELL_ROW_47_762,VDD,Metal1,281.6800,200.5900,5.000000
TAP_TAPCELL_ROW_47_761,VDD,Metal1,242.4800,200.5900,5.000000
TAP_TAPCELL_ROW_47_760,VDD,Metal1,203.2800,200.5900,5.000000
TAP_TAPCELL_ROW_47_759,VDD,Metal1,164.0800,200.5900,5.000000
TAP_TAPCELL_ROW_47_758,VDD,Metal1,124.8800,200.5900,5.000000
TAP_TAPCELL_ROW_47_757,VDD,Metal1,85.6800,200.5900,5.000000
TAP_TAPCELL_ROW_47_756,VDD,Metal1,46.4800,200.5900,5.000000
TAP_TAPCELL_ROW_46_755,VDD,Metal1,418.8800,199.2500,5.000000
TAP_TAPCELL_ROW_46_754,VDD,Metal1,379.6800,199.2500,5.000000
TAP_TAPCELL_ROW_46_753,VDD,Metal1,340.4800,199.2500,5.000000
TAP_TAPCELL_ROW_46_752,VDD,Metal1,301.2800,199.2500,5.000000
TAP_TAPCELL_ROW_46_751,VDD,Metal1,262.0800,199.2500,5.000000
TAP_TAPCELL_ROW_46_750,VDD,Metal1,222.8800,199.2500,5.000000
TAP_TAPCELL_ROW_46_749,VDD,Metal1,183.6800,199.2500,5.000000
TAP_TAPCELL_ROW_46_748,VDD,Metal1,144.4800,199.2500,5.000000
TAP_TAPCELL_ROW_46_747,VDD,Metal1,105.2800,199.2500,5.000000
TAP_TAPCELL_ROW_46_746,VDD,Metal1,66.0800,199.2500,5.000000
TAP_TAPCELL_ROW_46_745,VDD,Metal1,26.8800,199.2500,5.000000
TAP_TAPCELL_ROW_45_744,VDD,Metal1,438.4800,192.7500,5.000000
TAP_TAPCELL_ROW_45_743,VDD,Metal1,399.2800,192.7500,5.000000
TAP_TAPCELL_ROW_45_742,VDD,Metal1,360.0800,192.7500,5.000000
TAP_TAPCELL_ROW_45_741,VDD,Metal1,320.8800,192.7500,5.000000
TAP_TAPCELL_ROW_45_740,VDD,Metal1,281.6800,192.7500,5.000000
TAP_TAPCELL_ROW_45_739,VDD,Metal1,242.4800,192.7500,5.000000
TAP_TAPCELL_ROW_45_738,VDD,Metal1,203.2800,192.7500,5.000000
TAP_TAPCELL_ROW_45_737,VDD,Metal1,164.0800,192.7500,5.000000
TAP_TAPCELL_ROW_45_736,VDD,Metal1,124.8800,192.7500,5.000000
TAP_TAPCELL_ROW_45_735,VDD,Metal1,85.6800,192.7500,5.000000
TAP_TAPCELL_ROW_45_734,VDD,Metal1,46.4800,192.7500,5.000000
TAP_TAPCELL_ROW_44_733,VDD,Metal1,418.8800,191.4100,5.000000
TAP_TAPCELL_ROW_44_732,VDD,Metal1,379.6800,191.4100,5.000000
TAP_TAPCELL_ROW_44_731,VDD,Metal1,340.4800,191.4100,5.000000
TAP_TAPCELL_ROW_44_730,VDD,Metal1,301.2800,191.4100,5.000000
TAP_TAPCELL_ROW_44_729,VDD,Metal1,262.0800,191.4100,5.000000
TAP_TAPCELL_ROW_44_728,VDD,Metal1,222.8800,191.4100,5.000000
TAP_TAPCELL_ROW_44_727,VDD,Metal1,183.6800,191.4100,5.000000
TAP_TAPCELL_ROW_44_726,VDD,Metal1,144.4800,191.4100,5.000000
TAP_TAPCELL_ROW_44_725,VDD,Metal1,105.2800,191.4100,5.000000
TAP_TAPCELL_ROW_44_724,VDD,Metal1,66.0800,191.4100,5.000000
TAP_TAPCELL_ROW_44_723,VDD,Metal1,26.8800,191.4100,5.000000
TAP_TAPCELL_ROW_43_722,VDD,Metal1,438.4800,184.9100,5.000000
TAP_TAPCELL_ROW_43_721,VDD,Metal1,399.2800,184.9100,5.000000
TAP_TAPCELL_ROW_43_720,VDD,Metal1,360.0800,184.9100,5.000000
TAP_TAPCELL_ROW_43_719,VDD,Metal1,320.8800,184.9100,5.000000
TAP_TAPCELL_ROW_43_718,VDD,Metal1,281.6800,184.9100,5.000000
TAP_TAPCELL_ROW_43_717,VDD,Metal1,242.4800,184.9100,5.000000
TAP_TAPCELL_ROW_43_716,VDD,Metal1,203.2800,184.9100,5.000000
TAP_TAPCELL_ROW_43_715,VDD,Metal1,164.0800,184.9100,5.000000
TAP_TAPCELL_ROW_43_714,VDD,Metal1,124.8800,184.9100,5.000000
TAP_TAPCELL_ROW_43_713,VDD,Metal1,85.6800,184.9100,5.000000
TAP_TAPCELL_ROW_43_712,VDD,Metal1,46.4800,184.9100,5.000000
TAP_TAPCELL_ROW_42_711,VDD,Metal1,418.8800,183.5700,5.000000
TAP_TAPCELL_ROW_42_710,VDD,Metal1,379.6800,183.5700,5.000000
TAP_TAPCELL_ROW_42_709,VDD,Metal1,340.4800,183.5700,5.000000
TAP_TAPCELL_ROW_42_708,VDD,Metal1,301.2800,183.5700,5.000000
TAP_TAPCELL_ROW_42_707,VDD,Metal1,262.0800,183.5700,5.000000
TAP_TAPCELL_ROW_42_706,VDD,Metal1,222.8800,183.5700,5.000000
TAP_TAPCELL_ROW_42_705,VDD,Metal1,183.6800,183.5700,5.000000
TAP_TAPCELL_ROW_42_704,VDD,Metal1,144.4800,183.5700,5.000000
TAP_TAPCELL_ROW_42_703,VDD,Metal1,105.2800,183.5700,5.000000
TAP_TAPCELL_ROW_42_702,VDD,Metal1,66.0800,183.5700,5.000000
TAP_TAPCELL_ROW_42_701,VDD,Metal1,26.8800,183.5700,5.000000
TAP_TAPCELL_ROW_41_700,VDD,Metal1,438.4800,177.0700,5.000000
TAP_TAPCELL_ROW_41_699,VDD,Metal1,399.2800,177.0700,5.000000
TAP_TAPCELL_ROW_41_698,VDD,Metal1,360.0800,177.0700,5.000000
TAP_TAPCELL_ROW_41_697,VDD,Metal1,320.8800,177.0700,5.000000
TAP_TAPCELL_ROW_41_696,VDD,Metal1,281.6800,177.0700,5.000000
TAP_TAPCELL_ROW_41_695,VDD,Metal1,242.4800,177.0700,5.000000
TAP_TAPCELL_ROW_41_694,VDD,Metal1,203.2800,177.0700,5.000000
TAP_TAPCELL_ROW_41_693,VDD,Metal1,164.0800,177.0700,5.000000
TAP_TAPCELL_ROW_41_692,VDD,Metal1,124.8800,177.0700,5.000000
TAP_TAPCELL_ROW_41_691,VDD,Metal1,85.6800,177.0700,5.000000
TAP_TAPCELL_ROW_41_690,VDD,Metal1,46.4800,177.0700,5.000000
TAP_TAPCELL_ROW_40_689,VDD,Metal1,418.8800,175.7300,5.000000
TAP_TAPCELL_ROW_40_688,VDD,Metal1,379.6800,175.7300,5.000000
TAP_TAPCELL_ROW_40_687,VDD,Metal1,340.4800,175.7300,5.000000
TAP_TAPCELL_ROW_40_686,VDD,Metal1,301.2800,175.7300,5.000000
TAP_TAPCELL_ROW_40_685,VDD,Metal1,262.0800,175.7300,5.000000
TAP_TAPCELL_ROW_40_684,VDD,Metal1,222.8800,175.7300,5.000000
TAP_TAPCELL_ROW_40_683,VDD,Metal1,183.6800,175.7300,5.000000
TAP_TAPCELL_ROW_40_682,VDD,Metal1,144.4800,175.7300,5.000000
TAP_TAPCELL_ROW_40_681,VDD,Metal1,105.2800,175.7300,5.000000
TAP_TAPCELL_ROW_40_680,VDD,Metal1,66.0800,175.7300,5.000000
TAP_TAPCELL_ROW_40_679,VDD,Metal1,26.8800,175.7300,5.000000
TAP_TAPCELL_ROW_39_678,VDD,Metal1,438.4800,169.2300,5.000000
TAP_TAPCELL_ROW_39_677,VDD,Metal1,399.2800,169.2300,5.000000
TAP_TAPCELL_ROW_39_676,VDD,Metal1,360.0800,169.2300,5.000000
TAP_TAPCELL_ROW_39_675,VDD,Metal1,320.8800,169.2300,5.000000
TAP_TAPCELL_ROW_39_674,VDD,Metal1,281.6800,169.2300,5.000000
TAP_TAPCELL_ROW_39_673,VDD,Metal1,242.4800,169.2300,5.000000
TAP_TAPCELL_ROW_39_672,VDD,Metal1,203.2800,169.2300,5.000000
TAP_TAPCELL_ROW_39_671,VDD,Metal1,164.0800,169.2300,5.000000
TAP_TAPCELL_ROW_39_670,VDD,Metal1,124.8800,169.2300,5.000000
TAP_TAPCELL_ROW_39_669,VDD,Metal1,85.6800,169.2300,5.000000
TAP_TAPCELL_ROW_39_668,VDD,Metal1,46.4800,169.2300,5.000000
TAP_TAPCELL_ROW_38_667,VDD,Metal1,418.8800,167.8900,5.000000
TAP_TAPCELL_ROW_38_666,VDD,Metal1,379.6800,167.8900,5.000000
TAP_TAPCELL_ROW_38_665,VDD,Metal1,340.4800,167.8900,5.000000
TAP_TAPCELL_ROW_38_664,VDD,Metal1,301.2800,167.8900,5.000000
TAP_TAPCELL_ROW_38_663,VDD,Metal1,262.0800,167.8900,5.000000
TAP_TAPCELL_ROW_38_662,VDD,Metal1,222.8800,167.8900,5.000000
TAP_TAPCELL_ROW_38_661,VDD,Metal1,183.6800,167.8900,5.000000
TAP_TAPCELL_ROW_38_660,VDD,Metal1,144.4800,167.8900,5.000000
TAP_TAPCELL_ROW_38_659,VDD,Metal1,105.2800,167.8900,5.000000
TAP_TAPCELL_ROW_38_658,VDD,Metal1,66.0800,167.8900,5.000000
TAP_TAPCELL_ROW_38_657,VDD,Metal1,26.8800,167.8900,5.000000
TAP_TAPCELL_ROW_37_656,VDD,Metal1,438.4800,161.3900,5.000000
TAP_TAPCELL_ROW_37_655,VDD,Metal1,399.2800,161.3900,5.000000
TAP_TAPCELL_ROW_37_654,VDD,Metal1,360.0800,161.3900,5.000000
TAP_TAPCELL_ROW_37_653,VDD,Metal1,320.8800,161.3900,5.000000
TAP_TAPCELL_ROW_37_652,VDD,Metal1,281.6800,161.3900,5.000000
TAP_TAPCELL_ROW_37_651,VDD,Metal1,242.4800,161.3900,5.000000
TAP_TAPCELL_ROW_37_650,VDD,Metal1,203.2800,161.3900,5.000000
TAP_TAPCELL_ROW_37_649,VDD,Metal1,164.0800,161.3900,5.000000
TAP_TAPCELL_ROW_37_648,VDD,Metal1,124.8800,161.3900,5.000000
TAP_TAPCELL_ROW_37_647,VDD,Metal1,85.6800,161.3900,5.000000
TAP_TAPCELL_ROW_37_646,VDD,Metal1,46.4800,161.3900,5.000000
TAP_TAPCELL_ROW_36_645,VDD,Metal1,418.8800,160.0500,5.000000
TAP_TAPCELL_ROW_36_644,VDD,Metal1,379.6800,160.0500,5.000000
TAP_TAPCELL_ROW_36_643,VDD,Metal1,340.4800,160.0500,5.000000
TAP_TAPCELL_ROW_36_642,VDD,Metal1,301.2800,160.0500,5.000000
TAP_TAPCELL_ROW_36_641,VDD,Metal1,262.0800,160.0500,5.000000
TAP_TAPCELL_ROW_36_640,VDD,Metal1,222.8800,160.0500,5.000000
TAP_TAPCELL_ROW_36_639,VDD,Metal1,183.6800,160.0500,5.000000
TAP_TAPCELL_ROW_36_638,VDD,Metal1,144.4800,160.0500,5.000000
TAP_TAPCELL_ROW_36_637,VDD,Metal1,105.2800,160.0500,5.000000
TAP_TAPCELL_ROW_36_636,VDD,Metal1,66.0800,160.0500,5.000000
TAP_TAPCELL_ROW_36_635,VDD,Metal1,26.8800,160.0500,5.000000
TAP_TAPCELL_ROW_35_634,VDD,Metal1,438.4800,153.5500,5.000000
TAP_TAPCELL_ROW_35_633,VDD,Metal1,399.2800,153.5500,5.000000
TAP_TAPCELL_ROW_35_632,VDD,Metal1,360.0800,153.5500,5.000000
TAP_TAPCELL_ROW_35_631,VDD,Metal1,320.8800,153.5500,5.000000
TAP_TAPCELL_ROW_35_630,VDD,Metal1,281.6800,153.5500,5.000000
TAP_TAPCELL_ROW_35_629,VDD,Metal1,242.4800,153.5500,5.000000
TAP_TAPCELL_ROW_35_628,VDD,Metal1,203.2800,153.5500,5.000000
TAP_TAPCELL_ROW_35_627,VDD,Metal1,164.0800,153.5500,5.000000
TAP_TAPCELL_ROW_35_626,VDD,Metal1,124.8800,153.5500,5.000000
TAP_TAPCELL_ROW_35_625,VDD,Metal1,85.6800,153.5500,5.000000
TAP_TAPCELL_ROW_35_624,VDD,Metal1,46.4800,153.5500,5.000000
TAP_TAPCELL_ROW_34_623,VDD,Metal1,418.8800,152.2100,5.000000
TAP_TAPCELL_ROW_34_622,VDD,Metal1,379.6800,152.2100,5.000000
TAP_TAPCELL_ROW_34_621,VDD,Metal1,340.4800,152.2100,5.000000
TAP_TAPCELL_ROW_34_620,VDD,Metal1,301.2800,152.2100,5.000000
TAP_TAPCELL_ROW_34_619,VDD,Metal1,262.0800,152.2100,5.000000
TAP_TAPCELL_ROW_34_618,VDD,Metal1,222.8800,152.2100,5.000000
TAP_TAPCELL_ROW_34_617,VDD,Metal1,183.6800,152.2100,5.000000
TAP_TAPCELL_ROW_34_616,VDD,Metal1,144.4800,152.2100,5.000000
TAP_TAPCELL_ROW_34_615,VDD,Metal1,105.2800,152.2100,5.000000
TAP_TAPCELL_ROW_34_614,VDD,Metal1,66.0800,152.2100,5.000000
TAP_TAPCELL_ROW_34_613,VDD,Metal1,26.8800,152.2100,5.000000
TAP_TAPCELL_ROW_33_612,VDD,Metal1,438.4800,145.7100,5.000000
TAP_TAPCELL_ROW_33_611,VDD,Metal1,399.2800,145.7100,5.000000
TAP_TAPCELL_ROW_33_610,VDD,Metal1,360.0800,145.7100,5.000000
TAP_TAPCELL_ROW_33_609,VDD,Metal1,320.8800,145.7100,5.000000
TAP_TAPCELL_ROW_33_608,VDD,Metal1,281.6800,145.7100,5.000000
TAP_TAPCELL_ROW_33_607,VDD,Metal1,242.4800,145.7100,5.000000
TAP_TAPCELL_ROW_33_606,VDD,Metal1,203.2800,145.7100,5.000000
TAP_TAPCELL_ROW_33_605,VDD,Metal1,164.0800,145.7100,5.000000
TAP_TAPCELL_ROW_33_604,VDD,Metal1,124.8800,145.7100,5.000000
TAP_TAPCELL_ROW_33_603,VDD,Metal1,85.6800,145.7100,5.000000
TAP_TAPCELL_ROW_33_602,VDD,Metal1,46.4800,145.7100,5.000000
TAP_TAPCELL_ROW_32_601,VDD,Metal1,418.8800,144.3700,5.000000
TAP_TAPCELL_ROW_32_600,VDD,Metal1,379.6800,144.3700,5.000000
TAP_TAPCELL_ROW_32_599,VDD,Metal1,340.4800,144.3700,5.000000
TAP_TAPCELL_ROW_32_598,VDD,Metal1,301.2800,144.3700,5.000000
TAP_TAPCELL_ROW_32_597,VDD,Metal1,262.0800,144.3700,5.000000
TAP_TAPCELL_ROW_32_596,VDD,Metal1,222.8800,144.3700,5.000000
TAP_TAPCELL_ROW_32_595,VDD,Metal1,183.6800,144.3700,5.000000
TAP_TAPCELL_ROW_32_594,VDD,Metal1,144.4800,144.3700,5.000000
TAP_TAPCELL_ROW_32_593,VDD,Metal1,105.2800,144.3700,5.000000
TAP_TAPCELL_ROW_32_592,VDD,Metal1,66.0800,144.3700,5.000000
TAP_TAPCELL_ROW_32_591,VDD,Metal1,26.8800,144.3700,5.000000
TAP_TAPCELL_ROW_31_590,VDD,Metal1,438.4800,137.8700,4.999781
TAP_TAPCELL_ROW_31_589,VDD,Metal1,399.2800,137.8700,4.999784
TAP_TAPCELL_ROW_31_588,VDD,Metal1,360.0800,137.8700,4.999812
TAP_TAPCELL_ROW_31_587,VDD,Metal1,320.8800,137.8700,4.999813
TAP_TAPCELL_ROW_31_586,VDD,Metal1,281.6800,137.8700,4.999814
TAP_TAPCELL_ROW_31_585,VDD,Metal1,242.4800,137.8700,4.999818
TAP_TAPCELL_ROW_31_584,VDD,Metal1,203.2800,137.8700,4.999819
TAP_TAPCELL_ROW_31_583,VDD,Metal1,164.0800,137.8700,4.999819
TAP_TAPCELL_ROW_31_582,VDD,Metal1,124.8800,137.8700,4.999820
TAP_TAPCELL_ROW_31_581,VDD,Metal1,85.6800,137.8700,4.999832
TAP_TAPCELL_ROW_31_580,VDD,Metal1,46.4800,137.8700,4.999838
TAP_TAPCELL_ROW_30_579,VDD,Metal1,418.8800,136.5300,4.999784
TAP_TAPCELL_ROW_30_578,VDD,Metal1,379.6800,136.5300,4.999812
TAP_TAPCELL_ROW_30_577,VDD,Metal1,340.4800,136.5300,4.999813
TAP_TAPCELL_ROW_30_576,VDD,Metal1,301.2800,136.5300,4.999814
TAP_TAPCELL_ROW_30_575,VDD,Metal1,262.0800,136.5300,4.999817
TAP_TAPCELL_ROW_30_574,VDD,Metal1,222.8800,136.5300,4.999819
TAP_TAPCELL_ROW_30_573,VDD,Metal1,183.6800,136.5300,4.999819
TAP_TAPCELL_ROW_30_572,VDD,Metal1,144.4800,136.5300,4.999820
TAP_TAPCELL_ROW_30_571,VDD,Metal1,105.2800,136.5300,4.999828
TAP_TAPCELL_ROW_30_570,VDD,Metal1,66.0800,136.5300,4.999837
TAP_TAPCELL_ROW_30_569,VDD,Metal1,26.8800,136.5300,4.999844
TAP_TAPCELL_ROW_29_568,VDD,Metal1,438.4800,130.0300,5.000000
TAP_TAPCELL_ROW_29_567,VDD,Metal1,399.2800,130.0300,5.000000
TAP_TAPCELL_ROW_29_566,VDD,Metal1,360.0800,130.0300,5.000000
TAP_TAPCELL_ROW_29_565,VDD,Metal1,320.8800,130.0300,5.000000
TAP_TAPCELL_ROW_29_564,VDD,Metal1,281.6800,130.0300,5.000000
TAP_TAPCELL_ROW_29_563,VDD,Metal1,242.4800,130.0300,5.000000
TAP_TAPCELL_ROW_29_562,VDD,Metal1,203.2800,130.0300,5.000000
TAP_TAPCELL_ROW_29_561,VDD,Metal1,164.0800,130.0300,5.000000
TAP_TAPCELL_ROW_29_560,VDD,Metal1,124.8800,130.0300,5.000000
TAP_TAPCELL_ROW_29_559,VDD,Metal1,85.6800,130.0300,5.000000
TAP_TAPCELL_ROW_29_558,VDD,Metal1,46.4800,130.0300,5.000000
TAP_TAPCELL_ROW_28_557,VDD,Metal1,418.8800,128.6900,5.000000
TAP_TAPCELL_ROW_28_556,VDD,Metal1,379.6800,128.6900,5.000000
TAP_TAPCELL_ROW_28_555,VDD,Metal1,340.4800,128.6900,5.000000
TAP_TAPCELL_ROW_28_554,VDD,Metal1,301.2800,128.6900,5.000000
TAP_TAPCELL_ROW_28_553,VDD,Metal1,262.0800,128.6900,5.000000
TAP_TAPCELL_ROW_28_552,VDD,Metal1,222.8800,128.6900,5.000000
TAP_TAPCELL_ROW_28_551,VDD,Metal1,183.6800,128.6900,5.000000
TAP_TAPCELL_ROW_28_550,VDD,Metal1,144.4800,128.6900,5.000000
TAP_TAPCELL_ROW_28_549,VDD,Metal1,105.2800,128.6900,5.000000
TAP_TAPCELL_ROW_28_548,VDD,Metal1,66.0800,128.6900,5.000000
TAP_TAPCELL_ROW_28_547,VDD,Metal1,26.8800,128.6900,5.000000
TAP_TAPCELL_ROW_27_546,VDD,Metal1,438.4800,122.1900,5.000000
TAP_TAPCELL_ROW_27_545,VDD,Metal1,399.2800,122.1900,5.000000
TAP_TAPCELL_ROW_27_544,VDD,Metal1,360.0800,122.1900,5.000000
TAP_TAPCELL_ROW_27_543,VDD,Metal1,320.8800,122.1900,5.000000
TAP_TAPCELL_ROW_27_542,VDD,Metal1,281.6800,122.1900,5.000000
TAP_TAPCELL_ROW_27_541,VDD,Metal1,242.4800,122.1900,5.000000
TAP_TAPCELL_ROW_27_540,VDD,Metal1,203.2800,122.1900,5.000000
TAP_TAPCELL_ROW_27_539,VDD,Metal1,164.0800,122.1900,5.000000
TAP_TAPCELL_ROW_27_538,VDD,Metal1,124.8800,122.1900,5.000000
TAP_TAPCELL_ROW_27_537,VDD,Metal1,85.6800,122.1900,5.000000
TAP_TAPCELL_ROW_27_536,VDD,Metal1,46.4800,122.1900,5.000000
TAP_TAPCELL_ROW_26_535,VDD,Metal1,418.8800,120.8500,5.000000
TAP_TAPCELL_ROW_26_534,VDD,Metal1,379.6800,120.8500,5.000000
TAP_TAPCELL_ROW_26_533,VDD,Metal1,340.4800,120.8500,5.000000
TAP_TAPCELL_ROW_26_532,VDD,Metal1,301.2800,120.8500,5.000000
TAP_TAPCELL_ROW_26_531,VDD,Metal1,262.0800,120.8500,5.000000
TAP_TAPCELL_ROW_26_530,VDD,Metal1,222.8800,120.8500,5.000000
TAP_TAPCELL_ROW_26_529,VDD,Metal1,183.6800,120.8500,5.000000
TAP_TAPCELL_ROW_26_528,VDD,Metal1,144.4800,120.8500,5.000000
TAP_TAPCELL_ROW_26_527,VDD,Metal1,105.2800,120.8500,5.000000
TAP_TAPCELL_ROW_26_526,VDD,Metal1,66.0800,120.8500,5.000000
TAP_TAPCELL_ROW_26_525,VDD,Metal1,26.8800,120.8500,5.000000
TAP_TAPCELL_ROW_25_524,VDD,Metal1,438.4800,114.3500,5.000000
TAP_TAPCELL_ROW_25_523,VDD,Metal1,399.2800,114.3500,5.000000
TAP_TAPCELL_ROW_25_522,VDD,Metal1,360.0800,114.3500,5.000000
TAP_TAPCELL_ROW_25_521,VDD,Metal1,320.8800,114.3500,5.000000
TAP_TAPCELL_ROW_25_520,VDD,Metal1,281.6800,114.3500,5.000000
TAP_TAPCELL_ROW_25_519,VDD,Metal1,242.4800,114.3500,5.000000
TAP_TAPCELL_ROW_25_518,VDD,Metal1,203.2800,114.3500,5.000000
TAP_TAPCELL_ROW_25_517,VDD,Metal1,164.0800,114.3500,5.000000
TAP_TAPCELL_ROW_25_516,VDD,Metal1,124.8800,114.3500,5.000000
TAP_TAPCELL_ROW_25_515,VDD,Metal1,85.6800,114.3500,5.000000
TAP_TAPCELL_ROW_25_514,VDD,Metal1,46.4800,114.3500,5.000000
TAP_TAPCELL_ROW_24_513,VDD,Metal1,418.8800,113.0100,5.000000
TAP_TAPCELL_ROW_24_512,VDD,Metal1,379.6800,113.0100,5.000000
TAP_TAPCELL_ROW_24_511,VDD,Metal1,340.4800,113.0100,5.000000
TAP_TAPCELL_ROW_24_510,VDD,Metal1,301.2800,113.0100,5.000000
TAP_TAPCELL_ROW_24_509,VDD,Metal1,262.0800,113.0100,5.000000
TAP_TAPCELL_ROW_24_508,VDD,Metal1,222.8800,113.0100,5.000000
TAP_TAPCELL_ROW_24_507,VDD,Metal1,183.6800,113.0100,5.000000
TAP_TAPCELL_ROW_24_506,VDD,Metal1,144.4800,113.0100,5.000000
TAP_TAPCELL_ROW_24_505,VDD,Metal1,105.2800,113.0100,5.000000
TAP_TAPCELL_ROW_24_504,VDD,Metal1,66.0800,113.0100,5.000000
TAP_TAPCELL_ROW_24_503,VDD,Metal1,26.8800,113.0100,5.000000
TAP_TAPCELL_ROW_23_502,VDD,Metal1,438.4800,106.5100,5.000000
TAP_TAPCELL_ROW_23_501,VDD,Metal1,399.2800,106.5100,5.000000
TAP_TAPCELL_ROW_23_500,VDD,Metal1,360.0800,106.5100,5.000000
TAP_TAPCELL_ROW_23_499,VDD,Metal1,320.8800,106.5100,5.000000
TAP_TAPCELL_ROW_23_498,VDD,Metal1,281.6800,106.5100,5.000000
TAP_TAPCELL_ROW_23_497,VDD,Metal1,242.4800,106.5100,5.000000
TAP_TAPCELL_ROW_23_496,VDD,Metal1,203.2800,106.5100,5.000000
TAP_TAPCELL_ROW_23_495,VDD,Metal1,164.0800,106.5100,5.000000
TAP_TAPCELL_ROW_23_494,VDD,Metal1,124.8800,106.5100,5.000000
TAP_TAPCELL_ROW_23_493,VDD,Metal1,85.6800,106.5100,5.000000
TAP_TAPCELL_ROW_23_492,VDD,Metal1,46.4800,106.5100,5.000000
TAP_TAPCELL_ROW_22_491,VDD,Metal1,418.8800,105.1700,5.000000
TAP_TAPCELL_ROW_22_490,VDD,Metal1,379.6800,105.1700,5.000000
TAP_TAPCELL_ROW_22_489,VDD,Metal1,340.4800,105.1700,5.000000
TAP_TAPCELL_ROW_22_488,VDD,Metal1,301.2800,105.1700,5.000000
TAP_TAPCELL_ROW_22_487,VDD,Metal1,262.0800,105.1700,5.000000
TAP_TAPCELL_ROW_22_486,VDD,Metal1,222.8800,105.1700,5.000000
TAP_TAPCELL_ROW_22_485,VDD,Metal1,183.6800,105.1700,5.000000
TAP_TAPCELL_ROW_22_484,VDD,Metal1,144.4800,105.1700,5.000000
TAP_TAPCELL_ROW_22_483,VDD,Metal1,105.2800,105.1700,5.000000
TAP_TAPCELL_ROW_22_482,VDD,Metal1,66.0800,105.1700,5.000000
TAP_TAPCELL_ROW_22_481,VDD,Metal1,26.8800,105.1700,5.000000
TAP_TAPCELL_ROW_21_480,VDD,Metal1,438.4800,98.6700,4.999717
TAP_TAPCELL_ROW_21_479,VDD,Metal1,399.2800,98.6700,4.999717
TAP_TAPCELL_ROW_21_478,VDD,Metal1,360.0800,98.6700,4.999717
TAP_TAPCELL_ROW_21_477,VDD,Metal1,320.8800,98.6700,4.999717
TAP_TAPCELL_ROW_21_476,VDD,Metal1,281.6800,98.6700,4.999718
TAP_TAPCELL_ROW_21_475,VDD,Metal1,242.4800,98.6700,4.999733
TAP_TAPCELL_ROW_21_474,VDD,Metal1,203.2800,98.6700,4.999748
TAP_TAPCELL_ROW_21_473,VDD,Metal1,164.0800,98.6700,4.999755
TAP_TAPCELL_ROW_21_472,VDD,Metal1,124.8800,98.6700,4.999796
TAP_TAPCELL_ROW_21_471,VDD,Metal1,85.6800,98.6700,4.999811
TAP_TAPCELL_ROW_21_470,VDD,Metal1,46.4800,98.6700,4.999818
TAP_TAPCELL_ROW_20_469,VDD,Metal1,418.8800,97.3300,4.999717
TAP_TAPCELL_ROW_20_468,VDD,Metal1,379.6800,97.3300,4.999717
TAP_TAPCELL_ROW_20_467,VDD,Metal1,340.4800,97.3300,4.999717
TAP_TAPCELL_ROW_20_466,VDD,Metal1,301.2800,97.3300,4.999718
TAP_TAPCELL_ROW_20_465,VDD,Metal1,262.0800,97.3300,4.999718
TAP_TAPCELL_ROW_20_464,VDD,Metal1,222.8800,97.3300,4.999746
TAP_TAPCELL_ROW_20_463,VDD,Metal1,183.6800,97.3300,4.999748
TAP_TAPCELL_ROW_20_462,VDD,Metal1,144.4800,97.3300,4.999770
TAP_TAPCELL_ROW_20_461,VDD,Metal1,105.2800,97.3300,4.999800
TAP_TAPCELL_ROW_20_460,VDD,Metal1,66.0800,97.3300,4.999815
TAP_TAPCELL_ROW_20_459,VDD,Metal1,26.8800,97.3300,4.999845
TAP_TAPCELL_ROW_19_458,VDD,Metal1,438.4800,90.8300,5.000000
TAP_TAPCELL_ROW_19_457,VDD,Metal1,399.2800,90.8300,5.000000
TAP_TAPCELL_ROW_19_456,VDD,Metal1,360.0800,90.8300,5.000000
TAP_TAPCELL_ROW_19_455,VDD,Metal1,320.8800,90.8300,5.000000
TAP_TAPCELL_ROW_19_454,VDD,Metal1,281.6800,90.8300,5.000000
TAP_TAPCELL_ROW_19_453,VDD,Metal1,242.4800,90.8300,5.000000
TAP_TAPCELL_ROW_19_452,VDD,Metal1,203.2800,90.8300,5.000000
TAP_TAPCELL_ROW_19_451,VDD,Metal1,164.0800,90.8300,5.000000
TAP_TAPCELL_ROW_19_450,VDD,Metal1,124.8800,90.8300,5.000000
TAP_TAPCELL_ROW_19_449,VDD,Metal1,85.6800,90.8300,5.000000
TAP_TAPCELL_ROW_19_448,VDD,Metal1,46.4800,90.8300,5.000000
TAP_TAPCELL_ROW_18_447,VDD,Metal1,418.8800,89.4900,5.000000
TAP_TAPCELL_ROW_18_446,VDD,Metal1,379.6800,89.4900,5.000000
TAP_TAPCELL_ROW_18_445,VDD,Metal1,340.4800,89.4900,5.000000
TAP_TAPCELL_ROW_18_444,VDD,Metal1,301.2800,89.4900,5.000000
TAP_TAPCELL_ROW_18_443,VDD,Metal1,262.0800,89.4900,5.000000
TAP_TAPCELL_ROW_18_442,VDD,Metal1,222.8800,89.4900,5.000000
TAP_TAPCELL_ROW_18_441,VDD,Metal1,183.6800,89.4900,5.000000
TAP_TAPCELL_ROW_18_440,VDD,Metal1,144.4800,89.4900,5.000000
TAP_TAPCELL_ROW_18_439,VDD,Metal1,105.2800,89.4900,5.000000
TAP_TAPCELL_ROW_18_438,VDD,Metal1,66.0800,89.4900,5.000000
TAP_TAPCELL_ROW_18_437,VDD,Metal1,26.8800,89.4900,5.000000
TAP_TAPCELL_ROW_17_436,VDD,Metal1,438.4800,82.9900,5.000000
TAP_TAPCELL_ROW_17_435,VDD,Metal1,399.2800,82.9900,5.000000
TAP_TAPCELL_ROW_17_434,VDD,Metal1,360.0800,82.9900,5.000000
TAP_TAPCELL_ROW_17_433,VDD,Metal1,320.8800,82.9900,5.000000
TAP_TAPCELL_ROW_17_432,VDD,Metal1,281.6800,82.9900,5.000000
TAP_TAPCELL_ROW_17_431,VDD,Metal1,242.4800,82.9900,5.000000
TAP_TAPCELL_ROW_17_430,VDD,Metal1,203.2800,82.9900,4.999999
TAP_TAPCELL_ROW_17_429,VDD,Metal1,164.0800,82.9900,4.999999
TAP_TAPCELL_ROW_17_428,VDD,Metal1,124.8800,82.9900,4.999999
TAP_TAPCELL_ROW_17_427,VDD,Metal1,85.6800,82.9900,4.999999
TAP_TAPCELL_ROW_17_426,VDD,Metal1,46.4800,82.9900,4.999999
TAP_TAPCELL_ROW_16_425,VDD,Metal1,418.8800,81.6500,5.000000
TAP_TAPCELL_ROW_16_424,VDD,Metal1,379.6800,81.6500,5.000000
TAP_TAPCELL_ROW_16_423,VDD,Metal1,340.4800,81.6500,5.000000
TAP_TAPCELL_ROW_16_422,VDD,Metal1,301.2800,81.6500,5.000000
TAP_TAPCELL_ROW_16_421,VDD,Metal1,262.0800,81.6500,5.000000
TAP_TAPCELL_ROW_16_420,VDD,Metal1,222.8800,81.6500,4.999999
TAP_TAPCELL_ROW_16_419,VDD,Metal1,183.6800,81.6500,4.999999
TAP_TAPCELL_ROW_16_418,VDD,Metal1,144.4800,81.6500,4.999999
TAP_TAPCELL_ROW_16_417,VDD,Metal1,105.2800,81.6500,4.999999
TAP_TAPCELL_ROW_16_416,VDD,Metal1,66.0800,81.6500,4.999999
TAP_TAPCELL_ROW_16_415,VDD,Metal1,26.8800,81.6500,4.999999
TAP_TAPCELL_ROW_15_414,VDD,Metal1,438.4800,75.1500,4.999999
TAP_TAPCELL_ROW_15_413,VDD,Metal1,399.2800,75.1500,4.999999
TAP_TAPCELL_ROW_15_412,VDD,Metal1,360.0800,75.1500,4.999999
TAP_TAPCELL_ROW_15_411,VDD,Metal1,320.8800,75.1500,4.999999
TAP_TAPCELL_ROW_15_410,VDD,Metal1,281.6800,75.1500,4.999999
TAP_TAPCELL_ROW_15_409,VDD,Metal1,242.4800,75.1500,4.999999
TAP_TAPCELL_ROW_15_408,VDD,Metal1,203.2800,75.1500,4.999999
TAP_TAPCELL_ROW_15_407,VDD,Metal1,164.0800,75.1500,4.999999
TAP_TAPCELL_ROW_15_406,VDD,Metal1,124.8800,75.1500,4.999999
TAP_TAPCELL_ROW_15_405,VDD,Metal1,85.6800,75.1500,4.999999
TAP_TAPCELL_ROW_15_404,VDD,Metal1,46.4800,75.1500,4.999999
TAP_TAPCELL_ROW_14_403,VDD,Metal1,418.8800,73.8100,4.999999
TAP_TAPCELL_ROW_14_402,VDD,Metal1,379.6800,73.8100,4.999999
TAP_TAPCELL_ROW_14_401,VDD,Metal1,340.4800,73.8100,4.999999
TAP_TAPCELL_ROW_14_400,VDD,Metal1,301.2800,73.8100,4.999999
TAP_TAPCELL_ROW_14_399,VDD,Metal1,262.0800,73.8100,4.999999
TAP_TAPCELL_ROW_14_398,VDD,Metal1,222.8800,73.8100,4.999999
TAP_TAPCELL_ROW_14_397,VDD,Metal1,183.6800,73.8100,4.999999
TAP_TAPCELL_ROW_14_396,VDD,Metal1,144.4800,73.8100,4.999999
TAP_TAPCELL_ROW_14_395,VDD,Metal1,105.2800,73.8100,4.999999
TAP_TAPCELL_ROW_14_394,VDD,Metal1,66.0800,73.8100,4.999999
TAP_TAPCELL_ROW_14_393,VDD,Metal1,26.8800,73.8100,4.999999
TAP_TAPCELL_ROW_13_392,VDD,Metal1,438.4800,67.3100,5.000000
TAP_TAPCELL_ROW_13_391,VDD,Metal1,399.2800,67.3100,5.000000
TAP_TAPCELL_ROW_13_390,VDD,Metal1,360.0800,67.3100,5.000000
TAP_TAPCELL_ROW_13_389,VDD,Metal1,320.8800,67.3100,5.000000
TAP_TAPCELL_ROW_13_388,VDD,Metal1,281.6800,67.3100,5.000000
TAP_TAPCELL_ROW_13_387,VDD,Metal1,242.4800,67.3100,5.000000
TAP_TAPCELL_ROW_13_386,VDD,Metal1,203.2800,67.3100,5.000000
TAP_TAPCELL_ROW_13_385,VDD,Metal1,164.0800,67.3100,5.000000
TAP_TAPCELL_ROW_13_384,VDD,Metal1,124.8800,67.3100,5.000000
TAP_TAPCELL_ROW_13_383,VDD,Metal1,85.6800,67.3100,4.999999
TAP_TAPCELL_ROW_13_382,VDD,Metal1,46.4800,67.3100,4.999999
TAP_TAPCELL_ROW_12_381,VDD,Metal1,418.8800,65.9700,5.000000
TAP_TAPCELL_ROW_12_380,VDD,Metal1,379.6800,65.9700,5.000000
TAP_TAPCELL_ROW_12_379,VDD,Metal1,340.4800,65.9700,5.000000
TAP_TAPCELL_ROW_12_378,VDD,Metal1,301.2800,65.9700,5.000000
TAP_TAPCELL_ROW_12_377,VDD,Metal1,262.0800,65.9700,5.000000
TAP_TAPCELL_ROW_12_376,VDD,Metal1,222.8800,65.9700,5.000000
TAP_TAPCELL_ROW_12_375,VDD,Metal1,183.6800,65.9700,5.000000
TAP_TAPCELL_ROW_12_374,VDD,Metal1,144.4800,65.9700,5.000000
TAP_TAPCELL_ROW_12_373,VDD,Metal1,105.2800,65.9700,4.999999
TAP_TAPCELL_ROW_12_372,VDD,Metal1,66.0800,65.9700,4.999999
TAP_TAPCELL_ROW_12_371,VDD,Metal1,26.8800,65.9700,4.999999
TAP_TAPCELL_ROW_11_370,VDD,Metal1,438.4800,59.4700,4.999999
TAP_TAPCELL_ROW_11_369,VDD,Metal1,399.2800,59.4700,4.999999
TAP_TAPCELL_ROW_11_368,VDD,Metal1,360.0800,59.4700,4.999999
TAP_TAPCELL_ROW_11_367,VDD,Metal1,320.8800,59.4700,4.999999
TAP_TAPCELL_ROW_11_366,VDD,Metal1,281.6800,59.4700,4.999999
TAP_TAPCELL_ROW_11_365,VDD,Metal1,242.4800,59.4700,4.999999
TAP_TAPCELL_ROW_11_364,VDD,Metal1,203.2800,59.4700,4.999999
TAP_TAPCELL_ROW_11_363,VDD,Metal1,164.0800,59.4700,4.999999
TAP_TAPCELL_ROW_11_362,VDD,Metal1,124.8800,59.4700,4.999998
TAP_TAPCELL_ROW_11_361,VDD,Metal1,85.6800,59.4700,4.999998
TAP_TAPCELL_ROW_11_360,VDD,Metal1,46.4800,59.4700,4.999997
TAP_TAPCELL_ROW_10_359,VDD,Metal1,418.8800,58.1300,4.999999
TAP_TAPCELL_ROW_10_358,VDD,Metal1,379.6800,58.1300,4.999999
TAP_TAPCELL_ROW_10_357,VDD,Metal1,340.4800,58.1300,4.999999
TAP_TAPCELL_ROW_10_356,VDD,Metal1,301.2800,58.1300,4.999999
TAP_TAPCELL_ROW_10_355,VDD,Metal1,262.0800,58.1300,4.999999
TAP_TAPCELL_ROW_10_354,VDD,Metal1,222.8800,58.1300,4.999999
TAP_TAPCELL_ROW_10_353,VDD,Metal1,183.6800,58.1300,4.999999
TAP_TAPCELL_ROW_10_352,VDD,Metal1,144.4800,58.1300,4.999999
TAP_TAPCELL_ROW_10_351,VDD,Metal1,105.2800,58.1300,4.999998
TAP_TAPCELL_ROW_10_350,VDD,Metal1,66.0800,58.1300,4.999997
TAP_TAPCELL_ROW_10_349,VDD,Metal1,26.8800,58.1300,4.999997
TAP_TAPCELL_ROW_9_348,VDD,Metal1,438.4800,51.6300,4.999997
TAP_TAPCELL_ROW_9_347,VDD,Metal1,399.2800,51.6300,4.999997
TAP_TAPCELL_ROW_9_346,VDD,Metal1,360.0800,51.6300,4.999997
TAP_TAPCELL_ROW_9_345,VDD,Metal1,320.8800,51.6300,4.999997
TAP_TAPCELL_ROW_9_344,VDD,Metal1,281.6800,51.6300,4.999997
TAP_TAPCELL_ROW_9_343,VDD,Metal1,242.4800,51.6300,4.999997
TAP_TAPCELL_ROW_9_342,VDD,Metal1,203.2800,51.6300,4.999997
TAP_TAPCELL_ROW_9_341,VDD,Metal1,164.0800,51.6300,4.999997
TAP_TAPCELL_ROW_9_340,VDD,Metal1,124.8800,51.6300,4.999997
TAP_TAPCELL_ROW_9_339,VDD,Metal1,85.6800,51.6300,4.999996
TAP_TAPCELL_ROW_9_338,VDD,Metal1,46.4800,51.6300,4.999996
TAP_TAPCELL_ROW_8_337,VDD,Metal1,418.8800,50.2900,4.999997
TAP_TAPCELL_ROW_8_336,VDD,Metal1,379.6800,50.2900,4.999997
TAP_TAPCELL_ROW_8_335,VDD,Metal1,340.4800,50.2900,4.999997
TAP_TAPCELL_ROW_8_334,VDD,Metal1,301.2800,50.2900,4.999997
TAP_TAPCELL_ROW_8_333,VDD,Metal1,262.0800,50.2900,4.999997
TAP_TAPCELL_ROW_8_332,VDD,Metal1,222.8800,50.2900,4.999997
TAP_TAPCELL_ROW_8_331,VDD,Metal1,183.6800,50.2900,4.999997
TAP_TAPCELL_ROW_8_330,VDD,Metal1,144.4800,50.2900,4.999997
TAP_TAPCELL_ROW_8_329,VDD,Metal1,105.2800,50.2900,4.999996
TAP_TAPCELL_ROW_8_328,VDD,Metal1,66.0800,50.2900,4.999996
TAP_TAPCELL_ROW_8_327,VDD,Metal1,26.8800,50.2900,4.999996
TAP_TAPCELL_ROW_7_326,VDD,Metal1,438.4800,43.7900,5.000000
TAP_TAPCELL_ROW_7_325,VDD,Metal1,399.2800,43.7900,5.000000
TAP_TAPCELL_ROW_7_324,VDD,Metal1,360.0800,43.7900,5.000000
TAP_TAPCELL_ROW_7_323,VDD,Metal1,320.8800,43.7900,5.000000
TAP_TAPCELL_ROW_7_322,VDD,Metal1,281.6800,43.7900,5.000000
TAP_TAPCELL_ROW_7_321,VDD,Metal1,242.4800,43.7900,5.000000
TAP_TAPCELL_ROW_7_320,VDD,Metal1,203.2800,43.7900,5.000000
TAP_TAPCELL_ROW_7_319,VDD,Metal1,164.0800,43.7900,5.000000
TAP_TAPCELL_ROW_7_318,VDD,Metal1,124.8800,43.7900,5.000000
TAP_TAPCELL_ROW_7_317,VDD,Metal1,85.6800,43.7900,5.000000
TAP_TAPCELL_ROW_7_316,VDD,Metal1,46.4800,43.7900,5.000000
TAP_TAPCELL_ROW_6_315,VDD,Metal1,418.8800,42.4500,5.000000
TAP_TAPCELL_ROW_6_314,VDD,Metal1,379.6800,42.4500,5.000000
TAP_TAPCELL_ROW_6_313,VDD,Metal1,340.4800,42.4500,5.000000
TAP_TAPCELL_ROW_6_312,VDD,Metal1,301.2800,42.4500,5.000000
TAP_TAPCELL_ROW_6_311,VDD,Metal1,262.0800,42.4500,5.000000
TAP_TAPCELL_ROW_6_310,VDD,Metal1,222.8800,42.4500,5.000000
TAP_TAPCELL_ROW_6_309,VDD,Metal1,183.6800,42.4500,5.000000
TAP_TAPCELL_ROW_6_308,VDD,Metal1,144.4800,42.4500,5.000000
TAP_TAPCELL_ROW_6_307,VDD,Metal1,105.2800,42.4500,5.000000
TAP_TAPCELL_ROW_6_306,VDD,Metal1,66.0800,42.4500,5.000000
TAP_TAPCELL_ROW_6_305,VDD,Metal1,26.8800,42.4500,5.000000
TAP_TAPCELL_ROW_5_304,VDD,Metal1,438.4800,35.9500,4.999980
TAP_TAPCELL_ROW_5_303,VDD,Metal1,399.2800,35.9500,4.999980
TAP_TAPCELL_ROW_5_302,VDD,Metal1,360.0800,35.9500,4.999980
TAP_TAPCELL_ROW_5_301,VDD,Metal1,320.8800,35.9500,4.999980
TAP_TAPCELL_ROW_5_300,VDD,Metal1,281.6800,35.9500,4.999979
TAP_TAPCELL_ROW_5_299,VDD,Metal1,242.4800,35.9500,4.999979
TAP_TAPCELL_ROW_5_298,VDD,Metal1,203.2800,35.9500,4.999979
TAP_TAPCELL_ROW_5_297,VDD,Metal1,164.0800,35.9500,4.999978
TAP_TAPCELL_ROW_5_296,VDD,Metal1,124.8800,35.9500,4.999977
TAP_TAPCELL_ROW_5_295,VDD,Metal1,85.6800,35.9500,4.999976
TAP_TAPCELL_ROW_5_294,VDD,Metal1,46.4800,35.9500,4.999976
TAP_TAPCELL_ROW_4_293,VDD,Metal1,418.8800,34.6100,4.999980
TAP_TAPCELL_ROW_4_292,VDD,Metal1,379.6800,34.6100,4.999980
TAP_TAPCELL_ROW_4_291,VDD,Metal1,340.4800,34.6100,4.999980
TAP_TAPCELL_ROW_4_290,VDD,Metal1,301.2800,34.6100,4.999980
TAP_TAPCELL_ROW_4_289,VDD,Metal1,262.0800,34.6100,4.999979
TAP_TAPCELL_ROW_4_288,VDD,Metal1,222.8800,34.6100,4.999979
TAP_TAPCELL_ROW_4_287,VDD,Metal1,183.6800,34.6100,4.999979
TAP_TAPCELL_ROW_4_286,VDD,Metal1,144.4800,34.6100,4.999977
TAP_TAPCELL_ROW_4_285,VDD,Metal1,105.2800,34.6100,4.999977
TAP_TAPCELL_ROW_4_284,VDD,Metal1,66.0800,34.6100,4.999976
TAP_TAPCELL_ROW_4_283,VDD,Metal1,26.8800,34.6100,4.999976
TAP_TAPCELL_ROW_3_282,VDD,Metal1,438.4800,28.1100,4.998490
TAP_TAPCELL_ROW_3_281,VDD,Metal1,399.2800,28.1100,4.998705
TAP_TAPCELL_ROW_3_280,VDD,Metal1,360.0800,28.1100,4.998944
TAP_TAPCELL_ROW_3_279,VDD,Metal1,320.8800,28.1100,4.999028
TAP_TAPCELL_ROW_3_278,VDD,Metal1,281.6800,28.1100,4.999037
TAP_TAPCELL_ROW_3_277,VDD,Metal1,242.4800,28.1100,4.999047
TAP_TAPCELL_ROW_3_276,VDD,Metal1,203.2800,28.1100,4.999048
TAP_TAPCELL_ROW_3_275,VDD,Metal1,164.0800,28.1100,4.999062
TAP_TAPCELL_ROW_3_274,VDD,Metal1,124.8800,28.1100,4.999053
TAP_TAPCELL_ROW_3_273,VDD,Metal1,85.6800,28.1100,4.999348
TAP_TAPCELL_ROW_3_272,VDD,Metal1,46.4800,28.1100,4.999514
TAP_TAPCELL_ROW_2_271,VDD,Metal1,418.8800,26.7700,4.998646
TAP_TAPCELL_ROW_2_270,VDD,Metal1,379.6800,26.7700,4.998943
TAP_TAPCELL_ROW_2_269,VDD,Metal1,340.4800,26.7700,4.998987
TAP_TAPCELL_ROW_2_268,VDD,Metal1,301.2800,26.7700,4.999030
TAP_TAPCELL_ROW_2_267,VDD,Metal1,262.0800,26.7700,4.999043
TAP_TAPCELL_ROW_2_266,VDD,Metal1,222.8800,26.7700,4.999048
TAP_TAPCELL_ROW_2_265,VDD,Metal1,183.6800,26.7700,4.999086
TAP_TAPCELL_ROW_2_264,VDD,Metal1,144.4800,26.7700,4.999053
TAP_TAPCELL_ROW_2_263,VDD,Metal1,105.2800,26.7700,4.999186
TAP_TAPCELL_ROW_2_262,VDD,Metal1,66.0800,26.7700,4.999397
TAP_TAPCELL_ROW_2_261,VDD,Metal1,26.8800,26.7700,4.999586
TAP_TAPCELL_ROW_1_260,VDD,Metal1,438.4800,20.2700,4.999831
TAP_TAPCELL_ROW_1_259,VDD,Metal1,399.2800,20.2700,4.999843
TAP_TAPCELL_ROW_1_258,VDD,Metal1,360.0800,20.2700,4.999846
TAP_TAPCELL_ROW_1_257,VDD,Metal1,320.8800,20.2700,4.999855
TAP_TAPCELL_ROW_1_256,VDD,Metal1,281.6800,20.2700,4.999861
TAP_TAPCELL_ROW_1_255,VDD,Metal1,242.4800,20.2700,4.999866
TAP_TAPCELL_ROW_1_254,VDD,Metal1,203.2800,20.2700,4.999889
TAP_TAPCELL_ROW_1_253,VDD,Metal1,164.0800,20.2700,4.999903
TAP_TAPCELL_ROW_1_252,VDD,Metal1,124.8800,20.2700,4.999905
TAP_TAPCELL_ROW_1_251,VDD,Metal1,85.6800,20.2700,4.999933
TAP_TAPCELL_ROW_1_250,VDD,Metal1,46.4800,20.2700,4.999938
TAP_TAPCELL_ROW_0_249,VDD,Metal1,426.1600,18.9300,4.999831
TAP_TAPCELL_ROW_0_248,VDD,Metal1,407.1200,18.9300,4.999838
TAP_TAPCELL_ROW_0_247,VDD,Metal1,388.0800,18.9300,4.999844
TAP_TAPCELL_ROW_0_246,VDD,Metal1,369.0400,18.9300,4.999846
TAP_TAPCELL_ROW_0_245,VDD,Metal1,350.0000,18.9300,4.999848
TAP_TAPCELL_ROW_0_244,VDD,Metal1,330.9600,18.9300,4.999850
TAP_TAPCELL_ROW_0_243,VDD,Metal1,311.9200,18.9300,4.999860
TAP_TAPCELL_ROW_0_242,VDD,Metal1,292.8800,18.9300,4.999860
TAP_TAPCELL_ROW_0_241,VDD,Metal1,273.8400,18.9300,4.999862
TAP_TAPCELL_ROW_0_240,VDD,Metal1,254.8000,18.9300,4.999865
TAP_TAPCELL_ROW_0_239,VDD,Metal1,235.7600,18.9300,4.999875
TAP_TAPCELL_ROW_0_238,VDD,Metal1,216.7200,18.9300,4.999885
TAP_TAPCELL_ROW_0_237,VDD,Metal1,197.6800,18.9300,4.999894
TAP_TAPCELL_ROW_0_236,VDD,Metal1,178.6400,18.9300,4.999899
TAP_TAPCELL_ROW_0_235,VDD,Metal1,159.6000,18.9300,4.999904
TAP_TAPCELL_ROW_0_234,VDD,Metal1,140.5600,18.9300,4.999905
TAP_TAPCELL_ROW_0_233,VDD,Metal1,121.5200,18.9300,4.999905
TAP_TAPCELL_ROW_0_232,VDD,Metal1,102.4800,18.9300,4.999909
TAP_TAPCELL_ROW_0_231,VDD,Metal1,83.4400,18.9300,4.999934
TAP_TAPCELL_ROW_0_230,VDD,Metal1,64.4000,18.9300,4.999936
TAP_TAPCELL_ROW_0_229,VDD,Metal1,45.3600,18.9300,4.999943
TAP_TAPCELL_ROW_0_228,VDD,Metal1,26.3200,18.9300,4.999944
PHY_EDGE_ROW_113_Left_227,VDD,Metal1,7.2730,459.3115,5.000000
PHY_EDGE_ROW_112_Left_226,VDD,Metal1,7.2730,457.9680,5.000000
PHY_EDGE_ROW_111_Left_225,VDD,Metal1,7.2730,451.4715,5.000000
PHY_EDGE_ROW_110_Left_224,VDD,Metal1,7.2730,450.1280,5.000000
PHY_EDGE_ROW_109_Left_223,VDD,Metal1,7.2730,443.6315,5.000000
PHY_EDGE_ROW_108_Left_222,VDD,Metal1,7.2730,442.2880,5.000000
PHY_EDGE_ROW_107_Left_221,VDD,Metal1,7.2730,435.7915,5.000000
PHY_EDGE_ROW_106_Left_220,VDD,Metal1,7.2730,434.4480,5.000000
PHY_EDGE_ROW_105_Left_219,VDD,Metal1,7.2730,427.9515,5.000000
PHY_EDGE_ROW_104_Left_218,VDD,Metal1,7.2730,426.6080,5.000000
PHY_EDGE_ROW_103_Left_217,VDD,Metal1,7.2730,420.1115,5.000000
PHY_EDGE_ROW_102_Left_216,VDD,Metal1,7.2730,418.7680,5.000000
PHY_EDGE_ROW_101_Left_215,VDD,Metal1,7.2730,412.2715,5.000000
PHY_EDGE_ROW_100_Left_214,VDD,Metal1,7.2730,410.9280,5.000000
PHY_EDGE_ROW_99_Left_213,VDD,Metal1,7.2730,404.4315,5.000000
PHY_EDGE_ROW_98_Left_212,VDD,Metal1,7.2730,403.0880,5.000000
PHY_EDGE_ROW_97_Left_211,VDD,Metal1,7.2730,396.5915,5.000000
PHY_EDGE_ROW_96_Left_210,VDD,Metal1,7.2730,395.2480,5.000000
PHY_EDGE_ROW_95_Left_209,VDD,Metal1,7.2730,388.7515,5.000000
PHY_EDGE_ROW_94_Left_208,VDD,Metal1,7.2730,387.4080,5.000000
PHY_EDGE_ROW_93_Left_207,VDD,Metal1,7.2730,380.9115,5.000000
PHY_EDGE_ROW_92_Left_206,VDD,Metal1,7.2730,379.5680,5.000000
PHY_EDGE_ROW_91_Left_205,VDD,Metal1,7.2730,373.0715,5.000000
PHY_EDGE_ROW_90_Left_204,VDD,Metal1,7.2730,371.7280,5.000000
PHY_EDGE_ROW_89_Left_203,VDD,Metal1,7.2730,365.2315,5.000000
PHY_EDGE_ROW_88_Left_202,VDD,Metal1,7.2730,363.8880,5.000000
PHY_EDGE_ROW_87_Left_201,VDD,Metal1,7.2730,357.3915,5.000000
PHY_EDGE_ROW_86_Left_200,VDD,Metal1,7.2730,356.0480,5.000000
PHY_EDGE_ROW_85_Left_199,VDD,Metal1,7.2730,349.5515,5.000000
PHY_EDGE_ROW_84_Left_198,VDD,Metal1,7.2730,348.2080,5.000000
PHY_EDGE_ROW_83_Left_197,VDD,Metal1,7.2730,341.7115,5.000000
PHY_EDGE_ROW_82_Left_196,VDD,Metal1,7.2730,340.3680,5.000000
PHY_EDGE_ROW_81_Left_195,VDD,Metal1,7.2730,333.8715,5.000000
PHY_EDGE_ROW_80_Left_194,VDD,Metal1,7.2730,332.5280,5.000000
PHY_EDGE_ROW_79_Left_193,VDD,Metal1,7.2730,326.0315,5.000000
PHY_EDGE_ROW_78_Left_192,VDD,Metal1,7.2730,324.6880,5.000000
PHY_EDGE_ROW_77_Left_191,VDD,Metal1,7.2730,318.1915,5.000000
PHY_EDGE_ROW_76_Left_190,VDD,Metal1,7.2730,316.8480,5.000000
PHY_EDGE_ROW_75_Left_189,VDD,Metal1,7.2730,310.3515,5.000000
PHY_EDGE_ROW_74_Left_188,VDD,Metal1,7.2730,309.0080,5.000000
PHY_EDGE_ROW_73_Left_187,VDD,Metal1,7.2730,302.5115,5.000000
PHY_EDGE_ROW_72_Left_186,VDD,Metal1,7.2730,301.1680,5.000000
PHY_EDGE_ROW_71_Left_185,VDD,Metal1,7.2730,294.6715,5.000000
PHY_EDGE_ROW_70_Left_184,VDD,Metal1,7.2730,293.3280,5.000000
PHY_EDGE_ROW_69_Left_183,VDD,Metal1,7.2730,286.8315,5.000000
PHY_EDGE_ROW_68_Left_182,VDD,Metal1,7.2730,285.4880,5.000000
PHY_EDGE_ROW_67_Left_181,VDD,Metal1,7.2730,278.9915,5.000000
PHY_EDGE_ROW_66_Left_180,VDD,Metal1,7.2730,277.6480,5.000000
PHY_EDGE_ROW_65_Left_179,VDD,Metal1,7.2730,271.1515,5.000000
PHY_EDGE_ROW_64_Left_178,VDD,Metal1,7.2730,269.8080,5.000000
PHY_EDGE_ROW_63_Left_177,VDD,Metal1,7.2730,263.3115,5.000000
PHY_EDGE_ROW_62_Left_176,VDD,Metal1,7.2730,261.9680,5.000000
PHY_EDGE_ROW_61_Left_175,VDD,Metal1,7.2730,255.4715,5.000000
PHY_EDGE_ROW_60_Left_174,VDD,Metal1,7.2730,254.1280,5.000000
PHY_EDGE_ROW_59_Left_173,VDD,Metal1,7.2730,247.6315,5.000000
PHY_EDGE_ROW_58_Left_172,VDD,Metal1,7.2730,246.2880,5.000000
PHY_EDGE_ROW_57_Left_171,VDD,Metal1,7.2730,239.7915,5.000000
PHY_EDGE_ROW_56_Left_170,VDD,Metal1,7.2730,238.4480,5.000000
PHY_EDGE_ROW_55_Left_169,VDD,Metal1,7.2730,231.9515,5.000000
PHY_EDGE_ROW_54_Left_168,VDD,Metal1,7.2730,230.6080,5.000000
PHY_EDGE_ROW_53_Left_167,VDD,Metal1,7.2730,224.1115,5.000000
PHY_EDGE_ROW_52_Left_166,VDD,Metal1,7.2730,222.7680,5.000000
PHY_EDGE_ROW_51_Left_165,VDD,Metal1,7.2730,216.2715,5.000000
PHY_EDGE_ROW_50_Left_164,VDD,Metal1,7.2730,214.9280,5.000000
PHY_EDGE_ROW_49_Left_163,VDD,Metal1,7.2730,208.4315,5.000000
PHY_EDGE_ROW_48_Left_162,VDD,Metal1,7.2730,207.0880,5.000000
PHY_EDGE_ROW_47_Left_161,VDD,Metal1,7.2730,200.5915,5.000000
PHY_EDGE_ROW_46_Left_160,VDD,Metal1,7.2730,199.2480,5.000000
PHY_EDGE_ROW_45_Left_159,VDD,Metal1,7.2730,192.7515,5.000000
PHY_EDGE_ROW_44_Left_158,VDD,Metal1,7.2730,191.4080,5.000000
PHY_EDGE_ROW_43_Left_157,VDD,Metal1,7.2730,184.9115,5.000000
PHY_EDGE_ROW_42_Left_156,VDD,Metal1,7.2730,183.5680,5.000000
PHY_EDGE_ROW_41_Left_155,VDD,Metal1,7.2730,177.0715,5.000000
PHY_EDGE_ROW_40_Left_154,VDD,Metal1,7.2730,175.7280,5.000000
PHY_EDGE_ROW_39_Left_153,VDD,Metal1,7.2730,169.2315,5.000000
PHY_EDGE_ROW_38_Left_152,VDD,Metal1,7.2730,167.8880,5.000000
PHY_EDGE_ROW_37_Left_151,VDD,Metal1,7.2730,161.3915,5.000000
PHY_EDGE_ROW_36_Left_150,VDD,Metal1,7.2730,160.0480,5.000000
PHY_EDGE_ROW_35_Left_149,VDD,Metal1,7.2730,153.5515,5.000000
PHY_EDGE_ROW_34_Left_148,VDD,Metal1,7.2730,152.2080,5.000000
PHY_EDGE_ROW_33_Left_147,VDD,Metal1,7.2730,145.7115,5.000000
PHY_EDGE_ROW_32_Left_146,VDD,Metal1,7.2730,144.3680,5.000000
PHY_EDGE_ROW_31_Left_145,VDD,Metal1,7.2730,137.8715,4.999844
PHY_EDGE_ROW_30_Left_144,VDD,Metal1,7.2730,136.5280,4.999844
PHY_EDGE_ROW_29_Left_143,VDD,Metal1,7.2730,130.0315,5.000000
PHY_EDGE_ROW_28_Left_142,VDD,Metal1,7.2730,128.6880,5.000000
PHY_EDGE_ROW_27_Left_141,VDD,Metal1,7.2730,122.1915,5.000000
PHY_EDGE_ROW_26_Left_140,VDD,Metal1,7.2730,120.8480,5.000000
PHY_EDGE_ROW_25_Left_139,VDD,Metal1,7.2730,114.3515,5.000000
PHY_EDGE_ROW_24_Left_138,VDD,Metal1,7.2730,113.0080,5.000000
PHY_EDGE_ROW_23_Left_137,VDD,Metal1,7.2730,106.5115,5.000000
PHY_EDGE_ROW_22_Left_136,VDD,Metal1,7.2730,105.1680,5.000000
PHY_EDGE_ROW_21_Left_135,VDD,Metal1,7.2730,98.6715,4.999845
PHY_EDGE_ROW_20_Left_134,VDD,Metal1,7.2730,97.3280,4.999845
PHY_EDGE_ROW_19_Left_133,VDD,Metal1,7.2730,90.8315,5.000000
PHY_EDGE_ROW_18_Left_132,VDD,Metal1,7.2730,89.4880,5.000000
PHY_EDGE_ROW_17_Left_131,VDD,Metal1,7.2730,82.9915,4.999999
PHY_EDGE_ROW_16_Left_130,VDD,Metal1,7.2730,81.6480,4.999999
PHY_EDGE_ROW_15_Left_129,VDD,Metal1,7.2730,75.1515,4.999999
PHY_EDGE_ROW_14_Left_128,VDD,Metal1,7.2730,73.8080,4.999999
PHY_EDGE_ROW_13_Left_127,VDD,Metal1,7.2730,67.3115,4.999999
PHY_EDGE_ROW_12_Left_126,VDD,Metal1,7.2730,65.9680,4.999999
PHY_EDGE_ROW_11_Left_125,VDD,Metal1,7.2730,59.4715,4.999997
PHY_EDGE_ROW_10_Left_124,VDD,Metal1,7.2730,58.1280,4.999997
PHY_EDGE_ROW_9_Left_123,VDD,Metal1,7.2730,51.6315,4.999996
PHY_EDGE_ROW_8_Left_122,VDD,Metal1,7.2730,50.2880,4.999996
PHY_EDGE_ROW_7_Left_121,VDD,Metal1,7.2730,43.7915,5.000000
PHY_EDGE_ROW_6_Left_120,VDD,Metal1,7.2730,42.4480,5.000000
PHY_EDGE_ROW_5_Left_119,VDD,Metal1,7.2730,35.9515,4.999976
PHY_EDGE_ROW_4_Left_118,VDD,Metal1,7.2730,34.6080,4.999976
PHY_EDGE_ROW_3_Left_117,VDD,Metal1,7.2730,28.1115,4.999601
PHY_EDGE_ROW_2_Left_116,VDD,Metal1,7.2730,26.7680,4.999601
PHY_EDGE_ROW_1_Left_115,VDD,Metal1,7.2730,20.2715,4.999944
PHY_EDGE_ROW_0_Left_114,VDD,Metal1,7.2730,18.9280,4.999944
PHY_EDGE_ROW_113_Right_113,VDD,Metal1,442.4065,459.3115,5.000000
PHY_EDGE_ROW_112_Right_112,VDD,Metal1,442.4065,457.9680,5.000000
PHY_EDGE_ROW_111_Right_111,VDD,Metal1,442.4065,451.4715,5.000000
PHY_EDGE_ROW_110_Right_110,VDD,Metal1,442.4065,450.1280,5.000000
PHY_EDGE_ROW_109_Right_109,VDD,Metal1,442.4065,443.6315,5.000000
PHY_EDGE_ROW_108_Right_108,VDD,Metal1,442.4065,442.2880,5.000000
PHY_EDGE_ROW_107_Right_107,VDD,Metal1,442.4065,435.7915,5.000000
PHY_EDGE_ROW_106_Right_106,VDD,Metal1,442.4065,434.4480,5.000000
PHY_EDGE_ROW_105_Right_105,VDD,Metal1,442.4065,427.9515,5.000000
PHY_EDGE_ROW_104_Right_104,VDD,Metal1,442.4065,426.6080,5.000000
PHY_EDGE_ROW_103_Right_103,VDD,Metal1,442.4065,420.1115,5.000000
PHY_EDGE_ROW_102_Right_102,VDD,Metal1,442.4065,418.7680,5.000000
PHY_EDGE_ROW_101_Right_101,VDD,Metal1,442.4065,412.2715,5.000000
PHY_EDGE_ROW_100_Right_100,VDD,Metal1,442.4065,410.9280,5.000000
PHY_EDGE_ROW_99_Right_99,VDD,Metal1,442.4065,404.4315,5.000000
PHY_EDGE_ROW_98_Right_98,VDD,Metal1,442.4065,403.0880,5.000000
PHY_EDGE_ROW_97_Right_97,VDD,Metal1,442.4065,396.5915,5.000000
PHY_EDGE_ROW_96_Right_96,VDD,Metal1,442.4065,395.2480,5.000000
PHY_EDGE_ROW_95_Right_95,VDD,Metal1,442.4065,388.7515,5.000000
PHY_EDGE_ROW_94_Right_94,VDD,Metal1,442.4065,387.4080,5.000000
PHY_EDGE_ROW_93_Right_93,VDD,Metal1,442.4065,380.9115,5.000000
PHY_EDGE_ROW_92_Right_92,VDD,Metal1,442.4065,379.5680,5.000000
PHY_EDGE_ROW_91_Right_91,VDD,Metal1,442.4065,373.0715,5.000000
PHY_EDGE_ROW_90_Right_90,VDD,Metal1,442.4065,371.7280,5.000000
PHY_EDGE_ROW_89_Right_89,VDD,Metal1,442.4065,365.2315,5.000000
PHY_EDGE_ROW_88_Right_88,VDD,Metal1,442.4065,363.8880,5.000000
PHY_EDGE_ROW_87_Right_87,VDD,Metal1,442.4065,357.3915,5.000000
PHY_EDGE_ROW_86_Right_86,VDD,Metal1,442.4065,356.0480,5.000000
PHY_EDGE_ROW_85_Right_85,VDD,Metal1,442.4065,349.5515,5.000000
PHY_EDGE_ROW_84_Right_84,VDD,Metal1,442.4065,348.2080,5.000000
PHY_EDGE_ROW_83_Right_83,VDD,Metal1,442.4065,341.7115,5.000000
PHY_EDGE_ROW_82_Right_82,VDD,Metal1,442.4065,340.3680,5.000000
PHY_EDGE_ROW_81_Right_81,VDD,Metal1,442.4065,333.8715,5.000000
PHY_EDGE_ROW_80_Right_80,VDD,Metal1,442.4065,332.5280,5.000000
PHY_EDGE_ROW_79_Right_79,VDD,Metal1,442.4065,326.0315,5.000000
PHY_EDGE_ROW_78_Right_78,VDD,Metal1,442.4065,324.6880,5.000000
PHY_EDGE_ROW_77_Right_77,VDD,Metal1,442.4065,318.1915,5.000000
PHY_EDGE_ROW_76_Right_76,VDD,Metal1,442.4065,316.8480,5.000000
PHY_EDGE_ROW_75_Right_75,VDD,Metal1,442.4065,310.3515,5.000000
PHY_EDGE_ROW_74_Right_74,VDD,Metal1,442.4065,309.0080,5.000000
PHY_EDGE_ROW_73_Right_73,VDD,Metal1,442.4065,302.5115,5.000000
PHY_EDGE_ROW_72_Right_72,VDD,Metal1,442.4065,301.1680,5.000000
PHY_EDGE_ROW_71_Right_71,VDD,Metal1,442.4065,294.6715,5.000000
PHY_EDGE_ROW_70_Right_70,VDD,Metal1,442.4065,293.3280,5.000000
PHY_EDGE_ROW_69_Right_69,VDD,Metal1,442.4065,286.8315,5.000000
PHY_EDGE_ROW_68_Right_68,VDD,Metal1,442.4065,285.4880,5.000000
PHY_EDGE_ROW_67_Right_67,VDD,Metal1,442.4065,278.9915,5.000000
PHY_EDGE_ROW_66_Right_66,VDD,Metal1,442.4065,277.6480,5.000000
PHY_EDGE_ROW_65_Right_65,VDD,Metal1,442.4065,271.1515,5.000000
PHY_EDGE_ROW_64_Right_64,VDD,Metal1,442.4065,269.8080,5.000000
PHY_EDGE_ROW_63_Right_63,VDD,Metal1,442.4065,263.3115,5.000000
PHY_EDGE_ROW_62_Right_62,VDD,Metal1,442.4065,261.9680,5.000000
PHY_EDGE_ROW_61_Right_61,VDD,Metal1,442.4065,255.4715,5.000000
PHY_EDGE_ROW_60_Right_60,VDD,Metal1,442.4065,254.1280,5.000000
PHY_EDGE_ROW_59_Right_59,VDD,Metal1,442.4065,247.6315,5.000000
PHY_EDGE_ROW_58_Right_58,VDD,Metal1,442.4065,246.2880,5.000000
PHY_EDGE_ROW_57_Right_57,VDD,Metal1,442.4065,239.7915,5.000000
PHY_EDGE_ROW_56_Right_56,VDD,Metal1,442.4065,238.4480,5.000000
PHY_EDGE_ROW_55_Right_55,VDD,Metal1,442.4065,231.9515,5.000000
PHY_EDGE_ROW_54_Right_54,VDD,Metal1,442.4065,230.6080,5.000000
PHY_EDGE_ROW_53_Right_53,VDD,Metal1,442.4065,224.1115,5.000000
PHY_EDGE_ROW_52_Right_52,VDD,Metal1,442.4065,222.7680,5.000000
PHY_EDGE_ROW_51_Right_51,VDD,Metal1,442.4065,216.2715,5.000000
PHY_EDGE_ROW_50_Right_50,VDD,Metal1,442.4065,214.9280,5.000000
PHY_EDGE_ROW_49_Right_49,VDD,Metal1,442.4065,208.4315,5.000000
PHY_EDGE_ROW_48_Right_48,VDD,Metal1,442.4065,207.0880,5.000000
PHY_EDGE_ROW_47_Right_47,VDD,Metal1,442.4065,200.5915,5.000000
PHY_EDGE_ROW_46_Right_46,VDD,Metal1,442.4065,199.2480,5.000000
PHY_EDGE_ROW_45_Right_45,VDD,Metal1,442.4065,192.7515,5.000000
PHY_EDGE_ROW_44_Right_44,VDD,Metal1,442.4065,191.4080,5.000000
PHY_EDGE_ROW_43_Right_43,VDD,Metal1,442.4065,184.9115,5.000000
PHY_EDGE_ROW_42_Right_42,VDD,Metal1,442.4065,183.5680,5.000000
PHY_EDGE_ROW_41_Right_41,VDD,Metal1,442.4065,177.0715,5.000000
PHY_EDGE_ROW_40_Right_40,VDD,Metal1,442.4065,175.7280,5.000000
PHY_EDGE_ROW_39_Right_39,VDD,Metal1,442.4065,169.2315,5.000000
PHY_EDGE_ROW_38_Right_38,VDD,Metal1,442.4065,167.8880,5.000000
PHY_EDGE_ROW_37_Right_37,VDD,Metal1,442.4065,161.3915,5.000000
PHY_EDGE_ROW_36_Right_36,VDD,Metal1,442.4065,160.0480,5.000000
PHY_EDGE_ROW_35_Right_35,VDD,Metal1,442.4065,153.5515,5.000000
PHY_EDGE_ROW_34_Right_34,VDD,Metal1,442.4065,152.2080,5.000000
PHY_EDGE_ROW_33_Right_33,VDD,Metal1,442.4065,145.7115,5.000000
PHY_EDGE_ROW_32_Right_32,VDD,Metal1,442.4065,144.3680,5.000000
PHY_EDGE_ROW_31_Right_31,VDD,Metal1,442.4065,137.8715,4.999781
PHY_EDGE_ROW_30_Right_30,VDD,Metal1,442.4065,136.5280,4.999781
PHY_EDGE_ROW_29_Right_29,VDD,Metal1,442.4065,130.0315,5.000000
PHY_EDGE_ROW_28_Right_28,VDD,Metal1,442.4065,128.6880,5.000000
PHY_EDGE_ROW_27_Right_27,VDD,Metal1,442.4065,122.1915,5.000000
PHY_EDGE_ROW_26_Right_26,VDD,Metal1,442.4065,120.8480,5.000000
PHY_EDGE_ROW_25_Right_25,VDD,Metal1,442.4065,114.3515,5.000000
PHY_EDGE_ROW_24_Right_24,VDD,Metal1,442.4065,113.0080,5.000000
PHY_EDGE_ROW_23_Right_23,VDD,Metal1,442.4065,106.5115,5.000000
PHY_EDGE_ROW_22_Right_22,VDD,Metal1,442.4065,105.1680,5.000000
PHY_EDGE_ROW_21_Right_21,VDD,Metal1,442.4065,98.6715,4.999717
PHY_EDGE_ROW_20_Right_20,VDD,Metal1,442.4065,97.3280,4.999717
PHY_EDGE_ROW_19_Right_19,VDD,Metal1,442.4065,90.8315,5.000000
PHY_EDGE_ROW_18_Right_18,VDD,Metal1,442.4065,89.4880,5.000000
PHY_EDGE_ROW_17_Right_17,VDD,Metal1,442.4065,82.9915,5.000000
PHY_EDGE_ROW_16_Right_16,VDD,Metal1,442.4065,81.6480,5.000000
PHY_EDGE_ROW_15_Right_15,VDD,Metal1,442.4065,75.1515,4.999999
PHY_EDGE_ROW_14_Right_14,VDD,Metal1,442.4065,73.8080,4.999999
PHY_EDGE_ROW_13_Right_13,VDD,Metal1,442.4065,67.3115,5.000000
PHY_EDGE_ROW_12_Right_12,VDD,Metal1,442.4065,65.9680,5.000000
PHY_EDGE_ROW_11_Right_11,VDD,Metal1,442.4065,59.4715,4.999999
PHY_EDGE_ROW_10_Right_10,VDD,Metal1,442.4065,58.1280,4.999999
PHY_EDGE_ROW_9_Right_9,VDD,Metal1,442.4065,51.6315,4.999997
PHY_EDGE_ROW_8_Right_8,VDD,Metal1,442.4065,50.2880,4.999997
PHY_EDGE_ROW_7_Right_7,VDD,Metal1,442.4065,43.7915,5.000000
PHY_EDGE_ROW_6_Right_6,VDD,Metal1,442.4065,42.4480,5.000000
PHY_EDGE_ROW_5_Right_5,VDD,Metal1,442.4065,35.9515,4.999980
PHY_EDGE_ROW_4_Right_4,VDD,Metal1,442.4065,34.6080,4.999980
PHY_EDGE_ROW_3_Right_3,VDD,Metal1,442.4065,28.1115,4.998490
PHY_EDGE_ROW_2_Right_2,VDD,Metal1,442.4065,26.7680,4.998490
PHY_EDGE_ROW_1_Right_1,VDD,Metal1,442.4065,20.2715,4.999831
PHY_EDGE_ROW_0_Right_0,VDD,Metal1,442.4065,18.9280,4.999831
_2289_,VDD,Metal1,272.1360,451.3525,5.000000
_2288_,VDD,Metal1,272.6960,434.5675,5.000000
_2287_,VDD,Metal1,272.1360,412.1525,5.000000
_2286_,VDD,Metal1,276.0560,395.3675,5.000000
_2285_,VDD,Metal1,274.9360,379.6875,5.000000
_2284_,VDD,Metal1,272.1360,357.2725,5.000000
_2283_,VDD,Metal1,281.0960,332.6475,5.000000
_2282_,VDD,Metal1,272.6960,301.2875,5.000000
_2281_,VDD,Metal1,276.0560,316.9675,5.000000
_2280_,VDD,Metal1,287.2560,262.0875,5.000000
_2279_,VDD,Metal1,292.2960,278.8725,5.000000
_2278_,VDD,Metal1,277.7360,238.5675,5.000000
_2277_,VDD,Metal1,272.1360,216.1525,5.000000
_2276_,VDD,Metal1,272.1360,176.9525,5.000000
_2275_,VDD,Metal1,271.0160,192.6325,5.000000
_2274_,VDD,Metal1,271.0160,161.2725,5.000000
_2273_,VDD,Metal1,272.6960,152.3275,5.000000
_2272_,VDD,Metal1,276.0560,128.8075,5.000000
_2271_,VDD,Metal1,276.0560,105.2875,5.000000
_2270_,VDD,Metal1,281.6560,89.6075,5.000000
_2269_,VDD,Metal1,278.8560,73.9275,4.999999
_2268_,VDD,Metal1,272.1360,59.3525,4.999999
_2267_,VDD,Metal1,281.0960,42.5675,5.000000
_2266_,VDD,Metal1,295.6560,20.1525,4.999860
_2265_,VDD,Metal1,311.3360,27.9925,4.999028
_2264_,VDD,Metal1,226.7760,451.3525,5.000000
_2263_,VDD,Metal1,201.5760,442.4075,5.000000
_2262_,VDD,Metal1,206.6160,411.0475,5.000000
_2261_,VDD,Metal1,218.9360,388.6325,5.000000
_2260_,VDD,Metal1,209.9760,371.8475,5.000000
_2259_,VDD,Metal1,218.9360,357.2725,5.000000
_2258_,VDD,Metal1,213.3360,340.4875,5.000000
_2257_,VDD,Metal1,192.0560,310.2325,5.000000
_2256_,VDD,Metal1,205.4960,309.1275,5.000000
_2255_,VDD,Metal1,199.3360,293.4475,5.000000
_2254_,VDD,Metal1,194.2960,277.7675,5.000000
_2253_,VDD,Metal1,199.8960,254.2475,5.000000
_2252_,VDD,Metal1,205.4960,222.8875,5.000000
_2251_,VDD,Metal1,194.2960,207.2075,5.000000
_2250_,VDD,Metal1,191.4960,176.9525,5.000000
_2249_,VDD,Metal1,194.2960,160.1675,5.000000
_2248_,VDD,Metal1,198.2160,144.4875,5.000000
_2247_,VDD,Metal1,186.4560,129.9125,5.000000
_2246_,VDD,Metal1,190.3760,114.2325,5.000000
_2245_,VDD,Metal1,199.3360,97.4475,4.999748
_2244_,VDD,Metal1,201.5760,81.7675,4.999999
_2243_,VDD,Metal1,203.8160,66.0875,5.000000
_2242_,VDD,Metal1,210.5360,42.5675,5.000000
_2241_,VDD,Metal1,226.7760,20.1525,4.999879
_2240_,VDD,Metal1,271.0635,27.9925,4.999041
_2239_,VDD,Metal1,350.5360,451.3525,5.000000
_2238_,VDD,Metal1,360.6160,434.5675,5.000000
_2237_,VDD,Metal1,366.2160,411.0475,5.000000
_2236_,VDD,Metal1,357.2560,395.3675,5.000000
_2235_,VDD,Metal1,356.1360,371.8475,5.000000
_2234_,VDD,Metal1,360.0560,356.1675,5.000000
_2233_,VDD,Metal1,362.2960,340.4875,5.000000
_2232_,VDD,Metal1,362.8560,301.2875,5.000000
_2231_,VDD,Metal1,362.8560,316.9675,5.000000
_2230_,VDD,Metal1,379.6560,271.0325,5.000000
_2229_,VDD,Metal1,378.5360,247.5125,5.000000
_2228_,VDD,Metal1,379.0960,223.9925,5.000000
_2227_,VDD,Metal1,370.6960,200.4725,5.000000
_2226_,VDD,Metal1,370.1360,175.8475,5.000000
_2225_,VDD,Metal1,385.8160,176.9525,5.000000
_2224_,VDD,Metal1,374.6160,137.7525,4.999812
_2223_,VDD,Metal1,366.7760,152.3275,5.000000
_2222_,VDD,Metal1,381.8960,122.0725,5.000000
_2221_,VDD,Metal1,390.2960,113.1275,5.000000
_2220_,VDD,Metal1,383.0160,90.7125,5.000000
_2219_,VDD,Metal1,378.5360,67.1925,5.000000
_2218_,VDD,Metal1,374.0560,59.3525,4.999999
_2217_,VDD,Metal1,396.4560,42.5675,5.000000
_2216_,VDD,Metal1,382.4560,35.8325,4.999980
_2215_,VDD,Metal1,390.8560,26.8875,4.998943
_2214_,VDD,Metal1,295.6560,451.3525,5.000000
_2213_,VDD,Metal1,289.4960,442.4075,5.000000
_2212_,VDD,Metal1,291.7360,418.8875,5.000000
_2211_,VDD,Metal1,299.0160,396.4725,5.000000
_2210_,VDD,Metal1,293.9760,372.9525,5.000000
_2209_,VDD,Metal1,292.8560,357.2725,5.000000
_2208_,VDD,Metal1,298.4560,333.7525,5.000000
_2207_,VDD,Metal1,294.5360,294.5525,5.000000
_2206_,VDD,Metal1,293.9760,310.2325,5.000000
_2205_,VDD,Metal1,305.1760,255.3525,5.000000
_2204_,VDD,Metal1,311.3360,278.8725,5.000000
_2203_,VDD,Metal1,292.2960,239.6725,5.000000
_2202_,VDD,Metal1,292.2960,216.1525,5.000000
_2201_,VDD,Metal1,291.7360,175.8475,5.000000
_2200_,VDD,Metal1,292.2960,192.6325,5.000000
_2199_,VDD,Metal1,291.7360,160.1675,5.000000
_2198_,VDD,Metal1,291.7360,152.3275,5.000000
_2197_,VDD,Metal1,295.6560,129.9125,5.000000
_2196_,VDD,Metal1,292.2960,106.3925,5.000000
_2195_,VDD,Metal1,305.7360,90.7125,5.000000
_2194_,VDD,Metal1,304.0560,75.0325,4.999999
_2193_,VDD,Metal1,296.2160,59.3525,4.999999
_2192_,VDD,Metal1,304.6160,35.8325,4.999980
_2191_,VDD,Metal1,337.6560,20.1525,4.999850
_2190_,VDD,Metal1,362.8560,26.8875,4.998944
_2189_,VDD,Metal1,432.8560,450.2475,5.000000
_2188_,VDD,Metal1,432.8560,442.4075,5.000000
_2187_,VDD,Metal1,432.8560,418.8875,5.000000
_2186_,VDD,Metal1,432.8560,395.3675,5.000000
_2185_,VDD,Metal1,432.8560,379.6875,5.000000
_2184_,VDD,Metal1,432.8560,356.1675,5.000000
_2183_,VDD,Metal1,432.8560,332.6475,5.000000
_2182_,VDD,Metal1,432.8560,309.1275,5.000000
_2181_,VDD,Metal1,432.8560,277.7675,5.000000
_2180_,VDD,Metal1,432.8560,254.2475,5.000000
_2179_,VDD,Metal1,432.8560,230.7275,5.000000
_2178_,VDD,Metal1,432.8560,199.3675,5.000000
_2177_,VDD,Metal1,371.8160,451.3525,5.000000
_2176_,VDD,Metal1,375.1760,427.8325,5.000000
_2175_,VDD,Metal1,390.2960,411.0475,5.000000
_2174_,VDD,Metal1,380.7760,396.4725,5.000000
_2173_,VDD,Metal1,374.6160,372.9525,5.000000
_2172_,VDD,Metal1,379.0960,357.2725,5.000000
_2171_,VDD,Metal1,378.5360,333.7525,5.000000
_2170_,VDD,Metal1,383.0160,294.5525,5.000000
_2169_,VDD,Metal1,380.7760,310.2325,5.000000
_2168_,VDD,Metal1,397.5760,277.7675,5.000000
_2167_,VDD,Metal1,394.2160,254.2475,5.000000
_2166_,VDD,Metal1,391.9760,222.8875,5.000000
_2165_,VDD,Metal1,384.6960,192.6325,5.000000
_2164_,VDD,Metal1,432.8560,160.1675,5.000000
_2163_,VDD,Metal1,425.0160,145.5925,5.000000
_2162_,VDD,Metal1,403.7360,136.6475,4.999784
_2161_,VDD,Metal1,386.9360,153.4325,5.000000
_2160_,VDD,Metal1,432.8560,128.8075,5.000000
_2159_,VDD,Metal1,405.4160,120.9675,5.000000
_2158_,VDD,Metal1,399.2560,89.6075,5.000000
_2157_,VDD,Metal1,432.8560,73.9275,4.999999
_2156_,VDD,Metal1,398.1360,66.0875,5.000000
_2155_,VDD,Metal1,432.8560,50.4075,4.999997
_2154_,VDD,Metal1,410.4560,20.1525,4.999833
_2153_,VDD,Metal1,432.8560,34.7275,4.999980
_2152_,VDD,Metal1,142.2400,443.5885,5.000000
_2151_,VDD,Metal1,48.1565,450.1965,5.000000
_2150_,VDD,Metal1,17.9165,443.5630,5.000000
_2149_,VDD,Metal1,38.6365,426.6765,5.000000
_2148_,VDD,Metal1,17.9165,412.2030,5.000000
_2147_,VDD,Metal1,45.9230,395.3165,5.000000
_2146_,VDD,Metal1,21.2765,380.8430,5.000000
_2145_,VDD,Metal1,20.1565,373.0030,5.000000
_2144_,VDD,Metal1,76.1565,451.4030,5.000000
_2143_,VDD,Metal1,61.0365,420.0430,5.000000
_2142_,VDD,Metal1,72.2365,396.5230,5.000000
_2141_,VDD,Metal1,76.7165,371.7965,5.000000
_2140_,VDD,Metal1,45.3565,371.7965,5.000000
_2139_,VDD,Metal1,22.9565,349.4830,5.000000
_2138_,VDD,Metal1,17.9165,333.8030,5.000000
_2137_,VDD,Metal1,19.0365,302.4430,5.000000
_2136_,VDD,Metal1,21.2765,278.9230,5.000000
_2135_,VDD,Metal1,48.7165,222.8365,5.000000
_2134_,VDD,Metal1,52.6365,246.3565,5.000000
_2133_,VDD,Metal1,19.5965,263.2430,5.000000
_2132_,VDD,Metal1,19.5965,231.8830,5.000000
_2131_,VDD,Metal1,17.9165,208.3630,5.000000
_2130_,VDD,Metal1,17.9165,177.0030,5.000000
_2129_,VDD,Metal1,37.5165,160.1165,5.000000
_2128_,VDD,Metal1,17.9165,145.6430,5.000000
_2127_,VDD,Metal1,19.5965,129.9630,5.000000
_2126_,VDD,Metal1,19.5965,98.6030,4.999845
_2125_,VDD,Metal1,47.0365,81.7165,4.999999
_2124_,VDD,Metal1,21.8365,67.2430,4.999999
_2123_,VDD,Metal1,20.7165,51.5630,4.999996
_2122_,VDD,Metal1,44.2365,58.1965,4.999997
_2121_,VDD,Metal1,49.2765,26.8365,4.999512
_2120_,VDD,Metal1,17.9165,28.0430,4.999601
_2119_,VDD,Metal1,125.4365,450.1965,5.000000
_2118_,VDD,Metal1,129.3565,426.6765,5.000000
_2117_,VDD,Metal1,129.3565,403.1565,5.000000
_2116_,VDD,Metal1,128.2365,379.6365,5.000000
_2115_,VDD,Metal1,126.5565,356.1165,5.000000
_2114_,VDD,Metal1,49.2765,348.2765,5.000000
_2113_,VDD,Metal1,48.1565,301.2365,5.000000
_2112_,VDD,Metal1,109.7565,302.4430,5.000000
_2111_,VDD,Metal1,115.9165,332.5965,5.000000
_2110_,VDD,Metal1,40.3165,277.7165,5.000000
_2109_,VDD,Metal1,93.5165,277.7165,5.000000
_2108_,VDD,Metal1,108.0765,255.4030,5.000000
_2107_,VDD,Metal1,109.1965,224.0430,5.000000
_2106_,VDD,Metal1,102.4765,200.5230,5.000000
_2105_,VDD,Metal1,111.4365,169.1630,5.000000
_2104_,VDD,Metal1,95.7565,160.1165,5.000000
_2103_,VDD,Metal1,83.9965,144.4365,5.000000
_2102_,VDD,Metal1,53.1965,136.5965,4.999838
_2101_,VDD,Metal1,89.5965,120.9165,5.000000
_2100_,VDD,Metal1,115.9165,89.5565,5.000000
_2099_,VDD,Metal1,119.2765,66.0365,5.000000
_2098_,VDD,Metal1,97.9965,51.5630,4.999996
_2097_,VDD,Metal1,90.7165,26.8365,4.999348
_2096_,VDD,Metal1,125.9965,26.8365,4.999053
_2095_,VDD,Metal1,123.1965,42.5165,5.000000
_2094_,VDD,Metal1,193.7565,451.4030,5.000000
_2093_,VDD,Metal1,193.7565,420.0430,5.000000
_2092_,VDD,Metal1,190.3965,396.5230,5.000000
_2091_,VDD,Metal1,195.9965,387.4765,5.000000
_2090_,VDD,Metal1,181.4365,373.0030,5.000000
_2089_,VDD,Metal1,198.2365,356.1165,5.000000
_2088_,VDD,Metal1,201.0365,332.5965,5.000000
_2087_,VDD,Metal1,173.5965,309.0765,5.000000
_2086_,VDD,Metal1,164.6365,316.9165,5.000000
_2085_,VDD,Metal1,105.2765,278.9230,5.000000
_2084_,VDD,Metal1,174.1565,285.5565,5.000000
_2083_,VDD,Metal1,189.8365,247.5630,5.000000
_2082_,VDD,Metal1,189.2765,224.0430,5.000000
_2081_,VDD,Metal1,174.1565,199.3165,5.000000
_2080_,VDD,Metal1,170.2365,175.7965,5.000000
_2079_,VDD,Metal1,174.7165,153.4830,5.000000
_2078_,VDD,Metal1,166.3165,136.5965,4.999819
_2077_,VDD,Metal1,115.3565,153.4830,5.000000
_2076_,VDD,Metal1,170.2365,113.0765,5.000000
_2075_,VDD,Metal1,174.1565,97.3965,4.999749
_2074_,VDD,Metal1,169.6765,81.7165,4.999999
_2073_,VDD,Metal1,185.9165,67.2430,5.000000
_2072_,VDD,Metal1,192.0765,43.7230,5.000000
_2071_,VDD,Metal1,202.7165,26.8365,4.999048
_2070_,VDD,Metal1,146.1565,20.2030,4.999905
_2069_,VDD,Metal1,374.9600,27.0825,4.998943
_2068_,VDD,Metal1,109.5200,42.7625,5.000000
_2067_,VDD,Metal1,17.0400,27.0825,4.999601
_2066_,VDD,Metal1,19.2800,387.7225,5.000000
_2065_,VDD,Metal1,278.6400,27.0825,4.999041
_2064_,VDD,Metal1,36.9450,396.4600,5.000000
_2063_,VDD,Metal1,140.8000,27.0825,4.999053
_2062_,VDD,Metal1,19.0550,411.0600,5.000000
_2061_,VDD,Metal1,254.7000,450.3775,5.000000
_2060_,VDD,Metal1,248.8375,443.3825,5.000000
_2059_,VDD,Metal1,249.6200,450.4175,5.000000
_2058_,VDD,Metal1,246.3850,451.3400,5.000000
_2057_,VDD,Metal1,244.4800,450.4425,5.000000
_2056_,VDD,Metal1,220.1965,442.5265,5.000000
_2055_,VDD,Metal1,221.0600,435.5025,5.000000
_2054_,VDD,Metal1,220.0100,434.7475,5.000000
_2053_,VDD,Metal1,215.9625,419.8625,5.000000
_2052_,VDD,Metal1,247.0765,411.1665,5.000000
_2051_,VDD,Metal1,243.2700,419.0175,5.000000
_2050_,VDD,Metal1,257.5000,427.7025,5.000000
_2049_,VDD,Metal1,245.7000,419.8225,5.000000
_2048_,VDD,Metal1,253.3175,426.8575,5.000000
_2047_,VDD,Metal1,220.9600,419.7975,5.000000
_2046_,VDD,Metal1,226.5600,434.7625,5.000000
_2045_,VDD,Metal1,258.4800,411.9575,5.000000
_2044_,VDD,Metal1,247.4030,412.0330,5.000000
_2043_,VDD,Metal1,251.3230,387.6465,5.000000
_2042_,VDD,Metal1,249.9400,395.4850,5.000000
_2041_,VDD,Metal1,238.8300,388.6430,5.000000
_2040_,VDD,Metal1,231.8230,380.7030,5.000000
_2039_,VDD,Metal1,245.4200,364.1775,5.000000
_2038_,VDD,Metal1,241.1060,379.8500,5.000000
_2037_,VDD,Metal1,249.6600,419.8625,5.000000
_2036_,VDD,Metal1,232.3000,419.0175,5.000000
_2035_,VDD,Metal1,236.0300,418.8765,5.000000
_2034_,VDD,Metal1,221.3000,419.0175,5.000000
_2033_,VDD,Metal1,252.9130,388.5740,5.000000
_2032_,VDD,Metal1,232.1675,388.5025,5.000000
_2031_,VDD,Metal1,236.0300,388.6430,5.000000
_2030_,VDD,Metal1,254.9165,379.8065,5.000000
_2029_,VDD,Metal1,258.4800,372.7575,5.000000
_2028_,VDD,Metal1,247.9400,325.7425,5.000000
_2027_,VDD,Metal1,245.1630,294.4330,5.000000
_2026_,VDD,Metal1,244.0400,317.0825,5.000000
_2025_,VDD,Metal1,235.3165,333.6330,5.000000
_2024_,VDD,Metal1,234.1200,341.3050,5.000000
_2023_,VDD,Metal1,233.2625,340.7450,5.000000
_2022_,VDD,Metal1,250.7800,348.4575,5.000000
_2021_,VDD,Metal1,230.6200,333.6225,5.000000
_2020_,VDD,Metal1,229.1565,340.6065,5.000000
_2019_,VDD,Metal1,250.0300,372.9630,5.000000
_2018_,VDD,Metal1,233.2875,371.9775,5.000000
_2017_,VDD,Metal1,232.6700,372.9630,5.000000
_2016_,VDD,Metal1,257.5850,356.1800,5.000000
_2015_,VDD,Metal1,234.9600,356.3625,5.000000
_2014_,VDD,Metal1,259.9565,341.4730,5.000000
_2013_,VDD,Metal1,265.7600,340.6825,5.000000
_2012_,VDD,Metal1,254.0000,340.6825,5.000000
_2011_,VDD,Metal1,256.1900,341.6030,5.000000
_2010_,VDD,Metal1,256.3400,317.9025,5.000000
_2009_,VDD,Metal1,223.5465,310.2430,5.000000
_2008_,VDD,Metal1,252.0930,317.0725,5.000000
_2007_,VDD,Metal1,251.7600,302.1975,5.000000
_2006_,VDD,Metal1,240.1230,309.2465,5.000000
_2005_,VDD,Metal1,218.7200,309.3225,5.000000
_2004_,VDD,Metal1,218.3000,310.1025,5.000000
_2003_,VDD,Metal1,215.8700,310.2430,5.000000
_2002_,VDD,Metal1,257.9200,317.1625,5.000000
_2001_,VDD,Metal1,245.0100,309.1165,5.000000
_2000_,VDD,Metal1,250.7630,223.0065,5.000000
_1999_,VDD,Metal1,241.4300,285.7875,5.000000
_1998_,VDD,Metal1,255.1625,239.5425,5.000000
_1997_,VDD,Metal1,239.4260,263.0300,5.000000
_1996_,VDD,Metal1,254.1400,246.5375,5.000000
_1995_,VDD,Metal1,245.1630,208.1930,5.000000
_1994_,VDD,Metal1,238.8625,200.2150,5.000000
_1993_,VDD,Metal1,251.1700,285.5965,5.000000
_1992_,VDD,Metal1,254.8930,278.7675,5.000000
_1991_,VDD,Metal1,259.0100,278.8830,5.000000
_1990_,VDD,Metal1,245.4200,183.8575,5.000000
_1989_,VDD,Metal1,231.5860,215.2100,5.000000
_1988_,VDD,Metal1,233.7735,278.7100,5.000000
_1987_,VDD,Metal1,253.0200,238.6975,5.000000
_1986_,VDD,Metal1,227.6660,270.8700,5.000000
_1985_,VDD,Metal1,221.6300,270.8305,5.000000
_1984_,VDD,Metal1,234.4000,309.3225,5.000000
_1983_,VDD,Metal1,270.3800,270.0575,5.000000
_1982_,VDD,Metal1,264.1800,270.0975,5.000000
_1981_,VDD,Metal1,264.9200,270.7450,5.000000
_1980_,VDD,Metal1,261.2300,271.0430,5.000000
_1979_,VDD,Metal1,238.6530,270.0325,5.000000
_1978_,VDD,Metal1,216.9900,285.5965,5.000000
_1977_,VDD,Metal1,216.9900,286.7230,5.000000
_1976_,VDD,Metal1,271.9200,277.9625,5.000000
_1975_,VDD,Metal1,254.6830,262.2065,5.000000
_1974_,VDD,Metal1,227.4530,270.0325,5.000000
_1973_,VDD,Metal1,206.3500,277.7565,5.000000
_1972_,VDD,Metal1,264.5000,277.8850,5.000000
_1971_,VDD,Metal1,209.1500,277.7565,5.000000
_1970_,VDD,Metal1,261.0765,239.5530,5.000000
_1969_,VDD,Metal1,246.6700,246.3965,5.000000
_1968_,VDD,Metal1,245.9330,255.2475,5.000000
_1967_,VDD,Metal1,211.5130,239.6015,5.000000
_1966_,VDD,Metal1,249.3400,231.6625,5.000000
_1965_,VDD,Metal1,231.5860,239.5100,5.000000
_1964_,VDD,Metal1,230.0300,238.7690,5.000000
_1963_,VDD,Metal1,220.4330,239.6140,5.000000
_1962_,VDD,Metal1,225.9700,238.5565,5.000000
_1961_,VDD,Metal1,237.4565,230.8165,5.000000
_1960_,VDD,Metal1,215.3100,254.2365,5.000000
_1959_,VDD,Metal1,211.3900,247.5230,5.000000
_1958_,VDD,Metal1,258.5130,223.9340,5.000000
_1957_,VDD,Metal1,218.6700,231.8430,5.000000
_1956_,VDD,Metal1,226.5100,224.0030,5.000000
_1955_,VDD,Metal1,252.9800,200.3025,5.000000
_1954_,VDD,Metal1,245.1630,199.4865,5.000000
_1953_,VDD,Metal1,219.8260,207.3700,5.000000
_1952_,VDD,Metal1,218.8300,200.2705,5.000000
_1951_,VDD,Metal1,246.4930,200.3675,5.000000
_1950_,VDD,Metal1,239.9700,207.1965,5.000000
_1949_,VDD,Metal1,200.0865,192.5615,5.000000
_1948_,VDD,Metal1,217.6330,184.7340,5.000000
_1947_,VDD,Metal1,225.7965,183.8065,5.000000
_1946_,VDD,Metal1,213.6300,200.4830,5.000000
_1945_,VDD,Metal1,201.3300,200.4830,5.000000
_1944_,VDD,Metal1,228.2400,184.5975,5.000000
_1943_,VDD,Metal1,220.3500,191.5165,5.000000
_1942_,VDD,Metal1,201.8700,191.5165,5.000000
_1941_,VDD,Metal1,197.3900,184.8030,5.000000
_1940_,VDD,Metal1,250.9965,183.8065,5.000000
_1939_,VDD,Metal1,228.2225,168.2650,5.000000
_1938_,VDD,Metal1,237.7100,167.9965,5.000000
_1937_,VDD,Metal1,236.9730,169.0075,5.000000
_1936_,VDD,Metal1,212.6330,160.2380,5.000000
_1935_,VDD,Metal1,247.1000,176.7825,5.000000
_1934_,VDD,Metal1,248.4075,161.1425,5.000000
_1933_,VDD,Metal1,233.0600,161.1425,5.000000
_1932_,VDD,Metal1,249.5200,160.3625,5.000000
_1931_,VDD,Metal1,227.2200,153.2625,5.000000
_1930_,VDD,Metal1,199.1200,161.0775,5.000000
_1929_,VDD,Metal1,210.8300,161.2830,5.000000
_1928_,VDD,Metal1,252.3200,152.5225,5.000000
_1927_,VDD,Metal1,217.6000,152.5225,5.000000
_1926_,VDD,Metal1,219.7900,153.4430,5.000000
_1925_,VDD,Metal1,219.9800,145.4625,5.000000
_1924_,VDD,Metal1,240.5300,153.4430,5.000000
_1923_,VDD,Metal1,244.5800,137.5825,4.999818
_1922_,VDD,Metal1,218.1000,128.9225,5.000000
_1921_,VDD,Metal1,238.0400,121.2550,5.000000
_1920_,VDD,Metal1,211.6630,121.0565,5.000000
_1919_,VDD,Metal1,206.2775,121.0975,5.000000
_1918_,VDD,Metal1,242.7700,144.4765,5.000000
_1917_,VDD,Metal1,235.6600,129.7825,5.000000
_1916_,VDD,Metal1,230.9735,121.9100,5.000000
_1915_,VDD,Metal1,232.2700,121.1690,5.000000
_1914_,VDD,Metal1,254.5930,128.8655,5.000000
_1913_,VDD,Metal1,211.9500,122.0830,5.000000
_1912_,VDD,Metal1,234.9300,122.0830,5.000000
_1911_,VDD,Metal1,256.9000,121.1375,5.000000
_1910_,VDD,Metal1,261.5050,106.3800,5.000000
_1909_,VDD,Metal1,249.3065,97.4365,4.999719
_1908_,VDD,Metal1,235.5060,97.6100,4.999746
_1907_,VDD,Metal1,225.2600,90.5425,5.000000
_1906_,VDD,Metal1,242.0365,97.5665,4.999733
_1905_,VDD,Metal1,256.7500,114.2430,5.000000
_1904_,VDD,Metal1,208.5900,122.0830,5.000000
_1903_,VDD,Metal1,253.8600,121.0850,5.000000
_1902_,VDD,Metal1,210.2700,114.2430,5.000000
_1901_,VDD,Metal1,261.8730,82.8140,5.000000
_1900_,VDD,Metal1,236.6100,90.7230,5.000000
_1899_,VDD,Metal1,220.7400,97.5775,4.999746
_1898_,VDD,Metal1,216.9900,97.4365,4.999746
_1897_,VDD,Metal1,254.9000,97.5775,4.999718
_1896_,VDD,Metal1,253.3900,89.5965,5.000000
_1895_,VDD,Metal1,249.5530,73.9855,4.999999
_1894_,VDD,Metal1,245.8230,89.6965,5.000000
_1893_,VDD,Metal1,239.7965,66.2065,5.000000
_1892_,VDD,Metal1,232.1460,59.1900,4.999999
_1891_,VDD,Metal1,223.3000,59.1825,4.999999
_1890_,VDD,Metal1,240.5300,81.7565,5.000000
_1889_,VDD,Metal1,224.8300,82.8830,4.999999
_1888_,VDD,Metal1,224.4600,81.8975,4.999999
_1887_,VDD,Metal1,254.5930,59.2940,4.999999
_1886_,VDD,Metal1,215.8700,66.0765,5.000000
_1885_,VDD,Metal1,228.1900,59.3630,4.999999
_1884_,VDD,Metal1,219.6200,66.2175,5.000000
_1883_,VDD,Metal1,253.3900,51.5230,4.999997
_1882_,VDD,Metal1,236.6730,42.6255,5.000000
_1881_,VDD,Metal1,250.0660,43.5100,5.000000
_1880_,VDD,Metal1,248.9300,42.5565,5.000000
_1879_,VDD,Metal1,250.3900,27.8125,4.999047
_1878_,VDD,Metal1,227.0700,43.6830,5.000000
_1877_,VDD,Metal1,229.8700,43.6830,5.000000
_1876_,VDD,Metal1,223.3400,43.5425,5.000000
_1875_,VDD,Metal1,253.4730,20.0940,4.999865
_1874_,VDD,Metal1,255.6300,28.0030,4.999047
_1873_,VDD,Metal1,246.6700,28.0030,4.999047
_1872_,VDD,Metal1,337.5800,450.3775,5.000000
_1871_,VDD,Metal1,334.5175,443.3825,5.000000
_1870_,VDD,Metal1,330.2600,450.4175,5.000000
_1869_,VDD,Metal1,324.7850,451.3400,5.000000
_1868_,VDD,Metal1,324.0000,450.4425,5.000000
_1867_,VDD,Metal1,311.8030,442.5265,5.000000
_1866_,VDD,Metal1,310.6600,443.3425,5.000000
_1865_,VDD,Metal1,311.4300,435.4925,5.000000
_1864_,VDD,Metal1,310.0425,419.0175,5.000000
_1863_,VDD,Metal1,333.6430,411.1665,5.000000
_1862_,VDD,Metal1,332.3100,419.8625,5.000000
_1861_,VDD,Metal1,344.8600,426.8575,5.000000
_1860_,VDD,Metal1,335.8600,426.8975,5.000000
_1859_,VDD,Metal1,340.6775,419.8625,5.000000
_1858_,VDD,Metal1,308.8800,427.6375,5.000000
_1857_,VDD,Metal1,311.1200,419.7975,5.000000
_1856_,VDD,Metal1,348.0800,411.2425,5.000000
_1855_,VDD,Metal1,336.4430,404.1930,5.000000
_1854_,VDD,Metal1,337.5630,387.6465,5.000000
_1853_,VDD,Metal1,339.7400,388.5150,5.000000
_1852_,VDD,Metal1,328.9900,388.6430,5.000000
_1851_,VDD,Metal1,325.0700,387.5165,5.000000
_1850_,VDD,Metal1,334.1800,372.0175,5.000000
_1849_,VDD,Metal1,329.2630,387.6165,5.000000
_1848_,VDD,Metal1,336.4600,419.8625,5.000000
_1847_,VDD,Metal1,325.2600,419.8625,5.000000
_1846_,VDD,Metal1,326.7500,427.8430,5.000000
_1845_,VDD,Metal1,314.2600,419.0175,5.000000
_1844_,VDD,Metal1,319.5530,395.4255,5.000000
_1843_,VDD,Metal1,318.9100,387.5165,5.000000
_1842_,VDD,Metal1,318.4075,388.5025,5.000000
_1841_,VDD,Metal1,324.6600,379.8575,5.000000
_1840_,VDD,Metal1,336.3200,372.7575,5.000000
_1839_,VDD,Metal1,338.3800,356.3375,5.000000
_1838_,VDD,Metal1,333.4700,365.1230,5.000000
_1837_,VDD,Metal1,337.7965,340.6065,5.000000
_1836_,VDD,Metal1,334.5500,341.4625,5.000000
_1835_,VDD,Metal1,336.7400,357.1550,5.000000
_1834_,VDD,Metal1,316.9200,356.4550,5.000000
_1833_,VDD,Metal1,319.3000,349.3025,5.000000
_1832_,VDD,Metal1,306.6400,379.8825,5.000000
_1831_,VDD,Metal1,305.6600,372.8225,5.000000
_1830_,VDD,Metal1,335.2000,349.2375,5.000000
_1829_,VDD,Metal1,308.3200,357.0775,5.000000
_1828_,VDD,Metal1,312.9400,357.1425,5.000000
_1827_,VDD,Metal1,310.5100,356.1565,5.000000
_1826_,VDD,Metal1,325.7800,340.6575,5.000000
_1825_,VDD,Metal1,344.3850,340.5000,5.000000
_1824_,VDD,Metal1,311.6800,340.6825,5.000000
_1823_,VDD,Metal1,316.3000,340.6175,5.000000
_1822_,VDD,Metal1,315.5500,333.7630,5.000000
_1821_,VDD,Metal1,337.7965,324.9265,5.000000
_1820_,VDD,Metal1,335.3000,309.2975,5.000000
_1819_,VDD,Metal1,314.2665,310.2430,5.000000
_1818_,VDD,Metal1,332.7200,317.0975,5.000000
_1817_,VDD,Metal1,336.9130,294.4940,5.000000
_1816_,VDD,Metal1,335.8600,302.2225,5.000000
_1815_,VDD,Metal1,329.5500,301.2765,5.000000
_1814_,VDD,Metal1,313.1400,302.2625,5.000000
_1813_,VDD,Metal1,309.3900,302.4030,5.000000
_1812_,VDD,Metal1,333.3000,301.4175,5.000000
_1811_,VDD,Metal1,346.4000,317.8775,5.000000
_1810_,VDD,Metal1,337.7965,215.1665,5.000000
_1809_,VDD,Metal1,342.0600,324.9375,5.000000
_1808_,VDD,Metal1,335.7000,239.5575,5.000000
_1807_,VDD,Metal1,333.9000,223.0575,5.000000
_1806_,VDD,Metal1,334.7630,246.5265,5.000000
_1805_,VDD,Metal1,337.2600,255.1825,5.000000
_1804_,VDD,Metal1,342.3000,192.4625,5.000000
_1803_,VDD,Metal1,332.9460,208.1500,5.000000
_1802_,VDD,Metal1,335.1860,231.6700,5.000000
_1801_,VDD,Metal1,332.7700,223.7905,5.000000
_1800_,VDD,Metal1,313.4700,230.9290,5.000000
_1799_,VDD,Metal1,331.8260,263.0300,5.000000
_1798_,VDD,Metal1,331.9500,270.1290,5.000000
_1797_,VDD,Metal1,311.1200,317.1625,5.000000
_1796_,VDD,Metal1,316.8600,309.2575,5.000000
_1795_,VDD,Metal1,320.5900,309.1165,5.000000
_1794_,VDD,Metal1,363.7100,263.2030,5.000000
_1793_,VDD,Metal1,357.2100,263.0125,5.000000
_1792_,VDD,Metal1,355.4330,255.2815,5.000000
_1791_,VDD,Metal1,353.8200,262.2175,5.000000
_1790_,VDD,Metal1,319.4700,262.0765,5.000000
_1789_,VDD,Metal1,321.9000,262.2175,5.000000
_1788_,VDD,Metal1,322.8300,263.2030,5.000000
_1787_,VDD,Metal1,322.4600,255.2225,5.000000
_1786_,VDD,Metal1,358.7530,277.8255,5.000000
_1785_,VDD,Metal1,355.2375,254.3775,5.000000
_1784_,VDD,Metal1,352.5300,271.0430,5.000000
_1783_,VDD,Metal1,336.1000,277.8975,5.000000
_1782_,VDD,Metal1,332.3500,277.7565,5.000000
_1781_,VDD,Metal1,350.4600,277.8975,5.000000
_1780_,VDD,Metal1,356.8130,247.4075,5.000000
_1779_,VDD,Metal1,316.1100,238.5565,5.000000
_1778_,VDD,Metal1,312.1900,231.8430,5.000000
_1777_,VDD,Metal1,358.4165,222.9765,5.000000
_1776_,VDD,Metal1,363.7600,230.9225,5.000000
_1775_,VDD,Metal1,359.2300,230.7165,5.000000
_1774_,VDD,Metal1,315.3730,231.7275,5.000000
_1773_,VDD,Metal1,302.6700,239.6830,5.000000
_1772_,VDD,Metal1,305.4700,239.6830,5.000000
_1771_,VDD,Metal1,359.8400,207.4025,5.000000
_1770_,VDD,Metal1,352.7830,223.9030,5.000000
_1769_,VDD,Metal1,346.7565,208.1930,5.000000
_1768_,VDD,Metal1,338.5100,207.1965,5.000000
_1767_,VDD,Metal1,319.2700,199.5475,5.000000
_1766_,VDD,Metal1,336.9800,191.6975,5.000000
_1765_,VDD,Metal1,323.7965,184.6730,5.000000
_1764_,VDD,Metal1,307.4230,199.4565,5.000000
_1763_,VDD,Metal1,316.7060,192.4700,5.000000
_1762_,VDD,Metal1,324.1100,192.4305,5.000000
_1761_,VDD,Metal1,356.8130,223.8875,5.000000
_1760_,VDD,Metal1,303.7900,222.8765,5.000000
_1759_,VDD,Metal1,306.5900,222.8765,5.000000
_1758_,VDD,Metal1,352.5930,176.8940,5.000000
_1757_,VDD,Metal1,314.4300,183.6765,5.000000
_1756_,VDD,Metal1,317.2300,183.6765,5.000000
_1755_,VDD,Metal1,315.9400,176.8225,5.000000
_1754_,VDD,Metal1,354.0365,183.8065,5.000000
_1753_,VDD,Metal1,359.2800,183.8825,5.000000
_1752_,VDD,Metal1,352.5100,191.5165,5.000000
_1751_,VDD,Metal1,305.4700,192.6430,5.000000
_1750_,VDD,Metal1,302.6700,192.6430,5.000000
_1749_,VDD,Metal1,341.4600,176.7825,5.000000
_1748_,VDD,Metal1,320.7865,168.1125,5.000000
_1747_,VDD,Metal1,328.4300,167.9965,5.000000
_1746_,VDD,Metal1,316.3300,153.2525,5.000000
_1745_,VDD,Metal1,330.8300,153.2305,5.000000
_1744_,VDD,Metal1,346.9930,152.3855,5.000000
_1743_,VDD,Metal1,346.1965,145.4730,5.000000
_1742_,VDD,Metal1,317.2300,160.1565,5.000000
_1741_,VDD,Metal1,331.8100,152.3165,5.000000
_1740_,VDD,Metal1,350.8800,153.2375,5.000000
_1739_,VDD,Metal1,341.3100,153.4430,5.000000
_1738_,VDD,Metal1,314.9900,152.3165,5.000000
_1737_,VDD,Metal1,318.9675,152.4575,5.000000
_1736_,VDD,Metal1,338.5100,176.9630,5.000000
_1735_,VDD,Metal1,342.5800,128.9775,5.000000
_1734_,VDD,Metal1,327.8600,121.0825,5.000000
_1733_,VDD,Metal1,339.5000,121.9025,5.000000
_1732_,VDD,Metal1,328.2765,121.9530,5.000000
_1731_,VDD,Metal1,343.0100,122.0830,5.000000
_1730_,VDD,Metal1,337.5800,121.0975,5.000000
_1729_,VDD,Metal1,323.9860,114.0700,5.000000
_1728_,VDD,Metal1,317.9500,121.1690,5.000000
_1727_,VDD,Metal1,358.1930,128.8655,5.000000
_1726_,VDD,Metal1,312.1900,128.7965,5.000000
_1725_,VDD,Metal1,317.6200,128.9375,5.000000
_1724_,VDD,Metal1,316.1100,122.0830,5.000000
_1723_,VDD,Metal1,360.5000,121.1375,5.000000
_1722_,VDD,Metal1,367.9050,114.2200,5.000000
_1721_,VDD,Metal1,358.0975,97.7050,4.999717
_1720_,VDD,Metal1,339.1060,90.5500,5.000000
_1719_,VDD,Metal1,327.3100,98.5630,4.999717
_1718_,VDD,Metal1,346.7800,98.3825,4.999717
_1717_,VDD,Metal1,324.0730,90.6415,5.000000
_1716_,VDD,Metal1,343.0225,89.8650,5.000000
_1715_,VDD,Metal1,362.0300,114.2430,5.000000
_1714_,VDD,Metal1,357.4600,121.0850,5.000000
_1713_,VDD,Metal1,303.2300,113.1165,5.000000
_1712_,VDD,Metal1,299.3100,113.1165,5.000000
_1711_,VDD,Metal1,366.0330,97.5055,4.999717
_1710_,VDD,Metal1,328.4500,90.7230,5.000000
_1709_,VDD,Metal1,335.1500,90.7230,5.000000
_1708_,VDD,Metal1,362.0300,90.7230,5.000000
_1707_,VDD,Metal1,353.7130,73.9855,4.999999
_1706_,VDD,Metal1,353.3430,90.6230,5.000000
_1705_,VDD,Metal1,332.1965,66.2065,5.000000
_1704_,VDD,Metal1,323.9860,59.1900,4.999999
_1703_,VDD,Metal1,322.4200,66.2575,5.000000
_1702_,VDD,Metal1,346.9300,82.8830,5.000000
_1701_,VDD,Metal1,326.7500,89.5965,5.000000
_1700_,VDD,Metal1,346.9930,66.1455,5.000000
_1699_,VDD,Metal1,316.1100,66.0765,5.000000
_1698_,VDD,Metal1,309.3900,59.3630,4.999999
_1697_,VDD,Metal1,318.5400,66.2175,5.000000
_1696_,VDD,Metal1,346.9100,58.2365,4.999999
_1695_,VDD,Metal1,329.6330,42.6255,5.000000
_1694_,VDD,Metal1,344.1460,50.5700,4.999997
_1693_,VDD,Metal1,344.1300,43.6830,5.000000
_1692_,VDD,Metal1,355.6700,35.6525,4.999980
_1691_,VDD,Metal1,322.8300,43.6830,5.000000
_1690_,VDD,Metal1,325.6300,43.6830,5.000000
_1689_,VDD,Metal1,317.9800,43.5425,5.000000
_1688_,VDD,Metal1,361.5530,42.6255,5.000000
_1687_,VDD,Metal1,363.1500,35.8430,4.999980
_1686_,VDD,Metal1,347.4900,42.5565,5.000000
_1685_,VDD,Metal1,412.4300,451.3630,5.000000
_1684_,VDD,Metal1,408.7300,451.1725,5.000000
_1683_,VDD,Metal1,404.0300,451.3630,5.000000
_1682_,VDD,Metal1,384.7050,451.3400,5.000000
_1681_,VDD,Metal1,384.4800,450.4425,5.000000
_1680_,VDD,Metal1,407.7965,450.3665,5.000000
_1679_,VDD,Metal1,396.9400,442.5375,5.000000
_1678_,VDD,Metal1,396.0600,427.6625,5.000000
_1677_,VDD,Metal1,409.0325,427.7025,5.000000
_1676_,VDD,Metal1,420.8300,434.5565,5.000000
_1675_,VDD,Metal1,414.8900,427.6525,5.000000
_1674_,VDD,Metal1,418.5900,427.8430,5.000000
_1673_,VDD,Metal1,413.9565,419.8730,5.000000
_1672_,VDD,Metal1,388.9600,434.7625,5.000000
_1671_,VDD,Metal1,395.6800,434.7625,5.000000
_1670_,VDD,Metal1,392.4600,435.5425,5.000000
_1669_,VDD,Metal1,418.6400,411.9575,5.000000
_1668_,VDD,Metal1,412.8600,380.6225,5.000000
_1667_,VDD,Metal1,407.3900,379.6765,5.000000
_1666_,VDD,Metal1,401.2300,380.8030,5.000000
_1665_,VDD,Metal1,405.3200,380.6775,5.000000
_1664_,VDD,Metal1,402.9600,411.9575,5.000000
_1663_,VDD,Metal1,397.3100,412.1630,5.000000
_1662_,VDD,Metal1,411.3930,396.4140,5.000000
_1661_,VDD,Metal1,402.4075,388.5025,5.000000
_1660_,VDD,Metal1,405.7300,388.6430,5.000000
_1659_,VDD,Metal1,415.9400,380.6225,5.000000
_1658_,VDD,Metal1,422.0000,372.7575,5.000000
_1657_,VDD,Metal1,387.2800,379.8825,5.000000
_1656_,VDD,Metal1,386.3000,372.8225,5.000000
_1655_,VDD,Metal1,416.1965,356.2865,5.000000
_1654_,VDD,Metal1,403.0025,356.2975,5.000000
_1653_,VDD,Metal1,402.8700,340.6175,5.000000
_1652_,VDD,Metal1,416.9675,333.6225,5.000000
_1651_,VDD,Metal1,411.1200,333.6225,5.000000
_1650_,VDD,Metal1,419.7600,349.2375,5.000000
_1649_,VDD,Metal1,416.5000,341.4225,5.000000
_1648_,VDD,Metal1,395.1200,357.0775,5.000000
_1647_,VDD,Metal1,400.8600,357.1425,5.000000
_1646_,VDD,Metal1,397.8700,356.1565,5.000000
_1645_,VDD,Metal1,422.0000,333.5575,5.000000
_1644_,VDD,Metal1,390.6400,333.5575,5.000000
_1643_,VDD,Metal1,392.3200,340.6825,5.000000
_1642_,VDD,Metal1,391.3400,341.4625,5.000000
_1641_,VDD,Metal1,415.4130,332.6365,5.000000
_1640_,VDD,Metal1,409.9030,309.2165,5.000000
_1639_,VDD,Metal1,405.7100,310.2430,5.000000
_1638_,VDD,Metal1,402.8065,309.1980,5.000000
_1637_,VDD,Metal1,421.4730,302.3340,5.000000
_1636_,VDD,Metal1,406.8875,302.2625,5.000000
_1635_,VDD,Metal1,406.8500,309.1165,5.000000
_1634_,VDD,Metal1,423.2200,301.4575,5.000000
_1633_,VDD,Metal1,424.2400,285.8025,5.000000
_1632_,VDD,Metal1,424.6200,278.7025,5.000000
_1631_,VDD,Metal1,419.9065,278.7675,5.000000
_1630_,VDD,Metal1,427.9800,183.8575,5.000000
_1629_,VDD,Metal1,425.0230,184.7030,5.000000
_1628_,VDD,Metal1,413.0260,230.8900,5.000000
_1627_,VDD,Metal1,416.3860,231.6700,5.000000
_1626_,VDD,Metal1,411.3100,269.9165,5.000000
_1625_,VDD,Metal1,406.7265,263.1215,5.000000
_1624_,VDD,Metal1,395.9050,309.1400,5.000000
_1623_,VDD,Metal1,402.1800,302.2625,5.000000
_1622_,VDD,Metal1,423.9050,255.3400,5.000000
_1621_,VDD,Metal1,420.9800,247.3425,5.000000
_1620_,VDD,Metal1,409.9050,277.7800,5.000000
_1619_,VDD,Metal1,407.3900,269.9165,5.000000
_1618_,VDD,Metal1,424.9000,231.6625,5.000000
_1617_,VDD,Metal1,420.6530,231.7275,5.000000
_1616_,VDD,Metal1,420.9800,238.7375,5.000000
_1615_,VDD,Metal1,423.8500,200.2925,5.000000
_1614_,VDD,Metal1,415.2300,207.1965,5.000000
_1613_,VDD,Metal1,404.5000,223.0050,5.000000
_1612_,VDD,Metal1,397.9025,207.4650,5.000000
_1611_,VDD,Metal1,404.3050,247.5000,5.000000
_1610_,VDD,Metal1,408.1400,254.3775,5.000000
_1609_,VDD,Metal1,413.6330,200.4140,5.000000
_1608_,VDD,Metal1,416.1965,199.4865,5.000000
_1607_,VDD,Metal1,426.4175,176.6950,5.000000
_1606_,VDD,Metal1,429.8100,176.9630,5.000000
_1605_,VDD,Metal1,406.4430,168.9930,5.000000
_1604_,VDD,Metal1,420.1800,176.8350,5.000000
_1603_,VDD,Metal1,407.2000,175.9775,5.000000
_1602_,VDD,Metal1,405.8330,152.3980,5.000000
_1601_,VDD,Metal1,402.4730,160.2380,5.000000
_1600_,VDD,Metal1,427.6075,168.9825,5.000000
_1599_,VDD,Metal1,402.3500,175.8365,5.000000
_1598_,VDD,Metal1,400.1425,152.5850,5.000000
_1597_,VDD,Metal1,409.0575,168.2650,5.000000
_1596_,VDD,Metal1,430.3700,97.4365,4.999717
_1595_,VDD,Metal1,427.4200,97.6175,4.999717
_1594_,VDD,Metal1,412.3000,89.7775,5.000000
_1593_,VDD,Metal1,427.1800,105.4175,5.000000
_1592_,VDD,Metal1,426.1430,90.6230,5.000000
_1591_,VDD,Metal1,422.1200,81.8825,5.000000
_1590_,VDD,Metal1,407.4225,74.7750,4.999999
_1589_,VDD,Metal1,423.0325,74.9025,4.999999
_1588_,VDD,Metal1,408.4975,82.0250,5.000000
_1587_,VDD,Metal1,427.7465,98.4475,4.999717
_1586_,VDD,Metal1,423.6625,121.2250,5.000000
_1585_,VDD,Metal1,426.0600,114.1025,5.000000
_1584_,VDD,Metal1,421.9825,113.9750,5.000000
_1583_,VDD,Metal1,420.1165,51.3930,4.999997
_1582_,VDD,Metal1,417.0330,43.6015,5.000000
_1581_,VDD,Metal1,420.3625,27.8625,4.998645
_1580_,VDD,Metal1,414.0975,51.2550,4.999997
_1579_,VDD,Metal1,401.2300,200.4830,5.000000
_1578_,VDD,Metal1,396.3800,200.3425,5.000000
_1577_,VDD,Metal1,405.7675,223.8625,5.000000
_1576_,VDD,Metal1,408.5100,207.1965,5.000000
_1575_,VDD,Metal1,68.0300,450.2365,5.000000
_1574_,VDD,Metal1,65.0400,443.3825,5.000000
_1573_,VDD,Metal1,69.3230,443.3930,5.000000
_1572_,VDD,Metal1,59.4600,419.0175,5.000000
_1571_,VDD,Metal1,61.1400,426.8575,5.000000
_1570_,VDD,Metal1,64.1300,426.7165,5.000000
_1569_,VDD,Metal1,63.9800,419.0575,5.000000
_1568_,VDD,Metal1,58.5600,396.2775,5.000000
_1567_,VDD,Metal1,62.6200,372.8225,5.000000
_1566_,VDD,Metal1,58.2230,387.6165,5.000000
_1565_,VDD,Metal1,56.4400,379.8025,5.000000
_1564_,VDD,Metal1,60.0600,372.7825,5.000000
_1563_,VDD,Metal1,42.8000,372.7575,5.000000
_1562_,VDD,Metal1,24.7400,356.2975,5.000000
_1561_,VDD,Metal1,30.3700,333.5505,5.000000
_1560_,VDD,Metal1,23.9800,348.4575,5.000000
_1559_,VDD,Metal1,20.8200,332.7775,5.000000
_1558_,VDD,Metal1,26.4500,317.8705,5.000000
_1557_,VDD,Metal1,24.7800,332.8175,5.000000
_1556_,VDD,Metal1,20.3000,309.2975,5.000000
_1555_,VDD,Metal1,24.5465,309.2325,5.000000
_1554_,VDD,Metal1,24.7800,301.4575,5.000000
_1553_,VDD,Metal1,19.2800,285.8025,5.000000
_1552_,VDD,Metal1,38.7800,215.9825,5.000000
_1551_,VDD,Metal1,32.0500,199.5690,5.000000
_1550_,VDD,Metal1,35.9700,223.0890,5.000000
_1549_,VDD,Metal1,40.7800,223.8625,5.000000
_1548_,VDD,Metal1,41.3400,239.5425,5.000000
_1547_,VDD,Metal1,36.8300,247.3105,5.000000
_1546_,VDD,Metal1,39.3400,246.5775,5.000000
_1545_,VDD,Metal1,17.5000,254.4175,5.000000
_1544_,VDD,Metal1,23.4265,247.4075,5.000000
_1543_,VDD,Metal1,21.9800,254.4175,5.000000
_1542_,VDD,Metal1,17.0400,238.7625,5.000000
_1541_,VDD,Metal1,16.9000,207.3375,5.000000
_1540_,VDD,Metal1,30.9300,192.4305,5.000000
_1539_,VDD,Metal1,20.0600,207.3375,5.000000
_1538_,VDD,Metal1,18.0200,184.6625,5.000000
_1537_,VDD,Metal1,33.1700,176.7505,5.000000
_1536_,VDD,Metal1,25.9000,184.6225,5.000000
_1535_,VDD,Metal1,27.0200,161.1025,5.000000
_1534_,VDD,Metal1,32.3865,169.0075,5.000000
_1533_,VDD,Metal1,31.5000,161.1025,5.000000
_1532_,VDD,Metal1,17.0400,152.5225,5.000000
_1531_,VDD,Metal1,17.2600,128.9375,5.000000
_1530_,VDD,Metal1,25.5300,121.9425,5.000000
_1529_,VDD,Metal1,25.9000,114.0625,5.000000
_1528_,VDD,Metal1,19.2800,106.1975,5.000000
_1527_,VDD,Metal1,38.0650,82.8600,4.999999
_1526_,VDD,Metal1,21.5335,82.7100,4.999999
_1525_,VDD,Metal1,21.1500,89.8090,5.000000
_1524_,VDD,Metal1,18.4950,73.9400,4.999999
_1523_,VDD,Metal1,32.4630,82.7830,4.999999
_1522_,VDD,Metal1,18.1600,50.6025,4.999996
_1521_,VDD,Metal1,19.3300,75.0430,4.999999
_1520_,VDD,Metal1,36.3850,51.5000,4.999996
_1519_,VDD,Metal1,32.6100,34.9290,4.999976
_1518_,VDD,Metal1,39.7450,27.9800,4.999514
_1517_,VDD,Metal1,33.0230,27.9030,4.999562
_1516_,VDD,Metal1,35.5500,26.8765,4.999517
_1515_,VDD,Metal1,108.3500,443.5230,5.000000
_1514_,VDD,Metal1,101.2430,450.3665,5.000000
_1513_,VDD,Metal1,103.1100,443.3325,5.000000
_1512_,VDD,Metal1,109.4400,450.4425,5.000000
_1511_,VDD,Metal1,105.8550,451.3400,5.000000
_1510_,VDD,Metal1,90.4300,443.5230,5.000000
_1509_,VDD,Metal1,93.6130,443.4075,5.000000
_1508_,VDD,Metal1,89.5830,427.7430,5.000000
_1507_,VDD,Metal1,98.1400,411.2175,5.000000
_1506_,VDD,Metal1,95.9400,412.0350,5.000000
_1505_,VDD,Metal1,91.5100,412.0225,5.000000
_1504_,VDD,Metal1,115.0700,420.0030,5.000000
_1503_,VDD,Metal1,111.3700,419.8125,5.000000
_1502_,VDD,Metal1,92.5165,419.0065,5.000000
_1501_,VDD,Metal1,92.2600,411.2175,5.000000
_1500_,VDD,Metal1,90.4300,426.7165,5.000000
_1499_,VDD,Metal1,95.8530,427.7275,5.000000
_1498_,VDD,Metal1,84.2700,426.7165,5.000000
_1497_,VDD,Metal1,83.2075,427.7025,5.000000
_1496_,VDD,Metal1,112.3530,403.2655,5.000000
_1495_,VDD,Metal1,112.8300,426.7165,5.000000
_1494_,VDD,Metal1,86.8930,411.1525,5.000000
_1493_,VDD,Metal1,111.9000,419.0175,5.000000
_1492_,VDD,Metal1,97.7100,396.4830,5.000000
_1491_,VDD,Metal1,97.3000,387.6975,5.000000
_1490_,VDD,Metal1,94.3500,387.5165,5.000000
_1489_,VDD,Metal1,93.9865,388.5275,5.000000
_1488_,VDD,Metal1,92.3830,379.7765,5.000000
_1487_,VDD,Metal1,92.8430,356.2865,5.000000
_1486_,VDD,Metal1,96.4500,372.0490,5.000000
_1485_,VDD,Metal1,114.5930,372.8940,5.000000
_1484_,VDD,Metal1,110.9965,364.1265,5.000000
_1483_,VDD,Metal1,97.1700,380.8030,5.000000
_1482_,VDD,Metal1,97.1125,379.8175,5.000000
_1481_,VDD,Metal1,112.3200,357.0775,5.000000
_1480_,VDD,Metal1,103.3100,363.9965,5.000000
_1479_,VDD,Metal1,97.1500,365.1230,5.000000
_1478_,VDD,Metal1,93.8475,364.9825,5.000000
_1477_,VDD,Metal1,95.3165,341.4730,5.000000
_1476_,VDD,Metal1,91.1400,348.4975,5.000000
_1475_,VDD,Metal1,71.6630,341.5030,5.000000
_1474_,VDD,Metal1,72.1200,348.4425,5.000000
_1473_,VDD,Metal1,58.8700,341.4125,5.000000
_1472_,VDD,Metal1,69.1860,324.9700,5.000000
_1471_,VDD,Metal1,91.4200,341.4225,5.000000
_1470_,VDD,Metal1,91.4600,340.6050,5.000000
_1469_,VDD,Metal1,86.4700,324.9375,5.000000
_1468_,VDD,Metal1,71.3900,332.6365,5.000000
_1467_,VDD,Metal1,50.6400,341.3975,5.000000
_1466_,VDD,Metal1,50.6900,332.6365,5.000000
_1465_,VDD,Metal1,61.8400,348.5225,5.000000
_1464_,VDD,Metal1,68.0300,348.3165,5.000000
_1463_,VDD,Metal1,50.9750,310.2200,5.000000
_1462_,VDD,Metal1,62.7900,317.8925,5.000000
_1461_,VDD,Metal1,50.1600,325.0025,5.000000
_1460_,VDD,Metal1,49.5500,318.0830,5.000000
_1459_,VDD,Metal1,61.7665,310.1615,5.000000
_1458_,VDD,Metal1,73.6500,309.1165,5.000000
_1457_,VDD,Metal1,94.4000,310.0375,5.000000
_1456_,VDD,Metal1,74.7500,310.2430,5.000000
_1455_,VDD,Metal1,69.1500,302.4030,5.000000
_1454_,VDD,Metal1,69.2075,309.2575,5.000000
_1453_,VDD,Metal1,88.3400,310.0625,5.000000
_1452_,VDD,Metal1,100.0000,332.8425,5.000000
_1451_,VDD,Metal1,90.3000,309.2975,5.000000
_1450_,VDD,Metal1,93.2300,309.1165,5.000000
_1449_,VDD,Metal1,87.6300,301.2765,5.000000
_1448_,VDD,Metal1,89.9275,302.2625,5.000000
_1447_,VDD,Metal1,88.7500,340.4765,5.000000
_1446_,VDD,Metal1,91.3730,333.6475,5.000000
_1445_,VDD,Metal1,73.6300,222.8765,5.000000
_1444_,VDD,Metal1,70.6100,223.0175,5.000000
_1443_,VDD,Metal1,72.1000,285.7775,5.000000
_1442_,VDD,Metal1,59.4765,285.7265,5.000000
_1441_,VDD,Metal1,70.6765,238.6865,5.000000
_1440_,VDD,Metal1,75.9060,238.7300,5.000000
_1439_,VDD,Metal1,69.6200,278.7550,5.000000
_1438_,VDD,Metal1,64.1100,271.0430,5.000000
_1437_,VDD,Metal1,50.6400,270.8375,5.000000
_1436_,VDD,Metal1,54.6100,269.9165,5.000000
_1435_,VDD,Metal1,52.8800,277.9625,5.000000
_1434_,VDD,Metal1,56.8300,278.8830,5.000000
_1433_,VDD,Metal1,54.7800,285.7375,5.000000
_1432_,VDD,Metal1,80.0650,271.0200,5.000000
_1431_,VDD,Metal1,73.2900,262.2675,5.000000
_1430_,VDD,Metal1,78.5665,262.1580,5.000000
_1429_,VDD,Metal1,73.0900,239.6830,5.000000
_1428_,VDD,Metal1,76.4300,239.6830,5.000000
_1427_,VDD,Metal1,61.9200,270.1225,5.000000
_1426_,VDD,Metal1,57.3900,269.9165,5.000000
_1425_,VDD,Metal1,96.5280,254.2690,5.000000
_1424_,VDD,Metal1,94.5000,247.3425,5.000000
_1423_,VDD,Metal1,75.3300,247.5230,5.000000
_1422_,VDD,Metal1,74.7125,255.2225,5.000000
_1421_,VDD,Metal1,94.0650,222.9000,5.000000
_1420_,VDD,Metal1,89.1800,223.8225,5.000000
_1419_,VDD,Metal1,89.8700,231.8430,5.000000
_1418_,VDD,Metal1,93.1925,238.6975,5.000000
_1417_,VDD,Metal1,89.8900,238.5565,5.000000
_1416_,VDD,Metal1,86.5100,222.8765,5.000000
_1415_,VDD,Metal1,67.0600,200.3025,5.000000
_1414_,VDD,Metal1,60.1900,200.4830,5.000000
_1413_,VDD,Metal1,58.1700,199.5475,5.000000
_1412_,VDD,Metal1,74.7500,216.1630,5.000000
_1411_,VDD,Metal1,68.7800,216.0225,5.000000
_1410_,VDD,Metal1,64.1100,207.1965,5.000000
_1409_,VDD,Metal1,52.5400,199.4975,5.000000
_1408_,VDD,Metal1,55.0465,192.5615,5.000000
_1407_,VDD,Metal1,86.5930,199.4255,5.000000
_1406_,VDD,Metal1,63.0100,200.4830,5.000000
_1405_,VDD,Metal1,90.0430,191.6465,5.000000
_1404_,VDD,Metal1,94.2880,183.7090,5.000000
_1403_,VDD,Metal1,91.5500,184.8030,5.000000
_1402_,VDD,Metal1,49.3730,192.5275,5.000000
_1401_,VDD,Metal1,87.8200,184.6625,5.000000
_1400_,VDD,Metal1,73.2200,184.6225,5.000000
_1399_,VDD,Metal1,61.3100,175.8365,5.000000
_1398_,VDD,Metal1,57.1900,168.1875,5.000000
_1397_,VDD,Metal1,70.1800,184.6750,5.000000
_1396_,VDD,Metal1,63.0260,168.1700,5.000000
_1395_,VDD,Metal1,78.1930,161.2140,5.000000
_1394_,VDD,Metal1,59.0700,169.1230,5.000000
_1393_,VDD,Metal1,59.1275,161.1425,5.000000
_1392_,VDD,Metal1,74.7500,160.1565,5.000000
_1391_,VDD,Metal1,67.5530,137.6940,4.999837
_1390_,VDD,Metal1,69.4230,161.1830,5.000000
_1389_,VDD,Metal1,61.9275,160.2975,5.000000
_1388_,VDD,Metal1,63.5500,153.4430,5.000000
_1387_,VDD,Metal1,63.3965,89.7265,5.000000
_1386_,VDD,Metal1,59.2200,97.6175,4.999815
_1385_,VDD,Metal1,48.4300,106.4030,5.000000
_1384_,VDD,Metal1,44.3100,113.3075,5.000000
_1383_,VDD,Metal1,59.3765,89.6965,5.000000
_1382_,VDD,Metal1,66.2200,82.7025,4.999999
_1381_,VDD,Metal1,70.7265,82.8015,4.999999
_1380_,VDD,Metal1,57.4500,113.2575,5.000000
_1379_,VDD,Metal1,49.6730,114.1615,5.000000
_1378_,VDD,Metal1,36.1930,136.7055,4.999844
_1377_,VDD,Metal1,40.5900,113.1165,5.000000
_1376_,VDD,Metal1,48.2530,121.0725,5.000000
_1375_,VDD,Metal1,62.5800,121.1375,5.000000
_1374_,VDD,Metal1,78.1930,114.1740,5.000000
_1373_,VDD,Metal1,87.2200,97.6175,4.999807
_1372_,VDD,Metal1,82.4600,90.5425,5.000000
_1371_,VDD,Metal1,89.2975,90.4550,5.000000
_1370_,VDD,Metal1,62.6265,113.2325,5.000000
_1369_,VDD,Metal1,63.0475,114.1025,5.000000
_1368_,VDD,Metal1,100.0330,90.6540,5.000000
_1367_,VDD,Metal1,72.5100,89.5965,5.000000
_1366_,VDD,Metal1,88.5800,89.7375,5.000000
_1365_,VDD,Metal1,95.4700,89.5965,5.000000
_1364_,VDD,Metal1,101.7130,67.1340,4.999999
_1363_,VDD,Metal1,91.8565,74.0165,4.999999
_1362_,VDD,Metal1,90.4875,67.0625,4.999999
_1361_,VDD,Metal1,88.1900,73.9165,4.999999
_1360_,VDD,Metal1,68.1800,58.4175,4.999998
_1359_,VDD,Metal1,72.1000,59.1825,4.999998
_1358_,VDD,Metal1,64.6700,51.5230,4.999996
_1357_,VDD,Metal1,59.9900,51.3325,4.999996
_1356_,VDD,Metal1,80.0650,51.5000,4.999996
_1355_,VDD,Metal1,61.3600,58.4425,4.999997
_1354_,VDD,Metal1,67.6600,66.2175,4.999999
_1353_,VDD,Metal1,62.9900,59.3630,4.999997
_1352_,VDD,Metal1,70.4200,51.3425,4.999996
_1351_,VDD,Metal1,72.5930,27.9340,4.999382
_1350_,VDD,Metal1,68.5175,27.0175,4.999383
_1349_,VDD,Metal1,75.3100,26.8765,4.999382
_1348_,VDD,Metal1,100.3100,27.8125,4.999201
_1347_,VDD,Metal1,67.6600,34.8575,4.999976
_1346_,VDD,Metal1,63.9330,27.8875,4.999408
_1345_,VDD,Metal1,109.4080,20.1310,4.999906
_1344_,VDD,Metal1,109.4700,28.0030,4.999057
_1343_,VDD,Metal1,93.8100,28.0030,4.999348
_1342_,VDD,Metal1,174.0600,450.3775,5.000000
_1341_,VDD,Metal1,165.3800,451.2350,5.000000
_1340_,VDD,Metal1,159.4830,443.3930,5.000000
_1339_,VDD,Metal1,170.9200,443.3975,5.000000
_1338_,VDD,Metal1,170.1000,450.4175,5.000000
_1337_,VDD,Metal1,164.0650,450.2600,5.000000
_1336_,VDD,Metal1,175.3730,443.4075,5.000000
_1335_,VDD,Metal1,174.0900,427.6525,5.000000
_1334_,VDD,Metal1,157.6300,442.3965,5.000000
_1333_,VDD,Metal1,154.7400,443.3950,5.000000
_1332_,VDD,Metal1,151.4300,419.0175,5.000000
_1331_,VDD,Metal1,172.7500,420.0030,5.000000
_1330_,VDD,Metal1,151.3065,420.0030,5.000000
_1329_,VDD,Metal1,145.4600,419.8225,5.000000
_1328_,VDD,Metal1,169.9500,418.8765,5.000000
_1327_,VDD,Metal1,163.4030,419.0065,5.000000
_1326_,VDD,Metal1,177.7600,426.9225,5.000000
_1325_,VDD,Metal1,173.8900,435.6830,5.000000
_1324_,VDD,Metal1,172.8330,403.2655,5.000000
_1323_,VDD,Metal1,167.7300,412.1630,5.000000
_1322_,VDD,Metal1,146.8130,418.9925,5.000000
_1321_,VDD,Metal1,148.3000,412.0225,5.000000
_1320_,VDD,Metal1,147.3965,395.4865,5.000000
_1319_,VDD,Metal1,152.4600,395.5375,5.000000
_1318_,VDD,Metal1,152.0300,388.6430,5.000000
_1317_,VDD,Metal1,148.8665,388.5275,5.000000
_1316_,VDD,Metal1,146.7030,379.7765,5.000000
_1315_,VDD,Metal1,149.1400,396.3550,5.000000
_1314_,VDD,Metal1,150.0630,380.7030,5.000000
_1313_,VDD,Metal1,173.2480,387.5490,5.000000
_1312_,VDD,Metal1,146.9900,387.5165,5.000000
_1311_,VDD,Metal1,146.4875,380.6625,5.000000
_1310_,VDD,Metal1,166.1800,372.7825,5.000000
_1309_,VDD,Metal1,166.6400,372.0425,5.000000
_1308_,VDD,Metal1,155.2200,364.9825,5.000000
_1307_,VDD,Metal1,150.1730,365.0075,5.000000
_1306_,VDD,Metal1,147.3800,364.9825,5.000000
_1305_,VDD,Metal1,144.9230,341.4730,5.000000
_1304_,VDD,Metal1,147.9800,340.6575,5.000000
_1303_,VDD,Metal1,152.3365,340.5765,5.000000
_1302_,VDD,Metal1,152.4400,341.4775,5.000000
_1301_,VDD,Metal1,165.7430,340.5765,5.000000
_1300_,VDD,Metal1,141.3900,333.7630,5.000000
_1299_,VDD,Metal1,141.1030,340.5765,5.000000
_1298_,VDD,Metal1,136.5200,340.6025,5.000000
_1297_,VDD,Metal1,171.4900,340.6890,5.000000
_1296_,VDD,Metal1,180.6730,349.3740,5.000000
_1295_,VDD,Metal1,180.9965,340.6065,5.000000
_1294_,VDD,Metal1,167.1700,348.3165,5.000000
_1293_,VDD,Metal1,170.4725,348.4575,5.000000
_1292_,VDD,Metal1,187.3600,333.5575,5.000000
_1291_,VDD,Metal1,136.7800,333.5825,5.000000
_1290_,VDD,Metal1,130.5730,333.6475,5.000000
_1289_,VDD,Metal1,130.3400,317.1375,5.000000
_1288_,VDD,Metal1,179.4700,333.7630,5.000000
_1287_,VDD,Metal1,171.6500,333.7630,5.000000
_1286_,VDD,Metal1,171.6875,332.7775,5.000000
_1285_,VDD,Metal1,141.4400,310.0375,5.000000
_1284_,VDD,Metal1,125.7600,309.3225,5.000000
_1283_,VDD,Metal1,126.8300,310.2430,5.000000
_1282_,VDD,Metal1,127.7800,302.2625,5.000000
_1281_,VDD,Metal1,141.4100,309.1165,5.000000
_1280_,VDD,Metal1,148.1600,310.0375,5.000000
_1279_,VDD,Metal1,141.3900,316.9565,5.000000
_1278_,VDD,Metal1,138.4365,230.8465,5.000000
_1277_,VDD,Metal1,137.0600,239.5025,5.000000
_1276_,VDD,Metal1,127.9860,230.8900,5.000000
_1275_,VDD,Metal1,128.1100,231.6305,5.000000
_1274_,VDD,Metal1,130.3630,246.5265,5.000000
_1273_,VDD,Metal1,133.1400,230.8975,5.000000
_1272_,VDD,Metal1,131.4330,263.1215,5.000000
_1271_,VDD,Metal1,129.7800,254.4175,5.000000
_1270_,VDD,Metal1,126.8300,246.3965,5.000000
_1269_,VDD,Metal1,126.0930,238.6725,5.000000
_1268_,VDD,Metal1,141.7965,216.0330,5.000000
_1267_,VDD,Metal1,131.2975,208.0550,5.000000
_1266_,VDD,Metal1,127.9860,270.8700,5.000000
_1265_,VDD,Metal1,125.5700,270.1290,5.000000
_1264_,VDD,Metal1,127.8200,262.2575,5.000000
_1263_,VDD,Metal1,128.5425,285.8650,5.000000
_1262_,VDD,Metal1,131.8400,310.0375,5.000000
_1261_,VDD,Metal1,131.8900,309.1165,5.000000
_1260_,VDD,Metal1,150.9300,286.7230,5.000000
_1259_,VDD,Metal1,154.1165,285.7265,5.000000
_1258_,VDD,Metal1,147.7000,285.7775,5.000000
_1257_,VDD,Metal1,151.4900,278.8830,5.000000
_1256_,VDD,Metal1,155.2365,278.7530,5.000000
_1255_,VDD,Metal1,125.1500,285.5965,5.000000
_1254_,VDD,Metal1,121.2300,286.7230,5.000000
_1253_,VDD,Metal1,119.6075,285.7375,5.000000
_1252_,VDD,Metal1,121.9800,278.7425,5.000000
_1251_,VDD,Metal1,160.4800,285.8025,5.000000
_1250_,VDD,Metal1,152.0300,277.7565,5.000000
_1249_,VDD,Metal1,142.5100,277.7565,5.000000
_1248_,VDD,Metal1,147.6075,270.9025,5.000000
_1247_,VDD,Metal1,155.8200,247.3425,5.000000
_1246_,VDD,Metal1,154.2900,255.3630,5.000000
_1245_,VDD,Metal1,156.7065,254.3525,5.000000
_1244_,VDD,Metal1,159.8900,246.3965,5.000000
_1243_,VDD,Metal1,160.8500,247.3105,5.000000
_1242_,VDD,Metal1,176.1930,254.3055,5.000000
_1241_,VDD,Metal1,166.0300,231.8430,5.000000
_1240_,VDD,Metal1,157.4300,223.0675,5.000000
_1239_,VDD,Metal1,166.0500,254.2365,5.000000
_1238_,VDD,Metal1,166.5525,255.2225,5.000000
_1237_,VDD,Metal1,172.2730,223.9340,5.000000
_1236_,VDD,Metal1,162.1300,224.0030,5.000000
_1235_,VDD,Metal1,164.8725,230.8575,5.000000
_1234_,VDD,Metal1,155.5630,216.0330,5.000000
_1233_,VDD,Metal1,143.1060,200.3100,5.000000
_1232_,VDD,Metal1,120.0700,184.6625,5.000000
_1231_,VDD,Metal1,120.2330,191.5980,5.000000
_1230_,VDD,Metal1,139.7100,208.3230,5.000000
_1229_,VDD,Metal1,139.1700,200.4830,5.000000
_1228_,VDD,Metal1,157.1530,199.4255,5.000000
_1227_,VDD,Metal1,149.7900,199.3565,5.000000
_1226_,VDD,Metal1,139.7100,199.3565,5.000000
_1225_,VDD,Metal1,117.6930,192.5275,5.000000
_1224_,VDD,Metal1,122.4075,200.3425,5.000000
_1223_,VDD,Metal1,155.4730,176.8940,5.000000
_1222_,VDD,Metal1,148.1100,192.6430,5.000000
_1221_,VDD,Metal1,142.5300,191.5165,5.000000
_1220_,VDD,Metal1,116.0130,184.6875,5.000000
_1219_,VDD,Metal1,146.9525,191.6575,5.000000
_1218_,VDD,Metal1,139.3000,176.7825,5.000000
_1217_,VDD,Metal1,139.0600,215.1650,5.000000
_1216_,VDD,Metal1,136.3700,169.1230,5.000000
_1215_,VDD,Metal1,136.1500,161.0925,5.000000
_1214_,VDD,Metal1,136.7600,168.1225,5.000000
_1213_,VDD,Metal1,156.5930,152.3855,5.000000
_1212_,VDD,Metal1,140.8500,167.9965,5.000000
_1211_,VDD,Metal1,131.9275,168.1375,5.000000
_1210_,VDD,Metal1,144.9000,145.4225,5.000000
_1209_,VDD,Metal1,148.1600,144.6825,5.000000
_1208_,VDD,Metal1,140.4600,145.4625,5.000000
_1207_,VDD,Metal1,136.7400,144.6175,5.000000
_1206_,VDD,Metal1,139.5330,144.5925,5.000000
_1205_,VDD,Metal1,140.4900,121.1475,5.000000
_1204_,VDD,Metal1,146.5800,121.1375,5.000000
_1203_,VDD,Metal1,134.8430,121.0865,5.000000
_1202_,VDD,Metal1,120.1100,122.0830,5.000000
_1201_,VDD,Metal1,113.9500,122.0830,5.000000
_1200_,VDD,Metal1,134.7275,114.1025,5.000000
_1199_,VDD,Metal1,130.8075,97.5775,4.999791
_1198_,VDD,Metal1,143.0535,114.0700,5.000000
_1197_,VDD,Metal1,148.5300,113.3290,5.000000
_1196_,VDD,Metal1,111.1860,121.1300,5.000000
_1195_,VDD,Metal1,108.4075,144.6175,5.000000
_1194_,VDD,Metal1,107.7775,129.6550,5.000000
_1193_,VDD,Metal1,109.3300,136.8490,4.999825
_1192_,VDD,Metal1,124.6400,113.3225,5.000000
_1191_,VDD,Metal1,116.2100,137.7630,4.999820
_1190_,VDD,Metal1,119.5125,137.6225,4.999820
_1189_,VDD,Metal1,156.0000,114.0375,5.000000
_1188_,VDD,Metal1,109.7430,114.1430,5.000000
_1187_,VDD,Metal1,113.2130,113.2325,5.000000
_1186_,VDD,Metal1,104.4300,114.2430,5.000000
_1185_,VDD,Metal1,102.8075,113.2575,5.000000
_1184_,VDD,Metal1,130.3400,90.5425,5.000000
_1183_,VDD,Metal1,133.5825,89.8650,5.000000
_1182_,VDD,Metal1,157.6800,97.6425,4.999760
_1181_,VDD,Metal1,136.4000,97.6425,4.999782
_1180_,VDD,Metal1,132.2600,98.4225,4.999791
_1179_,VDD,Metal1,150.9100,89.5965,5.000000
_1178_,VDD,Metal1,152.6400,81.9625,4.999999
_1177_,VDD,Metal1,147.5500,89.5965,5.000000
_1176_,VDD,Metal1,140.3200,81.9625,4.999999
_1175_,VDD,Metal1,146.4300,82.8830,4.999999
_1174_,VDD,Metal1,147.4200,59.1825,4.999999
_1173_,VDD,Metal1,141.2365,59.2330,4.999998
_1172_,VDD,Metal1,140.7400,58.3650,4.999998
_1171_,VDD,Metal1,141.4225,51.2550,4.999997
_1170_,VDD,Metal1,170.5930,66.1455,5.000000
_1169_,VDD,Metal1,136.9675,59.2225,4.999998
_1168_,VDD,Metal1,146.0600,58.3775,4.999999
_1167_,VDD,Metal1,168.4200,51.3425,4.999997
_1166_,VDD,Metal1,172.9400,50.5375,4.999997
_1165_,VDD,Metal1,164.3700,58.2365,4.999999
_1164_,VDD,Metal1,165.3975,42.6975,5.000000
_1163_,VDD,Metal1,170.9000,50.5375,4.999997
_1162_,VDD,Metal1,172.5965,27.8730,4.999078
_1161_,VDD,Metal1,167.9300,27.8125,4.999073
_1160_,VDD,Metal1,163.4200,50.5375,4.999997
_1159_,VDD,Metal1,147.3730,43.5675,5.000000
_1158_,VDD,Metal1,148.5000,42.6975,5.000000
_1157_,VDD,Metal1,187.9530,20.0940,4.999894
_1156_,VDD,Metal1,171.2600,27.0175,4.999077
_1155_,VDD,Metal1,170.5300,34.7165,4.999979
_1154_,VDD,Metal1,167.7100,26.8765,4.999073
_1153_,VDD,Metal1,138.3350,450.2600,5.000000
_1152_,VDD,Metal1,40.3050,443.5000,5.000000
_1151_,VDD,Metal1,38.9460,442.5700,5.000000
_1150_,VDD,Metal1,22.4150,442.4200,5.000000
_1149_,VDD,Metal1,34.7030,443.4230,5.000000
_1148_,VDD,Metal1,31.1200,419.7975,5.000000
_1147_,VDD,Metal1,28.8500,442.3965,5.000000
_1146_,VDD,Metal1,23.9500,404.1105,5.000000
_1145_,VDD,Metal1,20.7030,403.2965,5.000000
_1144_,VDD,Metal1,28.8300,396.4830,5.000000
_1143_,VDD,Metal1,17.1800,371.9650,5.000000
_1142_,VDD,Metal1,218.0200,435.5550,5.000000
_1141_,VDD,Metal1,224.1800,419.0050,5.000000
_1140_,VDD,Metal1,228.6600,395.4850,5.000000
_1139_,VDD,Metal1,223.0600,372.8350,5.000000
_1138_,VDD,Metal1,231.6600,349.3150,5.000000
_1137_,VDD,Metal1,254.4200,333.6350,5.000000
_1136_,VDD,Metal1,208.5000,310.1150,5.000000
_1135_,VDD,Metal1,219.9000,286.5950,5.000000
_1134_,VDD,Metal1,204.5800,270.9150,5.000000
_1133_,VDD,Metal1,213.5400,247.3950,5.000000
_1132_,VDD,Metal1,223.6200,223.8750,5.000000
_1131_,VDD,Metal1,206.8200,199.4850,5.000000
_1130_,VDD,Metal1,199.1800,183.8050,5.000000
_1129_,VDD,Metal1,237.8200,121.9550,5.000000
_1128_,VDD,Metal1,206.8200,114.1150,5.000000
_1127_,VDD,Metal1,220.8200,90.5950,5.000000
_1126_,VDD,Metal1,220.8200,81.8850,4.999999
_1125_,VDD,Metal1,224.1800,66.2050,5.000000
_1124_,VDD,Metal1,227.5400,42.6850,5.000000
_1123_,VDD,Metal1,306.5000,435.5550,5.000000
_1122_,VDD,Metal1,308.1800,442.5250,5.000000
_1121_,VDD,Metal1,311.7400,412.0350,5.000000
_1120_,VDD,Metal1,315.4600,419.8750,5.000000
_1119_,VDD,Metal1,312.1000,395.4850,5.000000
_1118_,VDD,Metal1,294.7400,379.8050,5.000000
_1117_,VDD,Metal1,303.7000,357.1550,5.000000
_1116_,VDD,Metal1,310.9800,333.6350,5.000000
_1115_,VDD,Metal1,331.9000,302.2750,5.000000
_1114_,VDD,Metal1,311.1800,301.4050,5.000000
_1113_,VDD,Metal1,309.8600,310.1150,5.000000
_1112_,VDD,Metal1,316.5800,262.2050,5.000000
_1111_,VDD,Metal1,318.8200,255.2350,5.000000
_1110_,VDD,Metal1,334.7000,278.7550,5.000000
_1109_,VDD,Metal1,353.1800,278.7550,5.000000
_1108_,VDD,Metal1,302.5800,238.6850,5.000000
_1107_,VDD,Metal1,305.5800,238.6850,5.000000
_1106_,VDD,Metal1,302.5800,215.1650,5.000000
_1105_,VDD,Metal1,299.2200,215.1650,5.000000
_1104_,VDD,Metal1,317.7000,176.8350,5.000000
_1103_,VDD,Metal1,312.1000,176.8350,5.000000
_1102_,VDD,Metal1,297.5400,191.6450,5.000000
_1101_,VDD,Metal1,299.2200,199.4850,5.000000
_1100_,VDD,Metal1,323.3000,153.3150,5.000000
_1099_,VDD,Metal1,311.5400,153.3150,5.000000
_1098_,VDD,Metal1,307.0600,152.4450,5.000000
_1097_,VDD,Metal1,309.3000,128.9250,5.000000
_1096_,VDD,Metal1,313.7800,129.7950,5.000000
_1095_,VDD,Metal1,301.6600,114.1150,5.000000
_1094_,VDD,Metal1,306.1400,113.2450,5.000000
_1093_,VDD,Metal1,324.6200,89.7250,5.000000
_1092_,VDD,Metal1,343.1000,90.5950,5.000000
_1091_,VDD,Metal1,321.6200,89.7250,5.000000
_1090_,VDD,Metal1,333.9400,81.8850,5.000000
_1089_,VDD,Metal1,310.9800,66.2050,5.000000
_1088_,VDD,Metal1,308.1800,66.2050,5.000000
_1087_,VDD,Metal1,321.8200,42.6850,5.000000
_1086_,VDD,Metal1,318.8200,42.6850,5.000000
_1085_,VDD,Metal1,358.7800,27.8750,4.998944
_1084_,VDD,Metal1,338.9800,27.8750,4.998999
_1083_,VDD,Metal1,388.2600,427.7150,5.000000
_1082_,VDD,Metal1,399.1000,419.0050,5.000000
_1081_,VDD,Metal1,400.5800,395.4850,5.000000
_1080_,VDD,Metal1,375.3800,379.8050,5.000000
_1079_,VDD,Metal1,394.9800,356.2850,5.000000
_1078_,VDD,Metal1,387.7000,340.6050,5.000000
_1077_,VDD,Metal1,404.1400,301.4050,5.000000
_1076_,VDD,Metal1,395.5400,302.2750,5.000000
_1075_,VDD,Metal1,403.3800,270.9150,5.000000
_1074_,VDD,Metal1,403.9400,254.3650,5.000000
_1073_,VDD,Metal1,433.8200,27.8750,4.998490
_1072_,VDD,Metal1,415.1400,27.8750,4.998667
_1071_,VDD,Metal1,433.8200,43.5550,5.000000
_1070_,VDD,Metal1,406.1800,67.0750,5.000000
_1069_,VDD,Metal1,410.1000,58.3650,4.999999
_1068_,VDD,Metal1,433.8200,74.9150,4.999999
_1067_,VDD,Metal1,405.6200,82.7550,5.000000
_1066_,VDD,Metal1,411.9800,81.8850,5.000000
_1065_,VDD,Metal1,420.1800,121.0850,5.000000
_1064_,VDD,Metal1,418.5000,114.1150,5.000000
_1063_,VDD,Metal1,430.4600,121.0850,5.000000
_1062_,VDD,Metal1,428.2200,121.0850,5.000000
_1061_,VDD,Metal1,397.2200,153.3150,5.000000
_1060_,VDD,Metal1,408.6200,137.6350,4.999784
_1059_,VDD,Metal1,428.2200,152.4450,5.000000
_1058_,VDD,Metal1,433.8200,153.3150,5.000000
_1057_,VDD,Metal1,394.4200,199.4850,5.000000
_1056_,VDD,Metal1,400.5800,223.8750,5.000000
_1055_,VDD,Metal1,30.9800,128.9250,5.000000
_1054_,VDD,Metal1,22.2200,114.1150,5.000000
_1053_,VDD,Metal1,194.5000,434.6850,5.000000
_1052_,VDD,Metal1,217.4600,419.0050,5.000000
_1051_,VDD,Metal1,219.1400,317.0850,5.000000
_1050_,VDD,Metal1,214.1000,286.5950,5.000000
_1049_,VDD,Metal1,204.5800,278.7550,5.000000
_1048_,VDD,Metal1,185.7400,246.5250,5.000000
_1047_,VDD,Metal1,214.8600,230.8450,5.000000
_1046_,VDD,Metal1,170.9800,192.5150,5.000000
_1045_,VDD,Metal1,187.2200,183.8050,5.000000
_1044_,VDD,Metal1,181.6200,160.2850,5.000000
_1043_,VDD,Metal1,212.9800,152.4450,5.000000
_1042_,VDD,Metal1,210.3800,128.9250,5.000000
_1041_,VDD,Metal1,204.5800,114.1150,5.000000
_1040_,VDD,Metal1,219.3400,90.5950,5.000000
_1039_,VDD,Metal1,227.5400,81.8850,4.999999
_1038_,VDD,Metal1,200.3000,59.2350,4.999999
_1037_,VDD,Metal1,225.5000,42.6850,5.000000
_1036_,VDD,Metal1,259.6600,27.0050,4.999045
_1035_,VDD,Metal1,214.1000,27.0050,4.999048
