
===========================================================================
report_checks -path_delay max (Setup)
============================================================================
======================= nom_ss_125C_4v50 Corner ===================================

Startpoint: in_cic (input port clocked by clk)
Endpoint: _2079_ (rising edge-triggered flip-flop clocked by clk)
Path Group: clk
Path Type: max

Fanout         Cap        Slew       Delay        Time   Description
---------------------------------------------------------------------------------------------
                      0.000000    0.000000    0.000000   clock clk (rise edge)
                                  0.000000    0.000000   clock network delay (ideal)
                                 10.000000   10.000000 ^ input external delay
     4    0.018247    0.000000    0.000000   10.000000 ^ in_cic (in)
                                                         in_cic (net)
                      0.000000    0.000000   10.000000 ^ _1459_/A4 (gf180mcu_fd_sc_mcu7t5v0__and4_1)
     3    0.015161    0.653187    1.164055   11.164055 ^ _1459_/Z (gf180mcu_fd_sc_mcu7t5v0__and4_1)
                                                         _0851_ (net)
                      0.653187    0.000000   11.164055 ^ _1466_/A4 (gf180mcu_fd_sc_mcu7t5v0__and4_1)
     4    0.019371    0.767078    1.255484   12.419538 ^ _1466_/Z (gf180mcu_fd_sc_mcu7t5v0__and4_1)
                                                         _0855_ (net)
                      0.767078    0.000000   12.419538 ^ _1475_/A3 (gf180mcu_fd_sc_mcu7t5v0__nand4_1)
     1    0.004029    0.635320    0.387420   12.806958 v _1475_/ZN (gf180mcu_fd_sc_mcu7t5v0__nand4_1)
                                                         _0860_ (net)
                      0.635320    0.000000   12.806958 v _1491_/A2 (gf180mcu_fd_sc_mcu7t5v0__nor3_1)
     8    0.036721    3.349132    2.048727   14.855685 ^ _1491_/ZN (gf180mcu_fd_sc_mcu7t5v0__nor3_1)
                                                         _0870_ (net)
                      3.349132    0.000000   14.855685 ^ _1501_/A3 (gf180mcu_fd_sc_mcu7t5v0__and4_1)
     5    0.023799    0.914235    1.478624   16.334309 ^ _1501_/Z (gf180mcu_fd_sc_mcu7t5v0__and4_1)
                                                         _0876_ (net)
                      0.914235    0.000000   16.334309 ^ _1506_/A3 (gf180mcu_fd_sc_mcu7t5v0__nand3_1)
     3    0.012563    0.749631    0.488368   16.822678 v _1506_/ZN (gf180mcu_fd_sc_mcu7t5v0__nand3_1)
                                                         _0879_ (net)
                      0.749631    0.000000   16.822678 v _1514_/A1 (gf180mcu_fd_sc_mcu7t5v0__or3_1)
     1    0.004611    0.413754    1.219171   18.041847 v _1514_/Z (gf180mcu_fd_sc_mcu7t5v0__or3_1)
                                                         _0884_ (net)
                      0.413754    0.000000   18.041847 v _1515_/A2 (gf180mcu_fd_sc_mcu7t5v0__nand2_1)
     1    0.003014    0.295339    0.288116   18.329964 ^ _1515_/ZN (gf180mcu_fd_sc_mcu7t5v0__nand2_1)
                                                         _0078_ (net)
                      0.295339    0.000000   18.329964 ^ _2079_/D (gf180mcu_fd_sc_mcu7t5v0__dffrnq_1)
                                             18.329964   data arrival time

                      0.000000   81.379997   81.379997   clock clk (rise edge)
                                  0.000000   81.379997   clock network delay (ideal)
                                 -0.250000   81.129997   clock uncertainty
                                  0.000000   81.129997   clock reconvergence pessimism
                                             81.129997 ^ _2079_/CLK (gf180mcu_fd_sc_mcu7t5v0__dffrnq_1)
                                 -0.660204   80.469795   library setup time
                                             80.469795   data required time
---------------------------------------------------------------------------------------------
                                             80.469795   data required time
                                            -18.329964   data arrival time
---------------------------------------------------------------------------------------------
                                             62.139835   slack (MET)


Startpoint: in_cic (input port clocked by clk)
Endpoint: _2079_ (rising edge-triggered flip-flop clocked by clk_div)
Path Group: clk_div
Path Type: max

Fanout         Cap        Slew       Delay        Time   Description
---------------------------------------------------------------------------------------------
                      0.000000 20751.898438 20751.898438   clock clk (rise edge)
                                  0.000000 20751.898438   clock network delay (ideal)
                                 10.000000 20761.900391 ^ input external delay
     4    0.018247    0.000000    0.000000 20761.900391 ^ in_cic (in)
                                                         in_cic (net)
                      0.000000    0.000000 20761.900391 ^ _1459_/A4 (gf180mcu_fd_sc_mcu7t5v0__and4_1)
     3    0.015161    0.653187    1.164153 20763.064453 ^ _1459_/Z (gf180mcu_fd_sc_mcu7t5v0__and4_1)
                                                         _0851_ (net)
                      0.653187    0.000000 20763.064453 ^ _1466_/A4 (gf180mcu_fd_sc_mcu7t5v0__and4_1)
     4    0.019371    0.767078    1.255103 20764.320312 ^ _1466_/Z (gf180mcu_fd_sc_mcu7t5v0__and4_1)
                                                         _0855_ (net)
                      0.767078    0.000000 20764.320312 ^ _1475_/A3 (gf180mcu_fd_sc_mcu7t5v0__nand4_1)
     1    0.004029    0.635320    0.387445 20764.707031 v _1475_/ZN (gf180mcu_fd_sc_mcu7t5v0__nand4_1)
                                                         _0860_ (net)
                      0.635320    0.000000 20764.707031 v _1491_/A2 (gf180mcu_fd_sc_mcu7t5v0__nor3_1)
     8    0.036721    3.349132    2.048182 20766.755859 ^ _1491_/ZN (gf180mcu_fd_sc_mcu7t5v0__nor3_1)
                                                         _0870_ (net)
                      3.349132    0.000000 20766.755859 ^ _1501_/A3 (gf180mcu_fd_sc_mcu7t5v0__and4_1)
     5    0.023799    0.914235    1.478838 20768.234375 ^ _1501_/Z (gf180mcu_fd_sc_mcu7t5v0__and4_1)
                                                         _0876_ (net)
                      0.914235    0.000000 20768.234375 ^ _1506_/A3 (gf180mcu_fd_sc_mcu7t5v0__nand3_1)
     3    0.012563    0.749631    0.487489 20768.720703 v _1506_/ZN (gf180mcu_fd_sc_mcu7t5v0__nand3_1)
                                                         _0879_ (net)
                      0.749631    0.000000 20768.720703 v _1514_/A1 (gf180mcu_fd_sc_mcu7t5v0__or3_1)
     1    0.004611    0.413754    1.220542 20769.941406 v _1514_/Z (gf180mcu_fd_sc_mcu7t5v0__or3_1)
                                                         _0884_ (net)
                      0.413754    0.000000 20769.941406 v _1515_/A2 (gf180mcu_fd_sc_mcu7t5v0__nand2_1)
     1    0.003014    0.295339    0.287400 20770.228516 ^ _1515_/ZN (gf180mcu_fd_sc_mcu7t5v0__nand2_1)
                                                         _0078_ (net)
                      0.295339    0.000000 20770.228516 ^ _2079_/D (gf180mcu_fd_sc_mcu7t5v0__dffrnq_1)
                                           20770.228516   data arrival time

                      0.000000 20833.279297 20833.279297   clock clk_div (rise edge)
                                  0.000000 20833.279297   clock network delay (ideal)
                                 -0.250000 20833.029297   clock uncertainty
                                  0.000000 20833.029297   clock reconvergence pessimism
                                           20833.029297 ^ _2079_/CLK (gf180mcu_fd_sc_mcu7t5v0__dffrnq_1)
                                 -0.660204 20832.369141   library setup time
                                           20832.369141   data required time
---------------------------------------------------------------------------------------------
                                           20832.369141   data required time
                                           -20770.228516   data arrival time
---------------------------------------------------------------------------------------------
                                             62.139835   slack (MET)


Startpoint: in_cic (input port clocked by clk)
Endpoint: _2077_ (rising edge-triggered flip-flop clocked by clk)
Path Group: clk
Path Type: max

Fanout         Cap        Slew       Delay        Time   Description
---------------------------------------------------------------------------------------------
                      0.000000    0.000000    0.000000   clock clk (rise edge)
                                  0.000000    0.000000   clock network delay (ideal)
                                 10.000000   10.000000 ^ input external delay
     4    0.018247    0.000000    0.000000   10.000000 ^ in_cic (in)
                                                         in_cic (net)
                      0.000000    0.000000   10.000000 ^ _1459_/A4 (gf180mcu_fd_sc_mcu7t5v0__and4_1)
     3    0.015161    0.653187    1.164055   11.164055 ^ _1459_/Z (gf180mcu_fd_sc_mcu7t5v0__and4_1)
                                                         _0851_ (net)
                      0.653187    0.000000   11.164055 ^ _1466_/A4 (gf180mcu_fd_sc_mcu7t5v0__and4_1)
     4    0.019371    0.767078    1.255484   12.419538 ^ _1466_/Z (gf180mcu_fd_sc_mcu7t5v0__and4_1)
                                                         _0855_ (net)
                      0.767078    0.000000   12.419538 ^ _1475_/A3 (gf180mcu_fd_sc_mcu7t5v0__nand4_1)
     1    0.004029    0.635320    0.387420   12.806958 v _1475_/ZN (gf180mcu_fd_sc_mcu7t5v0__nand4_1)
                                                         _0860_ (net)
                      0.635320    0.000000   12.806958 v _1491_/A2 (gf180mcu_fd_sc_mcu7t5v0__nor3_1)
     8    0.036721    3.349132    2.048727   14.855685 ^ _1491_/ZN (gf180mcu_fd_sc_mcu7t5v0__nor3_1)
                                                         _0870_ (net)
                      3.349132    0.000000   14.855685 ^ _1501_/A3 (gf180mcu_fd_sc_mcu7t5v0__and4_1)
     5    0.023799    0.914235    1.478624   16.334309 ^ _1501_/Z (gf180mcu_fd_sc_mcu7t5v0__and4_1)
                                                         _0876_ (net)
                      0.914235    0.000000   16.334309 ^ _1505_/A3 (gf180mcu_fd_sc_mcu7t5v0__and3_1)
     3    0.016895    0.653436    1.006445   17.340754 ^ _1505_/Z (gf180mcu_fd_sc_mcu7t5v0__and3_1)
                                                         _0878_ (net)
                      0.653436    0.000000   17.340754 ^ _1508_/A2 (gf180mcu_fd_sc_mcu7t5v0__xor2_1)
     1    0.003014    0.540547    0.622205   17.962957 ^ _1508_/Z (gf180mcu_fd_sc_mcu7t5v0__xor2_1)
                                                         _0076_ (net)
                      0.540547    0.000000   17.962957 ^ _2077_/D (gf180mcu_fd_sc_mcu7t5v0__dffrnq_1)
                                             17.962957   data arrival time

                      0.000000   81.379997   81.379997   clock clk (rise edge)
                                  0.000000   81.379997   clock network delay (ideal)
                                 -0.250000   81.129997   clock uncertainty
                                  0.000000   81.129997   clock reconvergence pessimism
                                             81.129997 ^ _2077_/CLK (gf180mcu_fd_sc_mcu7t5v0__dffrnq_1)
                                 -0.711843   80.418159   library setup time
                                             80.418159   data required time
---------------------------------------------------------------------------------------------
                                             80.418159   data required time
                                            -17.962957   data arrival time
---------------------------------------------------------------------------------------------
                                             62.455200   slack (MET)


Startpoint: in_cic (input port clocked by clk)
Endpoint: _2077_ (rising edge-triggered flip-flop clocked by clk_div)
Path Group: clk_div
Path Type: max

Fanout         Cap        Slew       Delay        Time   Description
---------------------------------------------------------------------------------------------
                      0.000000 20751.898438 20751.898438   clock clk (rise edge)
                                  0.000000 20751.898438   clock network delay (ideal)
                                 10.000000 20761.900391 ^ input external delay
     4    0.018247    0.000000    0.000000 20761.900391 ^ in_cic (in)
                                                         in_cic (net)
                      0.000000    0.000000 20761.900391 ^ _1459_/A4 (gf180mcu_fd_sc_mcu7t5v0__and4_1)
     3    0.015161    0.653187    1.164153 20763.064453 ^ _1459_/Z (gf180mcu_fd_sc_mcu7t5v0__and4_1)
                                                         _0851_ (net)
                      0.653187    0.000000 20763.064453 ^ _1466_/A4 (gf180mcu_fd_sc_mcu7t5v0__and4_1)
     4    0.019371    0.767078    1.255103 20764.320312 ^ _1466_/Z (gf180mcu_fd_sc_mcu7t5v0__and4_1)
                                                         _0855_ (net)
                      0.767078    0.000000 20764.320312 ^ _1475_/A3 (gf180mcu_fd_sc_mcu7t5v0__nand4_1)
     1    0.004029    0.635320    0.387445 20764.707031 v _1475_/ZN (gf180mcu_fd_sc_mcu7t5v0__nand4_1)
                                                         _0860_ (net)
                      0.635320    0.000000 20764.707031 v _1491_/A2 (gf180mcu_fd_sc_mcu7t5v0__nor3_1)
     8    0.036721    3.349132    2.048182 20766.755859 ^ _1491_/ZN (gf180mcu_fd_sc_mcu7t5v0__nor3_1)
                                                         _0870_ (net)
                      3.349132    0.000000 20766.755859 ^ _1501_/A3 (gf180mcu_fd_sc_mcu7t5v0__and4_1)
     5    0.023799    0.914235    1.478838 20768.234375 ^ _1501_/Z (gf180mcu_fd_sc_mcu7t5v0__and4_1)
                                                         _0876_ (net)
                      0.914235    0.000000 20768.234375 ^ _1505_/A3 (gf180mcu_fd_sc_mcu7t5v0__and3_1)
     3    0.016895    0.653436    1.005901 20769.240234 ^ _1505_/Z (gf180mcu_fd_sc_mcu7t5v0__and3_1)
                                                         _0878_ (net)
                      0.653436    0.000000 20769.240234 ^ _1508_/A2 (gf180mcu_fd_sc_mcu7t5v0__xor2_1)
     1    0.003014    0.540547    0.622094 20769.861328 ^ _1508_/Z (gf180mcu_fd_sc_mcu7t5v0__xor2_1)
                                                         _0076_ (net)
                      0.540547    0.000000 20769.861328 ^ _2077_/D (gf180mcu_fd_sc_mcu7t5v0__dffrnq_1)
                                           20769.861328   data arrival time

                      0.000000 20833.279297 20833.279297   clock clk_div (rise edge)
                                  0.000000 20833.279297   clock network delay (ideal)
                                 -0.250000 20833.029297   clock uncertainty
                                  0.000000 20833.029297   clock reconvergence pessimism
                                           20833.029297 ^ _2077_/CLK (gf180mcu_fd_sc_mcu7t5v0__dffrnq_1)
                                 -0.711843 20832.316406   library setup time
                                           20832.316406   data required time
---------------------------------------------------------------------------------------------
                                           20832.316406   data required time
                                           -20769.861328   data arrival time
---------------------------------------------------------------------------------------------
                                             62.455200   slack (MET)


Startpoint: in_cic (input port clocked by clk)
Endpoint: _2078_ (rising edge-triggered flip-flop clocked by clk)
Path Group: clk
Path Type: max

Fanout         Cap        Slew       Delay        Time   Description
---------------------------------------------------------------------------------------------
                      0.000000    0.000000    0.000000   clock clk (rise edge)
                                  0.000000    0.000000   clock network delay (ideal)
                                 10.000000   10.000000 ^ input external delay
     4    0.018247    0.000000    0.000000   10.000000 ^ in_cic (in)
                                                         in_cic (net)
                      0.000000    0.000000   10.000000 ^ _1459_/A4 (gf180mcu_fd_sc_mcu7t5v0__and4_1)
     3    0.015161    0.653187    1.164055   11.164055 ^ _1459_/Z (gf180mcu_fd_sc_mcu7t5v0__and4_1)
                                                         _0851_ (net)
                      0.653187    0.000000   11.164055 ^ _1466_/A4 (gf180mcu_fd_sc_mcu7t5v0__and4_1)
     4    0.019371    0.767078    1.255484   12.419538 ^ _1466_/Z (gf180mcu_fd_sc_mcu7t5v0__and4_1)
                                                         _0855_ (net)
                      0.767078    0.000000   12.419538 ^ _1475_/A3 (gf180mcu_fd_sc_mcu7t5v0__nand4_1)
     1    0.004029    0.635320    0.387420   12.806958 v _1475_/ZN (gf180mcu_fd_sc_mcu7t5v0__nand4_1)
                                                         _0860_ (net)
                      0.635320    0.000000   12.806958 v _1491_/A2 (gf180mcu_fd_sc_mcu7t5v0__nor3_1)
     8    0.036721    3.349132    2.048727   14.855685 ^ _1491_/ZN (gf180mcu_fd_sc_mcu7t5v0__nor3_1)
                                                         _0870_ (net)
                      3.349132    0.000000   14.855685 ^ _1501_/A3 (gf180mcu_fd_sc_mcu7t5v0__and4_1)
     5    0.023799    0.914235    1.478624   16.334309 ^ _1501_/Z (gf180mcu_fd_sc_mcu7t5v0__and4_1)
                                                         _0876_ (net)
                      0.914235    0.000000   16.334309 ^ _1505_/A3 (gf180mcu_fd_sc_mcu7t5v0__and3_1)
     3    0.016895    0.653436    1.006445   17.340754 ^ _1505_/Z (gf180mcu_fd_sc_mcu7t5v0__and3_1)
                                                         _0878_ (net)
                      0.653436    0.000000   17.340754 ^ _1509_/A2 (gf180mcu_fd_sc_mcu7t5v0__aoi21_1)
     1    0.004591    0.450189    0.231333   17.572086 v _1509_/ZN (gf180mcu_fd_sc_mcu7t5v0__aoi21_1)
                                                         _0880_ (net)
                      0.450189    0.000000   17.572086 v _1512_/A1 (gf180mcu_fd_sc_mcu7t5v0__nor2_1)
     1    0.003014    0.406038    0.340002   17.912088 ^ _1512_/ZN (gf180mcu_fd_sc_mcu7t5v0__nor2_1)
                                                         _0077_ (net)
                      0.406038    0.000000   17.912088 ^ _2078_/D (gf180mcu_fd_sc_mcu7t5v0__dffrnq_1)
                                             17.912088   data arrival time

                      0.000000   81.379997   81.379997   clock clk (rise edge)
                                  0.000000   81.379997   clock network delay (ideal)
                                 -0.250000   81.129997   clock uncertainty
                                  0.000000   81.129997   clock reconvergence pessimism
                                             81.129997 ^ _2078_/CLK (gf180mcu_fd_sc_mcu7t5v0__dffrnq_1)
                                 -0.683516   80.446487   library setup time
                                             80.446487   data required time
---------------------------------------------------------------------------------------------
                                             80.446487   data required time
                                            -17.912088   data arrival time
---------------------------------------------------------------------------------------------
                                             62.534397   slack (MET)


Startpoint: in_cic (input port clocked by clk)
Endpoint: _2078_ (rising edge-triggered flip-flop clocked by clk_div)
Path Group: clk_div
Path Type: max

Fanout         Cap        Slew       Delay        Time   Description
---------------------------------------------------------------------------------------------
                      0.000000 20751.898438 20751.898438   clock clk (rise edge)
                                  0.000000 20751.898438   clock network delay (ideal)
                                 10.000000 20761.900391 ^ input external delay
     4    0.018247    0.000000    0.000000 20761.900391 ^ in_cic (in)
                                                         in_cic (net)
                      0.000000    0.000000 20761.900391 ^ _1459_/A4 (gf180mcu_fd_sc_mcu7t5v0__and4_1)
     3    0.015161    0.653187    1.164153 20763.064453 ^ _1459_/Z (gf180mcu_fd_sc_mcu7t5v0__and4_1)
                                                         _0851_ (net)
                      0.653187    0.000000 20763.064453 ^ _1466_/A4 (gf180mcu_fd_sc_mcu7t5v0__and4_1)
     4    0.019371    0.767078    1.255103 20764.320312 ^ _1466_/Z (gf180mcu_fd_sc_mcu7t5v0__and4_1)
                                                         _0855_ (net)
                      0.767078    0.000000 20764.320312 ^ _1475_/A3 (gf180mcu_fd_sc_mcu7t5v0__nand4_1)
     1    0.004029    0.635320    0.387445 20764.707031 v _1475_/ZN (gf180mcu_fd_sc_mcu7t5v0__nand4_1)
                                                         _0860_ (net)
                      0.635320    0.000000 20764.707031 v _1491_/A2 (gf180mcu_fd_sc_mcu7t5v0__nor3_1)
     8    0.036721    3.349132    2.048182 20766.755859 ^ _1491_/ZN (gf180mcu_fd_sc_mcu7t5v0__nor3_1)
                                                         _0870_ (net)
                      3.349132    0.000000 20766.755859 ^ _1501_/A3 (gf180mcu_fd_sc_mcu7t5v0__and4_1)
     5    0.023799    0.914235    1.478838 20768.234375 ^ _1501_/Z (gf180mcu_fd_sc_mcu7t5v0__and4_1)
                                                         _0876_ (net)
                      0.914235    0.000000 20768.234375 ^ _1505_/A3 (gf180mcu_fd_sc_mcu7t5v0__and3_1)
     3    0.016895    0.653436    1.005901 20769.240234 ^ _1505_/Z (gf180mcu_fd_sc_mcu7t5v0__and3_1)
                                                         _0878_ (net)
                      0.653436    0.000000 20769.240234 ^ _1509_/A2 (gf180mcu_fd_sc_mcu7t5v0__aoi21_1)
     1    0.004591    0.450189    0.231012 20769.470703 v _1509_/ZN (gf180mcu_fd_sc_mcu7t5v0__aoi21_1)
                                                         _0880_ (net)
                      0.450189    0.000000 20769.470703 v _1512_/A1 (gf180mcu_fd_sc_mcu7t5v0__nor2_1)
     1    0.003014    0.406038    0.340151 20769.810547 ^ _1512_/ZN (gf180mcu_fd_sc_mcu7t5v0__nor2_1)
                                                         _0077_ (net)
                      0.406038    0.000000 20769.810547 ^ _2078_/D (gf180mcu_fd_sc_mcu7t5v0__dffrnq_1)
                                           20769.810547   data arrival time

                      0.000000 20833.279297 20833.279297   clock clk_div (rise edge)
                                  0.000000 20833.279297   clock network delay (ideal)
                                 -0.250000 20833.029297   clock uncertainty
                                  0.000000 20833.029297   clock reconvergence pessimism
                                           20833.029297 ^ _2078_/CLK (gf180mcu_fd_sc_mcu7t5v0__dffrnq_1)
                                 -0.683516 20832.345703   library setup time
                                           20832.345703   data required time
---------------------------------------------------------------------------------------------
                                           20832.345703   data required time
                                           -20769.810547   data arrival time
---------------------------------------------------------------------------------------------
                                             62.534397   slack (MET)


Startpoint: in_cic (input port clocked by clk)
Endpoint: _2076_ (rising edge-triggered flip-flop clocked by clk)
Path Group: clk
Path Type: max

Fanout         Cap        Slew       Delay        Time   Description
---------------------------------------------------------------------------------------------
                      0.000000    0.000000    0.000000   clock clk (rise edge)
                                  0.000000    0.000000   clock network delay (ideal)
                                 10.000000   10.000000 ^ input external delay
     4    0.018247    0.000000    0.000000   10.000000 ^ in_cic (in)
                                                         in_cic (net)
                      0.000000    0.000000   10.000000 ^ _1459_/A4 (gf180mcu_fd_sc_mcu7t5v0__and4_1)
     3    0.015161    0.653187    1.164055   11.164055 ^ _1459_/Z (gf180mcu_fd_sc_mcu7t5v0__and4_1)
                                                         _0851_ (net)
                      0.653187    0.000000   11.164055 ^ _1466_/A4 (gf180mcu_fd_sc_mcu7t5v0__and4_1)
     4    0.019371    0.767078    1.255484   12.419538 ^ _1466_/Z (gf180mcu_fd_sc_mcu7t5v0__and4_1)
                                                         _0855_ (net)
                      0.767078    0.000000   12.419538 ^ _1475_/A3 (gf180mcu_fd_sc_mcu7t5v0__nand4_1)
     1    0.004029    0.635320    0.387420   12.806958 v _1475_/ZN (gf180mcu_fd_sc_mcu7t5v0__nand4_1)
                                                         _0860_ (net)
                      0.635320    0.000000   12.806958 v _1491_/A2 (gf180mcu_fd_sc_mcu7t5v0__nor3_1)
     8    0.036721    3.349132    2.048727   14.855685 ^ _1491_/ZN (gf180mcu_fd_sc_mcu7t5v0__nor3_1)
                                                         _0870_ (net)
                      3.349132    0.000000   14.855685 ^ _1501_/A3 (gf180mcu_fd_sc_mcu7t5v0__and4_1)
     5    0.023799    0.914235    1.478624   16.334309 ^ _1501_/Z (gf180mcu_fd_sc_mcu7t5v0__and4_1)
                                                         _0876_ (net)
                      0.914235    0.000000   16.334309 ^ _1505_/A3 (gf180mcu_fd_sc_mcu7t5v0__and3_1)
     3    0.016895    0.653436    1.006445   17.340754 ^ _1505_/Z (gf180mcu_fd_sc_mcu7t5v0__and3_1)
                                                         _0878_ (net)
                      0.653436    0.000000   17.340754 ^ _1507_/A2 (gf180mcu_fd_sc_mcu7t5v0__nor2_1)
     1    0.003014    0.310495    0.258945   17.599699 v _1507_/ZN (gf180mcu_fd_sc_mcu7t5v0__nor2_1)
                                                         _0075_ (net)
                      0.310495    0.000000   17.599699 v _2076_/D (gf180mcu_fd_sc_mcu7t5v0__dffrnq_1)
                                             17.599699   data arrival time

                      0.000000   81.379997   81.379997   clock clk (rise edge)
                                  0.000000   81.379997   clock network delay (ideal)
                                 -0.250000   81.129997   clock uncertainty
                                  0.000000   81.129997   clock reconvergence pessimism
                                             81.129997 ^ _2076_/CLK (gf180mcu_fd_sc_mcu7t5v0__dffrnq_1)
                                 -0.338933   80.791061   library setup time
                                             80.791061   data required time
---------------------------------------------------------------------------------------------
                                             80.791061   data required time
                                            -17.599699   data arrival time
---------------------------------------------------------------------------------------------
                                             63.191368   slack (MET)


Startpoint: in_cic (input port clocked by clk)
Endpoint: _2076_ (rising edge-triggered flip-flop clocked by clk_div)
Path Group: clk_div
Path Type: max

Fanout         Cap        Slew       Delay        Time   Description
---------------------------------------------------------------------------------------------
                      0.000000 20751.898438 20751.898438   clock clk (rise edge)
                                  0.000000 20751.898438   clock network delay (ideal)
                                 10.000000 20761.900391 ^ input external delay
     4    0.018247    0.000000    0.000000 20761.900391 ^ in_cic (in)
                                                         in_cic (net)
                      0.000000    0.000000 20761.900391 ^ _1459_/A4 (gf180mcu_fd_sc_mcu7t5v0__and4_1)
     3    0.015161    0.653187    1.164153 20763.064453 ^ _1459_/Z (gf180mcu_fd_sc_mcu7t5v0__and4_1)
                                                         _0851_ (net)
                      0.653187    0.000000 20763.064453 ^ _1466_/A4 (gf180mcu_fd_sc_mcu7t5v0__and4_1)
     4    0.019371    0.767078    1.255103 20764.320312 ^ _1466_/Z (gf180mcu_fd_sc_mcu7t5v0__and4_1)
                                                         _0855_ (net)
                      0.767078    0.000000 20764.320312 ^ _1475_/A3 (gf180mcu_fd_sc_mcu7t5v0__nand4_1)
     1    0.004029    0.635320    0.387445 20764.707031 v _1475_/ZN (gf180mcu_fd_sc_mcu7t5v0__nand4_1)
                                                         _0860_ (net)
                      0.635320    0.000000 20764.707031 v _1491_/A2 (gf180mcu_fd_sc_mcu7t5v0__nor3_1)
     8    0.036721    3.349132    2.048182 20766.755859 ^ _1491_/ZN (gf180mcu_fd_sc_mcu7t5v0__nor3_1)
                                                         _0870_ (net)
                      3.349132    0.000000 20766.755859 ^ _1501_/A3 (gf180mcu_fd_sc_mcu7t5v0__and4_1)
     5    0.023799    0.914235    1.478838 20768.234375 ^ _1501_/Z (gf180mcu_fd_sc_mcu7t5v0__and4_1)
                                                         _0876_ (net)
                      0.914235    0.000000 20768.234375 ^ _1505_/A3 (gf180mcu_fd_sc_mcu7t5v0__and3_1)
     3    0.016895    0.653436    1.005901 20769.240234 ^ _1505_/Z (gf180mcu_fd_sc_mcu7t5v0__and3_1)
                                                         _0878_ (net)
                      0.653436    0.000000 20769.240234 ^ _1507_/A2 (gf180mcu_fd_sc_mcu7t5v0__nor2_1)
     1    0.003014    0.310495    0.260116 20769.500000 v _1507_/ZN (gf180mcu_fd_sc_mcu7t5v0__nor2_1)
                                                         _0075_ (net)
                      0.310495    0.000000 20769.500000 v _2076_/D (gf180mcu_fd_sc_mcu7t5v0__dffrnq_1)
                                           20769.500000   data arrival time

                      0.000000 20833.279297 20833.279297   clock clk_div (rise edge)
                                  0.000000 20833.279297   clock network delay (ideal)
                                 -0.250000 20833.029297   clock uncertainty
                                  0.000000 20833.029297   clock reconvergence pessimism
                                           20833.029297 ^ _2076_/CLK (gf180mcu_fd_sc_mcu7t5v0__dffrnq_1)
                                 -0.338933 20832.689453   library setup time
                                           20832.689453   data required time
---------------------------------------------------------------------------------------------
                                           20832.689453   data required time
                                           -20769.500000   data arrival time
---------------------------------------------------------------------------------------------
                                             63.191368   slack (MET)


Startpoint: in_cic (input port clocked by clk)
Endpoint: _2075_ (rising edge-triggered flip-flop clocked by clk)
Path Group: clk
Path Type: max

Fanout         Cap        Slew       Delay        Time   Description
---------------------------------------------------------------------------------------------
                      0.000000    0.000000    0.000000   clock clk (rise edge)
                                  0.000000    0.000000   clock network delay (ideal)
                                 10.000000   10.000000 ^ input external delay
     4    0.018247    0.000000    0.000000   10.000000 ^ in_cic (in)
                                                         in_cic (net)
                      0.000000    0.000000   10.000000 ^ _1459_/A4 (gf180mcu_fd_sc_mcu7t5v0__and4_1)
     3    0.015161    0.653187    1.164055   11.164055 ^ _1459_/Z (gf180mcu_fd_sc_mcu7t5v0__and4_1)
                                                         _0851_ (net)
                      0.653187    0.000000   11.164055 ^ _1466_/A4 (gf180mcu_fd_sc_mcu7t5v0__and4_1)
     4    0.019371    0.767078    1.255484   12.419538 ^ _1466_/Z (gf180mcu_fd_sc_mcu7t5v0__and4_1)
                                                         _0855_ (net)
                      0.767078    0.000000   12.419538 ^ _1475_/A3 (gf180mcu_fd_sc_mcu7t5v0__nand4_1)
     1    0.004029    0.635320    0.387420   12.806958 v _1475_/ZN (gf180mcu_fd_sc_mcu7t5v0__nand4_1)
                                                         _0860_ (net)
                      0.635320    0.000000   12.806958 v _1491_/A2 (gf180mcu_fd_sc_mcu7t5v0__nor3_1)
     8    0.036721    3.349132    2.048727   14.855685 ^ _1491_/ZN (gf180mcu_fd_sc_mcu7t5v0__nor3_1)
                                                         _0870_ (net)
                      3.349132    0.000000   14.855685 ^ _1501_/A3 (gf180mcu_fd_sc_mcu7t5v0__and4_1)
     5    0.023799    0.914235    1.478624   16.334309 ^ _1501_/Z (gf180mcu_fd_sc_mcu7t5v0__and4_1)
                                                         _0876_ (net)
                      0.914235    0.000000   16.334309 ^ _1503_/A2 (gf180mcu_fd_sc_mcu7t5v0__xor2_1)
     1    0.003014    0.544568    0.636650   16.970959 ^ _1503_/Z (gf180mcu_fd_sc_mcu7t5v0__xor2_1)
                                                         _0074_ (net)
                      0.544568    0.000000   16.970959 ^ _2075_/D (gf180mcu_fd_sc_mcu7t5v0__dffrnq_1)
                                             16.970959   data arrival time

                      0.000000   81.379997   81.379997   clock clk (rise edge)
                                  0.000000   81.379997   clock network delay (ideal)
                                 -0.250000   81.129997   clock uncertainty
                                  0.000000   81.129997   clock reconvergence pessimism
                                             81.129997 ^ _2075_/CLK (gf180mcu_fd_sc_mcu7t5v0__dffrnq_1)
                                 -0.712689   80.417313   library setup time
                                             80.417313   data required time
---------------------------------------------------------------------------------------------
                                             80.417313   data required time
                                            -16.970959   data arrival time
---------------------------------------------------------------------------------------------
                                             63.446354   slack (MET)


Startpoint: in_cic (input port clocked by clk)
Endpoint: _2075_ (rising edge-triggered flip-flop clocked by clk_div)
Path Group: clk_div
Path Type: max

Fanout         Cap        Slew       Delay        Time   Description
---------------------------------------------------------------------------------------------
                      0.000000 20751.898438 20751.898438   clock clk (rise edge)
                                  0.000000 20751.898438   clock network delay (ideal)
                                 10.000000 20761.900391 ^ input external delay
     4    0.018247    0.000000    0.000000 20761.900391 ^ in_cic (in)
                                                         in_cic (net)
                      0.000000    0.000000 20761.900391 ^ _1459_/A4 (gf180mcu_fd_sc_mcu7t5v0__and4_1)
     3    0.015161    0.653187    1.164153 20763.064453 ^ _1459_/Z (gf180mcu_fd_sc_mcu7t5v0__and4_1)
                                                         _0851_ (net)
                      0.653187    0.000000 20763.064453 ^ _1466_/A4 (gf180mcu_fd_sc_mcu7t5v0__and4_1)
     4    0.019371    0.767078    1.255103 20764.320312 ^ _1466_/Z (gf180mcu_fd_sc_mcu7t5v0__and4_1)
                                                         _0855_ (net)
                      0.767078    0.000000 20764.320312 ^ _1475_/A3 (gf180mcu_fd_sc_mcu7t5v0__nand4_1)
     1    0.004029    0.635320    0.387445 20764.707031 v _1475_/ZN (gf180mcu_fd_sc_mcu7t5v0__nand4_1)
                                                         _0860_ (net)
                      0.635320    0.000000 20764.707031 v _1491_/A2 (gf180mcu_fd_sc_mcu7t5v0__nor3_1)
     8    0.036721    3.349132    2.048182 20766.755859 ^ _1491_/ZN (gf180mcu_fd_sc_mcu7t5v0__nor3_1)
                                                         _0870_ (net)
                      3.349132    0.000000 20766.755859 ^ _1501_/A3 (gf180mcu_fd_sc_mcu7t5v0__and4_1)
     5    0.023799    0.914235    1.478838 20768.234375 ^ _1501_/Z (gf180mcu_fd_sc_mcu7t5v0__and4_1)
                                                         _0876_ (net)
                      0.914235    0.000000 20768.234375 ^ _1503_/A2 (gf180mcu_fd_sc_mcu7t5v0__xor2_1)
     1    0.003014    0.544568    0.636646 20768.871094 ^ _1503_/Z (gf180mcu_fd_sc_mcu7t5v0__xor2_1)
                                                         _0074_ (net)
                      0.544568    0.000000 20768.871094 ^ _2075_/D (gf180mcu_fd_sc_mcu7t5v0__dffrnq_1)
                                           20768.871094   data arrival time

                      0.000000 20833.279297 20833.279297   clock clk_div (rise edge)
                                  0.000000 20833.279297   clock network delay (ideal)
                                 -0.250000 20833.029297   clock uncertainty
                                  0.000000 20833.029297   clock reconvergence pessimism
                                           20833.029297 ^ _2075_/CLK (gf180mcu_fd_sc_mcu7t5v0__dffrnq_1)
                                 -0.712689 20832.316406   library setup time
                                           20832.316406   data required time
---------------------------------------------------------------------------------------------
                                           20832.316406   data required time
                                           -20768.871094   data arrival time
---------------------------------------------------------------------------------------------
                                             63.446354   slack (MET)


Startpoint: in_cic (input port clocked by clk)
Endpoint: _2070_ (rising edge-triggered flip-flop clocked by clk)
Path Group: clk
Path Type: max

Fanout         Cap        Slew       Delay        Time   Description
---------------------------------------------------------------------------------------------
                      0.000000    0.000000    0.000000   clock clk (rise edge)
                                  0.000000    0.000000   clock network delay (ideal)
                                 10.000000   10.000000 ^ input external delay
     4    0.018247    0.000000    0.000000   10.000000 ^ in_cic (in)
                                                         in_cic (net)
                      0.000000    0.000000   10.000000 ^ _1459_/A4 (gf180mcu_fd_sc_mcu7t5v0__and4_1)
     3    0.015161    0.653187    1.164055   11.164055 ^ _1459_/Z (gf180mcu_fd_sc_mcu7t5v0__and4_1)
                                                         _0851_ (net)
                      0.653187    0.000000   11.164055 ^ _1466_/A4 (gf180mcu_fd_sc_mcu7t5v0__and4_1)
     4    0.019371    0.767078    1.255484   12.419538 ^ _1466_/Z (gf180mcu_fd_sc_mcu7t5v0__and4_1)
                                                         _0855_ (net)
                      0.767078    0.000000   12.419538 ^ _1470_/A3 (gf180mcu_fd_sc_mcu7t5v0__and3_1)
     7    0.032714    1.072933    1.264866   13.684404 ^ _1470_/Z (gf180mcu_fd_sc_mcu7t5v0__and3_1)
                                                         _0857_ (net)
                      1.072933    0.000000   13.684404 ^ _1480_/A3 (gf180mcu_fd_sc_mcu7t5v0__and4_1)
     5    0.025394    0.922915    1.379882   15.064286 ^ _1480_/Z (gf180mcu_fd_sc_mcu7t5v0__and4_1)
                                                         _0863_ (net)
                      0.922915    0.000000   15.064286 ^ _1487_/A4 (gf180mcu_fd_sc_mcu7t5v0__and4_1)
     2    0.008658    0.478921    1.055138   16.119425 ^ _1487_/Z (gf180mcu_fd_sc_mcu7t5v0__and4_1)
                                                         _0867_ (net)
                      0.478921    0.000000   16.119425 ^ _1489_/A2 (gf180mcu_fd_sc_mcu7t5v0__nor2_1)
     1    0.004591    0.370553    0.268406   16.387831 v _1489_/ZN (gf180mcu_fd_sc_mcu7t5v0__nor2_1)
                                                         _0868_ (net)
                      0.370553    0.000000   16.387831 v _1492_/A1 (gf180mcu_fd_sc_mcu7t5v0__nor2_1)
     1    0.003014    0.540747    0.316472   16.704302 ^ _1492_/ZN (gf180mcu_fd_sc_mcu7t5v0__nor2_1)
                                                         _0068_ (net)
                      0.540747    0.000000   16.704302 ^ _2070_/D (gf180mcu_fd_sc_mcu7t5v0__dffrnq_1)
                                             16.704302   data arrival time

                      0.000000   81.379997   81.379997   clock clk (rise edge)
                                  0.000000   81.379997   clock network delay (ideal)
                                 -0.250000   81.129997   clock uncertainty
                                  0.000000   81.129997   clock reconvergence pessimism
                                             81.129997 ^ _2070_/CLK (gf180mcu_fd_sc_mcu7t5v0__dffrnq_1)
                                 -0.711885   80.418114   library setup time
                                             80.418114   data required time
---------------------------------------------------------------------------------------------
                                             80.418114   data required time
                                            -16.704302   data arrival time
---------------------------------------------------------------------------------------------
                                             63.713814   slack (MET)


Startpoint: in_cic (input port clocked by clk)
Endpoint: _2070_ (rising edge-triggered flip-flop clocked by clk_div)
Path Group: clk_div
Path Type: max

Fanout         Cap        Slew       Delay        Time   Description
---------------------------------------------------------------------------------------------
                      0.000000 20751.898438 20751.898438   clock clk (rise edge)
                                  0.000000 20751.898438   clock network delay (ideal)
                                 10.000000 20761.900391 ^ input external delay
     4    0.018247    0.000000    0.000000 20761.900391 ^ in_cic (in)
                                                         in_cic (net)
                      0.000000    0.000000 20761.900391 ^ _1459_/A4 (gf180mcu_fd_sc_mcu7t5v0__and4_1)
     3    0.015161    0.653187    1.164153 20763.064453 ^ _1459_/Z (gf180mcu_fd_sc_mcu7t5v0__and4_1)
                                                         _0851_ (net)
                      0.653187    0.000000 20763.064453 ^ _1466_/A4 (gf180mcu_fd_sc_mcu7t5v0__and4_1)
     4    0.019371    0.767078    1.255103 20764.320312 ^ _1466_/Z (gf180mcu_fd_sc_mcu7t5v0__and4_1)
                                                         _0855_ (net)
                      0.767078    0.000000 20764.320312 ^ _1470_/A3 (gf180mcu_fd_sc_mcu7t5v0__and3_1)
     7    0.032714    1.072933    1.264198 20765.583984 ^ _1470_/Z (gf180mcu_fd_sc_mcu7t5v0__and3_1)
                                                         _0857_ (net)
                      1.072933    0.000000 20765.583984 ^ _1480_/A3 (gf180mcu_fd_sc_mcu7t5v0__and4_1)
     5    0.025394    0.922915    1.380613 20766.964844 ^ _1480_/Z (gf180mcu_fd_sc_mcu7t5v0__and4_1)
                                                         _0863_ (net)
                      0.922915    0.000000 20766.964844 ^ _1487_/A4 (gf180mcu_fd_sc_mcu7t5v0__and4_1)
     2    0.008658    0.478921    1.055014 20768.019531 ^ _1487_/Z (gf180mcu_fd_sc_mcu7t5v0__and4_1)
                                                         _0867_ (net)
                      0.478921    0.000000 20768.019531 ^ _1489_/A2 (gf180mcu_fd_sc_mcu7t5v0__nor2_1)
     1    0.004591    0.370553    0.267391 20768.287109 v _1489_/ZN (gf180mcu_fd_sc_mcu7t5v0__nor2_1)
                                                         _0868_ (net)
                      0.370553    0.000000 20768.287109 v _1492_/A1 (gf180mcu_fd_sc_mcu7t5v0__nor2_1)
     1    0.003014    0.540747    0.316504 20768.603516 ^ _1492_/ZN (gf180mcu_fd_sc_mcu7t5v0__nor2_1)
                                                         _0068_ (net)
                      0.540747    0.000000 20768.603516 ^ _2070_/D (gf180mcu_fd_sc_mcu7t5v0__dffrnq_1)
                                           20768.603516   data arrival time

                      0.000000 20833.279297 20833.279297   clock clk_div (rise edge)
                                  0.000000 20833.279297   clock network delay (ideal)
                                 -0.250000 20833.029297   clock uncertainty
                                  0.000000 20833.029297   clock reconvergence pessimism
                                           20833.029297 ^ _2070_/CLK (gf180mcu_fd_sc_mcu7t5v0__dffrnq_1)
                                 -0.711885 20832.316406   library setup time
                                           20832.316406   data required time
---------------------------------------------------------------------------------------------
                                           20832.316406   data required time
                                           -20768.603516   data arrival time
---------------------------------------------------------------------------------------------
                                             63.713814   slack (MET)


Startpoint: in_cic (input port clocked by clk)
Endpoint: _2074_ (rising edge-triggered flip-flop clocked by clk)
Path Group: clk
Path Type: max

Fanout         Cap        Slew       Delay        Time   Description
---------------------------------------------------------------------------------------------
                      0.000000    0.000000    0.000000   clock clk (rise edge)
                                  0.000000    0.000000   clock network delay (ideal)
                                 10.000000   10.000000 ^ input external delay
     4    0.018247    0.000000    0.000000   10.000000 ^ in_cic (in)
                                                         in_cic (net)
                      0.000000    0.000000   10.000000 ^ _1459_/A4 (gf180mcu_fd_sc_mcu7t5v0__and4_1)
     3    0.015161    0.653187    1.164055   11.164055 ^ _1459_/Z (gf180mcu_fd_sc_mcu7t5v0__and4_1)
                                                         _0851_ (net)
                      0.653187    0.000000   11.164055 ^ _1466_/A4 (gf180mcu_fd_sc_mcu7t5v0__and4_1)
     4    0.019371    0.767078    1.255484   12.419538 ^ _1466_/Z (gf180mcu_fd_sc_mcu7t5v0__and4_1)
                                                         _0855_ (net)
                      0.767078    0.000000   12.419538 ^ _1475_/A3 (gf180mcu_fd_sc_mcu7t5v0__nand4_1)
     1    0.004029    0.635320    0.387420   12.806958 v _1475_/ZN (gf180mcu_fd_sc_mcu7t5v0__nand4_1)
                                                         _0860_ (net)
                      0.635320    0.000000   12.806958 v _1491_/A2 (gf180mcu_fd_sc_mcu7t5v0__nor3_1)
     8    0.036721    3.349132    2.048727   14.855685 ^ _1491_/ZN (gf180mcu_fd_sc_mcu7t5v0__nor3_1)
                                                         _0870_ (net)
                      3.349132    0.000000   14.855685 ^ _1501_/A3 (gf180mcu_fd_sc_mcu7t5v0__and4_1)
     5    0.023799    0.914235    1.478624   16.334309 ^ _1501_/Z (gf180mcu_fd_sc_mcu7t5v0__and4_1)
                                                         _0876_ (net)
                      0.914235    0.000000   16.334309 ^ _1502_/B (gf180mcu_fd_sc_mcu7t5v0__aoi21_1)
     1    0.003014    0.503305    0.396609   16.730917 v _1502_/ZN (gf180mcu_fd_sc_mcu7t5v0__aoi21_1)
                                                         _0072_ (net)
                      0.503305    0.000000   16.730917 v _2074_/D (gf180mcu_fd_sc_mcu7t5v0__dffrnq_1)
                                             16.730917   data arrival time

                      0.000000   81.379997   81.379997   clock clk (rise edge)
                                  0.000000   81.379997   clock network delay (ideal)
                                 -0.250000   81.129997   clock uncertainty
                                  0.000000   81.129997   clock reconvergence pessimism
                                             81.129997 ^ _2074_/CLK (gf180mcu_fd_sc_mcu7t5v0__dffrnq_1)
                                 -0.397654   80.732346   library setup time
                                             80.732346   data required time
---------------------------------------------------------------------------------------------
                                             80.732346   data required time
                                            -16.730917   data arrival time
---------------------------------------------------------------------------------------------
                                             64.001427   slack (MET)


Startpoint: in_cic (input port clocked by clk)
Endpoint: _2074_ (rising edge-triggered flip-flop clocked by clk_div)
Path Group: clk_div
Path Type: max

Fanout         Cap        Slew       Delay        Time   Description
---------------------------------------------------------------------------------------------
                      0.000000 20751.898438 20751.898438   clock clk (rise edge)
                                  0.000000 20751.898438   clock network delay (ideal)
                                 10.000000 20761.900391 ^ input external delay
     4    0.018247    0.000000    0.000000 20761.900391 ^ in_cic (in)
                                                         in_cic (net)
                      0.000000    0.000000 20761.900391 ^ _1459_/A4 (gf180mcu_fd_sc_mcu7t5v0__and4_1)
     3    0.015161    0.653187    1.164153 20763.064453 ^ _1459_/Z (gf180mcu_fd_sc_mcu7t5v0__and4_1)
                                                         _0851_ (net)
                      0.653187    0.000000 20763.064453 ^ _1466_/A4 (gf180mcu_fd_sc_mcu7t5v0__and4_1)
     4    0.019371    0.767078    1.255103 20764.320312 ^ _1466_/Z (gf180mcu_fd_sc_mcu7t5v0__and4_1)
                                                         _0855_ (net)
                      0.767078    0.000000 20764.320312 ^ _1475_/A3 (gf180mcu_fd_sc_mcu7t5v0__nand4_1)
     1    0.004029    0.635320    0.387445 20764.707031 v _1475_/ZN (gf180mcu_fd_sc_mcu7t5v0__nand4_1)
                                                         _0860_ (net)
                      0.635320    0.000000 20764.707031 v _1491_/A2 (gf180mcu_fd_sc_mcu7t5v0__nor3_1)
     8    0.036721    3.349132    2.048182 20766.755859 ^ _1491_/ZN (gf180mcu_fd_sc_mcu7t5v0__nor3_1)
                                                         _0870_ (net)
                      3.349132    0.000000 20766.755859 ^ _1501_/A3 (gf180mcu_fd_sc_mcu7t5v0__and4_1)
     5    0.023799    0.914235    1.478838 20768.234375 ^ _1501_/Z (gf180mcu_fd_sc_mcu7t5v0__and4_1)
                                                         _0876_ (net)
                      0.914235    0.000000 20768.234375 ^ _1502_/B (gf180mcu_fd_sc_mcu7t5v0__aoi21_1)
     1    0.003014    0.503305    0.396540 20768.630859 v _1502_/ZN (gf180mcu_fd_sc_mcu7t5v0__aoi21_1)
                                                         _0072_ (net)
                      0.503305    0.000000 20768.630859 v _2074_/D (gf180mcu_fd_sc_mcu7t5v0__dffrnq_1)
                                           20768.630859   data arrival time

                      0.000000 20833.279297 20833.279297   clock clk_div (rise edge)
                                  0.000000 20833.279297   clock network delay (ideal)
                                 -0.250000 20833.029297   clock uncertainty
                                  0.000000 20833.029297   clock reconvergence pessimism
                                           20833.029297 ^ _2074_/CLK (gf180mcu_fd_sc_mcu7t5v0__dffrnq_1)
                                 -0.397654 20832.630859   library setup time
                                           20832.630859   data required time
---------------------------------------------------------------------------------------------
                                           20832.630859   data required time
                                           -20768.630859   data arrival time
---------------------------------------------------------------------------------------------
                                             64.001427   slack (MET)


Startpoint: in_cic (input port clocked by clk)
Endpoint: _2069_ (rising edge-triggered flip-flop clocked by clk)
Path Group: clk
Path Type: max

Fanout         Cap        Slew       Delay        Time   Description
---------------------------------------------------------------------------------------------
                      0.000000    0.000000    0.000000   clock clk (rise edge)
                                  0.000000    0.000000   clock network delay (ideal)
                                 10.000000   10.000000 ^ input external delay
     4    0.018247    0.000000    0.000000   10.000000 ^ in_cic (in)
                                                         in_cic (net)
                      0.000000    0.000000   10.000000 ^ _1459_/A4 (gf180mcu_fd_sc_mcu7t5v0__and4_1)
     3    0.015161    0.653187    1.164055   11.164055 ^ _1459_/Z (gf180mcu_fd_sc_mcu7t5v0__and4_1)
                                                         _0851_ (net)
                      0.653187    0.000000   11.164055 ^ _1466_/A4 (gf180mcu_fd_sc_mcu7t5v0__and4_1)
     4    0.019371    0.767078    1.255484   12.419538 ^ _1466_/Z (gf180mcu_fd_sc_mcu7t5v0__and4_1)
                                                         _0855_ (net)
                      0.767078    0.000000   12.419538 ^ _1470_/A3 (gf180mcu_fd_sc_mcu7t5v0__and3_1)
     7    0.032714    1.072933    1.264866   13.684404 ^ _1470_/Z (gf180mcu_fd_sc_mcu7t5v0__and3_1)
                                                         _0857_ (net)
                      1.072933    0.000000   13.684404 ^ _1480_/A3 (gf180mcu_fd_sc_mcu7t5v0__and4_1)
     5    0.025394    0.922915    1.379882   15.064286 ^ _1480_/Z (gf180mcu_fd_sc_mcu7t5v0__and4_1)
                                                         _0863_ (net)
                      0.922915    0.000000   15.064286 ^ _1487_/A4 (gf180mcu_fd_sc_mcu7t5v0__and4_1)
     2    0.008658    0.478921    1.055138   16.119425 ^ _1487_/Z (gf180mcu_fd_sc_mcu7t5v0__and4_1)
                                                         _0867_ (net)
                      0.478921    0.000000   16.119425 ^ _1488_/A2 (gf180mcu_fd_sc_mcu7t5v0__nor2_1)
     1    0.003014    0.269723    0.239622   16.359047 v _1488_/ZN (gf180mcu_fd_sc_mcu7t5v0__nor2_1)
                                                         _0067_ (net)
                      0.269723    0.000000   16.359047 v _2069_/D (gf180mcu_fd_sc_mcu7t5v0__dffrnq_1)
                                             16.359047   data arrival time

                      0.000000   81.379997   81.379997   clock clk (rise edge)
                                  0.000000   81.379997   clock network delay (ideal)
                                 -0.250000   81.129997   clock uncertainty
                                  0.000000   81.129997   clock reconvergence pessimism
                                             81.129997 ^ _2069_/CLK (gf180mcu_fd_sc_mcu7t5v0__dffrnq_1)
                                 -0.326516   80.803482   library setup time
                                             80.803482   data required time
---------------------------------------------------------------------------------------------
                                             80.803482   data required time
                                            -16.359047   data arrival time
---------------------------------------------------------------------------------------------
                                             64.444435   slack (MET)


Startpoint: in_cic (input port clocked by clk)
Endpoint: _2069_ (rising edge-triggered flip-flop clocked by clk_div)
Path Group: clk_div
Path Type: max

Fanout         Cap        Slew       Delay        Time   Description
---------------------------------------------------------------------------------------------
                      0.000000 20751.898438 20751.898438   clock clk (rise edge)
                                  0.000000 20751.898438   clock network delay (ideal)
                                 10.000000 20761.900391 ^ input external delay
     4    0.018247    0.000000    0.000000 20761.900391 ^ in_cic (in)
                                                         in_cic (net)
                      0.000000    0.000000 20761.900391 ^ _1459_/A4 (gf180mcu_fd_sc_mcu7t5v0__and4_1)
     3    0.015161    0.653187    1.164153 20763.064453 ^ _1459_/Z (gf180mcu_fd_sc_mcu7t5v0__and4_1)
                                                         _0851_ (net)
                      0.653187    0.000000 20763.064453 ^ _1466_/A4 (gf180mcu_fd_sc_mcu7t5v0__and4_1)
     4    0.019371    0.767078    1.255103 20764.320312 ^ _1466_/Z (gf180mcu_fd_sc_mcu7t5v0__and4_1)
                                                         _0855_ (net)
                      0.767078    0.000000 20764.320312 ^ _1470_/A3 (gf180mcu_fd_sc_mcu7t5v0__and3_1)
     7    0.032714    1.072933    1.264198 20765.583984 ^ _1470_/Z (gf180mcu_fd_sc_mcu7t5v0__and3_1)
                                                         _0857_ (net)
                      1.072933    0.000000 20765.583984 ^ _1480_/A3 (gf180mcu_fd_sc_mcu7t5v0__and4_1)
     5    0.025394    0.922915    1.380613 20766.964844 ^ _1480_/Z (gf180mcu_fd_sc_mcu7t5v0__and4_1)
                                                         _0863_ (net)
                      0.922915    0.000000 20766.964844 ^ _1487_/A4 (gf180mcu_fd_sc_mcu7t5v0__and4_1)
     2    0.008658    0.478921    1.055014 20768.019531 ^ _1487_/Z (gf180mcu_fd_sc_mcu7t5v0__and4_1)
                                                         _0867_ (net)
                      0.478921    0.000000 20768.019531 ^ _1488_/A2 (gf180mcu_fd_sc_mcu7t5v0__nor2_1)
     1    0.003014    0.269723    0.238288 20768.257812 v _1488_/ZN (gf180mcu_fd_sc_mcu7t5v0__nor2_1)
                                                         _0067_ (net)
                      0.269723    0.000000 20768.257812 v _2069_/D (gf180mcu_fd_sc_mcu7t5v0__dffrnq_1)
                                           20768.257812   data arrival time

                      0.000000 20833.279297 20833.279297   clock clk_div (rise edge)
                                  0.000000 20833.279297   clock network delay (ideal)
                                 -0.250000 20833.029297   clock uncertainty
                                  0.000000 20833.029297   clock reconvergence pessimism
                                           20833.029297 ^ _2069_/CLK (gf180mcu_fd_sc_mcu7t5v0__dffrnq_1)
                                 -0.326516 20832.703125   library setup time
                                           20832.703125   data required time
---------------------------------------------------------------------------------------------
                                           20832.703125   data required time
                                           -20768.257812   data arrival time
---------------------------------------------------------------------------------------------
                                             64.444435   slack (MET)


Startpoint: in_cic (input port clocked by clk)
Endpoint: _2068_ (rising edge-triggered flip-flop clocked by clk)
Path Group: clk
Path Type: max

Fanout         Cap        Slew       Delay        Time   Description
---------------------------------------------------------------------------------------------
                      0.000000    0.000000    0.000000   clock clk (rise edge)
                                  0.000000    0.000000   clock network delay (ideal)
                                 10.000000   10.000000 ^ input external delay
     4    0.018247    0.000000    0.000000   10.000000 ^ in_cic (in)
                                                         in_cic (net)
                      0.000000    0.000000   10.000000 ^ _1459_/A4 (gf180mcu_fd_sc_mcu7t5v0__and4_1)
     3    0.015161    0.653187    1.164055   11.164055 ^ _1459_/Z (gf180mcu_fd_sc_mcu7t5v0__and4_1)
                                                         _0851_ (net)
                      0.653187    0.000000   11.164055 ^ _1466_/A4 (gf180mcu_fd_sc_mcu7t5v0__and4_1)
     4    0.019371    0.767078    1.255484   12.419538 ^ _1466_/Z (gf180mcu_fd_sc_mcu7t5v0__and4_1)
                                                         _0855_ (net)
                      0.767078    0.000000   12.419538 ^ _1470_/A3 (gf180mcu_fd_sc_mcu7t5v0__and3_1)
     7    0.032714    1.072933    1.264866   13.684404 ^ _1470_/Z (gf180mcu_fd_sc_mcu7t5v0__and3_1)
                                                         _0857_ (net)
                      1.072933    0.000000   13.684404 ^ _1480_/A3 (gf180mcu_fd_sc_mcu7t5v0__and4_1)
     5    0.025394    0.922915    1.379882   15.064286 ^ _1480_/Z (gf180mcu_fd_sc_mcu7t5v0__and4_1)
                                                         _0863_ (net)
                      0.922915    0.000000   15.064286 ^ _1483_/A2 (gf180mcu_fd_sc_mcu7t5v0__aoi21_1)
     1    0.004067    0.523763    0.220243   15.284530 v _1483_/ZN (gf180mcu_fd_sc_mcu7t5v0__aoi21_1)
                                                         _0864_ (net)
                      0.523763    0.000000   15.284530 v _1485_/B (gf180mcu_fd_sc_mcu7t5v0__aoi21_1)
     1    0.003014    0.534627    0.490568   15.775097 ^ _1485_/ZN (gf180mcu_fd_sc_mcu7t5v0__aoi21_1)
                                                         _0066_ (net)
                      0.534627    0.000000   15.775097 ^ _2068_/D (gf180mcu_fd_sc_mcu7t5v0__dffrnq_1)
                                             15.775097   data arrival time

                      0.000000   81.379997   81.379997   clock clk (rise edge)
                                  0.000000   81.379997   clock network delay (ideal)
                                 -0.250000   81.129997   clock uncertainty
                                  0.000000   81.129997   clock reconvergence pessimism
                                             81.129997 ^ _2068_/CLK (gf180mcu_fd_sc_mcu7t5v0__dffrnq_1)
                                 -0.710596   80.419403   library setup time
                                             80.419403   data required time
---------------------------------------------------------------------------------------------
                                             80.419403   data required time
                                            -15.775097   data arrival time
---------------------------------------------------------------------------------------------
                                             64.644310   slack (MET)


Startpoint: in_cic (input port clocked by clk)
Endpoint: _2068_ (rising edge-triggered flip-flop clocked by clk_div)
Path Group: clk_div
Path Type: max

Fanout         Cap        Slew       Delay        Time   Description
---------------------------------------------------------------------------------------------
                      0.000000 20751.898438 20751.898438   clock clk (rise edge)
                                  0.000000 20751.898438   clock network delay (ideal)
                                 10.000000 20761.900391 ^ input external delay
     4    0.018247    0.000000    0.000000 20761.900391 ^ in_cic (in)
                                                         in_cic (net)
                      0.000000    0.000000 20761.900391 ^ _1459_/A4 (gf180mcu_fd_sc_mcu7t5v0__and4_1)
     3    0.015161    0.653187    1.164153 20763.064453 ^ _1459_/Z (gf180mcu_fd_sc_mcu7t5v0__and4_1)
                                                         _0851_ (net)
                      0.653187    0.000000 20763.064453 ^ _1466_/A4 (gf180mcu_fd_sc_mcu7t5v0__and4_1)
     4    0.019371    0.767078    1.255103 20764.320312 ^ _1466_/Z (gf180mcu_fd_sc_mcu7t5v0__and4_1)
                                                         _0855_ (net)
                      0.767078    0.000000 20764.320312 ^ _1470_/A3 (gf180mcu_fd_sc_mcu7t5v0__and3_1)
     7    0.032714    1.072933    1.264198 20765.583984 ^ _1470_/Z (gf180mcu_fd_sc_mcu7t5v0__and3_1)
                                                         _0857_ (net)
                      1.072933    0.000000 20765.583984 ^ _1480_/A3 (gf180mcu_fd_sc_mcu7t5v0__and4_1)
     5    0.025394    0.922915    1.380613 20766.964844 ^ _1480_/Z (gf180mcu_fd_sc_mcu7t5v0__and4_1)
                                                         _0863_ (net)
                      0.922915    0.000000 20766.964844 ^ _1483_/A2 (gf180mcu_fd_sc_mcu7t5v0__aoi21_1)
     1    0.004067    0.523763    0.220098 20767.183594 v _1483_/ZN (gf180mcu_fd_sc_mcu7t5v0__aoi21_1)
                                                         _0864_ (net)
                      0.523763    0.000000 20767.183594 v _1485_/B (gf180mcu_fd_sc_mcu7t5v0__aoi21_1)
     1    0.003014    0.534627    0.489308 20767.673828 ^ _1485_/ZN (gf180mcu_fd_sc_mcu7t5v0__aoi21_1)
                                                         _0066_ (net)
                      0.534627    0.000000 20767.673828 ^ _2068_/D (gf180mcu_fd_sc_mcu7t5v0__dffrnq_1)
                                           20767.673828   data arrival time

                      0.000000 20833.279297 20833.279297   clock clk_div (rise edge)
                                  0.000000 20833.279297   clock network delay (ideal)
                                 -0.250000 20833.029297   clock uncertainty
                                  0.000000 20833.029297   clock reconvergence pessimism
                                           20833.029297 ^ _2068_/CLK (gf180mcu_fd_sc_mcu7t5v0__dffrnq_1)
                                 -0.710596 20832.318359   library setup time
                                           20832.318359   data required time
---------------------------------------------------------------------------------------------
                                           20832.318359   data required time
                                           -20767.673828   data arrival time
---------------------------------------------------------------------------------------------
                                             64.644310   slack (MET)


Startpoint: in_cic (input port clocked by clk)
Endpoint: _2067_ (rising edge-triggered flip-flop clocked by clk)
Path Group: clk
Path Type: max

Fanout         Cap        Slew       Delay        Time   Description
---------------------------------------------------------------------------------------------
                      0.000000    0.000000    0.000000   clock clk (rise edge)
                                  0.000000    0.000000   clock network delay (ideal)
                                 10.000000   10.000000 ^ input external delay
     4    0.018247    0.000000    0.000000   10.000000 ^ in_cic (in)
                                                         in_cic (net)
                      0.000000    0.000000   10.000000 ^ _1459_/A4 (gf180mcu_fd_sc_mcu7t5v0__and4_1)
     3    0.015161    0.653187    1.164055   11.164055 ^ _1459_/Z (gf180mcu_fd_sc_mcu7t5v0__and4_1)
                                                         _0851_ (net)
                      0.653187    0.000000   11.164055 ^ _1466_/A4 (gf180mcu_fd_sc_mcu7t5v0__and4_1)
     4    0.019371    0.767078    1.255484   12.419538 ^ _1466_/Z (gf180mcu_fd_sc_mcu7t5v0__and4_1)
                                                         _0855_ (net)
                      0.767078    0.000000   12.419538 ^ _1470_/A3 (gf180mcu_fd_sc_mcu7t5v0__and3_1)
     7    0.032714    1.072933    1.264866   13.684404 ^ _1470_/Z (gf180mcu_fd_sc_mcu7t5v0__and3_1)
                                                         _0857_ (net)
                      1.072933    0.000000   13.684404 ^ _1480_/A3 (gf180mcu_fd_sc_mcu7t5v0__and4_1)
     5    0.025394    0.922915    1.379882   15.064286 ^ _1480_/Z (gf180mcu_fd_sc_mcu7t5v0__and4_1)
                                                         _0863_ (net)
                      0.922915    0.000000   15.064286 ^ _1482_/A2 (gf180mcu_fd_sc_mcu7t5v0__xor2_1)
     1    0.003014    0.546516    0.637131   15.701418 ^ _1482_/Z (gf180mcu_fd_sc_mcu7t5v0__xor2_1)
                                                         _0065_ (net)
                      0.546516    0.000000   15.701418 ^ _2067_/D (gf180mcu_fd_sc_mcu7t5v0__dffrnq_1)
                                             15.701418   data arrival time

                      0.000000   81.379997   81.379997   clock clk (rise edge)
                                  0.000000   81.379997   clock network delay (ideal)
                                 -0.250000   81.129997   clock uncertainty
                                  0.000000   81.129997   clock reconvergence pessimism
                                             81.129997 ^ _2067_/CLK (gf180mcu_fd_sc_mcu7t5v0__dffrnq_1)
                                 -0.713100   80.416901   library setup time
                                             80.416901   data required time
---------------------------------------------------------------------------------------------
                                             80.416901   data required time
                                            -15.701418   data arrival time
---------------------------------------------------------------------------------------------
                                             64.715485   slack (MET)


Startpoint: in_cic (input port clocked by clk)
Endpoint: _2067_ (rising edge-triggered flip-flop clocked by clk_div)
Path Group: clk_div
Path Type: max

Fanout         Cap        Slew       Delay        Time   Description
---------------------------------------------------------------------------------------------
                      0.000000 20751.898438 20751.898438   clock clk (rise edge)
                                  0.000000 20751.898438   clock network delay (ideal)
                                 10.000000 20761.900391 ^ input external delay
     4    0.018247    0.000000    0.000000 20761.900391 ^ in_cic (in)
                                                         in_cic (net)
                      0.000000    0.000000 20761.900391 ^ _1459_/A4 (gf180mcu_fd_sc_mcu7t5v0__and4_1)
     3    0.015161    0.653187    1.164153 20763.064453 ^ _1459_/Z (gf180mcu_fd_sc_mcu7t5v0__and4_1)
                                                         _0851_ (net)
                      0.653187    0.000000 20763.064453 ^ _1466_/A4 (gf180mcu_fd_sc_mcu7t5v0__and4_1)
     4    0.019371    0.767078    1.255103 20764.320312 ^ _1466_/Z (gf180mcu_fd_sc_mcu7t5v0__and4_1)
                                                         _0855_ (net)
                      0.767078    0.000000 20764.320312 ^ _1470_/A3 (gf180mcu_fd_sc_mcu7t5v0__and3_1)
     7    0.032714    1.072933    1.264198 20765.583984 ^ _1470_/Z (gf180mcu_fd_sc_mcu7t5v0__and3_1)
                                                         _0857_ (net)
                      1.072933    0.000000 20765.583984 ^ _1480_/A3 (gf180mcu_fd_sc_mcu7t5v0__and4_1)
     5    0.025394    0.922915    1.380613 20766.964844 ^ _1480_/Z (gf180mcu_fd_sc_mcu7t5v0__and4_1)
                                                         _0863_ (net)
                      0.922915    0.000000 20766.964844 ^ _1482_/A2 (gf180mcu_fd_sc_mcu7t5v0__xor2_1)
     1    0.003014    0.546516    0.636646 20767.601562 ^ _1482_/Z (gf180mcu_fd_sc_mcu7t5v0__xor2_1)
                                                         _0065_ (net)
                      0.546516    0.000000 20767.601562 ^ _2067_/D (gf180mcu_fd_sc_mcu7t5v0__dffrnq_1)
                                           20767.601562   data arrival time

                      0.000000 20833.279297 20833.279297   clock clk_div (rise edge)
                                  0.000000 20833.279297   clock network delay (ideal)
                                 -0.250000 20833.029297   clock uncertainty
                                  0.000000 20833.029297   clock reconvergence pessimism
                                           20833.029297 ^ _2067_/CLK (gf180mcu_fd_sc_mcu7t5v0__dffrnq_1)
                                 -0.713100 20832.316406   library setup time
                                           20832.316406   data required time
---------------------------------------------------------------------------------------------
                                           20832.316406   data required time
                                           -20767.601562   data arrival time
---------------------------------------------------------------------------------------------
                                             64.715485   slack (MET)


Startpoint: in_cic (input port clocked by clk)
Endpoint: _2073_ (rising edge-triggered flip-flop clocked by clk)
Path Group: clk
Path Type: max

Fanout         Cap        Slew       Delay        Time   Description
---------------------------------------------------------------------------------------------
                      0.000000    0.000000    0.000000   clock clk (rise edge)
                                  0.000000    0.000000   clock network delay (ideal)
                                 10.000000   10.000000 ^ input external delay
     4    0.018247    0.000000    0.000000   10.000000 ^ in_cic (in)
                                                         in_cic (net)
                      0.000000    0.000000   10.000000 ^ _1459_/A4 (gf180mcu_fd_sc_mcu7t5v0__and4_1)
     3    0.015161    0.653187    1.164055   11.164055 ^ _1459_/Z (gf180mcu_fd_sc_mcu7t5v0__and4_1)
                                                         _0851_ (net)
                      0.653187    0.000000   11.164055 ^ _1466_/A4 (gf180mcu_fd_sc_mcu7t5v0__and4_1)
     4    0.019371    0.767078    1.255484   12.419538 ^ _1466_/Z (gf180mcu_fd_sc_mcu7t5v0__and4_1)
                                                         _0855_ (net)
                      0.767078    0.000000   12.419538 ^ _1475_/A3 (gf180mcu_fd_sc_mcu7t5v0__nand4_1)
     1    0.004029    0.635320    0.387420   12.806958 v _1475_/ZN (gf180mcu_fd_sc_mcu7t5v0__nand4_1)
                                                         _0860_ (net)
                      0.635320    0.000000   12.806958 v _1491_/A2 (gf180mcu_fd_sc_mcu7t5v0__nor3_1)
     8    0.036721    3.349132    2.048727   14.855685 ^ _1491_/ZN (gf180mcu_fd_sc_mcu7t5v0__nor3_1)
                                                         _0870_ (net)
                      3.349132    0.000000   14.855685 ^ _1498_/A4 (gf180mcu_fd_sc_mcu7t5v0__and4_1)
     1    0.004329    0.401580    0.969688   15.825374 ^ _1498_/Z (gf180mcu_fd_sc_mcu7t5v0__and4_1)
                                                         _0874_ (net)
                      0.401580    0.000000   15.825374 ^ _1500_/A2 (gf180mcu_fd_sc_mcu7t5v0__nor2_1)
     1    0.003014    0.256918    0.227454   16.052828 v _1500_/ZN (gf180mcu_fd_sc_mcu7t5v0__nor2_1)
                                                         _0071_ (net)
                      0.256918    0.000000   16.052828 v _2073_/D (gf180mcu_fd_sc_mcu7t5v0__dffrnq_1)
                                             16.052828   data arrival time

                      0.000000   81.379997   81.379997   clock clk (rise edge)
                                  0.000000   81.379997   clock network delay (ideal)
                                 -0.250000   81.129997   clock uncertainty
                                  0.000000   81.129997   clock reconvergence pessimism
                                             81.129997 ^ _2073_/CLK (gf180mcu_fd_sc_mcu7t5v0__dffrnq_1)
                                 -0.322616   80.807381   library setup time
                                             80.807381   data required time
---------------------------------------------------------------------------------------------
                                             80.807381   data required time
                                            -16.052828   data arrival time
---------------------------------------------------------------------------------------------
                                             64.754562   slack (MET)


Startpoint: in_cic (input port clocked by clk)
Endpoint: _2073_ (rising edge-triggered flip-flop clocked by clk_div)
Path Group: clk_div
Path Type: max

Fanout         Cap        Slew       Delay        Time   Description
---------------------------------------------------------------------------------------------
                      0.000000 20751.898438 20751.898438   clock clk (rise edge)
                                  0.000000 20751.898438   clock network delay (ideal)
                                 10.000000 20761.900391 ^ input external delay
     4    0.018247    0.000000    0.000000 20761.900391 ^ in_cic (in)
                                                         in_cic (net)
                      0.000000    0.000000 20761.900391 ^ _1459_/A4 (gf180mcu_fd_sc_mcu7t5v0__and4_1)
     3    0.015161    0.653187    1.164153 20763.064453 ^ _1459_/Z (gf180mcu_fd_sc_mcu7t5v0__and4_1)
                                                         _0851_ (net)
                      0.653187    0.000000 20763.064453 ^ _1466_/A4 (gf180mcu_fd_sc_mcu7t5v0__and4_1)
     4    0.019371    0.767078    1.255103 20764.320312 ^ _1466_/Z (gf180mcu_fd_sc_mcu7t5v0__and4_1)
                                                         _0855_ (net)
                      0.767078    0.000000 20764.320312 ^ _1475_/A3 (gf180mcu_fd_sc_mcu7t5v0__nand4_1)
     1    0.004029    0.635320    0.387445 20764.707031 v _1475_/ZN (gf180mcu_fd_sc_mcu7t5v0__nand4_1)
                                                         _0860_ (net)
                      0.635320    0.000000 20764.707031 v _1491_/A2 (gf180mcu_fd_sc_mcu7t5v0__nor3_1)
     8    0.036721    3.349132    2.048182 20766.755859 ^ _1491_/ZN (gf180mcu_fd_sc_mcu7t5v0__nor3_1)
                                                         _0870_ (net)
                      3.349132    0.000000 20766.755859 ^ _1498_/A4 (gf180mcu_fd_sc_mcu7t5v0__and4_1)
     1    0.004329    0.401580    0.969521 20767.724609 ^ _1498_/Z (gf180mcu_fd_sc_mcu7t5v0__and4_1)
                                                         _0874_ (net)
                      0.401580    0.000000 20767.724609 ^ _1500_/A2 (gf180mcu_fd_sc_mcu7t5v0__nor2_1)
     1    0.003014    0.256918    0.227374 20767.951172 v _1500_/ZN (gf180mcu_fd_sc_mcu7t5v0__nor2_1)
                                                         _0071_ (net)
                      0.256918    0.000000 20767.951172 v _2073_/D (gf180mcu_fd_sc_mcu7t5v0__dffrnq_1)
                                           20767.951172   data arrival time

                      0.000000 20833.279297 20833.279297   clock clk_div (rise edge)
                                  0.000000 20833.279297   clock network delay (ideal)
                                 -0.250000 20833.029297   clock uncertainty
                                  0.000000 20833.029297   clock reconvergence pessimism
                                           20833.029297 ^ _2073_/CLK (gf180mcu_fd_sc_mcu7t5v0__dffrnq_1)
                                 -0.322616 20832.707031   library setup time
                                           20832.707031   data required time
---------------------------------------------------------------------------------------------
                                           20832.707031   data required time
                                           -20767.951172   data arrival time
---------------------------------------------------------------------------------------------
                                             64.754562   slack (MET)


Startpoint: in_cic (input port clocked by clk)
Endpoint: _2072_ (rising edge-triggered flip-flop clocked by clk)
Path Group: clk
Path Type: max

Fanout         Cap        Slew       Delay        Time   Description
---------------------------------------------------------------------------------------------
                      0.000000    0.000000    0.000000   clock clk (rise edge)
                                  0.000000    0.000000   clock network delay (ideal)
                                 10.000000   10.000000 ^ input external delay
     4    0.018247    0.000000    0.000000   10.000000 ^ in_cic (in)
                                                         in_cic (net)
                      0.000000    0.000000   10.000000 ^ _1459_/A4 (gf180mcu_fd_sc_mcu7t5v0__and4_1)
     3    0.015161    0.653187    1.164055   11.164055 ^ _1459_/Z (gf180mcu_fd_sc_mcu7t5v0__and4_1)
                                                         _0851_ (net)
                      0.653187    0.000000   11.164055 ^ _1466_/A4 (gf180mcu_fd_sc_mcu7t5v0__and4_1)
     4    0.019371    0.767078    1.255484   12.419538 ^ _1466_/Z (gf180mcu_fd_sc_mcu7t5v0__and4_1)
                                                         _0855_ (net)
                      0.767078    0.000000   12.419538 ^ _1475_/A3 (gf180mcu_fd_sc_mcu7t5v0__nand4_1)
     1    0.004029    0.635320    0.387420   12.806958 v _1475_/ZN (gf180mcu_fd_sc_mcu7t5v0__nand4_1)
                                                         _0860_ (net)
                      0.635320    0.000000   12.806958 v _1491_/A2 (gf180mcu_fd_sc_mcu7t5v0__nor3_1)
     8    0.036721    3.349132    2.048727   14.855685 ^ _1491_/ZN (gf180mcu_fd_sc_mcu7t5v0__nor3_1)
                                                         _0870_ (net)
                      3.349132    0.000000   14.855685 ^ _1494_/A2 (gf180mcu_fd_sc_mcu7t5v0__aoi21_1)
     1    0.004067    0.703488    0.067260   14.922945 v _1494_/ZN (gf180mcu_fd_sc_mcu7t5v0__aoi21_1)
                                                         _0871_ (net)
                      0.703488    0.000000   14.922945 v _1496_/B (gf180mcu_fd_sc_mcu7t5v0__aoi21_1)
     1    0.003014    0.556847    0.520201   15.443146 ^ _1496_/ZN (gf180mcu_fd_sc_mcu7t5v0__aoi21_1)
                                                         _0070_ (net)
                      0.556847    0.000000   15.443146 ^ _2072_/D (gf180mcu_fd_sc_mcu7t5v0__dffrnq_1)
                                             15.443146   data arrival time

                      0.000000   81.379997   81.379997   clock clk (rise edge)
                                  0.000000   81.379997   clock network delay (ideal)
                                 -0.250000   81.129997   clock uncertainty
                                  0.000000   81.129997   clock reconvergence pessimism
                                             81.129997 ^ _2072_/CLK (gf180mcu_fd_sc_mcu7t5v0__dffrnq_1)
                                 -0.715275   80.414726   library setup time
                                             80.414726   data required time
---------------------------------------------------------------------------------------------
                                             80.414726   data required time
                                            -15.443146   data arrival time
---------------------------------------------------------------------------------------------
                                             64.971573   slack (MET)


Startpoint: in_cic (input port clocked by clk)
Endpoint: _2072_ (rising edge-triggered flip-flop clocked by clk_div)
Path Group: clk_div
Path Type: max

Fanout         Cap        Slew       Delay        Time   Description
---------------------------------------------------------------------------------------------
                      0.000000 20751.898438 20751.898438   clock clk (rise edge)
                                  0.000000 20751.898438   clock network delay (ideal)
                                 10.000000 20761.900391 ^ input external delay
     4    0.018247    0.000000    0.000000 20761.900391 ^ in_cic (in)
                                                         in_cic (net)
                      0.000000    0.000000 20761.900391 ^ _1459_/A4 (gf180mcu_fd_sc_mcu7t5v0__and4_1)
     3    0.015161    0.653187    1.164153 20763.064453 ^ _1459_/Z (gf180mcu_fd_sc_mcu7t5v0__and4_1)
                                                         _0851_ (net)
                      0.653187    0.000000 20763.064453 ^ _1466_/A4 (gf180mcu_fd_sc_mcu7t5v0__and4_1)
     4    0.019371    0.767078    1.255103 20764.320312 ^ _1466_/Z (gf180mcu_fd_sc_mcu7t5v0__and4_1)
                                                         _0855_ (net)
                      0.767078    0.000000 20764.320312 ^ _1475_/A3 (gf180mcu_fd_sc_mcu7t5v0__nand4_1)
     1    0.004029    0.635320    0.387445 20764.707031 v _1475_/ZN (gf180mcu_fd_sc_mcu7t5v0__nand4_1)
                                                         _0860_ (net)
                      0.635320    0.000000 20764.707031 v _1491_/A2 (gf180mcu_fd_sc_mcu7t5v0__nor3_1)
     8    0.036721    3.349132    2.048182 20766.755859 ^ _1491_/ZN (gf180mcu_fd_sc_mcu7t5v0__nor3_1)
                                                         _0870_ (net)
                      3.349132    0.000000 20766.755859 ^ _1494_/A2 (gf180mcu_fd_sc_mcu7t5v0__aoi21_1)
     1    0.004067    0.703488    0.067303 20766.822266 v _1494_/ZN (gf180mcu_fd_sc_mcu7t5v0__aoi21_1)
                                                         _0871_ (net)
                      0.703488    0.000000 20766.822266 v _1496_/B (gf180mcu_fd_sc_mcu7t5v0__aoi21_1)
     1    0.003014    0.556847    0.520231 20767.341797 ^ _1496_/ZN (gf180mcu_fd_sc_mcu7t5v0__aoi21_1)
                                                         _0070_ (net)
                      0.556847    0.000000 20767.341797 ^ _2072_/D (gf180mcu_fd_sc_mcu7t5v0__dffrnq_1)
                                           20767.341797   data arrival time

                      0.000000 20833.279297 20833.279297   clock clk_div (rise edge)
                                  0.000000 20833.279297   clock network delay (ideal)
                                 -0.250000 20833.029297   clock uncertainty
                                  0.000000 20833.029297   clock reconvergence pessimism
                                           20833.029297 ^ _2072_/CLK (gf180mcu_fd_sc_mcu7t5v0__dffrnq_1)
                                 -0.715275 20832.312500   library setup time
                                           20832.312500   data required time
---------------------------------------------------------------------------------------------
                                           20832.312500   data required time
                                           -20767.341797   data arrival time
---------------------------------------------------------------------------------------------
                                             64.971573   slack (MET)


Startpoint: in_cic (input port clocked by clk)
Endpoint: _2071_ (rising edge-triggered flip-flop clocked by clk)
Path Group: clk
Path Type: max

Fanout         Cap        Slew       Delay        Time   Description
---------------------------------------------------------------------------------------------
                      0.000000    0.000000    0.000000   clock clk (rise edge)
                                  0.000000    0.000000   clock network delay (ideal)
                                 10.000000   10.000000 ^ input external delay
     4    0.018247    0.000000    0.000000   10.000000 ^ in_cic (in)
                                                         in_cic (net)
                      0.000000    0.000000   10.000000 ^ _1459_/A4 (gf180mcu_fd_sc_mcu7t5v0__and4_1)
     3    0.015161    0.653187    1.164055   11.164055 ^ _1459_/Z (gf180mcu_fd_sc_mcu7t5v0__and4_1)
                                                         _0851_ (net)
                      0.653187    0.000000   11.164055 ^ _1466_/A4 (gf180mcu_fd_sc_mcu7t5v0__and4_1)
     4    0.019371    0.767078    1.255484   12.419538 ^ _1466_/Z (gf180mcu_fd_sc_mcu7t5v0__and4_1)
                                                         _0855_ (net)
                      0.767078    0.000000   12.419538 ^ _1475_/A3 (gf180mcu_fd_sc_mcu7t5v0__nand4_1)
     1    0.004029    0.635320    0.387420   12.806958 v _1475_/ZN (gf180mcu_fd_sc_mcu7t5v0__nand4_1)
                                                         _0860_ (net)
                      0.635320    0.000000   12.806958 v _1491_/A2 (gf180mcu_fd_sc_mcu7t5v0__nor3_1)
     8    0.036721    3.349132    2.048727   14.855685 ^ _1491_/ZN (gf180mcu_fd_sc_mcu7t5v0__nor3_1)
                                                         _0870_ (net)
                      3.349132    0.000000   14.855685 ^ _1493_/A2 (gf180mcu_fd_sc_mcu7t5v0__xor2_1)
     1    0.003014    0.641544    0.560124   15.415810 ^ _1493_/Z (gf180mcu_fd_sc_mcu7t5v0__xor2_1)
                                                         _0069_ (net)
                      0.641544    0.000000   15.415810 ^ _2071_/D (gf180mcu_fd_sc_mcu7t5v0__dffrnq_1)
                                             15.415810   data arrival time

                      0.000000   81.379997   81.379997   clock clk (rise edge)
                                  0.000000   81.379997   clock network delay (ideal)
                                 -0.250000   81.129997   clock uncertainty
                                  0.000000   81.129997   clock reconvergence pessimism
                                             81.129997 ^ _2071_/CLK (gf180mcu_fd_sc_mcu7t5v0__dffrnq_1)
                                 -0.728087   80.401917   library setup time
                                             80.401917   data required time
---------------------------------------------------------------------------------------------
                                             80.401917   data required time
                                            -15.415810   data arrival time
---------------------------------------------------------------------------------------------
                                             64.986107   slack (MET)


Startpoint: in_cic (input port clocked by clk)
Endpoint: _2071_ (rising edge-triggered flip-flop clocked by clk_div)
Path Group: clk_div
Path Type: max

Fanout         Cap        Slew       Delay        Time   Description
---------------------------------------------------------------------------------------------
                      0.000000 20751.898438 20751.898438   clock clk (rise edge)
                                  0.000000 20751.898438   clock network delay (ideal)
                                 10.000000 20761.900391 ^ input external delay
     4    0.018247    0.000000    0.000000 20761.900391 ^ in_cic (in)
                                                         in_cic (net)
                      0.000000    0.000000 20761.900391 ^ _1459_/A4 (gf180mcu_fd_sc_mcu7t5v0__and4_1)
     3    0.015161    0.653187    1.164153 20763.064453 ^ _1459_/Z (gf180mcu_fd_sc_mcu7t5v0__and4_1)
                                                         _0851_ (net)
                      0.653187    0.000000 20763.064453 ^ _1466_/A4 (gf180mcu_fd_sc_mcu7t5v0__and4_1)
     4    0.019371    0.767078    1.255103 20764.320312 ^ _1466_/Z (gf180mcu_fd_sc_mcu7t5v0__and4_1)
                                                         _0855_ (net)
                      0.767078    0.000000 20764.320312 ^ _1475_/A3 (gf180mcu_fd_sc_mcu7t5v0__nand4_1)
     1    0.004029    0.635320    0.387445 20764.707031 v _1475_/ZN (gf180mcu_fd_sc_mcu7t5v0__nand4_1)
                                                         _0860_ (net)
                      0.635320    0.000000 20764.707031 v _1491_/A2 (gf180mcu_fd_sc_mcu7t5v0__nor3_1)
     8    0.036721    3.349132    2.048182 20766.755859 ^ _1491_/ZN (gf180mcu_fd_sc_mcu7t5v0__nor3_1)
                                                         _0870_ (net)
                      3.349132    0.000000 20766.755859 ^ _1493_/A2 (gf180mcu_fd_sc_mcu7t5v0__xor2_1)
     1    0.003014    0.641544    0.560249 20767.314453 ^ _1493_/Z (gf180mcu_fd_sc_mcu7t5v0__xor2_1)
                                                         _0069_ (net)
                      0.641544    0.000000 20767.314453 ^ _2071_/D (gf180mcu_fd_sc_mcu7t5v0__dffrnq_1)
                                           20767.314453   data arrival time

                      0.000000 20833.279297 20833.279297   clock clk_div (rise edge)
                                  0.000000 20833.279297   clock network delay (ideal)
                                 -0.250000 20833.029297   clock uncertainty
                                  0.000000 20833.029297   clock reconvergence pessimism
                                           20833.029297 ^ _2071_/CLK (gf180mcu_fd_sc_mcu7t5v0__dffrnq_1)
                                 -0.728087 20832.300781   library setup time
                                           20832.300781   data required time
---------------------------------------------------------------------------------------------
                                           20832.300781   data required time
                                           -20767.314453   data arrival time
---------------------------------------------------------------------------------------------
                                             64.986107   slack (MET)


Startpoint: in_cic (input port clocked by clk)
Endpoint: _2066_ (rising edge-triggered flip-flop clocked by clk)
Path Group: clk
Path Type: max

Fanout         Cap        Slew       Delay        Time   Description
---------------------------------------------------------------------------------------------
                      0.000000    0.000000    0.000000   clock clk (rise edge)
                                  0.000000    0.000000   clock network delay (ideal)
                                 10.000000   10.000000 ^ input external delay
     4    0.018247    0.000000    0.000000   10.000000 ^ in_cic (in)
                                                         in_cic (net)
                      0.000000    0.000000   10.000000 ^ _1459_/A4 (gf180mcu_fd_sc_mcu7t5v0__and4_1)
     3    0.015161    0.653187    1.164055   11.164055 ^ _1459_/Z (gf180mcu_fd_sc_mcu7t5v0__and4_1)
                                                         _0851_ (net)
                      0.653187    0.000000   11.164055 ^ _1466_/A4 (gf180mcu_fd_sc_mcu7t5v0__and4_1)
     4    0.019371    0.767078    1.255484   12.419538 ^ _1466_/Z (gf180mcu_fd_sc_mcu7t5v0__and4_1)
                                                         _0855_ (net)
                      0.767078    0.000000   12.419538 ^ _1470_/A3 (gf180mcu_fd_sc_mcu7t5v0__and3_1)
     7    0.032714    1.072933    1.264866   13.684404 ^ _1470_/Z (gf180mcu_fd_sc_mcu7t5v0__and3_1)
                                                         _0857_ (net)
                      1.072933    0.000000   13.684404 ^ _1478_/A4 (gf180mcu_fd_sc_mcu7t5v0__and4_1)
     2    0.012025    0.569729    1.119116   14.803520 ^ _1478_/Z (gf180mcu_fd_sc_mcu7t5v0__and4_1)
                                                         _0862_ (net)
                      0.569729    0.000000   14.803520 ^ _1481_/A2 (gf180mcu_fd_sc_mcu7t5v0__xor2_1)
     1    0.003014    0.537540    0.617568   15.421089 ^ _1481_/Z (gf180mcu_fd_sc_mcu7t5v0__xor2_1)
                                                         _0064_ (net)
                      0.537540    0.000000   15.421089 ^ _2066_/D (gf180mcu_fd_sc_mcu7t5v0__dffrnq_1)
                                             15.421089   data arrival time

                      0.000000   81.379997   81.379997   clock clk (rise edge)
                                  0.000000   81.379997   clock network delay (ideal)
                                 -0.250000   81.129997   clock uncertainty
                                  0.000000   81.129997   clock reconvergence pessimism
                                             81.129997 ^ _2066_/CLK (gf180mcu_fd_sc_mcu7t5v0__dffrnq_1)
                                 -0.711209   80.418785   library setup time
                                             80.418785   data required time
---------------------------------------------------------------------------------------------
                                             80.418785   data required time
                                            -15.421089   data arrival time
---------------------------------------------------------------------------------------------
                                             64.997704   slack (MET)


Startpoint: in_cic (input port clocked by clk)
Endpoint: _2066_ (rising edge-triggered flip-flop clocked by clk_div)
Path Group: clk_div
Path Type: max

Fanout         Cap        Slew       Delay        Time   Description
---------------------------------------------------------------------------------------------
                      0.000000 20751.898438 20751.898438   clock clk (rise edge)
                                  0.000000 20751.898438   clock network delay (ideal)
                                 10.000000 20761.900391 ^ input external delay
     4    0.018247    0.000000    0.000000 20761.900391 ^ in_cic (in)
                                                         in_cic (net)
                      0.000000    0.000000 20761.900391 ^ _1459_/A4 (gf180mcu_fd_sc_mcu7t5v0__and4_1)
     3    0.015161    0.653187    1.164153 20763.064453 ^ _1459_/Z (gf180mcu_fd_sc_mcu7t5v0__and4_1)
                                                         _0851_ (net)
                      0.653187    0.000000 20763.064453 ^ _1466_/A4 (gf180mcu_fd_sc_mcu7t5v0__and4_1)
     4    0.019371    0.767078    1.255103 20764.320312 ^ _1466_/Z (gf180mcu_fd_sc_mcu7t5v0__and4_1)
                                                         _0855_ (net)
                      0.767078    0.000000 20764.320312 ^ _1470_/A3 (gf180mcu_fd_sc_mcu7t5v0__and3_1)
     7    0.032714    1.072933    1.264198 20765.583984 ^ _1470_/Z (gf180mcu_fd_sc_mcu7t5v0__and3_1)
                                                         _0857_ (net)
                      1.072933    0.000000 20765.583984 ^ _1478_/A4 (gf180mcu_fd_sc_mcu7t5v0__and4_1)
     2    0.012025    0.569729    1.118679 20766.703125 ^ _1478_/Z (gf180mcu_fd_sc_mcu7t5v0__and4_1)
                                                         _0862_ (net)
                      0.569729    0.000000 20766.703125 ^ _1481_/A2 (gf180mcu_fd_sc_mcu7t5v0__xor2_1)
     1    0.003014    0.537540    0.618456 20767.320312 ^ _1481_/Z (gf180mcu_fd_sc_mcu7t5v0__xor2_1)
                                                         _0064_ (net)
                      0.537540    0.000000 20767.320312 ^ _2066_/D (gf180mcu_fd_sc_mcu7t5v0__dffrnq_1)
                                           20767.320312   data arrival time

                      0.000000 20833.279297 20833.279297   clock clk_div (rise edge)
                                  0.000000 20833.279297   clock network delay (ideal)
                                 -0.250000 20833.029297   clock uncertainty
                                  0.000000 20833.029297   clock reconvergence pessimism
                                           20833.029297 ^ _2066_/CLK (gf180mcu_fd_sc_mcu7t5v0__dffrnq_1)
                                 -0.711209 20832.318359   library setup time
                                           20832.318359   data required time
---------------------------------------------------------------------------------------------
                                           20832.318359   data required time
                                           -20767.320312   data arrival time
---------------------------------------------------------------------------------------------
                                             64.997704   slack (MET)


Startpoint: in_cic (input port clocked by clk)
Endpoint: _2065_ (rising edge-triggered flip-flop clocked by clk)
Path Group: clk
Path Type: max

Fanout         Cap        Slew       Delay        Time   Description
---------------------------------------------------------------------------------------------
                      0.000000    0.000000    0.000000   clock clk (rise edge)
                                  0.000000    0.000000   clock network delay (ideal)
                                 10.000000   10.000000 ^ input external delay
     4    0.018247    0.000000    0.000000   10.000000 ^ in_cic (in)
                                                         in_cic (net)
                      0.000000    0.000000   10.000000 ^ _1459_/A4 (gf180mcu_fd_sc_mcu7t5v0__and4_1)
     3    0.015161    0.653187    1.164055   11.164055 ^ _1459_/Z (gf180mcu_fd_sc_mcu7t5v0__and4_1)
                                                         _0851_ (net)
                      0.653187    0.000000   11.164055 ^ _1466_/A4 (gf180mcu_fd_sc_mcu7t5v0__and4_1)
     4    0.019371    0.767078    1.255484   12.419538 ^ _1466_/Z (gf180mcu_fd_sc_mcu7t5v0__and4_1)
                                                         _0855_ (net)
                      0.767078    0.000000   12.419538 ^ _1470_/A3 (gf180mcu_fd_sc_mcu7t5v0__and3_1)
     7    0.032714    1.072933    1.264866   13.684404 ^ _1470_/Z (gf180mcu_fd_sc_mcu7t5v0__and3_1)
                                                         _0857_ (net)
                      1.072933    0.000000   13.684404 ^ _1478_/A4 (gf180mcu_fd_sc_mcu7t5v0__and4_1)
     2    0.012025    0.569729    1.119116   14.803520 ^ _1478_/Z (gf180mcu_fd_sc_mcu7t5v0__and4_1)
                                                         _0862_ (net)
                      0.569729    0.000000   14.803520 ^ _1479_/A2 (gf180mcu_fd_sc_mcu7t5v0__nor2_1)
     1    0.003014    0.292117    0.253078   15.056598 v _1479_/ZN (gf180mcu_fd_sc_mcu7t5v0__nor2_1)
                                                         _0063_ (net)
                      0.292117    0.000000   15.056598 v _2065_/D (gf180mcu_fd_sc_mcu7t5v0__dffrnq_1)
                                             15.056598   data arrival time

                      0.000000   81.379997   81.379997   clock clk (rise edge)
                                  0.000000   81.379997   clock network delay (ideal)
                                 -0.250000   81.129997   clock uncertainty
                                  0.000000   81.129997   clock reconvergence pessimism
                                             81.129997 ^ _2065_/CLK (gf180mcu_fd_sc_mcu7t5v0__dffrnq_1)
                                 -0.333336   80.796661   library setup time
                                             80.796661   data required time
---------------------------------------------------------------------------------------------
                                             80.796661   data required time
                                            -15.056598   data arrival time
---------------------------------------------------------------------------------------------
                                             65.740059   slack (MET)


Startpoint: in_cic (input port clocked by clk)
Endpoint: _2065_ (rising edge-triggered flip-flop clocked by clk_div)
Path Group: clk_div
Path Type: max

Fanout         Cap        Slew       Delay        Time   Description
---------------------------------------------------------------------------------------------
                      0.000000 20751.898438 20751.898438   clock clk (rise edge)
                                  0.000000 20751.898438   clock network delay (ideal)
                                 10.000000 20761.900391 ^ input external delay
     4    0.018247    0.000000    0.000000 20761.900391 ^ in_cic (in)
                                                         in_cic (net)
                      0.000000    0.000000 20761.900391 ^ _1459_/A4 (gf180mcu_fd_sc_mcu7t5v0__and4_1)
     3    0.015161    0.653187    1.164153 20763.064453 ^ _1459_/Z (gf180mcu_fd_sc_mcu7t5v0__and4_1)
                                                         _0851_ (net)
                      0.653187    0.000000 20763.064453 ^ _1466_/A4 (gf180mcu_fd_sc_mcu7t5v0__and4_1)
     4    0.019371    0.767078    1.255103 20764.320312 ^ _1466_/Z (gf180mcu_fd_sc_mcu7t5v0__and4_1)
                                                         _0855_ (net)
                      0.767078    0.000000 20764.320312 ^ _1470_/A3 (gf180mcu_fd_sc_mcu7t5v0__and3_1)
     7    0.032714    1.072933    1.264198 20765.583984 ^ _1470_/Z (gf180mcu_fd_sc_mcu7t5v0__and3_1)
                                                         _0857_ (net)
                      1.072933    0.000000 20765.583984 ^ _1478_/A4 (gf180mcu_fd_sc_mcu7t5v0__and4_1)
     2    0.012025    0.569729    1.118679 20766.703125 ^ _1478_/Z (gf180mcu_fd_sc_mcu7t5v0__and4_1)
                                                         _0862_ (net)
                      0.569729    0.000000 20766.703125 ^ _1479_/A2 (gf180mcu_fd_sc_mcu7t5v0__nor2_1)
     1    0.003014    0.292117    0.252840 20766.955078 v _1479_/ZN (gf180mcu_fd_sc_mcu7t5v0__nor2_1)
                                                         _0063_ (net)
                      0.292117    0.000000 20766.955078 v _2065_/D (gf180mcu_fd_sc_mcu7t5v0__dffrnq_1)
                                           20766.955078   data arrival time

                      0.000000 20833.279297 20833.279297   clock clk_div (rise edge)
                                  0.000000 20833.279297   clock network delay (ideal)
                                 -0.250000 20833.029297   clock uncertainty
                                  0.000000 20833.029297   clock reconvergence pessimism
                                           20833.029297 ^ _2065_/CLK (gf180mcu_fd_sc_mcu7t5v0__dffrnq_1)
                                 -0.333336 20832.695312   library setup time
                                           20832.695312   data required time
---------------------------------------------------------------------------------------------
                                           20832.695312   data required time
                                           -20766.955078   data arrival time
---------------------------------------------------------------------------------------------
                                             65.740059   slack (MET)


Startpoint: in_cic (input port clocked by clk)
Endpoint: _2064_ (rising edge-triggered flip-flop clocked by clk)
Path Group: clk
Path Type: max

Fanout         Cap        Slew       Delay        Time   Description
---------------------------------------------------------------------------------------------
                      0.000000    0.000000    0.000000   clock clk (rise edge)
                                  0.000000    0.000000   clock network delay (ideal)
                                 10.000000   10.000000 ^ input external delay
     4    0.018247    0.000000    0.000000   10.000000 ^ in_cic (in)
                                                         in_cic (net)
                      0.000000    0.000000   10.000000 ^ _1459_/A4 (gf180mcu_fd_sc_mcu7t5v0__and4_1)
     3    0.015161    0.653187    1.164055   11.164055 ^ _1459_/Z (gf180mcu_fd_sc_mcu7t5v0__and4_1)
                                                         _0851_ (net)
                      0.653187    0.000000   11.164055 ^ _1466_/A4 (gf180mcu_fd_sc_mcu7t5v0__and4_1)
     4    0.019371    0.767078    1.255484   12.419538 ^ _1466_/Z (gf180mcu_fd_sc_mcu7t5v0__and4_1)
                                                         _0855_ (net)
                      0.767078    0.000000   12.419538 ^ _1470_/A3 (gf180mcu_fd_sc_mcu7t5v0__and3_1)
     7    0.032714    1.072933    1.264866   13.684404 ^ _1470_/Z (gf180mcu_fd_sc_mcu7t5v0__and3_1)
                                                         _0857_ (net)
                      1.072933    0.000000   13.684404 ^ _1473_/A2 (gf180mcu_fd_sc_mcu7t5v0__aoi21_1)
     1    0.004067    0.526143    0.219522   13.903927 v _1473_/ZN (gf180mcu_fd_sc_mcu7t5v0__aoi21_1)
                                                         _0858_ (net)
                      0.526143    0.000000   13.903927 v _1476_/B (gf180mcu_fd_sc_mcu7t5v0__aoi21_1)
     1    0.003014    0.534758    0.490992   14.394918 ^ _1476_/ZN (gf180mcu_fd_sc_mcu7t5v0__aoi21_1)
                                                         _0086_ (net)
                      0.534758    0.000000   14.394918 ^ _2064_/D (gf180mcu_fd_sc_mcu7t5v0__dffrnq_1)
                                             14.394918   data arrival time

                      0.000000   81.379997   81.379997   clock clk (rise edge)
                                  0.000000   81.379997   clock network delay (ideal)
                                 -0.250000   81.129997   clock uncertainty
                                  0.000000   81.129997   clock reconvergence pessimism
                                             81.129997 ^ _2064_/CLK (gf180mcu_fd_sc_mcu7t5v0__dffrnq_1)
                                 -0.710624   80.419380   library setup time
                                             80.419380   data required time
---------------------------------------------------------------------------------------------
                                             80.419380   data required time
                                            -14.394918   data arrival time
---------------------------------------------------------------------------------------------
                                             66.024460   slack (MET)


Startpoint: in_cic (input port clocked by clk)
Endpoint: _2064_ (rising edge-triggered flip-flop clocked by clk_div)
Path Group: clk_div
Path Type: max

Fanout         Cap        Slew       Delay        Time   Description
---------------------------------------------------------------------------------------------
                      0.000000 20751.898438 20751.898438   clock clk (rise edge)
                                  0.000000 20751.898438   clock network delay (ideal)
                                 10.000000 20761.900391 ^ input external delay
     4    0.018247    0.000000    0.000000 20761.900391 ^ in_cic (in)
                                                         in_cic (net)
                      0.000000    0.000000 20761.900391 ^ _1459_/A4 (gf180mcu_fd_sc_mcu7t5v0__and4_1)
     3    0.015161    0.653187    1.164153 20763.064453 ^ _1459_/Z (gf180mcu_fd_sc_mcu7t5v0__and4_1)
                                                         _0851_ (net)
                      0.653187    0.000000 20763.064453 ^ _1466_/A4 (gf180mcu_fd_sc_mcu7t5v0__and4_1)
     4    0.019371    0.767078    1.255103 20764.320312 ^ _1466_/Z (gf180mcu_fd_sc_mcu7t5v0__and4_1)
                                                         _0855_ (net)
                      0.767078    0.000000 20764.320312 ^ _1470_/A3 (gf180mcu_fd_sc_mcu7t5v0__and3_1)
     7    0.032714    1.072933    1.264198 20765.583984 ^ _1470_/Z (gf180mcu_fd_sc_mcu7t5v0__and3_1)
                                                         _0857_ (net)
                      1.072933    0.000000 20765.583984 ^ _1473_/A2 (gf180mcu_fd_sc_mcu7t5v0__aoi21_1)
     1    0.004067    0.526143    0.220098 20765.804688 v _1473_/ZN (gf180mcu_fd_sc_mcu7t5v0__aoi21_1)
                                                         _0858_ (net)
                      0.526143    0.000000 20765.804688 v _1476_/B (gf180mcu_fd_sc_mcu7t5v0__aoi21_1)
     1    0.003014    0.534758    0.491127 20766.294922 ^ _1476_/ZN (gf180mcu_fd_sc_mcu7t5v0__aoi21_1)
                                                         _0086_ (net)
                      0.534758    0.000000 20766.294922 ^ _2064_/D (gf180mcu_fd_sc_mcu7t5v0__dffrnq_1)
                                           20766.294922   data arrival time

                      0.000000 20833.279297 20833.279297   clock clk_div (rise edge)
                                  0.000000 20833.279297   clock network delay (ideal)
                                 -0.250000 20833.029297   clock uncertainty
                                  0.000000 20833.029297   clock reconvergence pessimism
                                           20833.029297 ^ _2064_/CLK (gf180mcu_fd_sc_mcu7t5v0__dffrnq_1)
                                 -0.710624 20832.318359   library setup time
                                           20832.318359   data required time
---------------------------------------------------------------------------------------------
                                           20832.318359   data required time
                                           -20766.294922   data arrival time
---------------------------------------------------------------------------------------------
                                             66.024460   slack (MET)


Startpoint: in_cic (input port clocked by clk)
Endpoint: _2063_ (rising edge-triggered flip-flop clocked by clk)
Path Group: clk
Path Type: max

Fanout         Cap        Slew       Delay        Time   Description
---------------------------------------------------------------------------------------------
                      0.000000    0.000000    0.000000   clock clk (rise edge)
                                  0.000000    0.000000   clock network delay (ideal)
                                 10.000000   10.000000 ^ input external delay
     4    0.018247    0.000000    0.000000   10.000000 ^ in_cic (in)
                                                         in_cic (net)
                      0.000000    0.000000   10.000000 ^ _1459_/A4 (gf180mcu_fd_sc_mcu7t5v0__and4_1)
     3    0.015161    0.653187    1.164055   11.164055 ^ _1459_/Z (gf180mcu_fd_sc_mcu7t5v0__and4_1)
                                                         _0851_ (net)
                      0.653187    0.000000   11.164055 ^ _1466_/A4 (gf180mcu_fd_sc_mcu7t5v0__and4_1)
     4    0.019371    0.767078    1.255484   12.419538 ^ _1466_/Z (gf180mcu_fd_sc_mcu7t5v0__and4_1)
                                                         _0855_ (net)
                      0.767078    0.000000   12.419538 ^ _1470_/A3 (gf180mcu_fd_sc_mcu7t5v0__and3_1)
     7    0.032714    1.072933    1.264866   13.684404 ^ _1470_/Z (gf180mcu_fd_sc_mcu7t5v0__and3_1)
                                                         _0857_ (net)
                      1.072933    0.000000   13.684404 ^ _1472_/A2 (gf180mcu_fd_sc_mcu7t5v0__xor2_1)
     1    0.003014    0.563519    0.644858   14.329263 ^ _1472_/Z (gf180mcu_fd_sc_mcu7t5v0__xor2_1)
                                                         _0085_ (net)
                      0.563519    0.000000   14.329263 ^ _2063_/D (gf180mcu_fd_sc_mcu7t5v0__dffrnq_1)
                                             14.329263   data arrival time

                      0.000000   81.379997   81.379997   clock clk (rise edge)
                                  0.000000   81.379997   clock network delay (ideal)
                                 -0.250000   81.129997   clock uncertainty
                                  0.000000   81.129997   clock reconvergence pessimism
                                             81.129997 ^ _2063_/CLK (gf180mcu_fd_sc_mcu7t5v0__dffrnq_1)
                                 -0.716475   80.413521   library setup time
                                             80.413521   data required time
---------------------------------------------------------------------------------------------
                                             80.413521   data required time
                                            -14.329263   data arrival time
---------------------------------------------------------------------------------------------
                                             66.084267   slack (MET)


Startpoint: in_cic (input port clocked by clk)
Endpoint: _2063_ (rising edge-triggered flip-flop clocked by clk_div)
Path Group: clk_div
Path Type: max

Fanout         Cap        Slew       Delay        Time   Description
---------------------------------------------------------------------------------------------
                      0.000000 20751.898438 20751.898438   clock clk (rise edge)
                                  0.000000 20751.898438   clock network delay (ideal)
                                 10.000000 20761.900391 ^ input external delay
     4    0.018247    0.000000    0.000000 20761.900391 ^ in_cic (in)
                                                         in_cic (net)
                      0.000000    0.000000 20761.900391 ^ _1459_/A4 (gf180mcu_fd_sc_mcu7t5v0__and4_1)
     3    0.015161    0.653187    1.164153 20763.064453 ^ _1459_/Z (gf180mcu_fd_sc_mcu7t5v0__and4_1)
                                                         _0851_ (net)
                      0.653187    0.000000 20763.064453 ^ _1466_/A4 (gf180mcu_fd_sc_mcu7t5v0__and4_1)
     4    0.019371    0.767078    1.255103 20764.320312 ^ _1466_/Z (gf180mcu_fd_sc_mcu7t5v0__and4_1)
                                                         _0855_ (net)
                      0.767078    0.000000 20764.320312 ^ _1470_/A3 (gf180mcu_fd_sc_mcu7t5v0__and3_1)
     7    0.032714    1.072933    1.264198 20765.583984 ^ _1470_/Z (gf180mcu_fd_sc_mcu7t5v0__and3_1)
                                                         _0857_ (net)
                      1.072933    0.000000 20765.583984 ^ _1472_/A2 (gf180mcu_fd_sc_mcu7t5v0__xor2_1)
     1    0.003014    0.563519    0.645741 20766.228516 ^ _1472_/Z (gf180mcu_fd_sc_mcu7t5v0__xor2_1)
                                                         _0085_ (net)
                      0.563519    0.000000 20766.228516 ^ _2063_/D (gf180mcu_fd_sc_mcu7t5v0__dffrnq_1)
                                           20766.228516   data arrival time

                      0.000000 20833.279297 20833.279297   clock clk_div (rise edge)
                                  0.000000 20833.279297   clock network delay (ideal)
                                 -0.250000 20833.029297   clock uncertainty
                                  0.000000 20833.029297   clock reconvergence pessimism
                                           20833.029297 ^ _2063_/CLK (gf180mcu_fd_sc_mcu7t5v0__dffrnq_1)
                                 -0.716475 20832.312500   library setup time
                                           20832.312500   data required time
---------------------------------------------------------------------------------------------
                                           20832.312500   data required time
                                           -20766.228516   data arrival time
---------------------------------------------------------------------------------------------
                                             66.084267   slack (MET)


Startpoint: in_cic (input port clocked by clk)
Endpoint: _2062_ (rising edge-triggered flip-flop clocked by clk)
Path Group: clk
Path Type: max

Fanout         Cap        Slew       Delay        Time   Description
---------------------------------------------------------------------------------------------
                      0.000000    0.000000    0.000000   clock clk (rise edge)
                                  0.000000    0.000000   clock network delay (ideal)
                                 10.000000   10.000000 ^ input external delay
     4    0.018247    0.000000    0.000000   10.000000 ^ in_cic (in)
                                                         in_cic (net)
                      0.000000    0.000000   10.000000 ^ _1459_/A4 (gf180mcu_fd_sc_mcu7t5v0__and4_1)
     3    0.015161    0.653187    1.164055   11.164055 ^ _1459_/Z (gf180mcu_fd_sc_mcu7t5v0__and4_1)
                                                         _0851_ (net)
                      0.653187    0.000000   11.164055 ^ _1466_/A4 (gf180mcu_fd_sc_mcu7t5v0__and4_1)
     4    0.019371    0.767078    1.255484   12.419538 ^ _1466_/Z (gf180mcu_fd_sc_mcu7t5v0__and4_1)
                                                         _0855_ (net)
                      0.767078    0.000000   12.419538 ^ _1470_/A3 (gf180mcu_fd_sc_mcu7t5v0__and3_1)
     7    0.032714    1.072933    1.264866   13.684404 ^ _1470_/Z (gf180mcu_fd_sc_mcu7t5v0__and3_1)
                                                         _0857_ (net)
                      1.072933    0.000000   13.684404 ^ _1471_/A2 (gf180mcu_fd_sc_mcu7t5v0__nor2_1)
     1    0.003014    0.402352    0.287898   13.972301 v _1471_/ZN (gf180mcu_fd_sc_mcu7t5v0__nor2_1)
                                                         _0084_ (net)
                      0.402352    0.000000   13.972301 v _2062_/D (gf180mcu_fd_sc_mcu7t5v0__dffrnq_1)
                                             13.972301   data arrival time

                      0.000000   81.379997   81.379997   clock clk (rise edge)
                                  0.000000   81.379997   clock network delay (ideal)
                                 -0.250000   81.129997   clock uncertainty
                                  0.000000   81.129997   clock reconvergence pessimism
                                             81.129997 ^ _2062_/CLK (gf180mcu_fd_sc_mcu7t5v0__dffrnq_1)
                                 -0.366908   80.763092   library setup time
                                             80.763092   data required time
---------------------------------------------------------------------------------------------
                                             80.763092   data required time
                                            -13.972301   data arrival time
---------------------------------------------------------------------------------------------
                                             66.790787   slack (MET)


Startpoint: in_cic (input port clocked by clk)
Endpoint: _2062_ (rising edge-triggered flip-flop clocked by clk_div)
Path Group: clk_div
Path Type: max

Fanout         Cap        Slew       Delay        Time   Description
---------------------------------------------------------------------------------------------
                      0.000000 20751.898438 20751.898438   clock clk (rise edge)
                                  0.000000 20751.898438   clock network delay (ideal)
                                 10.000000 20761.900391 ^ input external delay
     4    0.018247    0.000000    0.000000 20761.900391 ^ in_cic (in)
                                                         in_cic (net)
                      0.000000    0.000000 20761.900391 ^ _1459_/A4 (gf180mcu_fd_sc_mcu7t5v0__and4_1)
     3    0.015161    0.653187    1.164153 20763.064453 ^ _1459_/Z (gf180mcu_fd_sc_mcu7t5v0__and4_1)
                                                         _0851_ (net)
                      0.653187    0.000000 20763.064453 ^ _1466_/A4 (gf180mcu_fd_sc_mcu7t5v0__and4_1)
     4    0.019371    0.767078    1.255103 20764.320312 ^ _1466_/Z (gf180mcu_fd_sc_mcu7t5v0__and4_1)
                                                         _0855_ (net)
                      0.767078    0.000000 20764.320312 ^ _1470_/A3 (gf180mcu_fd_sc_mcu7t5v0__and3_1)
     7    0.032714    1.072933    1.264198 20765.583984 ^ _1470_/Z (gf180mcu_fd_sc_mcu7t5v0__and3_1)
                                                         _0857_ (net)
                      1.072933    0.000000 20765.583984 ^ _1471_/A2 (gf180mcu_fd_sc_mcu7t5v0__nor2_1)
     1    0.003014    0.402352    0.287400 20765.871094 v _1471_/ZN (gf180mcu_fd_sc_mcu7t5v0__nor2_1)
                                                         _0084_ (net)
                      0.402352    0.000000 20765.871094 v _2062_/D (gf180mcu_fd_sc_mcu7t5v0__dffrnq_1)
                                           20765.871094   data arrival time

                      0.000000 20833.279297 20833.279297   clock clk_div (rise edge)
                                  0.000000 20833.279297   clock network delay (ideal)
                                 -0.250000 20833.029297   clock uncertainty
                                  0.000000 20833.029297   clock reconvergence pessimism
                                           20833.029297 ^ _2062_/CLK (gf180mcu_fd_sc_mcu7t5v0__dffrnq_1)
                                 -0.366908 20832.662109   library setup time
                                           20832.662109   data required time
---------------------------------------------------------------------------------------------
                                           20832.662109   data required time
                                           -20765.871094   data arrival time
---------------------------------------------------------------------------------------------
                                             66.790787   slack (MET)


Startpoint: in_cic (input port clocked by clk)
Endpoint: _2061_ (rising edge-triggered flip-flop clocked by clk)
Path Group: clk
Path Type: max

Fanout         Cap        Slew       Delay        Time   Description
---------------------------------------------------------------------------------------------
                      0.000000    0.000000    0.000000   clock clk (rise edge)
                                  0.000000    0.000000   clock network delay (ideal)
                                 10.000000   10.000000 ^ input external delay
     4    0.018247    0.000000    0.000000   10.000000 ^ in_cic (in)
                                                         in_cic (net)
                      0.000000    0.000000   10.000000 ^ _1459_/A4 (gf180mcu_fd_sc_mcu7t5v0__and4_1)
     3    0.015161    0.653187    1.164055   11.164055 ^ _1459_/Z (gf180mcu_fd_sc_mcu7t5v0__and4_1)
                                                         _0851_ (net)
                      0.653187    0.000000   11.164055 ^ _1466_/A4 (gf180mcu_fd_sc_mcu7t5v0__and4_1)
     4    0.019371    0.767078    1.255484   12.419538 ^ _1466_/Z (gf180mcu_fd_sc_mcu7t5v0__and4_1)
                                                         _0855_ (net)
                      0.767078    0.000000   12.419538 ^ _1468_/A2 (gf180mcu_fd_sc_mcu7t5v0__xor2_1)
     1    0.003014    0.541849    0.628499   13.048038 ^ _1468_/Z (gf180mcu_fd_sc_mcu7t5v0__xor2_1)
                                                         _0083_ (net)
                      0.541849    0.000000   13.048038 ^ _2061_/D (gf180mcu_fd_sc_mcu7t5v0__dffrnq_1)
                                             13.048038   data arrival time

                      0.000000   81.379997   81.379997   clock clk (rise edge)
                                  0.000000   81.379997   clock network delay (ideal)
                                 -0.250000   81.129997   clock uncertainty
                                  0.000000   81.129997   clock reconvergence pessimism
                                             81.129997 ^ _2061_/CLK (gf180mcu_fd_sc_mcu7t5v0__dffrnq_1)
                                 -0.712117   80.417877   library setup time
                                             80.417877   data required time
---------------------------------------------------------------------------------------------
                                             80.417877   data required time
                                            -13.048038   data arrival time
---------------------------------------------------------------------------------------------
                                             67.369843   slack (MET)


Startpoint: in_cic (input port clocked by clk)
Endpoint: _2061_ (rising edge-triggered flip-flop clocked by clk_div)
Path Group: clk_div
Path Type: max

Fanout         Cap        Slew       Delay        Time   Description
---------------------------------------------------------------------------------------------
                      0.000000 20751.898438 20751.898438   clock clk (rise edge)
                                  0.000000 20751.898438   clock network delay (ideal)
                                 10.000000 20761.900391 ^ input external delay
     4    0.018247    0.000000    0.000000 20761.900391 ^ in_cic (in)
                                                         in_cic (net)
                      0.000000    0.000000 20761.900391 ^ _1459_/A4 (gf180mcu_fd_sc_mcu7t5v0__and4_1)
     3    0.015161    0.653187    1.164153 20763.064453 ^ _1459_/Z (gf180mcu_fd_sc_mcu7t5v0__and4_1)
                                                         _0851_ (net)
                      0.653187    0.000000 20763.064453 ^ _1466_/A4 (gf180mcu_fd_sc_mcu7t5v0__and4_1)
     4    0.019371    0.767078    1.255103 20764.320312 ^ _1466_/Z (gf180mcu_fd_sc_mcu7t5v0__and4_1)
                                                         _0855_ (net)
                      0.767078    0.000000 20764.320312 ^ _1468_/A2 (gf180mcu_fd_sc_mcu7t5v0__xor2_1)
     1    0.003014    0.541849    0.627551 20764.947266 ^ _1468_/Z (gf180mcu_fd_sc_mcu7t5v0__xor2_1)
                                                         _0083_ (net)
                      0.541849    0.000000 20764.947266 ^ _2061_/D (gf180mcu_fd_sc_mcu7t5v0__dffrnq_1)
                                           20764.947266   data arrival time

                      0.000000 20833.279297 20833.279297   clock clk_div (rise edge)
                                  0.000000 20833.279297   clock network delay (ideal)
                                 -0.250000 20833.029297   clock uncertainty
                                  0.000000 20833.029297   clock reconvergence pessimism
                                           20833.029297 ^ _2061_/CLK (gf180mcu_fd_sc_mcu7t5v0__dffrnq_1)
                                 -0.712117 20832.316406   library setup time
                                           20832.316406   data required time
---------------------------------------------------------------------------------------------
                                           20832.316406   data required time
                                           -20764.947266   data arrival time
---------------------------------------------------------------------------------------------
                                             67.369843   slack (MET)


Startpoint: in_cic (input port clocked by clk)
Endpoint: _2060_ (rising edge-triggered flip-flop clocked by clk)
Path Group: clk
Path Type: max

Fanout         Cap        Slew       Delay        Time   Description
---------------------------------------------------------------------------------------------
                      0.000000    0.000000    0.000000   clock clk (rise edge)
                                  0.000000    0.000000   clock network delay (ideal)
                                 10.000000   10.000000 v input external delay
     4    0.018247    0.000000    0.000000   10.000000 v in_cic (in)
                                                         in_cic (net)
                      0.000000    0.000000   10.000000 v _1457_/A3 (gf180mcu_fd_sc_mcu7t5v0__and3_1)
     4    0.017024    0.453335    0.731474   10.731474 v _1457_/Z (gf180mcu_fd_sc_mcu7t5v0__and3_1)
                                                         _0850_ (net)
                      0.453335    0.000000   10.731474 v _1464_/A4 (gf180mcu_fd_sc_mcu7t5v0__nand4_1)
     1    0.007736    0.743051    0.584069   11.315542 ^ _1464_/ZN (gf180mcu_fd_sc_mcu7t5v0__nand4_1)
                                                         _0854_ (net)
                      0.743051    0.000000   11.315542 ^ _1467_/A2 (gf180mcu_fd_sc_mcu7t5v0__xnor2_1)
     1    0.003014    0.563010    0.739787   12.055329 ^ _1467_/ZN (gf180mcu_fd_sc_mcu7t5v0__xnor2_1)
                                                         _0082_ (net)
                      0.563010    0.000000   12.055329 ^ _2060_/D (gf180mcu_fd_sc_mcu7t5v0__dffrnq_1)
                                             12.055329   data arrival time

                      0.000000   81.379997   81.379997   clock clk (rise edge)
                                  0.000000   81.379997   clock network delay (ideal)
                                 -0.250000   81.129997   clock uncertainty
                                  0.000000   81.129997   clock reconvergence pessimism
                                             81.129997 ^ _2060_/CLK (gf180mcu_fd_sc_mcu7t5v0__dffrnq_1)
                                 -0.716399   80.413605   library setup time
                                             80.413605   data required time
---------------------------------------------------------------------------------------------
                                             80.413605   data required time
                                            -12.055329   data arrival time
---------------------------------------------------------------------------------------------
                                             68.358269   slack (MET)


Startpoint: in_cic (input port clocked by clk)
Endpoint: _2060_ (rising edge-triggered flip-flop clocked by clk_div)
Path Group: clk_div
Path Type: max

Fanout         Cap        Slew       Delay        Time   Description
---------------------------------------------------------------------------------------------
                      0.000000 20751.898438 20751.898438   clock clk (rise edge)
                                  0.000000 20751.898438   clock network delay (ideal)
                                 10.000000 20761.900391 v input external delay
     4    0.018247    0.000000    0.000000 20761.900391 v in_cic (in)
                                                         in_cic (net)
                      0.000000    0.000000 20761.900391 v _1457_/A3 (gf180mcu_fd_sc_mcu7t5v0__and3_1)
     4    0.017024    0.453335    0.731234 20762.630859 v _1457_/Z (gf180mcu_fd_sc_mcu7t5v0__and3_1)
                                                         _0850_ (net)
                      0.453335    0.000000 20762.630859 v _1464_/A4 (gf180mcu_fd_sc_mcu7t5v0__nand4_1)
     1    0.007736    0.743051    0.583896 20763.214844 ^ _1464_/ZN (gf180mcu_fd_sc_mcu7t5v0__nand4_1)
                                                         _0854_ (net)
                      0.743051    0.000000 20763.214844 ^ _1467_/A2 (gf180mcu_fd_sc_mcu7t5v0__xnor2_1)
     1    0.003014    0.563010    0.738510 20763.953125 ^ _1467_/ZN (gf180mcu_fd_sc_mcu7t5v0__xnor2_1)
                                                         _0082_ (net)
                      0.563010    0.000000 20763.953125 ^ _2060_/D (gf180mcu_fd_sc_mcu7t5v0__dffrnq_1)
                                           20763.953125   data arrival time

                      0.000000 20833.279297 20833.279297   clock clk_div (rise edge)
                                  0.000000 20833.279297   clock network delay (ideal)
                                 -0.250000 20833.029297   clock uncertainty
                                  0.000000 20833.029297   clock reconvergence pessimism
                                           20833.029297 ^ _2060_/CLK (gf180mcu_fd_sc_mcu7t5v0__dffrnq_1)
                                 -0.716399 20832.312500   library setup time
                                           20832.312500   data required time
---------------------------------------------------------------------------------------------
                                           20832.312500   data required time
                                           -20763.953125   data arrival time
---------------------------------------------------------------------------------------------
                                             68.358269   slack (MET)


Startpoint: in_cic (input port clocked by clk)
Endpoint: _2059_ (rising edge-triggered flip-flop clocked by clk)
Path Group: clk
Path Type: max

Fanout         Cap        Slew       Delay        Time   Description
---------------------------------------------------------------------------------------------
                      0.000000    0.000000    0.000000   clock clk (rise edge)
                                  0.000000    0.000000   clock network delay (ideal)
                                 10.000000   10.000000 v input external delay
     4    0.018247    0.000000    0.000000   10.000000 v in_cic (in)
                                                         in_cic (net)
                      0.000000    0.000000   10.000000 v _1457_/A3 (gf180mcu_fd_sc_mcu7t5v0__and3_1)
     4    0.017024    0.453335    0.731474   10.731474 v _1457_/Z (gf180mcu_fd_sc_mcu7t5v0__and3_1)
                                                         _0850_ (net)
                      0.453335    0.000000   10.731474 v _1462_/A3 (gf180mcu_fd_sc_mcu7t5v0__nand3_1)
     1    0.007736    0.570881    0.478981   11.210455 ^ _1462_/ZN (gf180mcu_fd_sc_mcu7t5v0__nand3_1)
                                                         _0853_ (net)
                      0.570881    0.000000   11.210455 ^ _1465_/A2 (gf180mcu_fd_sc_mcu7t5v0__xnor2_1)
     1    0.003014    0.553975    0.718420   11.928875 ^ _1465_/ZN (gf180mcu_fd_sc_mcu7t5v0__xnor2_1)
                                                         _0081_ (net)
                      0.553975    0.000000   11.928875 ^ _2059_/D (gf180mcu_fd_sc_mcu7t5v0__dffrnq_1)
                                             11.928875   data arrival time

                      0.000000   81.379997   81.379997   clock clk (rise edge)
                                  0.000000   81.379997   clock network delay (ideal)
                                 -0.250000   81.129997   clock uncertainty
                                  0.000000   81.129997   clock reconvergence pessimism
                                             81.129997 ^ _2059_/CLK (gf180mcu_fd_sc_mcu7t5v0__dffrnq_1)
                                 -0.714671   80.415329   library setup time
                                             80.415329   data required time
---------------------------------------------------------------------------------------------
                                             80.415329   data required time
                                            -11.928875   data arrival time
---------------------------------------------------------------------------------------------
                                             68.486450   slack (MET)


Startpoint: in_cic (input port clocked by clk)
Endpoint: _2059_ (rising edge-triggered flip-flop clocked by clk_div)
Path Group: clk_div
Path Type: max

Fanout         Cap        Slew       Delay        Time   Description
---------------------------------------------------------------------------------------------
                      0.000000 20751.898438 20751.898438   clock clk (rise edge)
                                  0.000000 20751.898438   clock network delay (ideal)
                                 10.000000 20761.900391 v input external delay
     4    0.018247    0.000000    0.000000 20761.900391 v in_cic (in)
                                                         in_cic (net)
                      0.000000    0.000000 20761.900391 v _1457_/A3 (gf180mcu_fd_sc_mcu7t5v0__and3_1)
     4    0.017024    0.453335    0.731234 20762.630859 v _1457_/Z (gf180mcu_fd_sc_mcu7t5v0__and3_1)
                                                         _0850_ (net)
                      0.453335    0.000000 20762.630859 v _1462_/A3 (gf180mcu_fd_sc_mcu7t5v0__nand3_1)
     1    0.007736    0.570881    0.478394 20763.109375 ^ _1462_/ZN (gf180mcu_fd_sc_mcu7t5v0__nand3_1)
                                                         _0853_ (net)
                      0.570881    0.000000 20763.109375 ^ _1465_/A2 (gf180mcu_fd_sc_mcu7t5v0__xnor2_1)
     1    0.003014    0.553975    0.718501 20763.828125 ^ _1465_/ZN (gf180mcu_fd_sc_mcu7t5v0__xnor2_1)
                                                         _0081_ (net)
                      0.553975    0.000000 20763.828125 ^ _2059_/D (gf180mcu_fd_sc_mcu7t5v0__dffrnq_1)
                                           20763.828125   data arrival time

                      0.000000 20833.279297 20833.279297   clock clk_div (rise edge)
                                  0.000000 20833.279297   clock network delay (ideal)
                                 -0.250000 20833.029297   clock uncertainty
                                  0.000000 20833.029297   clock reconvergence pessimism
                                           20833.029297 ^ _2059_/CLK (gf180mcu_fd_sc_mcu7t5v0__dffrnq_1)
                                 -0.714671 20832.314453   library setup time
                                           20832.314453   data required time
---------------------------------------------------------------------------------------------
                                           20832.314453   data required time
                                           -20763.828125   data arrival time
---------------------------------------------------------------------------------------------
                                             68.486450   slack (MET)


Startpoint: in_cic (input port clocked by clk)
Endpoint: _2058_ (rising edge-triggered flip-flop clocked by clk)
Path Group: clk
Path Type: max

Fanout         Cap        Slew       Delay        Time   Description
---------------------------------------------------------------------------------------------
                      0.000000    0.000000    0.000000   clock clk (rise edge)
                                  0.000000    0.000000   clock network delay (ideal)
                                 10.000000   10.000000 ^ input external delay
     4    0.018247    0.000000    0.000000   10.000000 ^ in_cic (in)
                                                         in_cic (net)
                      0.000000    0.000000   10.000000 ^ _1459_/A4 (gf180mcu_fd_sc_mcu7t5v0__and4_1)
     3    0.015161    0.653187    1.164055   11.164055 ^ _1459_/Z (gf180mcu_fd_sc_mcu7t5v0__and4_1)
                                                         _0851_ (net)
                      0.653187    0.000000   11.164055 ^ _1463_/A2 (gf180mcu_fd_sc_mcu7t5v0__xor2_1)
     1    0.003014    0.539305    0.622191   11.786246 ^ _1463_/Z (gf180mcu_fd_sc_mcu7t5v0__xor2_1)
                                                         _0080_ (net)
                      0.539305    0.000000   11.786246 ^ _2058_/D (gf180mcu_fd_sc_mcu7t5v0__dffrnq_1)
                                             11.786246   data arrival time

                      0.000000   81.379997   81.379997   clock clk (rise edge)
                                  0.000000   81.379997   clock network delay (ideal)
                                 -0.250000   81.129997   clock uncertainty
                                  0.000000   81.129997   clock reconvergence pessimism
                                             81.129997 ^ _2058_/CLK (gf180mcu_fd_sc_mcu7t5v0__dffrnq_1)
                                 -0.711581   80.418419   library setup time
                                             80.418419   data required time
---------------------------------------------------------------------------------------------
                                             80.418419   data required time
                                            -11.786246   data arrival time
---------------------------------------------------------------------------------------------
                                             68.632172   slack (MET)


Startpoint: in_cic (input port clocked by clk)
Endpoint: _2058_ (rising edge-triggered flip-flop clocked by clk_div)
Path Group: clk_div
Path Type: max

Fanout         Cap        Slew       Delay        Time   Description
---------------------------------------------------------------------------------------------
                      0.000000 20751.898438 20751.898438   clock clk (rise edge)
                                  0.000000 20751.898438   clock network delay (ideal)
                                 10.000000 20761.900391 ^ input external delay
     4    0.018247    0.000000    0.000000 20761.900391 ^ in_cic (in)
                                                         in_cic (net)
                      0.000000    0.000000 20761.900391 ^ _1459_/A4 (gf180mcu_fd_sc_mcu7t5v0__and4_1)
     3    0.015161    0.653187    1.164153 20763.064453 ^ _1459_/Z (gf180mcu_fd_sc_mcu7t5v0__and4_1)
                                                         _0851_ (net)
                      0.653187    0.000000 20763.064453 ^ _1463_/A2 (gf180mcu_fd_sc_mcu7t5v0__xor2_1)
     1    0.003014    0.539305    0.622094 20763.685547 ^ _1463_/Z (gf180mcu_fd_sc_mcu7t5v0__xor2_1)
                                                         _0080_ (net)
                      0.539305    0.000000 20763.685547 ^ _2058_/D (gf180mcu_fd_sc_mcu7t5v0__dffrnq_1)
                                           20763.685547   data arrival time

                      0.000000 20833.279297 20833.279297   clock clk_div (rise edge)
                                  0.000000 20833.279297   clock network delay (ideal)
                                 -0.250000 20833.029297   clock uncertainty
                                  0.000000 20833.029297   clock reconvergence pessimism
                                           20833.029297 ^ _2058_/CLK (gf180mcu_fd_sc_mcu7t5v0__dffrnq_1)
                                 -0.711581 20832.316406   library setup time
                                           20832.316406   data required time
---------------------------------------------------------------------------------------------
                                           20832.316406   data required time
                                           -20763.685547   data arrival time
---------------------------------------------------------------------------------------------
                                             68.632172   slack (MET)


Startpoint: in_cic (input port clocked by clk)
Endpoint: _2057_ (rising edge-triggered flip-flop clocked by clk)
Path Group: clk
Path Type: max

Fanout         Cap        Slew       Delay        Time   Description
---------------------------------------------------------------------------------------------
                      0.000000    0.000000    0.000000   clock clk (rise edge)
                                  0.000000    0.000000   clock network delay (ideal)
                                 10.000000   10.000000 ^ input external delay
     4    0.018247    0.000000    0.000000   10.000000 ^ in_cic (in)
                                                         in_cic (net)
                      0.000000    0.000000   10.000000 ^ _1457_/A3 (gf180mcu_fd_sc_mcu7t5v0__and3_1)
     4    0.017024    0.657215    0.973698   10.973699 ^ _1457_/Z (gf180mcu_fd_sc_mcu7t5v0__and3_1)
                                                         _0850_ (net)
                      0.657215    0.000000   10.973699 ^ _1460_/A2 (gf180mcu_fd_sc_mcu7t5v0__nor2_1)
     1    0.004329    0.376785    0.286171   11.259870 v _1460_/ZN (gf180mcu_fd_sc_mcu7t5v0__nor2_1)
                                                         _0852_ (net)
                      0.376785    0.000000   11.259870 v _1461_/A2 (gf180mcu_fd_sc_mcu7t5v0__nor2_1)
     1    0.003014    0.402173    0.337011   11.596881 ^ _1461_/ZN (gf180mcu_fd_sc_mcu7t5v0__nor2_1)
                                                         _0079_ (net)
                      0.402173    0.000000   11.596881 ^ _2057_/D (gf180mcu_fd_sc_mcu7t5v0__dffrnq_1)
                                             11.596881   data arrival time

                      0.000000   81.379997   81.379997   clock clk (rise edge)
                                  0.000000   81.379997   clock network delay (ideal)
                                 -0.250000   81.129997   clock uncertainty
                                  0.000000   81.129997   clock reconvergence pessimism
                                             81.129997 ^ _2057_/CLK (gf180mcu_fd_sc_mcu7t5v0__dffrnq_1)
                                 -0.682702   80.447296   library setup time
                                             80.447296   data required time
---------------------------------------------------------------------------------------------
                                             80.447296   data required time
                                            -11.596881   data arrival time
---------------------------------------------------------------------------------------------
                                             68.850410   slack (MET)


Startpoint: in_cic (input port clocked by clk)
Endpoint: _2057_ (rising edge-triggered flip-flop clocked by clk_div)
Path Group: clk_div
Path Type: max

Fanout         Cap        Slew       Delay        Time   Description
---------------------------------------------------------------------------------------------
                      0.000000 20751.898438 20751.898438   clock clk (rise edge)
                                  0.000000 20751.898438   clock network delay (ideal)
                                 10.000000 20761.900391 ^ input external delay
     4    0.018247    0.000000    0.000000 20761.900391 ^ in_cic (in)
                                                         in_cic (net)
                      0.000000    0.000000 20761.900391 ^ _1457_/A3 (gf180mcu_fd_sc_mcu7t5v0__and3_1)
     4    0.017024    0.657215    0.973159 20762.873047 ^ _1457_/Z (gf180mcu_fd_sc_mcu7t5v0__and3_1)
                                                         _0850_ (net)
                      0.657215    0.000000 20762.873047 ^ _1460_/A2 (gf180mcu_fd_sc_mcu7t5v0__nor2_1)
     1    0.004329    0.376785    0.285581 20763.158203 v _1460_/ZN (gf180mcu_fd_sc_mcu7t5v0__nor2_1)
                                                         _0852_ (net)
                      0.376785    0.000000 20763.158203 v _1461_/A2 (gf180mcu_fd_sc_mcu7t5v0__nor2_1)
     1    0.003014    0.402173    0.336513 20763.496094 ^ _1461_/ZN (gf180mcu_fd_sc_mcu7t5v0__nor2_1)
                                                         _0079_ (net)
                      0.402173    0.000000 20763.496094 ^ _2057_/D (gf180mcu_fd_sc_mcu7t5v0__dffrnq_1)
                                           20763.496094   data arrival time

                      0.000000 20833.279297 20833.279297   clock clk_div (rise edge)
                                  0.000000 20833.279297   clock network delay (ideal)
                                 -0.250000 20833.029297   clock uncertainty
                                  0.000000 20833.029297   clock reconvergence pessimism
                                           20833.029297 ^ _2057_/CLK (gf180mcu_fd_sc_mcu7t5v0__dffrnq_1)
                                 -0.682702 20832.345703   library setup time
                                           20832.345703   data required time
---------------------------------------------------------------------------------------------
                                           20832.345703   data required time
                                           -20763.496094   data arrival time
---------------------------------------------------------------------------------------------
                                             68.850410   slack (MET)


Startpoint: in_cic (input port clocked by clk)
Endpoint: _2056_ (rising edge-triggered flip-flop clocked by clk)
Path Group: clk
Path Type: max

Fanout         Cap        Slew       Delay        Time   Description
---------------------------------------------------------------------------------------------
                      0.000000    0.000000    0.000000   clock clk (rise edge)
                                  0.000000    0.000000   clock network delay (ideal)
                                 10.000000   10.000000 v input external delay
     4    0.018247    0.000000    0.000000   10.000000 v in_cic (in)
                                                         in_cic (net)
                      0.000000    0.000000   10.000000 v _1457_/A3 (gf180mcu_fd_sc_mcu7t5v0__and3_1)
     4    0.017024    0.453335    0.731474   10.731474 v _1457_/Z (gf180mcu_fd_sc_mcu7t5v0__and3_1)
                                                         _0850_ (net)
                      0.453335    0.000000   10.731474 v _1458_/A2 (gf180mcu_fd_sc_mcu7t5v0__nor2_1)
     1    0.003014    0.419835    0.350116   11.081591 ^ _1458_/ZN (gf180mcu_fd_sc_mcu7t5v0__nor2_1)
                                                         _0073_ (net)
                      0.419835    0.000000   11.081591 ^ _2056_/D (gf180mcu_fd_sc_mcu7t5v0__dffrnq_1)
                                             11.081591   data arrival time

                      0.000000   81.379997   81.379997   clock clk (rise edge)
                                  0.000000   81.379997   clock network delay (ideal)
                                 -0.250000   81.129997   clock uncertainty
                                  0.000000   81.129997   clock reconvergence pessimism
                                             81.129997 ^ _2056_/CLK (gf180mcu_fd_sc_mcu7t5v0__dffrnq_1)
                                 -0.686422   80.443581   library setup time
                                             80.443581   data required time
---------------------------------------------------------------------------------------------
                                             80.443581   data required time
                                            -11.081591   data arrival time
---------------------------------------------------------------------------------------------
                                             69.361992   slack (MET)


Startpoint: in_cic (input port clocked by clk)
Endpoint: _2056_ (rising edge-triggered flip-flop clocked by clk_div)
Path Group: clk_div
Path Type: max

Fanout         Cap        Slew       Delay        Time   Description
---------------------------------------------------------------------------------------------
                      0.000000 20751.898438 20751.898438   clock clk (rise edge)
                                  0.000000 20751.898438   clock network delay (ideal)
                                 10.000000 20761.900391 v input external delay
     4    0.018247    0.000000    0.000000 20761.900391 v in_cic (in)
                                                         in_cic (net)
                      0.000000    0.000000 20761.900391 v _1457_/A3 (gf180mcu_fd_sc_mcu7t5v0__and3_1)
     4    0.017024    0.453335    0.731234 20762.630859 v _1457_/Z (gf180mcu_fd_sc_mcu7t5v0__and3_1)
                                                         _0850_ (net)
                      0.453335    0.000000 20762.630859 v _1458_/A2 (gf180mcu_fd_sc_mcu7t5v0__nor2_1)
     1    0.003014    0.419835    0.349246 20762.980469 ^ _1458_/ZN (gf180mcu_fd_sc_mcu7t5v0__nor2_1)
                                                         _0073_ (net)
                      0.419835    0.000000 20762.980469 ^ _2056_/D (gf180mcu_fd_sc_mcu7t5v0__dffrnq_1)
                                           20762.980469   data arrival time

                      0.000000 20833.279297 20833.279297   clock clk_div (rise edge)
                                  0.000000 20833.279297   clock network delay (ideal)
                                 -0.250000 20833.029297   clock uncertainty
                                  0.000000 20833.029297   clock reconvergence pessimism
                                           20833.029297 ^ _2056_/CLK (gf180mcu_fd_sc_mcu7t5v0__dffrnq_1)
                                 -0.686422 20832.341797   library setup time
                                           20832.341797   data required time
---------------------------------------------------------------------------------------------
                                           20832.341797   data required time
                                           -20762.980469   data arrival time
---------------------------------------------------------------------------------------------
                                             69.361992   slack (MET)


Startpoint: in_cic (input port clocked by clk)
Endpoint: _2055_ (rising edge-triggered flip-flop clocked by clk)
Path Group: clk
Path Type: max

Fanout         Cap        Slew       Delay        Time   Description
---------------------------------------------------------------------------------------------
                      0.000000    0.000000    0.000000   clock clk (rise edge)
                                  0.000000    0.000000   clock network delay (ideal)
                                 10.000000   10.000000 ^ input external delay
     4    0.018247    0.000000    0.000000   10.000000 ^ in_cic (in)
                                                         in_cic (net)
                      0.000000    0.000000   10.000000 ^ _2000_/A2 (gf180mcu_fd_sc_mcu7t5v0__xor2_1)
     1    0.003014    0.535005    0.517903   10.517903 ^ _2000_/Z (gf180mcu_fd_sc_mcu7t5v0__xor2_1)
                                                         _0062_ (net)
                      0.535005    0.000000   10.517903 ^ _2055_/D (gf180mcu_fd_sc_mcu7t5v0__dffrnq_1)
                                             10.517903   data arrival time

                      0.000000   81.379997   81.379997   clock clk (rise edge)
                                  0.000000   81.379997   clock network delay (ideal)
                                 -0.250000   81.129997   clock uncertainty
                                  0.000000   81.129997   clock reconvergence pessimism
                                             81.129997 ^ _2055_/CLK (gf180mcu_fd_sc_mcu7t5v0__dffrnq_1)
                                 -0.710676   80.419319   library setup time
                                             80.419319   data required time
---------------------------------------------------------------------------------------------
                                             80.419319   data required time
                                            -10.517903   data arrival time
---------------------------------------------------------------------------------------------
                                             69.901421   slack (MET)


Startpoint: in_cic (input port clocked by clk)
Endpoint: _2055_ (rising edge-triggered flip-flop clocked by clk_div)
Path Group: clk_div
Path Type: max

Fanout         Cap        Slew       Delay        Time   Description
---------------------------------------------------------------------------------------------
                      0.000000 20751.898438 20751.898438   clock clk (rise edge)
                                  0.000000 20751.898438   clock network delay (ideal)
                                 10.000000 20761.900391 ^ input external delay
     4    0.018247    0.000000    0.000000 20761.900391 ^ in_cic (in)
                                                         in_cic (net)
                      0.000000    0.000000 20761.900391 ^ _2000_/A2 (gf180mcu_fd_sc_mcu7t5v0__xor2_1)
     1    0.003014    0.535005    0.516593 20762.416016 ^ _2000_/Z (gf180mcu_fd_sc_mcu7t5v0__xor2_1)
                                                         _0062_ (net)
                      0.535005    0.000000 20762.416016 ^ _2055_/D (gf180mcu_fd_sc_mcu7t5v0__dffrnq_1)
                                           20762.416016   data arrival time

                      0.000000 20833.279297 20833.279297   clock clk_div (rise edge)
                                  0.000000 20833.279297   clock network delay (ideal)
                                 -0.250000 20833.029297   clock uncertainty
                                  0.000000 20833.029297   clock reconvergence pessimism
                                           20833.029297 ^ _2055_/CLK (gf180mcu_fd_sc_mcu7t5v0__dffrnq_1)
                                 -0.710676 20832.318359   library setup time
                                           20832.318359   data required time
---------------------------------------------------------------------------------------------
                                           20832.318359   data required time
                                           -20762.416016   data arrival time
---------------------------------------------------------------------------------------------
                                             69.901421   slack (MET)


Startpoint: _2087_ (rising edge-triggered flip-flop clocked by clk)
Endpoint: _2087_ (rising edge-triggered flip-flop clocked by clk)
Path Group: clk
Path Type: max

Fanout         Cap        Slew       Delay        Time   Description
---------------------------------------------------------------------------------------------
                      0.000000    0.000000    0.000000   clock clk (rise edge)
                                  0.000000    0.000000   clock network delay (ideal)
                      0.000000    0.000000    0.000000 ^ _2087_/CLK (gf180mcu_fd_sc_mcu7t5v0__dffrnq_1)
   138    0.464767   13.189880    8.863790    8.863790 ^ _2087_/Q (gf180mcu_fd_sc_mcu7t5v0__dffrnq_1)
                                                         u_clock_div.counter[7] (net)
                     13.189880    0.000000    8.863790 ^ _1002_/I (gf180mcu_fd_sc_mcu7t5v0__clkinv_1)
     1    0.007663    2.046697    0.606621    9.470411 v _1002_/ZN (gf180mcu_fd_sc_mcu7t5v0__clkinv_1)
                                                         clk_div (net)
                      2.046697    0.000000    9.470411 v _1112_/A1 (gf180mcu_fd_sc_mcu7t5v0__xor2_1)
     1    0.003014    0.430701    1.264085   10.734496 v _1112_/Z (gf180mcu_fd_sc_mcu7t5v0__xor2_1)
                                                         _0144_ (net)
                      0.430701    0.000000   10.734496 v _2087_/D (gf180mcu_fd_sc_mcu7t5v0__dffrnq_1)
                                             10.734496   data arrival time

                      0.000000   81.379997   81.379997   clock clk (rise edge)
                                  0.000000   81.379997   clock network delay (ideal)
                                 -0.250000   81.129997   clock uncertainty
                                  0.000000   81.129997   clock reconvergence pessimism
                                             81.129997 ^ _2087_/CLK (gf180mcu_fd_sc_mcu7t5v0__dffrnq_1)
                                 -0.375542   80.754456   library setup time
                                             80.754456   data required time
---------------------------------------------------------------------------------------------
                                             80.754456   data required time
                                            -10.734496   data arrival time
---------------------------------------------------------------------------------------------
                                             70.019958   slack (MET)


Startpoint: _2087_ (rising edge-triggered flip-flop clocked by clk)
Endpoint: _2087_ (rising edge-triggered flip-flop clocked by clk_div)
Path Group: clk_div
Path Type: max

Fanout         Cap        Slew       Delay        Time   Description
---------------------------------------------------------------------------------------------
                      0.000000 20751.898438 20751.898438   clock clk (rise edge)
                                  0.000000 20751.898438   clock network delay (ideal)
                      0.000000    0.000000 20751.898438 ^ _2087_/CLK (gf180mcu_fd_sc_mcu7t5v0__dffrnq_1)
   138    0.464767   13.189880    8.863935 20760.763672 ^ _2087_/Q (gf180mcu_fd_sc_mcu7t5v0__dffrnq_1)
                                                         u_clock_div.counter[7] (net)
                     13.189880    0.000000 20760.763672 ^ _1002_/I (gf180mcu_fd_sc_mcu7t5v0__clkinv_1)
     1    0.007663    2.046697    0.605724 20761.369141 v _1002_/ZN (gf180mcu_fd_sc_mcu7t5v0__clkinv_1)
                                                         clk_div (net)
                      2.046697    0.000000 20761.369141 v _1112_/A1 (gf180mcu_fd_sc_mcu7t5v0__xor2_1)
     1    0.003014    0.430701    1.264198 20762.632812 v _1112_/Z (gf180mcu_fd_sc_mcu7t5v0__xor2_1)
                                                         _0144_ (net)
                      0.430701    0.000000 20762.632812 v _2087_/D (gf180mcu_fd_sc_mcu7t5v0__dffrnq_1)
                                           20762.632812   data arrival time

                      0.000000 20833.279297 20833.279297   clock clk_div (rise edge)
                                  0.000000 20833.279297   clock network delay (ideal)
                                 -0.250000 20833.029297   clock uncertainty
                                  0.000000 20833.029297   clock reconvergence pessimism
                                           20833.029297 ^ _2087_/CLK (gf180mcu_fd_sc_mcu7t5v0__dffrnq_1)
                                 -0.375542 20832.654297   library setup time
                                           20832.654297   data required time
---------------------------------------------------------------------------------------------
                                           20832.654297   data required time
                                           -20762.632812   data arrival time
---------------------------------------------------------------------------------------------
                                             70.019958   slack (MET)


Startpoint: rst (input port clocked by clk)
Endpoint: _2005_ (recovery check against rising-edge clock clk)
Path Group: asynchronous
Path Type: max

Fanout         Cap        Slew       Delay        Time   Description
---------------------------------------------------------------------------------------------
                      0.000000    0.000000    0.000000   clock clk (rise edge)
                                  0.000000    0.000000   clock network delay (ideal)
                                 10.000000   10.000000 ^ input external delay
   220    1.629788    0.000000    0.000000   10.000000 ^ rst (in)
                                                         rst (net)
                      0.000000    0.000000   10.000000 ^ _2005_/RN (gf180mcu_fd_sc_mcu7t5v0__dffrnq_1)
                                             10.000000   data arrival time

                      0.000000   81.379997   81.379997   clock clk (rise edge)
                                  0.000000   81.379997   clock network delay (ideal)
                                 -0.250000   81.129997   clock uncertainty
                                  0.000000   81.129997   clock reconvergence pessimism
                                             81.129997 ^ _2005_/CLK (gf180mcu_fd_sc_mcu7t5v0__dffrnq_1)
                                  0.367019   81.497017   library recovery time
                                             81.497017   data required time
---------------------------------------------------------------------------------------------
                                             81.497017   data required time
                                            -10.000000   data arrival time
---------------------------------------------------------------------------------------------
                                             71.497017   slack (MET)


Startpoint: rst (input port clocked by clk)
Endpoint: _2006_ (recovery check against rising-edge clock clk)
Path Group: asynchronous
Path Type: max

Fanout         Cap        Slew       Delay        Time   Description
---------------------------------------------------------------------------------------------
                      0.000000    0.000000    0.000000   clock clk (rise edge)
                                  0.000000    0.000000   clock network delay (ideal)
                                 10.000000   10.000000 ^ input external delay
   220    1.629788    0.000000    0.000000   10.000000 ^ rst (in)
                                                         rst (net)
                      0.000000    0.000000   10.000000 ^ _2006_/RN (gf180mcu_fd_sc_mcu7t5v0__dffrnq_1)
                                             10.000000   data arrival time

                      0.000000   81.379997   81.379997   clock clk (rise edge)
                                  0.000000   81.379997   clock network delay (ideal)
                                 -0.250000   81.129997   clock uncertainty
                                  0.000000   81.129997   clock reconvergence pessimism
                                             81.129997 ^ _2006_/CLK (gf180mcu_fd_sc_mcu7t5v0__dffrnq_1)
                                  0.367019   81.497017   library recovery time
                                             81.497017   data required time
---------------------------------------------------------------------------------------------
                                             81.497017   data required time
                                            -10.000000   data arrival time
---------------------------------------------------------------------------------------------
                                             71.497017   slack (MET)


Startpoint: rst (input port clocked by clk)
Endpoint: _2007_ (recovery check against rising-edge clock clk)
Path Group: asynchronous
Path Type: max

Fanout         Cap        Slew       Delay        Time   Description
---------------------------------------------------------------------------------------------
                      0.000000    0.000000    0.000000   clock clk (rise edge)
                                  0.000000    0.000000   clock network delay (ideal)
                                 10.000000   10.000000 ^ input external delay
   220    1.629788    0.000000    0.000000   10.000000 ^ rst (in)
                                                         rst (net)
                      0.000000    0.000000   10.000000 ^ _2007_/RN (gf180mcu_fd_sc_mcu7t5v0__dffrnq_1)
                                             10.000000   data arrival time

                      0.000000   81.379997   81.379997   clock clk (rise edge)
                                  0.000000   81.379997   clock network delay (ideal)
                                 -0.250000   81.129997   clock uncertainty
                                  0.000000   81.129997   clock reconvergence pessimism
                                             81.129997 ^ _2007_/CLK (gf180mcu_fd_sc_mcu7t5v0__dffrnq_1)
                                  0.367019   81.497017   library recovery time
                                             81.497017   data required time
---------------------------------------------------------------------------------------------
                                             81.497017   data required time
                                            -10.000000   data arrival time
---------------------------------------------------------------------------------------------
                                             71.497017   slack (MET)


Startpoint: rst (input port clocked by clk)
Endpoint: _2008_ (recovery check against rising-edge clock clk)
Path Group: asynchronous
Path Type: max

Fanout         Cap        Slew       Delay        Time   Description
---------------------------------------------------------------------------------------------
                      0.000000    0.000000    0.000000   clock clk (rise edge)
                                  0.000000    0.000000   clock network delay (ideal)
                                 10.000000   10.000000 ^ input external delay
   220    1.629788    0.000000    0.000000   10.000000 ^ rst (in)
                                                         rst (net)
                      0.000000    0.000000   10.000000 ^ _2008_/RN (gf180mcu_fd_sc_mcu7t5v0__dffrnq_1)
                                             10.000000   data arrival time

                      0.000000   81.379997   81.379997   clock clk (rise edge)
                                  0.000000   81.379997   clock network delay (ideal)
                                 -0.250000   81.129997   clock uncertainty
                                  0.000000   81.129997   clock reconvergence pessimism
                                             81.129997 ^ _2008_/CLK (gf180mcu_fd_sc_mcu7t5v0__dffrnq_1)
                                  0.367019   81.497017   library recovery time
                                             81.497017   data required time
---------------------------------------------------------------------------------------------
                                             81.497017   data required time
                                            -10.000000   data arrival time
---------------------------------------------------------------------------------------------
                                             71.497017   slack (MET)


Startpoint: rst (input port clocked by clk)
Endpoint: _2009_ (recovery check against rising-edge clock clk)
Path Group: asynchronous
Path Type: max

Fanout         Cap        Slew       Delay        Time   Description
---------------------------------------------------------------------------------------------
                      0.000000    0.000000    0.000000   clock clk (rise edge)
                                  0.000000    0.000000   clock network delay (ideal)
                                 10.000000   10.000000 ^ input external delay
   220    1.629788    0.000000    0.000000   10.000000 ^ rst (in)
                                                         rst (net)
                      0.000000    0.000000   10.000000 ^ _2009_/RN (gf180mcu_fd_sc_mcu7t5v0__dffrnq_1)
                                             10.000000   data arrival time

                      0.000000   81.379997   81.379997   clock clk (rise edge)
                                  0.000000   81.379997   clock network delay (ideal)
                                 -0.250000   81.129997   clock uncertainty
                                  0.000000   81.129997   clock reconvergence pessimism
                                             81.129997 ^ _2009_/CLK (gf180mcu_fd_sc_mcu7t5v0__dffrnq_1)
                                  0.367019   81.497017   library recovery time
                                             81.497017   data required time
---------------------------------------------------------------------------------------------
                                             81.497017   data required time
                                            -10.000000   data arrival time
---------------------------------------------------------------------------------------------
                                             71.497017   slack (MET)


Startpoint: rst (input port clocked by clk)
Endpoint: _2010_ (recovery check against rising-edge clock clk)
Path Group: asynchronous
Path Type: max

Fanout         Cap        Slew       Delay        Time   Description
---------------------------------------------------------------------------------------------
                      0.000000    0.000000    0.000000   clock clk (rise edge)
                                  0.000000    0.000000   clock network delay (ideal)
                                 10.000000   10.000000 ^ input external delay
   220    1.629788    0.000000    0.000000   10.000000 ^ rst (in)
                                                         rst (net)
                      0.000000    0.000000   10.000000 ^ _2010_/RN (gf180mcu_fd_sc_mcu7t5v0__dffrnq_1)
                                             10.000000   data arrival time

                      0.000000   81.379997   81.379997   clock clk (rise edge)
                                  0.000000   81.379997   clock network delay (ideal)
                                 -0.250000   81.129997   clock uncertainty
                                  0.000000   81.129997   clock reconvergence pessimism
                                             81.129997 ^ _2010_/CLK (gf180mcu_fd_sc_mcu7t5v0__dffrnq_1)
                                  0.367019   81.497017   library recovery time
                                             81.497017   data required time
---------------------------------------------------------------------------------------------
                                             81.497017   data required time
                                            -10.000000   data arrival time
---------------------------------------------------------------------------------------------
                                             71.497017   slack (MET)


Startpoint: rst (input port clocked by clk)
Endpoint: _2011_ (recovery check against rising-edge clock clk)
Path Group: asynchronous
Path Type: max

Fanout         Cap        Slew       Delay        Time   Description
---------------------------------------------------------------------------------------------
                      0.000000    0.000000    0.000000   clock clk (rise edge)
                                  0.000000    0.000000   clock network delay (ideal)
                                 10.000000   10.000000 ^ input external delay
   220    1.629788    0.000000    0.000000   10.000000 ^ rst (in)
                                                         rst (net)
                      0.000000    0.000000   10.000000 ^ _2011_/RN (gf180mcu_fd_sc_mcu7t5v0__dffrnq_1)
                                             10.000000   data arrival time

                      0.000000   81.379997   81.379997   clock clk (rise edge)
                                  0.000000   81.379997   clock network delay (ideal)
                                 -0.250000   81.129997   clock uncertainty
                                  0.000000   81.129997   clock reconvergence pessimism
                                             81.129997 ^ _2011_/CLK (gf180mcu_fd_sc_mcu7t5v0__dffrnq_1)
                                  0.367019   81.497017   library recovery time
                                             81.497017   data required time
---------------------------------------------------------------------------------------------
                                             81.497017   data required time
                                            -10.000000   data arrival time
---------------------------------------------------------------------------------------------
                                             71.497017   slack (MET)


Startpoint: rst (input port clocked by clk)
Endpoint: _2012_ (recovery check against rising-edge clock clk)
Path Group: asynchronous
Path Type: max

Fanout         Cap        Slew       Delay        Time   Description
---------------------------------------------------------------------------------------------
                      0.000000    0.000000    0.000000   clock clk (rise edge)
                                  0.000000    0.000000   clock network delay (ideal)
                                 10.000000   10.000000 ^ input external delay
   220    1.629788    0.000000    0.000000   10.000000 ^ rst (in)
                                                         rst (net)
                      0.000000    0.000000   10.000000 ^ _2012_/RN (gf180mcu_fd_sc_mcu7t5v0__dffrnq_1)
                                             10.000000   data arrival time

                      0.000000   81.379997   81.379997   clock clk (rise edge)
                                  0.000000   81.379997   clock network delay (ideal)
                                 -0.250000   81.129997   clock uncertainty
                                  0.000000   81.129997   clock reconvergence pessimism
                                             81.129997 ^ _2012_/CLK (gf180mcu_fd_sc_mcu7t5v0__dffrnq_1)
                                  0.367019   81.497017   library recovery time
                                             81.497017   data required time
---------------------------------------------------------------------------------------------
                                             81.497017   data required time
                                            -10.000000   data arrival time
---------------------------------------------------------------------------------------------
                                             71.497017   slack (MET)


Startpoint: rst (input port clocked by clk)
Endpoint: _2013_ (recovery check against rising-edge clock clk)
Path Group: asynchronous
Path Type: max

Fanout         Cap        Slew       Delay        Time   Description
---------------------------------------------------------------------------------------------
                      0.000000    0.000000    0.000000   clock clk (rise edge)
                                  0.000000    0.000000   clock network delay (ideal)
                                 10.000000   10.000000 ^ input external delay
   220    1.629788    0.000000    0.000000   10.000000 ^ rst (in)
                                                         rst (net)
                      0.000000    0.000000   10.000000 ^ _2013_/RN (gf180mcu_fd_sc_mcu7t5v0__dffrnq_1)
                                             10.000000   data arrival time

                      0.000000   81.379997   81.379997   clock clk (rise edge)
                                  0.000000   81.379997   clock network delay (ideal)
                                 -0.250000   81.129997   clock uncertainty
                                  0.000000   81.129997   clock reconvergence pessimism
                                             81.129997 ^ _2013_/CLK (gf180mcu_fd_sc_mcu7t5v0__dffrnq_1)
                                  0.367019   81.497017   library recovery time
                                             81.497017   data required time
---------------------------------------------------------------------------------------------
                                             81.497017   data required time
                                            -10.000000   data arrival time
---------------------------------------------------------------------------------------------
                                             71.497017   slack (MET)


Startpoint: rst (input port clocked by clk)
Endpoint: _2014_ (recovery check against rising-edge clock clk)
Path Group: asynchronous
Path Type: max

Fanout         Cap        Slew       Delay        Time   Description
---------------------------------------------------------------------------------------------
                      0.000000    0.000000    0.000000   clock clk (rise edge)
                                  0.000000    0.000000   clock network delay (ideal)
                                 10.000000   10.000000 ^ input external delay
   220    1.629788    0.000000    0.000000   10.000000 ^ rst (in)
                                                         rst (net)
                      0.000000    0.000000   10.000000 ^ _2014_/RN (gf180mcu_fd_sc_mcu7t5v0__dffrnq_1)
                                             10.000000   data arrival time

                      0.000000   81.379997   81.379997   clock clk (rise edge)
                                  0.000000   81.379997   clock network delay (ideal)
                                 -0.250000   81.129997   clock uncertainty
                                  0.000000   81.129997   clock reconvergence pessimism
                                             81.129997 ^ _2014_/CLK (gf180mcu_fd_sc_mcu7t5v0__dffrnq_1)
                                  0.367019   81.497017   library recovery time
                                             81.497017   data required time
---------------------------------------------------------------------------------------------
                                             81.497017   data required time
                                            -10.000000   data arrival time
---------------------------------------------------------------------------------------------
                                             71.497017   slack (MET)


Startpoint: rst (input port clocked by clk)
Endpoint: _2015_ (recovery check against rising-edge clock clk)
Path Group: asynchronous
Path Type: max

Fanout         Cap        Slew       Delay        Time   Description
---------------------------------------------------------------------------------------------
                      0.000000    0.000000    0.000000   clock clk (rise edge)
                                  0.000000    0.000000   clock network delay (ideal)
                                 10.000000   10.000000 ^ input external delay
   220    1.629788    0.000000    0.000000   10.000000 ^ rst (in)
                                                         rst (net)
                      0.000000    0.000000   10.000000 ^ _2015_/RN (gf180mcu_fd_sc_mcu7t5v0__dffrnq_1)
                                             10.000000   data arrival time

                      0.000000   81.379997   81.379997   clock clk (rise edge)
                                  0.000000   81.379997   clock network delay (ideal)
                                 -0.250000   81.129997   clock uncertainty
                                  0.000000   81.129997   clock reconvergence pessimism
                                             81.129997 ^ _2015_/CLK (gf180mcu_fd_sc_mcu7t5v0__dffrnq_1)
                                  0.367019   81.497017   library recovery time
                                             81.497017   data required time
---------------------------------------------------------------------------------------------
                                             81.497017   data required time
                                            -10.000000   data arrival time
---------------------------------------------------------------------------------------------
                                             71.497017   slack (MET)


Startpoint: rst (input port clocked by clk)
Endpoint: _2016_ (recovery check against rising-edge clock clk)
Path Group: asynchronous
Path Type: max

Fanout         Cap        Slew       Delay        Time   Description
---------------------------------------------------------------------------------------------
                      0.000000    0.000000    0.000000   clock clk (rise edge)
                                  0.000000    0.000000   clock network delay (ideal)
                                 10.000000   10.000000 ^ input external delay
   220    1.629788    0.000000    0.000000   10.000000 ^ rst (in)
                                                         rst (net)
                      0.000000    0.000000   10.000000 ^ _2016_/RN (gf180mcu_fd_sc_mcu7t5v0__dffrnq_1)
                                             10.000000   data arrival time

                      0.000000   81.379997   81.379997   clock clk (rise edge)
                                  0.000000   81.379997   clock network delay (ideal)
                                 -0.250000   81.129997   clock uncertainty
                                  0.000000   81.129997   clock reconvergence pessimism
                                             81.129997 ^ _2016_/CLK (gf180mcu_fd_sc_mcu7t5v0__dffrnq_1)
                                  0.367019   81.497017   library recovery time
                                             81.497017   data required time
---------------------------------------------------------------------------------------------
                                             81.497017   data required time
                                            -10.000000   data arrival time
---------------------------------------------------------------------------------------------
                                             71.497017   slack (MET)


Startpoint: rst (input port clocked by clk)
Endpoint: _2017_ (recovery check against rising-edge clock clk)
Path Group: asynchronous
Path Type: max

Fanout         Cap        Slew       Delay        Time   Description
---------------------------------------------------------------------------------------------
                      0.000000    0.000000    0.000000   clock clk (rise edge)
                                  0.000000    0.000000   clock network delay (ideal)
                                 10.000000   10.000000 ^ input external delay
   220    1.629788    0.000000    0.000000   10.000000 ^ rst (in)
                                                         rst (net)
                      0.000000    0.000000   10.000000 ^ _2017_/RN (gf180mcu_fd_sc_mcu7t5v0__dffrnq_1)
                                             10.000000   data arrival time

                      0.000000   81.379997   81.379997   clock clk (rise edge)
                                  0.000000   81.379997   clock network delay (ideal)
                                 -0.250000   81.129997   clock uncertainty
                                  0.000000   81.129997   clock reconvergence pessimism
                                             81.129997 ^ _2017_/CLK (gf180mcu_fd_sc_mcu7t5v0__dffrnq_1)
                                  0.367019   81.497017   library recovery time
                                             81.497017   data required time
---------------------------------------------------------------------------------------------
                                             81.497017   data required time
                                            -10.000000   data arrival time
---------------------------------------------------------------------------------------------
                                             71.497017   slack (MET)


Startpoint: rst (input port clocked by clk)
Endpoint: _2018_ (recovery check against rising-edge clock clk)
Path Group: asynchronous
Path Type: max

Fanout         Cap        Slew       Delay        Time   Description
---------------------------------------------------------------------------------------------
                      0.000000    0.000000    0.000000   clock clk (rise edge)
                                  0.000000    0.000000   clock network delay (ideal)
                                 10.000000   10.000000 ^ input external delay
   220    1.629788    0.000000    0.000000   10.000000 ^ rst (in)
                                                         rst (net)
                      0.000000    0.000000   10.000000 ^ _2018_/RN (gf180mcu_fd_sc_mcu7t5v0__dffrnq_1)
                                             10.000000   data arrival time

                      0.000000   81.379997   81.379997   clock clk (rise edge)
                                  0.000000   81.379997   clock network delay (ideal)
                                 -0.250000   81.129997   clock uncertainty
                                  0.000000   81.129997   clock reconvergence pessimism
                                             81.129997 ^ _2018_/CLK (gf180mcu_fd_sc_mcu7t5v0__dffrnq_1)
                                  0.367019   81.497017   library recovery time
                                             81.497017   data required time
---------------------------------------------------------------------------------------------
                                             81.497017   data required time
                                            -10.000000   data arrival time
---------------------------------------------------------------------------------------------
                                             71.497017   slack (MET)


Startpoint: rst (input port clocked by clk)
Endpoint: _2019_ (recovery check against rising-edge clock clk)
Path Group: asynchronous
Path Type: max

Fanout         Cap        Slew       Delay        Time   Description
---------------------------------------------------------------------------------------------
                      0.000000    0.000000    0.000000   clock clk (rise edge)
                                  0.000000    0.000000   clock network delay (ideal)
                                 10.000000   10.000000 ^ input external delay
   220    1.629788    0.000000    0.000000   10.000000 ^ rst (in)
                                                         rst (net)
                      0.000000    0.000000   10.000000 ^ _2019_/RN (gf180mcu_fd_sc_mcu7t5v0__dffrnq_1)
                                             10.000000   data arrival time

                      0.000000   81.379997   81.379997   clock clk (rise edge)
                                  0.000000   81.379997   clock network delay (ideal)
                                 -0.250000   81.129997   clock uncertainty
                                  0.000000   81.129997   clock reconvergence pessimism
                                             81.129997 ^ _2019_/CLK (gf180mcu_fd_sc_mcu7t5v0__dffrnq_1)
                                  0.367019   81.497017   library recovery time
                                             81.497017   data required time
---------------------------------------------------------------------------------------------
                                             81.497017   data required time
                                            -10.000000   data arrival time
---------------------------------------------------------------------------------------------
                                             71.497017   slack (MET)


Startpoint: rst (input port clocked by clk)
Endpoint: _2020_ (recovery check against rising-edge clock clk)
Path Group: asynchronous
Path Type: max

Fanout         Cap        Slew       Delay        Time   Description
---------------------------------------------------------------------------------------------
                      0.000000    0.000000    0.000000   clock clk (rise edge)
                                  0.000000    0.000000   clock network delay (ideal)
                                 10.000000   10.000000 ^ input external delay
   220    1.629788    0.000000    0.000000   10.000000 ^ rst (in)
                                                         rst (net)
                      0.000000    0.000000   10.000000 ^ _2020_/RN (gf180mcu_fd_sc_mcu7t5v0__dffrnq_1)
                                             10.000000   data arrival time

                      0.000000   81.379997   81.379997   clock clk (rise edge)
                                  0.000000   81.379997   clock network delay (ideal)
                                 -0.250000   81.129997   clock uncertainty
                                  0.000000   81.129997   clock reconvergence pessimism
                                             81.129997 ^ _2020_/CLK (gf180mcu_fd_sc_mcu7t5v0__dffrnq_1)
                                  0.367019   81.497017   library recovery time
                                             81.497017   data required time
---------------------------------------------------------------------------------------------
                                             81.497017   data required time
                                            -10.000000   data arrival time
---------------------------------------------------------------------------------------------
                                             71.497017   slack (MET)


Startpoint: rst (input port clocked by clk)
Endpoint: _2021_ (recovery check against rising-edge clock clk)
Path Group: asynchronous
Path Type: max

Fanout         Cap        Slew       Delay        Time   Description
---------------------------------------------------------------------------------------------
                      0.000000    0.000000    0.000000   clock clk (rise edge)
                                  0.000000    0.000000   clock network delay (ideal)
                                 10.000000   10.000000 ^ input external delay
   220    1.629788    0.000000    0.000000   10.000000 ^ rst (in)
                                                         rst (net)
                      0.000000    0.000000   10.000000 ^ _2021_/RN (gf180mcu_fd_sc_mcu7t5v0__dffrnq_1)
                                             10.000000   data arrival time

                      0.000000   81.379997   81.379997   clock clk (rise edge)
                                  0.000000   81.379997   clock network delay (ideal)
                                 -0.250000   81.129997   clock uncertainty
                                  0.000000   81.129997   clock reconvergence pessimism
                                             81.129997 ^ _2021_/CLK (gf180mcu_fd_sc_mcu7t5v0__dffrnq_1)
                                  0.367019   81.497017   library recovery time
                                             81.497017   data required time
---------------------------------------------------------------------------------------------
                                             81.497017   data required time
                                            -10.000000   data arrival time
---------------------------------------------------------------------------------------------
                                             71.497017   slack (MET)


Startpoint: rst (input port clocked by clk)
Endpoint: _2022_ (recovery check against rising-edge clock clk)
Path Group: asynchronous
Path Type: max

Fanout         Cap        Slew       Delay        Time   Description
---------------------------------------------------------------------------------------------
                      0.000000    0.000000    0.000000   clock clk (rise edge)
                                  0.000000    0.000000   clock network delay (ideal)
                                 10.000000   10.000000 ^ input external delay
   220    1.629788    0.000000    0.000000   10.000000 ^ rst (in)
                                                         rst (net)
                      0.000000    0.000000   10.000000 ^ _2022_/RN (gf180mcu_fd_sc_mcu7t5v0__dffrnq_1)
                                             10.000000   data arrival time

                      0.000000   81.379997   81.379997   clock clk (rise edge)
                                  0.000000   81.379997   clock network delay (ideal)
                                 -0.250000   81.129997   clock uncertainty
                                  0.000000   81.129997   clock reconvergence pessimism
                                             81.129997 ^ _2022_/CLK (gf180mcu_fd_sc_mcu7t5v0__dffrnq_1)
                                  0.367019   81.497017   library recovery time
                                             81.497017   data required time
---------------------------------------------------------------------------------------------
                                             81.497017   data required time
                                            -10.000000   data arrival time
---------------------------------------------------------------------------------------------
                                             71.497017   slack (MET)


Startpoint: rst (input port clocked by clk)
Endpoint: _2023_ (recovery check against rising-edge clock clk)
Path Group: asynchronous
Path Type: max

Fanout         Cap        Slew       Delay        Time   Description
---------------------------------------------------------------------------------------------
                      0.000000    0.000000    0.000000   clock clk (rise edge)
                                  0.000000    0.000000   clock network delay (ideal)
                                 10.000000   10.000000 ^ input external delay
   220    1.629788    0.000000    0.000000   10.000000 ^ rst (in)
                                                         rst (net)
                      0.000000    0.000000   10.000000 ^ _2023_/RN (gf180mcu_fd_sc_mcu7t5v0__dffrnq_1)
                                             10.000000   data arrival time

                      0.000000   81.379997   81.379997   clock clk (rise edge)
                                  0.000000   81.379997   clock network delay (ideal)
                                 -0.250000   81.129997   clock uncertainty
                                  0.000000   81.129997   clock reconvergence pessimism
                                             81.129997 ^ _2023_/CLK (gf180mcu_fd_sc_mcu7t5v0__dffrnq_1)
                                  0.367019   81.497017   library recovery time
                                             81.497017   data required time
---------------------------------------------------------------------------------------------
                                             81.497017   data required time
                                            -10.000000   data arrival time
---------------------------------------------------------------------------------------------
                                             71.497017   slack (MET)


Startpoint: rst (input port clocked by clk)
Endpoint: _2024_ (recovery check against rising-edge clock clk)
Path Group: asynchronous
Path Type: max

Fanout         Cap        Slew       Delay        Time   Description
---------------------------------------------------------------------------------------------
                      0.000000    0.000000    0.000000   clock clk (rise edge)
                                  0.000000    0.000000   clock network delay (ideal)
                                 10.000000   10.000000 ^ input external delay
   220    1.629788    0.000000    0.000000   10.000000 ^ rst (in)
                                                         rst (net)
                      0.000000    0.000000   10.000000 ^ _2024_/RN (gf180mcu_fd_sc_mcu7t5v0__dffrnq_1)
                                             10.000000   data arrival time

                      0.000000   81.379997   81.379997   clock clk (rise edge)
                                  0.000000   81.379997   clock network delay (ideal)
                                 -0.250000   81.129997   clock uncertainty
                                  0.000000   81.129997   clock reconvergence pessimism
                                             81.129997 ^ _2024_/CLK (gf180mcu_fd_sc_mcu7t5v0__dffrnq_1)
                                  0.367019   81.497017   library recovery time
                                             81.497017   data required time
---------------------------------------------------------------------------------------------
                                             81.497017   data required time
                                            -10.000000   data arrival time
---------------------------------------------------------------------------------------------
                                             71.497017   slack (MET)


Startpoint: rst (input port clocked by clk)
Endpoint: _2025_ (recovery check against rising-edge clock clk)
Path Group: asynchronous
Path Type: max

Fanout         Cap        Slew       Delay        Time   Description
---------------------------------------------------------------------------------------------
                      0.000000    0.000000    0.000000   clock clk (rise edge)
                                  0.000000    0.000000   clock network delay (ideal)
                                 10.000000   10.000000 ^ input external delay
   220    1.629788    0.000000    0.000000   10.000000 ^ rst (in)
                                                         rst (net)
                      0.000000    0.000000   10.000000 ^ _2025_/RN (gf180mcu_fd_sc_mcu7t5v0__dffrnq_1)
                                             10.000000   data arrival time

                      0.000000   81.379997   81.379997   clock clk (rise edge)
                                  0.000000   81.379997   clock network delay (ideal)
                                 -0.250000   81.129997   clock uncertainty
                                  0.000000   81.129997   clock reconvergence pessimism
                                             81.129997 ^ _2025_/CLK (gf180mcu_fd_sc_mcu7t5v0__dffrnq_1)
                                  0.367019   81.497017   library recovery time
                                             81.497017   data required time
---------------------------------------------------------------------------------------------
                                             81.497017   data required time
                                            -10.000000   data arrival time
---------------------------------------------------------------------------------------------
                                             71.497017   slack (MET)


Startpoint: rst (input port clocked by clk)
Endpoint: _2026_ (recovery check against rising-edge clock clk)
Path Group: asynchronous
Path Type: max

Fanout         Cap        Slew       Delay        Time   Description
---------------------------------------------------------------------------------------------
                      0.000000    0.000000    0.000000   clock clk (rise edge)
                                  0.000000    0.000000   clock network delay (ideal)
                                 10.000000   10.000000 ^ input external delay
   220    1.629788    0.000000    0.000000   10.000000 ^ rst (in)
                                                         rst (net)
                      0.000000    0.000000   10.000000 ^ _2026_/RN (gf180mcu_fd_sc_mcu7t5v0__dffrnq_1)
                                             10.000000   data arrival time

                      0.000000   81.379997   81.379997   clock clk (rise edge)
                                  0.000000   81.379997   clock network delay (ideal)
                                 -0.250000   81.129997   clock uncertainty
                                  0.000000   81.129997   clock reconvergence pessimism
                                             81.129997 ^ _2026_/CLK (gf180mcu_fd_sc_mcu7t5v0__dffrnq_1)
                                  0.367019   81.497017   library recovery time
                                             81.497017   data required time
---------------------------------------------------------------------------------------------
                                             81.497017   data required time
                                            -10.000000   data arrival time
---------------------------------------------------------------------------------------------
                                             71.497017   slack (MET)


Startpoint: rst (input port clocked by clk)
Endpoint: _2027_ (recovery check against rising-edge clock clk)
Path Group: asynchronous
Path Type: max

Fanout         Cap        Slew       Delay        Time   Description
---------------------------------------------------------------------------------------------
                      0.000000    0.000000    0.000000   clock clk (rise edge)
                                  0.000000    0.000000   clock network delay (ideal)
                                 10.000000   10.000000 ^ input external delay
   220    1.629788    0.000000    0.000000   10.000000 ^ rst (in)
                                                         rst (net)
                      0.000000    0.000000   10.000000 ^ _2027_/RN (gf180mcu_fd_sc_mcu7t5v0__dffrnq_1)
                                             10.000000   data arrival time

                      0.000000   81.379997   81.379997   clock clk (rise edge)
                                  0.000000   81.379997   clock network delay (ideal)
                                 -0.250000   81.129997   clock uncertainty
                                  0.000000   81.129997   clock reconvergence pessimism
                                             81.129997 ^ _2027_/CLK (gf180mcu_fd_sc_mcu7t5v0__dffrnq_1)
                                  0.367019   81.497017   library recovery time
                                             81.497017   data required time
---------------------------------------------------------------------------------------------
                                             81.497017   data required time
                                            -10.000000   data arrival time
---------------------------------------------------------------------------------------------
                                             71.497017   slack (MET)


Startpoint: rst (input port clocked by clk)
Endpoint: _2028_ (recovery check against rising-edge clock clk)
Path Group: asynchronous
Path Type: max

Fanout         Cap        Slew       Delay        Time   Description
---------------------------------------------------------------------------------------------
                      0.000000    0.000000    0.000000   clock clk (rise edge)
                                  0.000000    0.000000   clock network delay (ideal)
                                 10.000000   10.000000 ^ input external delay
   220    1.629788    0.000000    0.000000   10.000000 ^ rst (in)
                                                         rst (net)
                      0.000000    0.000000   10.000000 ^ _2028_/RN (gf180mcu_fd_sc_mcu7t5v0__dffrnq_1)
                                             10.000000   data arrival time

                      0.000000   81.379997   81.379997   clock clk (rise edge)
                                  0.000000   81.379997   clock network delay (ideal)
                                 -0.250000   81.129997   clock uncertainty
                                  0.000000   81.129997   clock reconvergence pessimism
                                             81.129997 ^ _2028_/CLK (gf180mcu_fd_sc_mcu7t5v0__dffrnq_1)
                                  0.367019   81.497017   library recovery time
                                             81.497017   data required time
---------------------------------------------------------------------------------------------
                                             81.497017   data required time
                                            -10.000000   data arrival time
---------------------------------------------------------------------------------------------
                                             71.497017   slack (MET)


Startpoint: rst (input port clocked by clk)
Endpoint: _2029_ (recovery check against rising-edge clock clk)
Path Group: asynchronous
Path Type: max

Fanout         Cap        Slew       Delay        Time   Description
---------------------------------------------------------------------------------------------
                      0.000000    0.000000    0.000000   clock clk (rise edge)
                                  0.000000    0.000000   clock network delay (ideal)
                                 10.000000   10.000000 ^ input external delay
   220    1.629788    0.000000    0.000000   10.000000 ^ rst (in)
                                                         rst (net)
                      0.000000    0.000000   10.000000 ^ _2029_/RN (gf180mcu_fd_sc_mcu7t5v0__dffrnq_1)
                                             10.000000   data arrival time

                      0.000000   81.379997   81.379997   clock clk (rise edge)
                                  0.000000   81.379997   clock network delay (ideal)
                                 -0.250000   81.129997   clock uncertainty
                                  0.000000   81.129997   clock reconvergence pessimism
                                             81.129997 ^ _2029_/CLK (gf180mcu_fd_sc_mcu7t5v0__dffrnq_1)
                                  0.367019   81.497017   library recovery time
                                             81.497017   data required time
---------------------------------------------------------------------------------------------
                                             81.497017   data required time
                                            -10.000000   data arrival time
---------------------------------------------------------------------------------------------
                                             71.497017   slack (MET)


Startpoint: rst (input port clocked by clk)
Endpoint: _2030_ (recovery check against rising-edge clock clk)
Path Group: asynchronous
Path Type: max

Fanout         Cap        Slew       Delay        Time   Description
---------------------------------------------------------------------------------------------
                      0.000000    0.000000    0.000000   clock clk (rise edge)
                                  0.000000    0.000000   clock network delay (ideal)
                                 10.000000   10.000000 ^ input external delay
   220    1.629788    0.000000    0.000000   10.000000 ^ rst (in)
                                                         rst (net)
                      0.000000    0.000000   10.000000 ^ _2030_/RN (gf180mcu_fd_sc_mcu7t5v0__dffrnq_1)
                                             10.000000   data arrival time

                      0.000000   81.379997   81.379997   clock clk (rise edge)
                                  0.000000   81.379997   clock network delay (ideal)
                                 -0.250000   81.129997   clock uncertainty
                                  0.000000   81.129997   clock reconvergence pessimism
                                             81.129997 ^ _2030_/CLK (gf180mcu_fd_sc_mcu7t5v0__dffrnq_1)
                                  0.367019   81.497017   library recovery time
                                             81.497017   data required time
---------------------------------------------------------------------------------------------
                                             81.497017   data required time
                                            -10.000000   data arrival time
---------------------------------------------------------------------------------------------
                                             71.497017   slack (MET)


Startpoint: rst (input port clocked by clk)
Endpoint: _2031_ (recovery check against rising-edge clock clk)
Path Group: asynchronous
Path Type: max

Fanout         Cap        Slew       Delay        Time   Description
---------------------------------------------------------------------------------------------
                      0.000000    0.000000    0.000000   clock clk (rise edge)
                                  0.000000    0.000000   clock network delay (ideal)
                                 10.000000   10.000000 ^ input external delay
   220    1.629788    0.000000    0.000000   10.000000 ^ rst (in)
                                                         rst (net)
                      0.000000    0.000000   10.000000 ^ _2031_/RN (gf180mcu_fd_sc_mcu7t5v0__dffrnq_1)
                                             10.000000   data arrival time

                      0.000000   81.379997   81.379997   clock clk (rise edge)
                                  0.000000   81.379997   clock network delay (ideal)
                                 -0.250000   81.129997   clock uncertainty
                                  0.000000   81.129997   clock reconvergence pessimism
                                             81.129997 ^ _2031_/CLK (gf180mcu_fd_sc_mcu7t5v0__dffrnq_1)
                                  0.367019   81.497017   library recovery time
                                             81.497017   data required time
---------------------------------------------------------------------------------------------
                                             81.497017   data required time
                                            -10.000000   data arrival time
---------------------------------------------------------------------------------------------
                                             71.497017   slack (MET)


Startpoint: rst (input port clocked by clk)
Endpoint: _2032_ (recovery check against rising-edge clock clk)
Path Group: asynchronous
Path Type: max

Fanout         Cap        Slew       Delay        Time   Description
---------------------------------------------------------------------------------------------
                      0.000000    0.000000    0.000000   clock clk (rise edge)
                                  0.000000    0.000000   clock network delay (ideal)
                                 10.000000   10.000000 ^ input external delay
   220    1.629788    0.000000    0.000000   10.000000 ^ rst (in)
                                                         rst (net)
                      0.000000    0.000000   10.000000 ^ _2032_/RN (gf180mcu_fd_sc_mcu7t5v0__dffrnq_1)
                                             10.000000   data arrival time

                      0.000000   81.379997   81.379997   clock clk (rise edge)
                                  0.000000   81.379997   clock network delay (ideal)
                                 -0.250000   81.129997   clock uncertainty
                                  0.000000   81.129997   clock reconvergence pessimism
                                             81.129997 ^ _2032_/CLK (gf180mcu_fd_sc_mcu7t5v0__dffrnq_1)
                                  0.367019   81.497017   library recovery time
                                             81.497017   data required time
---------------------------------------------------------------------------------------------
                                             81.497017   data required time
                                            -10.000000   data arrival time
---------------------------------------------------------------------------------------------
                                             71.497017   slack (MET)


Startpoint: rst (input port clocked by clk)
Endpoint: _2033_ (recovery check against rising-edge clock clk)
Path Group: asynchronous
Path Type: max

Fanout         Cap        Slew       Delay        Time   Description
---------------------------------------------------------------------------------------------
                      0.000000    0.000000    0.000000   clock clk (rise edge)
                                  0.000000    0.000000   clock network delay (ideal)
                                 10.000000   10.000000 ^ input external delay
   220    1.629788    0.000000    0.000000   10.000000 ^ rst (in)
                                                         rst (net)
                      0.000000    0.000000   10.000000 ^ _2033_/RN (gf180mcu_fd_sc_mcu7t5v0__dffrnq_1)
                                             10.000000   data arrival time

                      0.000000   81.379997   81.379997   clock clk (rise edge)
                                  0.000000   81.379997   clock network delay (ideal)
                                 -0.250000   81.129997   clock uncertainty
                                  0.000000   81.129997   clock reconvergence pessimism
                                             81.129997 ^ _2033_/CLK (gf180mcu_fd_sc_mcu7t5v0__dffrnq_1)
                                  0.367019   81.497017   library recovery time
                                             81.497017   data required time
---------------------------------------------------------------------------------------------
                                             81.497017   data required time
                                            -10.000000   data arrival time
---------------------------------------------------------------------------------------------
                                             71.497017   slack (MET)


Startpoint: rst (input port clocked by clk)
Endpoint: _2034_ (recovery check against rising-edge clock clk)
Path Group: asynchronous
Path Type: max

Fanout         Cap        Slew       Delay        Time   Description
---------------------------------------------------------------------------------------------
                      0.000000    0.000000    0.000000   clock clk (rise edge)
                                  0.000000    0.000000   clock network delay (ideal)
                                 10.000000   10.000000 ^ input external delay
   220    1.629788    0.000000    0.000000   10.000000 ^ rst (in)
                                                         rst (net)
                      0.000000    0.000000   10.000000 ^ _2034_/RN (gf180mcu_fd_sc_mcu7t5v0__dffrnq_1)
                                             10.000000   data arrival time

                      0.000000   81.379997   81.379997   clock clk (rise edge)
                                  0.000000   81.379997   clock network delay (ideal)
                                 -0.250000   81.129997   clock uncertainty
                                  0.000000   81.129997   clock reconvergence pessimism
                                             81.129997 ^ _2034_/CLK (gf180mcu_fd_sc_mcu7t5v0__dffrnq_1)
                                  0.367019   81.497017   library recovery time
                                             81.497017   data required time
---------------------------------------------------------------------------------------------
                                             81.497017   data required time
                                            -10.000000   data arrival time
---------------------------------------------------------------------------------------------
                                             71.497017   slack (MET)


Startpoint: rst (input port clocked by clk)
Endpoint: _2035_ (recovery check against rising-edge clock clk)
Path Group: asynchronous
Path Type: max

Fanout         Cap        Slew       Delay        Time   Description
---------------------------------------------------------------------------------------------
                      0.000000    0.000000    0.000000   clock clk (rise edge)
                                  0.000000    0.000000   clock network delay (ideal)
                                 10.000000   10.000000 ^ input external delay
   220    1.629788    0.000000    0.000000   10.000000 ^ rst (in)
                                                         rst (net)
                      0.000000    0.000000   10.000000 ^ _2035_/RN (gf180mcu_fd_sc_mcu7t5v0__dffrnq_1)
                                             10.000000   data arrival time

                      0.000000   81.379997   81.379997   clock clk (rise edge)
                                  0.000000   81.379997   clock network delay (ideal)
                                 -0.250000   81.129997   clock uncertainty
                                  0.000000   81.129997   clock reconvergence pessimism
                                             81.129997 ^ _2035_/CLK (gf180mcu_fd_sc_mcu7t5v0__dffrnq_1)
                                  0.367019   81.497017   library recovery time
                                             81.497017   data required time
---------------------------------------------------------------------------------------------
                                             81.497017   data required time
                                            -10.000000   data arrival time
---------------------------------------------------------------------------------------------
                                             71.497017   slack (MET)


Startpoint: rst (input port clocked by clk)
Endpoint: _2036_ (recovery check against rising-edge clock clk)
Path Group: asynchronous
Path Type: max

Fanout         Cap        Slew       Delay        Time   Description
---------------------------------------------------------------------------------------------
                      0.000000    0.000000    0.000000   clock clk (rise edge)
                                  0.000000    0.000000   clock network delay (ideal)
                                 10.000000   10.000000 ^ input external delay
   220    1.629788    0.000000    0.000000   10.000000 ^ rst (in)
                                                         rst (net)
                      0.000000    0.000000   10.000000 ^ _2036_/RN (gf180mcu_fd_sc_mcu7t5v0__dffrnq_1)
                                             10.000000   data arrival time

                      0.000000   81.379997   81.379997   clock clk (rise edge)
                                  0.000000   81.379997   clock network delay (ideal)
                                 -0.250000   81.129997   clock uncertainty
                                  0.000000   81.129997   clock reconvergence pessimism
                                             81.129997 ^ _2036_/CLK (gf180mcu_fd_sc_mcu7t5v0__dffrnq_1)
                                  0.367019   81.497017   library recovery time
                                             81.497017   data required time
---------------------------------------------------------------------------------------------
                                             81.497017   data required time
                                            -10.000000   data arrival time
---------------------------------------------------------------------------------------------
                                             71.497017   slack (MET)


Startpoint: rst (input port clocked by clk)
Endpoint: _2037_ (recovery check against rising-edge clock clk)
Path Group: asynchronous
Path Type: max

Fanout         Cap        Slew       Delay        Time   Description
---------------------------------------------------------------------------------------------
                      0.000000    0.000000    0.000000   clock clk (rise edge)
                                  0.000000    0.000000   clock network delay (ideal)
                                 10.000000   10.000000 ^ input external delay
   220    1.629788    0.000000    0.000000   10.000000 ^ rst (in)
                                                         rst (net)
                      0.000000    0.000000   10.000000 ^ _2037_/RN (gf180mcu_fd_sc_mcu7t5v0__dffrnq_1)
                                             10.000000   data arrival time

                      0.000000   81.379997   81.379997   clock clk (rise edge)
                                  0.000000   81.379997   clock network delay (ideal)
                                 -0.250000   81.129997   clock uncertainty
                                  0.000000   81.129997   clock reconvergence pessimism
                                             81.129997 ^ _2037_/CLK (gf180mcu_fd_sc_mcu7t5v0__dffrnq_1)
                                  0.367019   81.497017   library recovery time
                                             81.497017   data required time
---------------------------------------------------------------------------------------------
                                             81.497017   data required time
                                            -10.000000   data arrival time
---------------------------------------------------------------------------------------------
                                             71.497017   slack (MET)


Startpoint: rst (input port clocked by clk)
Endpoint: _2038_ (recovery check against rising-edge clock clk)
Path Group: asynchronous
Path Type: max

Fanout         Cap        Slew       Delay        Time   Description
---------------------------------------------------------------------------------------------
                      0.000000    0.000000    0.000000   clock clk (rise edge)
                                  0.000000    0.000000   clock network delay (ideal)
                                 10.000000   10.000000 ^ input external delay
   220    1.629788    0.000000    0.000000   10.000000 ^ rst (in)
                                                         rst (net)
                      0.000000    0.000000   10.000000 ^ _2038_/RN (gf180mcu_fd_sc_mcu7t5v0__dffrnq_1)
                                             10.000000   data arrival time

                      0.000000   81.379997   81.379997   clock clk (rise edge)
                                  0.000000   81.379997   clock network delay (ideal)
                                 -0.250000   81.129997   clock uncertainty
                                  0.000000   81.129997   clock reconvergence pessimism
                                             81.129997 ^ _2038_/CLK (gf180mcu_fd_sc_mcu7t5v0__dffrnq_1)
                                  0.367019   81.497017   library recovery time
                                             81.497017   data required time
---------------------------------------------------------------------------------------------
                                             81.497017   data required time
                                            -10.000000   data arrival time
---------------------------------------------------------------------------------------------
                                             71.497017   slack (MET)


Startpoint: rst (input port clocked by clk)
Endpoint: _2039_ (recovery check against rising-edge clock clk)
Path Group: asynchronous
Path Type: max

Fanout         Cap        Slew       Delay        Time   Description
---------------------------------------------------------------------------------------------
                      0.000000    0.000000    0.000000   clock clk (rise edge)
                                  0.000000    0.000000   clock network delay (ideal)
                                 10.000000   10.000000 ^ input external delay
   220    1.629788    0.000000    0.000000   10.000000 ^ rst (in)
                                                         rst (net)
                      0.000000    0.000000   10.000000 ^ _2039_/RN (gf180mcu_fd_sc_mcu7t5v0__dffrnq_1)
                                             10.000000   data arrival time

                      0.000000   81.379997   81.379997   clock clk (rise edge)
                                  0.000000   81.379997   clock network delay (ideal)
                                 -0.250000   81.129997   clock uncertainty
                                  0.000000   81.129997   clock reconvergence pessimism
                                             81.129997 ^ _2039_/CLK (gf180mcu_fd_sc_mcu7t5v0__dffrnq_1)
                                  0.367019   81.497017   library recovery time
                                             81.497017   data required time
---------------------------------------------------------------------------------------------
                                             81.497017   data required time
                                            -10.000000   data arrival time
---------------------------------------------------------------------------------------------
                                             71.497017   slack (MET)


Startpoint: rst (input port clocked by clk)
Endpoint: _2040_ (recovery check against rising-edge clock clk)
Path Group: asynchronous
Path Type: max

Fanout         Cap        Slew       Delay        Time   Description
---------------------------------------------------------------------------------------------
                      0.000000    0.000000    0.000000   clock clk (rise edge)
                                  0.000000    0.000000   clock network delay (ideal)
                                 10.000000   10.000000 ^ input external delay
   220    1.629788    0.000000    0.000000   10.000000 ^ rst (in)
                                                         rst (net)
                      0.000000    0.000000   10.000000 ^ _2040_/RN (gf180mcu_fd_sc_mcu7t5v0__dffrnq_1)
                                             10.000000   data arrival time

                      0.000000   81.379997   81.379997   clock clk (rise edge)
                                  0.000000   81.379997   clock network delay (ideal)
                                 -0.250000   81.129997   clock uncertainty
                                  0.000000   81.129997   clock reconvergence pessimism
                                             81.129997 ^ _2040_/CLK (gf180mcu_fd_sc_mcu7t5v0__dffrnq_1)
                                  0.367019   81.497017   library recovery time
                                             81.497017   data required time
---------------------------------------------------------------------------------------------
                                             81.497017   data required time
                                            -10.000000   data arrival time
---------------------------------------------------------------------------------------------
                                             71.497017   slack (MET)


Startpoint: rst (input port clocked by clk)
Endpoint: _2041_ (recovery check against rising-edge clock clk)
Path Group: asynchronous
Path Type: max

Fanout         Cap        Slew       Delay        Time   Description
---------------------------------------------------------------------------------------------
                      0.000000    0.000000    0.000000   clock clk (rise edge)
                                  0.000000    0.000000   clock network delay (ideal)
                                 10.000000   10.000000 ^ input external delay
   220    1.629788    0.000000    0.000000   10.000000 ^ rst (in)
                                                         rst (net)
                      0.000000    0.000000   10.000000 ^ _2041_/RN (gf180mcu_fd_sc_mcu7t5v0__dffrnq_1)
                                             10.000000   data arrival time

                      0.000000   81.379997   81.379997   clock clk (rise edge)
                                  0.000000   81.379997   clock network delay (ideal)
                                 -0.250000   81.129997   clock uncertainty
                                  0.000000   81.129997   clock reconvergence pessimism
                                             81.129997 ^ _2041_/CLK (gf180mcu_fd_sc_mcu7t5v0__dffrnq_1)
                                  0.367019   81.497017   library recovery time
                                             81.497017   data required time
---------------------------------------------------------------------------------------------
                                             81.497017   data required time
                                            -10.000000   data arrival time
---------------------------------------------------------------------------------------------
                                             71.497017   slack (MET)


Startpoint: rst (input port clocked by clk)
Endpoint: _2042_ (recovery check against rising-edge clock clk)
Path Group: asynchronous
Path Type: max

Fanout         Cap        Slew       Delay        Time   Description
---------------------------------------------------------------------------------------------
                      0.000000    0.000000    0.000000   clock clk (rise edge)
                                  0.000000    0.000000   clock network delay (ideal)
                                 10.000000   10.000000 ^ input external delay
   220    1.629788    0.000000    0.000000   10.000000 ^ rst (in)
                                                         rst (net)
                      0.000000    0.000000   10.000000 ^ _2042_/RN (gf180mcu_fd_sc_mcu7t5v0__dffrnq_1)
                                             10.000000   data arrival time

                      0.000000   81.379997   81.379997   clock clk (rise edge)
                                  0.000000   81.379997   clock network delay (ideal)
                                 -0.250000   81.129997   clock uncertainty
                                  0.000000   81.129997   clock reconvergence pessimism
                                             81.129997 ^ _2042_/CLK (gf180mcu_fd_sc_mcu7t5v0__dffrnq_1)
                                  0.367019   81.497017   library recovery time
                                             81.497017   data required time
---------------------------------------------------------------------------------------------
                                             81.497017   data required time
                                            -10.000000   data arrival time
---------------------------------------------------------------------------------------------
                                             71.497017   slack (MET)


Startpoint: rst (input port clocked by clk)
Endpoint: _2043_ (recovery check against rising-edge clock clk)
Path Group: asynchronous
Path Type: max

Fanout         Cap        Slew       Delay        Time   Description
---------------------------------------------------------------------------------------------
                      0.000000    0.000000    0.000000   clock clk (rise edge)
                                  0.000000    0.000000   clock network delay (ideal)
                                 10.000000   10.000000 ^ input external delay
   220    1.629788    0.000000    0.000000   10.000000 ^ rst (in)
                                                         rst (net)
                      0.000000    0.000000   10.000000 ^ _2043_/RN (gf180mcu_fd_sc_mcu7t5v0__dffrnq_1)
                                             10.000000   data arrival time

                      0.000000   81.379997   81.379997   clock clk (rise edge)
                                  0.000000   81.379997   clock network delay (ideal)
                                 -0.250000   81.129997   clock uncertainty
                                  0.000000   81.129997   clock reconvergence pessimism
                                             81.129997 ^ _2043_/CLK (gf180mcu_fd_sc_mcu7t5v0__dffrnq_1)
                                  0.367019   81.497017   library recovery time
                                             81.497017   data required time
---------------------------------------------------------------------------------------------
                                             81.497017   data required time
                                            -10.000000   data arrival time
---------------------------------------------------------------------------------------------
                                             71.497017   slack (MET)


Startpoint: rst (input port clocked by clk)
Endpoint: _2044_ (recovery check against rising-edge clock clk)
Path Group: asynchronous
Path Type: max

Fanout         Cap        Slew       Delay        Time   Description
---------------------------------------------------------------------------------------------
                      0.000000    0.000000    0.000000   clock clk (rise edge)
                                  0.000000    0.000000   clock network delay (ideal)
                                 10.000000   10.000000 ^ input external delay
   220    1.629788    0.000000    0.000000   10.000000 ^ rst (in)
                                                         rst (net)
                      0.000000    0.000000   10.000000 ^ _2044_/RN (gf180mcu_fd_sc_mcu7t5v0__dffrnq_1)
                                             10.000000   data arrival time

                      0.000000   81.379997   81.379997   clock clk (rise edge)
                                  0.000000   81.379997   clock network delay (ideal)
                                 -0.250000   81.129997   clock uncertainty
                                  0.000000   81.129997   clock reconvergence pessimism
                                             81.129997 ^ _2044_/CLK (gf180mcu_fd_sc_mcu7t5v0__dffrnq_1)
                                  0.367019   81.497017   library recovery time
                                             81.497017   data required time
---------------------------------------------------------------------------------------------
                                             81.497017   data required time
                                            -10.000000   data arrival time
---------------------------------------------------------------------------------------------
                                             71.497017   slack (MET)


Startpoint: rst (input port clocked by clk)
Endpoint: _2045_ (recovery check against rising-edge clock clk)
Path Group: asynchronous
Path Type: max

Fanout         Cap        Slew       Delay        Time   Description
---------------------------------------------------------------------------------------------
                      0.000000    0.000000    0.000000   clock clk (rise edge)
                                  0.000000    0.000000   clock network delay (ideal)
                                 10.000000   10.000000 ^ input external delay
   220    1.629788    0.000000    0.000000   10.000000 ^ rst (in)
                                                         rst (net)
                      0.000000    0.000000   10.000000 ^ _2045_/RN (gf180mcu_fd_sc_mcu7t5v0__dffrnq_1)
                                             10.000000   data arrival time

                      0.000000   81.379997   81.379997   clock clk (rise edge)
                                  0.000000   81.379997   clock network delay (ideal)
                                 -0.250000   81.129997   clock uncertainty
                                  0.000000   81.129997   clock reconvergence pessimism
                                             81.129997 ^ _2045_/CLK (gf180mcu_fd_sc_mcu7t5v0__dffrnq_1)
                                  0.367019   81.497017   library recovery time
                                             81.497017   data required time
---------------------------------------------------------------------------------------------
                                             81.497017   data required time
                                            -10.000000   data arrival time
---------------------------------------------------------------------------------------------
                                             71.497017   slack (MET)


Startpoint: rst (input port clocked by clk)
Endpoint: _2046_ (recovery check against rising-edge clock clk)
Path Group: asynchronous
Path Type: max

Fanout         Cap        Slew       Delay        Time   Description
---------------------------------------------------------------------------------------------
                      0.000000    0.000000    0.000000   clock clk (rise edge)
                                  0.000000    0.000000   clock network delay (ideal)
                                 10.000000   10.000000 ^ input external delay
   220    1.629788    0.000000    0.000000   10.000000 ^ rst (in)
                                                         rst (net)
                      0.000000    0.000000   10.000000 ^ _2046_/RN (gf180mcu_fd_sc_mcu7t5v0__dffrnq_1)
                                             10.000000   data arrival time

                      0.000000   81.379997   81.379997   clock clk (rise edge)
                                  0.000000   81.379997   clock network delay (ideal)
                                 -0.250000   81.129997   clock uncertainty
                                  0.000000   81.129997   clock reconvergence pessimism
                                             81.129997 ^ _2046_/CLK (gf180mcu_fd_sc_mcu7t5v0__dffrnq_1)
                                  0.367019   81.497017   library recovery time
                                             81.497017   data required time
---------------------------------------------------------------------------------------------
                                             81.497017   data required time
                                            -10.000000   data arrival time
---------------------------------------------------------------------------------------------
                                             71.497017   slack (MET)


Startpoint: rst (input port clocked by clk)
Endpoint: _2047_ (recovery check against rising-edge clock clk)
Path Group: asynchronous
Path Type: max

Fanout         Cap        Slew       Delay        Time   Description
---------------------------------------------------------------------------------------------
                      0.000000    0.000000    0.000000   clock clk (rise edge)
                                  0.000000    0.000000   clock network delay (ideal)
                                 10.000000   10.000000 ^ input external delay
   220    1.629788    0.000000    0.000000   10.000000 ^ rst (in)
                                                         rst (net)
                      0.000000    0.000000   10.000000 ^ _2047_/RN (gf180mcu_fd_sc_mcu7t5v0__dffrnq_1)
                                             10.000000   data arrival time

                      0.000000   81.379997   81.379997   clock clk (rise edge)
                                  0.000000   81.379997   clock network delay (ideal)
                                 -0.250000   81.129997   clock uncertainty
                                  0.000000   81.129997   clock reconvergence pessimism
                                             81.129997 ^ _2047_/CLK (gf180mcu_fd_sc_mcu7t5v0__dffrnq_1)
                                  0.367019   81.497017   library recovery time
                                             81.497017   data required time
---------------------------------------------------------------------------------------------
                                             81.497017   data required time
                                            -10.000000   data arrival time
---------------------------------------------------------------------------------------------
                                             71.497017   slack (MET)


Startpoint: rst (input port clocked by clk)
Endpoint: _2048_ (recovery check against rising-edge clock clk)
Path Group: asynchronous
Path Type: max

Fanout         Cap        Slew       Delay        Time   Description
---------------------------------------------------------------------------------------------
                      0.000000    0.000000    0.000000   clock clk (rise edge)
                                  0.000000    0.000000   clock network delay (ideal)
                                 10.000000   10.000000 ^ input external delay
   220    1.629788    0.000000    0.000000   10.000000 ^ rst (in)
                                                         rst (net)
                      0.000000    0.000000   10.000000 ^ _2048_/RN (gf180mcu_fd_sc_mcu7t5v0__dffrnq_1)
                                             10.000000   data arrival time

                      0.000000   81.379997   81.379997   clock clk (rise edge)
                                  0.000000   81.379997   clock network delay (ideal)
                                 -0.250000   81.129997   clock uncertainty
                                  0.000000   81.129997   clock reconvergence pessimism
                                             81.129997 ^ _2048_/CLK (gf180mcu_fd_sc_mcu7t5v0__dffrnq_1)
                                  0.367019   81.497017   library recovery time
                                             81.497017   data required time
---------------------------------------------------------------------------------------------
                                             81.497017   data required time
                                            -10.000000   data arrival time
---------------------------------------------------------------------------------------------
                                             71.497017   slack (MET)


Startpoint: rst (input port clocked by clk)
Endpoint: _2049_ (recovery check against rising-edge clock clk)
Path Group: asynchronous
Path Type: max

Fanout         Cap        Slew       Delay        Time   Description
---------------------------------------------------------------------------------------------
                      0.000000    0.000000    0.000000   clock clk (rise edge)
                                  0.000000    0.000000   clock network delay (ideal)
                                 10.000000   10.000000 ^ input external delay
   220    1.629788    0.000000    0.000000   10.000000 ^ rst (in)
                                                         rst (net)
                      0.000000    0.000000   10.000000 ^ _2049_/RN (gf180mcu_fd_sc_mcu7t5v0__dffrnq_1)
                                             10.000000   data arrival time

                      0.000000   81.379997   81.379997   clock clk (rise edge)
                                  0.000000   81.379997   clock network delay (ideal)
                                 -0.250000   81.129997   clock uncertainty
                                  0.000000   81.129997   clock reconvergence pessimism
                                             81.129997 ^ _2049_/CLK (gf180mcu_fd_sc_mcu7t5v0__dffrnq_1)
                                  0.367019   81.497017   library recovery time
                                             81.497017   data required time
---------------------------------------------------------------------------------------------
                                             81.497017   data required time
                                            -10.000000   data arrival time
---------------------------------------------------------------------------------------------
                                             71.497017   slack (MET)


Startpoint: rst (input port clocked by clk)
Endpoint: _2050_ (recovery check against rising-edge clock clk)
Path Group: asynchronous
Path Type: max

Fanout         Cap        Slew       Delay        Time   Description
---------------------------------------------------------------------------------------------
                      0.000000    0.000000    0.000000   clock clk (rise edge)
                                  0.000000    0.000000   clock network delay (ideal)
                                 10.000000   10.000000 ^ input external delay
   220    1.629788    0.000000    0.000000   10.000000 ^ rst (in)
                                                         rst (net)
                      0.000000    0.000000   10.000000 ^ _2050_/RN (gf180mcu_fd_sc_mcu7t5v0__dffrnq_1)
                                             10.000000   data arrival time

                      0.000000   81.379997   81.379997   clock clk (rise edge)
                                  0.000000   81.379997   clock network delay (ideal)
                                 -0.250000   81.129997   clock uncertainty
                                  0.000000   81.129997   clock reconvergence pessimism
                                             81.129997 ^ _2050_/CLK (gf180mcu_fd_sc_mcu7t5v0__dffrnq_1)
                                  0.367019   81.497017   library recovery time
                                             81.497017   data required time
---------------------------------------------------------------------------------------------
                                             81.497017   data required time
                                            -10.000000   data arrival time
---------------------------------------------------------------------------------------------
                                             71.497017   slack (MET)


Startpoint: rst (input port clocked by clk)
Endpoint: _2051_ (recovery check against rising-edge clock clk)
Path Group: asynchronous
Path Type: max

Fanout         Cap        Slew       Delay        Time   Description
---------------------------------------------------------------------------------------------
                      0.000000    0.000000    0.000000   clock clk (rise edge)
                                  0.000000    0.000000   clock network delay (ideal)
                                 10.000000   10.000000 ^ input external delay
   220    1.629788    0.000000    0.000000   10.000000 ^ rst (in)
                                                         rst (net)
                      0.000000    0.000000   10.000000 ^ _2051_/RN (gf180mcu_fd_sc_mcu7t5v0__dffrnq_1)
                                             10.000000   data arrival time

                      0.000000   81.379997   81.379997   clock clk (rise edge)
                                  0.000000   81.379997   clock network delay (ideal)
                                 -0.250000   81.129997   clock uncertainty
                                  0.000000   81.129997   clock reconvergence pessimism
                                             81.129997 ^ _2051_/CLK (gf180mcu_fd_sc_mcu7t5v0__dffrnq_1)
                                  0.367019   81.497017   library recovery time
                                             81.497017   data required time
---------------------------------------------------------------------------------------------
                                             81.497017   data required time
                                            -10.000000   data arrival time
---------------------------------------------------------------------------------------------
                                             71.497017   slack (MET)


Startpoint: rst (input port clocked by clk)
Endpoint: _2052_ (recovery check against rising-edge clock clk)
Path Group: asynchronous
Path Type: max

Fanout         Cap        Slew       Delay        Time   Description
---------------------------------------------------------------------------------------------
                      0.000000    0.000000    0.000000   clock clk (rise edge)
                                  0.000000    0.000000   clock network delay (ideal)
                                 10.000000   10.000000 ^ input external delay
   220    1.629788    0.000000    0.000000   10.000000 ^ rst (in)
                                                         rst (net)
                      0.000000    0.000000   10.000000 ^ _2052_/RN (gf180mcu_fd_sc_mcu7t5v0__dffrnq_1)
                                             10.000000   data arrival time

                      0.000000   81.379997   81.379997   clock clk (rise edge)
                                  0.000000   81.379997   clock network delay (ideal)
                                 -0.250000   81.129997   clock uncertainty
                                  0.000000   81.129997   clock reconvergence pessimism
                                             81.129997 ^ _2052_/CLK (gf180mcu_fd_sc_mcu7t5v0__dffrnq_1)
                                  0.367019   81.497017   library recovery time
                                             81.497017   data required time
---------------------------------------------------------------------------------------------
                                             81.497017   data required time
                                            -10.000000   data arrival time
---------------------------------------------------------------------------------------------
                                             71.497017   slack (MET)


Startpoint: rst (input port clocked by clk)
Endpoint: _2053_ (recovery check against rising-edge clock clk)
Path Group: asynchronous
Path Type: max

Fanout         Cap        Slew       Delay        Time   Description
---------------------------------------------------------------------------------------------
                      0.000000    0.000000    0.000000   clock clk (rise edge)
                                  0.000000    0.000000   clock network delay (ideal)
                                 10.000000   10.000000 ^ input external delay
   220    1.629788    0.000000    0.000000   10.000000 ^ rst (in)
                                                         rst (net)
                      0.000000    0.000000   10.000000 ^ _2053_/RN (gf180mcu_fd_sc_mcu7t5v0__dffrnq_1)
                                             10.000000   data arrival time

                      0.000000   81.379997   81.379997   clock clk (rise edge)
                                  0.000000   81.379997   clock network delay (ideal)
                                 -0.250000   81.129997   clock uncertainty
                                  0.000000   81.129997   clock reconvergence pessimism
                                             81.129997 ^ _2053_/CLK (gf180mcu_fd_sc_mcu7t5v0__dffrnq_1)
                                  0.367019   81.497017   library recovery time
                                             81.497017   data required time
---------------------------------------------------------------------------------------------
                                             81.497017   data required time
                                            -10.000000   data arrival time
---------------------------------------------------------------------------------------------
                                             71.497017   slack (MET)


Startpoint: rst (input port clocked by clk)
Endpoint: _2054_ (recovery check against rising-edge clock clk)
Path Group: asynchronous
Path Type: max

Fanout         Cap        Slew       Delay        Time   Description
---------------------------------------------------------------------------------------------
                      0.000000    0.000000    0.000000   clock clk (rise edge)
                                  0.000000    0.000000   clock network delay (ideal)
                                 10.000000   10.000000 ^ input external delay
   220    1.629788    0.000000    0.000000   10.000000 ^ rst (in)
                                                         rst (net)
                      0.000000    0.000000   10.000000 ^ _2054_/RN (gf180mcu_fd_sc_mcu7t5v0__dffrnq_1)
                                             10.000000   data arrival time

                      0.000000   81.379997   81.379997   clock clk (rise edge)
                                  0.000000   81.379997   clock network delay (ideal)
                                 -0.250000   81.129997   clock uncertainty
                                  0.000000   81.129997   clock reconvergence pessimism
                                             81.129997 ^ _2054_/CLK (gf180mcu_fd_sc_mcu7t5v0__dffrnq_1)
                                  0.367019   81.497017   library recovery time
                                             81.497017   data required time
---------------------------------------------------------------------------------------------
                                             81.497017   data required time
                                            -10.000000   data arrival time
---------------------------------------------------------------------------------------------
                                             71.497017   slack (MET)


Startpoint: rst (input port clocked by clk)
Endpoint: _2055_ (recovery check against rising-edge clock clk)
Path Group: asynchronous
Path Type: max

Fanout         Cap        Slew       Delay        Time   Description
---------------------------------------------------------------------------------------------
                      0.000000    0.000000    0.000000   clock clk (rise edge)
                                  0.000000    0.000000   clock network delay (ideal)
                                 10.000000   10.000000 ^ input external delay
   220    1.629788    0.000000    0.000000   10.000000 ^ rst (in)
                                                         rst (net)
                      0.000000    0.000000   10.000000 ^ _2055_/RN (gf180mcu_fd_sc_mcu7t5v0__dffrnq_1)
                                             10.000000   data arrival time

                      0.000000   81.379997   81.379997   clock clk (rise edge)
                                  0.000000   81.379997   clock network delay (ideal)
                                 -0.250000   81.129997   clock uncertainty
                                  0.000000   81.129997   clock reconvergence pessimism
                                             81.129997 ^ _2055_/CLK (gf180mcu_fd_sc_mcu7t5v0__dffrnq_1)
                                  0.367019   81.497017   library recovery time
                                             81.497017   data required time
---------------------------------------------------------------------------------------------
                                             81.497017   data required time
                                            -10.000000   data arrival time
---------------------------------------------------------------------------------------------
                                             71.497017   slack (MET)


Startpoint: rst (input port clocked by clk)
Endpoint: _2056_ (recovery check against rising-edge clock clk)
Path Group: asynchronous
Path Type: max

Fanout         Cap        Slew       Delay        Time   Description
---------------------------------------------------------------------------------------------
                      0.000000    0.000000    0.000000   clock clk (rise edge)
                                  0.000000    0.000000   clock network delay (ideal)
                                 10.000000   10.000000 ^ input external delay
   220    1.629788    0.000000    0.000000   10.000000 ^ rst (in)
                                                         rst (net)
                      0.000000    0.000000   10.000000 ^ _2056_/RN (gf180mcu_fd_sc_mcu7t5v0__dffrnq_1)
                                             10.000000   data arrival time

                      0.000000   81.379997   81.379997   clock clk (rise edge)
                                  0.000000   81.379997   clock network delay (ideal)
                                 -0.250000   81.129997   clock uncertainty
                                  0.000000   81.129997   clock reconvergence pessimism
                                             81.129997 ^ _2056_/CLK (gf180mcu_fd_sc_mcu7t5v0__dffrnq_1)
                                  0.367019   81.497017   library recovery time
                                             81.497017   data required time
---------------------------------------------------------------------------------------------
                                             81.497017   data required time
                                            -10.000000   data arrival time
---------------------------------------------------------------------------------------------
                                             71.497017   slack (MET)


Startpoint: rst (input port clocked by clk)
Endpoint: _2057_ (recovery check against rising-edge clock clk)
Path Group: asynchronous
Path Type: max

Fanout         Cap        Slew       Delay        Time   Description
---------------------------------------------------------------------------------------------
                      0.000000    0.000000    0.000000   clock clk (rise edge)
                                  0.000000    0.000000   clock network delay (ideal)
                                 10.000000   10.000000 ^ input external delay
   220    1.629788    0.000000    0.000000   10.000000 ^ rst (in)
                                                         rst (net)
                      0.000000    0.000000   10.000000 ^ _2057_/RN (gf180mcu_fd_sc_mcu7t5v0__dffrnq_1)
                                             10.000000   data arrival time

                      0.000000   81.379997   81.379997   clock clk (rise edge)
                                  0.000000   81.379997   clock network delay (ideal)
                                 -0.250000   81.129997   clock uncertainty
                                  0.000000   81.129997   clock reconvergence pessimism
                                             81.129997 ^ _2057_/CLK (gf180mcu_fd_sc_mcu7t5v0__dffrnq_1)
                                  0.367019   81.497017   library recovery time
                                             81.497017   data required time
---------------------------------------------------------------------------------------------
                                             81.497017   data required time
                                            -10.000000   data arrival time
---------------------------------------------------------------------------------------------
                                             71.497017   slack (MET)


Startpoint: rst (input port clocked by clk)
Endpoint: _2058_ (recovery check against rising-edge clock clk)
Path Group: asynchronous
Path Type: max

Fanout         Cap        Slew       Delay        Time   Description
---------------------------------------------------------------------------------------------
                      0.000000    0.000000    0.000000   clock clk (rise edge)
                                  0.000000    0.000000   clock network delay (ideal)
                                 10.000000   10.000000 ^ input external delay
   220    1.629788    0.000000    0.000000   10.000000 ^ rst (in)
                                                         rst (net)
                      0.000000    0.000000   10.000000 ^ _2058_/RN (gf180mcu_fd_sc_mcu7t5v0__dffrnq_1)
                                             10.000000   data arrival time

                      0.000000   81.379997   81.379997   clock clk (rise edge)
                                  0.000000   81.379997   clock network delay (ideal)
                                 -0.250000   81.129997   clock uncertainty
                                  0.000000   81.129997   clock reconvergence pessimism
                                             81.129997 ^ _2058_/CLK (gf180mcu_fd_sc_mcu7t5v0__dffrnq_1)
                                  0.367019   81.497017   library recovery time
                                             81.497017   data required time
---------------------------------------------------------------------------------------------
                                             81.497017   data required time
                                            -10.000000   data arrival time
---------------------------------------------------------------------------------------------
                                             71.497017   slack (MET)


Startpoint: rst (input port clocked by clk)
Endpoint: _2059_ (recovery check against rising-edge clock clk)
Path Group: asynchronous
Path Type: max

Fanout         Cap        Slew       Delay        Time   Description
---------------------------------------------------------------------------------------------
                      0.000000    0.000000    0.000000   clock clk (rise edge)
                                  0.000000    0.000000   clock network delay (ideal)
                                 10.000000   10.000000 ^ input external delay
   220    1.629788    0.000000    0.000000   10.000000 ^ rst (in)
                                                         rst (net)
                      0.000000    0.000000   10.000000 ^ _2059_/RN (gf180mcu_fd_sc_mcu7t5v0__dffrnq_1)
                                             10.000000   data arrival time

                      0.000000   81.379997   81.379997   clock clk (rise edge)
                                  0.000000   81.379997   clock network delay (ideal)
                                 -0.250000   81.129997   clock uncertainty
                                  0.000000   81.129997   clock reconvergence pessimism
                                             81.129997 ^ _2059_/CLK (gf180mcu_fd_sc_mcu7t5v0__dffrnq_1)
                                  0.367019   81.497017   library recovery time
                                             81.497017   data required time
---------------------------------------------------------------------------------------------
                                             81.497017   data required time
                                            -10.000000   data arrival time
---------------------------------------------------------------------------------------------
                                             71.497017   slack (MET)


Startpoint: rst (input port clocked by clk)
Endpoint: _2060_ (recovery check against rising-edge clock clk)
Path Group: asynchronous
Path Type: max

Fanout         Cap        Slew       Delay        Time   Description
---------------------------------------------------------------------------------------------
                      0.000000    0.000000    0.000000   clock clk (rise edge)
                                  0.000000    0.000000   clock network delay (ideal)
                                 10.000000   10.000000 ^ input external delay
   220    1.629788    0.000000    0.000000   10.000000 ^ rst (in)
                                                         rst (net)
                      0.000000    0.000000   10.000000 ^ _2060_/RN (gf180mcu_fd_sc_mcu7t5v0__dffrnq_1)
                                             10.000000   data arrival time

                      0.000000   81.379997   81.379997   clock clk (rise edge)
                                  0.000000   81.379997   clock network delay (ideal)
                                 -0.250000   81.129997   clock uncertainty
                                  0.000000   81.129997   clock reconvergence pessimism
                                             81.129997 ^ _2060_/CLK (gf180mcu_fd_sc_mcu7t5v0__dffrnq_1)
                                  0.367019   81.497017   library recovery time
                                             81.497017   data required time
---------------------------------------------------------------------------------------------
                                             81.497017   data required time
                                            -10.000000   data arrival time
---------------------------------------------------------------------------------------------
                                             71.497017   slack (MET)


Startpoint: rst (input port clocked by clk)
Endpoint: _2061_ (recovery check against rising-edge clock clk)
Path Group: asynchronous
Path Type: max

Fanout         Cap        Slew       Delay        Time   Description
---------------------------------------------------------------------------------------------
                      0.000000    0.000000    0.000000   clock clk (rise edge)
                                  0.000000    0.000000   clock network delay (ideal)
                                 10.000000   10.000000 ^ input external delay
   220    1.629788    0.000000    0.000000   10.000000 ^ rst (in)
                                                         rst (net)
                      0.000000    0.000000   10.000000 ^ _2061_/RN (gf180mcu_fd_sc_mcu7t5v0__dffrnq_1)
                                             10.000000   data arrival time

                      0.000000   81.379997   81.379997   clock clk (rise edge)
                                  0.000000   81.379997   clock network delay (ideal)
                                 -0.250000   81.129997   clock uncertainty
                                  0.000000   81.129997   clock reconvergence pessimism
                                             81.129997 ^ _2061_/CLK (gf180mcu_fd_sc_mcu7t5v0__dffrnq_1)
                                  0.367019   81.497017   library recovery time
                                             81.497017   data required time
---------------------------------------------------------------------------------------------
                                             81.497017   data required time
                                            -10.000000   data arrival time
---------------------------------------------------------------------------------------------
                                             71.497017   slack (MET)


Startpoint: rst (input port clocked by clk)
Endpoint: _2062_ (recovery check against rising-edge clock clk)
Path Group: asynchronous
Path Type: max

Fanout         Cap        Slew       Delay        Time   Description
---------------------------------------------------------------------------------------------
                      0.000000    0.000000    0.000000   clock clk (rise edge)
                                  0.000000    0.000000   clock network delay (ideal)
                                 10.000000   10.000000 ^ input external delay
   220    1.629788    0.000000    0.000000   10.000000 ^ rst (in)
                                                         rst (net)
                      0.000000    0.000000   10.000000 ^ _2062_/RN (gf180mcu_fd_sc_mcu7t5v0__dffrnq_1)
                                             10.000000   data arrival time

                      0.000000   81.379997   81.379997   clock clk (rise edge)
                                  0.000000   81.379997   clock network delay (ideal)
                                 -0.250000   81.129997   clock uncertainty
                                  0.000000   81.129997   clock reconvergence pessimism
                                             81.129997 ^ _2062_/CLK (gf180mcu_fd_sc_mcu7t5v0__dffrnq_1)
                                  0.367019   81.497017   library recovery time
                                             81.497017   data required time
---------------------------------------------------------------------------------------------
                                             81.497017   data required time
                                            -10.000000   data arrival time
---------------------------------------------------------------------------------------------
                                             71.497017   slack (MET)


Startpoint: rst (input port clocked by clk)
Endpoint: _2063_ (recovery check against rising-edge clock clk)
Path Group: asynchronous
Path Type: max

Fanout         Cap        Slew       Delay        Time   Description
---------------------------------------------------------------------------------------------
                      0.000000    0.000000    0.000000   clock clk (rise edge)
                                  0.000000    0.000000   clock network delay (ideal)
                                 10.000000   10.000000 ^ input external delay
   220    1.629788    0.000000    0.000000   10.000000 ^ rst (in)
                                                         rst (net)
                      0.000000    0.000000   10.000000 ^ _2063_/RN (gf180mcu_fd_sc_mcu7t5v0__dffrnq_1)
                                             10.000000   data arrival time

                      0.000000   81.379997   81.379997   clock clk (rise edge)
                                  0.000000   81.379997   clock network delay (ideal)
                                 -0.250000   81.129997   clock uncertainty
                                  0.000000   81.129997   clock reconvergence pessimism
                                             81.129997 ^ _2063_/CLK (gf180mcu_fd_sc_mcu7t5v0__dffrnq_1)
                                  0.367019   81.497017   library recovery time
                                             81.497017   data required time
---------------------------------------------------------------------------------------------
                                             81.497017   data required time
                                            -10.000000   data arrival time
---------------------------------------------------------------------------------------------
                                             71.497017   slack (MET)


Startpoint: rst (input port clocked by clk)
Endpoint: _2064_ (recovery check against rising-edge clock clk)
Path Group: asynchronous
Path Type: max

Fanout         Cap        Slew       Delay        Time   Description
---------------------------------------------------------------------------------------------
                      0.000000    0.000000    0.000000   clock clk (rise edge)
                                  0.000000    0.000000   clock network delay (ideal)
                                 10.000000   10.000000 ^ input external delay
   220    1.629788    0.000000    0.000000   10.000000 ^ rst (in)
                                                         rst (net)
                      0.000000    0.000000   10.000000 ^ _2064_/RN (gf180mcu_fd_sc_mcu7t5v0__dffrnq_1)
                                             10.000000   data arrival time

                      0.000000   81.379997   81.379997   clock clk (rise edge)
                                  0.000000   81.379997   clock network delay (ideal)
                                 -0.250000   81.129997   clock uncertainty
                                  0.000000   81.129997   clock reconvergence pessimism
                                             81.129997 ^ _2064_/CLK (gf180mcu_fd_sc_mcu7t5v0__dffrnq_1)
                                  0.367019   81.497017   library recovery time
                                             81.497017   data required time
---------------------------------------------------------------------------------------------
                                             81.497017   data required time
                                            -10.000000   data arrival time
---------------------------------------------------------------------------------------------
                                             71.497017   slack (MET)


Startpoint: rst (input port clocked by clk)
Endpoint: _2065_ (recovery check against rising-edge clock clk)
Path Group: asynchronous
Path Type: max

Fanout         Cap        Slew       Delay        Time   Description
---------------------------------------------------------------------------------------------
                      0.000000    0.000000    0.000000   clock clk (rise edge)
                                  0.000000    0.000000   clock network delay (ideal)
                                 10.000000   10.000000 ^ input external delay
   220    1.629788    0.000000    0.000000   10.000000 ^ rst (in)
                                                         rst (net)
                      0.000000    0.000000   10.000000 ^ _2065_/RN (gf180mcu_fd_sc_mcu7t5v0__dffrnq_1)
                                             10.000000   data arrival time

                      0.000000   81.379997   81.379997   clock clk (rise edge)
                                  0.000000   81.379997   clock network delay (ideal)
                                 -0.250000   81.129997   clock uncertainty
                                  0.000000   81.129997   clock reconvergence pessimism
                                             81.129997 ^ _2065_/CLK (gf180mcu_fd_sc_mcu7t5v0__dffrnq_1)
                                  0.367019   81.497017   library recovery time
                                             81.497017   data required time
---------------------------------------------------------------------------------------------
                                             81.497017   data required time
                                            -10.000000   data arrival time
---------------------------------------------------------------------------------------------
                                             71.497017   slack (MET)


Startpoint: rst (input port clocked by clk)
Endpoint: _2066_ (recovery check against rising-edge clock clk)
Path Group: asynchronous
Path Type: max

Fanout         Cap        Slew       Delay        Time   Description
---------------------------------------------------------------------------------------------
                      0.000000    0.000000    0.000000   clock clk (rise edge)
                                  0.000000    0.000000   clock network delay (ideal)
                                 10.000000   10.000000 ^ input external delay
   220    1.629788    0.000000    0.000000   10.000000 ^ rst (in)
                                                         rst (net)
                      0.000000    0.000000   10.000000 ^ _2066_/RN (gf180mcu_fd_sc_mcu7t5v0__dffrnq_1)
                                             10.000000   data arrival time

                      0.000000   81.379997   81.379997   clock clk (rise edge)
                                  0.000000   81.379997   clock network delay (ideal)
                                 -0.250000   81.129997   clock uncertainty
                                  0.000000   81.129997   clock reconvergence pessimism
                                             81.129997 ^ _2066_/CLK (gf180mcu_fd_sc_mcu7t5v0__dffrnq_1)
                                  0.367019   81.497017   library recovery time
                                             81.497017   data required time
---------------------------------------------------------------------------------------------
                                             81.497017   data required time
                                            -10.000000   data arrival time
---------------------------------------------------------------------------------------------
                                             71.497017   slack (MET)


Startpoint: rst (input port clocked by clk)
Endpoint: _2067_ (recovery check against rising-edge clock clk)
Path Group: asynchronous
Path Type: max

Fanout         Cap        Slew       Delay        Time   Description
---------------------------------------------------------------------------------------------
                      0.000000    0.000000    0.000000   clock clk (rise edge)
                                  0.000000    0.000000   clock network delay (ideal)
                                 10.000000   10.000000 ^ input external delay
   220    1.629788    0.000000    0.000000   10.000000 ^ rst (in)
                                                         rst (net)
                      0.000000    0.000000   10.000000 ^ _2067_/RN (gf180mcu_fd_sc_mcu7t5v0__dffrnq_1)
                                             10.000000   data arrival time

                      0.000000   81.379997   81.379997   clock clk (rise edge)
                                  0.000000   81.379997   clock network delay (ideal)
                                 -0.250000   81.129997   clock uncertainty
                                  0.000000   81.129997   clock reconvergence pessimism
                                             81.129997 ^ _2067_/CLK (gf180mcu_fd_sc_mcu7t5v0__dffrnq_1)
                                  0.367019   81.497017   library recovery time
                                             81.497017   data required time
---------------------------------------------------------------------------------------------
                                             81.497017   data required time
                                            -10.000000   data arrival time
---------------------------------------------------------------------------------------------
                                             71.497017   slack (MET)


Startpoint: rst (input port clocked by clk)
Endpoint: _2068_ (recovery check against rising-edge clock clk)
Path Group: asynchronous
Path Type: max

Fanout         Cap        Slew       Delay        Time   Description
---------------------------------------------------------------------------------------------
                      0.000000    0.000000    0.000000   clock clk (rise edge)
                                  0.000000    0.000000   clock network delay (ideal)
                                 10.000000   10.000000 ^ input external delay
   220    1.629788    0.000000    0.000000   10.000000 ^ rst (in)
                                                         rst (net)
                      0.000000    0.000000   10.000000 ^ _2068_/RN (gf180mcu_fd_sc_mcu7t5v0__dffrnq_1)
                                             10.000000   data arrival time

                      0.000000   81.379997   81.379997   clock clk (rise edge)
                                  0.000000   81.379997   clock network delay (ideal)
                                 -0.250000   81.129997   clock uncertainty
                                  0.000000   81.129997   clock reconvergence pessimism
                                             81.129997 ^ _2068_/CLK (gf180mcu_fd_sc_mcu7t5v0__dffrnq_1)
                                  0.367019   81.497017   library recovery time
                                             81.497017   data required time
---------------------------------------------------------------------------------------------
                                             81.497017   data required time
                                            -10.000000   data arrival time
---------------------------------------------------------------------------------------------
                                             71.497017   slack (MET)


Startpoint: rst (input port clocked by clk)
Endpoint: _2069_ (recovery check against rising-edge clock clk)
Path Group: asynchronous
Path Type: max

Fanout         Cap        Slew       Delay        Time   Description
---------------------------------------------------------------------------------------------
                      0.000000    0.000000    0.000000   clock clk (rise edge)
                                  0.000000    0.000000   clock network delay (ideal)
                                 10.000000   10.000000 ^ input external delay
   220    1.629788    0.000000    0.000000   10.000000 ^ rst (in)
                                                         rst (net)
                      0.000000    0.000000   10.000000 ^ _2069_/RN (gf180mcu_fd_sc_mcu7t5v0__dffrnq_1)
                                             10.000000   data arrival time

                      0.000000   81.379997   81.379997   clock clk (rise edge)
                                  0.000000   81.379997   clock network delay (ideal)
                                 -0.250000   81.129997   clock uncertainty
                                  0.000000   81.129997   clock reconvergence pessimism
                                             81.129997 ^ _2069_/CLK (gf180mcu_fd_sc_mcu7t5v0__dffrnq_1)
                                  0.367019   81.497017   library recovery time
                                             81.497017   data required time
---------------------------------------------------------------------------------------------
                                             81.497017   data required time
                                            -10.000000   data arrival time
---------------------------------------------------------------------------------------------
                                             71.497017   slack (MET)


Startpoint: rst (input port clocked by clk)
Endpoint: _2070_ (recovery check against rising-edge clock clk)
Path Group: asynchronous
Path Type: max

Fanout         Cap        Slew       Delay        Time   Description
---------------------------------------------------------------------------------------------
                      0.000000    0.000000    0.000000   clock clk (rise edge)
                                  0.000000    0.000000   clock network delay (ideal)
                                 10.000000   10.000000 ^ input external delay
   220    1.629788    0.000000    0.000000   10.000000 ^ rst (in)
                                                         rst (net)
                      0.000000    0.000000   10.000000 ^ _2070_/RN (gf180mcu_fd_sc_mcu7t5v0__dffrnq_1)
                                             10.000000   data arrival time

                      0.000000   81.379997   81.379997   clock clk (rise edge)
                                  0.000000   81.379997   clock network delay (ideal)
                                 -0.250000   81.129997   clock uncertainty
                                  0.000000   81.129997   clock reconvergence pessimism
                                             81.129997 ^ _2070_/CLK (gf180mcu_fd_sc_mcu7t5v0__dffrnq_1)
                                  0.367019   81.497017   library recovery time
                                             81.497017   data required time
---------------------------------------------------------------------------------------------
                                             81.497017   data required time
                                            -10.000000   data arrival time
---------------------------------------------------------------------------------------------
                                             71.497017   slack (MET)


Startpoint: rst (input port clocked by clk)
Endpoint: _2071_ (recovery check against rising-edge clock clk)
Path Group: asynchronous
Path Type: max

Fanout         Cap        Slew       Delay        Time   Description
---------------------------------------------------------------------------------------------
                      0.000000    0.000000    0.000000   clock clk (rise edge)
                                  0.000000    0.000000   clock network delay (ideal)
                                 10.000000   10.000000 ^ input external delay
   220    1.629788    0.000000    0.000000   10.000000 ^ rst (in)
                                                         rst (net)
                      0.000000    0.000000   10.000000 ^ _2071_/RN (gf180mcu_fd_sc_mcu7t5v0__dffrnq_1)
                                             10.000000   data arrival time

                      0.000000   81.379997   81.379997   clock clk (rise edge)
                                  0.000000   81.379997   clock network delay (ideal)
                                 -0.250000   81.129997   clock uncertainty
                                  0.000000   81.129997   clock reconvergence pessimism
                                             81.129997 ^ _2071_/CLK (gf180mcu_fd_sc_mcu7t5v0__dffrnq_1)
                                  0.367019   81.497017   library recovery time
                                             81.497017   data required time
---------------------------------------------------------------------------------------------
                                             81.497017   data required time
                                            -10.000000   data arrival time
---------------------------------------------------------------------------------------------
                                             71.497017   slack (MET)


Startpoint: rst (input port clocked by clk)
Endpoint: _2072_ (recovery check against rising-edge clock clk)
Path Group: asynchronous
Path Type: max

Fanout         Cap        Slew       Delay        Time   Description
---------------------------------------------------------------------------------------------
                      0.000000    0.000000    0.000000   clock clk (rise edge)
                                  0.000000    0.000000   clock network delay (ideal)
                                 10.000000   10.000000 ^ input external delay
   220    1.629788    0.000000    0.000000   10.000000 ^ rst (in)
                                                         rst (net)
                      0.000000    0.000000   10.000000 ^ _2072_/RN (gf180mcu_fd_sc_mcu7t5v0__dffrnq_1)
                                             10.000000   data arrival time

                      0.000000   81.379997   81.379997   clock clk (rise edge)
                                  0.000000   81.379997   clock network delay (ideal)
                                 -0.250000   81.129997   clock uncertainty
                                  0.000000   81.129997   clock reconvergence pessimism
                                             81.129997 ^ _2072_/CLK (gf180mcu_fd_sc_mcu7t5v0__dffrnq_1)
                                  0.367019   81.497017   library recovery time
                                             81.497017   data required time
---------------------------------------------------------------------------------------------
                                             81.497017   data required time
                                            -10.000000   data arrival time
---------------------------------------------------------------------------------------------
                                             71.497017   slack (MET)


Startpoint: rst (input port clocked by clk)
Endpoint: _2073_ (recovery check against rising-edge clock clk)
Path Group: asynchronous
Path Type: max

Fanout         Cap        Slew       Delay        Time   Description
---------------------------------------------------------------------------------------------
                      0.000000    0.000000    0.000000   clock clk (rise edge)
                                  0.000000    0.000000   clock network delay (ideal)
                                 10.000000   10.000000 ^ input external delay
   220    1.629788    0.000000    0.000000   10.000000 ^ rst (in)
                                                         rst (net)
                      0.000000    0.000000   10.000000 ^ _2073_/RN (gf180mcu_fd_sc_mcu7t5v0__dffrnq_1)
                                             10.000000   data arrival time

                      0.000000   81.379997   81.379997   clock clk (rise edge)
                                  0.000000   81.379997   clock network delay (ideal)
                                 -0.250000   81.129997   clock uncertainty
                                  0.000000   81.129997   clock reconvergence pessimism
                                             81.129997 ^ _2073_/CLK (gf180mcu_fd_sc_mcu7t5v0__dffrnq_1)
                                  0.367019   81.497017   library recovery time
                                             81.497017   data required time
---------------------------------------------------------------------------------------------
                                             81.497017   data required time
                                            -10.000000   data arrival time
---------------------------------------------------------------------------------------------
                                             71.497017   slack (MET)


Startpoint: rst (input port clocked by clk)
Endpoint: _2074_ (recovery check against rising-edge clock clk)
Path Group: asynchronous
Path Type: max

Fanout         Cap        Slew       Delay        Time   Description
---------------------------------------------------------------------------------------------
                      0.000000    0.000000    0.000000   clock clk (rise edge)
                                  0.000000    0.000000   clock network delay (ideal)
                                 10.000000   10.000000 ^ input external delay
   220    1.629788    0.000000    0.000000   10.000000 ^ rst (in)
                                                         rst (net)
                      0.000000    0.000000   10.000000 ^ _2074_/RN (gf180mcu_fd_sc_mcu7t5v0__dffrnq_1)
                                             10.000000   data arrival time

                      0.000000   81.379997   81.379997   clock clk (rise edge)
                                  0.000000   81.379997   clock network delay (ideal)
                                 -0.250000   81.129997   clock uncertainty
                                  0.000000   81.129997   clock reconvergence pessimism
                                             81.129997 ^ _2074_/CLK (gf180mcu_fd_sc_mcu7t5v0__dffrnq_1)
                                  0.367019   81.497017   library recovery time
                                             81.497017   data required time
---------------------------------------------------------------------------------------------
                                             81.497017   data required time
                                            -10.000000   data arrival time
---------------------------------------------------------------------------------------------
                                             71.497017   slack (MET)


Startpoint: rst (input port clocked by clk)
Endpoint: _2075_ (recovery check against rising-edge clock clk)
Path Group: asynchronous
Path Type: max

Fanout         Cap        Slew       Delay        Time   Description
---------------------------------------------------------------------------------------------
                      0.000000    0.000000    0.000000   clock clk (rise edge)
                                  0.000000    0.000000   clock network delay (ideal)
                                 10.000000   10.000000 ^ input external delay
   220    1.629788    0.000000    0.000000   10.000000 ^ rst (in)
                                                         rst (net)
                      0.000000    0.000000   10.000000 ^ _2075_/RN (gf180mcu_fd_sc_mcu7t5v0__dffrnq_1)
                                             10.000000   data arrival time

                      0.000000   81.379997   81.379997   clock clk (rise edge)
                                  0.000000   81.379997   clock network delay (ideal)
                                 -0.250000   81.129997   clock uncertainty
                                  0.000000   81.129997   clock reconvergence pessimism
                                             81.129997 ^ _2075_/CLK (gf180mcu_fd_sc_mcu7t5v0__dffrnq_1)
                                  0.367019   81.497017   library recovery time
                                             81.497017   data required time
---------------------------------------------------------------------------------------------
                                             81.497017   data required time
                                            -10.000000   data arrival time
---------------------------------------------------------------------------------------------
                                             71.497017   slack (MET)


Startpoint: rst (input port clocked by clk)
Endpoint: _2076_ (recovery check against rising-edge clock clk)
Path Group: asynchronous
Path Type: max

Fanout         Cap        Slew       Delay        Time   Description
---------------------------------------------------------------------------------------------
                      0.000000    0.000000    0.000000   clock clk (rise edge)
                                  0.000000    0.000000   clock network delay (ideal)
                                 10.000000   10.000000 ^ input external delay
   220    1.629788    0.000000    0.000000   10.000000 ^ rst (in)
                                                         rst (net)
                      0.000000    0.000000   10.000000 ^ _2076_/RN (gf180mcu_fd_sc_mcu7t5v0__dffrnq_1)
                                             10.000000   data arrival time

                      0.000000   81.379997   81.379997   clock clk (rise edge)
                                  0.000000   81.379997   clock network delay (ideal)
                                 -0.250000   81.129997   clock uncertainty
                                  0.000000   81.129997   clock reconvergence pessimism
                                             81.129997 ^ _2076_/CLK (gf180mcu_fd_sc_mcu7t5v0__dffrnq_1)
                                  0.367019   81.497017   library recovery time
                                             81.497017   data required time
---------------------------------------------------------------------------------------------
                                             81.497017   data required time
                                            -10.000000   data arrival time
---------------------------------------------------------------------------------------------
                                             71.497017   slack (MET)


Startpoint: rst (input port clocked by clk)
Endpoint: _2077_ (recovery check against rising-edge clock clk)
Path Group: asynchronous
Path Type: max

Fanout         Cap        Slew       Delay        Time   Description
---------------------------------------------------------------------------------------------
                      0.000000    0.000000    0.000000   clock clk (rise edge)
                                  0.000000    0.000000   clock network delay (ideal)
                                 10.000000   10.000000 ^ input external delay
   220    1.629788    0.000000    0.000000   10.000000 ^ rst (in)
                                                         rst (net)
                      0.000000    0.000000   10.000000 ^ _2077_/RN (gf180mcu_fd_sc_mcu7t5v0__dffrnq_1)
                                             10.000000   data arrival time

                      0.000000   81.379997   81.379997   clock clk (rise edge)
                                  0.000000   81.379997   clock network delay (ideal)
                                 -0.250000   81.129997   clock uncertainty
                                  0.000000   81.129997   clock reconvergence pessimism
                                             81.129997 ^ _2077_/CLK (gf180mcu_fd_sc_mcu7t5v0__dffrnq_1)
                                  0.367019   81.497017   library recovery time
                                             81.497017   data required time
---------------------------------------------------------------------------------------------
                                             81.497017   data required time
                                            -10.000000   data arrival time
---------------------------------------------------------------------------------------------
                                             71.497017   slack (MET)


Startpoint: rst (input port clocked by clk)
Endpoint: _2078_ (recovery check against rising-edge clock clk)
Path Group: asynchronous
Path Type: max

Fanout         Cap        Slew       Delay        Time   Description
---------------------------------------------------------------------------------------------
                      0.000000    0.000000    0.000000   clock clk (rise edge)
                                  0.000000    0.000000   clock network delay (ideal)
                                 10.000000   10.000000 ^ input external delay
   220    1.629788    0.000000    0.000000   10.000000 ^ rst (in)
                                                         rst (net)
                      0.000000    0.000000   10.000000 ^ _2078_/RN (gf180mcu_fd_sc_mcu7t5v0__dffrnq_1)
                                             10.000000   data arrival time

                      0.000000   81.379997   81.379997   clock clk (rise edge)
                                  0.000000   81.379997   clock network delay (ideal)
                                 -0.250000   81.129997   clock uncertainty
                                  0.000000   81.129997   clock reconvergence pessimism
                                             81.129997 ^ _2078_/CLK (gf180mcu_fd_sc_mcu7t5v0__dffrnq_1)
                                  0.367019   81.497017   library recovery time
                                             81.497017   data required time
---------------------------------------------------------------------------------------------
                                             81.497017   data required time
                                            -10.000000   data arrival time
---------------------------------------------------------------------------------------------
                                             71.497017   slack (MET)


Startpoint: rst (input port clocked by clk)
Endpoint: _2079_ (recovery check against rising-edge clock clk)
Path Group: asynchronous
Path Type: max

Fanout         Cap        Slew       Delay        Time   Description
---------------------------------------------------------------------------------------------
                      0.000000    0.000000    0.000000   clock clk (rise edge)
                                  0.000000    0.000000   clock network delay (ideal)
                                 10.000000   10.000000 ^ input external delay
   220    1.629788    0.000000    0.000000   10.000000 ^ rst (in)
                                                         rst (net)
                      0.000000    0.000000   10.000000 ^ _2079_/RN (gf180mcu_fd_sc_mcu7t5v0__dffrnq_1)
                                             10.000000   data arrival time

                      0.000000   81.379997   81.379997   clock clk (rise edge)
                                  0.000000   81.379997   clock network delay (ideal)
                                 -0.250000   81.129997   clock uncertainty
                                  0.000000   81.129997   clock reconvergence pessimism
                                             81.129997 ^ _2079_/CLK (gf180mcu_fd_sc_mcu7t5v0__dffrnq_1)
                                  0.367019   81.497017   library recovery time
                                             81.497017   data required time
---------------------------------------------------------------------------------------------
                                             81.497017   data required time
                                            -10.000000   data arrival time
---------------------------------------------------------------------------------------------
                                             71.497017   slack (MET)


Startpoint: rst (input port clocked by clk)
Endpoint: _2080_ (recovery check against rising-edge clock clk)
Path Group: asynchronous
Path Type: max

Fanout         Cap        Slew       Delay        Time   Description
---------------------------------------------------------------------------------------------
                      0.000000    0.000000    0.000000   clock clk (rise edge)
                                  0.000000    0.000000   clock network delay (ideal)
                                 10.000000   10.000000 ^ input external delay
   220    1.629788    0.000000    0.000000   10.000000 ^ rst (in)
                                                         rst (net)
                      0.000000    0.000000   10.000000 ^ _2080_/RN (gf180mcu_fd_sc_mcu7t5v0__dffrnq_1)
                                             10.000000   data arrival time

                      0.000000   81.379997   81.379997   clock clk (rise edge)
                                  0.000000   81.379997   clock network delay (ideal)
                                 -0.250000   81.129997   clock uncertainty
                                  0.000000   81.129997   clock reconvergence pessimism
                                             81.129997 ^ _2080_/CLK (gf180mcu_fd_sc_mcu7t5v0__dffrnq_1)
                                  0.367019   81.497017   library recovery time
                                             81.497017   data required time
---------------------------------------------------------------------------------------------
                                             81.497017   data required time
                                            -10.000000   data arrival time
---------------------------------------------------------------------------------------------
                                             71.497017   slack (MET)


Startpoint: rst (input port clocked by clk)
Endpoint: _2081_ (recovery check against rising-edge clock clk)
Path Group: asynchronous
Path Type: max

Fanout         Cap        Slew       Delay        Time   Description
---------------------------------------------------------------------------------------------
                      0.000000    0.000000    0.000000   clock clk (rise edge)
                                  0.000000    0.000000   clock network delay (ideal)
                                 10.000000   10.000000 ^ input external delay
   220    1.629788    0.000000    0.000000   10.000000 ^ rst (in)
                                                         rst (net)
                      0.000000    0.000000   10.000000 ^ _2081_/RN (gf180mcu_fd_sc_mcu7t5v0__dffrnq_1)
                                             10.000000   data arrival time

                      0.000000   81.379997   81.379997   clock clk (rise edge)
                                  0.000000   81.379997   clock network delay (ideal)
                                 -0.250000   81.129997   clock uncertainty
                                  0.000000   81.129997   clock reconvergence pessimism
                                             81.129997 ^ _2081_/CLK (gf180mcu_fd_sc_mcu7t5v0__dffrnq_1)
                                  0.367019   81.497017   library recovery time
                                             81.497017   data required time
---------------------------------------------------------------------------------------------
                                             81.497017   data required time
                                            -10.000000   data arrival time
---------------------------------------------------------------------------------------------
                                             71.497017   slack (MET)


Startpoint: rst (input port clocked by clk)
Endpoint: _2082_ (recovery check against rising-edge clock clk)
Path Group: asynchronous
Path Type: max

Fanout         Cap        Slew       Delay        Time   Description
---------------------------------------------------------------------------------------------
                      0.000000    0.000000    0.000000   clock clk (rise edge)
                                  0.000000    0.000000   clock network delay (ideal)
                                 10.000000   10.000000 ^ input external delay
   220    1.629788    0.000000    0.000000   10.000000 ^ rst (in)
                                                         rst (net)
                      0.000000    0.000000   10.000000 ^ _2082_/RN (gf180mcu_fd_sc_mcu7t5v0__dffrnq_1)
                                             10.000000   data arrival time

                      0.000000   81.379997   81.379997   clock clk (rise edge)
                                  0.000000   81.379997   clock network delay (ideal)
                                 -0.250000   81.129997   clock uncertainty
                                  0.000000   81.129997   clock reconvergence pessimism
                                             81.129997 ^ _2082_/CLK (gf180mcu_fd_sc_mcu7t5v0__dffrnq_1)
                                  0.367019   81.497017   library recovery time
                                             81.497017   data required time
---------------------------------------------------------------------------------------------
                                             81.497017   data required time
                                            -10.000000   data arrival time
---------------------------------------------------------------------------------------------
                                             71.497017   slack (MET)


Startpoint: rst (input port clocked by clk)
Endpoint: _2083_ (recovery check against rising-edge clock clk)
Path Group: asynchronous
Path Type: max

Fanout         Cap        Slew       Delay        Time   Description
---------------------------------------------------------------------------------------------
                      0.000000    0.000000    0.000000   clock clk (rise edge)
                                  0.000000    0.000000   clock network delay (ideal)
                                 10.000000   10.000000 ^ input external delay
   220    1.629788    0.000000    0.000000   10.000000 ^ rst (in)
                                                         rst (net)
                      0.000000    0.000000   10.000000 ^ _2083_/RN (gf180mcu_fd_sc_mcu7t5v0__dffrnq_1)
                                             10.000000   data arrival time

                      0.000000   81.379997   81.379997   clock clk (rise edge)
                                  0.000000   81.379997   clock network delay (ideal)
                                 -0.250000   81.129997   clock uncertainty
                                  0.000000   81.129997   clock reconvergence pessimism
                                             81.129997 ^ _2083_/CLK (gf180mcu_fd_sc_mcu7t5v0__dffrnq_1)
                                  0.367019   81.497017   library recovery time
                                             81.497017   data required time
---------------------------------------------------------------------------------------------
                                             81.497017   data required time
                                            -10.000000   data arrival time
---------------------------------------------------------------------------------------------
                                             71.497017   slack (MET)


Startpoint: rst (input port clocked by clk)
Endpoint: _2084_ (recovery check against rising-edge clock clk)
Path Group: asynchronous
Path Type: max

Fanout         Cap        Slew       Delay        Time   Description
---------------------------------------------------------------------------------------------
                      0.000000    0.000000    0.000000   clock clk (rise edge)
                                  0.000000    0.000000   clock network delay (ideal)
                                 10.000000   10.000000 ^ input external delay
   220    1.629788    0.000000    0.000000   10.000000 ^ rst (in)
                                                         rst (net)
                      0.000000    0.000000   10.000000 ^ _2084_/RN (gf180mcu_fd_sc_mcu7t5v0__dffrnq_1)
                                             10.000000   data arrival time

                      0.000000   81.379997   81.379997   clock clk (rise edge)
                                  0.000000   81.379997   clock network delay (ideal)
                                 -0.250000   81.129997   clock uncertainty
                                  0.000000   81.129997   clock reconvergence pessimism
                                             81.129997 ^ _2084_/CLK (gf180mcu_fd_sc_mcu7t5v0__dffrnq_1)
                                  0.367019   81.497017   library recovery time
                                             81.497017   data required time
---------------------------------------------------------------------------------------------
                                             81.497017   data required time
                                            -10.000000   data arrival time
---------------------------------------------------------------------------------------------
                                             71.497017   slack (MET)


Startpoint: rst (input port clocked by clk)
Endpoint: _2085_ (recovery check against rising-edge clock clk)
Path Group: asynchronous
Path Type: max

Fanout         Cap        Slew       Delay        Time   Description
---------------------------------------------------------------------------------------------
                      0.000000    0.000000    0.000000   clock clk (rise edge)
                                  0.000000    0.000000   clock network delay (ideal)
                                 10.000000   10.000000 ^ input external delay
   220    1.629788    0.000000    0.000000   10.000000 ^ rst (in)
                                                         rst (net)
                      0.000000    0.000000   10.000000 ^ _2085_/RN (gf180mcu_fd_sc_mcu7t5v0__dffrnq_1)
                                             10.000000   data arrival time

                      0.000000   81.379997   81.379997   clock clk (rise edge)
                                  0.000000   81.379997   clock network delay (ideal)
                                 -0.250000   81.129997   clock uncertainty
                                  0.000000   81.129997   clock reconvergence pessimism
                                             81.129997 ^ _2085_/CLK (gf180mcu_fd_sc_mcu7t5v0__dffrnq_1)
                                  0.367019   81.497017   library recovery time
                                             81.497017   data required time
---------------------------------------------------------------------------------------------
                                             81.497017   data required time
                                            -10.000000   data arrival time
---------------------------------------------------------------------------------------------
                                             71.497017   slack (MET)


Startpoint: rst (input port clocked by clk)
Endpoint: _2086_ (recovery check against rising-edge clock clk)
Path Group: asynchronous
Path Type: max

Fanout         Cap        Slew       Delay        Time   Description
---------------------------------------------------------------------------------------------
                      0.000000    0.000000    0.000000   clock clk (rise edge)
                                  0.000000    0.000000   clock network delay (ideal)
                                 10.000000   10.000000 ^ input external delay
   220    1.629788    0.000000    0.000000   10.000000 ^ rst (in)
                                                         rst (net)
                      0.000000    0.000000   10.000000 ^ _2086_/RN (gf180mcu_fd_sc_mcu7t5v0__dffrnq_1)
                                             10.000000   data arrival time

                      0.000000   81.379997   81.379997   clock clk (rise edge)
                                  0.000000   81.379997   clock network delay (ideal)
                                 -0.250000   81.129997   clock uncertainty
                                  0.000000   81.129997   clock reconvergence pessimism
                                             81.129997 ^ _2086_/CLK (gf180mcu_fd_sc_mcu7t5v0__dffrnq_1)
                                  0.367019   81.497017   library recovery time
                                             81.497017   data required time
---------------------------------------------------------------------------------------------
                                             81.497017   data required time
                                            -10.000000   data arrival time
---------------------------------------------------------------------------------------------
                                             71.497017   slack (MET)


Startpoint: rst (input port clocked by clk)
Endpoint: _2087_ (recovery check against rising-edge clock clk)
Path Group: asynchronous
Path Type: max

Fanout         Cap        Slew       Delay        Time   Description
---------------------------------------------------------------------------------------------
                      0.000000    0.000000    0.000000   clock clk (rise edge)
                                  0.000000    0.000000   clock network delay (ideal)
                                 10.000000   10.000000 ^ input external delay
   220    1.629788    0.000000    0.000000   10.000000 ^ rst (in)
                                                         rst (net)
                      0.000000    0.000000   10.000000 ^ _2087_/RN (gf180mcu_fd_sc_mcu7t5v0__dffrnq_1)
                                             10.000000   data arrival time

                      0.000000   81.379997   81.379997   clock clk (rise edge)
                                  0.000000   81.379997   clock network delay (ideal)
                                 -0.250000   81.129997   clock uncertainty
                                  0.000000   81.129997   clock reconvergence pessimism
                                             81.129997 ^ _2087_/CLK (gf180mcu_fd_sc_mcu7t5v0__dffrnq_1)
                                  0.367019   81.497017   library recovery time
                                             81.497017   data required time
---------------------------------------------------------------------------------------------
                                             81.497017   data required time
                                            -10.000000   data arrival time
---------------------------------------------------------------------------------------------
                                             71.497017   slack (MET)


Startpoint: _2005_ (rising edge-triggered flip-flop clocked by clk)
Endpoint: _2029_ (rising edge-triggered flip-flop clocked by clk)
Path Group: clk
Path Type: max

Fanout         Cap        Slew       Delay        Time   Description
---------------------------------------------------------------------------------------------
                      0.000000    0.000000    0.000000   clock clk (rise edge)
                                  0.000000    0.000000   clock network delay (ideal)
                      0.000000    0.000000    0.000000 ^ _2005_/CLK (gf180mcu_fd_sc_mcu7t5v0__dffrnq_1)
     7    0.036925    1.162486    2.181902    2.181902 ^ _2005_/Q (gf180mcu_fd_sc_mcu7t5v0__dffrnq_1)
                                                         out_cas_int[0] (net)
                      1.162486    0.000000    2.181902 ^ _1119_/C (gf180mcu_fd_sc_mcu7t5v0__oai211_1)
     2    0.009178    0.765330    0.593235    2.775137 v _1119_/ZN (gf180mcu_fd_sc_mcu7t5v0__oai211_1)
                                                         _0559_ (net)
                      0.765330    0.000000    2.775137 v _1121_/A2 (gf180mcu_fd_sc_mcu7t5v0__aoi211_1)
     2    0.007790    1.273571    0.860009    3.635146 ^ _1121_/ZN (gf180mcu_fd_sc_mcu7t5v0__aoi211_1)
                                                         _0561_ (net)
                      1.273571    0.000000    3.635146 ^ _1142_/A1 (gf180mcu_fd_sc_mcu7t5v0__oai211_1)
     2    0.007737    0.689034    0.489324    4.124469 v _1142_/ZN (gf180mcu_fd_sc_mcu7t5v0__oai211_1)
                                                         _0578_ (net)
                      0.689034    0.000000    4.124469 v _1155_/A1 (gf180mcu_fd_sc_mcu7t5v0__aoi21_1)
     4    0.022516    1.578406    1.012460    5.136929 ^ _1155_/ZN (gf180mcu_fd_sc_mcu7t5v0__aoi21_1)
                                                         _0589_ (net)
                      1.578406    0.000000    5.136929 ^ _1217_/A1 (gf180mcu_fd_sc_mcu7t5v0__aoi21_1)
     4    0.020832    0.904488    0.656011    5.792940 v _1217_/ZN (gf180mcu_fd_sc_mcu7t5v0__aoi21_1)
                                                         _0643_ (net)
                      0.904488    0.000000    5.792940 v _1242_/A1 (gf180mcu_fd_sc_mcu7t5v0__oai21_1)
     3    0.017593    1.226396    0.952863    6.745803 ^ _1242_/ZN (gf180mcu_fd_sc_mcu7t5v0__oai21_1)
                                                         _0664_ (net)
                      1.226396    0.000000    6.745803 ^ _1254_/A1 (gf180mcu_fd_sc_mcu7t5v0__aoi21_1)
     5    0.027879    0.981379    0.748197    7.493999 v _1254_/ZN (gf180mcu_fd_sc_mcu7t5v0__aoi21_1)
                                                         _0674_ (net)
                      0.981379    0.000000    7.493999 v _1269_/A1 (gf180mcu_fd_sc_mcu7t5v0__oai21_1)
     1    0.004923    0.613639    0.593666    8.087666 ^ _1269_/ZN (gf180mcu_fd_sc_mcu7t5v0__oai21_1)
                                                         _0687_ (net)
                      0.613639    0.000000    8.087666 ^ _1272_/A1 (gf180mcu_fd_sc_mcu7t5v0__nand2_1)
     1    0.004923    0.320191    0.247109    8.334775 v _1272_/ZN (gf180mcu_fd_sc_mcu7t5v0__nand2_1)
                                                         _0690_ (net)
                      0.320191    0.000000    8.334775 v _1274_/A1 (gf180mcu_fd_sc_mcu7t5v0__nand2_1)
     1    0.003014    0.349498    0.224403    8.559177 ^ _1274_/ZN (gf180mcu_fd_sc_mcu7t5v0__nand2_1)
                                                         _0128_ (net)
                      0.349498    0.000000    8.559177 ^ _2029_/D (gf180mcu_fd_sc_mcu7t5v0__dffrnq_1)
                                              8.559177   data arrival time

                      0.000000   81.379997   81.379997   clock clk (rise edge)
                                  0.000000   81.379997   clock network delay (ideal)
                                 -0.250000   81.129997   clock uncertainty
                                  0.000000   81.129997   clock reconvergence pessimism
                                             81.129997 ^ _2029_/CLK (gf180mcu_fd_sc_mcu7t5v0__dffrnq_1)
                                 -0.671609   80.458389   library setup time
                                             80.458389   data required time
---------------------------------------------------------------------------------------------
                                             80.458389   data required time
                                             -8.559177   data arrival time
---------------------------------------------------------------------------------------------
                                             71.899208   slack (MET)


Startpoint: _2005_ (rising edge-triggered flip-flop clocked by clk)
Endpoint: _2029_ (rising edge-triggered flip-flop clocked by clk_div)
Path Group: clk_div
Path Type: max

Fanout         Cap        Slew       Delay        Time   Description
---------------------------------------------------------------------------------------------
                      0.000000 20751.898438 20751.898438   clock clk (rise edge)
                                  0.000000 20751.898438   clock network delay (ideal)
                      0.000000    0.000000 20751.898438 ^ _2005_/CLK (gf180mcu_fd_sc_mcu7t5v0__dffrnq_1)
     7    0.036925    1.162486    2.182787 20754.082031 ^ _2005_/Q (gf180mcu_fd_sc_mcu7t5v0__dffrnq_1)
                                                         out_cas_int[0] (net)
                      1.162486    0.000000 20754.082031 ^ _1119_/C (gf180mcu_fd_sc_mcu7t5v0__oai211_1)
     2    0.009178    0.765330    0.592991 20754.675781 v _1119_/ZN (gf180mcu_fd_sc_mcu7t5v0__oai211_1)
                                                         _0559_ (net)
                      0.765330    0.000000 20754.675781 v _1121_/A2 (gf180mcu_fd_sc_mcu7t5v0__aoi211_1)
     2    0.007790    1.273571    0.858563 20755.533203 ^ _1121_/ZN (gf180mcu_fd_sc_mcu7t5v0__aoi211_1)
                                                         _0561_ (net)
                      1.273571    0.000000 20755.533203 ^ _1142_/A1 (gf180mcu_fd_sc_mcu7t5v0__oai211_1)
     2    0.007737    0.689034    0.489308 20756.023438 v _1142_/ZN (gf180mcu_fd_sc_mcu7t5v0__oai211_1)
                                                         _0578_ (net)
                      0.689034    0.000000 20756.023438 v _1155_/A1 (gf180mcu_fd_sc_mcu7t5v0__aoi21_1)
     4    0.022516    1.578406    1.013177 20757.037109 ^ _1155_/ZN (gf180mcu_fd_sc_mcu7t5v0__aoi21_1)
                                                         _0589_ (net)
                      1.578406    0.000000 20757.037109 ^ _1217_/A1 (gf180mcu_fd_sc_mcu7t5v0__aoi21_1)
     4    0.020832    0.904488    0.656655 20757.693359 v _1217_/ZN (gf180mcu_fd_sc_mcu7t5v0__aoi21_1)
                                                         _0643_ (net)
                      0.904488    0.000000 20757.693359 v _1242_/A1 (gf180mcu_fd_sc_mcu7t5v0__oai21_1)
     3    0.017593    1.226396    0.953150 20758.646484 ^ _1242_/ZN (gf180mcu_fd_sc_mcu7t5v0__oai21_1)
                                                         _0664_ (net)
                      1.226396    0.000000 20758.646484 ^ _1254_/A1 (gf180mcu_fd_sc_mcu7t5v0__aoi21_1)
     5    0.027879    0.981379    0.747605 20759.394531 v _1254_/ZN (gf180mcu_fd_sc_mcu7t5v0__aoi21_1)
                                                         _0674_ (net)
                      0.981379    0.000000 20759.394531 v _1269_/A1 (gf180mcu_fd_sc_mcu7t5v0__oai21_1)
     1    0.004923    0.613639    0.592991 20759.986328 ^ _1269_/ZN (gf180mcu_fd_sc_mcu7t5v0__oai21_1)
                                                         _0687_ (net)
                      0.613639    0.000000 20759.986328 ^ _1272_/A1 (gf180mcu_fd_sc_mcu7t5v0__nand2_1)
     1    0.004923    0.320191    0.247383 20760.234375 v _1272_/ZN (gf180mcu_fd_sc_mcu7t5v0__nand2_1)
                                                         _0690_ (net)
                      0.320191    0.000000 20760.234375 v _1274_/A1 (gf180mcu_fd_sc_mcu7t5v0__nand2_1)
     1    0.003014    0.349498    0.223736 20760.457031 ^ _1274_/ZN (gf180mcu_fd_sc_mcu7t5v0__nand2_1)
                                                         _0128_ (net)
                      0.349498    0.000000 20760.457031 ^ _2029_/D (gf180mcu_fd_sc_mcu7t5v0__dffrnq_1)
                                           20760.457031   data arrival time

                      0.000000 20833.279297 20833.279297   clock clk_div (rise edge)
                                  0.000000 20833.279297   clock network delay (ideal)
                                 -0.250000 20833.029297   clock uncertainty
                                  0.000000 20833.029297   clock reconvergence pessimism
                                           20833.029297 ^ _2029_/CLK (gf180mcu_fd_sc_mcu7t5v0__dffrnq_1)
                                 -0.671609 20832.357422   library setup time
                                           20832.357422   data required time
---------------------------------------------------------------------------------------------
                                           20832.357422   data required time
                                           -20760.457031   data arrival time
---------------------------------------------------------------------------------------------
                                             71.899208   slack (MET)


Startpoint: _2005_ (rising edge-triggered flip-flop clocked by clk)
Endpoint: _2028_ (rising edge-triggered flip-flop clocked by clk)
Path Group: clk
Path Type: max

Fanout         Cap        Slew       Delay        Time   Description
---------------------------------------------------------------------------------------------
                      0.000000    0.000000    0.000000   clock clk (rise edge)
                                  0.000000    0.000000   clock network delay (ideal)
                      0.000000    0.000000    0.000000 ^ _2005_/CLK (gf180mcu_fd_sc_mcu7t5v0__dffrnq_1)
     7    0.036925    1.162486    2.181902    2.181902 ^ _2005_/Q (gf180mcu_fd_sc_mcu7t5v0__dffrnq_1)
                                                         out_cas_int[0] (net)
                      1.162486    0.000000    2.181902 ^ _1119_/C (gf180mcu_fd_sc_mcu7t5v0__oai211_1)
     2    0.009178    0.765330    0.593235    2.775137 v _1119_/ZN (gf180mcu_fd_sc_mcu7t5v0__oai211_1)
                                                         _0559_ (net)
                      0.765330    0.000000    2.775137 v _1121_/A2 (gf180mcu_fd_sc_mcu7t5v0__aoi211_1)
     2    0.007790    1.273571    0.860009    3.635146 ^ _1121_/ZN (gf180mcu_fd_sc_mcu7t5v0__aoi211_1)
                                                         _0561_ (net)
                      1.273571    0.000000    3.635146 ^ _1142_/A1 (gf180mcu_fd_sc_mcu7t5v0__oai211_1)
     2    0.007737    0.689034    0.489324    4.124469 v _1142_/ZN (gf180mcu_fd_sc_mcu7t5v0__oai211_1)
                                                         _0578_ (net)
                      0.689034    0.000000    4.124469 v _1155_/A1 (gf180mcu_fd_sc_mcu7t5v0__aoi21_1)
     4    0.022516    1.578406    1.012460    5.136929 ^ _1155_/ZN (gf180mcu_fd_sc_mcu7t5v0__aoi21_1)
                                                         _0589_ (net)
                      1.578406    0.000000    5.136929 ^ _1217_/A1 (gf180mcu_fd_sc_mcu7t5v0__aoi21_1)
     4    0.020832    0.904488    0.656011    5.792940 v _1217_/ZN (gf180mcu_fd_sc_mcu7t5v0__aoi21_1)
                                                         _0643_ (net)
                      0.904488    0.000000    5.792940 v _1242_/A1 (gf180mcu_fd_sc_mcu7t5v0__oai21_1)
     3    0.017593    1.226396    0.952863    6.745803 ^ _1242_/ZN (gf180mcu_fd_sc_mcu7t5v0__oai21_1)
                                                         _0664_ (net)
                      1.226396    0.000000    6.745803 ^ _1254_/A1 (gf180mcu_fd_sc_mcu7t5v0__aoi21_1)
     5    0.027879    0.981379    0.748197    7.493999 v _1254_/ZN (gf180mcu_fd_sc_mcu7t5v0__aoi21_1)
                                                         _0674_ (net)
                      0.981379    0.000000    7.493999 v _1262_/A1 (gf180mcu_fd_sc_mcu7t5v0__oai21_1)
     1    0.004611    0.598604    0.583523    8.077523 ^ _1262_/ZN (gf180mcu_fd_sc_mcu7t5v0__oai21_1)
                                                         _0681_ (net)
                      0.598604    0.000000    8.077523 ^ _1263_/A2 (gf180mcu_fd_sc_mcu7t5v0__nand2_1)
     1    0.004923    0.331867    0.225064    8.302588 v _1263_/ZN (gf180mcu_fd_sc_mcu7t5v0__nand2_1)
                                                         _0682_ (net)
                      0.331867    0.000000    8.302588 v _1265_/A1 (gf180mcu_fd_sc_mcu7t5v0__nand2_1)
     1    0.003014    0.349498    0.227459    8.530046 ^ _1265_/ZN (gf180mcu_fd_sc_mcu7t5v0__nand2_1)
                                                         _0127_ (net)
                      0.349498    0.000000    8.530046 ^ _2028_/D (gf180mcu_fd_sc_mcu7t5v0__dffrnq_1)
                                              8.530046   data arrival time

                      0.000000   81.379997   81.379997   clock clk (rise edge)
                                  0.000000   81.379997   clock network delay (ideal)
                                 -0.250000   81.129997   clock uncertainty
                                  0.000000   81.129997   clock reconvergence pessimism
                                             81.129997 ^ _2028_/CLK (gf180mcu_fd_sc_mcu7t5v0__dffrnq_1)
                                 -0.671609   80.458389   library setup time
                                             80.458389   data required time
---------------------------------------------------------------------------------------------
                                             80.458389   data required time
                                             -8.530046   data arrival time
---------------------------------------------------------------------------------------------
                                             71.928345   slack (MET)


Startpoint: _2005_ (rising edge-triggered flip-flop clocked by clk)
Endpoint: _2028_ (rising edge-triggered flip-flop clocked by clk_div)
Path Group: clk_div
Path Type: max

Fanout         Cap        Slew       Delay        Time   Description
---------------------------------------------------------------------------------------------
                      0.000000 20751.898438 20751.898438   clock clk (rise edge)
                                  0.000000 20751.898438   clock network delay (ideal)
                      0.000000    0.000000 20751.898438 ^ _2005_/CLK (gf180mcu_fd_sc_mcu7t5v0__dffrnq_1)
     7    0.036925    1.162486    2.182787 20754.082031 ^ _2005_/Q (gf180mcu_fd_sc_mcu7t5v0__dffrnq_1)
                                                         out_cas_int[0] (net)
                      1.162486    0.000000 20754.082031 ^ _1119_/C (gf180mcu_fd_sc_mcu7t5v0__oai211_1)
     2    0.009178    0.765330    0.592991 20754.675781 v _1119_/ZN (gf180mcu_fd_sc_mcu7t5v0__oai211_1)
                                                         _0559_ (net)
                      0.765330    0.000000 20754.675781 v _1121_/A2 (gf180mcu_fd_sc_mcu7t5v0__aoi211_1)
     2    0.007790    1.273571    0.858563 20755.533203 ^ _1121_/ZN (gf180mcu_fd_sc_mcu7t5v0__aoi211_1)
                                                         _0561_ (net)
                      1.273571    0.000000 20755.533203 ^ _1142_/A1 (gf180mcu_fd_sc_mcu7t5v0__oai211_1)
     2    0.007737    0.689034    0.489308 20756.023438 v _1142_/ZN (gf180mcu_fd_sc_mcu7t5v0__oai211_1)
                                                         _0578_ (net)
                      0.689034    0.000000 20756.023438 v _1155_/A1 (gf180mcu_fd_sc_mcu7t5v0__aoi21_1)
     4    0.022516    1.578406    1.013177 20757.037109 ^ _1155_/ZN (gf180mcu_fd_sc_mcu7t5v0__aoi21_1)
                                                         _0589_ (net)
                      1.578406    0.000000 20757.037109 ^ _1217_/A1 (gf180mcu_fd_sc_mcu7t5v0__aoi21_1)
     4    0.020832    0.904488    0.656655 20757.693359 v _1217_/ZN (gf180mcu_fd_sc_mcu7t5v0__aoi21_1)
                                                         _0643_ (net)
                      0.904488    0.000000 20757.693359 v _1242_/A1 (gf180mcu_fd_sc_mcu7t5v0__oai21_1)
     3    0.017593    1.226396    0.953150 20758.646484 ^ _1242_/ZN (gf180mcu_fd_sc_mcu7t5v0__oai21_1)
                                                         _0664_ (net)
                      1.226396    0.000000 20758.646484 ^ _1254_/A1 (gf180mcu_fd_sc_mcu7t5v0__aoi21_1)
     5    0.027879    0.981379    0.747605 20759.394531 v _1254_/ZN (gf180mcu_fd_sc_mcu7t5v0__aoi21_1)
                                                         _0674_ (net)
                      0.981379    0.000000 20759.394531 v _1262_/A1 (gf180mcu_fd_sc_mcu7t5v0__oai21_1)
     1    0.004611    0.598604    0.583896 20759.976562 ^ _1262_/ZN (gf180mcu_fd_sc_mcu7t5v0__oai21_1)
                                                         _0681_ (net)
                      0.598604    0.000000 20759.976562 ^ _1263_/A2 (gf180mcu_fd_sc_mcu7t5v0__nand2_1)
     1    0.004923    0.331867    0.223736 20760.201172 v _1263_/ZN (gf180mcu_fd_sc_mcu7t5v0__nand2_1)
                                                         _0682_ (net)
                      0.331867    0.000000 20760.201172 v _1265_/A1 (gf180mcu_fd_sc_mcu7t5v0__nand2_1)
     1    0.003014    0.349498    0.227374 20760.427734 ^ _1265_/ZN (gf180mcu_fd_sc_mcu7t5v0__nand2_1)
                                                         _0127_ (net)
                      0.349498    0.000000 20760.427734 ^ _2028_/D (gf180mcu_fd_sc_mcu7t5v0__dffrnq_1)
                                           20760.427734   data arrival time

                      0.000000 20833.279297 20833.279297   clock clk_div (rise edge)
                                  0.000000 20833.279297   clock network delay (ideal)
                                 -0.250000 20833.029297   clock uncertainty
                                  0.000000 20833.029297   clock reconvergence pessimism
                                           20833.029297 ^ _2028_/CLK (gf180mcu_fd_sc_mcu7t5v0__dffrnq_1)
                                 -0.671609 20832.357422   library setup time
                                           20832.357422   data required time
---------------------------------------------------------------------------------------------
                                           20832.357422   data required time
                                           -20760.427734   data arrival time
---------------------------------------------------------------------------------------------
                                             71.928345   slack (MET)


Startpoint: _2005_ (rising edge-triggered flip-flop clocked by clk)
Endpoint: _2020_ (rising edge-triggered flip-flop clocked by clk)
Path Group: clk
Path Type: max

Fanout         Cap        Slew       Delay        Time   Description
---------------------------------------------------------------------------------------------
                      0.000000    0.000000    0.000000   clock clk (rise edge)
                                  0.000000    0.000000   clock network delay (ideal)
                      0.000000    0.000000    0.000000 ^ _2005_/CLK (gf180mcu_fd_sc_mcu7t5v0__dffrnq_1)
     7    0.036925    1.162486    2.181902    2.181902 ^ _2005_/Q (gf180mcu_fd_sc_mcu7t5v0__dffrnq_1)
                                                         out_cas_int[0] (net)
                      1.162486    0.000000    2.181902 ^ _1119_/C (gf180mcu_fd_sc_mcu7t5v0__oai211_1)
     2    0.009178    0.765330    0.593235    2.775137 v _1119_/ZN (gf180mcu_fd_sc_mcu7t5v0__oai211_1)
                                                         _0559_ (net)
                      0.765330    0.000000    2.775137 v _1121_/A2 (gf180mcu_fd_sc_mcu7t5v0__aoi211_1)
     2    0.007790    1.273571    0.860009    3.635146 ^ _1121_/ZN (gf180mcu_fd_sc_mcu7t5v0__aoi211_1)
                                                         _0561_ (net)
                      1.273571    0.000000    3.635146 ^ _1142_/A1 (gf180mcu_fd_sc_mcu7t5v0__oai211_1)
     2    0.007737    0.689034    0.489324    4.124469 v _1142_/ZN (gf180mcu_fd_sc_mcu7t5v0__oai211_1)
                                                         _0578_ (net)
                      0.689034    0.000000    4.124469 v _1155_/A1 (gf180mcu_fd_sc_mcu7t5v0__aoi21_1)
     4    0.022516    1.578406    1.012460    5.136929 ^ _1155_/ZN (gf180mcu_fd_sc_mcu7t5v0__aoi21_1)
                                                         _0589_ (net)
                      1.578406    0.000000    5.136929 ^ _1167_/A1 (gf180mcu_fd_sc_mcu7t5v0__aoi21_1)
     3    0.017796    0.835622    0.593779    5.730708 v _1167_/ZN (gf180mcu_fd_sc_mcu7t5v0__aoi21_1)
                                                         _0599_ (net)
                      0.835622    0.000000    5.730708 v _1181_/A1 (gf180mcu_fd_sc_mcu7t5v0__oai22_1)
     3    0.017617    1.678740    0.944345    6.675053 ^ _1181_/ZN (gf180mcu_fd_sc_mcu7t5v0__oai22_1)
                                                         _0611_ (net)
                      1.678740    0.000000    6.675053 ^ _1193_/A1 (gf180mcu_fd_sc_mcu7t5v0__aoi21_1)
     3    0.017199    0.844000    0.587774    7.262827 v _1193_/ZN (gf180mcu_fd_sc_mcu7t5v0__aoi21_1)
                                                         _0621_ (net)
                      0.844000    0.000000    7.262827 v _1203_/A1 (gf180mcu_fd_sc_mcu7t5v0__oai21_1)
     1    0.004611    0.576870    0.544073    7.806900 ^ _1203_/ZN (gf180mcu_fd_sc_mcu7t5v0__oai21_1)
                                                         _0630_ (net)
                      0.576870    0.000000    7.806900 ^ _1204_/A2 (gf180mcu_fd_sc_mcu7t5v0__nand2_1)
     1    0.004923    0.292476    0.224706    8.031606 v _1204_/ZN (gf180mcu_fd_sc_mcu7t5v0__nand2_1)
                                                         _0631_ (net)
                      0.292476    0.000000    8.031606 v _1206_/A1 (gf180mcu_fd_sc_mcu7t5v0__nand2_1)
     1    0.003014    0.328431    0.217146    8.248753 ^ _1206_/ZN (gf180mcu_fd_sc_mcu7t5v0__nand2_1)
                                                         _0118_ (net)
                      0.328431    0.000000    8.248753 ^ _2020_/D (gf180mcu_fd_sc_mcu7t5v0__dffrnq_1)
                                              8.248753   data arrival time

                      0.000000   81.379997   81.379997   clock clk (rise edge)
                                  0.000000   81.379997   clock network delay (ideal)
                                 -0.250000   81.129997   clock uncertainty
                                  0.000000   81.129997   clock reconvergence pessimism
                                             81.129997 ^ _2020_/CLK (gf180mcu_fd_sc_mcu7t5v0__dffrnq_1)
                                 -0.667173   80.462830   library setup time
                                             80.462830   data required time
---------------------------------------------------------------------------------------------
                                             80.462830   data required time
                                             -8.248753   data arrival time
---------------------------------------------------------------------------------------------
                                             72.214073   slack (MET)


Startpoint: _2005_ (rising edge-triggered flip-flop clocked by clk)
Endpoint: _2020_ (rising edge-triggered flip-flop clocked by clk_div)
Path Group: clk_div
Path Type: max

Fanout         Cap        Slew       Delay        Time   Description
---------------------------------------------------------------------------------------------
                      0.000000 20751.898438 20751.898438   clock clk (rise edge)
                                  0.000000 20751.898438   clock network delay (ideal)
                      0.000000    0.000000 20751.898438 ^ _2005_/CLK (gf180mcu_fd_sc_mcu7t5v0__dffrnq_1)
     7    0.036925    1.162486    2.182787 20754.082031 ^ _2005_/Q (gf180mcu_fd_sc_mcu7t5v0__dffrnq_1)
                                                         out_cas_int[0] (net)
                      1.162486    0.000000 20754.082031 ^ _1119_/C (gf180mcu_fd_sc_mcu7t5v0__oai211_1)
     2    0.009178    0.765330    0.592991 20754.675781 v _1119_/ZN (gf180mcu_fd_sc_mcu7t5v0__oai211_1)
                                                         _0559_ (net)
                      0.765330    0.000000 20754.675781 v _1121_/A2 (gf180mcu_fd_sc_mcu7t5v0__aoi211_1)
     2    0.007790    1.273571    0.858563 20755.533203 ^ _1121_/ZN (gf180mcu_fd_sc_mcu7t5v0__aoi211_1)
                                                         _0561_ (net)
                      1.273571    0.000000 20755.533203 ^ _1142_/A1 (gf180mcu_fd_sc_mcu7t5v0__oai211_1)
     2    0.007737    0.689034    0.489308 20756.023438 v _1142_/ZN (gf180mcu_fd_sc_mcu7t5v0__oai211_1)
                                                         _0578_ (net)
                      0.689034    0.000000 20756.023438 v _1155_/A1 (gf180mcu_fd_sc_mcu7t5v0__aoi21_1)
     4    0.022516    1.578406    1.013177 20757.037109 ^ _1155_/ZN (gf180mcu_fd_sc_mcu7t5v0__aoi21_1)
                                                         _0589_ (net)
                      1.578406    0.000000 20757.037109 ^ _1167_/A1 (gf180mcu_fd_sc_mcu7t5v0__aoi21_1)
     3    0.017796    0.835622    0.592991 20757.628906 v _1167_/ZN (gf180mcu_fd_sc_mcu7t5v0__aoi21_1)
                                                         _0599_ (net)
                      0.835622    0.000000 20757.628906 v _1181_/A1 (gf180mcu_fd_sc_mcu7t5v0__oai22_1)
     3    0.017617    1.678740    0.945875 20758.574219 ^ _1181_/ZN (gf180mcu_fd_sc_mcu7t5v0__oai22_1)
                                                         _0611_ (net)
                      1.678740    0.000000 20758.574219 ^ _1193_/A1 (gf180mcu_fd_sc_mcu7t5v0__aoi21_1)
     3    0.017199    0.844000    0.587534 20759.162109 v _1193_/ZN (gf180mcu_fd_sc_mcu7t5v0__aoi21_1)
                                                         _0621_ (net)
                      0.844000    0.000000 20759.162109 v _1203_/A1 (gf180mcu_fd_sc_mcu7t5v0__oai21_1)
     1    0.004611    0.576870    0.543878 20759.707031 ^ _1203_/ZN (gf180mcu_fd_sc_mcu7t5v0__oai21_1)
                                                         _0630_ (net)
                      0.576870    0.000000 20759.707031 ^ _1204_/A2 (gf180mcu_fd_sc_mcu7t5v0__nand2_1)
     1    0.004923    0.292476    0.223736 20759.929688 v _1204_/ZN (gf180mcu_fd_sc_mcu7t5v0__nand2_1)
                                                         _0631_ (net)
                      0.292476    0.000000 20759.929688 v _1206_/A1 (gf180mcu_fd_sc_mcu7t5v0__nand2_1)
     1    0.003014    0.328431    0.218279 20760.148438 ^ _1206_/ZN (gf180mcu_fd_sc_mcu7t5v0__nand2_1)
                                                         _0118_ (net)
                      0.328431    0.000000 20760.148438 ^ _2020_/D (gf180mcu_fd_sc_mcu7t5v0__dffrnq_1)
                                           20760.148438   data arrival time

                      0.000000 20833.279297 20833.279297   clock clk_div (rise edge)
                                  0.000000 20833.279297   clock network delay (ideal)
                                 -0.250000 20833.029297   clock uncertainty
                                  0.000000 20833.029297   clock reconvergence pessimism
                                           20833.029297 ^ _2020_/CLK (gf180mcu_fd_sc_mcu7t5v0__dffrnq_1)
                                 -0.667173 20832.363281   library setup time
                                           20832.363281   data required time
---------------------------------------------------------------------------------------------
                                           20832.363281   data required time
                                           -20760.148438   data arrival time
---------------------------------------------------------------------------------------------
                                             72.214073   slack (MET)


Startpoint: _2057_ (rising edge-triggered flip-flop clocked by clk)
Endpoint: _2053_ (rising edge-triggered flip-flop clocked by clk)
Path Group: clk
Path Type: max

Fanout         Cap        Slew       Delay        Time   Description
---------------------------------------------------------------------------------------------
                      0.000000    0.000000    0.000000   clock clk (rise edge)
                                  0.000000    0.000000   clock network delay (ideal)
                      0.000000    0.000000    0.000000 ^ _2057_/CLK (gf180mcu_fd_sc_mcu7t5v0__dffrnq_1)
     8    0.032881    1.055637    2.117541    2.117541 ^ _2057_/Q (gf180mcu_fd_sc_mcu7t5v0__dffrnq_1)
                                                         u_cas_int.out_int1[2] (net)
                      1.055637    0.000000    2.117541 ^ _1281_/A2 (gf180mcu_fd_sc_mcu7t5v0__nor2_1)
     2    0.006877    0.486967    0.375023    2.492563 v _1281_/ZN (gf180mcu_fd_sc_mcu7t5v0__nor2_1)
                                                         _0697_ (net)
                      0.486967    0.000000    2.492563 v _1282_/A2 (gf180mcu_fd_sc_mcu7t5v0__or2_1)
     2    0.012448    0.430281    0.929429    3.421993 v _1282_/Z (gf180mcu_fd_sc_mcu7t5v0__or2_1)
                                                         _0698_ (net)
                      0.430281    0.000000    3.421993 v _1296_/A1 (gf180mcu_fd_sc_mcu7t5v0__oai31_1)
     3    0.017111    2.169730    1.306059    4.728052 ^ _1296_/ZN (gf180mcu_fd_sc_mcu7t5v0__oai31_1)
                                                         _0710_ (net)
                      2.169730    0.000000    4.728052 ^ _1332_/A1 (gf180mcu_fd_sc_mcu7t5v0__aoi21_1)
     1    0.005088    0.616358    0.268304    4.996356 v _1332_/ZN (gf180mcu_fd_sc_mcu7t5v0__aoi21_1)
                                                         _0742_ (net)
                      0.616358    0.000000    4.996356 v _1393_/A1 (gf180mcu_fd_sc_mcu7t5v0__oai21_1)
     4    0.022486    1.480523    1.011149    6.007505 ^ _1393_/ZN (gf180mcu_fd_sc_mcu7t5v0__oai21_1)
                                                         _0795_ (net)
                      1.480523    0.000000    6.007505 ^ _1422_/A1 (gf180mcu_fd_sc_mcu7t5v0__aoi21_1)
     1    0.005088    0.498001    0.282786    6.290291 v _1422_/ZN (gf180mcu_fd_sc_mcu7t5v0__aoi21_1)
                                                         _0820_ (net)
                      0.498001    0.000000    6.290291 v _1435_/A1 (gf180mcu_fd_sc_mcu7t5v0__oai21_1)
     5    0.027114    1.729642    1.117017    7.407308 ^ _1435_/ZN (gf180mcu_fd_sc_mcu7t5v0__oai21_1)
                                                         _0831_ (net)
                      1.729642    0.000000    7.407308 ^ _1444_/A1 (gf180mcu_fd_sc_mcu7t5v0__aoi221_1)
     1    0.004591    0.688167    0.378084    7.785392 v _1444_/ZN (gf180mcu_fd_sc_mcu7t5v0__aoi221_1)
                                                         _0839_ (net)
                      0.688167    0.000000    7.785392 v _1446_/A1 (gf180mcu_fd_sc_mcu7t5v0__nor2_1)
     1    0.003014    0.438766    0.405596    8.190988 ^ _1446_/ZN (gf180mcu_fd_sc_mcu7t5v0__nor2_1)
                                                         _0102_ (net)
                      0.438766    0.000000    8.190988 ^ _2053_/D (gf180mcu_fd_sc_mcu7t5v0__dffrnq_1)
                                              8.190988   data arrival time

                      0.000000   81.379997   81.379997   clock clk (rise edge)
                                  0.000000   81.379997   clock network delay (ideal)
                                 -0.250000   81.129997   clock uncertainty
                                  0.000000   81.129997   clock reconvergence pessimism
                                             81.129997 ^ _2053_/CLK (gf180mcu_fd_sc_mcu7t5v0__dffrnq_1)
                                 -0.690408   80.439590   library setup time
                                             80.439590   data required time
---------------------------------------------------------------------------------------------
                                             80.439590   data required time
                                             -8.190988   data arrival time
---------------------------------------------------------------------------------------------
                                             72.248604   slack (MET)


Startpoint: _2057_ (rising edge-triggered flip-flop clocked by clk)
Endpoint: _2053_ (rising edge-triggered flip-flop clocked by clk_div)
Path Group: clk_div
Path Type: max

Fanout         Cap        Slew       Delay        Time   Description
---------------------------------------------------------------------------------------------
                      0.000000 20751.898438 20751.898438   clock clk (rise edge)
                                  0.000000 20751.898438   clock network delay (ideal)
                      0.000000    0.000000 20751.898438 ^ _2057_/CLK (gf180mcu_fd_sc_mcu7t5v0__dffrnq_1)
     8    0.032881    1.055637    2.117304 20754.017578 ^ _2057_/Q (gf180mcu_fd_sc_mcu7t5v0__dffrnq_1)
                                                         u_cas_int.out_int1[2] (net)
                      1.055637    0.000000 20754.017578 ^ _1281_/A2 (gf180mcu_fd_sc_mcu7t5v0__nor2_1)
     2    0.006877    0.486967    0.374712 20754.390625 v _1281_/ZN (gf180mcu_fd_sc_mcu7t5v0__nor2_1)
                                                         _0697_ (net)
                      0.486967    0.000000 20754.390625 v _1282_/A2 (gf180mcu_fd_sc_mcu7t5v0__or2_1)
     2    0.012448    0.430281    0.929504 20755.320312 v _1282_/Z (gf180mcu_fd_sc_mcu7t5v0__or2_1)
                                                         _0698_ (net)
                      0.430281    0.000000 20755.320312 v _1296_/A1 (gf180mcu_fd_sc_mcu7t5v0__oai31_1)
     3    0.017111    2.169730    1.306034 20756.626953 ^ _1296_/ZN (gf180mcu_fd_sc_mcu7t5v0__oai31_1)
                                                         _0710_ (net)
                      2.169730    0.000000 20756.626953 ^ _1332_/A1 (gf180mcu_fd_sc_mcu7t5v0__aoi21_1)
     1    0.005088    0.616358    0.269210 20756.896484 v _1332_/ZN (gf180mcu_fd_sc_mcu7t5v0__aoi21_1)
                                                         _0742_ (net)
                      0.616358    0.000000 20756.896484 v _1393_/A1 (gf180mcu_fd_sc_mcu7t5v0__oai21_1)
     4    0.022486    1.480523    1.011358 20757.908203 ^ _1393_/ZN (gf180mcu_fd_sc_mcu7t5v0__oai21_1)
                                                         _0795_ (net)
                      1.480523    0.000000 20757.908203 ^ _1422_/A1 (gf180mcu_fd_sc_mcu7t5v0__aoi21_1)
     1    0.005088    0.498001    0.281943 20758.189453 v _1422_/ZN (gf180mcu_fd_sc_mcu7t5v0__aoi21_1)
                                                         _0820_ (net)
                      0.498001    0.000000 20758.189453 v _1435_/A1 (gf180mcu_fd_sc_mcu7t5v0__oai21_1)
     5    0.027114    1.729642    1.116860 20759.306641 ^ _1435_/ZN (gf180mcu_fd_sc_mcu7t5v0__oai21_1)
                                                         _0831_ (net)
                      1.729642    0.000000 20759.306641 ^ _1444_/A1 (gf180mcu_fd_sc_mcu7t5v0__aoi221_1)
     1    0.004591    0.688167    0.378350 20759.685547 v _1444_/ZN (gf180mcu_fd_sc_mcu7t5v0__aoi221_1)
                                                         _0839_ (net)
                      0.688167    0.000000 20759.685547 v _1446_/A1 (gf180mcu_fd_sc_mcu7t5v0__nor2_1)
     1    0.003014    0.438766    0.405635 20760.089844 ^ _1446_/ZN (gf180mcu_fd_sc_mcu7t5v0__nor2_1)
                                                         _0102_ (net)
                      0.438766    0.000000 20760.089844 ^ _2053_/D (gf180mcu_fd_sc_mcu7t5v0__dffrnq_1)
                                           20760.089844   data arrival time

                      0.000000 20833.279297 20833.279297   clock clk_div (rise edge)
                                  0.000000 20833.279297   clock network delay (ideal)
                                 -0.250000 20833.029297   clock uncertainty
                                  0.000000 20833.029297   clock reconvergence pessimism
                                           20833.029297 ^ _2053_/CLK (gf180mcu_fd_sc_mcu7t5v0__dffrnq_1)
                                 -0.690408 20832.337891   library setup time
                                           20832.337891   data required time
---------------------------------------------------------------------------------------------
                                           20832.337891   data required time
                                           -20760.089844   data arrival time
---------------------------------------------------------------------------------------------
                                             72.248604   slack (MET)


Startpoint: _2057_ (rising edge-triggered flip-flop clocked by clk)
Endpoint: _2052_ (rising edge-triggered flip-flop clocked by clk)
Path Group: clk
Path Type: max

Fanout         Cap        Slew       Delay        Time   Description
---------------------------------------------------------------------------------------------
                      0.000000    0.000000    0.000000   clock clk (rise edge)
                                  0.000000    0.000000   clock network delay (ideal)
                      0.000000    0.000000    0.000000 ^ _2057_/CLK (gf180mcu_fd_sc_mcu7t5v0__dffrnq_1)
     8    0.032881    1.055637    2.117541    2.117541 ^ _2057_/Q (gf180mcu_fd_sc_mcu7t5v0__dffrnq_1)
                                                         u_cas_int.out_int1[2] (net)
                      1.055637    0.000000    2.117541 ^ _1281_/A2 (gf180mcu_fd_sc_mcu7t5v0__nor2_1)
     2    0.006877    0.486967    0.375023    2.492563 v _1281_/ZN (gf180mcu_fd_sc_mcu7t5v0__nor2_1)
                                                         _0697_ (net)
                      0.486967    0.000000    2.492563 v _1282_/A2 (gf180mcu_fd_sc_mcu7t5v0__or2_1)
     2    0.012448    0.430281    0.929429    3.421993 v _1282_/Z (gf180mcu_fd_sc_mcu7t5v0__or2_1)
                                                         _0698_ (net)
                      0.430281    0.000000    3.421993 v _1296_/A1 (gf180mcu_fd_sc_mcu7t5v0__oai31_1)
     3    0.017111    2.169730    1.306059    4.728052 ^ _1296_/ZN (gf180mcu_fd_sc_mcu7t5v0__oai31_1)
                                                         _0710_ (net)
                      2.169730    0.000000    4.728052 ^ _1332_/A1 (gf180mcu_fd_sc_mcu7t5v0__aoi21_1)
     1    0.005088    0.616358    0.268304    4.996356 v _1332_/ZN (gf180mcu_fd_sc_mcu7t5v0__aoi21_1)
                                                         _0742_ (net)
                      0.616358    0.000000    4.996356 v _1393_/A1 (gf180mcu_fd_sc_mcu7t5v0__oai21_1)
     4    0.022486    1.480523    1.011149    6.007505 ^ _1393_/ZN (gf180mcu_fd_sc_mcu7t5v0__oai21_1)
                                                         _0795_ (net)
                      1.480523    0.000000    6.007505 ^ _1422_/A1 (gf180mcu_fd_sc_mcu7t5v0__aoi21_1)
     1    0.005088    0.498001    0.282786    6.290291 v _1422_/ZN (gf180mcu_fd_sc_mcu7t5v0__aoi21_1)
                                                         _0820_ (net)
                      0.498001    0.000000    6.290291 v _1435_/A1 (gf180mcu_fd_sc_mcu7t5v0__oai21_1)
     5    0.027114    1.729642    1.117017    7.407308 ^ _1435_/ZN (gf180mcu_fd_sc_mcu7t5v0__oai21_1)
                                                         _0831_ (net)
                      1.729642    0.000000    7.407308 ^ _1439_/A3 (gf180mcu_fd_sc_mcu7t5v0__xor3_1)
     1    0.003014    0.585113    0.751805    8.159113 ^ _1439_/Z (gf180mcu_fd_sc_mcu7t5v0__xor3_1)
                                                         _0101_ (net)
                      0.585113    0.000000    8.159113 ^ _2052_/D (gf180mcu_fd_sc_mcu7t5v0__dffrnq_1)
                                              8.159113   data arrival time

                      0.000000   81.379997   81.379997   clock clk (rise edge)
                                  0.000000   81.379997   clock network delay (ideal)
                                 -0.250000   81.129997   clock uncertainty
                                  0.000000   81.129997   clock reconvergence pessimism
                                             81.129997 ^ _2052_/CLK (gf180mcu_fd_sc_mcu7t5v0__dffrnq_1)
                                 -0.719689   80.410309   library setup time
                                             80.410309   data required time
---------------------------------------------------------------------------------------------
                                             80.410309   data required time
                                             -8.159113   data arrival time
---------------------------------------------------------------------------------------------
                                             72.251198   slack (MET)


Startpoint: _2057_ (rising edge-triggered flip-flop clocked by clk)
Endpoint: _2052_ (rising edge-triggered flip-flop clocked by clk_div)
Path Group: clk_div
Path Type: max

Fanout         Cap        Slew       Delay        Time   Description
---------------------------------------------------------------------------------------------
                      0.000000 20751.898438 20751.898438   clock clk (rise edge)
                                  0.000000 20751.898438   clock network delay (ideal)
                      0.000000    0.000000 20751.898438 ^ _2057_/CLK (gf180mcu_fd_sc_mcu7t5v0__dffrnq_1)
     8    0.032881    1.055637    2.117304 20754.017578 ^ _2057_/Q (gf180mcu_fd_sc_mcu7t5v0__dffrnq_1)
                                                         u_cas_int.out_int1[2] (net)
                      1.055637    0.000000 20754.017578 ^ _1281_/A2 (gf180mcu_fd_sc_mcu7t5v0__nor2_1)
     2    0.006877    0.486967    0.374712 20754.390625 v _1281_/ZN (gf180mcu_fd_sc_mcu7t5v0__nor2_1)
                                                         _0697_ (net)
                      0.486967    0.000000 20754.390625 v _1282_/A2 (gf180mcu_fd_sc_mcu7t5v0__or2_1)
     2    0.012448    0.430281    0.929504 20755.320312 v _1282_/Z (gf180mcu_fd_sc_mcu7t5v0__or2_1)
                                                         _0698_ (net)
                      0.430281    0.000000 20755.320312 v _1296_/A1 (gf180mcu_fd_sc_mcu7t5v0__oai31_1)
     3    0.017111    2.169730    1.306034 20756.626953 ^ _1296_/ZN (gf180mcu_fd_sc_mcu7t5v0__oai31_1)
                                                         _0710_ (net)
                      2.169730    0.000000 20756.626953 ^ _1332_/A1 (gf180mcu_fd_sc_mcu7t5v0__aoi21_1)
     1    0.005088    0.616358    0.269210 20756.896484 v _1332_/ZN (gf180mcu_fd_sc_mcu7t5v0__aoi21_1)
                                                         _0742_ (net)
                      0.616358    0.000000 20756.896484 v _1393_/A1 (gf180mcu_fd_sc_mcu7t5v0__oai21_1)
     4    0.022486    1.480523    1.011358 20757.908203 ^ _1393_/ZN (gf180mcu_fd_sc_mcu7t5v0__oai21_1)
                                                         _0795_ (net)
                      1.480523    0.000000 20757.908203 ^ _1422_/A1 (gf180mcu_fd_sc_mcu7t5v0__aoi21_1)
     1    0.005088    0.498001    0.281943 20758.189453 v _1422_/ZN (gf180mcu_fd_sc_mcu7t5v0__aoi21_1)
                                                         _0820_ (net)
                      0.498001    0.000000 20758.189453 v _1435_/A1 (gf180mcu_fd_sc_mcu7t5v0__oai21_1)
     5    0.027114    1.729642    1.116860 20759.306641 ^ _1435_/ZN (gf180mcu_fd_sc_mcu7t5v0__oai21_1)
                                                         _0831_ (net)
                      1.729642    0.000000 20759.306641 ^ _1439_/A3 (gf180mcu_fd_sc_mcu7t5v0__xor3_1)
     1    0.003014    0.585113    0.753062 20760.058594 ^ _1439_/Z (gf180mcu_fd_sc_mcu7t5v0__xor3_1)
                                                         _0101_ (net)
                      0.585113    0.000000 20760.058594 ^ _2052_/D (gf180mcu_fd_sc_mcu7t5v0__dffrnq_1)
                                           20760.058594   data arrival time

                      0.000000 20833.279297 20833.279297   clock clk_div (rise edge)
                                  0.000000 20833.279297   clock network delay (ideal)
                                 -0.250000 20833.029297   clock uncertainty
                                  0.000000 20833.029297   clock reconvergence pessimism
                                           20833.029297 ^ _2052_/CLK (gf180mcu_fd_sc_mcu7t5v0__dffrnq_1)
                                 -0.719689 20832.310547   library setup time
                                           20832.310547   data required time
---------------------------------------------------------------------------------------------
                                           20832.310547   data required time
                                           -20760.058594   data arrival time
---------------------------------------------------------------------------------------------
                                             72.251198   slack (MET)


Startpoint: _2005_ (rising edge-triggered flip-flop clocked by clk)
Endpoint: _2027_ (rising edge-triggered flip-flop clocked by clk)
Path Group: clk
Path Type: max

Fanout         Cap        Slew       Delay        Time   Description
---------------------------------------------------------------------------------------------
                      0.000000    0.000000    0.000000   clock clk (rise edge)
                                  0.000000    0.000000   clock network delay (ideal)
                      0.000000    0.000000    0.000000 ^ _2005_/CLK (gf180mcu_fd_sc_mcu7t5v0__dffrnq_1)
     7    0.036925    1.162486    2.181902    2.181902 ^ _2005_/Q (gf180mcu_fd_sc_mcu7t5v0__dffrnq_1)
                                                         out_cas_int[0] (net)
                      1.162486    0.000000    2.181902 ^ _1119_/C (gf180mcu_fd_sc_mcu7t5v0__oai211_1)
     2    0.009178    0.765330    0.593235    2.775137 v _1119_/ZN (gf180mcu_fd_sc_mcu7t5v0__oai211_1)
                                                         _0559_ (net)
                      0.765330    0.000000    2.775137 v _1121_/A2 (gf180mcu_fd_sc_mcu7t5v0__aoi211_1)
     2    0.007790    1.273571    0.860009    3.635146 ^ _1121_/ZN (gf180mcu_fd_sc_mcu7t5v0__aoi211_1)
                                                         _0561_ (net)
                      1.273571    0.000000    3.635146 ^ _1142_/A1 (gf180mcu_fd_sc_mcu7t5v0__oai211_1)
     2    0.007737    0.689034    0.489324    4.124469 v _1142_/ZN (gf180mcu_fd_sc_mcu7t5v0__oai211_1)
                                                         _0578_ (net)
                      0.689034    0.000000    4.124469 v _1155_/A1 (gf180mcu_fd_sc_mcu7t5v0__aoi21_1)
     4    0.022516    1.578406    1.012460    5.136929 ^ _1155_/ZN (gf180mcu_fd_sc_mcu7t5v0__aoi21_1)
                                                         _0589_ (net)
                      1.578406    0.000000    5.136929 ^ _1217_/A1 (gf180mcu_fd_sc_mcu7t5v0__aoi21_1)
     4    0.020832    0.904488    0.656011    5.792940 v _1217_/ZN (gf180mcu_fd_sc_mcu7t5v0__aoi21_1)
                                                         _0643_ (net)
                      0.904488    0.000000    5.792940 v _1242_/A1 (gf180mcu_fd_sc_mcu7t5v0__oai21_1)
     3    0.017593    1.226396    0.952863    6.745803 ^ _1242_/ZN (gf180mcu_fd_sc_mcu7t5v0__oai21_1)
                                                         _0664_ (net)
                      1.226396    0.000000    6.745803 ^ _1254_/A1 (gf180mcu_fd_sc_mcu7t5v0__aoi21_1)
     5    0.027879    0.981379    0.748197    7.493999 v _1254_/ZN (gf180mcu_fd_sc_mcu7t5v0__aoi21_1)
                                                         _0674_ (net)
                      0.981379    0.000000    7.493999 v _1258_/A3 (gf180mcu_fd_sc_mcu7t5v0__xor3_1)
     1    0.003014    0.514682    0.978707    8.472707 v _1258_/Z (gf180mcu_fd_sc_mcu7t5v0__xor3_1)
                                                         _0126_ (net)
                      0.514682    0.000000    8.472707 v _2027_/D (gf180mcu_fd_sc_mcu7t5v0__dffrnq_1)
                                              8.472707   data arrival time

                      0.000000   81.379997   81.379997   clock clk (rise edge)
                                  0.000000   81.379997   clock network delay (ideal)
                                 -0.250000   81.129997   clock uncertainty
                                  0.000000   81.129997   clock reconvergence pessimism
                                             81.129997 ^ _2027_/CLK (gf180mcu_fd_sc_mcu7t5v0__dffrnq_1)
                                 -0.401119   80.728882   library setup time
                                             80.728882   data required time
---------------------------------------------------------------------------------------------
                                             80.728882   data required time
                                             -8.472707   data arrival time
---------------------------------------------------------------------------------------------
                                             72.256180   slack (MET)


Startpoint: _2005_ (rising edge-triggered flip-flop clocked by clk)
Endpoint: _2027_ (rising edge-triggered flip-flop clocked by clk_div)
Path Group: clk_div
Path Type: max

Fanout         Cap        Slew       Delay        Time   Description
---------------------------------------------------------------------------------------------
                      0.000000 20751.898438 20751.898438   clock clk (rise edge)
                                  0.000000 20751.898438   clock network delay (ideal)
                      0.000000    0.000000 20751.898438 ^ _2005_/CLK (gf180mcu_fd_sc_mcu7t5v0__dffrnq_1)
     7    0.036925    1.162486    2.182787 20754.082031 ^ _2005_/Q (gf180mcu_fd_sc_mcu7t5v0__dffrnq_1)
                                                         out_cas_int[0] (net)
                      1.162486    0.000000 20754.082031 ^ _1119_/C (gf180mcu_fd_sc_mcu7t5v0__oai211_1)
     2    0.009178    0.765330    0.592991 20754.675781 v _1119_/ZN (gf180mcu_fd_sc_mcu7t5v0__oai211_1)
                                                         _0559_ (net)
                      0.765330    0.000000 20754.675781 v _1121_/A2 (gf180mcu_fd_sc_mcu7t5v0__aoi211_1)
     2    0.007790    1.273571    0.858563 20755.533203 ^ _1121_/ZN (gf180mcu_fd_sc_mcu7t5v0__aoi211_1)
                                                         _0561_ (net)
                      1.273571    0.000000 20755.533203 ^ _1142_/A1 (gf180mcu_fd_sc_mcu7t5v0__oai211_1)
     2    0.007737    0.689034    0.489308 20756.023438 v _1142_/ZN (gf180mcu_fd_sc_mcu7t5v0__oai211_1)
                                                         _0578_ (net)
                      0.689034    0.000000 20756.023438 v _1155_/A1 (gf180mcu_fd_sc_mcu7t5v0__aoi21_1)
     4    0.022516    1.578406    1.013177 20757.037109 ^ _1155_/ZN (gf180mcu_fd_sc_mcu7t5v0__aoi21_1)
                                                         _0589_ (net)
                      1.578406    0.000000 20757.037109 ^ _1217_/A1 (gf180mcu_fd_sc_mcu7t5v0__aoi21_1)
     4    0.020832    0.904488    0.656655 20757.693359 v _1217_/ZN (gf180mcu_fd_sc_mcu7t5v0__aoi21_1)
                                                         _0643_ (net)
                      0.904488    0.000000 20757.693359 v _1242_/A1 (gf180mcu_fd_sc_mcu7t5v0__oai21_1)
     3    0.017593    1.226396    0.953150 20758.646484 ^ _1242_/ZN (gf180mcu_fd_sc_mcu7t5v0__oai21_1)
                                                         _0664_ (net)
                      1.226396    0.000000 20758.646484 ^ _1254_/A1 (gf180mcu_fd_sc_mcu7t5v0__aoi21_1)
     5    0.027879    0.981379    0.747605 20759.394531 v _1254_/ZN (gf180mcu_fd_sc_mcu7t5v0__aoi21_1)
                                                         _0674_ (net)
                      0.981379    0.000000 20759.394531 v _1258_/A3 (gf180mcu_fd_sc_mcu7t5v0__xor3_1)
     1    0.003014    0.514682    0.978616 20760.373047 v _1258_/Z (gf180mcu_fd_sc_mcu7t5v0__xor3_1)
                                                         _0126_ (net)
                      0.514682    0.000000 20760.373047 v _2027_/D (gf180mcu_fd_sc_mcu7t5v0__dffrnq_1)
                                           20760.373047   data arrival time

                      0.000000 20833.279297 20833.279297   clock clk_div (rise edge)
                                  0.000000 20833.279297   clock network delay (ideal)
                                 -0.250000 20833.029297   clock uncertainty
                                  0.000000 20833.029297   clock reconvergence pessimism
                                           20833.029297 ^ _2027_/CLK (gf180mcu_fd_sc_mcu7t5v0__dffrnq_1)
                                 -0.401119 20832.628906   library setup time
                                           20832.628906   data required time
---------------------------------------------------------------------------------------------
                                           20832.628906   data required time
                                           -20760.373047   data arrival time
---------------------------------------------------------------------------------------------
                                             72.256180   slack (MET)


Startpoint: _2057_ (rising edge-triggered flip-flop clocked by clk)
Endpoint: _2054_ (rising edge-triggered flip-flop clocked by clk)
Path Group: clk
Path Type: max

Fanout         Cap        Slew       Delay        Time   Description
---------------------------------------------------------------------------------------------
                      0.000000    0.000000    0.000000   clock clk (rise edge)
                                  0.000000    0.000000   clock network delay (ideal)
                      0.000000    0.000000    0.000000 ^ _2057_/CLK (gf180mcu_fd_sc_mcu7t5v0__dffrnq_1)
     8    0.032881    1.055637    2.117541    2.117541 ^ _2057_/Q (gf180mcu_fd_sc_mcu7t5v0__dffrnq_1)
                                                         u_cas_int.out_int1[2] (net)
                      1.055637    0.000000    2.117541 ^ _1281_/A2 (gf180mcu_fd_sc_mcu7t5v0__nor2_1)
     2    0.006877    0.486967    0.375023    2.492563 v _1281_/ZN (gf180mcu_fd_sc_mcu7t5v0__nor2_1)
                                                         _0697_ (net)
                      0.486967    0.000000    2.492563 v _1282_/A2 (gf180mcu_fd_sc_mcu7t5v0__or2_1)
     2    0.012448    0.430281    0.929429    3.421993 v _1282_/Z (gf180mcu_fd_sc_mcu7t5v0__or2_1)
                                                         _0698_ (net)
                      0.430281    0.000000    3.421993 v _1296_/A1 (gf180mcu_fd_sc_mcu7t5v0__oai31_1)
     3    0.017111    2.169730    1.306059    4.728052 ^ _1296_/ZN (gf180mcu_fd_sc_mcu7t5v0__oai31_1)
                                                         _0710_ (net)
                      2.169730    0.000000    4.728052 ^ _1332_/A1 (gf180mcu_fd_sc_mcu7t5v0__aoi21_1)
     1    0.005088    0.616358    0.268304    4.996356 v _1332_/ZN (gf180mcu_fd_sc_mcu7t5v0__aoi21_1)
                                                         _0742_ (net)
                      0.616358    0.000000    4.996356 v _1393_/A1 (gf180mcu_fd_sc_mcu7t5v0__oai21_1)
     4    0.022486    1.480523    1.011149    6.007505 ^ _1393_/ZN (gf180mcu_fd_sc_mcu7t5v0__oai21_1)
                                                         _0795_ (net)
                      1.480523    0.000000    6.007505 ^ _1422_/A1 (gf180mcu_fd_sc_mcu7t5v0__aoi21_1)
     1    0.005088    0.498001    0.282786    6.290291 v _1422_/ZN (gf180mcu_fd_sc_mcu7t5v0__aoi21_1)
                                                         _0820_ (net)
                      0.498001    0.000000    6.290291 v _1435_/A1 (gf180mcu_fd_sc_mcu7t5v0__oai21_1)
     5    0.027114    1.729642    1.117017    7.407308 ^ _1435_/ZN (gf180mcu_fd_sc_mcu7t5v0__oai21_1)
                                                         _0831_ (net)
                      1.729642    0.000000    7.407308 ^ _1453_/A1 (gf180mcu_fd_sc_mcu7t5v0__aoi21_1)
     1    0.004591    0.528856    0.267124    7.674432 v _1453_/ZN (gf180mcu_fd_sc_mcu7t5v0__aoi21_1)
                                                         _0847_ (net)
                      0.528856    0.000000    7.674432 v _1455_/A1 (gf180mcu_fd_sc_mcu7t5v0__nor2_1)
     1    0.003014    0.418276    0.363245    8.037677 ^ _1455_/ZN (gf180mcu_fd_sc_mcu7t5v0__nor2_1)
                                                         _0103_ (net)
                      0.418276    0.000000    8.037677 ^ _2054_/D (gf180mcu_fd_sc_mcu7t5v0__dffrnq_1)
                                              8.037677   data arrival time

                      0.000000   81.379997   81.379997   clock clk (rise edge)
                                  0.000000   81.379997   clock network delay (ideal)
                                 -0.250000   81.129997   clock uncertainty
                                  0.000000   81.129997   clock reconvergence pessimism
                                             81.129997 ^ _2054_/CLK (gf180mcu_fd_sc_mcu7t5v0__dffrnq_1)
                                 -0.686093   80.443909   library setup time
                                             80.443909   data required time
---------------------------------------------------------------------------------------------
                                             80.443909   data required time
                                             -8.037677   data arrival time
---------------------------------------------------------------------------------------------
                                             72.406235   slack (MET)


Startpoint: _2057_ (rising edge-triggered flip-flop clocked by clk)
Endpoint: _2054_ (rising edge-triggered flip-flop clocked by clk_div)
Path Group: clk_div
Path Type: max

Fanout         Cap        Slew       Delay        Time   Description
---------------------------------------------------------------------------------------------
                      0.000000 20751.898438 20751.898438   clock clk (rise edge)
                                  0.000000 20751.898438   clock network delay (ideal)
                      0.000000    0.000000 20751.898438 ^ _2057_/CLK (gf180mcu_fd_sc_mcu7t5v0__dffrnq_1)
     8    0.032881    1.055637    2.117304 20754.017578 ^ _2057_/Q (gf180mcu_fd_sc_mcu7t5v0__dffrnq_1)
                                                         u_cas_int.out_int1[2] (net)
                      1.055637    0.000000 20754.017578 ^ _1281_/A2 (gf180mcu_fd_sc_mcu7t5v0__nor2_1)
     2    0.006877    0.486967    0.374712 20754.390625 v _1281_/ZN (gf180mcu_fd_sc_mcu7t5v0__nor2_1)
                                                         _0697_ (net)
                      0.486967    0.000000 20754.390625 v _1282_/A2 (gf180mcu_fd_sc_mcu7t5v0__or2_1)
     2    0.012448    0.430281    0.929504 20755.320312 v _1282_/Z (gf180mcu_fd_sc_mcu7t5v0__or2_1)
                                                         _0698_ (net)
                      0.430281    0.000000 20755.320312 v _1296_/A1 (gf180mcu_fd_sc_mcu7t5v0__oai31_1)
     3    0.017111    2.169730    1.306034 20756.626953 ^ _1296_/ZN (gf180mcu_fd_sc_mcu7t5v0__oai31_1)
                                                         _0710_ (net)
                      2.169730    0.000000 20756.626953 ^ _1332_/A1 (gf180mcu_fd_sc_mcu7t5v0__aoi21_1)
     1    0.005088    0.616358    0.269210 20756.896484 v _1332_/ZN (gf180mcu_fd_sc_mcu7t5v0__aoi21_1)
                                                         _0742_ (net)
                      0.616358    0.000000 20756.896484 v _1393_/A1 (gf180mcu_fd_sc_mcu7t5v0__oai21_1)
     4    0.022486    1.480523    1.011358 20757.908203 ^ _1393_/ZN (gf180mcu_fd_sc_mcu7t5v0__oai21_1)
                                                         _0795_ (net)
                      1.480523    0.000000 20757.908203 ^ _1422_/A1 (gf180mcu_fd_sc_mcu7t5v0__aoi21_1)
     1    0.005088    0.498001    0.281943 20758.189453 v _1422_/ZN (gf180mcu_fd_sc_mcu7t5v0__aoi21_1)
                                                         _0820_ (net)
                      0.498001    0.000000 20758.189453 v _1435_/A1 (gf180mcu_fd_sc_mcu7t5v0__oai21_1)
     5    0.027114    1.729642    1.116860 20759.306641 ^ _1435_/ZN (gf180mcu_fd_sc_mcu7t5v0__oai21_1)
                                                         _0831_ (net)
                      1.729642    0.000000 20759.306641 ^ _1453_/A1 (gf180mcu_fd_sc_mcu7t5v0__aoi21_1)
     1    0.004591    0.528856    0.267391 20759.574219 v _1453_/ZN (gf180mcu_fd_sc_mcu7t5v0__aoi21_1)
                                                         _0847_ (net)
                      0.528856    0.000000 20759.574219 v _1455_/A1 (gf180mcu_fd_sc_mcu7t5v0__nor2_1)
     1    0.003014    0.418276    0.363798 20759.937500 ^ _1455_/ZN (gf180mcu_fd_sc_mcu7t5v0__nor2_1)
                                                         _0103_ (net)
                      0.418276    0.000000 20759.937500 ^ _2054_/D (gf180mcu_fd_sc_mcu7t5v0__dffrnq_1)
                                           20759.937500   data arrival time

                      0.000000 20833.279297 20833.279297   clock clk_div (rise edge)
                                  0.000000 20833.279297   clock network delay (ideal)
                                 -0.250000 20833.029297   clock uncertainty
                                  0.000000 20833.029297   clock reconvergence pessimism
                                           20833.029297 ^ _2054_/CLK (gf180mcu_fd_sc_mcu7t5v0__dffrnq_1)
                                 -0.686093 20832.343750   library setup time
                                           20832.343750   data required time
---------------------------------------------------------------------------------------------
                                           20832.343750   data required time
                                           -20759.937500   data arrival time
---------------------------------------------------------------------------------------------
                                             72.406235   slack (MET)


Startpoint: _2057_ (rising edge-triggered flip-flop clocked by clk)
Endpoint: _2049_ (rising edge-triggered flip-flop clocked by clk)
Path Group: clk
Path Type: max

Fanout         Cap        Slew       Delay        Time   Description
---------------------------------------------------------------------------------------------
                      0.000000    0.000000    0.000000   clock clk (rise edge)
                                  0.000000    0.000000   clock network delay (ideal)
                      0.000000    0.000000    0.000000 ^ _2057_/CLK (gf180mcu_fd_sc_mcu7t5v0__dffrnq_1)
     8    0.032881    1.055637    2.117541    2.117541 ^ _2057_/Q (gf180mcu_fd_sc_mcu7t5v0__dffrnq_1)
                                                         u_cas_int.out_int1[2] (net)
                      1.055637    0.000000    2.117541 ^ _1281_/A2 (gf180mcu_fd_sc_mcu7t5v0__nor2_1)
     2    0.006877    0.486967    0.375023    2.492563 v _1281_/ZN (gf180mcu_fd_sc_mcu7t5v0__nor2_1)
                                                         _0697_ (net)
                      0.486967    0.000000    2.492563 v _1282_/A2 (gf180mcu_fd_sc_mcu7t5v0__or2_1)
     2    0.012448    0.430281    0.929429    3.421993 v _1282_/Z (gf180mcu_fd_sc_mcu7t5v0__or2_1)
                                                         _0698_ (net)
                      0.430281    0.000000    3.421993 v _1296_/A1 (gf180mcu_fd_sc_mcu7t5v0__oai31_1)
     3    0.017111    2.169730    1.306059    4.728052 ^ _1296_/ZN (gf180mcu_fd_sc_mcu7t5v0__oai31_1)
                                                         _0710_ (net)
                      2.169730    0.000000    4.728052 ^ _1332_/A1 (gf180mcu_fd_sc_mcu7t5v0__aoi21_1)
     1    0.005088    0.616358    0.268304    4.996356 v _1332_/ZN (gf180mcu_fd_sc_mcu7t5v0__aoi21_1)
                                                         _0742_ (net)
                      0.616358    0.000000    4.996356 v _1393_/A1 (gf180mcu_fd_sc_mcu7t5v0__oai21_1)
     4    0.022486    1.480523    1.011149    6.007505 ^ _1393_/ZN (gf180mcu_fd_sc_mcu7t5v0__oai21_1)
                                                         _0795_ (net)
                      1.480523    0.000000    6.007505 ^ _1396_/A1 (gf180mcu_fd_sc_mcu7t5v0__nand2_1)
     2    0.009588    0.605784    0.404179    6.411684 v _1396_/ZN (gf180mcu_fd_sc_mcu7t5v0__nand2_1)
                                                         _0798_ (net)
                      0.605784    0.000000    6.411684 v _1404_/A1 (gf180mcu_fd_sc_mcu7t5v0__aoi21_1)
     2    0.012616    1.042945    0.691426    7.103110 ^ _1404_/ZN (gf180mcu_fd_sc_mcu7t5v0__aoi21_1)
                                                         _0804_ (net)
                      1.042945    0.000000    7.103110 ^ _1412_/A1 (gf180mcu_fd_sc_mcu7t5v0__aoi21_1)
     1    0.007696    0.481440    0.343714    7.446824 v _1412_/ZN (gf180mcu_fd_sc_mcu7t5v0__aoi21_1)
                                                         _0811_ (net)
                      0.481440    0.000000    7.446824 v _1413_/A2 (gf180mcu_fd_sc_mcu7t5v0__xor2_1)
     1    0.003014    0.356175    0.867817    8.314642 v _1413_/Z (gf180mcu_fd_sc_mcu7t5v0__xor2_1)
                                                         _0097_ (net)
                      0.356175    0.000000    8.314642 v _2049_/D (gf180mcu_fd_sc_mcu7t5v0__dffrnq_1)
                                              8.314642   data arrival time

                      0.000000   81.379997   81.379997   clock clk (rise edge)
                                  0.000000   81.379997   clock network delay (ideal)
                                 -0.250000   81.129997   clock uncertainty
                                  0.000000   81.129997   clock reconvergence pessimism
                                             81.129997 ^ _2049_/CLK (gf180mcu_fd_sc_mcu7t5v0__dffrnq_1)
                                 -0.352845   80.777153   library setup time
                                             80.777153   data required time
---------------------------------------------------------------------------------------------
                                             80.777153   data required time
                                             -8.314642   data arrival time
---------------------------------------------------------------------------------------------
                                             72.462509   slack (MET)


Startpoint: _2057_ (rising edge-triggered flip-flop clocked by clk)
Endpoint: _2049_ (rising edge-triggered flip-flop clocked by clk_div)
Path Group: clk_div
Path Type: max

Fanout         Cap        Slew       Delay        Time   Description
---------------------------------------------------------------------------------------------
                      0.000000 20751.898438 20751.898438   clock clk (rise edge)
                                  0.000000 20751.898438   clock network delay (ideal)
                      0.000000    0.000000 20751.898438 ^ _2057_/CLK (gf180mcu_fd_sc_mcu7t5v0__dffrnq_1)
     8    0.032881    1.055637    2.117304 20754.017578 ^ _2057_/Q (gf180mcu_fd_sc_mcu7t5v0__dffrnq_1)
                                                         u_cas_int.out_int1[2] (net)
                      1.055637    0.000000 20754.017578 ^ _1281_/A2 (gf180mcu_fd_sc_mcu7t5v0__nor2_1)
     2    0.006877    0.486967    0.374712 20754.390625 v _1281_/ZN (gf180mcu_fd_sc_mcu7t5v0__nor2_1)
                                                         _0697_ (net)
                      0.486967    0.000000 20754.390625 v _1282_/A2 (gf180mcu_fd_sc_mcu7t5v0__or2_1)
     2    0.012448    0.430281    0.929504 20755.320312 v _1282_/Z (gf180mcu_fd_sc_mcu7t5v0__or2_1)
                                                         _0698_ (net)
                      0.430281    0.000000 20755.320312 v _1296_/A1 (gf180mcu_fd_sc_mcu7t5v0__oai31_1)
     3    0.017111    2.169730    1.306034 20756.626953 ^ _1296_/ZN (gf180mcu_fd_sc_mcu7t5v0__oai31_1)
                                                         _0710_ (net)
                      2.169730    0.000000 20756.626953 ^ _1332_/A1 (gf180mcu_fd_sc_mcu7t5v0__aoi21_1)
     1    0.005088    0.616358    0.269210 20756.896484 v _1332_/ZN (gf180mcu_fd_sc_mcu7t5v0__aoi21_1)
                                                         _0742_ (net)
                      0.616358    0.000000 20756.896484 v _1393_/A1 (gf180mcu_fd_sc_mcu7t5v0__oai21_1)
     4    0.022486    1.480523    1.011358 20757.908203 ^ _1393_/ZN (gf180mcu_fd_sc_mcu7t5v0__oai21_1)
                                                         _0795_ (net)
                      1.480523    0.000000 20757.908203 ^ _1396_/A1 (gf180mcu_fd_sc_mcu7t5v0__nand2_1)
     2    0.009588    0.605784    0.403816 20758.310547 v _1396_/ZN (gf180mcu_fd_sc_mcu7t5v0__nand2_1)
                                                         _0798_ (net)
                      0.605784    0.000000 20758.310547 v _1404_/A1 (gf180mcu_fd_sc_mcu7t5v0__aoi21_1)
     2    0.012616    1.042945    0.691216 20759.001953 ^ _1404_/ZN (gf180mcu_fd_sc_mcu7t5v0__aoi21_1)
                                                         _0804_ (net)
                      1.042945    0.000000 20759.001953 ^ _1412_/A1 (gf180mcu_fd_sc_mcu7t5v0__aoi21_1)
     1    0.007696    0.481440    0.343789 20759.345703 v _1412_/ZN (gf180mcu_fd_sc_mcu7t5v0__aoi21_1)
                                                         _0811_ (net)
                      0.481440    0.000000 20759.345703 v _1413_/A2 (gf180mcu_fd_sc_mcu7t5v0__xor2_1)
     1    0.003014    0.356175    0.867658 20760.214844 v _1413_/Z (gf180mcu_fd_sc_mcu7t5v0__xor2_1)
                                                         _0097_ (net)
                      0.356175    0.000000 20760.214844 v _2049_/D (gf180mcu_fd_sc_mcu7t5v0__dffrnq_1)
                                           20760.214844   data arrival time

                      0.000000 20833.279297 20833.279297   clock clk_div (rise edge)
                                  0.000000 20833.279297   clock network delay (ideal)
                                 -0.250000 20833.029297   clock uncertainty
                                  0.000000 20833.029297   clock reconvergence pessimism
                                           20833.029297 ^ _2049_/CLK (gf180mcu_fd_sc_mcu7t5v0__dffrnq_1)
                                 -0.352845 20832.677734   library setup time
                                           20832.677734   data required time
---------------------------------------------------------------------------------------------
                                           20832.677734   data required time
                                           -20760.214844   data arrival time
---------------------------------------------------------------------------------------------
                                             72.462509   slack (MET)


Startpoint: _2005_ (rising edge-triggered flip-flop clocked by clk)
Endpoint: _2024_ (rising edge-triggered flip-flop clocked by clk)
Path Group: clk
Path Type: max

Fanout         Cap        Slew       Delay        Time   Description
---------------------------------------------------------------------------------------------
                      0.000000    0.000000    0.000000   clock clk (rise edge)
                                  0.000000    0.000000   clock network delay (ideal)
                      0.000000    0.000000    0.000000 ^ _2005_/CLK (gf180mcu_fd_sc_mcu7t5v0__dffrnq_1)
     7    0.036925    1.162486    2.181902    2.181902 ^ _2005_/Q (gf180mcu_fd_sc_mcu7t5v0__dffrnq_1)
                                                         out_cas_int[0] (net)
                      1.162486    0.000000    2.181902 ^ _1119_/C (gf180mcu_fd_sc_mcu7t5v0__oai211_1)
     2    0.009178    0.765330    0.593235    2.775137 v _1119_/ZN (gf180mcu_fd_sc_mcu7t5v0__oai211_1)
                                                         _0559_ (net)
                      0.765330    0.000000    2.775137 v _1121_/A2 (gf180mcu_fd_sc_mcu7t5v0__aoi211_1)
     2    0.007790    1.273571    0.860009    3.635146 ^ _1121_/ZN (gf180mcu_fd_sc_mcu7t5v0__aoi211_1)
                                                         _0561_ (net)
                      1.273571    0.000000    3.635146 ^ _1142_/A1 (gf180mcu_fd_sc_mcu7t5v0__oai211_1)
     2    0.007737    0.689034    0.489324    4.124469 v _1142_/ZN (gf180mcu_fd_sc_mcu7t5v0__oai211_1)
                                                         _0578_ (net)
                      0.689034    0.000000    4.124469 v _1155_/A1 (gf180mcu_fd_sc_mcu7t5v0__aoi21_1)
     4    0.022516    1.578406    1.012460    5.136929 ^ _1155_/ZN (gf180mcu_fd_sc_mcu7t5v0__aoi21_1)
                                                         _0589_ (net)
                      1.578406    0.000000    5.136929 ^ _1217_/A1 (gf180mcu_fd_sc_mcu7t5v0__aoi21_1)
     4    0.020832    0.904488    0.656011    5.792940 v _1217_/ZN (gf180mcu_fd_sc_mcu7t5v0__aoi21_1)
                                                         _0643_ (net)
                      0.904488    0.000000    5.792940 v _1227_/A1 (gf180mcu_fd_sc_mcu7t5v0__oai21_1)
     1    0.004657    0.589353    0.562993    6.355933 ^ _1227_/ZN (gf180mcu_fd_sc_mcu7t5v0__oai21_1)
                                                         _0651_ (net)
                      0.589353    0.000000    6.355933 ^ _1229_/B (gf180mcu_fd_sc_mcu7t5v0__oai211_1)
     2    0.007630    0.766498    0.560365    6.916298 v _1229_/ZN (gf180mcu_fd_sc_mcu7t5v0__oai211_1)
                                                         _0653_ (net)
                      0.766498    0.000000    6.916298 v _1233_/A2 (gf180mcu_fd_sc_mcu7t5v0__and3_1)
     1    0.002960    0.225755    0.727645    7.643942 v _1233_/Z (gf180mcu_fd_sc_mcu7t5v0__and3_1)
                                                         _0656_ (net)
                      0.225755    0.000000    7.643942 v _1235_/A1 (gf180mcu_fd_sc_mcu7t5v0__or2_1)
     1    0.003014    0.268369    0.683713    8.327655 v _1235_/Z (gf180mcu_fd_sc_mcu7t5v0__or2_1)
                                                         _0122_ (net)
                      0.268369    0.000000    8.327655 v _2024_/D (gf180mcu_fd_sc_mcu7t5v0__dffrnq_1)
                                              8.327655   data arrival time

                      0.000000   81.379997   81.379997   clock clk (rise edge)
                                  0.000000   81.379997   clock network delay (ideal)
                                 -0.250000   81.129997   clock uncertainty
                                  0.000000   81.129997   clock reconvergence pessimism
                                             81.129997 ^ _2024_/CLK (gf180mcu_fd_sc_mcu7t5v0__dffrnq_1)
                                 -0.326104   80.803894   library setup time
                                             80.803894   data required time
---------------------------------------------------------------------------------------------
                                             80.803894   data required time
                                             -8.327655   data arrival time
---------------------------------------------------------------------------------------------
                                             72.476242   slack (MET)


Startpoint: _2005_ (rising edge-triggered flip-flop clocked by clk)
Endpoint: _2024_ (rising edge-triggered flip-flop clocked by clk_div)
Path Group: clk_div
Path Type: max

Fanout         Cap        Slew       Delay        Time   Description
---------------------------------------------------------------------------------------------
                      0.000000 20751.898438 20751.898438   clock clk (rise edge)
                                  0.000000 20751.898438   clock network delay (ideal)
                      0.000000    0.000000 20751.898438 ^ _2005_/CLK (gf180mcu_fd_sc_mcu7t5v0__dffrnq_1)
     7    0.036925    1.162486    2.182787 20754.082031 ^ _2005_/Q (gf180mcu_fd_sc_mcu7t5v0__dffrnq_1)
                                                         out_cas_int[0] (net)
                      1.162486    0.000000 20754.082031 ^ _1119_/C (gf180mcu_fd_sc_mcu7t5v0__oai211_1)
     2    0.009178    0.765330    0.592991 20754.675781 v _1119_/ZN (gf180mcu_fd_sc_mcu7t5v0__oai211_1)
                                                         _0559_ (net)
                      0.765330    0.000000 20754.675781 v _1121_/A2 (gf180mcu_fd_sc_mcu7t5v0__aoi211_1)
     2    0.007790    1.273571    0.858563 20755.533203 ^ _1121_/ZN (gf180mcu_fd_sc_mcu7t5v0__aoi211_1)
                                                         _0561_ (net)
                      1.273571    0.000000 20755.533203 ^ _1142_/A1 (gf180mcu_fd_sc_mcu7t5v0__oai211_1)
     2    0.007737    0.689034    0.489308 20756.023438 v _1142_/ZN (gf180mcu_fd_sc_mcu7t5v0__oai211_1)
                                                         _0578_ (net)
                      0.689034    0.000000 20756.023438 v _1155_/A1 (gf180mcu_fd_sc_mcu7t5v0__aoi21_1)
     4    0.022516    1.578406    1.013177 20757.037109 ^ _1155_/ZN (gf180mcu_fd_sc_mcu7t5v0__aoi21_1)
                                                         _0589_ (net)
                      1.578406    0.000000 20757.037109 ^ _1217_/A1 (gf180mcu_fd_sc_mcu7t5v0__aoi21_1)
     4    0.020832    0.904488    0.656655 20757.693359 v _1217_/ZN (gf180mcu_fd_sc_mcu7t5v0__aoi21_1)
                                                         _0643_ (net)
                      0.904488    0.000000 20757.693359 v _1227_/A1 (gf180mcu_fd_sc_mcu7t5v0__oai21_1)
     1    0.004657    0.589353    0.562068 20758.255859 ^ _1227_/ZN (gf180mcu_fd_sc_mcu7t5v0__oai21_1)
                                                         _0651_ (net)
                      0.589353    0.000000 20758.255859 ^ _1229_/B (gf180mcu_fd_sc_mcu7t5v0__oai211_1)
     2    0.007630    0.766498    0.560249 20758.814453 v _1229_/ZN (gf180mcu_fd_sc_mcu7t5v0__oai211_1)
                                                         _0653_ (net)
                      0.766498    0.000000 20758.814453 v _1233_/A2 (gf180mcu_fd_sc_mcu7t5v0__and3_1)
     1    0.002960    0.225755    0.727596 20759.542969 v _1233_/Z (gf180mcu_fd_sc_mcu7t5v0__and3_1)
                                                         _0656_ (net)
                      0.225755    0.000000 20759.542969 v _1235_/A1 (gf180mcu_fd_sc_mcu7t5v0__or2_1)
     1    0.003014    0.268369    0.683940 20760.226562 v _1235_/Z (gf180mcu_fd_sc_mcu7t5v0__or2_1)
                                                         _0122_ (net)
                      0.268369    0.000000 20760.226562 v _2024_/D (gf180mcu_fd_sc_mcu7t5v0__dffrnq_1)
                                           20760.226562   data arrival time

                      0.000000 20833.279297 20833.279297   clock clk_div (rise edge)
                                  0.000000 20833.279297   clock network delay (ideal)
                                 -0.250000 20833.029297   clock uncertainty
                                  0.000000 20833.029297   clock reconvergence pessimism
                                           20833.029297 ^ _2024_/CLK (gf180mcu_fd_sc_mcu7t5v0__dffrnq_1)
                                 -0.326104 20832.703125   library setup time
                                           20832.703125   data required time
---------------------------------------------------------------------------------------------
                                           20832.703125   data required time
                                           -20760.226562   data arrival time
---------------------------------------------------------------------------------------------
                                             72.476242   slack (MET)


Startpoint: _2005_ (rising edge-triggered flip-flop clocked by clk)
Endpoint: _2023_ (rising edge-triggered flip-flop clocked by clk)
Path Group: clk
Path Type: max

Fanout         Cap        Slew       Delay        Time   Description
---------------------------------------------------------------------------------------------
                      0.000000    0.000000    0.000000   clock clk (rise edge)
                                  0.000000    0.000000   clock network delay (ideal)
                      0.000000    0.000000    0.000000 ^ _2005_/CLK (gf180mcu_fd_sc_mcu7t5v0__dffrnq_1)
     7    0.036925    1.162486    2.181902    2.181902 ^ _2005_/Q (gf180mcu_fd_sc_mcu7t5v0__dffrnq_1)
                                                         out_cas_int[0] (net)
                      1.162486    0.000000    2.181902 ^ _1119_/C (gf180mcu_fd_sc_mcu7t5v0__oai211_1)
     2    0.009178    0.765330    0.593235    2.775137 v _1119_/ZN (gf180mcu_fd_sc_mcu7t5v0__oai211_1)
                                                         _0559_ (net)
                      0.765330    0.000000    2.775137 v _1121_/A2 (gf180mcu_fd_sc_mcu7t5v0__aoi211_1)
     2    0.007790    1.273571    0.860009    3.635146 ^ _1121_/ZN (gf180mcu_fd_sc_mcu7t5v0__aoi211_1)
                                                         _0561_ (net)
                      1.273571    0.000000    3.635146 ^ _1142_/A1 (gf180mcu_fd_sc_mcu7t5v0__oai211_1)
     2    0.007737    0.689034    0.489324    4.124469 v _1142_/ZN (gf180mcu_fd_sc_mcu7t5v0__oai211_1)
                                                         _0578_ (net)
                      0.689034    0.000000    4.124469 v _1155_/A1 (gf180mcu_fd_sc_mcu7t5v0__aoi21_1)
     4    0.022516    1.578406    1.012460    5.136929 ^ _1155_/ZN (gf180mcu_fd_sc_mcu7t5v0__aoi21_1)
                                                         _0589_ (net)
                      1.578406    0.000000    5.136929 ^ _1217_/A1 (gf180mcu_fd_sc_mcu7t5v0__aoi21_1)
     4    0.020832    0.904488    0.656011    5.792940 v _1217_/ZN (gf180mcu_fd_sc_mcu7t5v0__aoi21_1)
                                                         _0643_ (net)
                      0.904488    0.000000    5.792940 v _1218_/A1 (gf180mcu_fd_sc_mcu7t5v0__or2_1)
     2    0.009588    0.387476    1.026330    6.819270 v _1218_/Z (gf180mcu_fd_sc_mcu7t5v0__or2_1)
                                                         _0644_ (net)
                      0.387476    0.000000    6.819270 v _1228_/A1 (gf180mcu_fd_sc_mcu7t5v0__aoi21_1)
     1    0.007696    0.805762    0.480854    7.300123 ^ _1228_/ZN (gf180mcu_fd_sc_mcu7t5v0__aoi21_1)
                                                         _0652_ (net)
                      0.805762    0.000000    7.300123 ^ _1230_/A2 (gf180mcu_fd_sc_mcu7t5v0__xor2_1)
     1    0.003014    0.544103    0.630642    7.930766 ^ _1230_/Z (gf180mcu_fd_sc_mcu7t5v0__xor2_1)
                                                         _0121_ (net)
                      0.544103    0.000000    7.930766 ^ _2023_/D (gf180mcu_fd_sc_mcu7t5v0__dffrnq_1)
                                              7.930766   data arrival time

                      0.000000   81.379997   81.379997   clock clk (rise edge)
                                  0.000000   81.379997   clock network delay (ideal)
                                 -0.250000   81.129997   clock uncertainty
                                  0.000000   81.129997   clock reconvergence pessimism
                                             81.129997 ^ _2023_/CLK (gf180mcu_fd_sc_mcu7t5v0__dffrnq_1)
                                 -0.712591   80.417412   library setup time
                                             80.417412   data required time
---------------------------------------------------------------------------------------------
                                             80.417412   data required time
                                             -7.930766   data arrival time
---------------------------------------------------------------------------------------------
                                             72.486641   slack (MET)


Startpoint: _2005_ (rising edge-triggered flip-flop clocked by clk)
Endpoint: _2023_ (rising edge-triggered flip-flop clocked by clk_div)
Path Group: clk_div
Path Type: max

Fanout         Cap        Slew       Delay        Time   Description
---------------------------------------------------------------------------------------------
                      0.000000 20751.898438 20751.898438   clock clk (rise edge)
                                  0.000000 20751.898438   clock network delay (ideal)
                      0.000000    0.000000 20751.898438 ^ _2005_/CLK (gf180mcu_fd_sc_mcu7t5v0__dffrnq_1)
     7    0.036925    1.162486    2.182787 20754.082031 ^ _2005_/Q (gf180mcu_fd_sc_mcu7t5v0__dffrnq_1)
                                                         out_cas_int[0] (net)
                      1.162486    0.000000 20754.082031 ^ _1119_/C (gf180mcu_fd_sc_mcu7t5v0__oai211_1)
     2    0.009178    0.765330    0.592991 20754.675781 v _1119_/ZN (gf180mcu_fd_sc_mcu7t5v0__oai211_1)
                                                         _0559_ (net)
                      0.765330    0.000000 20754.675781 v _1121_/A2 (gf180mcu_fd_sc_mcu7t5v0__aoi211_1)
     2    0.007790    1.273571    0.858563 20755.533203 ^ _1121_/ZN (gf180mcu_fd_sc_mcu7t5v0__aoi211_1)
                                                         _0561_ (net)
                      1.273571    0.000000 20755.533203 ^ _1142_/A1 (gf180mcu_fd_sc_mcu7t5v0__oai211_1)
     2    0.007737    0.689034    0.489308 20756.023438 v _1142_/ZN (gf180mcu_fd_sc_mcu7t5v0__oai211_1)
                                                         _0578_ (net)
                      0.689034    0.000000 20756.023438 v _1155_/A1 (gf180mcu_fd_sc_mcu7t5v0__aoi21_1)
     4    0.022516    1.578406    1.013177 20757.037109 ^ _1155_/ZN (gf180mcu_fd_sc_mcu7t5v0__aoi21_1)
                                                         _0589_ (net)
                      1.578406    0.000000 20757.037109 ^ _1217_/A1 (gf180mcu_fd_sc_mcu7t5v0__aoi21_1)
     4    0.020832    0.904488    0.656655 20757.693359 v _1217_/ZN (gf180mcu_fd_sc_mcu7t5v0__aoi21_1)
                                                         _0643_ (net)
                      0.904488    0.000000 20757.693359 v _1218_/A1 (gf180mcu_fd_sc_mcu7t5v0__or2_1)
     2    0.009588    0.387476    1.025910 20758.718750 v _1218_/Z (gf180mcu_fd_sc_mcu7t5v0__or2_1)
                                                         _0644_ (net)
                      0.387476    0.000000 20758.718750 v _1228_/A1 (gf180mcu_fd_sc_mcu7t5v0__aoi21_1)
     1    0.007696    0.805762    0.480213 20759.199219 ^ _1228_/ZN (gf180mcu_fd_sc_mcu7t5v0__aoi21_1)
                                                         _0652_ (net)
                      0.805762    0.000000 20759.199219 ^ _1230_/A2 (gf180mcu_fd_sc_mcu7t5v0__xor2_1)
     1    0.003014    0.544103    0.631189 20759.830078 ^ _1230_/Z (gf180mcu_fd_sc_mcu7t5v0__xor2_1)
                                                         _0121_ (net)
                      0.544103    0.000000 20759.830078 ^ _2023_/D (gf180mcu_fd_sc_mcu7t5v0__dffrnq_1)
                                           20759.830078   data arrival time

                      0.000000 20833.279297 20833.279297   clock clk_div (rise edge)
                                  0.000000 20833.279297   clock network delay (ideal)
                                 -0.250000 20833.029297   clock uncertainty
                                  0.000000 20833.029297   clock reconvergence pessimism
                                           20833.029297 ^ _2023_/CLK (gf180mcu_fd_sc_mcu7t5v0__dffrnq_1)
                                 -0.712591 20832.316406   library setup time
                                           20832.316406   data required time
---------------------------------------------------------------------------------------------
                                           20832.316406   data required time
                                           -20759.830078   data arrival time
---------------------------------------------------------------------------------------------
                                             72.486641   slack (MET)


Startpoint: _2005_ (rising edge-triggered flip-flop clocked by clk)
Endpoint: _2022_ (rising edge-triggered flip-flop clocked by clk)
Path Group: clk
Path Type: max

Fanout         Cap        Slew       Delay        Time   Description
---------------------------------------------------------------------------------------------
                      0.000000    0.000000    0.000000   clock clk (rise edge)
                                  0.000000    0.000000   clock network delay (ideal)
                      0.000000    0.000000    0.000000 ^ _2005_/CLK (gf180mcu_fd_sc_mcu7t5v0__dffrnq_1)
     7    0.036925    1.162486    2.181902    2.181902 ^ _2005_/Q (gf180mcu_fd_sc_mcu7t5v0__dffrnq_1)
                                                         out_cas_int[0] (net)
                      1.162486    0.000000    2.181902 ^ _1119_/C (gf180mcu_fd_sc_mcu7t5v0__oai211_1)
     2    0.009178    0.765330    0.593235    2.775137 v _1119_/ZN (gf180mcu_fd_sc_mcu7t5v0__oai211_1)
                                                         _0559_ (net)
                      0.765330    0.000000    2.775137 v _1121_/A2 (gf180mcu_fd_sc_mcu7t5v0__aoi211_1)
     2    0.007790    1.273571    0.860009    3.635146 ^ _1121_/ZN (gf180mcu_fd_sc_mcu7t5v0__aoi211_1)
                                                         _0561_ (net)
                      1.273571    0.000000    3.635146 ^ _1142_/A1 (gf180mcu_fd_sc_mcu7t5v0__oai211_1)
     2    0.007737    0.689034    0.489324    4.124469 v _1142_/ZN (gf180mcu_fd_sc_mcu7t5v0__oai211_1)
                                                         _0578_ (net)
                      0.689034    0.000000    4.124469 v _1155_/A1 (gf180mcu_fd_sc_mcu7t5v0__aoi21_1)
     4    0.022516    1.578406    1.012460    5.136929 ^ _1155_/ZN (gf180mcu_fd_sc_mcu7t5v0__aoi21_1)
                                                         _0589_ (net)
                      1.578406    0.000000    5.136929 ^ _1217_/A1 (gf180mcu_fd_sc_mcu7t5v0__aoi21_1)
     4    0.020832    0.904488    0.656011    5.792940 v _1217_/ZN (gf180mcu_fd_sc_mcu7t5v0__aoi21_1)
                                                         _0643_ (net)
                      0.904488    0.000000    5.792940 v _1218_/A1 (gf180mcu_fd_sc_mcu7t5v0__or2_1)
     2    0.009588    0.387476    1.026330    6.819270 v _1218_/Z (gf180mcu_fd_sc_mcu7t5v0__or2_1)
                                                         _0644_ (net)
                      0.387476    0.000000    6.819270 v _1220_/A2 (gf180mcu_fd_sc_mcu7t5v0__nand2_1)
     1    0.007663    0.417486    0.362697    7.181967 ^ _1220_/ZN (gf180mcu_fd_sc_mcu7t5v0__nand2_1)
                                                         _0645_ (net)
                      0.417486    0.000000    7.181967 ^ _1223_/A1 (gf180mcu_fd_sc_mcu7t5v0__xor2_1)
     1    0.003014    0.559284    0.685231    7.867198 ^ _1223_/Z (gf180mcu_fd_sc_mcu7t5v0__xor2_1)
                                                         _0120_ (net)
                      0.559284    0.000000    7.867198 ^ _2022_/D (gf180mcu_fd_sc_mcu7t5v0__dffrnq_1)
                                              7.867198   data arrival time

                      0.000000   81.379997   81.379997   clock clk (rise edge)
                                  0.000000   81.379997   clock network delay (ideal)
                                 -0.250000   81.129997   clock uncertainty
                                  0.000000   81.129997   clock reconvergence pessimism
                                             81.129997 ^ _2022_/CLK (gf180mcu_fd_sc_mcu7t5v0__dffrnq_1)
                                 -0.715788   80.414215   library setup time
                                             80.414215   data required time
---------------------------------------------------------------------------------------------
                                             80.414215   data required time
                                             -7.867198   data arrival time
---------------------------------------------------------------------------------------------
                                             72.547012   slack (MET)


Startpoint: _2005_ (rising edge-triggered flip-flop clocked by clk)
Endpoint: _2022_ (rising edge-triggered flip-flop clocked by clk_div)
Path Group: clk_div
Path Type: max

Fanout         Cap        Slew       Delay        Time   Description
---------------------------------------------------------------------------------------------
                      0.000000 20751.898438 20751.898438   clock clk (rise edge)
                                  0.000000 20751.898438   clock network delay (ideal)
                      0.000000    0.000000 20751.898438 ^ _2005_/CLK (gf180mcu_fd_sc_mcu7t5v0__dffrnq_1)
     7    0.036925    1.162486    2.182787 20754.082031 ^ _2005_/Q (gf180mcu_fd_sc_mcu7t5v0__dffrnq_1)
                                                         out_cas_int[0] (net)
                      1.162486    0.000000 20754.082031 ^ _1119_/C (gf180mcu_fd_sc_mcu7t5v0__oai211_1)
     2    0.009178    0.765330    0.592991 20754.675781 v _1119_/ZN (gf180mcu_fd_sc_mcu7t5v0__oai211_1)
                                                         _0559_ (net)
                      0.765330    0.000000 20754.675781 v _1121_/A2 (gf180mcu_fd_sc_mcu7t5v0__aoi211_1)
     2    0.007790    1.273571    0.858563 20755.533203 ^ _1121_/ZN (gf180mcu_fd_sc_mcu7t5v0__aoi211_1)
                                                         _0561_ (net)
                      1.273571    0.000000 20755.533203 ^ _1142_/A1 (gf180mcu_fd_sc_mcu7t5v0__oai211_1)
     2    0.007737    0.689034    0.489308 20756.023438 v _1142_/ZN (gf180mcu_fd_sc_mcu7t5v0__oai211_1)
                                                         _0578_ (net)
                      0.689034    0.000000 20756.023438 v _1155_/A1 (gf180mcu_fd_sc_mcu7t5v0__aoi21_1)
     4    0.022516    1.578406    1.013177 20757.037109 ^ _1155_/ZN (gf180mcu_fd_sc_mcu7t5v0__aoi21_1)
                                                         _0589_ (net)
                      1.578406    0.000000 20757.037109 ^ _1217_/A1 (gf180mcu_fd_sc_mcu7t5v0__aoi21_1)
     4    0.020832    0.904488    0.656655 20757.693359 v _1217_/ZN (gf180mcu_fd_sc_mcu7t5v0__aoi21_1)
                                                         _0643_ (net)
                      0.904488    0.000000 20757.693359 v _1218_/A1 (gf180mcu_fd_sc_mcu7t5v0__or2_1)
     2    0.009588    0.387476    1.025910 20758.718750 v _1218_/Z (gf180mcu_fd_sc_mcu7t5v0__or2_1)
                                                         _0644_ (net)
                      0.387476    0.000000 20758.718750 v _1220_/A2 (gf180mcu_fd_sc_mcu7t5v0__nand2_1)
     1    0.007663    0.417486    0.361979 20759.080078 ^ _1220_/ZN (gf180mcu_fd_sc_mcu7t5v0__nand2_1)
                                                         _0645_ (net)
                      0.417486    0.000000 20759.080078 ^ _1223_/A1 (gf180mcu_fd_sc_mcu7t5v0__xor2_1)
     1    0.003014    0.559284    0.685759 20759.765625 ^ _1223_/Z (gf180mcu_fd_sc_mcu7t5v0__xor2_1)
                                                         _0120_ (net)
                      0.559284    0.000000 20759.765625 ^ _2022_/D (gf180mcu_fd_sc_mcu7t5v0__dffrnq_1)
                                           20759.765625   data arrival time

                      0.000000 20833.279297 20833.279297   clock clk_div (rise edge)
                                  0.000000 20833.279297   clock network delay (ideal)
                                 -0.250000 20833.029297   clock uncertainty
                                  0.000000 20833.029297   clock reconvergence pessimism
                                           20833.029297 ^ _2022_/CLK (gf180mcu_fd_sc_mcu7t5v0__dffrnq_1)
                                 -0.715788 20832.312500   library setup time
                                           20832.312500   data required time
---------------------------------------------------------------------------------------------
                                           20832.312500   data required time
                                           -20759.765625   data arrival time
---------------------------------------------------------------------------------------------
                                             72.547012   slack (MET)


Startpoint: _2057_ (rising edge-triggered flip-flop clocked by clk)
Endpoint: _2048_ (rising edge-triggered flip-flop clocked by clk)
Path Group: clk
Path Type: max

Fanout         Cap        Slew       Delay        Time   Description
---------------------------------------------------------------------------------------------
                      0.000000    0.000000    0.000000   clock clk (rise edge)
                                  0.000000    0.000000   clock network delay (ideal)
                      0.000000    0.000000    0.000000 ^ _2057_/CLK (gf180mcu_fd_sc_mcu7t5v0__dffrnq_1)
     8    0.032881    1.055637    2.117541    2.117541 ^ _2057_/Q (gf180mcu_fd_sc_mcu7t5v0__dffrnq_1)
                                                         u_cas_int.out_int1[2] (net)
                      1.055637    0.000000    2.117541 ^ _1281_/A2 (gf180mcu_fd_sc_mcu7t5v0__nor2_1)
     2    0.006877    0.486967    0.375023    2.492563 v _1281_/ZN (gf180mcu_fd_sc_mcu7t5v0__nor2_1)
                                                         _0697_ (net)
                      0.486967    0.000000    2.492563 v _1282_/A2 (gf180mcu_fd_sc_mcu7t5v0__or2_1)
     2    0.012448    0.430281    0.929429    3.421993 v _1282_/Z (gf180mcu_fd_sc_mcu7t5v0__or2_1)
                                                         _0698_ (net)
                      0.430281    0.000000    3.421993 v _1296_/A1 (gf180mcu_fd_sc_mcu7t5v0__oai31_1)
     3    0.017111    2.169730    1.306059    4.728052 ^ _1296_/ZN (gf180mcu_fd_sc_mcu7t5v0__oai31_1)
                                                         _0710_ (net)
                      2.169730    0.000000    4.728052 ^ _1332_/A1 (gf180mcu_fd_sc_mcu7t5v0__aoi21_1)
     1    0.005088    0.616358    0.268304    4.996356 v _1332_/ZN (gf180mcu_fd_sc_mcu7t5v0__aoi21_1)
                                                         _0742_ (net)
                      0.616358    0.000000    4.996356 v _1393_/A1 (gf180mcu_fd_sc_mcu7t5v0__oai21_1)
     4    0.022486    1.480523    1.011149    6.007505 ^ _1393_/ZN (gf180mcu_fd_sc_mcu7t5v0__oai21_1)
                                                         _0795_ (net)
                      1.480523    0.000000    6.007505 ^ _1396_/A1 (gf180mcu_fd_sc_mcu7t5v0__nand2_1)
     2    0.009588    0.605784    0.404179    6.411684 v _1396_/ZN (gf180mcu_fd_sc_mcu7t5v0__nand2_1)
                                                         _0798_ (net)
                      0.605784    0.000000    6.411684 v _1404_/A1 (gf180mcu_fd_sc_mcu7t5v0__aoi21_1)
     2    0.012616    1.042945    0.691426    7.103110 ^ _1404_/ZN (gf180mcu_fd_sc_mcu7t5v0__aoi21_1)
                                                         _0804_ (net)
                      1.042945    0.000000    7.103110 ^ _1408_/A3 (gf180mcu_fd_sc_mcu7t5v0__xor3_1)
     1    0.003014    0.585052    0.736131    7.839241 ^ _1408_/Z (gf180mcu_fd_sc_mcu7t5v0__xor3_1)
                                                         _0096_ (net)
                      0.585052    0.000000    7.839241 ^ _2048_/D (gf180mcu_fd_sc_mcu7t5v0__dffrnq_1)
                                              7.839241   data arrival time

                      0.000000   81.379997   81.379997   clock clk (rise edge)
                                  0.000000   81.379997   clock network delay (ideal)
                                 -0.250000   81.129997   clock uncertainty
                                  0.000000   81.129997   clock reconvergence pessimism
                                             81.129997 ^ _2048_/CLK (gf180mcu_fd_sc_mcu7t5v0__dffrnq_1)
                                 -0.719680   80.410316   library setup time
                                             80.410316   data required time
---------------------------------------------------------------------------------------------
                                             80.410316   data required time
                                             -7.839241   data arrival time
---------------------------------------------------------------------------------------------
                                             72.571075   slack (MET)


Startpoint: _2057_ (rising edge-triggered flip-flop clocked by clk)
Endpoint: _2048_ (rising edge-triggered flip-flop clocked by clk_div)
Path Group: clk_div
Path Type: max

Fanout         Cap        Slew       Delay        Time   Description
---------------------------------------------------------------------------------------------
                      0.000000 20751.898438 20751.898438   clock clk (rise edge)
                                  0.000000 20751.898438   clock network delay (ideal)
                      0.000000    0.000000 20751.898438 ^ _2057_/CLK (gf180mcu_fd_sc_mcu7t5v0__dffrnq_1)
     8    0.032881    1.055637    2.117304 20754.017578 ^ _2057_/Q (gf180mcu_fd_sc_mcu7t5v0__dffrnq_1)
                                                         u_cas_int.out_int1[2] (net)
                      1.055637    0.000000 20754.017578 ^ _1281_/A2 (gf180mcu_fd_sc_mcu7t5v0__nor2_1)
     2    0.006877    0.486967    0.374712 20754.390625 v _1281_/ZN (gf180mcu_fd_sc_mcu7t5v0__nor2_1)
                                                         _0697_ (net)
                      0.486967    0.000000 20754.390625 v _1282_/A2 (gf180mcu_fd_sc_mcu7t5v0__or2_1)
     2    0.012448    0.430281    0.929504 20755.320312 v _1282_/Z (gf180mcu_fd_sc_mcu7t5v0__or2_1)
                                                         _0698_ (net)
                      0.430281    0.000000 20755.320312 v _1296_/A1 (gf180mcu_fd_sc_mcu7t5v0__oai31_1)
     3    0.017111    2.169730    1.306034 20756.626953 ^ _1296_/ZN (gf180mcu_fd_sc_mcu7t5v0__oai31_1)
                                                         _0710_ (net)
                      2.169730    0.000000 20756.626953 ^ _1332_/A1 (gf180mcu_fd_sc_mcu7t5v0__aoi21_1)
     1    0.005088    0.616358    0.269210 20756.896484 v _1332_/ZN (gf180mcu_fd_sc_mcu7t5v0__aoi21_1)
                                                         _0742_ (net)
                      0.616358    0.000000 20756.896484 v _1393_/A1 (gf180mcu_fd_sc_mcu7t5v0__oai21_1)
     4    0.022486    1.480523    1.011358 20757.908203 ^ _1393_/ZN (gf180mcu_fd_sc_mcu7t5v0__oai21_1)
                                                         _0795_ (net)
                      1.480523    0.000000 20757.908203 ^ _1396_/A1 (gf180mcu_fd_sc_mcu7t5v0__nand2_1)
     2    0.009588    0.605784    0.403816 20758.310547 v _1396_/ZN (gf180mcu_fd_sc_mcu7t5v0__nand2_1)
                                                         _0798_ (net)
                      0.605784    0.000000 20758.310547 v _1404_/A1 (gf180mcu_fd_sc_mcu7t5v0__aoi21_1)
     2    0.012616    1.042945    0.691216 20759.001953 ^ _1404_/ZN (gf180mcu_fd_sc_mcu7t5v0__aoi21_1)
                                                         _0804_ (net)
                      1.042945    0.000000 20759.001953 ^ _1408_/A3 (gf180mcu_fd_sc_mcu7t5v0__xor3_1)
     1    0.003014    0.585052    0.736691 20759.738281 ^ _1408_/Z (gf180mcu_fd_sc_mcu7t5v0__xor3_1)
                                                         _0096_ (net)
                      0.585052    0.000000 20759.738281 ^ _2048_/D (gf180mcu_fd_sc_mcu7t5v0__dffrnq_1)
                                           20759.738281   data arrival time

                      0.000000 20833.279297 20833.279297   clock clk_div (rise edge)
                                  0.000000 20833.279297   clock network delay (ideal)
                                 -0.250000 20833.029297   clock uncertainty
                                  0.000000 20833.029297   clock reconvergence pessimism
                                           20833.029297 ^ _2048_/CLK (gf180mcu_fd_sc_mcu7t5v0__dffrnq_1)
                                 -0.719680 20832.310547   library setup time
                                           20832.310547   data required time
---------------------------------------------------------------------------------------------
                                           20832.310547   data required time
                                           -20759.738281   data arrival time
---------------------------------------------------------------------------------------------
                                             72.571075   slack (MET)


Startpoint: _2005_ (rising edge-triggered flip-flop clocked by clk)
Endpoint: _2019_ (rising edge-triggered flip-flop clocked by clk)
Path Group: clk
Path Type: max

Fanout         Cap        Slew       Delay        Time   Description
---------------------------------------------------------------------------------------------
                      0.000000    0.000000    0.000000   clock clk (rise edge)
                                  0.000000    0.000000   clock network delay (ideal)
                      0.000000    0.000000    0.000000 ^ _2005_/CLK (gf180mcu_fd_sc_mcu7t5v0__dffrnq_1)
     7    0.036925    1.162486    2.181902    2.181902 ^ _2005_/Q (gf180mcu_fd_sc_mcu7t5v0__dffrnq_1)
                                                         out_cas_int[0] (net)
                      1.162486    0.000000    2.181902 ^ _1119_/C (gf180mcu_fd_sc_mcu7t5v0__oai211_1)
     2    0.009178    0.765330    0.593235    2.775137 v _1119_/ZN (gf180mcu_fd_sc_mcu7t5v0__oai211_1)
                                                         _0559_ (net)
                      0.765330    0.000000    2.775137 v _1121_/A2 (gf180mcu_fd_sc_mcu7t5v0__aoi211_1)
     2    0.007790    1.273571    0.860009    3.635146 ^ _1121_/ZN (gf180mcu_fd_sc_mcu7t5v0__aoi211_1)
                                                         _0561_ (net)
                      1.273571    0.000000    3.635146 ^ _1142_/A1 (gf180mcu_fd_sc_mcu7t5v0__oai211_1)
     2    0.007737    0.689034    0.489324    4.124469 v _1142_/ZN (gf180mcu_fd_sc_mcu7t5v0__oai211_1)
                                                         _0578_ (net)
                      0.689034    0.000000    4.124469 v _1155_/A1 (gf180mcu_fd_sc_mcu7t5v0__aoi21_1)
     4    0.022516    1.578406    1.012460    5.136929 ^ _1155_/ZN (gf180mcu_fd_sc_mcu7t5v0__aoi21_1)
                                                         _0589_ (net)
                      1.578406    0.000000    5.136929 ^ _1167_/A1 (gf180mcu_fd_sc_mcu7t5v0__aoi21_1)
     3    0.017796    0.835622    0.593779    5.730708 v _1167_/ZN (gf180mcu_fd_sc_mcu7t5v0__aoi21_1)
                                                         _0599_ (net)
                      0.835622    0.000000    5.730708 v _1181_/A1 (gf180mcu_fd_sc_mcu7t5v0__oai22_1)
     3    0.017617    1.678740    0.944345    6.675053 ^ _1181_/ZN (gf180mcu_fd_sc_mcu7t5v0__oai22_1)
                                                         _0611_ (net)
                      1.678740    0.000000    6.675053 ^ _1193_/A1 (gf180mcu_fd_sc_mcu7t5v0__aoi21_1)
     3    0.017199    0.844000    0.587774    7.262827 v _1193_/ZN (gf180mcu_fd_sc_mcu7t5v0__aoi21_1)
                                                         _0621_ (net)
                      0.844000    0.000000    7.262827 v _1197_/A3 (gf180mcu_fd_sc_mcu7t5v0__xnor3_1)
     1    0.003014    0.575357    0.552458    7.815286 ^ _1197_/ZN (gf180mcu_fd_sc_mcu7t5v0__xnor3_1)
                                                         _0117_ (net)
                      0.575357    0.000000    7.815286 ^ _2019_/D (gf180mcu_fd_sc_mcu7t5v0__dffrnq_1)
                                              7.815286   data arrival time

                      0.000000   81.379997   81.379997   clock clk (rise edge)
                                  0.000000   81.379997   clock network delay (ideal)
                                 -0.250000   81.129997   clock uncertainty
                                  0.000000   81.129997   clock reconvergence pessimism
                                             81.129997 ^ _2019_/CLK (gf180mcu_fd_sc_mcu7t5v0__dffrnq_1)
                                 -0.718237   80.411758   library setup time
                                             80.411758   data required time
---------------------------------------------------------------------------------------------
                                             80.411758   data required time
                                             -7.815286   data arrival time
---------------------------------------------------------------------------------------------
                                             72.596474   slack (MET)


Startpoint: _2005_ (rising edge-triggered flip-flop clocked by clk)
Endpoint: _2019_ (rising edge-triggered flip-flop clocked by clk_div)
Path Group: clk_div
Path Type: max

Fanout         Cap        Slew       Delay        Time   Description
---------------------------------------------------------------------------------------------
                      0.000000 20751.898438 20751.898438   clock clk (rise edge)
                                  0.000000 20751.898438   clock network delay (ideal)
                      0.000000    0.000000 20751.898438 ^ _2005_/CLK (gf180mcu_fd_sc_mcu7t5v0__dffrnq_1)
     7    0.036925    1.162486    2.182787 20754.082031 ^ _2005_/Q (gf180mcu_fd_sc_mcu7t5v0__dffrnq_1)
                                                         out_cas_int[0] (net)
                      1.162486    0.000000 20754.082031 ^ _1119_/C (gf180mcu_fd_sc_mcu7t5v0__oai211_1)
     2    0.009178    0.765330    0.592991 20754.675781 v _1119_/ZN (gf180mcu_fd_sc_mcu7t5v0__oai211_1)
                                                         _0559_ (net)
                      0.765330    0.000000 20754.675781 v _1121_/A2 (gf180mcu_fd_sc_mcu7t5v0__aoi211_1)
     2    0.007790    1.273571    0.858563 20755.533203 ^ _1121_/ZN (gf180mcu_fd_sc_mcu7t5v0__aoi211_1)
                                                         _0561_ (net)
                      1.273571    0.000000 20755.533203 ^ _1142_/A1 (gf180mcu_fd_sc_mcu7t5v0__oai211_1)
     2    0.007737    0.689034    0.489308 20756.023438 v _1142_/ZN (gf180mcu_fd_sc_mcu7t5v0__oai211_1)
                                                         _0578_ (net)
                      0.689034    0.000000 20756.023438 v _1155_/A1 (gf180mcu_fd_sc_mcu7t5v0__aoi21_1)
     4    0.022516    1.578406    1.013177 20757.037109 ^ _1155_/ZN (gf180mcu_fd_sc_mcu7t5v0__aoi21_1)
                                                         _0589_ (net)
                      1.578406    0.000000 20757.037109 ^ _1167_/A1 (gf180mcu_fd_sc_mcu7t5v0__aoi21_1)
     3    0.017796    0.835622    0.592991 20757.628906 v _1167_/ZN (gf180mcu_fd_sc_mcu7t5v0__aoi21_1)
                                                         _0599_ (net)
                      0.835622    0.000000 20757.628906 v _1181_/A1 (gf180mcu_fd_sc_mcu7t5v0__oai22_1)
     3    0.017617    1.678740    0.945875 20758.574219 ^ _1181_/ZN (gf180mcu_fd_sc_mcu7t5v0__oai22_1)
                                                         _0611_ (net)
                      1.678740    0.000000 20758.574219 ^ _1193_/A1 (gf180mcu_fd_sc_mcu7t5v0__aoi21_1)
     3    0.017199    0.844000    0.587534 20759.162109 v _1193_/ZN (gf180mcu_fd_sc_mcu7t5v0__aoi21_1)
                                                         _0621_ (net)
                      0.844000    0.000000 20759.162109 v _1197_/A3 (gf180mcu_fd_sc_mcu7t5v0__xnor3_1)
     1    0.003014    0.575357    0.551154 20759.712891 ^ _1197_/ZN (gf180mcu_fd_sc_mcu7t5v0__xnor3_1)
                                                         _0117_ (net)
                      0.575357    0.000000 20759.712891 ^ _2019_/D (gf180mcu_fd_sc_mcu7t5v0__dffrnq_1)
                                           20759.712891   data arrival time

                      0.000000 20833.279297 20833.279297   clock clk_div (rise edge)
                                  0.000000 20833.279297   clock network delay (ideal)
                                 -0.250000 20833.029297   clock uncertainty
                                  0.000000 20833.029297   clock reconvergence pessimism
                                           20833.029297 ^ _2019_/CLK (gf180mcu_fd_sc_mcu7t5v0__dffrnq_1)
                                 -0.718237 20832.310547   library setup time
                                           20832.310547   data required time
---------------------------------------------------------------------------------------------
                                           20832.310547   data required time
                                           -20759.712891   data arrival time
---------------------------------------------------------------------------------------------
                                             72.596474   slack (MET)


Startpoint: _2005_ (rising edge-triggered flip-flop clocked by clk)
Endpoint: _2026_ (rising edge-triggered flip-flop clocked by clk)
Path Group: clk
Path Type: max

Fanout         Cap        Slew       Delay        Time   Description
---------------------------------------------------------------------------------------------
                      0.000000    0.000000    0.000000   clock clk (rise edge)
                                  0.000000    0.000000   clock network delay (ideal)
                      0.000000    0.000000    0.000000 ^ _2005_/CLK (gf180mcu_fd_sc_mcu7t5v0__dffrnq_1)
     7    0.036925    1.162486    2.181902    2.181902 ^ _2005_/Q (gf180mcu_fd_sc_mcu7t5v0__dffrnq_1)
                                                         out_cas_int[0] (net)
                      1.162486    0.000000    2.181902 ^ _1119_/C (gf180mcu_fd_sc_mcu7t5v0__oai211_1)
     2    0.009178    0.765330    0.593235    2.775137 v _1119_/ZN (gf180mcu_fd_sc_mcu7t5v0__oai211_1)
                                                         _0559_ (net)
                      0.765330    0.000000    2.775137 v _1121_/A2 (gf180mcu_fd_sc_mcu7t5v0__aoi211_1)
     2    0.007790    1.273571    0.860009    3.635146 ^ _1121_/ZN (gf180mcu_fd_sc_mcu7t5v0__aoi211_1)
                                                         _0561_ (net)
                      1.273571    0.000000    3.635146 ^ _1142_/A1 (gf180mcu_fd_sc_mcu7t5v0__oai211_1)
     2    0.007737    0.689034    0.489324    4.124469 v _1142_/ZN (gf180mcu_fd_sc_mcu7t5v0__oai211_1)
                                                         _0578_ (net)
                      0.689034    0.000000    4.124469 v _1155_/A1 (gf180mcu_fd_sc_mcu7t5v0__aoi21_1)
     4    0.022516    1.578406    1.012460    5.136929 ^ _1155_/ZN (gf180mcu_fd_sc_mcu7t5v0__aoi21_1)
                                                         _0589_ (net)
                      1.578406    0.000000    5.136929 ^ _1217_/A1 (gf180mcu_fd_sc_mcu7t5v0__aoi21_1)
     4    0.020832    0.904488    0.656011    5.792940 v _1217_/ZN (gf180mcu_fd_sc_mcu7t5v0__aoi21_1)
                                                         _0643_ (net)
                      0.904488    0.000000    5.792940 v _1242_/A1 (gf180mcu_fd_sc_mcu7t5v0__oai21_1)
     3    0.017593    1.226396    0.952863    6.745803 ^ _1242_/ZN (gf180mcu_fd_sc_mcu7t5v0__oai21_1)
                                                         _0664_ (net)
                      1.226396    0.000000    6.745803 ^ _1247_/A1 (gf180mcu_fd_sc_mcu7t5v0__aoi21_1)
     1    0.007639    0.516435    0.346379    7.092182 v _1247_/ZN (gf180mcu_fd_sc_mcu7t5v0__aoi21_1)
                                                         _0668_ (net)
                      0.516435    0.000000    7.092182 v _1250_/A3 (gf180mcu_fd_sc_mcu7t5v0__xor3_1)
     1    0.003014    0.416919    0.867950    7.960132 v _1250_/Z (gf180mcu_fd_sc_mcu7t5v0__xor3_1)
                                                         _0125_ (net)
                      0.416919    0.000000    7.960132 v _2026_/D (gf180mcu_fd_sc_mcu7t5v0__dffrnq_1)
                                              7.960132   data arrival time

                      0.000000   81.379997   81.379997   clock clk (rise edge)
                                  0.000000   81.379997   clock network delay (ideal)
                                 -0.250000   81.129997   clock uncertainty
                                  0.000000   81.129997   clock reconvergence pessimism
                                             81.129997 ^ _2026_/CLK (gf180mcu_fd_sc_mcu7t5v0__dffrnq_1)
                                 -0.371345   80.758652   library setup time
                                             80.758652   data required time
---------------------------------------------------------------------------------------------
                                             80.758652   data required time
                                             -7.960132   data arrival time
---------------------------------------------------------------------------------------------
                                             72.798523   slack (MET)


Startpoint: _2005_ (rising edge-triggered flip-flop clocked by clk)
Endpoint: _2026_ (rising edge-triggered flip-flop clocked by clk_div)
Path Group: clk_div
Path Type: max

Fanout         Cap        Slew       Delay        Time   Description
---------------------------------------------------------------------------------------------
                      0.000000 20751.898438 20751.898438   clock clk (rise edge)
                                  0.000000 20751.898438   clock network delay (ideal)
                      0.000000    0.000000 20751.898438 ^ _2005_/CLK (gf180mcu_fd_sc_mcu7t5v0__dffrnq_1)
     7    0.036925    1.162486    2.182787 20754.082031 ^ _2005_/Q (gf180mcu_fd_sc_mcu7t5v0__dffrnq_1)
                                                         out_cas_int[0] (net)
                      1.162486    0.000000 20754.082031 ^ _1119_/C (gf180mcu_fd_sc_mcu7t5v0__oai211_1)
     2    0.009178    0.765330    0.592991 20754.675781 v _1119_/ZN (gf180mcu_fd_sc_mcu7t5v0__oai211_1)
                                                         _0559_ (net)
                      0.765330    0.000000 20754.675781 v _1121_/A2 (gf180mcu_fd_sc_mcu7t5v0__aoi211_1)
     2    0.007790    1.273571    0.858563 20755.533203 ^ _1121_/ZN (gf180mcu_fd_sc_mcu7t5v0__aoi211_1)
                                                         _0561_ (net)
                      1.273571    0.000000 20755.533203 ^ _1142_/A1 (gf180mcu_fd_sc_mcu7t5v0__oai211_1)
     2    0.007737    0.689034    0.489308 20756.023438 v _1142_/ZN (gf180mcu_fd_sc_mcu7t5v0__oai211_1)
                                                         _0578_ (net)
                      0.689034    0.000000 20756.023438 v _1155_/A1 (gf180mcu_fd_sc_mcu7t5v0__aoi21_1)
     4    0.022516    1.578406    1.013177 20757.037109 ^ _1155_/ZN (gf180mcu_fd_sc_mcu7t5v0__aoi21_1)
                                                         _0589_ (net)
                      1.578406    0.000000 20757.037109 ^ _1217_/A1 (gf180mcu_fd_sc_mcu7t5v0__aoi21_1)
     4    0.020832    0.904488    0.656655 20757.693359 v _1217_/ZN (gf180mcu_fd_sc_mcu7t5v0__aoi21_1)
                                                         _0643_ (net)
                      0.904488    0.000000 20757.693359 v _1242_/A1 (gf180mcu_fd_sc_mcu7t5v0__oai21_1)
     3    0.017593    1.226396    0.953150 20758.646484 ^ _1242_/ZN (gf180mcu_fd_sc_mcu7t5v0__oai21_1)
                                                         _0664_ (net)
                      1.226396    0.000000 20758.646484 ^ _1247_/A1 (gf180mcu_fd_sc_mcu7t5v0__aoi21_1)
     1    0.007639    0.516435    0.345608 20758.992188 v _1247_/ZN (gf180mcu_fd_sc_mcu7t5v0__aoi21_1)
                                                         _0668_ (net)
                      0.516435    0.000000 20758.992188 v _1250_/A3 (gf180mcu_fd_sc_mcu7t5v0__xor3_1)
     1    0.003014    0.416919    0.867658 20759.859375 v _1250_/Z (gf180mcu_fd_sc_mcu7t5v0__xor3_1)
                                                         _0125_ (net)
                      0.416919    0.000000 20759.859375 v _2026_/D (gf180mcu_fd_sc_mcu7t5v0__dffrnq_1)
                                           20759.859375   data arrival time

                      0.000000 20833.279297 20833.279297   clock clk_div (rise edge)
                                  0.000000 20833.279297   clock network delay (ideal)
                                 -0.250000 20833.029297   clock uncertainty
                                  0.000000 20833.029297   clock reconvergence pessimism
                                           20833.029297 ^ _2026_/CLK (gf180mcu_fd_sc_mcu7t5v0__dffrnq_1)
                                 -0.371345 20832.658203   library setup time
                                           20832.658203   data required time
---------------------------------------------------------------------------------------------
                                           20832.658203   data required time
                                           -20759.859375   data arrival time
---------------------------------------------------------------------------------------------
                                             72.798523   slack (MET)


Startpoint: _2037_ (rising edge-triggered flip-flop clocked by clk)
Endpoint: _2045_ (rising edge-triggered flip-flop clocked by clk)
Path Group: clk
Path Type: max

Fanout         Cap        Slew       Delay        Time   Description
---------------------------------------------------------------------------------------------
                      0.000000    0.000000    0.000000   clock clk (rise edge)
                                  0.000000    0.000000   clock network delay (ideal)
                      0.000000    0.000000    0.000000 ^ _2037_/CLK (gf180mcu_fd_sc_mcu7t5v0__dffrnq_1)
    10    0.045717    1.402907    2.319324    2.319324 ^ _2037_/Q (gf180mcu_fd_sc_mcu7t5v0__dffrnq_1)
                                                         u_cas_int.out_int2[7] (net)
                      1.402907    0.000000    2.319324 ^ _1321_/B2 (gf180mcu_fd_sc_mcu7t5v0__oai22_1)
     1    0.004298    0.568898    0.424799    2.744123 v _1321_/ZN (gf180mcu_fd_sc_mcu7t5v0__oai22_1)
                                                         _0731_ (net)
                      0.568898    0.000000    2.744123 v _1322_/A1 (gf180mcu_fd_sc_mcu7t5v0__nor3_1)
     3    0.012705    1.425926    0.899379    3.643502 ^ _1322_/ZN (gf180mcu_fd_sc_mcu7t5v0__nor3_1)
                                                         _0732_ (net)
                      1.425926    0.000000    3.643502 ^ _1327_/A1 (gf180mcu_fd_sc_mcu7t5v0__nand2_1)
     1    0.004983    0.471584    0.283925    3.927427 v _1327_/ZN (gf180mcu_fd_sc_mcu7t5v0__nand2_1)
                                                         _0737_ (net)
                      0.471584    0.000000    3.927427 v _1333_/A2 (gf180mcu_fd_sc_mcu7t5v0__oai21_1)
     5    0.027011    1.723776    1.117270    5.044697 ^ _1333_/ZN (gf180mcu_fd_sc_mcu7t5v0__oai21_1)
                                                         _0743_ (net)
                      1.723776    0.000000    5.044697 ^ _1362_/A1 (gf180mcu_fd_sc_mcu7t5v0__nand2_1)
     1    0.004977    0.523171    0.290572    5.335269 v _1362_/ZN (gf180mcu_fd_sc_mcu7t5v0__nand2_1)
                                                         _0768_ (net)
                      0.523171    0.000000    5.335269 v _1367_/A1 (gf180mcu_fd_sc_mcu7t5v0__aoi21_1)
     3    0.014168    1.126216    0.713274    6.048543 ^ _1367_/ZN (gf180mcu_fd_sc_mcu7t5v0__aoi21_1)
                                                         _0773_ (net)
                      1.126216    0.000000    6.048543 ^ _1379_/A1 (gf180mcu_fd_sc_mcu7t5v0__oai211_1)
     1    0.004611    0.555301    0.396663    6.445207 v _1379_/ZN (gf180mcu_fd_sc_mcu7t5v0__oai211_1)
                                                         _0783_ (net)
                      0.555301    0.000000    6.445207 v _1384_/A2 (gf180mcu_fd_sc_mcu7t5v0__nand2_1)
     1    0.007639    0.435450    0.417233    6.862440 ^ _1384_/ZN (gf180mcu_fd_sc_mcu7t5v0__nand2_1)
                                                         _0787_ (net)
                      0.435450    0.000000    6.862440 ^ _1385_/A3 (gf180mcu_fd_sc_mcu7t5v0__xor3_1)
     1    0.003014    0.587041    0.688459    7.550899 ^ _1385_/Z (gf180mcu_fd_sc_mcu7t5v0__xor3_1)
                                                         _0093_ (net)
                      0.587041    0.000000    7.550899 ^ _2045_/D (gf180mcu_fd_sc_mcu7t5v0__dffrnq_1)
                                              7.550899   data arrival time

                      0.000000   81.379997   81.379997   clock clk (rise edge)
                                  0.000000   81.379997   clock network delay (ideal)
                                 -0.250000   81.129997   clock uncertainty
                                  0.000000   81.129997   clock reconvergence pessimism
                                             81.129997 ^ _2045_/CLK (gf180mcu_fd_sc_mcu7t5v0__dffrnq_1)
                                 -0.719976   80.410019   library setup time
                                             80.410019   data required time
---------------------------------------------------------------------------------------------
                                             80.410019   data required time
                                             -7.550899   data arrival time
---------------------------------------------------------------------------------------------
                                             72.859123   slack (MET)


Startpoint: _2037_ (rising edge-triggered flip-flop clocked by clk)
Endpoint: _2045_ (rising edge-triggered flip-flop clocked by clk_div)
Path Group: clk_div
Path Type: max

Fanout         Cap        Slew       Delay        Time   Description
---------------------------------------------------------------------------------------------
                      0.000000 20751.898438 20751.898438   clock clk (rise edge)
                                  0.000000 20751.898438   clock network delay (ideal)
                      0.000000    0.000000 20751.898438 ^ _2037_/CLK (gf180mcu_fd_sc_mcu7t5v0__dffrnq_1)
    10    0.045717    1.402907    2.319211 20754.218750 ^ _2037_/Q (gf180mcu_fd_sc_mcu7t5v0__dffrnq_1)
                                                         u_cas_int.out_int2[7] (net)
                      1.402907    0.000000 20754.218750 ^ _1321_/B2 (gf180mcu_fd_sc_mcu7t5v0__oai22_1)
     1    0.004298    0.568898    0.425644 20754.644531 v _1321_/ZN (gf180mcu_fd_sc_mcu7t5v0__oai22_1)
                                                         _0731_ (net)
                      0.568898    0.000000 20754.644531 v _1322_/A1 (gf180mcu_fd_sc_mcu7t5v0__nor3_1)
     3    0.012705    1.425926    0.898581 20755.542969 ^ _1322_/ZN (gf180mcu_fd_sc_mcu7t5v0__nor3_1)
                                                         _0732_ (net)
                      1.425926    0.000000 20755.542969 ^ _1327_/A1 (gf180mcu_fd_sc_mcu7t5v0__nand2_1)
     1    0.004983    0.471584    0.283762 20755.826172 v _1327_/ZN (gf180mcu_fd_sc_mcu7t5v0__nand2_1)
                                                         _0737_ (net)
                      0.471584    0.000000 20755.826172 v _1333_/A2 (gf180mcu_fd_sc_mcu7t5v0__oai21_1)
     5    0.027011    1.723776    1.116860 20756.943359 ^ _1333_/ZN (gf180mcu_fd_sc_mcu7t5v0__oai21_1)
                                                         _0743_ (net)
                      1.723776    0.000000 20756.943359 ^ _1362_/A1 (gf180mcu_fd_sc_mcu7t5v0__nand2_1)
     1    0.004977    0.523171    0.291038 20757.234375 v _1362_/ZN (gf180mcu_fd_sc_mcu7t5v0__nand2_1)
                                                         _0768_ (net)
                      0.523171    0.000000 20757.234375 v _1367_/A1 (gf180mcu_fd_sc_mcu7t5v0__aoi21_1)
     3    0.014168    1.126216    0.713044 20757.947266 ^ _1367_/ZN (gf180mcu_fd_sc_mcu7t5v0__aoi21_1)
                                                         _0773_ (net)
                      1.126216    0.000000 20757.947266 ^ _1379_/A1 (gf180mcu_fd_sc_mcu7t5v0__oai211_1)
     1    0.004611    0.555301    0.396540 20758.343750 v _1379_/ZN (gf180mcu_fd_sc_mcu7t5v0__oai211_1)
                                                         _0783_ (net)
                      0.555301    0.000000 20758.343750 v _1384_/A2 (gf180mcu_fd_sc_mcu7t5v0__nand2_1)
     1    0.007639    0.435450    0.418368 20758.761719 ^ _1384_/ZN (gf180mcu_fd_sc_mcu7t5v0__nand2_1)
                                                         _0787_ (net)
                      0.435450    0.000000 20758.761719 ^ _1385_/A3 (gf180mcu_fd_sc_mcu7t5v0__xor3_1)
     1    0.003014    0.587041    0.687578 20759.449219 ^ _1385_/Z (gf180mcu_fd_sc_mcu7t5v0__xor3_1)
                                                         _0093_ (net)
                      0.587041    0.000000 20759.449219 ^ _2045_/D (gf180mcu_fd_sc_mcu7t5v0__dffrnq_1)
                                           20759.449219   data arrival time

                      0.000000 20833.279297 20833.279297   clock clk_div (rise edge)
                                  0.000000 20833.279297   clock network delay (ideal)
                                 -0.250000 20833.029297   clock uncertainty
                                  0.000000 20833.029297   clock reconvergence pessimism
                                           20833.029297 ^ _2045_/CLK (gf180mcu_fd_sc_mcu7t5v0__dffrnq_1)
                                 -0.719976 20832.310547   library setup time
                                           20832.310547   data required time
---------------------------------------------------------------------------------------------
                                           20832.310547   data required time
                                           -20759.449219   data arrival time
---------------------------------------------------------------------------------------------
                                             72.859123   slack (MET)


Startpoint: _2057_ (rising edge-triggered flip-flop clocked by clk)
Endpoint: _2047_ (rising edge-triggered flip-flop clocked by clk)
Path Group: clk
Path Type: max

Fanout         Cap        Slew       Delay        Time   Description
---------------------------------------------------------------------------------------------
                      0.000000    0.000000    0.000000   clock clk (rise edge)
                                  0.000000    0.000000   clock network delay (ideal)
                      0.000000    0.000000    0.000000 ^ _2057_/CLK (gf180mcu_fd_sc_mcu7t5v0__dffrnq_1)
     8    0.032881    1.055637    2.117541    2.117541 ^ _2057_/Q (gf180mcu_fd_sc_mcu7t5v0__dffrnq_1)
                                                         u_cas_int.out_int1[2] (net)
                      1.055637    0.000000    2.117541 ^ _1281_/A2 (gf180mcu_fd_sc_mcu7t5v0__nor2_1)
     2    0.006877    0.486967    0.375023    2.492563 v _1281_/ZN (gf180mcu_fd_sc_mcu7t5v0__nor2_1)
                                                         _0697_ (net)
                      0.486967    0.000000    2.492563 v _1282_/A2 (gf180mcu_fd_sc_mcu7t5v0__or2_1)
     2    0.012448    0.430281    0.929429    3.421993 v _1282_/Z (gf180mcu_fd_sc_mcu7t5v0__or2_1)
                                                         _0698_ (net)
                      0.430281    0.000000    3.421993 v _1296_/A1 (gf180mcu_fd_sc_mcu7t5v0__oai31_1)
     3    0.017111    2.169730    1.306059    4.728052 ^ _1296_/ZN (gf180mcu_fd_sc_mcu7t5v0__oai31_1)
                                                         _0710_ (net)
                      2.169730    0.000000    4.728052 ^ _1332_/A1 (gf180mcu_fd_sc_mcu7t5v0__aoi21_1)
     1    0.005088    0.616358    0.268304    4.996356 v _1332_/ZN (gf180mcu_fd_sc_mcu7t5v0__aoi21_1)
                                                         _0742_ (net)
                      0.616358    0.000000    4.996356 v _1393_/A1 (gf180mcu_fd_sc_mcu7t5v0__oai21_1)
     4    0.022486    1.480523    1.011149    6.007505 ^ _1393_/ZN (gf180mcu_fd_sc_mcu7t5v0__oai21_1)
                                                         _0795_ (net)
                      1.480523    0.000000    6.007505 ^ _1396_/A1 (gf180mcu_fd_sc_mcu7t5v0__nand2_1)
     2    0.009588    0.605784    0.404179    6.411684 v _1396_/ZN (gf180mcu_fd_sc_mcu7t5v0__nand2_1)
                                                         _0798_ (net)
                      0.605784    0.000000    6.411684 v _1398_/A2 (gf180mcu_fd_sc_mcu7t5v0__nand2_1)
     1    0.007639    0.445690    0.431570    6.843255 ^ _1398_/ZN (gf180mcu_fd_sc_mcu7t5v0__nand2_1)
                                                         _0799_ (net)
                      0.445690    0.000000    6.843255 ^ _1402_/A3 (gf180mcu_fd_sc_mcu7t5v0__xor3_1)
     1    0.003014    0.588567    0.689839    7.533093 ^ _1402_/Z (gf180mcu_fd_sc_mcu7t5v0__xor3_1)
                                                         _0095_ (net)
                      0.588567    0.000000    7.533093 ^ _2047_/D (gf180mcu_fd_sc_mcu7t5v0__dffrnq_1)
                                              7.533093   data arrival time

                      0.000000   81.379997   81.379997   clock clk (rise edge)
                                  0.000000   81.379997   clock network delay (ideal)
                                 -0.250000   81.129997   clock uncertainty
                                  0.000000   81.129997   clock reconvergence pessimism
                                             81.129997 ^ _2047_/CLK (gf180mcu_fd_sc_mcu7t5v0__dffrnq_1)
                                 -0.720203   80.409790   library setup time
                                             80.409790   data required time
---------------------------------------------------------------------------------------------
                                             80.409790   data required time
                                             -7.533093   data arrival time
---------------------------------------------------------------------------------------------
                                             72.876694   slack (MET)


Startpoint: _2057_ (rising edge-triggered flip-flop clocked by clk)
Endpoint: _2047_ (rising edge-triggered flip-flop clocked by clk_div)
Path Group: clk_div
Path Type: max

Fanout         Cap        Slew       Delay        Time   Description
---------------------------------------------------------------------------------------------
                      0.000000 20751.898438 20751.898438   clock clk (rise edge)
                                  0.000000 20751.898438   clock network delay (ideal)
                      0.000000    0.000000 20751.898438 ^ _2057_/CLK (gf180mcu_fd_sc_mcu7t5v0__dffrnq_1)
     8    0.032881    1.055637    2.117304 20754.017578 ^ _2057_/Q (gf180mcu_fd_sc_mcu7t5v0__dffrnq_1)
                                                         u_cas_int.out_int1[2] (net)
                      1.055637    0.000000 20754.017578 ^ _1281_/A2 (gf180mcu_fd_sc_mcu7t5v0__nor2_1)
     2    0.006877    0.486967    0.374712 20754.390625 v _1281_/ZN (gf180mcu_fd_sc_mcu7t5v0__nor2_1)
                                                         _0697_ (net)
                      0.486967    0.000000 20754.390625 v _1282_/A2 (gf180mcu_fd_sc_mcu7t5v0__or2_1)
     2    0.012448    0.430281    0.929504 20755.320312 v _1282_/Z (gf180mcu_fd_sc_mcu7t5v0__or2_1)
                                                         _0698_ (net)
                      0.430281    0.000000 20755.320312 v _1296_/A1 (gf180mcu_fd_sc_mcu7t5v0__oai31_1)
     3    0.017111    2.169730    1.306034 20756.626953 ^ _1296_/ZN (gf180mcu_fd_sc_mcu7t5v0__oai31_1)
                                                         _0710_ (net)
                      2.169730    0.000000 20756.626953 ^ _1332_/A1 (gf180mcu_fd_sc_mcu7t5v0__aoi21_1)
     1    0.005088    0.616358    0.269210 20756.896484 v _1332_/ZN (gf180mcu_fd_sc_mcu7t5v0__aoi21_1)
                                                         _0742_ (net)
                      0.616358    0.000000 20756.896484 v _1393_/A1 (gf180mcu_fd_sc_mcu7t5v0__oai21_1)
     4    0.022486    1.480523    1.011358 20757.908203 ^ _1393_/ZN (gf180mcu_fd_sc_mcu7t5v0__oai21_1)
                                                         _0795_ (net)
                      1.480523    0.000000 20757.908203 ^ _1396_/A1 (gf180mcu_fd_sc_mcu7t5v0__nand2_1)
     2    0.009588    0.605784    0.403816 20758.310547 v _1396_/ZN (gf180mcu_fd_sc_mcu7t5v0__nand2_1)
                                                         _0798_ (net)
                      0.605784    0.000000 20758.310547 v _1398_/A2 (gf180mcu_fd_sc_mcu7t5v0__nand2_1)
     1    0.007639    0.445690    0.431100 20758.742188 ^ _1398_/ZN (gf180mcu_fd_sc_mcu7t5v0__nand2_1)
                                                         _0799_ (net)
                      0.445690    0.000000 20758.742188 ^ _1402_/A3 (gf180mcu_fd_sc_mcu7t5v0__xor3_1)
     1    0.003014    0.588567    0.689397 20759.431641 ^ _1402_/Z (gf180mcu_fd_sc_mcu7t5v0__xor3_1)
                                                         _0095_ (net)
                      0.588567    0.000000 20759.431641 ^ _2047_/D (gf180mcu_fd_sc_mcu7t5v0__dffrnq_1)
                                           20759.431641   data arrival time

                      0.000000 20833.279297 20833.279297   clock clk_div (rise edge)
                                  0.000000 20833.279297   clock network delay (ideal)
                                 -0.250000 20833.029297   clock uncertainty
                                  0.000000 20833.029297   clock reconvergence pessimism
                                           20833.029297 ^ _2047_/CLK (gf180mcu_fd_sc_mcu7t5v0__dffrnq_1)
                                 -0.720203 20832.310547   library setup time
                                           20832.310547   data required time
---------------------------------------------------------------------------------------------
                                           20832.310547   data required time
                                           -20759.431641   data arrival time
---------------------------------------------------------------------------------------------
                                             72.876694   slack (MET)


Startpoint: _2005_ (rising edge-triggered flip-flop clocked by clk)
Endpoint: _2018_ (rising edge-triggered flip-flop clocked by clk)
Path Group: clk
Path Type: max

Fanout         Cap        Slew       Delay        Time   Description
---------------------------------------------------------------------------------------------
                      0.000000    0.000000    0.000000   clock clk (rise edge)
                                  0.000000    0.000000   clock network delay (ideal)
                      0.000000    0.000000    0.000000 ^ _2005_/CLK (gf180mcu_fd_sc_mcu7t5v0__dffrnq_1)
     7    0.036925    1.162486    2.181902    2.181902 ^ _2005_/Q (gf180mcu_fd_sc_mcu7t5v0__dffrnq_1)
                                                         out_cas_int[0] (net)
                      1.162486    0.000000    2.181902 ^ _1119_/C (gf180mcu_fd_sc_mcu7t5v0__oai211_1)
     2    0.009178    0.765330    0.593235    2.775137 v _1119_/ZN (gf180mcu_fd_sc_mcu7t5v0__oai211_1)
                                                         _0559_ (net)
                      0.765330    0.000000    2.775137 v _1121_/A2 (gf180mcu_fd_sc_mcu7t5v0__aoi211_1)
     2    0.007790    1.273571    0.860009    3.635146 ^ _1121_/ZN (gf180mcu_fd_sc_mcu7t5v0__aoi211_1)
                                                         _0561_ (net)
                      1.273571    0.000000    3.635146 ^ _1142_/A1 (gf180mcu_fd_sc_mcu7t5v0__oai211_1)
     2    0.007737    0.689034    0.489324    4.124469 v _1142_/ZN (gf180mcu_fd_sc_mcu7t5v0__oai211_1)
                                                         _0578_ (net)
                      0.689034    0.000000    4.124469 v _1155_/A1 (gf180mcu_fd_sc_mcu7t5v0__aoi21_1)
     4    0.022516    1.578406    1.012460    5.136929 ^ _1155_/ZN (gf180mcu_fd_sc_mcu7t5v0__aoi21_1)
                                                         _0589_ (net)
                      1.578406    0.000000    5.136929 ^ _1167_/A1 (gf180mcu_fd_sc_mcu7t5v0__aoi21_1)
     3    0.017796    0.835622    0.593779    5.730708 v _1167_/ZN (gf180mcu_fd_sc_mcu7t5v0__aoi21_1)
                                                         _0599_ (net)
                      0.835622    0.000000    5.730708 v _1181_/A1 (gf180mcu_fd_sc_mcu7t5v0__oai22_1)
     3    0.017617    1.678740    0.944345    6.675053 ^ _1181_/ZN (gf180mcu_fd_sc_mcu7t5v0__oai22_1)
                                                         _0611_ (net)
                      1.678740    0.000000    6.675053 ^ _1186_/A1 (gf180mcu_fd_sc_mcu7t5v0__aoi21_1)
     1    0.007079    0.589719    0.337821    7.012875 v _1186_/ZN (gf180mcu_fd_sc_mcu7t5v0__aoi21_1)
                                                         _0615_ (net)
                      0.589719    0.000000    7.012875 v _1189_/A3 (gf180mcu_fd_sc_mcu7t5v0__xnor3_1)
     1    0.003014    0.571617    0.476544    7.489418 ^ _1189_/ZN (gf180mcu_fd_sc_mcu7t5v0__xnor3_1)
                                                         _0116_ (net)
                      0.571617    0.000000    7.489418 ^ _2018_/D (gf180mcu_fd_sc_mcu7t5v0__dffrnq_1)
                                              7.489418   data arrival time

                      0.000000   81.379997   81.379997   clock clk (rise edge)
                                  0.000000   81.379997   clock network delay (ideal)
                                 -0.250000   81.129997   clock uncertainty
                                  0.000000   81.129997   clock reconvergence pessimism
                                             81.129997 ^ _2018_/CLK (gf180mcu_fd_sc_mcu7t5v0__dffrnq_1)
                                 -0.717681   80.412315   library setup time
                                             80.412315   data required time
---------------------------------------------------------------------------------------------
                                             80.412315   data required time
                                             -7.489418   data arrival time
---------------------------------------------------------------------------------------------
                                             72.922897   slack (MET)


Startpoint: _2005_ (rising edge-triggered flip-flop clocked by clk)
Endpoint: _2018_ (rising edge-triggered flip-flop clocked by clk_div)
Path Group: clk_div
Path Type: max

Fanout         Cap        Slew       Delay        Time   Description
---------------------------------------------------------------------------------------------
                      0.000000 20751.898438 20751.898438   clock clk (rise edge)
                                  0.000000 20751.898438   clock network delay (ideal)
                      0.000000    0.000000 20751.898438 ^ _2005_/CLK (gf180mcu_fd_sc_mcu7t5v0__dffrnq_1)
     7    0.036925    1.162486    2.182787 20754.082031 ^ _2005_/Q (gf180mcu_fd_sc_mcu7t5v0__dffrnq_1)
                                                         out_cas_int[0] (net)
                      1.162486    0.000000 20754.082031 ^ _1119_/C (gf180mcu_fd_sc_mcu7t5v0__oai211_1)
     2    0.009178    0.765330    0.592991 20754.675781 v _1119_/ZN (gf180mcu_fd_sc_mcu7t5v0__oai211_1)
                                                         _0559_ (net)
                      0.765330    0.000000 20754.675781 v _1121_/A2 (gf180mcu_fd_sc_mcu7t5v0__aoi211_1)
     2    0.007790    1.273571    0.858563 20755.533203 ^ _1121_/ZN (gf180mcu_fd_sc_mcu7t5v0__aoi211_1)
                                                         _0561_ (net)
                      1.273571    0.000000 20755.533203 ^ _1142_/A1 (gf180mcu_fd_sc_mcu7t5v0__oai211_1)
     2    0.007737    0.689034    0.489308 20756.023438 v _1142_/ZN (gf180mcu_fd_sc_mcu7t5v0__oai211_1)
                                                         _0578_ (net)
                      0.689034    0.000000 20756.023438 v _1155_/A1 (gf180mcu_fd_sc_mcu7t5v0__aoi21_1)
     4    0.022516    1.578406    1.013177 20757.037109 ^ _1155_/ZN (gf180mcu_fd_sc_mcu7t5v0__aoi21_1)
                                                         _0589_ (net)
                      1.578406    0.000000 20757.037109 ^ _1167_/A1 (gf180mcu_fd_sc_mcu7t5v0__aoi21_1)
     3    0.017796    0.835622    0.592991 20757.628906 v _1167_/ZN (gf180mcu_fd_sc_mcu7t5v0__aoi21_1)
                                                         _0599_ (net)
                      0.835622    0.000000 20757.628906 v _1181_/A1 (gf180mcu_fd_sc_mcu7t5v0__oai22_1)
     3    0.017617    1.678740    0.945875 20758.574219 ^ _1181_/ZN (gf180mcu_fd_sc_mcu7t5v0__oai22_1)
                                                         _0611_ (net)
                      1.678740    0.000000 20758.574219 ^ _1186_/A1 (gf180mcu_fd_sc_mcu7t5v0__aoi21_1)
     1    0.007079    0.589719    0.336513 20758.912109 v _1186_/ZN (gf180mcu_fd_sc_mcu7t5v0__aoi21_1)
                                                         _0615_ (net)
                      0.589719    0.000000 20758.912109 v _1189_/A3 (gf180mcu_fd_sc_mcu7t5v0__xnor3_1)
     1    0.003014    0.571617    0.476575 20759.388672 ^ _1189_/ZN (gf180mcu_fd_sc_mcu7t5v0__xnor3_1)
                                                         _0116_ (net)
                      0.571617    0.000000 20759.388672 ^ _2018_/D (gf180mcu_fd_sc_mcu7t5v0__dffrnq_1)
                                           20759.388672   data arrival time

                      0.000000 20833.279297 20833.279297   clock clk_div (rise edge)
                                  0.000000 20833.279297   clock network delay (ideal)
                                 -0.250000 20833.029297   clock uncertainty
                                  0.000000 20833.029297   clock reconvergence pessimism
                                           20833.029297 ^ _2018_/CLK (gf180mcu_fd_sc_mcu7t5v0__dffrnq_1)
                                 -0.717681 20832.310547   library setup time
                                           20832.310547   data required time
---------------------------------------------------------------------------------------------
                                           20832.310547   data required time
                                           -20759.388672   data arrival time
---------------------------------------------------------------------------------------------
                                             72.922897   slack (MET)


Startpoint: _2005_ (rising edge-triggered flip-flop clocked by clk)
Endpoint: _2025_ (rising edge-triggered flip-flop clocked by clk)
Path Group: clk
Path Type: max

Fanout         Cap        Slew       Delay        Time   Description
---------------------------------------------------------------------------------------------
                      0.000000    0.000000    0.000000   clock clk (rise edge)
                                  0.000000    0.000000   clock network delay (ideal)
                      0.000000    0.000000    0.000000 ^ _2005_/CLK (gf180mcu_fd_sc_mcu7t5v0__dffrnq_1)
     7    0.036925    1.162486    2.181902    2.181902 ^ _2005_/Q (gf180mcu_fd_sc_mcu7t5v0__dffrnq_1)
                                                         out_cas_int[0] (net)
                      1.162486    0.000000    2.181902 ^ _1119_/C (gf180mcu_fd_sc_mcu7t5v0__oai211_1)
     2    0.009178    0.765330    0.593235    2.775137 v _1119_/ZN (gf180mcu_fd_sc_mcu7t5v0__oai211_1)
                                                         _0559_ (net)
                      0.765330    0.000000    2.775137 v _1121_/A2 (gf180mcu_fd_sc_mcu7t5v0__aoi211_1)
     2    0.007790    1.273571    0.860009    3.635146 ^ _1121_/ZN (gf180mcu_fd_sc_mcu7t5v0__aoi211_1)
                                                         _0561_ (net)
                      1.273571    0.000000    3.635146 ^ _1142_/A1 (gf180mcu_fd_sc_mcu7t5v0__oai211_1)
     2    0.007737    0.689034    0.489324    4.124469 v _1142_/ZN (gf180mcu_fd_sc_mcu7t5v0__oai211_1)
                                                         _0578_ (net)
                      0.689034    0.000000    4.124469 v _1155_/A1 (gf180mcu_fd_sc_mcu7t5v0__aoi21_1)
     4    0.022516    1.578406    1.012460    5.136929 ^ _1155_/ZN (gf180mcu_fd_sc_mcu7t5v0__aoi21_1)
                                                         _0589_ (net)
                      1.578406    0.000000    5.136929 ^ _1217_/A1 (gf180mcu_fd_sc_mcu7t5v0__aoi21_1)
     4    0.020832    0.904488    0.656011    5.792940 v _1217_/ZN (gf180mcu_fd_sc_mcu7t5v0__aoi21_1)
                                                         _0643_ (net)
                      0.904488    0.000000    5.792940 v _1242_/A1 (gf180mcu_fd_sc_mcu7t5v0__oai21_1)
     3    0.017593    1.226396    0.952863    6.745803 ^ _1242_/ZN (gf180mcu_fd_sc_mcu7t5v0__oai21_1)
                                                         _0664_ (net)
                      1.226396    0.000000    6.745803 ^ _1246_/A3 (gf180mcu_fd_sc_mcu7t5v0__xor3_1)
     1    0.003014    0.584755    0.740941    7.486744 ^ _1246_/Z (gf180mcu_fd_sc_mcu7t5v0__xor3_1)
                                                         _0124_ (net)
                      0.584755    0.000000    7.486744 ^ _2025_/D (gf180mcu_fd_sc_mcu7t5v0__dffrnq_1)
                                              7.486744   data arrival time

                      0.000000   81.379997   81.379997   clock clk (rise edge)
                                  0.000000   81.379997   clock network delay (ideal)
                                 -0.250000   81.129997   clock uncertainty
                                  0.000000   81.129997   clock reconvergence pessimism
                                             81.129997 ^ _2025_/CLK (gf180mcu_fd_sc_mcu7t5v0__dffrnq_1)
                                 -0.719636   80.410362   library setup time
                                             80.410362   data required time
---------------------------------------------------------------------------------------------
                                             80.410362   data required time
                                             -7.486744   data arrival time
---------------------------------------------------------------------------------------------
                                             72.923615   slack (MET)


Startpoint: _2005_ (rising edge-triggered flip-flop clocked by clk)
Endpoint: _2025_ (rising edge-triggered flip-flop clocked by clk_div)
Path Group: clk_div
Path Type: max

Fanout         Cap        Slew       Delay        Time   Description
---------------------------------------------------------------------------------------------
                      0.000000 20751.898438 20751.898438   clock clk (rise edge)
                                  0.000000 20751.898438   clock network delay (ideal)
                      0.000000    0.000000 20751.898438 ^ _2005_/CLK (gf180mcu_fd_sc_mcu7t5v0__dffrnq_1)
     7    0.036925    1.162486    2.182787 20754.082031 ^ _2005_/Q (gf180mcu_fd_sc_mcu7t5v0__dffrnq_1)
                                                         out_cas_int[0] (net)
                      1.162486    0.000000 20754.082031 ^ _1119_/C (gf180mcu_fd_sc_mcu7t5v0__oai211_1)
     2    0.009178    0.765330    0.592991 20754.675781 v _1119_/ZN (gf180mcu_fd_sc_mcu7t5v0__oai211_1)
                                                         _0559_ (net)
                      0.765330    0.000000 20754.675781 v _1121_/A2 (gf180mcu_fd_sc_mcu7t5v0__aoi211_1)
     2    0.007790    1.273571    0.858563 20755.533203 ^ _1121_/ZN (gf180mcu_fd_sc_mcu7t5v0__aoi211_1)
                                                         _0561_ (net)
                      1.273571    0.000000 20755.533203 ^ _1142_/A1 (gf180mcu_fd_sc_mcu7t5v0__oai211_1)
     2    0.007737    0.689034    0.489308 20756.023438 v _1142_/ZN (gf180mcu_fd_sc_mcu7t5v0__oai211_1)
                                                         _0578_ (net)
                      0.689034    0.000000 20756.023438 v _1155_/A1 (gf180mcu_fd_sc_mcu7t5v0__aoi21_1)
     4    0.022516    1.578406    1.013177 20757.037109 ^ _1155_/ZN (gf180mcu_fd_sc_mcu7t5v0__aoi21_1)
                                                         _0589_ (net)
                      1.578406    0.000000 20757.037109 ^ _1217_/A1 (gf180mcu_fd_sc_mcu7t5v0__aoi21_1)
     4    0.020832    0.904488    0.656655 20757.693359 v _1217_/ZN (gf180mcu_fd_sc_mcu7t5v0__aoi21_1)
                                                         _0643_ (net)
                      0.904488    0.000000 20757.693359 v _1242_/A1 (gf180mcu_fd_sc_mcu7t5v0__oai21_1)
     3    0.017593    1.226396    0.953150 20758.646484 ^ _1242_/ZN (gf180mcu_fd_sc_mcu7t5v0__oai21_1)
                                                         _0664_ (net)
                      1.226396    0.000000 20758.646484 ^ _1246_/A3 (gf180mcu_fd_sc_mcu7t5v0__xor3_1)
     1    0.003014    0.584755    0.740329 20759.386719 ^ _1246_/Z (gf180mcu_fd_sc_mcu7t5v0__xor3_1)
                                                         _0124_ (net)
                      0.584755    0.000000 20759.386719 ^ _2025_/D (gf180mcu_fd_sc_mcu7t5v0__dffrnq_1)
                                           20759.386719   data arrival time

                      0.000000 20833.279297 20833.279297   clock clk_div (rise edge)
                                  0.000000 20833.279297   clock network delay (ideal)
                                 -0.250000 20833.029297   clock uncertainty
                                  0.000000 20833.029297   clock reconvergence pessimism
                                           20833.029297 ^ _2025_/CLK (gf180mcu_fd_sc_mcu7t5v0__dffrnq_1)
                                 -0.719636 20832.310547   library setup time
                                           20832.310547   data required time
---------------------------------------------------------------------------------------------
                                           20832.310547   data required time
                                           -20759.386719   data arrival time
---------------------------------------------------------------------------------------------
                                             72.923615   slack (MET)


Startpoint: _2057_ (rising edge-triggered flip-flop clocked by clk)
Endpoint: _2051_ (rising edge-triggered flip-flop clocked by clk)
Path Group: clk
Path Type: max

Fanout         Cap        Slew       Delay        Time   Description
---------------------------------------------------------------------------------------------
                      0.000000    0.000000    0.000000   clock clk (rise edge)
                                  0.000000    0.000000   clock network delay (ideal)
                      0.000000    0.000000    0.000000 ^ _2057_/CLK (gf180mcu_fd_sc_mcu7t5v0__dffrnq_1)
     8    0.032881    1.055637    2.117541    2.117541 ^ _2057_/Q (gf180mcu_fd_sc_mcu7t5v0__dffrnq_1)
                                                         u_cas_int.out_int1[2] (net)
                      1.055637    0.000000    2.117541 ^ _1281_/A2 (gf180mcu_fd_sc_mcu7t5v0__nor2_1)
     2    0.006877    0.486967    0.375023    2.492563 v _1281_/ZN (gf180mcu_fd_sc_mcu7t5v0__nor2_1)
                                                         _0697_ (net)
                      0.486967    0.000000    2.492563 v _1282_/A2 (gf180mcu_fd_sc_mcu7t5v0__or2_1)
     2    0.012448    0.430281    0.929429    3.421993 v _1282_/Z (gf180mcu_fd_sc_mcu7t5v0__or2_1)
                                                         _0698_ (net)
                      0.430281    0.000000    3.421993 v _1296_/A1 (gf180mcu_fd_sc_mcu7t5v0__oai31_1)
     3    0.017111    2.169730    1.306059    4.728052 ^ _1296_/ZN (gf180mcu_fd_sc_mcu7t5v0__oai31_1)
                                                         _0710_ (net)
                      2.169730    0.000000    4.728052 ^ _1332_/A1 (gf180mcu_fd_sc_mcu7t5v0__aoi21_1)
     1    0.005088    0.616358    0.268304    4.996356 v _1332_/ZN (gf180mcu_fd_sc_mcu7t5v0__aoi21_1)
                                                         _0742_ (net)
                      0.616358    0.000000    4.996356 v _1393_/A1 (gf180mcu_fd_sc_mcu7t5v0__oai21_1)
     4    0.022486    1.480523    1.011149    6.007505 ^ _1393_/ZN (gf180mcu_fd_sc_mcu7t5v0__oai21_1)
                                                         _0795_ (net)
                      1.480523    0.000000    6.007505 ^ _1416_/A1 (gf180mcu_fd_sc_mcu7t5v0__nand2_1)
     1    0.004923    0.479342    0.283491    6.290997 v _1416_/ZN (gf180mcu_fd_sc_mcu7t5v0__nand2_1)
                                                         _0814_ (net)
                      0.479342    0.000000    6.290997 v _1423_/A1 (gf180mcu_fd_sc_mcu7t5v0__nand2_1)
     2    0.012640    0.553545    0.442438    6.733435 ^ _1423_/ZN (gf180mcu_fd_sc_mcu7t5v0__nand2_1)
                                                         _0821_ (net)
                      0.553545    0.000000    6.733435 ^ _1430_/A1 (gf180mcu_fd_sc_mcu7t5v0__aoi21_1)
     1    0.007079    0.459260    0.296635    7.030070 v _1430_/ZN (gf180mcu_fd_sc_mcu7t5v0__aoi21_1)
                                                         _0827_ (net)
                      0.459260    0.000000    7.030070 v _1431_/A3 (gf180mcu_fd_sc_mcu7t5v0__xnor3_1)
     1    0.003014    0.571289    0.437229    7.467299 ^ _1431_/ZN (gf180mcu_fd_sc_mcu7t5v0__xnor3_1)
                                                         _0100_ (net)
                      0.571289    0.000000    7.467299 ^ _2051_/D (gf180mcu_fd_sc_mcu7t5v0__dffrnq_1)
                                              7.467299   data arrival time

                      0.000000   81.379997   81.379997   clock clk (rise edge)
                                  0.000000   81.379997   clock network delay (ideal)
                                 -0.250000   81.129997   clock uncertainty
                                  0.000000   81.129997   clock reconvergence pessimism
                                             81.129997 ^ _2051_/CLK (gf180mcu_fd_sc_mcu7t5v0__dffrnq_1)
                                 -0.717632   80.412369   library setup time
                                             80.412369   data required time
---------------------------------------------------------------------------------------------
                                             80.412369   data required time
                                             -7.467299   data arrival time
---------------------------------------------------------------------------------------------
                                             72.945068   slack (MET)


Startpoint: _2057_ (rising edge-triggered flip-flop clocked by clk)
Endpoint: _2051_ (rising edge-triggered flip-flop clocked by clk_div)
Path Group: clk_div
Path Type: max

Fanout         Cap        Slew       Delay        Time   Description
---------------------------------------------------------------------------------------------
                      0.000000 20751.898438 20751.898438   clock clk (rise edge)
                                  0.000000 20751.898438   clock network delay (ideal)
                      0.000000    0.000000 20751.898438 ^ _2057_/CLK (gf180mcu_fd_sc_mcu7t5v0__dffrnq_1)
     8    0.032881    1.055637    2.117304 20754.017578 ^ _2057_/Q (gf180mcu_fd_sc_mcu7t5v0__dffrnq_1)
                                                         u_cas_int.out_int1[2] (net)
                      1.055637    0.000000 20754.017578 ^ _1281_/A2 (gf180mcu_fd_sc_mcu7t5v0__nor2_1)
     2    0.006877    0.486967    0.374712 20754.390625 v _1281_/ZN (gf180mcu_fd_sc_mcu7t5v0__nor2_1)
                                                         _0697_ (net)
                      0.486967    0.000000 20754.390625 v _1282_/A2 (gf180mcu_fd_sc_mcu7t5v0__or2_1)
     2    0.012448    0.430281    0.929504 20755.320312 v _1282_/Z (gf180mcu_fd_sc_mcu7t5v0__or2_1)
                                                         _0698_ (net)
                      0.430281    0.000000 20755.320312 v _1296_/A1 (gf180mcu_fd_sc_mcu7t5v0__oai31_1)
     3    0.017111    2.169730    1.306034 20756.626953 ^ _1296_/ZN (gf180mcu_fd_sc_mcu7t5v0__oai31_1)
                                                         _0710_ (net)
                      2.169730    0.000000 20756.626953 ^ _1332_/A1 (gf180mcu_fd_sc_mcu7t5v0__aoi21_1)
     1    0.005088    0.616358    0.269210 20756.896484 v _1332_/ZN (gf180mcu_fd_sc_mcu7t5v0__aoi21_1)
                                                         _0742_ (net)
                      0.616358    0.000000 20756.896484 v _1393_/A1 (gf180mcu_fd_sc_mcu7t5v0__oai21_1)
     4    0.022486    1.480523    1.011358 20757.908203 ^ _1393_/ZN (gf180mcu_fd_sc_mcu7t5v0__oai21_1)
                                                         _0795_ (net)
                      1.480523    0.000000 20757.908203 ^ _1416_/A1 (gf180mcu_fd_sc_mcu7t5v0__nand2_1)
     1    0.004923    0.479342    0.283762 20758.191406 v _1416_/ZN (gf180mcu_fd_sc_mcu7t5v0__nand2_1)
                                                         _0814_ (net)
                      0.479342    0.000000 20758.191406 v _1423_/A1 (gf180mcu_fd_sc_mcu7t5v0__nand2_1)
     2    0.012640    0.553545    0.442014 20758.632812 ^ _1423_/ZN (gf180mcu_fd_sc_mcu7t5v0__nand2_1)
                                                         _0821_ (net)
                      0.553545    0.000000 20758.632812 ^ _1430_/A1 (gf180mcu_fd_sc_mcu7t5v0__aoi21_1)
     1    0.007079    0.459260    0.296495 20758.929688 v _1430_/ZN (gf180mcu_fd_sc_mcu7t5v0__aoi21_1)
                                                         _0827_ (net)
                      0.459260    0.000000 20758.929688 v _1431_/A3 (gf180mcu_fd_sc_mcu7t5v0__xnor3_1)
     1    0.003014    0.571289    0.436557 20759.367188 ^ _1431_/ZN (gf180mcu_fd_sc_mcu7t5v0__xnor3_1)
                                                         _0100_ (net)
                      0.571289    0.000000 20759.367188 ^ _2051_/D (gf180mcu_fd_sc_mcu7t5v0__dffrnq_1)
                                           20759.367188   data arrival time

                      0.000000 20833.279297 20833.279297   clock clk_div (rise edge)
                                  0.000000 20833.279297   clock network delay (ideal)
                                 -0.250000 20833.029297   clock uncertainty
                                  0.000000 20833.029297   clock reconvergence pessimism
                                           20833.029297 ^ _2051_/CLK (gf180mcu_fd_sc_mcu7t5v0__dffrnq_1)
                                 -0.717632 20832.310547   library setup time
                                           20832.310547   data required time
---------------------------------------------------------------------------------------------
                                           20832.310547   data required time
                                           -20759.367188   data arrival time
---------------------------------------------------------------------------------------------
                                             72.945068   slack (MET)


Startpoint: _2057_ (rising edge-triggered flip-flop clocked by clk)
Endpoint: _2050_ (rising edge-triggered flip-flop clocked by clk)
Path Group: clk
Path Type: max

Fanout         Cap        Slew       Delay        Time   Description
---------------------------------------------------------------------------------------------
                      0.000000    0.000000    0.000000   clock clk (rise edge)
                                  0.000000    0.000000   clock network delay (ideal)
                      0.000000    0.000000    0.000000 ^ _2057_/CLK (gf180mcu_fd_sc_mcu7t5v0__dffrnq_1)
     8    0.032881    1.055637    2.117541    2.117541 ^ _2057_/Q (gf180mcu_fd_sc_mcu7t5v0__dffrnq_1)
                                                         u_cas_int.out_int1[2] (net)
                      1.055637    0.000000    2.117541 ^ _1281_/A2 (gf180mcu_fd_sc_mcu7t5v0__nor2_1)
     2    0.006877    0.486967    0.375023    2.492563 v _1281_/ZN (gf180mcu_fd_sc_mcu7t5v0__nor2_1)
                                                         _0697_ (net)
                      0.486967    0.000000    2.492563 v _1282_/A2 (gf180mcu_fd_sc_mcu7t5v0__or2_1)
     2    0.012448    0.430281    0.929429    3.421993 v _1282_/Z (gf180mcu_fd_sc_mcu7t5v0__or2_1)
                                                         _0698_ (net)
                      0.430281    0.000000    3.421993 v _1296_/A1 (gf180mcu_fd_sc_mcu7t5v0__oai31_1)
     3    0.017111    2.169730    1.306059    4.728052 ^ _1296_/ZN (gf180mcu_fd_sc_mcu7t5v0__oai31_1)
                                                         _0710_ (net)
                      2.169730    0.000000    4.728052 ^ _1332_/A1 (gf180mcu_fd_sc_mcu7t5v0__aoi21_1)
     1    0.005088    0.616358    0.268304    4.996356 v _1332_/ZN (gf180mcu_fd_sc_mcu7t5v0__aoi21_1)
                                                         _0742_ (net)
                      0.616358    0.000000    4.996356 v _1393_/A1 (gf180mcu_fd_sc_mcu7t5v0__oai21_1)
     4    0.022486    1.480523    1.011149    6.007505 ^ _1393_/ZN (gf180mcu_fd_sc_mcu7t5v0__oai21_1)
                                                         _0795_ (net)
                      1.480523    0.000000    6.007505 ^ _1416_/A1 (gf180mcu_fd_sc_mcu7t5v0__nand2_1)
     1    0.004923    0.479342    0.283491    6.290997 v _1416_/ZN (gf180mcu_fd_sc_mcu7t5v0__nand2_1)
                                                         _0814_ (net)
                      0.479342    0.000000    6.290997 v _1423_/A1 (gf180mcu_fd_sc_mcu7t5v0__nand2_1)
     2    0.012640    0.553545    0.442438    6.733435 ^ _1423_/ZN (gf180mcu_fd_sc_mcu7t5v0__nand2_1)
                                                         _0821_ (net)
                      0.553545    0.000000    6.733435 ^ _1427_/A1 (gf180mcu_fd_sc_mcu7t5v0__xor2_1)
     1    0.003014    0.544377    0.703756    7.437191 ^ _1427_/Z (gf180mcu_fd_sc_mcu7t5v0__xor2_1)
                                                         _0099_ (net)
                      0.544377    0.000000    7.437191 ^ _2050_/D (gf180mcu_fd_sc_mcu7t5v0__dffrnq_1)
                                              7.437191   data arrival time

                      0.000000   81.379997   81.379997   clock clk (rise edge)
                                  0.000000   81.379997   clock network delay (ideal)
                                 -0.250000   81.129997   clock uncertainty
                                  0.000000   81.129997   clock reconvergence pessimism
                                             81.129997 ^ _2050_/CLK (gf180mcu_fd_sc_mcu7t5v0__dffrnq_1)
                                 -0.712649   80.417351   library setup time
                                             80.417351   data required time
---------------------------------------------------------------------------------------------
                                             80.417351   data required time
                                             -7.437191   data arrival time
---------------------------------------------------------------------------------------------
                                             72.980156   slack (MET)


Startpoint: _2057_ (rising edge-triggered flip-flop clocked by clk)
Endpoint: _2050_ (rising edge-triggered flip-flop clocked by clk_div)
Path Group: clk_div
Path Type: max

Fanout         Cap        Slew       Delay        Time   Description
---------------------------------------------------------------------------------------------
                      0.000000 20751.898438 20751.898438   clock clk (rise edge)
                                  0.000000 20751.898438   clock network delay (ideal)
                      0.000000    0.000000 20751.898438 ^ _2057_/CLK (gf180mcu_fd_sc_mcu7t5v0__dffrnq_1)
     8    0.032881    1.055637    2.117304 20754.017578 ^ _2057_/Q (gf180mcu_fd_sc_mcu7t5v0__dffrnq_1)
                                                         u_cas_int.out_int1[2] (net)
                      1.055637    0.000000 20754.017578 ^ _1281_/A2 (gf180mcu_fd_sc_mcu7t5v0__nor2_1)
     2    0.006877    0.486967    0.374712 20754.390625 v _1281_/ZN (gf180mcu_fd_sc_mcu7t5v0__nor2_1)
                                                         _0697_ (net)
                      0.486967    0.000000 20754.390625 v _1282_/A2 (gf180mcu_fd_sc_mcu7t5v0__or2_1)
     2    0.012448    0.430281    0.929504 20755.320312 v _1282_/Z (gf180mcu_fd_sc_mcu7t5v0__or2_1)
                                                         _0698_ (net)
                      0.430281    0.000000 20755.320312 v _1296_/A1 (gf180mcu_fd_sc_mcu7t5v0__oai31_1)
     3    0.017111    2.169730    1.306034 20756.626953 ^ _1296_/ZN (gf180mcu_fd_sc_mcu7t5v0__oai31_1)
                                                         _0710_ (net)
                      2.169730    0.000000 20756.626953 ^ _1332_/A1 (gf180mcu_fd_sc_mcu7t5v0__aoi21_1)
     1    0.005088    0.616358    0.269210 20756.896484 v _1332_/ZN (gf180mcu_fd_sc_mcu7t5v0__aoi21_1)
                                                         _0742_ (net)
                      0.616358    0.000000 20756.896484 v _1393_/A1 (gf180mcu_fd_sc_mcu7t5v0__oai21_1)
     4    0.022486    1.480523    1.011358 20757.908203 ^ _1393_/ZN (gf180mcu_fd_sc_mcu7t5v0__oai21_1)
                                                         _0795_ (net)
                      1.480523    0.000000 20757.908203 ^ _1416_/A1 (gf180mcu_fd_sc_mcu7t5v0__nand2_1)
     1    0.004923    0.479342    0.283762 20758.191406 v _1416_/ZN (gf180mcu_fd_sc_mcu7t5v0__nand2_1)
                                                         _0814_ (net)
                      0.479342    0.000000 20758.191406 v _1423_/A1 (gf180mcu_fd_sc_mcu7t5v0__nand2_1)
     2    0.012640    0.553545    0.442014 20758.632812 ^ _1423_/ZN (gf180mcu_fd_sc_mcu7t5v0__nand2_1)
                                                         _0821_ (net)
                      0.553545    0.000000 20758.632812 ^ _1427_/A1 (gf180mcu_fd_sc_mcu7t5v0__xor2_1)
     1    0.003014    0.544377    0.703949 20759.337891 ^ _1427_/Z (gf180mcu_fd_sc_mcu7t5v0__xor2_1)
                                                         _0099_ (net)
                      0.544377    0.000000 20759.337891 ^ _2050_/D (gf180mcu_fd_sc_mcu7t5v0__dffrnq_1)
                                           20759.337891   data arrival time

                      0.000000 20833.279297 20833.279297   clock clk_div (rise edge)
                                  0.000000 20833.279297   clock network delay (ideal)
                                 -0.250000 20833.029297   clock uncertainty
                                  0.000000 20833.029297   clock reconvergence pessimism
                                           20833.029297 ^ _2050_/CLK (gf180mcu_fd_sc_mcu7t5v0__dffrnq_1)
                                 -0.712649 20832.316406   library setup time
                                           20832.316406   data required time
---------------------------------------------------------------------------------------------
                                           20832.316406   data required time
                                           -20759.337891   data arrival time
---------------------------------------------------------------------------------------------
                                             72.980156   slack (MET)


Startpoint: _2005_ (rising edge-triggered flip-flop clocked by clk)
Endpoint: _2017_ (rising edge-triggered flip-flop clocked by clk)
Path Group: clk
Path Type: max

Fanout         Cap        Slew       Delay        Time   Description
---------------------------------------------------------------------------------------------
                      0.000000    0.000000    0.000000   clock clk (rise edge)
                                  0.000000    0.000000   clock network delay (ideal)
                      0.000000    0.000000    0.000000 ^ _2005_/CLK (gf180mcu_fd_sc_mcu7t5v0__dffrnq_1)
     7    0.036925    1.162486    2.181902    2.181902 ^ _2005_/Q (gf180mcu_fd_sc_mcu7t5v0__dffrnq_1)
                                                         out_cas_int[0] (net)
                      1.162486    0.000000    2.181902 ^ _1119_/C (gf180mcu_fd_sc_mcu7t5v0__oai211_1)
     2    0.009178    0.765330    0.593235    2.775137 v _1119_/ZN (gf180mcu_fd_sc_mcu7t5v0__oai211_1)
                                                         _0559_ (net)
                      0.765330    0.000000    2.775137 v _1121_/A2 (gf180mcu_fd_sc_mcu7t5v0__aoi211_1)
     2    0.007790    1.273571    0.860009    3.635146 ^ _1121_/ZN (gf180mcu_fd_sc_mcu7t5v0__aoi211_1)
                                                         _0561_ (net)
                      1.273571    0.000000    3.635146 ^ _1142_/A1 (gf180mcu_fd_sc_mcu7t5v0__oai211_1)
     2    0.007737    0.689034    0.489324    4.124469 v _1142_/ZN (gf180mcu_fd_sc_mcu7t5v0__oai211_1)
                                                         _0578_ (net)
                      0.689034    0.000000    4.124469 v _1155_/A1 (gf180mcu_fd_sc_mcu7t5v0__aoi21_1)
     4    0.022516    1.578406    1.012460    5.136929 ^ _1155_/ZN (gf180mcu_fd_sc_mcu7t5v0__aoi21_1)
                                                         _0589_ (net)
                      1.578406    0.000000    5.136929 ^ _1167_/A1 (gf180mcu_fd_sc_mcu7t5v0__aoi21_1)
     3    0.017796    0.835622    0.593779    5.730708 v _1167_/ZN (gf180mcu_fd_sc_mcu7t5v0__aoi21_1)
                                                         _0599_ (net)
                      0.835622    0.000000    5.730708 v _1181_/A1 (gf180mcu_fd_sc_mcu7t5v0__oai22_1)
     3    0.017617    1.678740    0.944345    6.675053 ^ _1181_/ZN (gf180mcu_fd_sc_mcu7t5v0__oai22_1)
                                                         _0611_ (net)
                      1.678740    0.000000    6.675053 ^ _1185_/A1 (gf180mcu_fd_sc_mcu7t5v0__xor2_1)
     1    0.003014    0.550869    0.752088    7.427141 ^ _1185_/Z (gf180mcu_fd_sc_mcu7t5v0__xor2_1)
                                                         _0115_ (net)
                      0.550869    0.000000    7.427141 ^ _2017_/D (gf180mcu_fd_sc_mcu7t5v0__dffrnq_1)
                                              7.427141   data arrival time

                      0.000000   81.379997   81.379997   clock clk (rise edge)
                                  0.000000   81.379997   clock network delay (ideal)
                                 -0.250000   81.129997   clock uncertainty
                                  0.000000   81.129997   clock reconvergence pessimism
                                             81.129997 ^ _2017_/CLK (gf180mcu_fd_sc_mcu7t5v0__dffrnq_1)
                                 -0.714016   80.415985   library setup time
                                             80.415985   data required time
---------------------------------------------------------------------------------------------
                                             80.415985   data required time
                                             -7.427141   data arrival time
---------------------------------------------------------------------------------------------
                                             72.988838   slack (MET)


Startpoint: _2005_ (rising edge-triggered flip-flop clocked by clk)
Endpoint: _2017_ (rising edge-triggered flip-flop clocked by clk_div)
Path Group: clk_div
Path Type: max

Fanout         Cap        Slew       Delay        Time   Description
---------------------------------------------------------------------------------------------
                      0.000000 20751.898438 20751.898438   clock clk (rise edge)
                                  0.000000 20751.898438   clock network delay (ideal)
                      0.000000    0.000000 20751.898438 ^ _2005_/CLK (gf180mcu_fd_sc_mcu7t5v0__dffrnq_1)
     7    0.036925    1.162486    2.182787 20754.082031 ^ _2005_/Q (gf180mcu_fd_sc_mcu7t5v0__dffrnq_1)
                                                         out_cas_int[0] (net)
                      1.162486    0.000000 20754.082031 ^ _1119_/C (gf180mcu_fd_sc_mcu7t5v0__oai211_1)
     2    0.009178    0.765330    0.592991 20754.675781 v _1119_/ZN (gf180mcu_fd_sc_mcu7t5v0__oai211_1)
                                                         _0559_ (net)
                      0.765330    0.000000 20754.675781 v _1121_/A2 (gf180mcu_fd_sc_mcu7t5v0__aoi211_1)
     2    0.007790    1.273571    0.858563 20755.533203 ^ _1121_/ZN (gf180mcu_fd_sc_mcu7t5v0__aoi211_1)
                                                         _0561_ (net)
                      1.273571    0.000000 20755.533203 ^ _1142_/A1 (gf180mcu_fd_sc_mcu7t5v0__oai211_1)
     2    0.007737    0.689034    0.489308 20756.023438 v _1142_/ZN (gf180mcu_fd_sc_mcu7t5v0__oai211_1)
                                                         _0578_ (net)
                      0.689034    0.000000 20756.023438 v _1155_/A1 (gf180mcu_fd_sc_mcu7t5v0__aoi21_1)
     4    0.022516    1.578406    1.013177 20757.037109 ^ _1155_/ZN (gf180mcu_fd_sc_mcu7t5v0__aoi21_1)
                                                         _0589_ (net)
                      1.578406    0.000000 20757.037109 ^ _1167_/A1 (gf180mcu_fd_sc_mcu7t5v0__aoi21_1)
     3    0.017796    0.835622    0.592991 20757.628906 v _1167_/ZN (gf180mcu_fd_sc_mcu7t5v0__aoi21_1)
                                                         _0599_ (net)
                      0.835622    0.000000 20757.628906 v _1181_/A1 (gf180mcu_fd_sc_mcu7t5v0__oai22_1)
     3    0.017617    1.678740    0.945875 20758.574219 ^ _1181_/ZN (gf180mcu_fd_sc_mcu7t5v0__oai22_1)
                                                         _0611_ (net)
                      1.678740    0.000000 20758.574219 ^ _1185_/A1 (gf180mcu_fd_sc_mcu7t5v0__xor2_1)
     1    0.003014    0.550869    0.751243 20759.326172 ^ _1185_/Z (gf180mcu_fd_sc_mcu7t5v0__xor2_1)
                                                         _0115_ (net)
                      0.550869    0.000000 20759.326172 ^ _2017_/D (gf180mcu_fd_sc_mcu7t5v0__dffrnq_1)
                                           20759.326172   data arrival time

                      0.000000 20833.279297 20833.279297   clock clk_div (rise edge)
                                  0.000000 20833.279297   clock network delay (ideal)
                                 -0.250000 20833.029297   clock uncertainty
                                  0.000000 20833.029297   clock reconvergence pessimism
                                           20833.029297 ^ _2017_/CLK (gf180mcu_fd_sc_mcu7t5v0__dffrnq_1)
                                 -0.714016 20832.314453   library setup time
                                           20832.314453   data required time
---------------------------------------------------------------------------------------------
                                           20832.314453   data required time
                                           -20759.326172   data arrival time
---------------------------------------------------------------------------------------------
                                             72.988838   slack (MET)


Startpoint: _2005_ (rising edge-triggered flip-flop clocked by clk)
Endpoint: _2016_ (rising edge-triggered flip-flop clocked by clk)
Path Group: clk
Path Type: max

Fanout         Cap        Slew       Delay        Time   Description
---------------------------------------------------------------------------------------------
                      0.000000    0.000000    0.000000   clock clk (rise edge)
                                  0.000000    0.000000   clock network delay (ideal)
                      0.000000    0.000000    0.000000 ^ _2005_/CLK (gf180mcu_fd_sc_mcu7t5v0__dffrnq_1)
     7    0.036925    1.162486    2.181902    2.181902 ^ _2005_/Q (gf180mcu_fd_sc_mcu7t5v0__dffrnq_1)
                                                         out_cas_int[0] (net)
                      1.162486    0.000000    2.181902 ^ _1119_/C (gf180mcu_fd_sc_mcu7t5v0__oai211_1)
     2    0.009178    0.765330    0.593235    2.775137 v _1119_/ZN (gf180mcu_fd_sc_mcu7t5v0__oai211_1)
                                                         _0559_ (net)
                      0.765330    0.000000    2.775137 v _1121_/A2 (gf180mcu_fd_sc_mcu7t5v0__aoi211_1)
     2    0.007790    1.273571    0.860009    3.635146 ^ _1121_/ZN (gf180mcu_fd_sc_mcu7t5v0__aoi211_1)
                                                         _0561_ (net)
                      1.273571    0.000000    3.635146 ^ _1142_/A1 (gf180mcu_fd_sc_mcu7t5v0__oai211_1)
     2    0.007737    0.689034    0.489324    4.124469 v _1142_/ZN (gf180mcu_fd_sc_mcu7t5v0__oai211_1)
                                                         _0578_ (net)
                      0.689034    0.000000    4.124469 v _1155_/A1 (gf180mcu_fd_sc_mcu7t5v0__aoi21_1)
     4    0.022516    1.578406    1.012460    5.136929 ^ _1155_/ZN (gf180mcu_fd_sc_mcu7t5v0__aoi21_1)
                                                         _0589_ (net)
                      1.578406    0.000000    5.136929 ^ _1167_/A1 (gf180mcu_fd_sc_mcu7t5v0__aoi21_1)
     3    0.017796    0.835622    0.593779    5.730708 v _1167_/ZN (gf180mcu_fd_sc_mcu7t5v0__aoi21_1)
                                                         _0599_ (net)
                      0.835622    0.000000    5.730708 v _1174_/A1 (gf180mcu_fd_sc_mcu7t5v0__oai21_1)
     1    0.007639    0.722673    0.634973    6.365681 ^ _1174_/ZN (gf180mcu_fd_sc_mcu7t5v0__oai21_1)
                                                         _0605_ (net)
                      0.722673    0.000000    6.365681 ^ _1175_/A3 (gf180mcu_fd_sc_mcu7t5v0__xor3_1)
     1    0.003014    0.588109    0.715657    7.081338 ^ _1175_/Z (gf180mcu_fd_sc_mcu7t5v0__xor3_1)
                                                         _0114_ (net)
                      0.588109    0.000000    7.081338 ^ _2016_/D (gf180mcu_fd_sc_mcu7t5v0__dffrnq_1)
                                              7.081338   data arrival time

                      0.000000   81.379997   81.379997   clock clk (rise edge)
                                  0.000000   81.379997   clock network delay (ideal)
                                 -0.250000   81.129997   clock uncertainty
                                  0.000000   81.129997   clock reconvergence pessimism
                                             81.129997 ^ _2016_/CLK (gf180mcu_fd_sc_mcu7t5v0__dffrnq_1)
                                 -0.720135   80.409866   library setup time
                                             80.409866   data required time
---------------------------------------------------------------------------------------------
                                             80.409866   data required time
                                             -7.081338   data arrival time
---------------------------------------------------------------------------------------------
                                             73.328522   slack (MET)


Startpoint: _2005_ (rising edge-triggered flip-flop clocked by clk)
Endpoint: _2016_ (rising edge-triggered flip-flop clocked by clk_div)
Path Group: clk_div
Path Type: max

Fanout         Cap        Slew       Delay        Time   Description
---------------------------------------------------------------------------------------------
                      0.000000 20751.898438 20751.898438   clock clk (rise edge)
                                  0.000000 20751.898438   clock network delay (ideal)
                      0.000000    0.000000 20751.898438 ^ _2005_/CLK (gf180mcu_fd_sc_mcu7t5v0__dffrnq_1)
     7    0.036925    1.162486    2.182787 20754.082031 ^ _2005_/Q (gf180mcu_fd_sc_mcu7t5v0__dffrnq_1)
                                                         out_cas_int[0] (net)
                      1.162486    0.000000 20754.082031 ^ _1119_/C (gf180mcu_fd_sc_mcu7t5v0__oai211_1)
     2    0.009178    0.765330    0.592991 20754.675781 v _1119_/ZN (gf180mcu_fd_sc_mcu7t5v0__oai211_1)
                                                         _0559_ (net)
                      0.765330    0.000000 20754.675781 v _1121_/A2 (gf180mcu_fd_sc_mcu7t5v0__aoi211_1)
     2    0.007790    1.273571    0.858563 20755.533203 ^ _1121_/ZN (gf180mcu_fd_sc_mcu7t5v0__aoi211_1)
                                                         _0561_ (net)
                      1.273571    0.000000 20755.533203 ^ _1142_/A1 (gf180mcu_fd_sc_mcu7t5v0__oai211_1)
     2    0.007737    0.689034    0.489308 20756.023438 v _1142_/ZN (gf180mcu_fd_sc_mcu7t5v0__oai211_1)
                                                         _0578_ (net)
                      0.689034    0.000000 20756.023438 v _1155_/A1 (gf180mcu_fd_sc_mcu7t5v0__aoi21_1)
     4    0.022516    1.578406    1.013177 20757.037109 ^ _1155_/ZN (gf180mcu_fd_sc_mcu7t5v0__aoi21_1)
                                                         _0589_ (net)
                      1.578406    0.000000 20757.037109 ^ _1167_/A1 (gf180mcu_fd_sc_mcu7t5v0__aoi21_1)
     3    0.017796    0.835622    0.592991 20757.628906 v _1167_/ZN (gf180mcu_fd_sc_mcu7t5v0__aoi21_1)
                                                         _0599_ (net)
                      0.835622    0.000000 20757.628906 v _1174_/A1 (gf180mcu_fd_sc_mcu7t5v0__oai21_1)
     1    0.007639    0.722673    0.636646 20758.265625 ^ _1174_/ZN (gf180mcu_fd_sc_mcu7t5v0__oai21_1)
                                                         _0605_ (net)
                      0.722673    0.000000 20758.265625 ^ _1175_/A3 (gf180mcu_fd_sc_mcu7t5v0__xor3_1)
     1    0.003014    0.588109    0.714863 20758.980469 ^ _1175_/Z (gf180mcu_fd_sc_mcu7t5v0__xor3_1)
                                                         _0114_ (net)
                      0.588109    0.000000 20758.980469 ^ _2016_/D (gf180mcu_fd_sc_mcu7t5v0__dffrnq_1)
                                           20758.980469   data arrival time

                      0.000000 20833.279297 20833.279297   clock clk_div (rise edge)
                                  0.000000 20833.279297   clock network delay (ideal)
                                 -0.250000 20833.029297   clock uncertainty
                                  0.000000 20833.029297   clock reconvergence pessimism
                                           20833.029297 ^ _2016_/CLK (gf180mcu_fd_sc_mcu7t5v0__dffrnq_1)
                                 -0.720135 20832.310547   library setup time
                                           20832.310547   data required time
---------------------------------------------------------------------------------------------
                                           20832.310547   data required time
                                           -20758.980469   data arrival time
---------------------------------------------------------------------------------------------
                                             73.328522   slack (MET)


Startpoint: _2037_ (rising edge-triggered flip-flop clocked by clk)
Endpoint: _2043_ (rising edge-triggered flip-flop clocked by clk)
Path Group: clk
Path Type: max

Fanout         Cap        Slew       Delay        Time   Description
---------------------------------------------------------------------------------------------
                      0.000000    0.000000    0.000000   clock clk (rise edge)
                                  0.000000    0.000000   clock network delay (ideal)
                      0.000000    0.000000    0.000000 ^ _2037_/CLK (gf180mcu_fd_sc_mcu7t5v0__dffrnq_1)
    10    0.045717    1.402907    2.319324    2.319324 ^ _2037_/Q (gf180mcu_fd_sc_mcu7t5v0__dffrnq_1)
                                                         u_cas_int.out_int2[7] (net)
                      1.402907    0.000000    2.319324 ^ _1321_/B2 (gf180mcu_fd_sc_mcu7t5v0__oai22_1)
     1    0.004298    0.568898    0.424799    2.744123 v _1321_/ZN (gf180mcu_fd_sc_mcu7t5v0__oai22_1)
                                                         _0731_ (net)
                      0.568898    0.000000    2.744123 v _1322_/A1 (gf180mcu_fd_sc_mcu7t5v0__nor3_1)
     3    0.012705    1.425926    0.899379    3.643502 ^ _1322_/ZN (gf180mcu_fd_sc_mcu7t5v0__nor3_1)
                                                         _0732_ (net)
                      1.425926    0.000000    3.643502 ^ _1327_/A1 (gf180mcu_fd_sc_mcu7t5v0__nand2_1)
     1    0.004983    0.471584    0.283925    3.927427 v _1327_/ZN (gf180mcu_fd_sc_mcu7t5v0__nand2_1)
                                                         _0737_ (net)
                      0.471584    0.000000    3.927427 v _1333_/A2 (gf180mcu_fd_sc_mcu7t5v0__oai21_1)
     5    0.027011    1.723776    1.117270    5.044697 ^ _1333_/ZN (gf180mcu_fd_sc_mcu7t5v0__oai21_1)
                                                         _0743_ (net)
                      1.723776    0.000000    5.044697 ^ _1362_/A1 (gf180mcu_fd_sc_mcu7t5v0__nand2_1)
     1    0.004977    0.523171    0.290572    5.335269 v _1362_/ZN (gf180mcu_fd_sc_mcu7t5v0__nand2_1)
                                                         _0768_ (net)
                      0.523171    0.000000    5.335269 v _1367_/A1 (gf180mcu_fd_sc_mcu7t5v0__aoi21_1)
     3    0.014168    1.126216    0.713274    6.048543 ^ _1367_/ZN (gf180mcu_fd_sc_mcu7t5v0__aoi21_1)
                                                         _0773_ (net)
                      1.126216    0.000000    6.048543 ^ _1371_/B (gf180mcu_fd_sc_mcu7t5v0__aoi21_1)
     1    0.007079    0.644801    0.509521    6.558064 v _1371_/ZN (gf180mcu_fd_sc_mcu7t5v0__aoi21_1)
                                                         _0776_ (net)
                      0.644801    0.000000    6.558064 v _1372_/A3 (gf180mcu_fd_sc_mcu7t5v0__xnor3_1)
     1    0.003014    0.571351    0.492988    7.051053 ^ _1372_/ZN (gf180mcu_fd_sc_mcu7t5v0__xnor3_1)
                                                         _0091_ (net)
                      0.571351    0.000000    7.051053 ^ _2043_/D (gf180mcu_fd_sc_mcu7t5v0__dffrnq_1)
                                              7.051053   data arrival time

                      0.000000   81.379997   81.379997   clock clk (rise edge)
                                  0.000000   81.379997   clock network delay (ideal)
                                 -0.250000   81.129997   clock uncertainty
                                  0.000000   81.129997   clock reconvergence pessimism
                                             81.129997 ^ _2043_/CLK (gf180mcu_fd_sc_mcu7t5v0__dffrnq_1)
                                 -0.717641   80.412361   library setup time
                                             80.412361   data required time
---------------------------------------------------------------------------------------------
                                             80.412361   data required time
                                             -7.051053   data arrival time
---------------------------------------------------------------------------------------------
                                             73.361305   slack (MET)


Startpoint: _2037_ (rising edge-triggered flip-flop clocked by clk)
Endpoint: _2043_ (rising edge-triggered flip-flop clocked by clk_div)
Path Group: clk_div
Path Type: max

Fanout         Cap        Slew       Delay        Time   Description
---------------------------------------------------------------------------------------------
                      0.000000 20751.898438 20751.898438   clock clk (rise edge)
                                  0.000000 20751.898438   clock network delay (ideal)
                      0.000000    0.000000 20751.898438 ^ _2037_/CLK (gf180mcu_fd_sc_mcu7t5v0__dffrnq_1)
    10    0.045717    1.402907    2.319211 20754.218750 ^ _2037_/Q (gf180mcu_fd_sc_mcu7t5v0__dffrnq_1)
                                                         u_cas_int.out_int2[7] (net)
                      1.402907    0.000000 20754.218750 ^ _1321_/B2 (gf180mcu_fd_sc_mcu7t5v0__oai22_1)
     1    0.004298    0.568898    0.425644 20754.644531 v _1321_/ZN (gf180mcu_fd_sc_mcu7t5v0__oai22_1)
                                                         _0731_ (net)
                      0.568898    0.000000 20754.644531 v _1322_/A1 (gf180mcu_fd_sc_mcu7t5v0__nor3_1)
     3    0.012705    1.425926    0.898581 20755.542969 ^ _1322_/ZN (gf180mcu_fd_sc_mcu7t5v0__nor3_1)
                                                         _0732_ (net)
                      1.425926    0.000000 20755.542969 ^ _1327_/A1 (gf180mcu_fd_sc_mcu7t5v0__nand2_1)
     1    0.004983    0.471584    0.283762 20755.826172 v _1327_/ZN (gf180mcu_fd_sc_mcu7t5v0__nand2_1)
                                                         _0737_ (net)
                      0.471584    0.000000 20755.826172 v _1333_/A2 (gf180mcu_fd_sc_mcu7t5v0__oai21_1)
     5    0.027011    1.723776    1.116860 20756.943359 ^ _1333_/ZN (gf180mcu_fd_sc_mcu7t5v0__oai21_1)
                                                         _0743_ (net)
                      1.723776    0.000000 20756.943359 ^ _1362_/A1 (gf180mcu_fd_sc_mcu7t5v0__nand2_1)
     1    0.004977    0.523171    0.291038 20757.234375 v _1362_/ZN (gf180mcu_fd_sc_mcu7t5v0__nand2_1)
                                                         _0768_ (net)
                      0.523171    0.000000 20757.234375 v _1367_/A1 (gf180mcu_fd_sc_mcu7t5v0__aoi21_1)
     3    0.014168    1.126216    0.713044 20757.947266 ^ _1367_/ZN (gf180mcu_fd_sc_mcu7t5v0__aoi21_1)
                                                         _0773_ (net)
                      1.126216    0.000000 20757.947266 ^ _1371_/B (gf180mcu_fd_sc_mcu7t5v0__aoi21_1)
     1    0.007079    0.644801    0.509317 20758.457031 v _1371_/ZN (gf180mcu_fd_sc_mcu7t5v0__aoi21_1)
                                                         _0776_ (net)
                      0.644801    0.000000 20758.457031 v _1372_/A3 (gf180mcu_fd_sc_mcu7t5v0__xnor3_1)
     1    0.003014    0.571351    0.492946 20758.949219 ^ _1372_/ZN (gf180mcu_fd_sc_mcu7t5v0__xnor3_1)
                                                         _0091_ (net)
                      0.571351    0.000000 20758.949219 ^ _2043_/D (gf180mcu_fd_sc_mcu7t5v0__dffrnq_1)
                                           20758.949219   data arrival time

                      0.000000 20833.279297 20833.279297   clock clk_div (rise edge)
                                  0.000000 20833.279297   clock network delay (ideal)
                                 -0.250000 20833.029297   clock uncertainty
                                  0.000000 20833.029297   clock reconvergence pessimism
                                           20833.029297 ^ _2043_/CLK (gf180mcu_fd_sc_mcu7t5v0__dffrnq_1)
                                 -0.717641 20832.310547   library setup time
                                           20832.310547   data required time
---------------------------------------------------------------------------------------------
                                           20832.310547   data required time
                                           -20758.949219   data arrival time
---------------------------------------------------------------------------------------------
                                             73.361305   slack (MET)


Startpoint: _2037_ (rising edge-triggered flip-flop clocked by clk)
Endpoint: _2044_ (rising edge-triggered flip-flop clocked by clk)
Path Group: clk
Path Type: max

Fanout         Cap        Slew       Delay        Time   Description
---------------------------------------------------------------------------------------------
                      0.000000    0.000000    0.000000   clock clk (rise edge)
                                  0.000000    0.000000   clock network delay (ideal)
                      0.000000    0.000000    0.000000 ^ _2037_/CLK (gf180mcu_fd_sc_mcu7t5v0__dffrnq_1)
    10    0.045717    1.402907    2.319324    2.319324 ^ _2037_/Q (gf180mcu_fd_sc_mcu7t5v0__dffrnq_1)
                                                         u_cas_int.out_int2[7] (net)
                      1.402907    0.000000    2.319324 ^ _1321_/B2 (gf180mcu_fd_sc_mcu7t5v0__oai22_1)
     1    0.004298    0.568898    0.424799    2.744123 v _1321_/ZN (gf180mcu_fd_sc_mcu7t5v0__oai22_1)
                                                         _0731_ (net)
                      0.568898    0.000000    2.744123 v _1322_/A1 (gf180mcu_fd_sc_mcu7t5v0__nor3_1)
     3    0.012705    1.425926    0.899379    3.643502 ^ _1322_/ZN (gf180mcu_fd_sc_mcu7t5v0__nor3_1)
                                                         _0732_ (net)
                      1.425926    0.000000    3.643502 ^ _1327_/A1 (gf180mcu_fd_sc_mcu7t5v0__nand2_1)
     1    0.004983    0.471584    0.283925    3.927427 v _1327_/ZN (gf180mcu_fd_sc_mcu7t5v0__nand2_1)
                                                         _0737_ (net)
                      0.471584    0.000000    3.927427 v _1333_/A2 (gf180mcu_fd_sc_mcu7t5v0__oai21_1)
     5    0.027011    1.723776    1.117270    5.044697 ^ _1333_/ZN (gf180mcu_fd_sc_mcu7t5v0__oai21_1)
                                                         _0743_ (net)
                      1.723776    0.000000    5.044697 ^ _1362_/A1 (gf180mcu_fd_sc_mcu7t5v0__nand2_1)
     1    0.004977    0.523171    0.290572    5.335269 v _1362_/ZN (gf180mcu_fd_sc_mcu7t5v0__nand2_1)
                                                         _0768_ (net)
                      0.523171    0.000000    5.335269 v _1367_/A1 (gf180mcu_fd_sc_mcu7t5v0__aoi21_1)
     3    0.014168    1.126216    0.713274    6.048543 ^ _1367_/ZN (gf180mcu_fd_sc_mcu7t5v0__aoi21_1)
                                                         _0773_ (net)
                      1.126216    0.000000    6.048543 ^ _1378_/A1 (gf180mcu_fd_sc_mcu7t5v0__oai22_1)
     1    0.007736    0.549357    0.420013    6.468557 v _1378_/ZN (gf180mcu_fd_sc_mcu7t5v0__oai22_1)
                                                         _0782_ (net)
                      0.549357    0.000000    6.468557 v _1380_/A2 (gf180mcu_fd_sc_mcu7t5v0__xnor2_1)
     1    0.003014    0.536508    0.468756    6.937313 ^ _1380_/ZN (gf180mcu_fd_sc_mcu7t5v0__xnor2_1)
                                                         _0092_ (net)
                      0.536508    0.000000    6.937313 ^ _2044_/D (gf180mcu_fd_sc_mcu7t5v0__dffrnq_1)
                                              6.937313   data arrival time

                      0.000000   81.379997   81.379997   clock clk (rise edge)
                                  0.000000   81.379997   clock network delay (ideal)
                                 -0.250000   81.129997   clock uncertainty
                                  0.000000   81.129997   clock reconvergence pessimism
                                             81.129997 ^ _2044_/CLK (gf180mcu_fd_sc_mcu7t5v0__dffrnq_1)
                                 -0.710992   80.419006   library setup time
                                             80.419006   data required time
---------------------------------------------------------------------------------------------
                                             80.419006   data required time
                                             -6.937313   data arrival time
---------------------------------------------------------------------------------------------
                                             73.481697   slack (MET)


Startpoint: _2037_ (rising edge-triggered flip-flop clocked by clk)
Endpoint: _2044_ (rising edge-triggered flip-flop clocked by clk_div)
Path Group: clk_div
Path Type: max

Fanout         Cap        Slew       Delay        Time   Description
---------------------------------------------------------------------------------------------
                      0.000000 20751.898438 20751.898438   clock clk (rise edge)
                                  0.000000 20751.898438   clock network delay (ideal)
                      0.000000    0.000000 20751.898438 ^ _2037_/CLK (gf180mcu_fd_sc_mcu7t5v0__dffrnq_1)
    10    0.045717    1.402907    2.319211 20754.218750 ^ _2037_/Q (gf180mcu_fd_sc_mcu7t5v0__dffrnq_1)
                                                         u_cas_int.out_int2[7] (net)
                      1.402907    0.000000 20754.218750 ^ _1321_/B2 (gf180mcu_fd_sc_mcu7t5v0__oai22_1)
     1    0.004298    0.568898    0.425644 20754.644531 v _1321_/ZN (gf180mcu_fd_sc_mcu7t5v0__oai22_1)
                                                         _0731_ (net)
                      0.568898    0.000000 20754.644531 v _1322_/A1 (gf180mcu_fd_sc_mcu7t5v0__nor3_1)
     3    0.012705    1.425926    0.898581 20755.542969 ^ _1322_/ZN (gf180mcu_fd_sc_mcu7t5v0__nor3_1)
                                                         _0732_ (net)
                      1.425926    0.000000 20755.542969 ^ _1327_/A1 (gf180mcu_fd_sc_mcu7t5v0__nand2_1)
     1    0.004983    0.471584    0.283762 20755.826172 v _1327_/ZN (gf180mcu_fd_sc_mcu7t5v0__nand2_1)
                                                         _0737_ (net)
                      0.471584    0.000000 20755.826172 v _1333_/A2 (gf180mcu_fd_sc_mcu7t5v0__oai21_1)
     5    0.027011    1.723776    1.116860 20756.943359 ^ _1333_/ZN (gf180mcu_fd_sc_mcu7t5v0__oai21_1)
                                                         _0743_ (net)
                      1.723776    0.000000 20756.943359 ^ _1362_/A1 (gf180mcu_fd_sc_mcu7t5v0__nand2_1)
     1    0.004977    0.523171    0.291038 20757.234375 v _1362_/ZN (gf180mcu_fd_sc_mcu7t5v0__nand2_1)
                                                         _0768_ (net)
                      0.523171    0.000000 20757.234375 v _1367_/A1 (gf180mcu_fd_sc_mcu7t5v0__aoi21_1)
     3    0.014168    1.126216    0.713044 20757.947266 ^ _1367_/ZN (gf180mcu_fd_sc_mcu7t5v0__aoi21_1)
                                                         _0773_ (net)
                      1.126216    0.000000 20757.947266 ^ _1378_/A1 (gf180mcu_fd_sc_mcu7t5v0__oai22_1)
     1    0.007736    0.549357    0.420187 20758.367188 v _1378_/ZN (gf180mcu_fd_sc_mcu7t5v0__oai22_1)
                                                         _0782_ (net)
                      0.549357    0.000000 20758.367188 v _1380_/A2 (gf180mcu_fd_sc_mcu7t5v0__xnor2_1)
     1    0.003014    0.536508    0.469299 20758.837891 ^ _1380_/ZN (gf180mcu_fd_sc_mcu7t5v0__xnor2_1)
                                                         _0092_ (net)
                      0.536508    0.000000 20758.837891 ^ _2044_/D (gf180mcu_fd_sc_mcu7t5v0__dffrnq_1)
                                           20758.837891   data arrival time

                      0.000000 20833.279297 20833.279297   clock clk_div (rise edge)
                                  0.000000 20833.279297   clock network delay (ideal)
                                 -0.250000 20833.029297   clock uncertainty
                                  0.000000 20833.029297   clock reconvergence pessimism
                                           20833.029297 ^ _2044_/CLK (gf180mcu_fd_sc_mcu7t5v0__dffrnq_1)
                                 -0.710992 20832.318359   library setup time
                                           20832.318359   data required time
---------------------------------------------------------------------------------------------
                                           20832.318359   data required time
                                           -20758.837891   data arrival time
---------------------------------------------------------------------------------------------
                                             73.481697   slack (MET)


Startpoint: _2057_ (rising edge-triggered flip-flop clocked by clk)
Endpoint: _2037_ (rising edge-triggered flip-flop clocked by clk)
Path Group: clk
Path Type: max

Fanout         Cap        Slew       Delay        Time   Description
---------------------------------------------------------------------------------------------
                      0.000000    0.000000    0.000000   clock clk (rise edge)
                                  0.000000    0.000000   clock network delay (ideal)
                      0.000000    0.000000    0.000000 ^ _2057_/CLK (gf180mcu_fd_sc_mcu7t5v0__dffrnq_1)
     8    0.032881    1.055637    2.117541    2.117541 ^ _2057_/Q (gf180mcu_fd_sc_mcu7t5v0__dffrnq_1)
                                                         u_cas_int.out_int1[2] (net)
                      1.055637    0.000000    2.117541 ^ _1281_/A2 (gf180mcu_fd_sc_mcu7t5v0__nor2_1)
     2    0.006877    0.486967    0.375023    2.492563 v _1281_/ZN (gf180mcu_fd_sc_mcu7t5v0__nor2_1)
                                                         _0697_ (net)
                      0.486967    0.000000    2.492563 v _1282_/A2 (gf180mcu_fd_sc_mcu7t5v0__or2_1)
     2    0.012448    0.430281    0.929429    3.421993 v _1282_/Z (gf180mcu_fd_sc_mcu7t5v0__or2_1)
                                                         _0698_ (net)
                      0.430281    0.000000    3.421993 v _1296_/A1 (gf180mcu_fd_sc_mcu7t5v0__oai31_1)
     3    0.017111    2.169730    1.306059    4.728052 ^ _1296_/ZN (gf180mcu_fd_sc_mcu7t5v0__oai31_1)
                                                         _0710_ (net)
                      2.169730    0.000000    4.728052 ^ _1301_/A1 (gf180mcu_fd_sc_mcu7t5v0__nand3_1)
     2    0.009643    0.883067    0.574601    5.302653 v _1301_/ZN (gf180mcu_fd_sc_mcu7t5v0__nand3_1)
                                                         _0715_ (net)
                      0.883067    0.000000    5.302653 v _1314_/A1 (gf180mcu_fd_sc_mcu7t5v0__oai211_1)
     2    0.012616    1.054851    0.842455    6.145107 ^ _1314_/ZN (gf180mcu_fd_sc_mcu7t5v0__oai211_1)
                                                         _0726_ (net)
                      1.054851    0.000000    6.145107 ^ _1316_/A1 (gf180mcu_fd_sc_mcu7t5v0__aoi21_1)
     1    0.007079    0.468841    0.330171    6.475279 v _1316_/ZN (gf180mcu_fd_sc_mcu7t5v0__aoi21_1)
                                                         _0727_ (net)
                      0.468841    0.000000    6.475279 v _1320_/A3 (gf180mcu_fd_sc_mcu7t5v0__xnor3_1)
     1    0.003014    0.576928    0.440124    6.915403 ^ _1320_/ZN (gf180mcu_fd_sc_mcu7t5v0__xnor3_1)
                                                         _0109_ (net)
                      0.576928    0.000000    6.915403 ^ _2037_/D (gf180mcu_fd_sc_mcu7t5v0__dffrnq_1)
                                              6.915403   data arrival time

                      0.000000   81.379997   81.379997   clock clk (rise edge)
                                  0.000000   81.379997   clock network delay (ideal)
                                 -0.250000   81.129997   clock uncertainty
                                  0.000000   81.129997   clock reconvergence pessimism
                                             81.129997 ^ _2037_/CLK (gf180mcu_fd_sc_mcu7t5v0__dffrnq_1)
                                 -0.718471   80.411530   library setup time
                                             80.411530   data required time
---------------------------------------------------------------------------------------------
                                             80.411530   data required time
                                             -6.915403   data arrival time
---------------------------------------------------------------------------------------------
                                             73.496124   slack (MET)


Startpoint: _2057_ (rising edge-triggered flip-flop clocked by clk)
Endpoint: _2037_ (rising edge-triggered flip-flop clocked by clk_div)
Path Group: clk_div
Path Type: max

Fanout         Cap        Slew       Delay        Time   Description
---------------------------------------------------------------------------------------------
                      0.000000 20751.898438 20751.898438   clock clk (rise edge)
                                  0.000000 20751.898438   clock network delay (ideal)
                      0.000000    0.000000 20751.898438 ^ _2057_/CLK (gf180mcu_fd_sc_mcu7t5v0__dffrnq_1)
     8    0.032881    1.055637    2.117304 20754.017578 ^ _2057_/Q (gf180mcu_fd_sc_mcu7t5v0__dffrnq_1)
                                                         u_cas_int.out_int1[2] (net)
                      1.055637    0.000000 20754.017578 ^ _1281_/A2 (gf180mcu_fd_sc_mcu7t5v0__nor2_1)
     2    0.006877    0.486967    0.374712 20754.390625 v _1281_/ZN (gf180mcu_fd_sc_mcu7t5v0__nor2_1)
                                                         _0697_ (net)
                      0.486967    0.000000 20754.390625 v _1282_/A2 (gf180mcu_fd_sc_mcu7t5v0__or2_1)
     2    0.012448    0.430281    0.929504 20755.320312 v _1282_/Z (gf180mcu_fd_sc_mcu7t5v0__or2_1)
                                                         _0698_ (net)
                      0.430281    0.000000 20755.320312 v _1296_/A1 (gf180mcu_fd_sc_mcu7t5v0__oai31_1)
     3    0.017111    2.169730    1.306034 20756.626953 ^ _1296_/ZN (gf180mcu_fd_sc_mcu7t5v0__oai31_1)
                                                         _0710_ (net)
                      2.169730    0.000000 20756.626953 ^ _1301_/A1 (gf180mcu_fd_sc_mcu7t5v0__nand3_1)
     2    0.009643    0.883067    0.574801 20757.201172 v _1301_/ZN (gf180mcu_fd_sc_mcu7t5v0__nand3_1)
                                                         _0715_ (net)
                      0.883067    0.000000 20757.201172 v _1314_/A1 (gf180mcu_fd_sc_mcu7t5v0__oai211_1)
     2    0.012616    1.054851    0.842192 20758.042969 ^ _1314_/ZN (gf180mcu_fd_sc_mcu7t5v0__oai211_1)
                                                         _0726_ (net)
                      1.054851    0.000000 20758.042969 ^ _1316_/A1 (gf180mcu_fd_sc_mcu7t5v0__aoi21_1)
     1    0.007079    0.468841    0.331056 20758.375000 v _1316_/ZN (gf180mcu_fd_sc_mcu7t5v0__aoi21_1)
                                                         _0727_ (net)
                      0.468841    0.000000 20758.375000 v _1320_/A3 (gf180mcu_fd_sc_mcu7t5v0__xnor3_1)
     1    0.003014    0.576928    0.440195 20758.814453 ^ _1320_/ZN (gf180mcu_fd_sc_mcu7t5v0__xnor3_1)
                                                         _0109_ (net)
                      0.576928    0.000000 20758.814453 ^ _2037_/D (gf180mcu_fd_sc_mcu7t5v0__dffrnq_1)
                                           20758.814453   data arrival time

                      0.000000 20833.279297 20833.279297   clock clk_div (rise edge)
                                  0.000000 20833.279297   clock network delay (ideal)
                                 -0.250000 20833.029297   clock uncertainty
                                  0.000000 20833.029297   clock reconvergence pessimism
                                           20833.029297 ^ _2037_/CLK (gf180mcu_fd_sc_mcu7t5v0__dffrnq_1)
                                 -0.718471 20832.310547   library setup time
                                           20832.310547   data required time
---------------------------------------------------------------------------------------------
                                           20832.310547   data required time
                                           -20758.814453   data arrival time
---------------------------------------------------------------------------------------------
                                             73.496124   slack (MET)


Startpoint: _2057_ (rising edge-triggered flip-flop clocked by clk)
Endpoint: _2036_ (rising edge-triggered flip-flop clocked by clk)
Path Group: clk
Path Type: max

Fanout         Cap        Slew       Delay        Time   Description
---------------------------------------------------------------------------------------------
                      0.000000    0.000000    0.000000   clock clk (rise edge)
                                  0.000000    0.000000   clock network delay (ideal)
                      0.000000    0.000000    0.000000 ^ _2057_/CLK (gf180mcu_fd_sc_mcu7t5v0__dffrnq_1)
     8    0.032881    1.055637    2.117541    2.117541 ^ _2057_/Q (gf180mcu_fd_sc_mcu7t5v0__dffrnq_1)
                                                         u_cas_int.out_int1[2] (net)
                      1.055637    0.000000    2.117541 ^ _1281_/A2 (gf180mcu_fd_sc_mcu7t5v0__nor2_1)
     2    0.006877    0.486967    0.375023    2.492563 v _1281_/ZN (gf180mcu_fd_sc_mcu7t5v0__nor2_1)
                                                         _0697_ (net)
                      0.486967    0.000000    2.492563 v _1282_/A2 (gf180mcu_fd_sc_mcu7t5v0__or2_1)
     2    0.012448    0.430281    0.929429    3.421993 v _1282_/Z (gf180mcu_fd_sc_mcu7t5v0__or2_1)
                                                         _0698_ (net)
                      0.430281    0.000000    3.421993 v _1296_/A1 (gf180mcu_fd_sc_mcu7t5v0__oai31_1)
     3    0.017111    2.169730    1.306059    4.728052 ^ _1296_/ZN (gf180mcu_fd_sc_mcu7t5v0__oai31_1)
                                                         _0710_ (net)
                      2.169730    0.000000    4.728052 ^ _1301_/A1 (gf180mcu_fd_sc_mcu7t5v0__nand3_1)
     2    0.009643    0.883067    0.574601    5.302653 v _1301_/ZN (gf180mcu_fd_sc_mcu7t5v0__nand3_1)
                                                         _0715_ (net)
                      0.883067    0.000000    5.302653 v _1314_/A1 (gf180mcu_fd_sc_mcu7t5v0__oai211_1)
     2    0.012616    1.054851    0.842455    6.145107 ^ _1314_/ZN (gf180mcu_fd_sc_mcu7t5v0__oai211_1)
                                                         _0726_ (net)
                      1.054851    0.000000    6.145107 ^ _1315_/A3 (gf180mcu_fd_sc_mcu7t5v0__xor3_1)
     1    0.003014    0.588706    0.736892    6.881999 ^ _1315_/Z (gf180mcu_fd_sc_mcu7t5v0__xor3_1)
                                                         _0108_ (net)
                      0.588706    0.000000    6.881999 ^ _2036_/D (gf180mcu_fd_sc_mcu7t5v0__dffrnq_1)
                                              6.881999   data arrival time

                      0.000000   81.379997   81.379997   clock clk (rise edge)
                                  0.000000   81.379997   clock network delay (ideal)
                                 -0.250000   81.129997   clock uncertainty
                                  0.000000   81.129997   clock reconvergence pessimism
                                             81.129997 ^ _2036_/CLK (gf180mcu_fd_sc_mcu7t5v0__dffrnq_1)
                                 -0.720224   80.409782   library setup time
                                             80.409782   data required time
---------------------------------------------------------------------------------------------
                                             80.409782   data required time
                                             -6.881999   data arrival time
---------------------------------------------------------------------------------------------
                                             73.527779   slack (MET)


Startpoint: _2057_ (rising edge-triggered flip-flop clocked by clk)
Endpoint: _2036_ (rising edge-triggered flip-flop clocked by clk_div)
Path Group: clk_div
Path Type: max

Fanout         Cap        Slew       Delay        Time   Description
---------------------------------------------------------------------------------------------
                      0.000000 20751.898438 20751.898438   clock clk (rise edge)
                                  0.000000 20751.898438   clock network delay (ideal)
                      0.000000    0.000000 20751.898438 ^ _2057_/CLK (gf180mcu_fd_sc_mcu7t5v0__dffrnq_1)
     8    0.032881    1.055637    2.117304 20754.017578 ^ _2057_/Q (gf180mcu_fd_sc_mcu7t5v0__dffrnq_1)
                                                         u_cas_int.out_int1[2] (net)
                      1.055637    0.000000 20754.017578 ^ _1281_/A2 (gf180mcu_fd_sc_mcu7t5v0__nor2_1)
     2    0.006877    0.486967    0.374712 20754.390625 v _1281_/ZN (gf180mcu_fd_sc_mcu7t5v0__nor2_1)
                                                         _0697_ (net)
                      0.486967    0.000000 20754.390625 v _1282_/A2 (gf180mcu_fd_sc_mcu7t5v0__or2_1)
     2    0.012448    0.430281    0.929504 20755.320312 v _1282_/Z (gf180mcu_fd_sc_mcu7t5v0__or2_1)
                                                         _0698_ (net)
                      0.430281    0.000000 20755.320312 v _1296_/A1 (gf180mcu_fd_sc_mcu7t5v0__oai31_1)
     3    0.017111    2.169730    1.306034 20756.626953 ^ _1296_/ZN (gf180mcu_fd_sc_mcu7t5v0__oai31_1)
                                                         _0710_ (net)
                      2.169730    0.000000 20756.626953 ^ _1301_/A1 (gf180mcu_fd_sc_mcu7t5v0__nand3_1)
     2    0.009643    0.883067    0.574801 20757.201172 v _1301_/ZN (gf180mcu_fd_sc_mcu7t5v0__nand3_1)
                                                         _0715_ (net)
                      0.883067    0.000000 20757.201172 v _1314_/A1 (gf180mcu_fd_sc_mcu7t5v0__oai211_1)
     2    0.012616    1.054851    0.842192 20758.042969 ^ _1314_/ZN (gf180mcu_fd_sc_mcu7t5v0__oai211_1)
                                                         _0726_ (net)
                      1.054851    0.000000 20758.042969 ^ _1315_/A3 (gf180mcu_fd_sc_mcu7t5v0__xor3_1)
     1    0.003014    0.588706    0.736691 20758.781250 ^ _1315_/Z (gf180mcu_fd_sc_mcu7t5v0__xor3_1)
                                                         _0108_ (net)
                      0.588706    0.000000 20758.781250 ^ _2036_/D (gf180mcu_fd_sc_mcu7t5v0__dffrnq_1)
                                           20758.781250   data arrival time

                      0.000000 20833.279297 20833.279297   clock clk_div (rise edge)
                                  0.000000 20833.279297   clock network delay (ideal)
                                 -0.250000 20833.029297   clock uncertainty
                                  0.000000 20833.029297   clock reconvergence pessimism
                                           20833.029297 ^ _2036_/CLK (gf180mcu_fd_sc_mcu7t5v0__dffrnq_1)
                                 -0.720224 20832.310547   library setup time
                                           20832.310547   data required time
---------------------------------------------------------------------------------------------
                                           20832.310547   data required time
                                           -20758.781250   data arrival time
---------------------------------------------------------------------------------------------
                                             73.527779   slack (MET)


Startpoint: _2037_ (rising edge-triggered flip-flop clocked by clk)
Endpoint: _2041_ (rising edge-triggered flip-flop clocked by clk)
Path Group: clk
Path Type: max

Fanout         Cap        Slew       Delay        Time   Description
---------------------------------------------------------------------------------------------
                      0.000000    0.000000    0.000000   clock clk (rise edge)
                                  0.000000    0.000000   clock network delay (ideal)
                      0.000000    0.000000    0.000000 ^ _2037_/CLK (gf180mcu_fd_sc_mcu7t5v0__dffrnq_1)
    10    0.045717    1.402907    2.319324    2.319324 ^ _2037_/Q (gf180mcu_fd_sc_mcu7t5v0__dffrnq_1)
                                                         u_cas_int.out_int2[7] (net)
                      1.402907    0.000000    2.319324 ^ _1321_/B2 (gf180mcu_fd_sc_mcu7t5v0__oai22_1)
     1    0.004298    0.568898    0.424799    2.744123 v _1321_/ZN (gf180mcu_fd_sc_mcu7t5v0__oai22_1)
                                                         _0731_ (net)
                      0.568898    0.000000    2.744123 v _1322_/A1 (gf180mcu_fd_sc_mcu7t5v0__nor3_1)
     3    0.012705    1.425926    0.899379    3.643502 ^ _1322_/ZN (gf180mcu_fd_sc_mcu7t5v0__nor3_1)
                                                         _0732_ (net)
                      1.425926    0.000000    3.643502 ^ _1327_/A1 (gf180mcu_fd_sc_mcu7t5v0__nand2_1)
     1    0.004983    0.471584    0.283925    3.927427 v _1327_/ZN (gf180mcu_fd_sc_mcu7t5v0__nand2_1)
                                                         _0737_ (net)
                      0.471584    0.000000    3.927427 v _1333_/A2 (gf180mcu_fd_sc_mcu7t5v0__oai21_1)
     5    0.027011    1.723776    1.117270    5.044697 ^ _1333_/ZN (gf180mcu_fd_sc_mcu7t5v0__oai21_1)
                                                         _0743_ (net)
                      1.723776    0.000000    5.044697 ^ _1346_/A1 (gf180mcu_fd_sc_mcu7t5v0__aoi21_1)
     2    0.012751    0.747527    0.486807    5.531504 v _1346_/ZN (gf180mcu_fd_sc_mcu7t5v0__aoi21_1)
                                                         _0754_ (net)
                      0.747527    0.000000    5.531504 v _1351_/A1 (gf180mcu_fd_sc_mcu7t5v0__oai21_1)
     1    0.007639    0.711007    0.608474    6.139978 ^ _1351_/ZN (gf180mcu_fd_sc_mcu7t5v0__oai21_1)
                                                         _0758_ (net)
                      0.711007    0.000000    6.139978 ^ _1354_/A3 (gf180mcu_fd_sc_mcu7t5v0__xor3_1)
     1    0.003014    0.585677    0.714912    6.854890 ^ _1354_/Z (gf180mcu_fd_sc_mcu7t5v0__xor3_1)
                                                         _0089_ (net)
                      0.585677    0.000000    6.854890 ^ _2041_/D (gf180mcu_fd_sc_mcu7t5v0__dffrnq_1)
                                              6.854890   data arrival time

                      0.000000   81.379997   81.379997   clock clk (rise edge)
                                  0.000000   81.379997   clock network delay (ideal)
                                 -0.250000   81.129997   clock uncertainty
                                  0.000000   81.129997   clock reconvergence pessimism
                                             81.129997 ^ _2041_/CLK (gf180mcu_fd_sc_mcu7t5v0__dffrnq_1)
                                 -0.719773   80.410225   library setup time
                                             80.410225   data required time
---------------------------------------------------------------------------------------------
                                             80.410225   data required time
                                             -6.854890   data arrival time
---------------------------------------------------------------------------------------------
                                             73.555336   slack (MET)


Startpoint: _2037_ (rising edge-triggered flip-flop clocked by clk)
Endpoint: _2041_ (rising edge-triggered flip-flop clocked by clk_div)
Path Group: clk_div
Path Type: max

Fanout         Cap        Slew       Delay        Time   Description
---------------------------------------------------------------------------------------------
                      0.000000 20751.898438 20751.898438   clock clk (rise edge)
                                  0.000000 20751.898438   clock network delay (ideal)
                      0.000000    0.000000 20751.898438 ^ _2037_/CLK (gf180mcu_fd_sc_mcu7t5v0__dffrnq_1)
    10    0.045717    1.402907    2.319211 20754.218750 ^ _2037_/Q (gf180mcu_fd_sc_mcu7t5v0__dffrnq_1)
                                                         u_cas_int.out_int2[7] (net)
                      1.402907    0.000000 20754.218750 ^ _1321_/B2 (gf180mcu_fd_sc_mcu7t5v0__oai22_1)
     1    0.004298    0.568898    0.425644 20754.644531 v _1321_/ZN (gf180mcu_fd_sc_mcu7t5v0__oai22_1)
                                                         _0731_ (net)
                      0.568898    0.000000 20754.644531 v _1322_/A1 (gf180mcu_fd_sc_mcu7t5v0__nor3_1)
     3    0.012705    1.425926    0.898581 20755.542969 ^ _1322_/ZN (gf180mcu_fd_sc_mcu7t5v0__nor3_1)
                                                         _0732_ (net)
                      1.425926    0.000000 20755.542969 ^ _1327_/A1 (gf180mcu_fd_sc_mcu7t5v0__nand2_1)
     1    0.004983    0.471584    0.283762 20755.826172 v _1327_/ZN (gf180mcu_fd_sc_mcu7t5v0__nand2_1)
                                                         _0737_ (net)
                      0.471584    0.000000 20755.826172 v _1333_/A2 (gf180mcu_fd_sc_mcu7t5v0__oai21_1)
     5    0.027011    1.723776    1.116860 20756.943359 ^ _1333_/ZN (gf180mcu_fd_sc_mcu7t5v0__oai21_1)
                                                         _0743_ (net)
                      1.723776    0.000000 20756.943359 ^ _1346_/A1 (gf180mcu_fd_sc_mcu7t5v0__aoi21_1)
     2    0.012751    0.747527    0.487489 20757.431641 v _1346_/ZN (gf180mcu_fd_sc_mcu7t5v0__aoi21_1)
                                                         _0754_ (net)
                      0.747527    0.000000 20757.431641 v _1351_/A1 (gf180mcu_fd_sc_mcu7t5v0__oai21_1)
     1    0.007639    0.711007    0.607542 20758.039062 ^ _1351_/ZN (gf180mcu_fd_sc_mcu7t5v0__oai21_1)
                                                         _0758_ (net)
                      0.711007    0.000000 20758.039062 ^ _1354_/A3 (gf180mcu_fd_sc_mcu7t5v0__xor3_1)
     1    0.003014    0.585677    0.716682 20758.755859 ^ _1354_/Z (gf180mcu_fd_sc_mcu7t5v0__xor3_1)
                                                         _0089_ (net)
                      0.585677    0.000000 20758.755859 ^ _2041_/D (gf180mcu_fd_sc_mcu7t5v0__dffrnq_1)
                                           20758.755859   data arrival time

                      0.000000 20833.279297 20833.279297   clock clk_div (rise edge)
                                  0.000000 20833.279297   clock network delay (ideal)
                                 -0.250000 20833.029297   clock uncertainty
                                  0.000000 20833.029297   clock reconvergence pessimism
                                           20833.029297 ^ _2041_/CLK (gf180mcu_fd_sc_mcu7t5v0__dffrnq_1)
                                 -0.719773 20832.310547   library setup time
                                           20832.310547   data required time
---------------------------------------------------------------------------------------------
                                           20832.310547   data required time
                                           -20758.755859   data arrival time
---------------------------------------------------------------------------------------------
                                             73.555336   slack (MET)


Startpoint: _2057_ (rising edge-triggered flip-flop clocked by clk)
Endpoint: _2046_ (rising edge-triggered flip-flop clocked by clk)
Path Group: clk
Path Type: max

Fanout         Cap        Slew       Delay        Time   Description
---------------------------------------------------------------------------------------------
                      0.000000    0.000000    0.000000   clock clk (rise edge)
                                  0.000000    0.000000   clock network delay (ideal)
                      0.000000    0.000000    0.000000 ^ _2057_/CLK (gf180mcu_fd_sc_mcu7t5v0__dffrnq_1)
     8    0.032881    1.055637    2.117541    2.117541 ^ _2057_/Q (gf180mcu_fd_sc_mcu7t5v0__dffrnq_1)
                                                         u_cas_int.out_int1[2] (net)
                      1.055637    0.000000    2.117541 ^ _1281_/A2 (gf180mcu_fd_sc_mcu7t5v0__nor2_1)
     2    0.006877    0.486967    0.375023    2.492563 v _1281_/ZN (gf180mcu_fd_sc_mcu7t5v0__nor2_1)
                                                         _0697_ (net)
                      0.486967    0.000000    2.492563 v _1282_/A2 (gf180mcu_fd_sc_mcu7t5v0__or2_1)
     2    0.012448    0.430281    0.929429    3.421993 v _1282_/Z (gf180mcu_fd_sc_mcu7t5v0__or2_1)
                                                         _0698_ (net)
                      0.430281    0.000000    3.421993 v _1296_/A1 (gf180mcu_fd_sc_mcu7t5v0__oai31_1)
     3    0.017111    2.169730    1.306059    4.728052 ^ _1296_/ZN (gf180mcu_fd_sc_mcu7t5v0__oai31_1)
                                                         _0710_ (net)
                      2.169730    0.000000    4.728052 ^ _1332_/A1 (gf180mcu_fd_sc_mcu7t5v0__aoi21_1)
     1    0.005088    0.616358    0.268304    4.996356 v _1332_/ZN (gf180mcu_fd_sc_mcu7t5v0__aoi21_1)
                                                         _0742_ (net)
                      0.616358    0.000000    4.996356 v _1393_/A1 (gf180mcu_fd_sc_mcu7t5v0__oai21_1)
     4    0.022486    1.480523    1.011149    6.007505 ^ _1393_/ZN (gf180mcu_fd_sc_mcu7t5v0__oai21_1)
                                                         _0795_ (net)
                      1.480523    0.000000    6.007505 ^ _1397_/A1 (gf180mcu_fd_sc_mcu7t5v0__xor2_1)
     1    0.003014    0.561465    0.747634    6.755138 ^ _1397_/Z (gf180mcu_fd_sc_mcu7t5v0__xor2_1)
                                                         _0094_ (net)
                      0.561465    0.000000    6.755138 ^ _2046_/D (gf180mcu_fd_sc_mcu7t5v0__dffrnq_1)
                                              6.755138   data arrival time

                      0.000000   81.379997   81.379997   clock clk (rise edge)
                                  0.000000   81.379997   clock network delay (ideal)
                                 -0.250000   81.129997   clock uncertainty
                                  0.000000   81.129997   clock reconvergence pessimism
                                             81.129997 ^ _2046_/CLK (gf180mcu_fd_sc_mcu7t5v0__dffrnq_1)
                                 -0.716170   80.413826   library setup time
                                             80.413826   data required time
---------------------------------------------------------------------------------------------
                                             80.413826   data required time
                                             -6.755138   data arrival time
---------------------------------------------------------------------------------------------
                                             73.658691   slack (MET)


Startpoint: _2057_ (rising edge-triggered flip-flop clocked by clk)
Endpoint: _2046_ (rising edge-triggered flip-flop clocked by clk_div)
Path Group: clk_div
Path Type: max

Fanout         Cap        Slew       Delay        Time   Description
---------------------------------------------------------------------------------------------
                      0.000000 20751.898438 20751.898438   clock clk (rise edge)
                                  0.000000 20751.898438   clock network delay (ideal)
                      0.000000    0.000000 20751.898438 ^ _2057_/CLK (gf180mcu_fd_sc_mcu7t5v0__dffrnq_1)
     8    0.032881    1.055637    2.117304 20754.017578 ^ _2057_/Q (gf180mcu_fd_sc_mcu7t5v0__dffrnq_1)
                                                         u_cas_int.out_int1[2] (net)
                      1.055637    0.000000 20754.017578 ^ _1281_/A2 (gf180mcu_fd_sc_mcu7t5v0__nor2_1)
     2    0.006877    0.486967    0.374712 20754.390625 v _1281_/ZN (gf180mcu_fd_sc_mcu7t5v0__nor2_1)
                                                         _0697_ (net)
                      0.486967    0.000000 20754.390625 v _1282_/A2 (gf180mcu_fd_sc_mcu7t5v0__or2_1)
     2    0.012448    0.430281    0.929504 20755.320312 v _1282_/Z (gf180mcu_fd_sc_mcu7t5v0__or2_1)
                                                         _0698_ (net)
                      0.430281    0.000000 20755.320312 v _1296_/A1 (gf180mcu_fd_sc_mcu7t5v0__oai31_1)
     3    0.017111    2.169730    1.306034 20756.626953 ^ _1296_/ZN (gf180mcu_fd_sc_mcu7t5v0__oai31_1)
                                                         _0710_ (net)
                      2.169730    0.000000 20756.626953 ^ _1332_/A1 (gf180mcu_fd_sc_mcu7t5v0__aoi21_1)
     1    0.005088    0.616358    0.269210 20756.896484 v _1332_/ZN (gf180mcu_fd_sc_mcu7t5v0__aoi21_1)
                                                         _0742_ (net)
                      0.616358    0.000000 20756.896484 v _1393_/A1 (gf180mcu_fd_sc_mcu7t5v0__oai21_1)
     4    0.022486    1.480523    1.011358 20757.908203 ^ _1393_/ZN (gf180mcu_fd_sc_mcu7t5v0__oai21_1)
                                                         _0795_ (net)
                      1.480523    0.000000 20757.908203 ^ _1397_/A1 (gf180mcu_fd_sc_mcu7t5v0__xor2_1)
     1    0.003014    0.561465    0.747605 20758.654297 ^ _1397_/Z (gf180mcu_fd_sc_mcu7t5v0__xor2_1)
                                                         _0094_ (net)
                      0.561465    0.000000 20758.654297 ^ _2046_/D (gf180mcu_fd_sc_mcu7t5v0__dffrnq_1)
                                           20758.654297   data arrival time

                      0.000000 20833.279297 20833.279297   clock clk_div (rise edge)
                                  0.000000 20833.279297   clock network delay (ideal)
                                 -0.250000 20833.029297   clock uncertainty
                                  0.000000 20833.029297   clock reconvergence pessimism
                                           20833.029297 ^ _2046_/CLK (gf180mcu_fd_sc_mcu7t5v0__dffrnq_1)
                                 -0.716170 20832.312500   library setup time
                                           20832.312500   data required time
---------------------------------------------------------------------------------------------
                                           20832.312500   data required time
                                           -20758.654297   data arrival time
---------------------------------------------------------------------------------------------
                                             73.658691   slack (MET)


Startpoint: _2037_ (rising edge-triggered flip-flop clocked by clk)
Endpoint: _2039_ (rising edge-triggered flip-flop clocked by clk)
Path Group: clk
Path Type: max

Fanout         Cap        Slew       Delay        Time   Description
---------------------------------------------------------------------------------------------
                      0.000000    0.000000    0.000000   clock clk (rise edge)
                                  0.000000    0.000000   clock network delay (ideal)
                      0.000000    0.000000    0.000000 ^ _2037_/CLK (gf180mcu_fd_sc_mcu7t5v0__dffrnq_1)
    10    0.045717    1.402907    2.319324    2.319324 ^ _2037_/Q (gf180mcu_fd_sc_mcu7t5v0__dffrnq_1)
                                                         u_cas_int.out_int2[7] (net)
                      1.402907    0.000000    2.319324 ^ _1321_/B2 (gf180mcu_fd_sc_mcu7t5v0__oai22_1)
     1    0.004298    0.568898    0.424799    2.744123 v _1321_/ZN (gf180mcu_fd_sc_mcu7t5v0__oai22_1)
                                                         _0731_ (net)
                      0.568898    0.000000    2.744123 v _1322_/A1 (gf180mcu_fd_sc_mcu7t5v0__nor3_1)
     3    0.012705    1.425926    0.899379    3.643502 ^ _1322_/ZN (gf180mcu_fd_sc_mcu7t5v0__nor3_1)
                                                         _0732_ (net)
                      1.425926    0.000000    3.643502 ^ _1327_/A1 (gf180mcu_fd_sc_mcu7t5v0__nand2_1)
     1    0.004983    0.471584    0.283925    3.927427 v _1327_/ZN (gf180mcu_fd_sc_mcu7t5v0__nand2_1)
                                                         _0737_ (net)
                      0.471584    0.000000    3.927427 v _1333_/A2 (gf180mcu_fd_sc_mcu7t5v0__oai21_1)
     5    0.027011    1.723776    1.117270    5.044697 ^ _1333_/ZN (gf180mcu_fd_sc_mcu7t5v0__oai21_1)
                                                         _0743_ (net)
                      1.723776    0.000000    5.044697 ^ _1336_/A1 (gf180mcu_fd_sc_mcu7t5v0__nand3_1)
     1    0.004611    0.625983    0.396086    5.440784 v _1336_/ZN (gf180mcu_fd_sc_mcu7t5v0__nand3_1)
                                                         _0746_ (net)
                      0.625983    0.000000    5.440784 v _1338_/A2 (gf180mcu_fd_sc_mcu7t5v0__nand2_1)
     1    0.007639    0.449987    0.437212    5.877996 ^ _1338_/ZN (gf180mcu_fd_sc_mcu7t5v0__nand2_1)
                                                         _0747_ (net)
                      0.449987    0.000000    5.877996 ^ _1341_/A3 (gf180mcu_fd_sc_mcu7t5v0__xor3_1)
     1    0.003014    0.585912    0.690418    6.568414 ^ _1341_/Z (gf180mcu_fd_sc_mcu7t5v0__xor3_1)
                                                         _0111_ (net)
                      0.585912    0.000000    6.568414 ^ _2039_/D (gf180mcu_fd_sc_mcu7t5v0__dffrnq_1)
                                              6.568414   data arrival time

                      0.000000   81.379997   81.379997   clock clk (rise edge)
                                  0.000000   81.379997   clock network delay (ideal)
                                 -0.250000   81.129997   clock uncertainty
                                  0.000000   81.129997   clock reconvergence pessimism
                                             81.129997 ^ _2039_/CLK (gf180mcu_fd_sc_mcu7t5v0__dffrnq_1)
                                 -0.719808   80.410194   library setup time
                                             80.410194   data required time
---------------------------------------------------------------------------------------------
                                             80.410194   data required time
                                             -6.568414   data arrival time
---------------------------------------------------------------------------------------------
                                             73.841774   slack (MET)


Startpoint: _2037_ (rising edge-triggered flip-flop clocked by clk)
Endpoint: _2039_ (rising edge-triggered flip-flop clocked by clk_div)
Path Group: clk_div
Path Type: max

Fanout         Cap        Slew       Delay        Time   Description
---------------------------------------------------------------------------------------------
                      0.000000 20751.898438 20751.898438   clock clk (rise edge)
                                  0.000000 20751.898438   clock network delay (ideal)
                      0.000000    0.000000 20751.898438 ^ _2037_/CLK (gf180mcu_fd_sc_mcu7t5v0__dffrnq_1)
    10    0.045717    1.402907    2.319211 20754.218750 ^ _2037_/Q (gf180mcu_fd_sc_mcu7t5v0__dffrnq_1)
                                                         u_cas_int.out_int2[7] (net)
                      1.402907    0.000000 20754.218750 ^ _1321_/B2 (gf180mcu_fd_sc_mcu7t5v0__oai22_1)
     1    0.004298    0.568898    0.425644 20754.644531 v _1321_/ZN (gf180mcu_fd_sc_mcu7t5v0__oai22_1)
                                                         _0731_ (net)
                      0.568898    0.000000 20754.644531 v _1322_/A1 (gf180mcu_fd_sc_mcu7t5v0__nor3_1)
     3    0.012705    1.425926    0.898581 20755.542969 ^ _1322_/ZN (gf180mcu_fd_sc_mcu7t5v0__nor3_1)
                                                         _0732_ (net)
                      1.425926    0.000000 20755.542969 ^ _1327_/A1 (gf180mcu_fd_sc_mcu7t5v0__nand2_1)
     1    0.004983    0.471584    0.283762 20755.826172 v _1327_/ZN (gf180mcu_fd_sc_mcu7t5v0__nand2_1)
                                                         _0737_ (net)
                      0.471584    0.000000 20755.826172 v _1333_/A2 (gf180mcu_fd_sc_mcu7t5v0__oai21_1)
     5    0.027011    1.723776    1.116860 20756.943359 ^ _1333_/ZN (gf180mcu_fd_sc_mcu7t5v0__oai21_1)
                                                         _0743_ (net)
                      1.723776    0.000000 20756.943359 ^ _1336_/A1 (gf180mcu_fd_sc_mcu7t5v0__nand3_1)
     1    0.004611    0.625983    0.396540 20757.339844 v _1336_/ZN (gf180mcu_fd_sc_mcu7t5v0__nand3_1)
                                                         _0746_ (net)
                      0.625983    0.000000 20757.339844 v _1338_/A2 (gf180mcu_fd_sc_mcu7t5v0__nand2_1)
     1    0.007639    0.449987    0.436557 20757.777344 ^ _1338_/ZN (gf180mcu_fd_sc_mcu7t5v0__nand2_1)
                                                         _0747_ (net)
                      0.449987    0.000000 20757.777344 ^ _1341_/A3 (gf180mcu_fd_sc_mcu7t5v0__xor3_1)
     1    0.003014    0.585912    0.691216 20758.466797 ^ _1341_/Z (gf180mcu_fd_sc_mcu7t5v0__xor3_1)
                                                         _0111_ (net)
                      0.585912    0.000000 20758.466797 ^ _2039_/D (gf180mcu_fd_sc_mcu7t5v0__dffrnq_1)
                                           20758.466797   data arrival time

                      0.000000 20833.279297 20833.279297   clock clk_div (rise edge)
                                  0.000000 20833.279297   clock network delay (ideal)
                                 -0.250000 20833.029297   clock uncertainty
                                  0.000000 20833.029297   clock reconvergence pessimism
                                           20833.029297 ^ _2039_/CLK (gf180mcu_fd_sc_mcu7t5v0__dffrnq_1)
                                 -0.719808 20832.310547   library setup time
                                           20832.310547   data required time
---------------------------------------------------------------------------------------------
                                           20832.310547   data required time
                                           -20758.466797   data arrival time
---------------------------------------------------------------------------------------------
                                             73.841774   slack (MET)


Startpoint: _2057_ (rising edge-triggered flip-flop clocked by clk)
Endpoint: _2035_ (rising edge-triggered flip-flop clocked by clk)
Path Group: clk
Path Type: max

Fanout         Cap        Slew       Delay        Time   Description
---------------------------------------------------------------------------------------------
                      0.000000    0.000000    0.000000   clock clk (rise edge)
                                  0.000000    0.000000   clock network delay (ideal)
                      0.000000    0.000000    0.000000 ^ _2057_/CLK (gf180mcu_fd_sc_mcu7t5v0__dffrnq_1)
     8    0.032881    1.055637    2.117541    2.117541 ^ _2057_/Q (gf180mcu_fd_sc_mcu7t5v0__dffrnq_1)
                                                         u_cas_int.out_int1[2] (net)
                      1.055637    0.000000    2.117541 ^ _1281_/A2 (gf180mcu_fd_sc_mcu7t5v0__nor2_1)
     2    0.006877    0.486967    0.375023    2.492563 v _1281_/ZN (gf180mcu_fd_sc_mcu7t5v0__nor2_1)
                                                         _0697_ (net)
                      0.486967    0.000000    2.492563 v _1282_/A2 (gf180mcu_fd_sc_mcu7t5v0__or2_1)
     2    0.012448    0.430281    0.929429    3.421993 v _1282_/Z (gf180mcu_fd_sc_mcu7t5v0__or2_1)
                                                         _0698_ (net)
                      0.430281    0.000000    3.421993 v _1296_/A1 (gf180mcu_fd_sc_mcu7t5v0__oai31_1)
     3    0.017111    2.169730    1.306059    4.728052 ^ _1296_/ZN (gf180mcu_fd_sc_mcu7t5v0__oai31_1)
                                                         _0710_ (net)
                      2.169730    0.000000    4.728052 ^ _1301_/A1 (gf180mcu_fd_sc_mcu7t5v0__nand3_1)
     2    0.009643    0.883067    0.574601    5.302653 v _1301_/ZN (gf180mcu_fd_sc_mcu7t5v0__nand3_1)
                                                         _0715_ (net)
                      0.883067    0.000000    5.302653 v _1303_/A2 (gf180mcu_fd_sc_mcu7t5v0__nand2_1)
     1    0.007639    0.504672    0.509024    5.811677 ^ _1303_/ZN (gf180mcu_fd_sc_mcu7t5v0__nand2_1)
                                                         _0716_ (net)
                      0.504672    0.000000    5.811677 ^ _1307_/A3 (gf180mcu_fd_sc_mcu7t5v0__xor3_1)
     1    0.003014    0.590389    0.697788    6.509465 ^ _1307_/Z (gf180mcu_fd_sc_mcu7t5v0__xor3_1)
                                                         _0107_ (net)
                      0.590389    0.000000    6.509465 ^ _2035_/D (gf180mcu_fd_sc_mcu7t5v0__dffrnq_1)
                                              6.509465   data arrival time

                      0.000000   81.379997   81.379997   clock clk (rise edge)
                                  0.000000   81.379997   clock network delay (ideal)
                                 -0.250000   81.129997   clock uncertainty
                                  0.000000   81.129997   clock reconvergence pessimism
                                             81.129997 ^ _2035_/CLK (gf180mcu_fd_sc_mcu7t5v0__dffrnq_1)
                                 -0.720474   80.409523   library setup time
                                             80.409523   data required time
---------------------------------------------------------------------------------------------
                                             80.409523   data required time
                                             -6.509465   data arrival time
---------------------------------------------------------------------------------------------
                                             73.900055   slack (MET)


Startpoint: _2057_ (rising edge-triggered flip-flop clocked by clk)
Endpoint: _2035_ (rising edge-triggered flip-flop clocked by clk_div)
Path Group: clk_div
Path Type: max

Fanout         Cap        Slew       Delay        Time   Description
---------------------------------------------------------------------------------------------
                      0.000000 20751.898438 20751.898438   clock clk (rise edge)
                                  0.000000 20751.898438   clock network delay (ideal)
                      0.000000    0.000000 20751.898438 ^ _2057_/CLK (gf180mcu_fd_sc_mcu7t5v0__dffrnq_1)
     8    0.032881    1.055637    2.117304 20754.017578 ^ _2057_/Q (gf180mcu_fd_sc_mcu7t5v0__dffrnq_1)
                                                         u_cas_int.out_int1[2] (net)
                      1.055637    0.000000 20754.017578 ^ _1281_/A2 (gf180mcu_fd_sc_mcu7t5v0__nor2_1)
     2    0.006877    0.486967    0.374712 20754.390625 v _1281_/ZN (gf180mcu_fd_sc_mcu7t5v0__nor2_1)
                                                         _0697_ (net)
                      0.486967    0.000000 20754.390625 v _1282_/A2 (gf180mcu_fd_sc_mcu7t5v0__or2_1)
     2    0.012448    0.430281    0.929504 20755.320312 v _1282_/Z (gf180mcu_fd_sc_mcu7t5v0__or2_1)
                                                         _0698_ (net)
                      0.430281    0.000000 20755.320312 v _1296_/A1 (gf180mcu_fd_sc_mcu7t5v0__oai31_1)
     3    0.017111    2.169730    1.306034 20756.626953 ^ _1296_/ZN (gf180mcu_fd_sc_mcu7t5v0__oai31_1)
                                                         _0710_ (net)
                      2.169730    0.000000 20756.626953 ^ _1301_/A1 (gf180mcu_fd_sc_mcu7t5v0__nand3_1)
     2    0.009643    0.883067    0.574801 20757.201172 v _1301_/ZN (gf180mcu_fd_sc_mcu7t5v0__nand3_1)
                                                         _0715_ (net)
                      0.883067    0.000000 20757.201172 v _1303_/A2 (gf180mcu_fd_sc_mcu7t5v0__nand2_1)
     1    0.007639    0.504672    0.509317 20757.710938 ^ _1303_/ZN (gf180mcu_fd_sc_mcu7t5v0__nand2_1)
                                                         _0716_ (net)
                      0.504672    0.000000 20757.710938 ^ _1307_/A3 (gf180mcu_fd_sc_mcu7t5v0__xor3_1)
     1    0.003014    0.590389    0.698492 20758.410156 ^ _1307_/Z (gf180mcu_fd_sc_mcu7t5v0__xor3_1)
                                                         _0107_ (net)
                      0.590389    0.000000 20758.410156 ^ _2035_/D (gf180mcu_fd_sc_mcu7t5v0__dffrnq_1)
                                           20758.410156   data arrival time

                      0.000000 20833.279297 20833.279297   clock clk_div (rise edge)
                                  0.000000 20833.279297   clock network delay (ideal)
                                 -0.250000 20833.029297   clock uncertainty
                                  0.000000 20833.029297   clock reconvergence pessimism
                                           20833.029297 ^ _2035_/CLK (gf180mcu_fd_sc_mcu7t5v0__dffrnq_1)
                                 -0.720474 20832.310547   library setup time
                                           20832.310547   data required time
---------------------------------------------------------------------------------------------
                                           20832.310547   data required time
                                           -20758.410156   data arrival time
---------------------------------------------------------------------------------------------
                                             73.900055   slack (MET)


Startpoint: _2005_ (rising edge-triggered flip-flop clocked by clk)
Endpoint: _2014_ (rising edge-triggered flip-flop clocked by clk)
Path Group: clk
Path Type: max

Fanout         Cap        Slew       Delay        Time   Description
---------------------------------------------------------------------------------------------
                      0.000000    0.000000    0.000000   clock clk (rise edge)
                                  0.000000    0.000000   clock network delay (ideal)
                      0.000000    0.000000    0.000000 ^ _2005_/CLK (gf180mcu_fd_sc_mcu7t5v0__dffrnq_1)
     7    0.036925    1.162486    2.181902    2.181902 ^ _2005_/Q (gf180mcu_fd_sc_mcu7t5v0__dffrnq_1)
                                                         out_cas_int[0] (net)
                      1.162486    0.000000    2.181902 ^ _1119_/C (gf180mcu_fd_sc_mcu7t5v0__oai211_1)
     2    0.009178    0.765330    0.593235    2.775137 v _1119_/ZN (gf180mcu_fd_sc_mcu7t5v0__oai211_1)
                                                         _0559_ (net)
                      0.765330    0.000000    2.775137 v _1121_/A2 (gf180mcu_fd_sc_mcu7t5v0__aoi211_1)
     2    0.007790    1.273571    0.860009    3.635146 ^ _1121_/ZN (gf180mcu_fd_sc_mcu7t5v0__aoi211_1)
                                                         _0561_ (net)
                      1.273571    0.000000    3.635146 ^ _1142_/A1 (gf180mcu_fd_sc_mcu7t5v0__oai211_1)
     2    0.007737    0.689034    0.489324    4.124469 v _1142_/ZN (gf180mcu_fd_sc_mcu7t5v0__oai211_1)
                                                         _0578_ (net)
                      0.689034    0.000000    4.124469 v _1155_/A1 (gf180mcu_fd_sc_mcu7t5v0__aoi21_1)
     4    0.022516    1.578406    1.012460    5.136929 ^ _1155_/ZN (gf180mcu_fd_sc_mcu7t5v0__aoi21_1)
                                                         _0589_ (net)
                      1.578406    0.000000    5.136929 ^ _1158_/A1 (gf180mcu_fd_sc_mcu7t5v0__nand2_1)
     1    0.004611    0.487131    0.276713    5.413641 v _1158_/ZN (gf180mcu_fd_sc_mcu7t5v0__nand2_1)
                                                         _0592_ (net)
                      0.487131    0.000000    5.413641 v _1160_/A2 (gf180mcu_fd_sc_mcu7t5v0__nand2_1)
     1    0.007639    0.427887    0.394908    5.808549 ^ _1160_/ZN (gf180mcu_fd_sc_mcu7t5v0__nand2_1)
                                                         _0593_ (net)
                      0.427887    0.000000    5.808549 ^ _1163_/A3 (gf180mcu_fd_sc_mcu7t5v0__xor3_1)
     1    0.003014    0.585912    0.687439    6.495989 ^ _1163_/Z (gf180mcu_fd_sc_mcu7t5v0__xor3_1)
                                                         _0136_ (net)
                      0.585912    0.000000    6.495989 ^ _2014_/D (gf180mcu_fd_sc_mcu7t5v0__dffrnq_1)
                                              6.495989   data arrival time

                      0.000000   81.379997   81.379997   clock clk (rise edge)
                                  0.000000   81.379997   clock network delay (ideal)
                                 -0.250000   81.129997   clock uncertainty
                                  0.000000   81.129997   clock reconvergence pessimism
                                             81.129997 ^ _2014_/CLK (gf180mcu_fd_sc_mcu7t5v0__dffrnq_1)
                                 -0.719808   80.410194   library setup time
                                             80.410194   data required time
---------------------------------------------------------------------------------------------
                                             80.410194   data required time
                                             -6.495989   data arrival time
---------------------------------------------------------------------------------------------
                                             73.914200   slack (MET)


Startpoint: _2005_ (rising edge-triggered flip-flop clocked by clk)
Endpoint: _2014_ (rising edge-triggered flip-flop clocked by clk_div)
Path Group: clk_div
Path Type: max

Fanout         Cap        Slew       Delay        Time   Description
---------------------------------------------------------------------------------------------
                      0.000000 20751.898438 20751.898438   clock clk (rise edge)
                                  0.000000 20751.898438   clock network delay (ideal)
                      0.000000    0.000000 20751.898438 ^ _2005_/CLK (gf180mcu_fd_sc_mcu7t5v0__dffrnq_1)
     7    0.036925    1.162486    2.182787 20754.082031 ^ _2005_/Q (gf180mcu_fd_sc_mcu7t5v0__dffrnq_1)
                                                         out_cas_int[0] (net)
                      1.162486    0.000000 20754.082031 ^ _1119_/C (gf180mcu_fd_sc_mcu7t5v0__oai211_1)
     2    0.009178    0.765330    0.592991 20754.675781 v _1119_/ZN (gf180mcu_fd_sc_mcu7t5v0__oai211_1)
                                                         _0559_ (net)
                      0.765330    0.000000 20754.675781 v _1121_/A2 (gf180mcu_fd_sc_mcu7t5v0__aoi211_1)
     2    0.007790    1.273571    0.858563 20755.533203 ^ _1121_/ZN (gf180mcu_fd_sc_mcu7t5v0__aoi211_1)
                                                         _0561_ (net)
                      1.273571    0.000000 20755.533203 ^ _1142_/A1 (gf180mcu_fd_sc_mcu7t5v0__oai211_1)
     2    0.007737    0.689034    0.489308 20756.023438 v _1142_/ZN (gf180mcu_fd_sc_mcu7t5v0__oai211_1)
                                                         _0578_ (net)
                      0.689034    0.000000 20756.023438 v _1155_/A1 (gf180mcu_fd_sc_mcu7t5v0__aoi21_1)
     4    0.022516    1.578406    1.013177 20757.037109 ^ _1155_/ZN (gf180mcu_fd_sc_mcu7t5v0__aoi21_1)
                                                         _0589_ (net)
                      1.578406    0.000000 20757.037109 ^ _1158_/A1 (gf180mcu_fd_sc_mcu7t5v0__nand2_1)
     1    0.004611    0.487131    0.276486 20757.312500 v _1158_/ZN (gf180mcu_fd_sc_mcu7t5v0__nand2_1)
                                                         _0592_ (net)
                      0.487131    0.000000 20757.312500 v _1160_/A2 (gf180mcu_fd_sc_mcu7t5v0__nand2_1)
     1    0.007639    0.427887    0.394721 20757.707031 ^ _1160_/ZN (gf180mcu_fd_sc_mcu7t5v0__nand2_1)
                                                         _0593_ (net)
                      0.427887    0.000000 20757.707031 ^ _1163_/A3 (gf180mcu_fd_sc_mcu7t5v0__xor3_1)
     1    0.003014    0.585912    0.687578 20758.394531 ^ _1163_/Z (gf180mcu_fd_sc_mcu7t5v0__xor3_1)
                                                         _0136_ (net)
                      0.585912    0.000000 20758.394531 ^ _2014_/D (gf180mcu_fd_sc_mcu7t5v0__dffrnq_1)
                                           20758.394531   data arrival time

                      0.000000 20833.279297 20833.279297   clock clk_div (rise edge)
                                  0.000000 20833.279297   clock network delay (ideal)
                                 -0.250000 20833.029297   clock uncertainty
                                  0.000000 20833.029297   clock reconvergence pessimism
                                           20833.029297 ^ _2014_/CLK (gf180mcu_fd_sc_mcu7t5v0__dffrnq_1)
                                 -0.719808 20832.310547   library setup time
                                           20832.310547   data required time
---------------------------------------------------------------------------------------------
                                           20832.310547   data required time
                                           -20758.394531   data arrival time
---------------------------------------------------------------------------------------------
                                             73.914200   slack (MET)


Startpoint: _2005_ (rising edge-triggered flip-flop clocked by clk)
Endpoint: _2021_ (rising edge-triggered flip-flop clocked by clk)
Path Group: clk
Path Type: max

Fanout         Cap        Slew       Delay        Time   Description
---------------------------------------------------------------------------------------------
                      0.000000    0.000000    0.000000   clock clk (rise edge)
                                  0.000000    0.000000   clock network delay (ideal)
                      0.000000    0.000000    0.000000 ^ _2005_/CLK (gf180mcu_fd_sc_mcu7t5v0__dffrnq_1)
     7    0.036925    1.162486    2.181902    2.181902 ^ _2005_/Q (gf180mcu_fd_sc_mcu7t5v0__dffrnq_1)
                                                         out_cas_int[0] (net)
                      1.162486    0.000000    2.181902 ^ _1119_/C (gf180mcu_fd_sc_mcu7t5v0__oai211_1)
     2    0.009178    0.765330    0.593235    2.775137 v _1119_/ZN (gf180mcu_fd_sc_mcu7t5v0__oai211_1)
                                                         _0559_ (net)
                      0.765330    0.000000    2.775137 v _1121_/A2 (gf180mcu_fd_sc_mcu7t5v0__aoi211_1)
     2    0.007790    1.273571    0.860009    3.635146 ^ _1121_/ZN (gf180mcu_fd_sc_mcu7t5v0__aoi211_1)
                                                         _0561_ (net)
                      1.273571    0.000000    3.635146 ^ _1142_/A1 (gf180mcu_fd_sc_mcu7t5v0__oai211_1)
     2    0.007737    0.689034    0.489324    4.124469 v _1142_/ZN (gf180mcu_fd_sc_mcu7t5v0__oai211_1)
                                                         _0578_ (net)
                      0.689034    0.000000    4.124469 v _1155_/A1 (gf180mcu_fd_sc_mcu7t5v0__aoi21_1)
     4    0.022516    1.578406    1.012460    5.136929 ^ _1155_/ZN (gf180mcu_fd_sc_mcu7t5v0__aoi21_1)
                                                         _0589_ (net)
                      1.578406    0.000000    5.136929 ^ _1217_/A1 (gf180mcu_fd_sc_mcu7t5v0__aoi21_1)
     4    0.020832    0.904488    0.656011    5.792940 v _1217_/ZN (gf180mcu_fd_sc_mcu7t5v0__aoi21_1)
                                                         _0643_ (net)
                      0.904488    0.000000    5.792940 v _1219_/A2 (gf180mcu_fd_sc_mcu7t5v0__xor2_1)
     1    0.003014    0.427635    1.014024    6.806964 v _1219_/Z (gf180mcu_fd_sc_mcu7t5v0__xor2_1)
                                                         _0119_ (net)
                      0.427635    0.000000    6.806964 v _2021_/D (gf180mcu_fd_sc_mcu7t5v0__dffrnq_1)
                                              6.806964   data arrival time

                      0.000000   81.379997   81.379997   clock clk (rise edge)
                                  0.000000   81.379997   clock network delay (ideal)
                                 -0.250000   81.129997   clock uncertainty
                                  0.000000   81.129997   clock reconvergence pessimism
                                             81.129997 ^ _2021_/CLK (gf180mcu_fd_sc_mcu7t5v0__dffrnq_1)
                                 -0.374608   80.755394   library setup time
                                             80.755394   data required time
---------------------------------------------------------------------------------------------
                                             80.755394   data required time
                                             -6.806964   data arrival time
---------------------------------------------------------------------------------------------
                                             73.948433   slack (MET)


Startpoint: _2005_ (rising edge-triggered flip-flop clocked by clk)
Endpoint: _2021_ (rising edge-triggered flip-flop clocked by clk_div)
Path Group: clk_div
Path Type: max

Fanout         Cap        Slew       Delay        Time   Description
---------------------------------------------------------------------------------------------
                      0.000000 20751.898438 20751.898438   clock clk (rise edge)
                                  0.000000 20751.898438   clock network delay (ideal)
                      0.000000    0.000000 20751.898438 ^ _2005_/CLK (gf180mcu_fd_sc_mcu7t5v0__dffrnq_1)
     7    0.036925    1.162486    2.182787 20754.082031 ^ _2005_/Q (gf180mcu_fd_sc_mcu7t5v0__dffrnq_1)
                                                         out_cas_int[0] (net)
                      1.162486    0.000000 20754.082031 ^ _1119_/C (gf180mcu_fd_sc_mcu7t5v0__oai211_1)
     2    0.009178    0.765330    0.592991 20754.675781 v _1119_/ZN (gf180mcu_fd_sc_mcu7t5v0__oai211_1)
                                                         _0559_ (net)
                      0.765330    0.000000 20754.675781 v _1121_/A2 (gf180mcu_fd_sc_mcu7t5v0__aoi211_1)
     2    0.007790    1.273571    0.858563 20755.533203 ^ _1121_/ZN (gf180mcu_fd_sc_mcu7t5v0__aoi211_1)
                                                         _0561_ (net)
                      1.273571    0.000000 20755.533203 ^ _1142_/A1 (gf180mcu_fd_sc_mcu7t5v0__oai211_1)
     2    0.007737    0.689034    0.489308 20756.023438 v _1142_/ZN (gf180mcu_fd_sc_mcu7t5v0__oai211_1)
                                                         _0578_ (net)
                      0.689034    0.000000 20756.023438 v _1155_/A1 (gf180mcu_fd_sc_mcu7t5v0__aoi21_1)
     4    0.022516    1.578406    1.013177 20757.037109 ^ _1155_/ZN (gf180mcu_fd_sc_mcu7t5v0__aoi21_1)
                                                         _0589_ (net)
                      1.578406    0.000000 20757.037109 ^ _1217_/A1 (gf180mcu_fd_sc_mcu7t5v0__aoi21_1)
     4    0.020832    0.904488    0.656655 20757.693359 v _1217_/ZN (gf180mcu_fd_sc_mcu7t5v0__aoi21_1)
                                                         _0643_ (net)
                      0.904488    0.000000 20757.693359 v _1219_/A2 (gf180mcu_fd_sc_mcu7t5v0__xor2_1)
     1    0.003014    0.427635    1.013177 20758.705078 v _1219_/Z (gf180mcu_fd_sc_mcu7t5v0__xor2_1)
                                                         _0119_ (net)
                      0.427635    0.000000 20758.705078 v _2021_/D (gf180mcu_fd_sc_mcu7t5v0__dffrnq_1)
                                           20758.705078   data arrival time

                      0.000000 20833.279297 20833.279297   clock clk_div (rise edge)
                                  0.000000 20833.279297   clock network delay (ideal)
                                 -0.250000 20833.029297   clock uncertainty
                                  0.000000 20833.029297   clock reconvergence pessimism
                                           20833.029297 ^ _2021_/CLK (gf180mcu_fd_sc_mcu7t5v0__dffrnq_1)
                                 -0.374608 20832.654297   library setup time
                                           20832.654297   data required time
---------------------------------------------------------------------------------------------
                                           20832.654297   data required time
                                           -20758.705078   data arrival time
---------------------------------------------------------------------------------------------
                                             73.948433   slack (MET)


Startpoint: _2005_ (rising edge-triggered flip-flop clocked by clk)
Endpoint: _2015_ (rising edge-triggered flip-flop clocked by clk)
Path Group: clk
Path Type: max

Fanout         Cap        Slew       Delay        Time   Description
---------------------------------------------------------------------------------------------
                      0.000000    0.000000    0.000000   clock clk (rise edge)
                                  0.000000    0.000000   clock network delay (ideal)
                      0.000000    0.000000    0.000000 ^ _2005_/CLK (gf180mcu_fd_sc_mcu7t5v0__dffrnq_1)
     7    0.036925    1.162486    2.181902    2.181902 ^ _2005_/Q (gf180mcu_fd_sc_mcu7t5v0__dffrnq_1)
                                                         out_cas_int[0] (net)
                      1.162486    0.000000    2.181902 ^ _1119_/C (gf180mcu_fd_sc_mcu7t5v0__oai211_1)
     2    0.009178    0.765330    0.593235    2.775137 v _1119_/ZN (gf180mcu_fd_sc_mcu7t5v0__oai211_1)
                                                         _0559_ (net)
                      0.765330    0.000000    2.775137 v _1121_/A2 (gf180mcu_fd_sc_mcu7t5v0__aoi211_1)
     2    0.007790    1.273571    0.860009    3.635146 ^ _1121_/ZN (gf180mcu_fd_sc_mcu7t5v0__aoi211_1)
                                                         _0561_ (net)
                      1.273571    0.000000    3.635146 ^ _1142_/A1 (gf180mcu_fd_sc_mcu7t5v0__oai211_1)
     2    0.007737    0.689034    0.489324    4.124469 v _1142_/ZN (gf180mcu_fd_sc_mcu7t5v0__oai211_1)
                                                         _0578_ (net)
                      0.689034    0.000000    4.124469 v _1155_/A1 (gf180mcu_fd_sc_mcu7t5v0__aoi21_1)
     4    0.022516    1.578406    1.012460    5.136929 ^ _1155_/ZN (gf180mcu_fd_sc_mcu7t5v0__aoi21_1)
                                                         _0589_ (net)
                      1.578406    0.000000    5.136929 ^ _1167_/A1 (gf180mcu_fd_sc_mcu7t5v0__aoi21_1)
     3    0.017796    0.835622    0.593779    5.730708 v _1167_/ZN (gf180mcu_fd_sc_mcu7t5v0__aoi21_1)
                                                         _0599_ (net)
                      0.835622    0.000000    5.730708 v _1171_/A3 (gf180mcu_fd_sc_mcu7t5v0__xor3_1)
     1    0.003014    0.422139    0.943366    6.674074 v _1171_/Z (gf180mcu_fd_sc_mcu7t5v0__xor3_1)
                                                         _0113_ (net)
                      0.422139    0.000000    6.674074 v _2015_/D (gf180mcu_fd_sc_mcu7t5v0__dffrnq_1)
                                              6.674074   data arrival time

                      0.000000   81.379997   81.379997   clock clk (rise edge)
                                  0.000000   81.379997   clock network delay (ideal)
                                 -0.250000   81.129997   clock uncertainty
                                  0.000000   81.129997   clock reconvergence pessimism
                                             81.129997 ^ _2015_/CLK (gf180mcu_fd_sc_mcu7t5v0__dffrnq_1)
                                 -0.372935   80.757065   library setup time
                                             80.757065   data required time
---------------------------------------------------------------------------------------------
                                             80.757065   data required time
                                             -6.674074   data arrival time
---------------------------------------------------------------------------------------------
                                             74.082993   slack (MET)


Startpoint: _2005_ (rising edge-triggered flip-flop clocked by clk)
Endpoint: _2015_ (rising edge-triggered flip-flop clocked by clk_div)
Path Group: clk_div
Path Type: max

Fanout         Cap        Slew       Delay        Time   Description
---------------------------------------------------------------------------------------------
                      0.000000 20751.898438 20751.898438   clock clk (rise edge)
                                  0.000000 20751.898438   clock network delay (ideal)
                      0.000000    0.000000 20751.898438 ^ _2005_/CLK (gf180mcu_fd_sc_mcu7t5v0__dffrnq_1)
     7    0.036925    1.162486    2.182787 20754.082031 ^ _2005_/Q (gf180mcu_fd_sc_mcu7t5v0__dffrnq_1)
                                                         out_cas_int[0] (net)
                      1.162486    0.000000 20754.082031 ^ _1119_/C (gf180mcu_fd_sc_mcu7t5v0__oai211_1)
     2    0.009178    0.765330    0.592991 20754.675781 v _1119_/ZN (gf180mcu_fd_sc_mcu7t5v0__oai211_1)
                                                         _0559_ (net)
                      0.765330    0.000000 20754.675781 v _1121_/A2 (gf180mcu_fd_sc_mcu7t5v0__aoi211_1)
     2    0.007790    1.273571    0.858563 20755.533203 ^ _1121_/ZN (gf180mcu_fd_sc_mcu7t5v0__aoi211_1)
                                                         _0561_ (net)
                      1.273571    0.000000 20755.533203 ^ _1142_/A1 (gf180mcu_fd_sc_mcu7t5v0__oai211_1)
     2    0.007737    0.689034    0.489308 20756.023438 v _1142_/ZN (gf180mcu_fd_sc_mcu7t5v0__oai211_1)
                                                         _0578_ (net)
                      0.689034    0.000000 20756.023438 v _1155_/A1 (gf180mcu_fd_sc_mcu7t5v0__aoi21_1)
     4    0.022516    1.578406    1.013177 20757.037109 ^ _1155_/ZN (gf180mcu_fd_sc_mcu7t5v0__aoi21_1)
                                                         _0589_ (net)
                      1.578406    0.000000 20757.037109 ^ _1167_/A1 (gf180mcu_fd_sc_mcu7t5v0__aoi21_1)
     3    0.017796    0.835622    0.592991 20757.628906 v _1167_/ZN (gf180mcu_fd_sc_mcu7t5v0__aoi21_1)
                                                         _0599_ (net)
                      0.835622    0.000000 20757.628906 v _1171_/A3 (gf180mcu_fd_sc_mcu7t5v0__xor3_1)
     1    0.003014    0.422139    0.944055 20758.572266 v _1171_/Z (gf180mcu_fd_sc_mcu7t5v0__xor3_1)
                                                         _0113_ (net)
                      0.422139    0.000000 20758.572266 v _2015_/D (gf180mcu_fd_sc_mcu7t5v0__dffrnq_1)
                                           20758.572266   data arrival time

                      0.000000 20833.279297 20833.279297   clock clk_div (rise edge)
                                  0.000000 20833.279297   clock network delay (ideal)
                                 -0.250000 20833.029297   clock uncertainty
                                  0.000000 20833.029297   clock reconvergence pessimism
                                           20833.029297 ^ _2015_/CLK (gf180mcu_fd_sc_mcu7t5v0__dffrnq_1)
                                 -0.372935 20832.656250   library setup time
                                           20832.656250   data required time
---------------------------------------------------------------------------------------------
                                           20832.656250   data required time
                                           -20758.572266   data arrival time
---------------------------------------------------------------------------------------------
                                             74.082993   slack (MET)


Startpoint: _2036_ (rising edge-triggered flip-flop clocked by clk)
Endpoint: _2040_ (rising edge-triggered flip-flop clocked by clk)
Path Group: clk
Path Type: max

Fanout         Cap        Slew       Delay        Time   Description
---------------------------------------------------------------------------------------------
                      0.000000    0.000000    0.000000   clock clk (rise edge)
                                  0.000000    0.000000   clock network delay (ideal)
                      0.000000    0.000000    0.000000 ^ _2036_/CLK (gf180mcu_fd_sc_mcu7t5v0__dffrnq_1)
    10    0.044682    1.374532    2.303169    2.303169 ^ _2036_/Q (gf180mcu_fd_sc_mcu7t5v0__dffrnq_1)
                                                         u_cas_int.out_int2[6] (net)
                      1.374532    0.000000    2.303169 ^ _1309_/A1 (gf180mcu_fd_sc_mcu7t5v0__and2_1)
     2    0.008244    0.387336    0.750658    3.053828 ^ _1309_/Z (gf180mcu_fd_sc_mcu7t5v0__and2_1)
                                                         _0721_ (net)
                      0.387336    0.000000    3.053828 ^ _1322_/A3 (gf180mcu_fd_sc_mcu7t5v0__nor3_1)
     3    0.012705    0.611426    0.469887    3.523714 v _1322_/ZN (gf180mcu_fd_sc_mcu7t5v0__nor3_1)
                                                         _0732_ (net)
                      0.611426    0.000000    3.523714 v _1330_/A1 (gf180mcu_fd_sc_mcu7t5v0__aoi21_1)
     1    0.004900    0.623841    0.464123    3.987838 ^ _1330_/ZN (gf180mcu_fd_sc_mcu7t5v0__aoi21_1)
                                                         _0740_ (net)
                      0.623841    0.000000    3.987838 ^ _1333_/B (gf180mcu_fd_sc_mcu7t5v0__oai21_1)
     5    0.027011    0.912467    0.696572    4.684410 v _1333_/ZN (gf180mcu_fd_sc_mcu7t5v0__oai21_1)
                                                         _0743_ (net)
                      0.912467    0.000000    4.684410 v _1346_/A1 (gf180mcu_fd_sc_mcu7t5v0__aoi21_1)
     2    0.012751    1.049343    0.791598    5.476007 ^ _1346_/ZN (gf180mcu_fd_sc_mcu7t5v0__aoi21_1)
                                                         _0754_ (net)
                      1.049343    0.000000    5.476007 ^ _1350_/A1 (gf180mcu_fd_sc_mcu7t5v0__xor2_1)
     1    0.003014    0.542051    0.737338    6.213346 ^ _1350_/Z (gf180mcu_fd_sc_mcu7t5v0__xor2_1)
                                                         _0088_ (net)
                      0.542051    0.000000    6.213346 ^ _2040_/D (gf180mcu_fd_sc_mcu7t5v0__dffrnq_1)
                                              6.213346   data arrival time

                      0.000000   81.379997   81.379997   clock clk (rise edge)
                                  0.000000   81.379997   clock network delay (ideal)
                                 -0.250000   81.129997   clock uncertainty
                                  0.000000   81.129997   clock reconvergence pessimism
                                             81.129997 ^ _2040_/CLK (gf180mcu_fd_sc_mcu7t5v0__dffrnq_1)
                                 -0.712159   80.417839   library setup time
                                             80.417839   data required time
---------------------------------------------------------------------------------------------
                                             80.417839   data required time
                                             -6.213346   data arrival time
---------------------------------------------------------------------------------------------
                                             74.204491   slack (MET)


Startpoint: _2036_ (rising edge-triggered flip-flop clocked by clk)
Endpoint: _2040_ (rising edge-triggered flip-flop clocked by clk_div)
Path Group: clk_div
Path Type: max

Fanout         Cap        Slew       Delay        Time   Description
---------------------------------------------------------------------------------------------
                      0.000000 20751.898438 20751.898438   clock clk (rise edge)
                                  0.000000 20751.898438   clock network delay (ideal)
                      0.000000    0.000000 20751.898438 ^ _2036_/CLK (gf180mcu_fd_sc_mcu7t5v0__dffrnq_1)
    10    0.044682    1.374532    2.302841 20754.203125 ^ _2036_/Q (gf180mcu_fd_sc_mcu7t5v0__dffrnq_1)
                                                         u_cas_int.out_int2[6] (net)
                      1.374532    0.000000 20754.203125 ^ _1309_/A1 (gf180mcu_fd_sc_mcu7t5v0__and2_1)
     2    0.008244    0.387336    0.751243 20754.953125 ^ _1309_/Z (gf180mcu_fd_sc_mcu7t5v0__and2_1)
                                                         _0721_ (net)
                      0.387336    0.000000 20754.953125 ^ _1322_/A3 (gf180mcu_fd_sc_mcu7t5v0__nor3_1)
     3    0.012705    0.611426    0.469299 20755.421875 v _1322_/ZN (gf180mcu_fd_sc_mcu7t5v0__nor3_1)
                                                         _0732_ (net)
                      0.611426    0.000000 20755.421875 v _1330_/A1 (gf180mcu_fd_sc_mcu7t5v0__aoi21_1)
     1    0.004900    0.623841    0.463842 20755.886719 ^ _1330_/ZN (gf180mcu_fd_sc_mcu7t5v0__aoi21_1)
                                                         _0740_ (net)
                      0.623841    0.000000 20755.886719 ^ _1333_/B (gf180mcu_fd_sc_mcu7t5v0__oai21_1)
     5    0.027011    0.912467    0.696673 20756.583984 v _1333_/ZN (gf180mcu_fd_sc_mcu7t5v0__oai21_1)
                                                         _0743_ (net)
                      0.912467    0.000000 20756.583984 v _1346_/A1 (gf180mcu_fd_sc_mcu7t5v0__aoi21_1)
     2    0.012751    1.049343    0.791260 20757.375000 ^ _1346_/ZN (gf180mcu_fd_sc_mcu7t5v0__aoi21_1)
                                                         _0754_ (net)
                      1.049343    0.000000 20757.375000 ^ _1350_/A1 (gf180mcu_fd_sc_mcu7t5v0__xor2_1)
     1    0.003014    0.542051    0.738510 20758.113281 ^ _1350_/Z (gf180mcu_fd_sc_mcu7t5v0__xor2_1)
                                                         _0088_ (net)
                      0.542051    0.000000 20758.113281 ^ _2040_/D (gf180mcu_fd_sc_mcu7t5v0__dffrnq_1)
                                           20758.113281   data arrival time

                      0.000000 20833.279297 20833.279297   clock clk_div (rise edge)
                                  0.000000 20833.279297   clock network delay (ideal)
                                 -0.250000 20833.029297   clock uncertainty
                                  0.000000 20833.029297   clock reconvergence pessimism
                                           20833.029297 ^ _2040_/CLK (gf180mcu_fd_sc_mcu7t5v0__dffrnq_1)
                                 -0.712159 20832.316406   library setup time
                                           20832.316406   data required time
---------------------------------------------------------------------------------------------
                                           20832.316406   data required time
                                           -20758.113281   data arrival time
---------------------------------------------------------------------------------------------
                                             74.204491   slack (MET)


Startpoint: _2005_ (rising edge-triggered flip-flop clocked by clk)
Endpoint: _2012_ (rising edge-triggered flip-flop clocked by clk)
Path Group: clk
Path Type: max

Fanout         Cap        Slew       Delay        Time   Description
---------------------------------------------------------------------------------------------
                      0.000000    0.000000    0.000000   clock clk (rise edge)
                                  0.000000    0.000000   clock network delay (ideal)
                      0.000000    0.000000    0.000000 ^ _2005_/CLK (gf180mcu_fd_sc_mcu7t5v0__dffrnq_1)
     7    0.036925    1.162486    2.181902    2.181902 ^ _2005_/Q (gf180mcu_fd_sc_mcu7t5v0__dffrnq_1)
                                                         out_cas_int[0] (net)
                      1.162486    0.000000    2.181902 ^ _1119_/C (gf180mcu_fd_sc_mcu7t5v0__oai211_1)
     2    0.009178    0.765330    0.593235    2.775137 v _1119_/ZN (gf180mcu_fd_sc_mcu7t5v0__oai211_1)
                                                         _0559_ (net)
                      0.765330    0.000000    2.775137 v _1121_/A2 (gf180mcu_fd_sc_mcu7t5v0__aoi211_1)
     2    0.007790    1.273571    0.860009    3.635146 ^ _1121_/ZN (gf180mcu_fd_sc_mcu7t5v0__aoi211_1)
                                                         _0561_ (net)
                      1.273571    0.000000    3.635146 ^ _1142_/A1 (gf180mcu_fd_sc_mcu7t5v0__oai211_1)
     2    0.007737    0.689034    0.489324    4.124469 v _1142_/ZN (gf180mcu_fd_sc_mcu7t5v0__oai211_1)
                                                         _0578_ (net)
                      0.689034    0.000000    4.124469 v _1144_/A2 (gf180mcu_fd_sc_mcu7t5v0__and3_1)
     2    0.012727    0.388352    0.849751    4.974221 v _1144_/Z (gf180mcu_fd_sc_mcu7t5v0__and3_1)
                                                         _0580_ (net)
                      0.388352    0.000000    4.974221 v _1148_/A1 (gf180mcu_fd_sc_mcu7t5v0__oai21_1)
     1    0.007639    0.692687    0.502597    5.476818 ^ _1148_/ZN (gf180mcu_fd_sc_mcu7t5v0__oai21_1)
                                                         _0583_ (net)
                      0.692687    0.000000    5.476818 ^ _1150_/A3 (gf180mcu_fd_sc_mcu7t5v0__xor3_1)
     1    0.003014    0.589032    0.713740    6.190557 ^ _1150_/Z (gf180mcu_fd_sc_mcu7t5v0__xor3_1)
                                                         _0134_ (net)
                      0.589032    0.000000    6.190557 ^ _2012_/D (gf180mcu_fd_sc_mcu7t5v0__dffrnq_1)
                                              6.190557   data arrival time

                      0.000000   81.379997   81.379997   clock clk (rise edge)
                                  0.000000   81.379997   clock network delay (ideal)
                                 -0.250000   81.129997   clock uncertainty
                                  0.000000   81.129997   clock reconvergence pessimism
                                             81.129997 ^ _2012_/CLK (gf180mcu_fd_sc_mcu7t5v0__dffrnq_1)
                                 -0.720272   80.409729   library setup time
                                             80.409729   data required time
---------------------------------------------------------------------------------------------
                                             80.409729   data required time
                                             -6.190557   data arrival time
---------------------------------------------------------------------------------------------
                                             74.219177   slack (MET)


Startpoint: _2005_ (rising edge-triggered flip-flop clocked by clk)
Endpoint: _2012_ (rising edge-triggered flip-flop clocked by clk_div)
Path Group: clk_div
Path Type: max

Fanout         Cap        Slew       Delay        Time   Description
---------------------------------------------------------------------------------------------
                      0.000000 20751.898438 20751.898438   clock clk (rise edge)
                                  0.000000 20751.898438   clock network delay (ideal)
                      0.000000    0.000000 20751.898438 ^ _2005_/CLK (gf180mcu_fd_sc_mcu7t5v0__dffrnq_1)
     7    0.036925    1.162486    2.182787 20754.082031 ^ _2005_/Q (gf180mcu_fd_sc_mcu7t5v0__dffrnq_1)
                                                         out_cas_int[0] (net)
                      1.162486    0.000000 20754.082031 ^ _1119_/C (gf180mcu_fd_sc_mcu7t5v0__oai211_1)
     2    0.009178    0.765330    0.592991 20754.675781 v _1119_/ZN (gf180mcu_fd_sc_mcu7t5v0__oai211_1)
                                                         _0559_ (net)
                      0.765330    0.000000 20754.675781 v _1121_/A2 (gf180mcu_fd_sc_mcu7t5v0__aoi211_1)
     2    0.007790    1.273571    0.858563 20755.533203 ^ _1121_/ZN (gf180mcu_fd_sc_mcu7t5v0__aoi211_1)
                                                         _0561_ (net)
                      1.273571    0.000000 20755.533203 ^ _1142_/A1 (gf180mcu_fd_sc_mcu7t5v0__oai211_1)
     2    0.007737    0.689034    0.489308 20756.023438 v _1142_/ZN (gf180mcu_fd_sc_mcu7t5v0__oai211_1)
                                                         _0578_ (net)
                      0.689034    0.000000 20756.023438 v _1144_/A2 (gf180mcu_fd_sc_mcu7t5v0__and3_1)
     2    0.012727    0.388352    0.851287 20756.875000 v _1144_/Z (gf180mcu_fd_sc_mcu7t5v0__and3_1)
                                                         _0580_ (net)
                      0.388352    0.000000 20756.875000 v _1148_/A1 (gf180mcu_fd_sc_mcu7t5v0__oai21_1)
     1    0.007639    0.692687    0.502041 20757.376953 ^ _1148_/ZN (gf180mcu_fd_sc_mcu7t5v0__oai21_1)
                                                         _0583_ (net)
                      0.692687    0.000000 20757.376953 ^ _1150_/A3 (gf180mcu_fd_sc_mcu7t5v0__xor3_1)
     1    0.003014    0.589032    0.713044 20758.089844 ^ _1150_/Z (gf180mcu_fd_sc_mcu7t5v0__xor3_1)
                                                         _0134_ (net)
                      0.589032    0.000000 20758.089844 ^ _2012_/D (gf180mcu_fd_sc_mcu7t5v0__dffrnq_1)
                                           20758.089844   data arrival time

                      0.000000 20833.279297 20833.279297   clock clk_div (rise edge)
                                  0.000000 20833.279297   clock network delay (ideal)
                                 -0.250000 20833.029297   clock uncertainty
                                  0.000000 20833.029297   clock reconvergence pessimism
                                           20833.029297 ^ _2012_/CLK (gf180mcu_fd_sc_mcu7t5v0__dffrnq_1)
                                 -0.720272 20832.310547   library setup time
                                           20832.310547   data required time
---------------------------------------------------------------------------------------------
                                           20832.310547   data required time
                                           -20758.089844   data arrival time
---------------------------------------------------------------------------------------------
                                             74.219177   slack (MET)


Startpoint: _2036_ (rising edge-triggered flip-flop clocked by clk)
Endpoint: _2042_ (rising edge-triggered flip-flop clocked by clk)
Path Group: clk
Path Type: max

Fanout         Cap        Slew       Delay        Time   Description
---------------------------------------------------------------------------------------------
                      0.000000    0.000000    0.000000   clock clk (rise edge)
                                  0.000000    0.000000   clock network delay (ideal)
                      0.000000    0.000000    0.000000 ^ _2036_/CLK (gf180mcu_fd_sc_mcu7t5v0__dffrnq_1)
    10    0.044682    1.374532    2.303169    2.303169 ^ _2036_/Q (gf180mcu_fd_sc_mcu7t5v0__dffrnq_1)
                                                         u_cas_int.out_int2[6] (net)
                      1.374532    0.000000    2.303169 ^ _1309_/A1 (gf180mcu_fd_sc_mcu7t5v0__and2_1)
     2    0.008244    0.387336    0.750658    3.053828 ^ _1309_/Z (gf180mcu_fd_sc_mcu7t5v0__and2_1)
                                                         _0721_ (net)
                      0.387336    0.000000    3.053828 ^ _1322_/A3 (gf180mcu_fd_sc_mcu7t5v0__nor3_1)
     3    0.012705    0.611426    0.469887    3.523714 v _1322_/ZN (gf180mcu_fd_sc_mcu7t5v0__nor3_1)
                                                         _0732_ (net)
                      0.611426    0.000000    3.523714 v _1330_/A1 (gf180mcu_fd_sc_mcu7t5v0__aoi21_1)
     1    0.004900    0.623841    0.464123    3.987838 ^ _1330_/ZN (gf180mcu_fd_sc_mcu7t5v0__aoi21_1)
                                                         _0740_ (net)
                      0.623841    0.000000    3.987838 ^ _1333_/B (gf180mcu_fd_sc_mcu7t5v0__oai21_1)
     5    0.027011    0.912467    0.696572    4.684410 v _1333_/ZN (gf180mcu_fd_sc_mcu7t5v0__oai21_1)
                                                         _0743_ (net)
                      0.912467    0.000000    4.684410 v _1363_/A1 (gf180mcu_fd_sc_mcu7t5v0__aoi21_1)
     1    0.007663    0.793536    0.637540    5.321949 ^ _1363_/ZN (gf180mcu_fd_sc_mcu7t5v0__aoi21_1)
                                                         _0769_ (net)
                      0.793536    0.000000    5.321949 ^ _1368_/A1 (gf180mcu_fd_sc_mcu7t5v0__xor2_1)
     1    0.003014    0.541557    0.720250    6.042199 ^ _1368_/Z (gf180mcu_fd_sc_mcu7t5v0__xor2_1)
                                                         _0090_ (net)
                      0.541557    0.000000    6.042199 ^ _2042_/D (gf180mcu_fd_sc_mcu7t5v0__dffrnq_1)
                                              6.042199   data arrival time

                      0.000000   81.379997   81.379997   clock clk (rise edge)
                                  0.000000   81.379997   clock network delay (ideal)
                                 -0.250000   81.129997   clock uncertainty
                                  0.000000   81.129997   clock reconvergence pessimism
                                             81.129997 ^ _2042_/CLK (gf180mcu_fd_sc_mcu7t5v0__dffrnq_1)
                                 -0.712055   80.417946   library setup time
                                             80.417946   data required time
---------------------------------------------------------------------------------------------
                                             80.417946   data required time
                                             -6.042199   data arrival time
---------------------------------------------------------------------------------------------
                                             74.375740   slack (MET)


Startpoint: _2036_ (rising edge-triggered flip-flop clocked by clk)
Endpoint: _2042_ (rising edge-triggered flip-flop clocked by clk_div)
Path Group: clk_div
Path Type: max

Fanout         Cap        Slew       Delay        Time   Description
---------------------------------------------------------------------------------------------
                      0.000000 20751.898438 20751.898438   clock clk (rise edge)
                                  0.000000 20751.898438   clock network delay (ideal)
                      0.000000    0.000000 20751.898438 ^ _2036_/CLK (gf180mcu_fd_sc_mcu7t5v0__dffrnq_1)
    10    0.044682    1.374532    2.302841 20754.203125 ^ _2036_/Q (gf180mcu_fd_sc_mcu7t5v0__dffrnq_1)
                                                         u_cas_int.out_int2[6] (net)
                      1.374532    0.000000 20754.203125 ^ _1309_/A1 (gf180mcu_fd_sc_mcu7t5v0__and2_1)
     2    0.008244    0.387336    0.751243 20754.953125 ^ _1309_/Z (gf180mcu_fd_sc_mcu7t5v0__and2_1)
                                                         _0721_ (net)
                      0.387336    0.000000 20754.953125 ^ _1322_/A3 (gf180mcu_fd_sc_mcu7t5v0__nor3_1)
     3    0.012705    0.611426    0.469299 20755.421875 v _1322_/ZN (gf180mcu_fd_sc_mcu7t5v0__nor3_1)
                                                         _0732_ (net)
                      0.611426    0.000000 20755.421875 v _1330_/A1 (gf180mcu_fd_sc_mcu7t5v0__aoi21_1)
     1    0.004900    0.623841    0.463842 20755.886719 ^ _1330_/ZN (gf180mcu_fd_sc_mcu7t5v0__aoi21_1)
                                                         _0740_ (net)
                      0.623841    0.000000 20755.886719 ^ _1333_/B (gf180mcu_fd_sc_mcu7t5v0__oai21_1)
     5    0.027011    0.912467    0.696673 20756.583984 v _1333_/ZN (gf180mcu_fd_sc_mcu7t5v0__oai21_1)
                                                         _0743_ (net)
                      0.912467    0.000000 20756.583984 v _1363_/A1 (gf180mcu_fd_sc_mcu7t5v0__aoi21_1)
     1    0.007663    0.793536    0.638465 20757.222656 ^ _1363_/ZN (gf180mcu_fd_sc_mcu7t5v0__aoi21_1)
                                                         _0769_ (net)
                      0.793536    0.000000 20757.222656 ^ _1368_/A1 (gf180mcu_fd_sc_mcu7t5v0__xor2_1)
     1    0.003014    0.541557    0.720320 20757.941406 ^ _1368_/Z (gf180mcu_fd_sc_mcu7t5v0__xor2_1)
                                                         _0090_ (net)
                      0.541557    0.000000 20757.941406 ^ _2042_/D (gf180mcu_fd_sc_mcu7t5v0__dffrnq_1)
                                           20757.941406   data arrival time

                      0.000000 20833.279297 20833.279297   clock clk_div (rise edge)
                                  0.000000 20833.279297   clock network delay (ideal)
                                 -0.250000 20833.029297   clock uncertainty
                                  0.000000 20833.029297   clock reconvergence pessimism
                                           20833.029297 ^ _2042_/CLK (gf180mcu_fd_sc_mcu7t5v0__dffrnq_1)
                                 -0.712055 20832.316406   library setup time
                                           20832.316406   data required time
---------------------------------------------------------------------------------------------
                                           20832.316406   data required time
                                           -20757.941406   data arrival time
---------------------------------------------------------------------------------------------
                                             74.375740   slack (MET)


Startpoint: _2005_ (rising edge-triggered flip-flop clocked by clk)
Endpoint: _2013_ (rising edge-triggered flip-flop clocked by clk)
Path Group: clk
Path Type: max

Fanout         Cap        Slew       Delay        Time   Description
---------------------------------------------------------------------------------------------
                      0.000000    0.000000    0.000000   clock clk (rise edge)
                                  0.000000    0.000000   clock network delay (ideal)
                      0.000000    0.000000    0.000000 ^ _2005_/CLK (gf180mcu_fd_sc_mcu7t5v0__dffrnq_1)
     7    0.036925    1.162486    2.181902    2.181902 ^ _2005_/Q (gf180mcu_fd_sc_mcu7t5v0__dffrnq_1)
                                                         out_cas_int[0] (net)
                      1.162486    0.000000    2.181902 ^ _1119_/C (gf180mcu_fd_sc_mcu7t5v0__oai211_1)
     2    0.009178    0.765330    0.593235    2.775137 v _1119_/ZN (gf180mcu_fd_sc_mcu7t5v0__oai211_1)
                                                         _0559_ (net)
                      0.765330    0.000000    2.775137 v _1121_/A2 (gf180mcu_fd_sc_mcu7t5v0__aoi211_1)
     2    0.007790    1.273571    0.860009    3.635146 ^ _1121_/ZN (gf180mcu_fd_sc_mcu7t5v0__aoi211_1)
                                                         _0561_ (net)
                      1.273571    0.000000    3.635146 ^ _1142_/A1 (gf180mcu_fd_sc_mcu7t5v0__oai211_1)
     2    0.007737    0.689034    0.489324    4.124469 v _1142_/ZN (gf180mcu_fd_sc_mcu7t5v0__oai211_1)
                                                         _0578_ (net)
                      0.689034    0.000000    4.124469 v _1155_/A1 (gf180mcu_fd_sc_mcu7t5v0__aoi21_1)
     4    0.022516    1.578406    1.012460    5.136929 ^ _1155_/ZN (gf180mcu_fd_sc_mcu7t5v0__aoi21_1)
                                                         _0589_ (net)
                      1.578406    0.000000    5.136929 ^ _1159_/A3 (gf180mcu_fd_sc_mcu7t5v0__xor3_1)
     1    0.003014    0.587618    0.748540    5.885469 ^ _1159_/Z (gf180mcu_fd_sc_mcu7t5v0__xor3_1)
                                                         _0135_ (net)
                      0.587618    0.000000    5.885469 ^ _2013_/D (gf180mcu_fd_sc_mcu7t5v0__dffrnq_1)
                                              5.885469   data arrival time

                      0.000000   81.379997   81.379997   clock clk (rise edge)
                                  0.000000   81.379997   clock network delay (ideal)
                                 -0.250000   81.129997   clock uncertainty
                                  0.000000   81.129997   clock reconvergence pessimism
                                             81.129997 ^ _2013_/CLK (gf180mcu_fd_sc_mcu7t5v0__dffrnq_1)
                                 -0.720062   80.409935   library setup time
                                             80.409935   data required time
---------------------------------------------------------------------------------------------
                                             80.409935   data required time
                                             -5.885469   data arrival time
---------------------------------------------------------------------------------------------
                                             74.524467   slack (MET)


Startpoint: _2005_ (rising edge-triggered flip-flop clocked by clk)
Endpoint: _2013_ (rising edge-triggered flip-flop clocked by clk_div)
Path Group: clk_div
Path Type: max

Fanout         Cap        Slew       Delay        Time   Description
---------------------------------------------------------------------------------------------
                      0.000000 20751.898438 20751.898438   clock clk (rise edge)
                                  0.000000 20751.898438   clock network delay (ideal)
                      0.000000    0.000000 20751.898438 ^ _2005_/CLK (gf180mcu_fd_sc_mcu7t5v0__dffrnq_1)
     7    0.036925    1.162486    2.182787 20754.082031 ^ _2005_/Q (gf180mcu_fd_sc_mcu7t5v0__dffrnq_1)
                                                         out_cas_int[0] (net)
                      1.162486    0.000000 20754.082031 ^ _1119_/C (gf180mcu_fd_sc_mcu7t5v0__oai211_1)
     2    0.009178    0.765330    0.592991 20754.675781 v _1119_/ZN (gf180mcu_fd_sc_mcu7t5v0__oai211_1)
                                                         _0559_ (net)
                      0.765330    0.000000 20754.675781 v _1121_/A2 (gf180mcu_fd_sc_mcu7t5v0__aoi211_1)
     2    0.007790    1.273571    0.858563 20755.533203 ^ _1121_/ZN (gf180mcu_fd_sc_mcu7t5v0__aoi211_1)
                                                         _0561_ (net)
                      1.273571    0.000000 20755.533203 ^ _1142_/A1 (gf180mcu_fd_sc_mcu7t5v0__oai211_1)
     2    0.007737    0.689034    0.489308 20756.023438 v _1142_/ZN (gf180mcu_fd_sc_mcu7t5v0__oai211_1)
                                                         _0578_ (net)
                      0.689034    0.000000 20756.023438 v _1155_/A1 (gf180mcu_fd_sc_mcu7t5v0__aoi21_1)
     4    0.022516    1.578406    1.013177 20757.037109 ^ _1155_/ZN (gf180mcu_fd_sc_mcu7t5v0__aoi21_1)
                                                         _0589_ (net)
                      1.578406    0.000000 20757.037109 ^ _1159_/A3 (gf180mcu_fd_sc_mcu7t5v0__xor3_1)
     1    0.003014    0.587618    0.749424 20757.785156 ^ _1159_/Z (gf180mcu_fd_sc_mcu7t5v0__xor3_1)
                                                         _0135_ (net)
                      0.587618    0.000000 20757.785156 ^ _2013_/D (gf180mcu_fd_sc_mcu7t5v0__dffrnq_1)
                                           20757.785156   data arrival time

                      0.000000 20833.279297 20833.279297   clock clk_div (rise edge)
                                  0.000000 20833.279297   clock network delay (ideal)
                                 -0.250000 20833.029297   clock uncertainty
                                  0.000000 20833.029297   clock reconvergence pessimism
                                           20833.029297 ^ _2013_/CLK (gf180mcu_fd_sc_mcu7t5v0__dffrnq_1)
                                 -0.720062 20832.310547   library setup time
                                           20832.310547   data required time
---------------------------------------------------------------------------------------------
                                           20832.310547   data required time
                                           -20757.785156   data arrival time
---------------------------------------------------------------------------------------------
                                             74.524467   slack (MET)


Startpoint: _2037_ (rising edge-triggered flip-flop clocked by clk)
Endpoint: _2038_ (rising edge-triggered flip-flop clocked by clk)
Path Group: clk
Path Type: max

Fanout         Cap        Slew       Delay        Time   Description
---------------------------------------------------------------------------------------------
                      0.000000    0.000000    0.000000   clock clk (rise edge)
                                  0.000000    0.000000   clock network delay (ideal)
                      0.000000    0.000000    0.000000 ^ _2037_/CLK (gf180mcu_fd_sc_mcu7t5v0__dffrnq_1)
    10    0.045717    1.402907    2.319324    2.319324 ^ _2037_/Q (gf180mcu_fd_sc_mcu7t5v0__dffrnq_1)
                                                         u_cas_int.out_int2[7] (net)
                      1.402907    0.000000    2.319324 ^ _1321_/B2 (gf180mcu_fd_sc_mcu7t5v0__oai22_1)
     1    0.004298    0.568898    0.424799    2.744123 v _1321_/ZN (gf180mcu_fd_sc_mcu7t5v0__oai22_1)
                                                         _0731_ (net)
                      0.568898    0.000000    2.744123 v _1322_/A1 (gf180mcu_fd_sc_mcu7t5v0__nor3_1)
     3    0.012705    1.425926    0.899379    3.643502 ^ _1322_/ZN (gf180mcu_fd_sc_mcu7t5v0__nor3_1)
                                                         _0732_ (net)
                      1.425926    0.000000    3.643502 ^ _1327_/A1 (gf180mcu_fd_sc_mcu7t5v0__nand2_1)
     1    0.004983    0.471584    0.283925    3.927427 v _1327_/ZN (gf180mcu_fd_sc_mcu7t5v0__nand2_1)
                                                         _0737_ (net)
                      0.471584    0.000000    3.927427 v _1333_/A2 (gf180mcu_fd_sc_mcu7t5v0__oai21_1)
     5    0.027011    1.723776    1.117270    5.044697 ^ _1333_/ZN (gf180mcu_fd_sc_mcu7t5v0__oai21_1)
                                                         _0743_ (net)
                      1.723776    0.000000    5.044697 ^ _1337_/A3 (gf180mcu_fd_sc_mcu7t5v0__xor3_1)
     1    0.003014    0.585735    0.751678    5.796376 ^ _1337_/Z (gf180mcu_fd_sc_mcu7t5v0__xor3_1)
                                                         _0110_ (net)
                      0.585735    0.000000    5.796376 ^ _2038_/D (gf180mcu_fd_sc_mcu7t5v0__dffrnq_1)
                                              5.796376   data arrival time

                      0.000000   81.379997   81.379997   clock clk (rise edge)
                                  0.000000   81.379997   clock network delay (ideal)
                                 -0.250000   81.129997   clock uncertainty
                                  0.000000   81.129997   clock reconvergence pessimism
                                             81.129997 ^ _2038_/CLK (gf180mcu_fd_sc_mcu7t5v0__dffrnq_1)
                                 -0.719782   80.410217   library setup time
                                             80.410217   data required time
---------------------------------------------------------------------------------------------
                                             80.410217   data required time
                                             -5.796376   data arrival time
---------------------------------------------------------------------------------------------
                                             74.613846   slack (MET)


Startpoint: _2037_ (rising edge-triggered flip-flop clocked by clk)
Endpoint: _2038_ (rising edge-triggered flip-flop clocked by clk_div)
Path Group: clk_div
Path Type: max

Fanout         Cap        Slew       Delay        Time   Description
---------------------------------------------------------------------------------------------
                      0.000000 20751.898438 20751.898438   clock clk (rise edge)
                                  0.000000 20751.898438   clock network delay (ideal)
                      0.000000    0.000000 20751.898438 ^ _2037_/CLK (gf180mcu_fd_sc_mcu7t5v0__dffrnq_1)
    10    0.045717    1.402907    2.319211 20754.218750 ^ _2037_/Q (gf180mcu_fd_sc_mcu7t5v0__dffrnq_1)
                                                         u_cas_int.out_int2[7] (net)
                      1.402907    0.000000 20754.218750 ^ _1321_/B2 (gf180mcu_fd_sc_mcu7t5v0__oai22_1)
     1    0.004298    0.568898    0.425644 20754.644531 v _1321_/ZN (gf180mcu_fd_sc_mcu7t5v0__oai22_1)
                                                         _0731_ (net)
                      0.568898    0.000000 20754.644531 v _1322_/A1 (gf180mcu_fd_sc_mcu7t5v0__nor3_1)
     3    0.012705    1.425926    0.898581 20755.542969 ^ _1322_/ZN (gf180mcu_fd_sc_mcu7t5v0__nor3_1)
                                                         _0732_ (net)
                      1.425926    0.000000 20755.542969 ^ _1327_/A1 (gf180mcu_fd_sc_mcu7t5v0__nand2_1)
     1    0.004983    0.471584    0.283762 20755.826172 v _1327_/ZN (gf180mcu_fd_sc_mcu7t5v0__nand2_1)
                                                         _0737_ (net)
                      0.471584    0.000000 20755.826172 v _1333_/A2 (gf180mcu_fd_sc_mcu7t5v0__oai21_1)
     5    0.027011    1.723776    1.116860 20756.943359 ^ _1333_/ZN (gf180mcu_fd_sc_mcu7t5v0__oai21_1)
                                                         _0743_ (net)
                      1.723776    0.000000 20756.943359 ^ _1337_/A3 (gf180mcu_fd_sc_mcu7t5v0__xor3_1)
     1    0.003014    0.585735    0.753062 20757.697266 ^ _1337_/Z (gf180mcu_fd_sc_mcu7t5v0__xor3_1)
                                                         _0110_ (net)
                      0.585735    0.000000 20757.697266 ^ _2038_/D (gf180mcu_fd_sc_mcu7t5v0__dffrnq_1)
                                           20757.697266   data arrival time

                      0.000000 20833.279297 20833.279297   clock clk_div (rise edge)
                                  0.000000 20833.279297   clock network delay (ideal)
                                 -0.250000 20833.029297   clock uncertainty
                                  0.000000 20833.029297   clock reconvergence pessimism
                                           20833.029297 ^ _2038_/CLK (gf180mcu_fd_sc_mcu7t5v0__dffrnq_1)
                                 -0.719782 20832.310547   library setup time
                                           20832.310547   data required time
---------------------------------------------------------------------------------------------
                                           20832.310547   data required time
                                           -20757.697266   data arrival time
---------------------------------------------------------------------------------------------
                                             74.613846   slack (MET)


Startpoint: _2034_ (rising edge-triggered flip-flop clocked by clk)
Endpoint: _2011_ (rising edge-triggered flip-flop clocked by clk)
Path Group: clk
Path Type: max

Fanout         Cap        Slew       Delay        Time   Description
---------------------------------------------------------------------------------------------
                      0.000000    0.000000    0.000000   clock clk (rise edge)
                                  0.000000    0.000000   clock network delay (ideal)
                      0.000000    0.000000    0.000000 ^ _2034_/CLK (gf180mcu_fd_sc_mcu7t5v0__dffrnq_1)
    11    0.045961    1.409597    2.323133    2.323133 ^ _2034_/Q (gf180mcu_fd_sc_mcu7t5v0__dffrnq_1)
                                                         u_cas_int.out_int2[4] (net)
                      1.409597    0.000000    2.323133 ^ _1128_/A1 (gf180mcu_fd_sc_mcu7t5v0__and2_1)
     2    0.009160    0.410866    0.769569    3.092702 ^ _1128_/Z (gf180mcu_fd_sc_mcu7t5v0__and2_1)
                                                         _0566_ (net)
                      0.410866    0.000000    3.092702 ^ _1141_/A3 (gf180mcu_fd_sc_mcu7t5v0__nor3_1)
     1    0.004657    0.413507    0.329622    3.422323 v _1141_/ZN (gf180mcu_fd_sc_mcu7t5v0__nor3_1)
                                                         _0577_ (net)
                      0.413507    0.000000    3.422323 v _1142_/B (gf180mcu_fd_sc_mcu7t5v0__oai211_1)
     2    0.007737    0.831319    0.566949    3.989272 ^ _1142_/ZN (gf180mcu_fd_sc_mcu7t5v0__oai211_1)
                                                         _0578_ (net)
                      0.831319    0.000000    3.989272 ^ _1144_/A2 (gf180mcu_fd_sc_mcu7t5v0__and3_1)
     2    0.012727    0.543110    0.956257    4.945529 ^ _1144_/Z (gf180mcu_fd_sc_mcu7t5v0__and3_1)
                                                         _0580_ (net)
                      0.543110    0.000000    4.945529 ^ _1147_/A3 (gf180mcu_fd_sc_mcu7t5v0__xor3_1)
     1    0.003014    0.588706    0.702967    5.648497 ^ _1147_/Z (gf180mcu_fd_sc_mcu7t5v0__xor3_1)
                                                         _0133_ (net)
                      0.588706    0.000000    5.648497 ^ _2011_/D (gf180mcu_fd_sc_mcu7t5v0__dffrnq_1)
                                              5.648497   data arrival time

                      0.000000   81.379997   81.379997   clock clk (rise edge)
                                  0.000000   81.379997   clock network delay (ideal)
                                 -0.250000   81.129997   clock uncertainty
                                  0.000000   81.129997   clock reconvergence pessimism
                                             81.129997 ^ _2011_/CLK (gf180mcu_fd_sc_mcu7t5v0__dffrnq_1)
                                 -0.720224   80.409782   library setup time
                                             80.409782   data required time
---------------------------------------------------------------------------------------------
                                             80.409782   data required time
                                             -5.648497   data arrival time
---------------------------------------------------------------------------------------------
                                             74.761284   slack (MET)


Startpoint: _2034_ (rising edge-triggered flip-flop clocked by clk)
Endpoint: _2011_ (rising edge-triggered flip-flop clocked by clk_div)
Path Group: clk_div
Path Type: max

Fanout         Cap        Slew       Delay        Time   Description
---------------------------------------------------------------------------------------------
                      0.000000 20751.898438 20751.898438   clock clk (rise edge)
                                  0.000000 20751.898438   clock network delay (ideal)
                      0.000000    0.000000 20751.898438 ^ _2034_/CLK (gf180mcu_fd_sc_mcu7t5v0__dffrnq_1)
    11    0.045961    1.409597    2.322850 20754.222656 ^ _2034_/Q (gf180mcu_fd_sc_mcu7t5v0__dffrnq_1)
                                                         u_cas_int.out_int2[4] (net)
                      1.409597    0.000000 20754.222656 ^ _1128_/A1 (gf180mcu_fd_sc_mcu7t5v0__and2_1)
     2    0.009160    0.410866    0.769433 20754.992188 ^ _1128_/Z (gf180mcu_fd_sc_mcu7t5v0__and2_1)
                                                         _0566_ (net)
                      0.410866    0.000000 20754.992188 ^ _1141_/A3 (gf180mcu_fd_sc_mcu7t5v0__nor3_1)
     1    0.004657    0.413507    0.329237 20755.320312 v _1141_/ZN (gf180mcu_fd_sc_mcu7t5v0__nor3_1)
                                                         _0577_ (net)
                      0.413507    0.000000 20755.320312 v _1142_/B (gf180mcu_fd_sc_mcu7t5v0__oai211_1)
     2    0.007737    0.831319    0.567525 20755.888672 ^ _1142_/ZN (gf180mcu_fd_sc_mcu7t5v0__oai211_1)
                                                         _0578_ (net)
                      0.831319    0.000000 20755.888672 ^ _1144_/A2 (gf180mcu_fd_sc_mcu7t5v0__and3_1)
     2    0.012727    0.543110    0.956788 20756.845703 ^ _1144_/Z (gf180mcu_fd_sc_mcu7t5v0__and3_1)
                                                         _0580_ (net)
                      0.543110    0.000000 20756.845703 ^ _1147_/A3 (gf180mcu_fd_sc_mcu7t5v0__xor3_1)
     1    0.003014    0.588706    0.702130 20757.546875 ^ _1147_/Z (gf180mcu_fd_sc_mcu7t5v0__xor3_1)
                                                         _0133_ (net)
                      0.588706    0.000000 20757.546875 ^ _2011_/D (gf180mcu_fd_sc_mcu7t5v0__dffrnq_1)
                                           20757.546875   data arrival time

                      0.000000 20833.279297 20833.279297   clock clk_div (rise edge)
                                  0.000000 20833.279297   clock network delay (ideal)
                                 -0.250000 20833.029297   clock uncertainty
                                  0.000000 20833.029297   clock reconvergence pessimism
                                           20833.029297 ^ _2011_/CLK (gf180mcu_fd_sc_mcu7t5v0__dffrnq_1)
                                 -0.720224 20832.310547   library setup time
                                           20832.310547   data required time
---------------------------------------------------------------------------------------------
                                           20832.310547   data required time
                                           -20757.546875   data arrival time
---------------------------------------------------------------------------------------------
                                             74.761284   slack (MET)


Startpoint: _2057_ (rising edge-triggered flip-flop clocked by clk)
Endpoint: _2034_ (rising edge-triggered flip-flop clocked by clk)
Path Group: clk
Path Type: max

Fanout         Cap        Slew       Delay        Time   Description
---------------------------------------------------------------------------------------------
                      0.000000    0.000000    0.000000   clock clk (rise edge)
                                  0.000000    0.000000   clock network delay (ideal)
                      0.000000    0.000000    0.000000 ^ _2057_/CLK (gf180mcu_fd_sc_mcu7t5v0__dffrnq_1)
     8    0.032881    1.055637    2.117541    2.117541 ^ _2057_/Q (gf180mcu_fd_sc_mcu7t5v0__dffrnq_1)
                                                         u_cas_int.out_int1[2] (net)
                      1.055637    0.000000    2.117541 ^ _1281_/A2 (gf180mcu_fd_sc_mcu7t5v0__nor2_1)
     2    0.006877    0.486967    0.375023    2.492563 v _1281_/ZN (gf180mcu_fd_sc_mcu7t5v0__nor2_1)
                                                         _0697_ (net)
                      0.486967    0.000000    2.492563 v _1282_/A2 (gf180mcu_fd_sc_mcu7t5v0__or2_1)
     2    0.012448    0.430281    0.929429    3.421993 v _1282_/Z (gf180mcu_fd_sc_mcu7t5v0__or2_1)
                                                         _0698_ (net)
                      0.430281    0.000000    3.421993 v _1296_/A1 (gf180mcu_fd_sc_mcu7t5v0__oai31_1)
     3    0.017111    2.169730    1.306059    4.728052 ^ _1296_/ZN (gf180mcu_fd_sc_mcu7t5v0__oai31_1)
                                                         _0710_ (net)
                      2.169730    0.000000    4.728052 ^ _1302_/A3 (gf180mcu_fd_sc_mcu7t5v0__xor3_1)
     1    0.003014    0.589109    0.744015    5.472067 ^ _1302_/Z (gf180mcu_fd_sc_mcu7t5v0__xor3_1)
                                                         _0106_ (net)
                      0.589109    0.000000    5.472067 ^ _2034_/D (gf180mcu_fd_sc_mcu7t5v0__dffrnq_1)
                                              5.472067   data arrival time

                      0.000000   81.379997   81.379997   clock clk (rise edge)
                                  0.000000   81.379997   clock network delay (ideal)
                                 -0.250000   81.129997   clock uncertainty
                                  0.000000   81.129997   clock reconvergence pessimism
                                             81.129997 ^ _2034_/CLK (gf180mcu_fd_sc_mcu7t5v0__dffrnq_1)
                                 -0.720284   80.409714   library setup time
                                             80.409714   data required time
---------------------------------------------------------------------------------------------
                                             80.409714   data required time
                                             -5.472067   data arrival time
---------------------------------------------------------------------------------------------
                                             74.937645   slack (MET)


Startpoint: _2057_ (rising edge-triggered flip-flop clocked by clk)
Endpoint: _2034_ (rising edge-triggered flip-flop clocked by clk_div)
Path Group: clk_div
Path Type: max

Fanout         Cap        Slew       Delay        Time   Description
---------------------------------------------------------------------------------------------
                      0.000000 20751.898438 20751.898438   clock clk (rise edge)
                                  0.000000 20751.898438   clock network delay (ideal)
                      0.000000    0.000000 20751.898438 ^ _2057_/CLK (gf180mcu_fd_sc_mcu7t5v0__dffrnq_1)
     8    0.032881    1.055637    2.117304 20754.017578 ^ _2057_/Q (gf180mcu_fd_sc_mcu7t5v0__dffrnq_1)
                                                         u_cas_int.out_int1[2] (net)
                      1.055637    0.000000 20754.017578 ^ _1281_/A2 (gf180mcu_fd_sc_mcu7t5v0__nor2_1)
     2    0.006877    0.486967    0.374712 20754.390625 v _1281_/ZN (gf180mcu_fd_sc_mcu7t5v0__nor2_1)
                                                         _0697_ (net)
                      0.486967    0.000000 20754.390625 v _1282_/A2 (gf180mcu_fd_sc_mcu7t5v0__or2_1)
     2    0.012448    0.430281    0.929504 20755.320312 v _1282_/Z (gf180mcu_fd_sc_mcu7t5v0__or2_1)
                                                         _0698_ (net)
                      0.430281    0.000000 20755.320312 v _1296_/A1 (gf180mcu_fd_sc_mcu7t5v0__oai31_1)
     3    0.017111    2.169730    1.306034 20756.626953 ^ _1296_/ZN (gf180mcu_fd_sc_mcu7t5v0__oai31_1)
                                                         _0710_ (net)
                      2.169730    0.000000 20756.626953 ^ _1302_/A3 (gf180mcu_fd_sc_mcu7t5v0__xor3_1)
     1    0.003014    0.589109    0.743967 20757.371094 ^ _1302_/Z (gf180mcu_fd_sc_mcu7t5v0__xor3_1)
                                                         _0106_ (net)
                      0.589109    0.000000 20757.371094 ^ _2034_/D (gf180mcu_fd_sc_mcu7t5v0__dffrnq_1)
                                           20757.371094   data arrival time

                      0.000000 20833.279297 20833.279297   clock clk_div (rise edge)
                                  0.000000 20833.279297   clock network delay (ideal)
                                 -0.250000 20833.029297   clock uncertainty
                                  0.000000 20833.029297   clock reconvergence pessimism
                                           20833.029297 ^ _2034_/CLK (gf180mcu_fd_sc_mcu7t5v0__dffrnq_1)
                                 -0.720284 20832.310547   library setup time
                                           20832.310547   data required time
---------------------------------------------------------------------------------------------
                                           20832.310547   data required time
                                           -20757.371094   data arrival time
---------------------------------------------------------------------------------------------
                                             74.937645   slack (MET)


Startpoint: _2032_ (rising edge-triggered flip-flop clocked by clk)
Endpoint: _2010_ (rising edge-triggered flip-flop clocked by clk)
Path Group: clk
Path Type: max

Fanout         Cap        Slew       Delay        Time   Description
---------------------------------------------------------------------------------------------
                      0.000000    0.000000    0.000000   clock clk (rise edge)
                                  0.000000    0.000000   clock network delay (ideal)
                      0.000000    0.000000    0.000000 ^ _2032_/CLK (gf180mcu_fd_sc_mcu7t5v0__dffrnq_1)
     7    0.029688    0.971272    2.066724    2.066724 ^ _2032_/Q (gf180mcu_fd_sc_mcu7t5v0__dffrnq_1)
                                                         u_cas_int.out_int2[2] (net)
                      0.971272    0.000000    2.066724 ^ _1117_/A1 (gf180mcu_fd_sc_mcu7t5v0__and2_1)
     3    0.011408    0.462603    0.762868    2.829592 ^ _1117_/Z (gf180mcu_fd_sc_mcu7t5v0__and2_1)
                                                         _0557_ (net)
                      0.462603    0.000000    2.829592 ^ _1118_/A2 (gf180mcu_fd_sc_mcu7t5v0__nor2_1)
     2    0.012586    0.464265    0.389726    3.219318 v _1118_/ZN (gf180mcu_fd_sc_mcu7t5v0__nor2_1)
                                                         _0558_ (net)
                      0.464265    0.000000    3.219318 v _1122_/A1 (gf180mcu_fd_sc_mcu7t5v0__nand2_1)
     1    0.004977    0.364227    0.300382    3.519700 ^ _1122_/ZN (gf180mcu_fd_sc_mcu7t5v0__nand2_1)
                                                         _0562_ (net)
                      0.364227    0.000000    3.519700 ^ _1134_/A1 (gf180mcu_fd_sc_mcu7t5v0__aoi21_1)
     2    0.012824    0.605297    0.360880    3.880580 v _1134_/ZN (gf180mcu_fd_sc_mcu7t5v0__aoi21_1)
                                                         _0572_ (net)
                      0.605297    0.000000    3.880580 v _1136_/A1 (gf180mcu_fd_sc_mcu7t5v0__oai21_1)
     1    0.007079    0.663777    0.549049    4.429629 ^ _1136_/ZN (gf180mcu_fd_sc_mcu7t5v0__oai21_1)
                                                         _0573_ (net)
                      0.663777    0.000000    4.429629 ^ _1139_/A3 (gf180mcu_fd_sc_mcu7t5v0__xnor3_1)
     1    0.003014    0.578689    0.678164    5.107793 ^ _1139_/ZN (gf180mcu_fd_sc_mcu7t5v0__xnor3_1)
                                                         _0132_ (net)
                      0.578689    0.000000    5.107793 ^ _2010_/D (gf180mcu_fd_sc_mcu7t5v0__dffrnq_1)
                                              5.107793   data arrival time

                      0.000000   81.379997   81.379997   clock clk (rise edge)
                                  0.000000   81.379997   clock network delay (ideal)
                                 -0.250000   81.129997   clock uncertainty
                                  0.000000   81.129997   clock reconvergence pessimism
                                             81.129997 ^ _2010_/CLK (gf180mcu_fd_sc_mcu7t5v0__dffrnq_1)
                                 -0.718733   80.411263   library setup time
                                             80.411263   data required time
---------------------------------------------------------------------------------------------
                                             80.411263   data required time
                                             -5.107793   data arrival time
---------------------------------------------------------------------------------------------
                                             75.303467   slack (MET)


Startpoint: _2032_ (rising edge-triggered flip-flop clocked by clk)
Endpoint: _2010_ (rising edge-triggered flip-flop clocked by clk_div)
Path Group: clk_div
Path Type: max

Fanout         Cap        Slew       Delay        Time   Description
---------------------------------------------------------------------------------------------
                      0.000000 20751.898438 20751.898438   clock clk (rise edge)
                                  0.000000 20751.898438   clock network delay (ideal)
                      0.000000    0.000000 20751.898438 ^ _2032_/CLK (gf180mcu_fd_sc_mcu7t5v0__dffrnq_1)
     7    0.029688    0.971272    2.066372 20753.964844 ^ _2032_/Q (gf180mcu_fd_sc_mcu7t5v0__dffrnq_1)
                                                         u_cas_int.out_int2[2] (net)
                      0.971272    0.000000 20753.964844 ^ _1117_/A1 (gf180mcu_fd_sc_mcu7t5v0__and2_1)
     3    0.011408    0.462603    0.763976 20754.730469 ^ _1117_/Z (gf180mcu_fd_sc_mcu7t5v0__and2_1)
                                                         _0557_ (net)
                      0.462603    0.000000 20754.730469 ^ _1118_/A2 (gf180mcu_fd_sc_mcu7t5v0__nor2_1)
     2    0.012586    0.464265    0.389264 20755.119141 v _1118_/ZN (gf180mcu_fd_sc_mcu7t5v0__nor2_1)
                                                         _0558_ (net)
                      0.464265    0.000000 20755.119141 v _1122_/A1 (gf180mcu_fd_sc_mcu7t5v0__nand2_1)
     1    0.004977    0.364227    0.300133 20755.419922 ^ _1122_/ZN (gf180mcu_fd_sc_mcu7t5v0__nand2_1)
                                                         _0562_ (net)
                      0.364227    0.000000 20755.419922 ^ _1134_/A1 (gf180mcu_fd_sc_mcu7t5v0__aoi21_1)
     2    0.012824    0.605297    0.360160 20755.779297 v _1134_/ZN (gf180mcu_fd_sc_mcu7t5v0__aoi21_1)
                                                         _0572_ (net)
                      0.605297    0.000000 20755.779297 v _1136_/A1 (gf180mcu_fd_sc_mcu7t5v0__oai21_1)
     1    0.007079    0.663777    0.549335 20756.328125 ^ _1136_/ZN (gf180mcu_fd_sc_mcu7t5v0__oai21_1)
                                                         _0573_ (net)
                      0.663777    0.000000 20756.328125 ^ _1139_/A3 (gf180mcu_fd_sc_mcu7t5v0__xnor3_1)
     1    0.003014    0.578689    0.678483 20757.007812 ^ _1139_/ZN (gf180mcu_fd_sc_mcu7t5v0__xnor3_1)
                                                         _0132_ (net)
                      0.578689    0.000000 20757.007812 ^ _2010_/D (gf180mcu_fd_sc_mcu7t5v0__dffrnq_1)
                                           20757.007812   data arrival time

                      0.000000 20833.279297 20833.279297   clock clk_div (rise edge)
                                  0.000000 20833.279297   clock network delay (ideal)
                                 -0.250000 20833.029297   clock uncertainty
                                  0.000000 20833.029297   clock reconvergence pessimism
                                           20833.029297 ^ _2010_/CLK (gf180mcu_fd_sc_mcu7t5v0__dffrnq_1)
                                 -0.718733 20832.310547   library setup time
                                           20832.310547   data required time
---------------------------------------------------------------------------------------------
                                           20832.310547   data required time
                                           -20757.007812   data arrival time
---------------------------------------------------------------------------------------------
                                             75.303467   slack (MET)


Startpoint: _2005_ (rising edge-triggered flip-flop clocked by clk)
Endpoint: _2009_ (rising edge-triggered flip-flop clocked by clk)
Path Group: clk
Path Type: max

Fanout         Cap        Slew       Delay        Time   Description
---------------------------------------------------------------------------------------------
                      0.000000    0.000000    0.000000   clock clk (rise edge)
                                  0.000000    0.000000   clock network delay (ideal)
                      0.000000    0.000000    0.000000 ^ _2005_/CLK (gf180mcu_fd_sc_mcu7t5v0__dffrnq_1)
     7    0.036925    1.162486    2.181902    2.181902 ^ _2005_/Q (gf180mcu_fd_sc_mcu7t5v0__dffrnq_1)
                                                         out_cas_int[0] (net)
                      1.162486    0.000000    2.181902 ^ _1119_/C (gf180mcu_fd_sc_mcu7t5v0__oai211_1)
     2    0.009178    0.765330    0.593235    2.775137 v _1119_/ZN (gf180mcu_fd_sc_mcu7t5v0__oai211_1)
                                                         _0559_ (net)
                      0.765330    0.000000    2.775137 v _1120_/A2 (gf180mcu_fd_sc_mcu7t5v0__nand2_1)
     2    0.012307    0.601632    0.558847    3.333984 ^ _1120_/ZN (gf180mcu_fd_sc_mcu7t5v0__nand2_1)
                                                         _0560_ (net)
                      0.601632    0.000000    3.333984 ^ _1122_/A2 (gf180mcu_fd_sc_mcu7t5v0__nand2_1)
     1    0.004977    0.376534    0.226117    3.560101 v _1122_/ZN (gf180mcu_fd_sc_mcu7t5v0__nand2_1)
                                                         _0562_ (net)
                      0.376534    0.000000    3.560101 v _1134_/A1 (gf180mcu_fd_sc_mcu7t5v0__aoi21_1)
     2    0.012824    1.057367    0.632369    4.192470 ^ _1134_/ZN (gf180mcu_fd_sc_mcu7t5v0__aoi21_1)
                                                         _0572_ (net)
                      1.057367    0.000000    4.192470 ^ _1135_/A2 (gf180mcu_fd_sc_mcu7t5v0__xnor2_1)
     1    0.003014    0.543641    0.778795    4.971264 ^ _1135_/ZN (gf180mcu_fd_sc_mcu7t5v0__xnor2_1)
                                                         _0131_ (net)
                      0.543641    0.000000    4.971264 ^ _2009_/D (gf180mcu_fd_sc_mcu7t5v0__dffrnq_1)
                                              4.971264   data arrival time

                      0.000000   81.379997   81.379997   clock clk (rise edge)
                                  0.000000   81.379997   clock network delay (ideal)
                                 -0.250000   81.129997   clock uncertainty
                                  0.000000   81.129997   clock reconvergence pessimism
                                             81.129997 ^ _2009_/CLK (gf180mcu_fd_sc_mcu7t5v0__dffrnq_1)
                                 -0.712494   80.417503   library setup time
                                             80.417503   data required time
---------------------------------------------------------------------------------------------
                                             80.417503   data required time
                                             -4.971264   data arrival time
---------------------------------------------------------------------------------------------
                                             75.446243   slack (MET)


Startpoint: _2005_ (rising edge-triggered flip-flop clocked by clk)
Endpoint: _2009_ (rising edge-triggered flip-flop clocked by clk_div)
Path Group: clk_div
Path Type: max

Fanout         Cap        Slew       Delay        Time   Description
---------------------------------------------------------------------------------------------
                      0.000000 20751.898438 20751.898438   clock clk (rise edge)
                                  0.000000 20751.898438   clock network delay (ideal)
                      0.000000    0.000000 20751.898438 ^ _2005_/CLK (gf180mcu_fd_sc_mcu7t5v0__dffrnq_1)
     7    0.036925    1.162486    2.182787 20754.082031 ^ _2005_/Q (gf180mcu_fd_sc_mcu7t5v0__dffrnq_1)
                                                         out_cas_int[0] (net)
                      1.162486    0.000000 20754.082031 ^ _1119_/C (gf180mcu_fd_sc_mcu7t5v0__oai211_1)
     2    0.009178    0.765330    0.592991 20754.675781 v _1119_/ZN (gf180mcu_fd_sc_mcu7t5v0__oai211_1)
                                                         _0559_ (net)
                      0.765330    0.000000 20754.675781 v _1120_/A2 (gf180mcu_fd_sc_mcu7t5v0__nand2_1)
     2    0.012307    0.601632    0.558430 20755.234375 ^ _1120_/ZN (gf180mcu_fd_sc_mcu7t5v0__nand2_1)
                                                         _0560_ (net)
                      0.601632    0.000000 20755.234375 ^ _1122_/A2 (gf180mcu_fd_sc_mcu7t5v0__nand2_1)
     1    0.004977    0.376534    0.225555 20755.458984 v _1122_/ZN (gf180mcu_fd_sc_mcu7t5v0__nand2_1)
                                                         _0562_ (net)
                      0.376534    0.000000 20755.458984 v _1134_/A1 (gf180mcu_fd_sc_mcu7t5v0__aoi21_1)
     2    0.012824    1.057367    0.633008 20756.091797 ^ _1134_/ZN (gf180mcu_fd_sc_mcu7t5v0__aoi21_1)
                                                         _0572_ (net)
                      1.057367    0.000000 20756.091797 ^ _1135_/A2 (gf180mcu_fd_sc_mcu7t5v0__xnor2_1)
     1    0.003014    0.543641    0.778527 20756.871094 ^ _1135_/ZN (gf180mcu_fd_sc_mcu7t5v0__xnor2_1)
                                                         _0131_ (net)
                      0.543641    0.000000 20756.871094 ^ _2009_/D (gf180mcu_fd_sc_mcu7t5v0__dffrnq_1)
                                           20756.871094   data arrival time

                      0.000000 20833.279297 20833.279297   clock clk_div (rise edge)
                                  0.000000 20833.279297   clock network delay (ideal)
                                 -0.250000 20833.029297   clock uncertainty
                                  0.000000 20833.029297   clock reconvergence pessimism
                                           20833.029297 ^ _2009_/CLK (gf180mcu_fd_sc_mcu7t5v0__dffrnq_1)
                                 -0.712494 20832.316406   library setup time
                                           20832.316406   data required time
---------------------------------------------------------------------------------------------
                                           20832.316406   data required time
                                           -20756.871094   data arrival time
---------------------------------------------------------------------------------------------
                                             75.446243   slack (MET)


Startpoint: _2005_ (rising edge-triggered flip-flop clocked by clk)
Endpoint: _2008_ (rising edge-triggered flip-flop clocked by clk)
Path Group: clk
Path Type: max

Fanout         Cap        Slew       Delay        Time   Description
---------------------------------------------------------------------------------------------
                      0.000000    0.000000    0.000000   clock clk (rise edge)
                                  0.000000    0.000000   clock network delay (ideal)
                      0.000000    0.000000    0.000000 ^ _2005_/CLK (gf180mcu_fd_sc_mcu7t5v0__dffrnq_1)
     7    0.036925    1.162486    2.181902    2.181902 ^ _2005_/Q (gf180mcu_fd_sc_mcu7t5v0__dffrnq_1)
                                                         out_cas_int[0] (net)
                      1.162486    0.000000    2.181902 ^ _1119_/C (gf180mcu_fd_sc_mcu7t5v0__oai211_1)
     2    0.009178    0.765330    0.593235    2.775137 v _1119_/ZN (gf180mcu_fd_sc_mcu7t5v0__oai211_1)
                                                         _0559_ (net)
                      0.765330    0.000000    2.775137 v _1121_/A2 (gf180mcu_fd_sc_mcu7t5v0__aoi211_1)
     2    0.007790    1.273571    0.860009    3.635146 ^ _1121_/ZN (gf180mcu_fd_sc_mcu7t5v0__aoi211_1)
                                                         _0561_ (net)
                      1.273571    0.000000    3.635146 ^ _1124_/A2 (gf180mcu_fd_sc_mcu7t5v0__or2_1)
     1    0.007639    0.343192    0.614649    4.249794 ^ _1124_/Z (gf180mcu_fd_sc_mcu7t5v0__or2_1)
                                                         _0563_ (net)
                      0.343192    0.000000    4.249794 ^ _1127_/A3 (gf180mcu_fd_sc_mcu7t5v0__xor3_1)
     1    0.003014    0.586385    0.676025    4.925820 ^ _1127_/Z (gf180mcu_fd_sc_mcu7t5v0__xor3_1)
                                                         _0130_ (net)
                      0.586385    0.000000    4.925820 ^ _2008_/D (gf180mcu_fd_sc_mcu7t5v0__dffrnq_1)
                                              4.925820   data arrival time

                      0.000000   81.379997   81.379997   clock clk (rise edge)
                                  0.000000   81.379997   clock network delay (ideal)
                                 -0.250000   81.129997   clock uncertainty
                                  0.000000   81.129997   clock reconvergence pessimism
                                             81.129997 ^ _2008_/CLK (gf180mcu_fd_sc_mcu7t5v0__dffrnq_1)
                                 -0.719878   80.410118   library setup time
                                             80.410118   data required time
---------------------------------------------------------------------------------------------
                                             80.410118   data required time
                                             -4.925820   data arrival time
---------------------------------------------------------------------------------------------
                                             75.484299   slack (MET)


Startpoint: _2005_ (rising edge-triggered flip-flop clocked by clk)
Endpoint: _2008_ (rising edge-triggered flip-flop clocked by clk_div)
Path Group: clk_div
Path Type: max

Fanout         Cap        Slew       Delay        Time   Description
---------------------------------------------------------------------------------------------
                      0.000000 20751.898438 20751.898438   clock clk (rise edge)
                                  0.000000 20751.898438   clock network delay (ideal)
                      0.000000    0.000000 20751.898438 ^ _2005_/CLK (gf180mcu_fd_sc_mcu7t5v0__dffrnq_1)
     7    0.036925    1.162486    2.182787 20754.082031 ^ _2005_/Q (gf180mcu_fd_sc_mcu7t5v0__dffrnq_1)
                                                         out_cas_int[0] (net)
                      1.162486    0.000000 20754.082031 ^ _1119_/C (gf180mcu_fd_sc_mcu7t5v0__oai211_1)
     2    0.009178    0.765330    0.592991 20754.675781 v _1119_/ZN (gf180mcu_fd_sc_mcu7t5v0__oai211_1)
                                                         _0559_ (net)
                      0.765330    0.000000 20754.675781 v _1121_/A2 (gf180mcu_fd_sc_mcu7t5v0__aoi211_1)
     2    0.007790    1.273571    0.858563 20755.533203 ^ _1121_/ZN (gf180mcu_fd_sc_mcu7t5v0__aoi211_1)
                                                         _0561_ (net)
                      1.273571    0.000000 20755.533203 ^ _1124_/A2 (gf180mcu_fd_sc_mcu7t5v0__or2_1)
     1    0.007639    0.343192    0.614818 20756.148438 ^ _1124_/Z (gf180mcu_fd_sc_mcu7t5v0__or2_1)
                                                         _0563_ (net)
                      0.343192    0.000000 20756.148438 ^ _1127_/A3 (gf180mcu_fd_sc_mcu7t5v0__xor3_1)
     1    0.003014    0.586385    0.676664 20756.824219 ^ _1127_/Z (gf180mcu_fd_sc_mcu7t5v0__xor3_1)
                                                         _0130_ (net)
                      0.586385    0.000000 20756.824219 ^ _2008_/D (gf180mcu_fd_sc_mcu7t5v0__dffrnq_1)
                                           20756.824219   data arrival time

                      0.000000 20833.279297 20833.279297   clock clk_div (rise edge)
                                  0.000000 20833.279297   clock network delay (ideal)
                                 -0.250000 20833.029297   clock uncertainty
                                  0.000000 20833.029297   clock reconvergence pessimism
                                           20833.029297 ^ _2008_/CLK (gf180mcu_fd_sc_mcu7t5v0__dffrnq_1)
                                 -0.719878 20832.310547   library setup time
                                           20832.310547   data required time
---------------------------------------------------------------------------------------------
                                           20832.310547   data required time
                                           -20756.824219   data arrival time
---------------------------------------------------------------------------------------------
                                             75.484299   slack (MET)


Startpoint: _2057_ (rising edge-triggered flip-flop clocked by clk)
Endpoint: _2033_ (rising edge-triggered flip-flop clocked by clk)
Path Group: clk
Path Type: max

Fanout         Cap        Slew       Delay        Time   Description
---------------------------------------------------------------------------------------------
                      0.000000    0.000000    0.000000   clock clk (rise edge)
                                  0.000000    0.000000   clock network delay (ideal)
                      0.000000    0.000000    0.000000 ^ _2057_/CLK (gf180mcu_fd_sc_mcu7t5v0__dffrnq_1)
     8    0.032881    1.055637    2.117541    2.117541 ^ _2057_/Q (gf180mcu_fd_sc_mcu7t5v0__dffrnq_1)
                                                         u_cas_int.out_int1[2] (net)
                      1.055637    0.000000    2.117541 ^ _1280_/A2 (gf180mcu_fd_sc_mcu7t5v0__and2_1)
     2    0.006899    0.345626    0.637625    2.755166 ^ _1280_/Z (gf180mcu_fd_sc_mcu7t5v0__and2_1)
                                                         _0696_ (net)
                      0.345626    0.000000    2.755166 ^ _1285_/C (gf180mcu_fd_sc_mcu7t5v0__aoi211_1)
     2    0.009044    0.612806    0.477477    3.232643 v _1285_/ZN (gf180mcu_fd_sc_mcu7t5v0__aoi211_1)
                                                         _0701_ (net)
                      0.612806    0.000000    3.232643 v _1287_/B (gf180mcu_fd_sc_mcu7t5v0__aoi21_1)
     1    0.007663    0.783476    0.648700    3.881344 ^ _1287_/ZN (gf180mcu_fd_sc_mcu7t5v0__aoi21_1)
                                                         _0702_ (net)
                      0.783476    0.000000    3.881344 ^ _1292_/A1 (gf180mcu_fd_sc_mcu7t5v0__xor2_1)
     1    0.003014    0.541472    0.719578    4.600922 ^ _1292_/Z (gf180mcu_fd_sc_mcu7t5v0__xor2_1)
                                                         _0105_ (net)
                      0.541472    0.000000    4.600922 ^ _2033_/D (gf180mcu_fd_sc_mcu7t5v0__dffrnq_1)
                                              4.600922   data arrival time

                      0.000000   81.379997   81.379997   clock clk (rise edge)
                                  0.000000   81.379997   clock network delay (ideal)
                                 -0.250000   81.129997   clock uncertainty
                                  0.000000   81.129997   clock reconvergence pessimism
                                             81.129997 ^ _2033_/CLK (gf180mcu_fd_sc_mcu7t5v0__dffrnq_1)
                                 -0.712037   80.417961   library setup time
                                             80.417961   data required time
---------------------------------------------------------------------------------------------
                                             80.417961   data required time
                                             -4.600922   data arrival time
---------------------------------------------------------------------------------------------
                                             75.817047   slack (MET)


Startpoint: _2057_ (rising edge-triggered flip-flop clocked by clk)
Endpoint: _2033_ (rising edge-triggered flip-flop clocked by clk_div)
Path Group: clk_div
Path Type: max

Fanout         Cap        Slew       Delay        Time   Description
---------------------------------------------------------------------------------------------
                      0.000000 20751.898438 20751.898438   clock clk (rise edge)
                                  0.000000 20751.898438   clock network delay (ideal)
                      0.000000    0.000000 20751.898438 ^ _2057_/CLK (gf180mcu_fd_sc_mcu7t5v0__dffrnq_1)
     8    0.032881    1.055637    2.117304 20754.017578 ^ _2057_/Q (gf180mcu_fd_sc_mcu7t5v0__dffrnq_1)
                                                         u_cas_int.out_int1[2] (net)
                      1.055637    0.000000 20754.017578 ^ _1280_/A2 (gf180mcu_fd_sc_mcu7t5v0__and2_1)
     2    0.006899    0.345626    0.638465 20754.654297 ^ _1280_/Z (gf180mcu_fd_sc_mcu7t5v0__and2_1)
                                                         _0696_ (net)
                      0.345626    0.000000 20754.654297 ^ _1285_/C (gf180mcu_fd_sc_mcu7t5v0__aoi211_1)
     2    0.009044    0.612806    0.476575 20755.130859 v _1285_/ZN (gf180mcu_fd_sc_mcu7t5v0__aoi211_1)
                                                         _0701_ (net)
                      0.612806    0.000000 20755.130859 v _1287_/B (gf180mcu_fd_sc_mcu7t5v0__aoi21_1)
     1    0.007663    0.783476    0.649379 20755.781250 ^ _1287_/ZN (gf180mcu_fd_sc_mcu7t5v0__aoi21_1)
                                                         _0702_ (net)
                      0.783476    0.000000 20755.781250 ^ _1292_/A1 (gf180mcu_fd_sc_mcu7t5v0__xor2_1)
     1    0.003014    0.541472    0.718501 20756.500000 ^ _1292_/Z (gf180mcu_fd_sc_mcu7t5v0__xor2_1)
                                                         _0105_ (net)
                      0.541472    0.000000 20756.500000 ^ _2033_/D (gf180mcu_fd_sc_mcu7t5v0__dffrnq_1)
                                           20756.500000   data arrival time

                      0.000000 20833.279297 20833.279297   clock clk_div (rise edge)
                                  0.000000 20833.279297   clock network delay (ideal)
                                 -0.250000 20833.029297   clock uncertainty
                                  0.000000 20833.029297   clock reconvergence pessimism
                                           20833.029297 ^ _2033_/CLK (gf180mcu_fd_sc_mcu7t5v0__dffrnq_1)
                                 -0.712037 20832.316406   library setup time
                                           20832.316406   data required time
---------------------------------------------------------------------------------------------
                                           20832.316406   data required time
                                           -20756.500000   data arrival time
---------------------------------------------------------------------------------------------
                                             75.817047   slack (MET)


Startpoint: _2080_ (rising edge-triggered flip-flop clocked by clk)
Endpoint: _2086_ (rising edge-triggered flip-flop clocked by clk)
Path Group: clk
Path Type: max

Fanout         Cap        Slew       Delay        Time   Description
---------------------------------------------------------------------------------------------
                      0.000000    0.000000    0.000000   clock clk (rise edge)
                                  0.000000    0.000000   clock network delay (ideal)
                      0.000000    0.000000    0.000000 ^ _2080_/CLK (gf180mcu_fd_sc_mcu7t5v0__dffrnq_1)
     5    0.024127    0.824341    1.978219    1.978219 ^ _2080_/Q (gf180mcu_fd_sc_mcu7t5v0__dffrnq_1)
                                                         u_clock_div.counter[0] (net)
                      0.824341    0.000000    1.978219 ^ _1105_/A3 (gf180mcu_fd_sc_mcu7t5v0__and4_1)
     4    0.020673    0.799495    1.286439    3.264658 ^ _1105_/Z (gf180mcu_fd_sc_mcu7t5v0__and4_1)
                                                         _0550_ (net)
                      0.799495    0.000000    3.264658 ^ _1108_/A3 (gf180mcu_fd_sc_mcu7t5v0__nand3_1)
     1    0.007736    0.549725    0.379560    3.644219 v _1108_/ZN (gf180mcu_fd_sc_mcu7t5v0__nand3_1)
                                                         _0552_ (net)
                      0.549725    0.000000    3.644219 v _1111_/A2 (gf180mcu_fd_sc_mcu7t5v0__xnor2_1)
     1    0.003014    0.536533    0.468822    4.113040 ^ _1111_/ZN (gf180mcu_fd_sc_mcu7t5v0__xnor2_1)
                                                         _0143_ (net)
                      0.536533    0.000000    4.113040 ^ _2086_/D (gf180mcu_fd_sc_mcu7t5v0__dffrnq_1)
                                              4.113040   data arrival time

                      0.000000   81.379997   81.379997   clock clk (rise edge)
                                  0.000000   81.379997   clock network delay (ideal)
                                 -0.250000   81.129997   clock uncertainty
                                  0.000000   81.129997   clock reconvergence pessimism
                                             81.129997 ^ _2086_/CLK (gf180mcu_fd_sc_mcu7t5v0__dffrnq_1)
                                 -0.710997   80.418999   library setup time
                                             80.418999   data required time
---------------------------------------------------------------------------------------------
                                             80.418999   data required time
                                             -4.113040   data arrival time
---------------------------------------------------------------------------------------------
                                             76.305962   slack (MET)


Startpoint: _2080_ (rising edge-triggered flip-flop clocked by clk)
Endpoint: _2086_ (rising edge-triggered flip-flop clocked by clk_div)
Path Group: clk_div
Path Type: max

Fanout         Cap        Slew       Delay        Time   Description
---------------------------------------------------------------------------------------------
                      0.000000 20751.898438 20751.898438   clock clk (rise edge)
                                  0.000000 20751.898438   clock network delay (ideal)
                      0.000000    0.000000 20751.898438 ^ _2080_/CLK (gf180mcu_fd_sc_mcu7t5v0__dffrnq_1)
     5    0.024127    0.824341    1.979061 20753.878906 ^ _2080_/Q (gf180mcu_fd_sc_mcu7t5v0__dffrnq_1)
                                                         u_clock_div.counter[0] (net)
                      0.824341    0.000000 20753.878906 ^ _1105_/A3 (gf180mcu_fd_sc_mcu7t5v0__and4_1)
     4    0.020673    0.799495    1.286026 20755.164062 ^ _1105_/Z (gf180mcu_fd_sc_mcu7t5v0__and4_1)
                                                         _0550_ (net)
                      0.799495    0.000000 20755.164062 ^ _1108_/A3 (gf180mcu_fd_sc_mcu7t5v0__nand3_1)
     1    0.007736    0.549725    0.378350 20755.542969 v _1108_/ZN (gf180mcu_fd_sc_mcu7t5v0__nand3_1)
                                                         _0552_ (net)
                      0.549725    0.000000 20755.542969 v _1111_/A2 (gf180mcu_fd_sc_mcu7t5v0__xnor2_1)
     1    0.003014    0.536533    0.469299 20756.011719 ^ _1111_/ZN (gf180mcu_fd_sc_mcu7t5v0__xnor2_1)
                                                         _0143_ (net)
                      0.536533    0.000000 20756.011719 ^ _2086_/D (gf180mcu_fd_sc_mcu7t5v0__dffrnq_1)
                                           20756.011719   data arrival time

                      0.000000 20833.279297 20833.279297   clock clk_div (rise edge)
                                  0.000000 20833.279297   clock network delay (ideal)
                                 -0.250000 20833.029297   clock uncertainty
                                  0.000000 20833.029297   clock reconvergence pessimism
                                           20833.029297 ^ _2086_/CLK (gf180mcu_fd_sc_mcu7t5v0__dffrnq_1)
                                 -0.710997 20832.318359   library setup time
                                           20832.318359   data required time
---------------------------------------------------------------------------------------------
                                           20832.318359   data required time
                                           -20756.011719   data arrival time
---------------------------------------------------------------------------------------------
                                             76.305962   slack (MET)


Startpoint: _2031_ (rising edge-triggered flip-flop clocked by clk)
Endpoint: _2006_ (rising edge-triggered flip-flop clocked by clk)
Path Group: clk
Path Type: max

Fanout         Cap        Slew       Delay        Time   Description
---------------------------------------------------------------------------------------------
                      0.000000    0.000000    0.000000   clock clk (rise edge)
                                  0.000000    0.000000   clock network delay (ideal)
                      0.000000    0.000000    0.000000 ^ _2031_/CLK (gf180mcu_fd_sc_mcu7t5v0__dffrnq_1)
     8    0.035869    1.134585    2.165096    2.165096 ^ _2031_/Q (gf180mcu_fd_sc_mcu7t5v0__dffrnq_1)
                                                         u_cas_int.out_int2[1] (net)
                      1.134585    0.000000    2.165096 ^ _1115_/A1 (gf180mcu_fd_sc_mcu7t5v0__xnor3_1)
     1    0.003014    0.572922    1.916869    4.081964 ^ _1115_/ZN (gf180mcu_fd_sc_mcu7t5v0__xnor3_1)
                                                         _0123_ (net)
                      0.572922    0.000000    4.081964 ^ _2006_/D (gf180mcu_fd_sc_mcu7t5v0__dffrnq_1)
                                              4.081964   data arrival time

                      0.000000   81.379997   81.379997   clock clk (rise edge)
                                  0.000000   81.379997   clock network delay (ideal)
                                 -0.250000   81.129997   clock uncertainty
                                  0.000000   81.129997   clock reconvergence pessimism
                                             81.129997 ^ _2006_/CLK (gf180mcu_fd_sc_mcu7t5v0__dffrnq_1)
                                 -0.717875   80.412125   library setup time
                                             80.412125   data required time
---------------------------------------------------------------------------------------------
                                             80.412125   data required time
                                             -4.081964   data arrival time
---------------------------------------------------------------------------------------------
                                             76.330162   slack (MET)


Startpoint: _2031_ (rising edge-triggered flip-flop clocked by clk)
Endpoint: _2006_ (rising edge-triggered flip-flop clocked by clk_div)
Path Group: clk_div
Path Type: max

Fanout         Cap        Slew       Delay        Time   Description
---------------------------------------------------------------------------------------------
                      0.000000 20751.898438 20751.898438   clock clk (rise edge)
                                  0.000000 20751.898438   clock network delay (ideal)
                      0.000000    0.000000 20751.898438 ^ _2031_/CLK (gf180mcu_fd_sc_mcu7t5v0__dffrnq_1)
     8    0.035869    1.134585    2.164598 20754.064453 ^ _2031_/Q (gf180mcu_fd_sc_mcu7t5v0__dffrnq_1)
                                                         u_cas_int.out_int2[1] (net)
                      1.134585    0.000000 20754.064453 ^ _1115_/A1 (gf180mcu_fd_sc_mcu7t5v0__xnor3_1)
     1    0.003014    0.572922    1.917215 20755.980469 ^ _1115_/ZN (gf180mcu_fd_sc_mcu7t5v0__xnor3_1)
                                                         _0123_ (net)
                      0.572922    0.000000 20755.980469 ^ _2006_/D (gf180mcu_fd_sc_mcu7t5v0__dffrnq_1)
                                           20755.980469   data arrival time

                      0.000000 20833.279297 20833.279297   clock clk_div (rise edge)
                                  0.000000 20833.279297   clock network delay (ideal)
                                 -0.250000 20833.029297   clock uncertainty
                                  0.000000 20833.029297   clock reconvergence pessimism
                                           20833.029297 ^ _2006_/CLK (gf180mcu_fd_sc_mcu7t5v0__dffrnq_1)
                                 -0.717875 20832.310547   library setup time
                                           20832.310547   data required time
---------------------------------------------------------------------------------------------
                                           20832.310547   data required time
                                           -20755.980469   data arrival time
---------------------------------------------------------------------------------------------
                                             76.330162   slack (MET)


Startpoint: _2057_ (rising edge-triggered flip-flop clocked by clk)
Endpoint: _2032_ (rising edge-triggered flip-flop clocked by clk)
Path Group: clk
Path Type: max

Fanout         Cap        Slew       Delay        Time   Description
---------------------------------------------------------------------------------------------
                      0.000000    0.000000    0.000000   clock clk (rise edge)
                                  0.000000    0.000000   clock network delay (ideal)
                      0.000000    0.000000    0.000000 ^ _2057_/CLK (gf180mcu_fd_sc_mcu7t5v0__dffrnq_1)
     8    0.032881    1.055637    2.117541    2.117541 ^ _2057_/Q (gf180mcu_fd_sc_mcu7t5v0__dffrnq_1)
                                                         u_cas_int.out_int1[2] (net)
                      1.055637    0.000000    2.117541 ^ _1280_/A2 (gf180mcu_fd_sc_mcu7t5v0__and2_1)
     2    0.006899    0.345626    0.637625    2.755166 ^ _1280_/Z (gf180mcu_fd_sc_mcu7t5v0__and2_1)
                                                         _0696_ (net)
                      0.345626    0.000000    2.755166 ^ _1282_/A1 (gf180mcu_fd_sc_mcu7t5v0__or2_1)
     2    0.012448    0.458057    0.558562    3.313729 ^ _1282_/Z (gf180mcu_fd_sc_mcu7t5v0__or2_1)
                                                         _0698_ (net)
                      0.458057    0.000000    3.313729 ^ _1286_/A1 (gf180mcu_fd_sc_mcu7t5v0__xor2_1)
     1    0.003014    0.546635    0.690755    4.004484 ^ _1286_/Z (gf180mcu_fd_sc_mcu7t5v0__xor2_1)
                                                         _0104_ (net)
                      0.546635    0.000000    4.004484 ^ _2032_/D (gf180mcu_fd_sc_mcu7t5v0__dffrnq_1)
                                              4.004484   data arrival time

                      0.000000   81.379997   81.379997   clock clk (rise edge)
                                  0.000000   81.379997   clock network delay (ideal)
                                 -0.250000   81.129997   clock uncertainty
                                  0.000000   81.129997   clock reconvergence pessimism
                                             81.129997 ^ _2032_/CLK (gf180mcu_fd_sc_mcu7t5v0__dffrnq_1)
                                 -0.713125   80.416878   library setup time
                                             80.416878   data required time
---------------------------------------------------------------------------------------------
                                             80.416878   data required time
                                             -4.004484   data arrival time
---------------------------------------------------------------------------------------------
                                             76.412392   slack (MET)


Startpoint: _2057_ (rising edge-triggered flip-flop clocked by clk)
Endpoint: _2032_ (rising edge-triggered flip-flop clocked by clk_div)
Path Group: clk_div
Path Type: max

Fanout         Cap        Slew       Delay        Time   Description
---------------------------------------------------------------------------------------------
                      0.000000 20751.898438 20751.898438   clock clk (rise edge)
                                  0.000000 20751.898438   clock network delay (ideal)
                      0.000000    0.000000 20751.898438 ^ _2057_/CLK (gf180mcu_fd_sc_mcu7t5v0__dffrnq_1)
     8    0.032881    1.055637    2.117304 20754.017578 ^ _2057_/Q (gf180mcu_fd_sc_mcu7t5v0__dffrnq_1)
                                                         u_cas_int.out_int1[2] (net)
                      1.055637    0.000000 20754.017578 ^ _1280_/A2 (gf180mcu_fd_sc_mcu7t5v0__and2_1)
     2    0.006899    0.345626    0.638465 20754.654297 ^ _1280_/Z (gf180mcu_fd_sc_mcu7t5v0__and2_1)
                                                         _0696_ (net)
                      0.345626    0.000000 20754.654297 ^ _1282_/A1 (gf180mcu_fd_sc_mcu7t5v0__or2_1)
     2    0.012448    0.458057    0.558430 20755.212891 ^ _1282_/Z (gf180mcu_fd_sc_mcu7t5v0__or2_1)
                                                         _0698_ (net)
                      0.458057    0.000000 20755.212891 ^ _1286_/A1 (gf180mcu_fd_sc_mcu7t5v0__xor2_1)
     1    0.003014    0.546635    0.689397 20755.902344 ^ _1286_/Z (gf180mcu_fd_sc_mcu7t5v0__xor2_1)
                                                         _0104_ (net)
                      0.546635    0.000000 20755.902344 ^ _2032_/D (gf180mcu_fd_sc_mcu7t5v0__dffrnq_1)
                                           20755.902344   data arrival time

                      0.000000 20833.279297 20833.279297   clock clk_div (rise edge)
                                  0.000000 20833.279297   clock network delay (ideal)
                                 -0.250000 20833.029297   clock uncertainty
                                  0.000000 20833.029297   clock reconvergence pessimism
                                           20833.029297 ^ _2032_/CLK (gf180mcu_fd_sc_mcu7t5v0__dffrnq_1)
                                 -0.713125 20832.316406   library setup time
                                           20832.316406   data required time
---------------------------------------------------------------------------------------------
                                           20832.316406   data required time
                                           -20755.902344   data arrival time
---------------------------------------------------------------------------------------------
                                             76.412392   slack (MET)


Startpoint: _2080_ (rising edge-triggered flip-flop clocked by clk)
Endpoint: _2085_ (rising edge-triggered flip-flop clocked by clk)
Path Group: clk
Path Type: max

Fanout         Cap        Slew       Delay        Time   Description
---------------------------------------------------------------------------------------------
                      0.000000    0.000000    0.000000   clock clk (rise edge)
                                  0.000000    0.000000   clock network delay (ideal)
                      0.000000    0.000000    0.000000 ^ _2080_/CLK (gf180mcu_fd_sc_mcu7t5v0__dffrnq_1)
     5    0.024127    0.824341    1.978219    1.978219 ^ _2080_/Q (gf180mcu_fd_sc_mcu7t5v0__dffrnq_1)
                                                         u_clock_div.counter[0] (net)
                      0.824341    0.000000    1.978219 ^ _1105_/A3 (gf180mcu_fd_sc_mcu7t5v0__and4_1)
     4    0.020673    0.799495    1.286439    3.264658 ^ _1105_/Z (gf180mcu_fd_sc_mcu7t5v0__and4_1)
                                                         _0550_ (net)
                      0.799495    0.000000    3.264658 ^ _1106_/A2 (gf180mcu_fd_sc_mcu7t5v0__nand2_1)
     1    0.007736    0.415488    0.284815    3.549473 v _1106_/ZN (gf180mcu_fd_sc_mcu7t5v0__nand2_1)
                                                         _0551_ (net)
                      0.415488    0.000000    3.549473 v _1109_/A2 (gf180mcu_fd_sc_mcu7t5v0__xnor2_1)
     1    0.003014    0.527526    0.444792    3.994265 ^ _1109_/ZN (gf180mcu_fd_sc_mcu7t5v0__xnor2_1)
                                                         _0142_ (net)
                      0.527526    0.000000    3.994265 ^ _2085_/D (gf180mcu_fd_sc_mcu7t5v0__dffrnq_1)
                                              3.994265   data arrival time

                      0.000000   81.379997   81.379997   clock clk (rise edge)
                                  0.000000   81.379997   clock network delay (ideal)
                                 -0.250000   81.129997   clock uncertainty
                                  0.000000   81.129997   clock reconvergence pessimism
                                             81.129997 ^ _2085_/CLK (gf180mcu_fd_sc_mcu7t5v0__dffrnq_1)
                                 -0.709100   80.420898   library setup time
                                             80.420898   data required time
---------------------------------------------------------------------------------------------
                                             80.420898   data required time
                                             -3.994265   data arrival time
---------------------------------------------------------------------------------------------
                                             76.426636   slack (MET)


Startpoint: _2080_ (rising edge-triggered flip-flop clocked by clk)
Endpoint: _2085_ (rising edge-triggered flip-flop clocked by clk_div)
Path Group: clk_div
Path Type: max

Fanout         Cap        Slew       Delay        Time   Description
---------------------------------------------------------------------------------------------
                      0.000000 20751.898438 20751.898438   clock clk (rise edge)
                                  0.000000 20751.898438   clock network delay (ideal)
                      0.000000    0.000000 20751.898438 ^ _2080_/CLK (gf180mcu_fd_sc_mcu7t5v0__dffrnq_1)
     5    0.024127    0.824341    1.979061 20753.878906 ^ _2080_/Q (gf180mcu_fd_sc_mcu7t5v0__dffrnq_1)
                                                         u_clock_div.counter[0] (net)
                      0.824341    0.000000 20753.878906 ^ _1105_/A3 (gf180mcu_fd_sc_mcu7t5v0__and4_1)
     4    0.020673    0.799495    1.286026 20755.164062 ^ _1105_/Z (gf180mcu_fd_sc_mcu7t5v0__and4_1)
                                                         _0550_ (net)
                      0.799495    0.000000 20755.164062 ^ _1106_/A2 (gf180mcu_fd_sc_mcu7t5v0__nand2_1)
     1    0.007736    0.415488    0.283762 20755.447266 v _1106_/ZN (gf180mcu_fd_sc_mcu7t5v0__nand2_1)
                                                         _0551_ (net)
                      0.415488    0.000000 20755.447266 v _1109_/A2 (gf180mcu_fd_sc_mcu7t5v0__xnor2_1)
     1    0.003014    0.527526    0.445652 20755.894531 ^ _1109_/ZN (gf180mcu_fd_sc_mcu7t5v0__xnor2_1)
                                                         _0142_ (net)
                      0.527526    0.000000 20755.894531 ^ _2085_/D (gf180mcu_fd_sc_mcu7t5v0__dffrnq_1)
                                           20755.894531   data arrival time

                      0.000000 20833.279297 20833.279297   clock clk_div (rise edge)
                                  0.000000 20833.279297   clock network delay (ideal)
                                 -0.250000 20833.029297   clock uncertainty
                                  0.000000 20833.029297   clock reconvergence pessimism
                                           20833.029297 ^ _2085_/CLK (gf180mcu_fd_sc_mcu7t5v0__dffrnq_1)
                                 -0.709100 20832.320312   library setup time
                                           20832.320312   data required time
---------------------------------------------------------------------------------------------
                                           20832.320312   data required time
                                           -20755.894531   data arrival time
---------------------------------------------------------------------------------------------
                                             76.426636   slack (MET)


Startpoint: _2005_ (rising edge-triggered flip-flop clocked by clk)
Endpoint: _2007_ (rising edge-triggered flip-flop clocked by clk)
Path Group: clk
Path Type: max

Fanout         Cap        Slew       Delay        Time   Description
---------------------------------------------------------------------------------------------
                      0.000000    0.000000    0.000000   clock clk (rise edge)
                                  0.000000    0.000000   clock network delay (ideal)
                      0.000000    0.000000    0.000000 ^ _2005_/CLK (gf180mcu_fd_sc_mcu7t5v0__dffrnq_1)
     7    0.036925    1.162486    2.181902    2.181902 ^ _2005_/Q (gf180mcu_fd_sc_mcu7t5v0__dffrnq_1)
                                                         out_cas_int[0] (net)
                      1.162486    0.000000    2.181902 ^ _1119_/C (gf180mcu_fd_sc_mcu7t5v0__oai211_1)
     2    0.009178    0.765330    0.593235    2.775137 v _1119_/ZN (gf180mcu_fd_sc_mcu7t5v0__oai211_1)
                                                         _0559_ (net)
                      0.765330    0.000000    2.775137 v _1120_/A2 (gf180mcu_fd_sc_mcu7t5v0__nand2_1)
     2    0.012307    0.601632    0.558847    3.333984 ^ _1120_/ZN (gf180mcu_fd_sc_mcu7t5v0__nand2_1)
                                                         _0560_ (net)
                      0.601632    0.000000    3.333984 ^ _1123_/A2 (gf180mcu_fd_sc_mcu7t5v0__xor2_1)
     1    0.003014    0.543159    0.619336    3.953320 ^ _1123_/Z (gf180mcu_fd_sc_mcu7t5v0__xor2_1)
                                                         _0129_ (net)
                      0.543159    0.000000    3.953320 ^ _2007_/D (gf180mcu_fd_sc_mcu7t5v0__dffrnq_1)
                                              3.953320   data arrival time

                      0.000000   81.379997   81.379997   clock clk (rise edge)
                                  0.000000   81.379997   clock network delay (ideal)
                                 -0.250000   81.129997   clock uncertainty
                                  0.000000   81.129997   clock reconvergence pessimism
                                             81.129997 ^ _2007_/CLK (gf180mcu_fd_sc_mcu7t5v0__dffrnq_1)
                                 -0.712393   80.417610   library setup time
                                             80.417610   data required time
---------------------------------------------------------------------------------------------
                                             80.417610   data required time
                                             -3.953320   data arrival time
---------------------------------------------------------------------------------------------
                                             76.464294   slack (MET)


Startpoint: _2005_ (rising edge-triggered flip-flop clocked by clk)
Endpoint: _2007_ (rising edge-triggered flip-flop clocked by clk_div)
Path Group: clk_div
Path Type: max

Fanout         Cap        Slew       Delay        Time   Description
---------------------------------------------------------------------------------------------
                      0.000000 20751.898438 20751.898438   clock clk (rise edge)
                                  0.000000 20751.898438   clock network delay (ideal)
                      0.000000    0.000000 20751.898438 ^ _2005_/CLK (gf180mcu_fd_sc_mcu7t5v0__dffrnq_1)
     7    0.036925    1.162486    2.182787 20754.082031 ^ _2005_/Q (gf180mcu_fd_sc_mcu7t5v0__dffrnq_1)
                                                         out_cas_int[0] (net)
                      1.162486    0.000000 20754.082031 ^ _1119_/C (gf180mcu_fd_sc_mcu7t5v0__oai211_1)
     2    0.009178    0.765330    0.592991 20754.675781 v _1119_/ZN (gf180mcu_fd_sc_mcu7t5v0__oai211_1)
                                                         _0559_ (net)
                      0.765330    0.000000 20754.675781 v _1120_/A2 (gf180mcu_fd_sc_mcu7t5v0__nand2_1)
     2    0.012307    0.601632    0.558430 20755.234375 ^ _1120_/ZN (gf180mcu_fd_sc_mcu7t5v0__nand2_1)
                                                         _0560_ (net)
                      0.601632    0.000000 20755.234375 ^ _1123_/A2 (gf180mcu_fd_sc_mcu7t5v0__xor2_1)
     1    0.003014    0.543159    0.618456 20755.851562 ^ _1123_/Z (gf180mcu_fd_sc_mcu7t5v0__xor2_1)
                                                         _0129_ (net)
                      0.543159    0.000000 20755.851562 ^ _2007_/D (gf180mcu_fd_sc_mcu7t5v0__dffrnq_1)
                                           20755.851562   data arrival time

                      0.000000 20833.279297 20833.279297   clock clk_div (rise edge)
                                  0.000000 20833.279297   clock network delay (ideal)
                                 -0.250000 20833.029297   clock uncertainty
                                  0.000000 20833.029297   clock reconvergence pessimism
                                           20833.029297 ^ _2007_/CLK (gf180mcu_fd_sc_mcu7t5v0__dffrnq_1)
                                 -0.712393 20832.316406   library setup time
                                           20832.316406   data required time
---------------------------------------------------------------------------------------------
                                           20832.316406   data required time
                                           -20755.851562   data arrival time
---------------------------------------------------------------------------------------------
                                             76.464294   slack (MET)


Startpoint: _2031_ (rising edge-triggered flip-flop clocked by clk)
Endpoint: _2031_ (rising edge-triggered flip-flop clocked by clk)
Path Group: clk
Path Type: max

Fanout         Cap        Slew       Delay        Time   Description
---------------------------------------------------------------------------------------------
                      0.000000    0.000000    0.000000   clock clk (rise edge)
                                  0.000000    0.000000   clock network delay (ideal)
                      0.000000    0.000000    0.000000 ^ _2031_/CLK (gf180mcu_fd_sc_mcu7t5v0__dffrnq_1)
     8    0.035869    1.134585    2.165096    2.165096 ^ _2031_/Q (gf180mcu_fd_sc_mcu7t5v0__dffrnq_1)
                                                         u_cas_int.out_int2[1] (net)
                      1.134585    0.000000    2.165096 ^ _1279_/A1 (gf180mcu_fd_sc_mcu7t5v0__xor3_1)
     1    0.003014    0.585945    1.733910    3.899006 ^ _1279_/Z (gf180mcu_fd_sc_mcu7t5v0__xor3_1)
                                                         _0098_ (net)
                      0.585945    0.000000    3.899006 ^ _2031_/D (gf180mcu_fd_sc_mcu7t5v0__dffrnq_1)
                                              3.899006   data arrival time

                      0.000000   81.379997   81.379997   clock clk (rise edge)
                                  0.000000   81.379997   clock network delay (ideal)
                                 -0.250000   81.129997   clock uncertainty
                                  0.000000   81.129997   clock reconvergence pessimism
                                             81.129997 ^ _2031_/CLK (gf180mcu_fd_sc_mcu7t5v0__dffrnq_1)
                                 -0.719813   80.410187   library setup time
                                             80.410187   data required time
---------------------------------------------------------------------------------------------
                                             80.410187   data required time
                                             -3.899006   data arrival time
---------------------------------------------------------------------------------------------
                                             76.511177   slack (MET)


Startpoint: _2031_ (rising edge-triggered flip-flop clocked by clk)
Endpoint: _2031_ (rising edge-triggered flip-flop clocked by clk_div)
Path Group: clk_div
Path Type: max

Fanout         Cap        Slew       Delay        Time   Description
---------------------------------------------------------------------------------------------
                      0.000000 20751.898438 20751.898438   clock clk (rise edge)
                                  0.000000 20751.898438   clock network delay (ideal)
                      0.000000    0.000000 20751.898438 ^ _2031_/CLK (gf180mcu_fd_sc_mcu7t5v0__dffrnq_1)
     8    0.035869    1.134585    2.164598 20754.064453 ^ _2031_/Q (gf180mcu_fd_sc_mcu7t5v0__dffrnq_1)
                                                         u_cas_int.out_int2[1] (net)
                      1.134585    0.000000 20754.064453 ^ _1279_/A1 (gf180mcu_fd_sc_mcu7t5v0__xor3_1)
     1    0.003014    0.585945    1.735316 20755.798828 ^ _1279_/Z (gf180mcu_fd_sc_mcu7t5v0__xor3_1)
                                                         _0098_ (net)
                      0.585945    0.000000 20755.798828 ^ _2031_/D (gf180mcu_fd_sc_mcu7t5v0__dffrnq_1)
                                           20755.798828   data arrival time

                      0.000000 20833.279297 20833.279297   clock clk_div (rise edge)
                                  0.000000 20833.279297   clock network delay (ideal)
                                 -0.250000 20833.029297   clock uncertainty
                                  0.000000 20833.029297   clock reconvergence pessimism
                                           20833.029297 ^ _2031_/CLK (gf180mcu_fd_sc_mcu7t5v0__dffrnq_1)
                                 -0.719813 20832.310547   library setup time
                                           20832.310547   data required time
---------------------------------------------------------------------------------------------
                                           20832.310547   data required time
                                           -20755.798828   data arrival time
---------------------------------------------------------------------------------------------
                                             76.511177   slack (MET)


Startpoint: _2080_ (rising edge-triggered flip-flop clocked by clk)
Endpoint: _2084_ (rising edge-triggered flip-flop clocked by clk)
Path Group: clk
Path Type: max

Fanout         Cap        Slew       Delay        Time   Description
---------------------------------------------------------------------------------------------
                      0.000000    0.000000    0.000000   clock clk (rise edge)
                                  0.000000    0.000000   clock network delay (ideal)
                      0.000000    0.000000    0.000000 ^ _2080_/CLK (gf180mcu_fd_sc_mcu7t5v0__dffrnq_1)
     5    0.024127    0.824341    1.978219    1.978219 ^ _2080_/Q (gf180mcu_fd_sc_mcu7t5v0__dffrnq_1)
                                                         u_clock_div.counter[0] (net)
                      0.824341    0.000000    1.978219 ^ _1105_/A3 (gf180mcu_fd_sc_mcu7t5v0__and4_1)
     4    0.020673    0.799495    1.286439    3.264658 ^ _1105_/Z (gf180mcu_fd_sc_mcu7t5v0__and4_1)
                                                         _0550_ (net)
                      0.799495    0.000000    3.264658 ^ _1107_/A2 (gf180mcu_fd_sc_mcu7t5v0__xor2_1)
     1    0.003014    0.542620    0.630295    3.894953 ^ _1107_/Z (gf180mcu_fd_sc_mcu7t5v0__xor2_1)
                                                         _0141_ (net)
                      0.542620    0.000000    3.894953 ^ _2084_/D (gf180mcu_fd_sc_mcu7t5v0__dffrnq_1)
                                              3.894953   data arrival time

                      0.000000   81.379997   81.379997   clock clk (rise edge)
                                  0.000000   81.379997   clock network delay (ideal)
                                 -0.250000   81.129997   clock uncertainty
                                  0.000000   81.129997   clock reconvergence pessimism
                                             81.129997 ^ _2084_/CLK (gf180mcu_fd_sc_mcu7t5v0__dffrnq_1)
                                 -0.712279   80.417725   library setup time
                                             80.417725   data required time
---------------------------------------------------------------------------------------------
                                             80.417725   data required time
                                             -3.894953   data arrival time
---------------------------------------------------------------------------------------------
                                             76.522766   slack (MET)


Startpoint: _2080_ (rising edge-triggered flip-flop clocked by clk)
Endpoint: _2084_ (rising edge-triggered flip-flop clocked by clk_div)
Path Group: clk_div
Path Type: max

Fanout         Cap        Slew       Delay        Time   Description
---------------------------------------------------------------------------------------------
                      0.000000 20751.898438 20751.898438   clock clk (rise edge)
                                  0.000000 20751.898438   clock network delay (ideal)
                      0.000000    0.000000 20751.898438 ^ _2080_/CLK (gf180mcu_fd_sc_mcu7t5v0__dffrnq_1)
     5    0.024127    0.824341    1.979061 20753.878906 ^ _2080_/Q (gf180mcu_fd_sc_mcu7t5v0__dffrnq_1)
                                                         u_clock_div.counter[0] (net)
                      0.824341    0.000000 20753.878906 ^ _1105_/A3 (gf180mcu_fd_sc_mcu7t5v0__and4_1)
     4    0.020673    0.799495    1.286026 20755.164062 ^ _1105_/Z (gf180mcu_fd_sc_mcu7t5v0__and4_1)
                                                         _0550_ (net)
                      0.799495    0.000000 20755.164062 ^ _1107_/A2 (gf180mcu_fd_sc_mcu7t5v0__xor2_1)
     1    0.003014    0.542620    0.629370 20755.792969 ^ _1107_/Z (gf180mcu_fd_sc_mcu7t5v0__xor2_1)
                                                         _0141_ (net)
                      0.542620    0.000000 20755.792969 ^ _2084_/D (gf180mcu_fd_sc_mcu7t5v0__dffrnq_1)
                                           20755.792969   data arrival time

                      0.000000 20833.279297 20833.279297   clock clk_div (rise edge)
                                  0.000000 20833.279297   clock network delay (ideal)
                                 -0.250000 20833.029297   clock uncertainty
                                  0.000000 20833.029297   clock reconvergence pessimism
                                           20833.029297 ^ _2084_/CLK (gf180mcu_fd_sc_mcu7t5v0__dffrnq_1)
                                 -0.712279 20832.316406   library setup time
                                           20832.316406   data required time
---------------------------------------------------------------------------------------------
                                           20832.316406   data required time
                                           -20755.792969   data arrival time
---------------------------------------------------------------------------------------------
                                             76.522766   slack (MET)


Startpoint: _2080_ (rising edge-triggered flip-flop clocked by clk)
Endpoint: _2083_ (rising edge-triggered flip-flop clocked by clk)
Path Group: clk
Path Type: max

Fanout         Cap        Slew       Delay        Time   Description
---------------------------------------------------------------------------------------------
                      0.000000    0.000000    0.000000   clock clk (rise edge)
                                  0.000000    0.000000   clock network delay (ideal)
                      0.000000    0.000000    0.000000 ^ _2080_/CLK (gf180mcu_fd_sc_mcu7t5v0__dffrnq_1)
     5    0.024127    0.824341    1.978219    1.978219 ^ _2080_/Q (gf180mcu_fd_sc_mcu7t5v0__dffrnq_1)
                                                         u_clock_div.counter[0] (net)
                      0.824341    0.000000    1.978219 ^ _1104_/A2 (gf180mcu_fd_sc_mcu7t5v0__nand3_1)
     1    0.007736    0.551642    0.404174    2.382393 v _1104_/ZN (gf180mcu_fd_sc_mcu7t5v0__nand3_1)
                                                         _0549_ (net)
                      0.551642    0.000000    2.382393 v _1995_/A2 (gf180mcu_fd_sc_mcu7t5v0__xnor2_1)
     1    0.003014    0.536662    0.469165    2.851558 ^ _1995_/ZN (gf180mcu_fd_sc_mcu7t5v0__xnor2_1)
                                                         _0140_ (net)
                      0.536662    0.000000    2.851558 ^ _2083_/D (gf180mcu_fd_sc_mcu7t5v0__dffrnq_1)
                                              2.851558   data arrival time

                      0.000000   81.379997   81.379997   clock clk (rise edge)
                                  0.000000   81.379997   clock network delay (ideal)
                                 -0.250000   81.129997   clock uncertainty
                                  0.000000   81.129997   clock reconvergence pessimism
                                             81.129997 ^ _2083_/CLK (gf180mcu_fd_sc_mcu7t5v0__dffrnq_1)
                                 -0.711024   80.418976   library setup time
                                             80.418976   data required time
---------------------------------------------------------------------------------------------
                                             80.418976   data required time
                                             -2.851558   data arrival time
---------------------------------------------------------------------------------------------
                                             77.567413   slack (MET)


Startpoint: _2080_ (rising edge-triggered flip-flop clocked by clk)
Endpoint: _2083_ (rising edge-triggered flip-flop clocked by clk_div)
Path Group: clk_div
Path Type: max

Fanout         Cap        Slew       Delay        Time   Description
---------------------------------------------------------------------------------------------
                      0.000000 20751.898438 20751.898438   clock clk (rise edge)
                                  0.000000 20751.898438   clock network delay (ideal)
                      0.000000    0.000000 20751.898438 ^ _2080_/CLK (gf180mcu_fd_sc_mcu7t5v0__dffrnq_1)
     5    0.024127    0.824341    1.979061 20753.878906 ^ _2080_/Q (gf180mcu_fd_sc_mcu7t5v0__dffrnq_1)
                                                         u_clock_div.counter[0] (net)
                      0.824341    0.000000 20753.878906 ^ _1104_/A2 (gf180mcu_fd_sc_mcu7t5v0__nand3_1)
     1    0.007736    0.551642    0.403816 20754.283203 v _1104_/ZN (gf180mcu_fd_sc_mcu7t5v0__nand3_1)
                                                         _0549_ (net)
                      0.551642    0.000000 20754.283203 v _1995_/A2 (gf180mcu_fd_sc_mcu7t5v0__xnor2_1)
     1    0.003014    0.536662    0.469299 20754.751953 ^ _1995_/ZN (gf180mcu_fd_sc_mcu7t5v0__xnor2_1)
                                                         _0140_ (net)
                      0.536662    0.000000 20754.751953 ^ _2083_/D (gf180mcu_fd_sc_mcu7t5v0__dffrnq_1)
                                           20754.751953   data arrival time

                      0.000000 20833.279297 20833.279297   clock clk_div (rise edge)
                                  0.000000 20833.279297   clock network delay (ideal)
                                 -0.250000 20833.029297   clock uncertainty
                                  0.000000 20833.029297   clock reconvergence pessimism
                                           20833.029297 ^ _2083_/CLK (gf180mcu_fd_sc_mcu7t5v0__dffrnq_1)
                                 -0.711024 20832.318359   library setup time
                                           20832.318359   data required time
---------------------------------------------------------------------------------------------
                                           20832.318359   data required time
                                           -20754.751953   data arrival time
---------------------------------------------------------------------------------------------
                                             77.567413   slack (MET)


Startpoint: _2005_ (rising edge-triggered flip-flop clocked by clk)
Endpoint: _2005_ (rising edge-triggered flip-flop clocked by clk)
Path Group: clk
Path Type: max

Fanout         Cap        Slew       Delay        Time   Description
---------------------------------------------------------------------------------------------
                      0.000000    0.000000    0.000000   clock clk (rise edge)
                                  0.000000    0.000000   clock network delay (ideal)
                      0.000000    0.000000    0.000000 ^ _2005_/CLK (gf180mcu_fd_sc_mcu7t5v0__dffrnq_1)
     7    0.036925    1.162486    2.181902    2.181902 ^ _2005_/Q (gf180mcu_fd_sc_mcu7t5v0__dffrnq_1)
                                                         out_cas_int[0] (net)
                      1.162486    0.000000    2.181902 ^ _1996_/A2 (gf180mcu_fd_sc_mcu7t5v0__xor2_1)
     1    0.003014    0.561526    0.644574    2.826476 ^ _1996_/Z (gf180mcu_fd_sc_mcu7t5v0__xor2_1)
                                                         _0112_ (net)
                      0.561526    0.000000    2.826476 ^ _2005_/D (gf180mcu_fd_sc_mcu7t5v0__dffrnq_1)
                                              2.826476   data arrival time

                      0.000000   81.379997   81.379997   clock clk (rise edge)
                                  0.000000   81.379997   clock network delay (ideal)
                                 -0.250000   81.129997   clock uncertainty
                                  0.000000   81.129997   clock reconvergence pessimism
                                             81.129997 ^ _2005_/CLK (gf180mcu_fd_sc_mcu7t5v0__dffrnq_1)
                                 -0.716179   80.413818   library setup time
                                             80.413818   data required time
---------------------------------------------------------------------------------------------
                                             80.413818   data required time
                                             -2.826476   data arrival time
---------------------------------------------------------------------------------------------
                                             77.587349   slack (MET)


Startpoint: _2005_ (rising edge-triggered flip-flop clocked by clk)
Endpoint: _2005_ (rising edge-triggered flip-flop clocked by clk_div)
Path Group: clk_div
Path Type: max

Fanout         Cap        Slew       Delay        Time   Description
---------------------------------------------------------------------------------------------
                      0.000000 20751.898438 20751.898438   clock clk (rise edge)
                                  0.000000 20751.898438   clock network delay (ideal)
                      0.000000    0.000000 20751.898438 ^ _2005_/CLK (gf180mcu_fd_sc_mcu7t5v0__dffrnq_1)
     7    0.036925    1.162486    2.182787 20754.082031 ^ _2005_/Q (gf180mcu_fd_sc_mcu7t5v0__dffrnq_1)
                                                         out_cas_int[0] (net)
                      1.162486    0.000000 20754.082031 ^ _1996_/A2 (gf180mcu_fd_sc_mcu7t5v0__xor2_1)
     1    0.003014    0.561526    0.643922 20754.726562 ^ _1996_/Z (gf180mcu_fd_sc_mcu7t5v0__xor2_1)
                                                         _0112_ (net)
                      0.561526    0.000000 20754.726562 ^ _2005_/D (gf180mcu_fd_sc_mcu7t5v0__dffrnq_1)
                                           20754.726562   data arrival time

                      0.000000 20833.279297 20833.279297   clock clk_div (rise edge)
                                  0.000000 20833.279297   clock network delay (ideal)
                                 -0.250000 20833.029297   clock uncertainty
                                  0.000000 20833.029297   clock reconvergence pessimism
                                           20833.029297 ^ _2005_/CLK (gf180mcu_fd_sc_mcu7t5v0__dffrnq_1)
                                 -0.716179 20832.312500   library setup time
                                           20832.312500   data required time
---------------------------------------------------------------------------------------------
                                           20832.312500   data required time
                                           -20754.726562   data arrival time
---------------------------------------------------------------------------------------------
                                             77.587349   slack (MET)


Startpoint: _2080_ (rising edge-triggered flip-flop clocked by clk)
Endpoint: _2082_ (rising edge-triggered flip-flop clocked by clk)
Path Group: clk
Path Type: max

Fanout         Cap        Slew       Delay        Time   Description
---------------------------------------------------------------------------------------------
                      0.000000    0.000000    0.000000   clock clk (rise edge)
                                  0.000000    0.000000   clock network delay (ideal)
                      0.000000    0.000000    0.000000 ^ _2080_/CLK (gf180mcu_fd_sc_mcu7t5v0__dffrnq_1)
     5    0.024127    0.824341    1.978219    1.978219 ^ _2080_/Q (gf180mcu_fd_sc_mcu7t5v0__dffrnq_1)
                                                         u_clock_div.counter[0] (net)
                      0.824341    0.000000    1.978219 ^ _1103_/A1 (gf180mcu_fd_sc_mcu7t5v0__nand2_1)
     1    0.007736    0.431377    0.323811    2.302031 v _1103_/ZN (gf180mcu_fd_sc_mcu7t5v0__nand2_1)
                                                         _0548_ (net)
                      0.431377    0.000000    2.302031 v _1997_/A2 (gf180mcu_fd_sc_mcu7t5v0__xnor2_1)
     1    0.003014    0.528592    0.447636    2.749667 ^ _1997_/ZN (gf180mcu_fd_sc_mcu7t5v0__xnor2_1)
                                                         _0139_ (net)
                      0.528592    0.000000    2.749667 ^ _2082_/D (gf180mcu_fd_sc_mcu7t5v0__dffrnq_1)
                                              2.749667   data arrival time

                      0.000000   81.379997   81.379997   clock clk (rise edge)
                                  0.000000   81.379997   clock network delay (ideal)
                                 -0.250000   81.129997   clock uncertainty
                                  0.000000   81.129997   clock reconvergence pessimism
                                             81.129997 ^ _2082_/CLK (gf180mcu_fd_sc_mcu7t5v0__dffrnq_1)
                                 -0.709325   80.420670   library setup time
                                             80.420670   data required time
---------------------------------------------------------------------------------------------
                                             80.420670   data required time
                                             -2.749667   data arrival time
---------------------------------------------------------------------------------------------
                                             77.671005   slack (MET)


Startpoint: _2080_ (rising edge-triggered flip-flop clocked by clk)
Endpoint: _2082_ (rising edge-triggered flip-flop clocked by clk_div)
Path Group: clk_div
Path Type: max

Fanout         Cap        Slew       Delay        Time   Description
---------------------------------------------------------------------------------------------
                      0.000000 20751.898438 20751.898438   clock clk (rise edge)
                                  0.000000 20751.898438   clock network delay (ideal)
                      0.000000    0.000000 20751.898438 ^ _2080_/CLK (gf180mcu_fd_sc_mcu7t5v0__dffrnq_1)
     5    0.024127    0.824341    1.979061 20753.878906 ^ _2080_/Q (gf180mcu_fd_sc_mcu7t5v0__dffrnq_1)
                                                         u_clock_div.counter[0] (net)
                      0.824341    0.000000 20753.878906 ^ _1103_/A1 (gf180mcu_fd_sc_mcu7t5v0__nand2_1)
     1    0.007736    0.431377    0.323780 20754.203125 v _1103_/ZN (gf180mcu_fd_sc_mcu7t5v0__nand2_1)
                                                         _0548_ (net)
                      0.431377    0.000000 20754.203125 v _1997_/A2 (gf180mcu_fd_sc_mcu7t5v0__xnor2_1)
     1    0.003014    0.528592    0.447471 20754.650391 ^ _1997_/ZN (gf180mcu_fd_sc_mcu7t5v0__xnor2_1)
                                                         _0139_ (net)
                      0.528592    0.000000 20754.650391 ^ _2082_/D (gf180mcu_fd_sc_mcu7t5v0__dffrnq_1)
                                           20754.650391   data arrival time

                      0.000000 20833.279297 20833.279297   clock clk_div (rise edge)
                                  0.000000 20833.279297   clock network delay (ideal)
                                 -0.250000 20833.029297   clock uncertainty
                                  0.000000 20833.029297   clock reconvergence pessimism
                                           20833.029297 ^ _2082_/CLK (gf180mcu_fd_sc_mcu7t5v0__dffrnq_1)
                                 -0.709325 20832.320312   library setup time
                                           20832.320312   data required time
---------------------------------------------------------------------------------------------
                                           20832.320312   data required time
                                           -20754.650391   data arrival time
---------------------------------------------------------------------------------------------
                                             77.671005   slack (MET)


Startpoint: _2030_ (rising edge-triggered flip-flop clocked by clk)
Endpoint: _2030_ (rising edge-triggered flip-flop clocked by clk)
Path Group: clk
Path Type: max

Fanout         Cap        Slew       Delay        Time   Description
---------------------------------------------------------------------------------------------
                      0.000000    0.000000    0.000000   clock clk (rise edge)
                                  0.000000    0.000000   clock network delay (ideal)
                      0.000000    0.000000    0.000000 ^ _2030_/CLK (gf180mcu_fd_sc_mcu7t5v0__dffrnq_1)
     6    0.029465    0.965380    2.063174    2.063174 ^ _2030_/Q (gf180mcu_fd_sc_mcu7t5v0__dffrnq_1)
                                                         u_cas_int.out_int2[0] (net)
                      0.965380    0.000000    2.063174 ^ _1278_/A1 (gf180mcu_fd_sc_mcu7t5v0__and2_1)
     3    0.017100    0.610323    0.855456    2.918631 ^ _1278_/Z (gf180mcu_fd_sc_mcu7t5v0__and2_1)
                                                         _0695_ (net)
                      0.610323    0.000000    2.918631 ^ _2002_/A1 (gf180mcu_fd_sc_mcu7t5v0__nor2_1)
     1    0.003014    0.272202    0.203512    3.122143 v _2002_/ZN (gf180mcu_fd_sc_mcu7t5v0__nor2_1)
                                                         _0087_ (net)
                      0.272202    0.000000    3.122143 v _2030_/D (gf180mcu_fd_sc_mcu7t5v0__dffrnq_1)
                                              3.122143   data arrival time

                      0.000000   81.379997   81.379997   clock clk (rise edge)
                                  0.000000   81.379997   clock network delay (ideal)
                                 -0.250000   81.129997   clock uncertainty
                                  0.000000   81.129997   clock reconvergence pessimism
                                             81.129997 ^ _2030_/CLK (gf180mcu_fd_sc_mcu7t5v0__dffrnq_1)
                                 -0.327271   80.802727   library setup time
                                             80.802727   data required time
---------------------------------------------------------------------------------------------
                                             80.802727   data required time
                                             -3.122143   data arrival time
---------------------------------------------------------------------------------------------
                                             77.680588   slack (MET)


Startpoint: _2030_ (rising edge-triggered flip-flop clocked by clk)
Endpoint: _2030_ (rising edge-triggered flip-flop clocked by clk_div)
Path Group: clk_div
Path Type: max

Fanout         Cap        Slew       Delay        Time   Description
---------------------------------------------------------------------------------------------
                      0.000000 20751.898438 20751.898438   clock clk (rise edge)
                                  0.000000 20751.898438   clock network delay (ideal)
                      0.000000    0.000000 20751.898438 ^ _2030_/CLK (gf180mcu_fd_sc_mcu7t5v0__dffrnq_1)
     6    0.029465    0.965380    2.062734 20753.962891 ^ _2030_/Q (gf180mcu_fd_sc_mcu7t5v0__dffrnq_1)
                                                         u_cas_int.out_int2[0] (net)
                      0.965380    0.000000 20753.962891 ^ _1278_/A1 (gf180mcu_fd_sc_mcu7t5v0__and2_1)
     3    0.017100    0.610323    0.856744 20754.818359 ^ _1278_/Z (gf180mcu_fd_sc_mcu7t5v0__and2_1)
                                                         _0695_ (net)
                      0.610323    0.000000 20754.818359 ^ _2002_/A1 (gf180mcu_fd_sc_mcu7t5v0__nor2_1)
     1    0.003014    0.272202    0.201908 20755.021484 v _2002_/ZN (gf180mcu_fd_sc_mcu7t5v0__nor2_1)
                                                         _0087_ (net)
                      0.272202    0.000000 20755.021484 v _2030_/D (gf180mcu_fd_sc_mcu7t5v0__dffrnq_1)
                                           20755.021484   data arrival time

                      0.000000 20833.279297 20833.279297   clock clk_div (rise edge)
                                  0.000000 20833.279297   clock network delay (ideal)
                                 -0.250000 20833.029297   clock uncertainty
                                  0.000000 20833.029297   clock reconvergence pessimism
                                           20833.029297 ^ _2030_/CLK (gf180mcu_fd_sc_mcu7t5v0__dffrnq_1)
                                 -0.327271 20832.703125   library setup time
                                           20832.703125   data required time
---------------------------------------------------------------------------------------------
                                           20832.703125   data required time
                                           -20755.021484   data arrival time
---------------------------------------------------------------------------------------------
                                             77.680588   slack (MET)


Startpoint: _2080_ (rising edge-triggered flip-flop clocked by clk)
Endpoint: _2081_ (rising edge-triggered flip-flop clocked by clk)
Path Group: clk
Path Type: max

Fanout         Cap        Slew       Delay        Time   Description
---------------------------------------------------------------------------------------------
                      0.000000    0.000000    0.000000   clock clk (rise edge)
                                  0.000000    0.000000   clock network delay (ideal)
                      0.000000    0.000000    0.000000 ^ _2080_/CLK (gf180mcu_fd_sc_mcu7t5v0__dffrnq_1)
     5    0.024127    0.824341    1.978219    1.978219 ^ _2080_/Q (gf180mcu_fd_sc_mcu7t5v0__dffrnq_1)
                                                         u_clock_div.counter[0] (net)
                      0.824341    0.000000    1.978219 ^ _1999_/A1 (gf180mcu_fd_sc_mcu7t5v0__xor2_1)
     1    0.003014    0.539324    0.722308    2.700527 ^ _1999_/Z (gf180mcu_fd_sc_mcu7t5v0__xor2_1)
                                                         _0138_ (net)
                      0.539324    0.000000    2.700527 ^ _2081_/D (gf180mcu_fd_sc_mcu7t5v0__dffrnq_1)
                                              2.700527   data arrival time

                      0.000000   81.379997   81.379997   clock clk (rise edge)
                                  0.000000   81.379997   clock network delay (ideal)
                                 -0.250000   81.129997   clock uncertainty
                                  0.000000   81.129997   clock reconvergence pessimism
                                             81.129997 ^ _2081_/CLK (gf180mcu_fd_sc_mcu7t5v0__dffrnq_1)
                                 -0.711585   80.418411   library setup time
                                             80.418411   data required time
---------------------------------------------------------------------------------------------
                                             80.418411   data required time
                                             -2.700527   data arrival time
---------------------------------------------------------------------------------------------
                                             77.717888   slack (MET)


Startpoint: _2080_ (rising edge-triggered flip-flop clocked by clk)
Endpoint: _2081_ (rising edge-triggered flip-flop clocked by clk_div)
Path Group: clk_div
Path Type: max

Fanout         Cap        Slew       Delay        Time   Description
---------------------------------------------------------------------------------------------
                      0.000000 20751.898438 20751.898438   clock clk (rise edge)
                                  0.000000 20751.898438   clock network delay (ideal)
                      0.000000    0.000000 20751.898438 ^ _2080_/CLK (gf180mcu_fd_sc_mcu7t5v0__dffrnq_1)
     5    0.024127    0.824341    1.979061 20753.878906 ^ _2080_/Q (gf180mcu_fd_sc_mcu7t5v0__dffrnq_1)
                                                         u_clock_div.counter[0] (net)
                      0.824341    0.000000 20753.878906 ^ _1999_/A1 (gf180mcu_fd_sc_mcu7t5v0__xor2_1)
     1    0.003014    0.539324    0.722139 20754.599609 ^ _1999_/Z (gf180mcu_fd_sc_mcu7t5v0__xor2_1)
                                                         _0138_ (net)
                      0.539324    0.000000 20754.599609 ^ _2081_/D (gf180mcu_fd_sc_mcu7t5v0__dffrnq_1)
                                           20754.599609   data arrival time

                      0.000000 20833.279297 20833.279297   clock clk_div (rise edge)
                                  0.000000 20833.279297   clock network delay (ideal)
                                 -0.250000 20833.029297   clock uncertainty
                                  0.000000 20833.029297   clock reconvergence pessimism
                                           20833.029297 ^ _2081_/CLK (gf180mcu_fd_sc_mcu7t5v0__dffrnq_1)
                                 -0.711585 20832.316406   library setup time
                                           20832.316406   data required time
---------------------------------------------------------------------------------------------
                                           20832.316406   data required time
                                           -20754.599609   data arrival time
---------------------------------------------------------------------------------------------
                                             77.717888   slack (MET)


Startpoint: _2080_ (rising edge-triggered flip-flop clocked by clk)
Endpoint: _2080_ (rising edge-triggered flip-flop clocked by clk)
Path Group: clk
Path Type: max

Fanout         Cap        Slew       Delay        Time   Description
---------------------------------------------------------------------------------------------
                      0.000000    0.000000    0.000000   clock clk (rise edge)
                                  0.000000    0.000000   clock network delay (ideal)
                      0.000000    0.000000    0.000000 ^ _2080_/CLK (gf180mcu_fd_sc_mcu7t5v0__dffrnq_1)
     5    0.024127    0.824341    1.978219    1.978219 ^ _2080_/Q (gf180mcu_fd_sc_mcu7t5v0__dffrnq_1)
                                                         u_clock_div.counter[0] (net)
                      0.824341    0.000000    1.978219 ^ _1102_/I (gf180mcu_fd_sc_mcu7t5v0__clkinv_1)
     1    0.003014    0.294832    0.230424    2.208643 v _1102_/ZN (gf180mcu_fd_sc_mcu7t5v0__clkinv_1)
                                                         _0137_ (net)
                      0.294832    0.000000    2.208643 v _2080_/D (gf180mcu_fd_sc_mcu7t5v0__dffrnq_1)
                                              2.208643   data arrival time

                      0.000000   81.379997   81.379997   clock clk (rise edge)
                                  0.000000   81.379997   clock network delay (ideal)
                                 -0.250000   81.129997   clock uncertainty
                                  0.000000   81.129997   clock reconvergence pessimism
                                             81.129997 ^ _2080_/CLK (gf180mcu_fd_sc_mcu7t5v0__dffrnq_1)
                                 -0.334163   80.795837   library setup time
                                             80.795837   data required time
---------------------------------------------------------------------------------------------
                                             80.795837   data required time
                                             -2.208643   data arrival time
---------------------------------------------------------------------------------------------
                                             78.587196   slack (MET)


Startpoint: _2080_ (rising edge-triggered flip-flop clocked by clk)
Endpoint: _2080_ (rising edge-triggered flip-flop clocked by clk_div)
Path Group: clk_div
Path Type: max

Fanout         Cap        Slew       Delay        Time   Description
---------------------------------------------------------------------------------------------
                      0.000000 20751.898438 20751.898438   clock clk (rise edge)
                                  0.000000 20751.898438   clock network delay (ideal)
                      0.000000    0.000000 20751.898438 ^ _2080_/CLK (gf180mcu_fd_sc_mcu7t5v0__dffrnq_1)
     5    0.024127    0.824341    1.979061 20753.878906 ^ _2080_/Q (gf180mcu_fd_sc_mcu7t5v0__dffrnq_1)
                                                         u_clock_div.counter[0] (net)
                      0.824341    0.000000 20753.878906 ^ _1102_/I (gf180mcu_fd_sc_mcu7t5v0__clkinv_1)
     1    0.003014    0.294832    0.229193 20754.107422 v _1102_/ZN (gf180mcu_fd_sc_mcu7t5v0__clkinv_1)
                                                         _0137_ (net)
                      0.294832    0.000000 20754.107422 v _2080_/D (gf180mcu_fd_sc_mcu7t5v0__dffrnq_1)
                                           20754.107422   data arrival time

                      0.000000 20833.279297 20833.279297   clock clk_div (rise edge)
                                  0.000000 20833.279297   clock network delay (ideal)
                                 -0.250000 20833.029297   clock uncertainty
                                  0.000000 20833.029297   clock reconvergence pessimism
                                           20833.029297 ^ _2080_/CLK (gf180mcu_fd_sc_mcu7t5v0__dffrnq_1)
                                 -0.334163 20832.695312   library setup time
                                           20832.695312   data required time
---------------------------------------------------------------------------------------------
                                           20832.695312   data required time
                                           -20754.107422   data arrival time
---------------------------------------------------------------------------------------------
                                             78.587196   slack (MET)



