
===========================================================================
report_checks -path_delay max (Setup)
============================================================================
======================= nom_tt_025C_5v00 Corner ===================================

Startpoint: in_cic (input port clocked by clk)
Endpoint: _2144_ (rising edge-triggered flip-flop clocked by clk)
Path Group: clk
Path Type: max

Fanout         Cap        Slew       Delay        Time   Description
---------------------------------------------------------------------------------------------
                                  0.000000    0.000000   clock clk (rise edge)
                                  0.000000    0.000000   clock network delay (propagated)
                                 10.000000   10.000000 ^ input external delay
     4    0.020736    0.000000    0.000000   10.000000 ^ in_cic (in)
                                                         in_cic (net)
                      0.000170    0.000069   10.000070 ^ _1519_/A4 (gf180mcu_fd_sc_mcu7t5v0__and4_1)
     5    0.026088    0.516348    0.714564   10.714634 ^ _1519_/Z (gf180mcu_fd_sc_mcu7t5v0__and4_1)
                                                         _0908_ (net)
                      0.516348    0.000223   10.714857 ^ _1526_/A4 (gf180mcu_fd_sc_mcu7t5v0__nand4_1)
     2    0.012975    0.562607    0.326692   11.041549 v _1526_/ZN (gf180mcu_fd_sc_mcu7t5v0__nand4_1)
                                                         _0912_ (net)
                      0.562607    0.000059   11.041607 v _1530_/A3 (gf180mcu_fd_sc_mcu7t5v0__nor3_1)
     8    0.038672    1.904404    1.174284   12.215891 ^ _1530_/ZN (gf180mcu_fd_sc_mcu7t5v0__nor3_1)
                                                         _0914_ (net)
                      1.904404    0.000308   12.216199 ^ _1551_/A2 (gf180mcu_fd_sc_mcu7t5v0__and4_1)
     6    0.033778    0.646169    0.945541   13.161739 ^ _1551_/Z (gf180mcu_fd_sc_mcu7t5v0__and4_1)
                                                         _0927_ (net)
                      0.646169    0.000598   13.162337 ^ _1561_/A3 (gf180mcu_fd_sc_mcu7t5v0__and4_1)
     5    0.026135    0.516467    0.733064   13.895402 ^ _1561_/Z (gf180mcu_fd_sc_mcu7t5v0__and4_1)
                                                         _0933_ (net)
                      0.516467    0.000186   13.895587 ^ _1566_/A3 (gf180mcu_fd_sc_mcu7t5v0__nand3_1)
     3    0.014811    0.459543    0.285887   14.181474 v _1566_/ZN (gf180mcu_fd_sc_mcu7t5v0__nand3_1)
                                                         _0936_ (net)
                      0.459543    0.000118   14.181592 v _1574_/A1 (gf180mcu_fd_sc_mcu7t5v0__or3_1)
     1    0.004729    0.226905    0.650350   14.831943 v _1574_/Z (gf180mcu_fd_sc_mcu7t5v0__or3_1)
                                                         _0941_ (net)
                      0.226905    0.000004   14.831946 v _1575_/A2 (gf180mcu_fd_sc_mcu7t5v0__nand2_1)
     1    0.003122    0.170449    0.159974   14.991921 ^ _1575_/ZN (gf180mcu_fd_sc_mcu7t5v0__nand2_1)
                                                         _0078_ (net)
                      0.170449    0.000002   14.991922 ^ _2144_/D (gf180mcu_fd_sc_mcu7t5v0__dffrnq_1)
                                             14.991922   data arrival time

                                 81.379997   81.379997   clock clk (rise edge)
                                  0.000000   81.379997   clock source latency
    83    0.353267    0.000000    0.000000   81.379997 ^ clk (in)
                                                         clk (net)
                      0.002566    0.001052   81.381050 ^ _2144_/CLK (gf180mcu_fd_sc_mcu7t5v0__dffrnq_1)
                                 -0.250000   81.131050   clock uncertainty
                                  0.000000   81.131050   clock reconvergence pessimism
                                 -0.332120   80.798927   library setup time
                                             80.798927   data required time
---------------------------------------------------------------------------------------------
                                             80.798927   data required time
                                            -14.991922   data arrival time
---------------------------------------------------------------------------------------------
                                             65.806999   slack (MET)


Startpoint: in_cic (input port clocked by clk)
Endpoint: _2144_ (rising edge-triggered flip-flop clocked by clk_div)
Path Group: clk_div
Path Type: max

Fanout         Cap        Slew       Delay        Time   Description
---------------------------------------------------------------------------------------------
                               20751.898438 20751.898438   clock clk (rise edge)
                                  0.000000 20751.898438   clock network delay (propagated)
                                 10.000000 20761.900391 ^ input external delay
     4    0.020736    0.000000    0.000000 20761.900391 ^ in_cic (in)
                                                         in_cic (net)
                      0.000170    0.000000 20761.900391 ^ _1519_/A4 (gf180mcu_fd_sc_mcu7t5v0__and4_1)
     5    0.026088    0.516348    0.713044 20762.613281 ^ _1519_/Z (gf180mcu_fd_sc_mcu7t5v0__and4_1)
                                                         _0908_ (net)
                      0.516348    0.001819 20762.615234 ^ _1526_/A4 (gf180mcu_fd_sc_mcu7t5v0__nand4_1)
     2    0.012975    0.562607    0.325599 20762.941406 v _1526_/ZN (gf180mcu_fd_sc_mcu7t5v0__nand4_1)
                                                         _0912_ (net)
                      0.562607    0.000000 20762.941406 v _1530_/A3 (gf180mcu_fd_sc_mcu7t5v0__nor3_1)
     8    0.038672    1.904404    1.175067 20764.115234 ^ _1530_/ZN (gf180mcu_fd_sc_mcu7t5v0__nor3_1)
                                                         _0914_ (net)
                      1.904404    0.000000 20764.115234 ^ _1551_/A2 (gf180mcu_fd_sc_mcu7t5v0__and4_1)
     6    0.033778    0.646169    0.945875 20765.062500 ^ _1551_/Z (gf180mcu_fd_sc_mcu7t5v0__and4_1)
                                                         _0927_ (net)
                      0.646169    0.000000 20765.062500 ^ _1561_/A3 (gf180mcu_fd_sc_mcu7t5v0__and4_1)
     5    0.026135    0.516467    0.733053 20765.794922 ^ _1561_/Z (gf180mcu_fd_sc_mcu7t5v0__and4_1)
                                                         _0933_ (net)
                      0.516467    0.000000 20765.794922 ^ _1566_/A3 (gf180mcu_fd_sc_mcu7t5v0__nand3_1)
     3    0.014811    0.459543    0.285581 20766.080078 v _1566_/ZN (gf180mcu_fd_sc_mcu7t5v0__nand3_1)
                                                         _0936_ (net)
                      0.459543    0.000000 20766.080078 v _1574_/A1 (gf180mcu_fd_sc_mcu7t5v0__or3_1)
     1    0.004729    0.226905    0.651198 20766.730469 v _1574_/Z (gf180mcu_fd_sc_mcu7t5v0__or3_1)
                                                         _0941_ (net)
                      0.226905    0.000000 20766.730469 v _1575_/A2 (gf180mcu_fd_sc_mcu7t5v0__nand2_1)
     1    0.003122    0.170449    0.160071 20766.890625 ^ _1575_/ZN (gf180mcu_fd_sc_mcu7t5v0__nand2_1)
                                                         _0078_ (net)
                      0.170449    0.000000 20766.890625 ^ _2144_/D (gf180mcu_fd_sc_mcu7t5v0__dffrnq_1)
                                           20766.890625   data arrival time

                               20833.279297 20833.279297   clock clk_div (rise edge)
                                  0.000000 20833.279297   clock source latency
    83    0.353267    0.000000    0.000000 20833.279297 ^ clk (in)
                                                         clk (net)
                      0.002566    0.001819 20833.281250 ^ _2144_/CLK (gf180mcu_fd_sc_mcu7t5v0__dffrnq_1)
                                 -0.250000 20833.031250   clock uncertainty
                                  0.000000 20833.031250   clock reconvergence pessimism
                                 -0.332120 20832.699219   library setup time
                                           20832.699219   data required time
---------------------------------------------------------------------------------------------
                                           20832.699219   data required time
                                           -20766.890625   data arrival time
---------------------------------------------------------------------------------------------
                                             65.806999   slack (MET)


Startpoint: in_cic (input port clocked by clk)
Endpoint: _2142_ (rising edge-triggered flip-flop clocked by clk)
Path Group: clk
Path Type: max

Fanout         Cap        Slew       Delay        Time   Description
---------------------------------------------------------------------------------------------
                                  0.000000    0.000000   clock clk (rise edge)
                                  0.000000    0.000000   clock network delay (propagated)
                                 10.000000   10.000000 ^ input external delay
     4    0.020736    0.000000    0.000000   10.000000 ^ in_cic (in)
                                                         in_cic (net)
                      0.000170    0.000069   10.000070 ^ _1519_/A4 (gf180mcu_fd_sc_mcu7t5v0__and4_1)
     5    0.026088    0.516348    0.714564   10.714634 ^ _1519_/Z (gf180mcu_fd_sc_mcu7t5v0__and4_1)
                                                         _0908_ (net)
                      0.516348    0.000223   10.714857 ^ _1526_/A4 (gf180mcu_fd_sc_mcu7t5v0__nand4_1)
     2    0.012975    0.562607    0.326692   11.041549 v _1526_/ZN (gf180mcu_fd_sc_mcu7t5v0__nand4_1)
                                                         _0912_ (net)
                      0.562607    0.000059   11.041607 v _1530_/A3 (gf180mcu_fd_sc_mcu7t5v0__nor3_1)
     8    0.038672    1.904404    1.174284   12.215891 ^ _1530_/ZN (gf180mcu_fd_sc_mcu7t5v0__nor3_1)
                                                         _0914_ (net)
                      1.904404    0.000308   12.216199 ^ _1551_/A2 (gf180mcu_fd_sc_mcu7t5v0__and4_1)
     6    0.033778    0.646169    0.945541   13.161739 ^ _1551_/Z (gf180mcu_fd_sc_mcu7t5v0__and4_1)
                                                         _0927_ (net)
                      0.646169    0.000598   13.162337 ^ _1561_/A3 (gf180mcu_fd_sc_mcu7t5v0__and4_1)
     5    0.026135    0.516467    0.733064   13.895402 ^ _1561_/Z (gf180mcu_fd_sc_mcu7t5v0__and4_1)
                                                         _0933_ (net)
                      0.516467    0.000185   13.895586 ^ _1565_/A3 (gf180mcu_fd_sc_mcu7t5v0__and3_1)
     3    0.018027    0.385883    0.540832   14.436419 ^ _1565_/Z (gf180mcu_fd_sc_mcu7t5v0__and3_1)
                                                         _0935_ (net)
                      0.385883    0.000055   14.436474 ^ _1568_/A2 (gf180mcu_fd_sc_mcu7t5v0__xor2_1)
     1    0.003107    0.300316    0.332015   14.768489 ^ _1568_/Z (gf180mcu_fd_sc_mcu7t5v0__xor2_1)
                                                         _0076_ (net)
                      0.300316    0.000002   14.768491 ^ _2142_/D (gf180mcu_fd_sc_mcu7t5v0__dffrnq_1)
                                             14.768491   data arrival time

                                 81.379997   81.379997   clock clk (rise edge)
                                  0.000000   81.379997   clock source latency
    83    0.353267    0.000000    0.000000   81.379997 ^ clk (in)
                                                         clk (net)
                      0.002979    0.001215   81.381210 ^ _2142_/CLK (gf180mcu_fd_sc_mcu7t5v0__dffrnq_1)
                                 -0.250000   81.131218   clock uncertainty
                                  0.000000   81.131218   clock reconvergence pessimism
                                 -0.351361   80.779854   library setup time
                                             80.779854   data required time
---------------------------------------------------------------------------------------------
                                             80.779854   data required time
                                            -14.768491   data arrival time
---------------------------------------------------------------------------------------------
                                             66.011360   slack (MET)


Startpoint: in_cic (input port clocked by clk)
Endpoint: _2142_ (rising edge-triggered flip-flop clocked by clk_div)
Path Group: clk_div
Path Type: max

Fanout         Cap        Slew       Delay        Time   Description
---------------------------------------------------------------------------------------------
                               20751.898438 20751.898438   clock clk (rise edge)
                                  0.000000 20751.898438   clock network delay (propagated)
                                 10.000000 20761.900391 ^ input external delay
     4    0.020736    0.000000    0.000000 20761.900391 ^ in_cic (in)
                                                         in_cic (net)
                      0.000170    0.000000 20761.900391 ^ _1519_/A4 (gf180mcu_fd_sc_mcu7t5v0__and4_1)
     5    0.026088    0.516348    0.713044 20762.613281 ^ _1519_/Z (gf180mcu_fd_sc_mcu7t5v0__and4_1)
                                                         _0908_ (net)
                      0.516348    0.001819 20762.615234 ^ _1526_/A4 (gf180mcu_fd_sc_mcu7t5v0__nand4_1)
     2    0.012975    0.562607    0.325599 20762.941406 v _1526_/ZN (gf180mcu_fd_sc_mcu7t5v0__nand4_1)
                                                         _0912_ (net)
                      0.562607    0.000000 20762.941406 v _1530_/A3 (gf180mcu_fd_sc_mcu7t5v0__nor3_1)
     8    0.038672    1.904404    1.175067 20764.115234 ^ _1530_/ZN (gf180mcu_fd_sc_mcu7t5v0__nor3_1)
                                                         _0914_ (net)
                      1.904404    0.000000 20764.115234 ^ _1551_/A2 (gf180mcu_fd_sc_mcu7t5v0__and4_1)
     6    0.033778    0.646169    0.945875 20765.062500 ^ _1551_/Z (gf180mcu_fd_sc_mcu7t5v0__and4_1)
                                                         _0927_ (net)
                      0.646169    0.000000 20765.062500 ^ _1561_/A3 (gf180mcu_fd_sc_mcu7t5v0__and4_1)
     5    0.026135    0.516467    0.733053 20765.794922 ^ _1561_/Z (gf180mcu_fd_sc_mcu7t5v0__and4_1)
                                                         _0933_ (net)
                      0.516467    0.000000 20765.794922 ^ _1565_/A3 (gf180mcu_fd_sc_mcu7t5v0__and3_1)
     3    0.018027    0.385883    0.542059 20766.335938 ^ _1565_/Z (gf180mcu_fd_sc_mcu7t5v0__and3_1)
                                                         _0935_ (net)
                      0.385883    0.000000 20766.335938 ^ _1568_/A2 (gf180mcu_fd_sc_mcu7t5v0__xor2_1)
     1    0.003107    0.300316    0.331056 20766.667969 ^ _1568_/Z (gf180mcu_fd_sc_mcu7t5v0__xor2_1)
                                                         _0076_ (net)
                      0.300316    0.000000 20766.667969 ^ _2142_/D (gf180mcu_fd_sc_mcu7t5v0__dffrnq_1)
                                           20766.667969   data arrival time

                               20833.279297 20833.279297   clock clk_div (rise edge)
                                  0.000000 20833.279297   clock source latency
    83    0.353267    0.000000    0.000000 20833.279297 ^ clk (in)
                                                         clk (net)
                      0.002979    0.001819 20833.281250 ^ _2142_/CLK (gf180mcu_fd_sc_mcu7t5v0__dffrnq_1)
                                 -0.250000 20833.031250   clock uncertainty
                                  0.000000 20833.031250   clock reconvergence pessimism
                                 -0.351361 20832.679688   library setup time
                                           20832.679688   data required time
---------------------------------------------------------------------------------------------
                                           20832.679688   data required time
                                           -20766.667969   data arrival time
---------------------------------------------------------------------------------------------
                                             66.011360   slack (MET)


Startpoint: in_cic (input port clocked by clk)
Endpoint: _2143_ (rising edge-triggered flip-flop clocked by clk)
Path Group: clk
Path Type: max

Fanout         Cap        Slew       Delay        Time   Description
---------------------------------------------------------------------------------------------
                                  0.000000    0.000000   clock clk (rise edge)
                                  0.000000    0.000000   clock network delay (propagated)
                                 10.000000   10.000000 ^ input external delay
     4    0.020736    0.000000    0.000000   10.000000 ^ in_cic (in)
                                                         in_cic (net)
                      0.000170    0.000069   10.000070 ^ _1519_/A4 (gf180mcu_fd_sc_mcu7t5v0__and4_1)
     5    0.026088    0.516348    0.714564   10.714634 ^ _1519_/Z (gf180mcu_fd_sc_mcu7t5v0__and4_1)
                                                         _0908_ (net)
                      0.516348    0.000223   10.714857 ^ _1526_/A4 (gf180mcu_fd_sc_mcu7t5v0__nand4_1)
     2    0.012975    0.562607    0.326692   11.041549 v _1526_/ZN (gf180mcu_fd_sc_mcu7t5v0__nand4_1)
                                                         _0912_ (net)
                      0.562607    0.000059   11.041607 v _1530_/A3 (gf180mcu_fd_sc_mcu7t5v0__nor3_1)
     8    0.038672    1.904404    1.174284   12.215891 ^ _1530_/ZN (gf180mcu_fd_sc_mcu7t5v0__nor3_1)
                                                         _0914_ (net)
                      1.904404    0.000308   12.216199 ^ _1551_/A2 (gf180mcu_fd_sc_mcu7t5v0__and4_1)
     6    0.033778    0.646169    0.945541   13.161739 ^ _1551_/Z (gf180mcu_fd_sc_mcu7t5v0__and4_1)
                                                         _0927_ (net)
                      0.646169    0.000598   13.162337 ^ _1561_/A3 (gf180mcu_fd_sc_mcu7t5v0__and4_1)
     5    0.026135    0.516467    0.733064   13.895402 ^ _1561_/Z (gf180mcu_fd_sc_mcu7t5v0__and4_1)
                                                         _0933_ (net)
                      0.516467    0.000185   13.895586 ^ _1565_/A3 (gf180mcu_fd_sc_mcu7t5v0__and3_1)
     3    0.018027    0.385883    0.540832   14.436419 ^ _1565_/Z (gf180mcu_fd_sc_mcu7t5v0__and3_1)
                                                         _0935_ (net)
                      0.385883    0.000064   14.436482 ^ _1569_/A2 (gf180mcu_fd_sc_mcu7t5v0__aoi21_1)
     1    0.004726    0.267567    0.125613   14.562096 v _1569_/ZN (gf180mcu_fd_sc_mcu7t5v0__aoi21_1)
                                                         _0937_ (net)
                      0.267567    0.000004   14.562100 v _1572_/A1 (gf180mcu_fd_sc_mcu7t5v0__nor2_1)
     1    0.003185    0.227471    0.191808   14.753909 ^ _1572_/ZN (gf180mcu_fd_sc_mcu7t5v0__nor2_1)
                                                         _0077_ (net)
                      0.227471    0.000003   14.753911 ^ _2143_/D (gf180mcu_fd_sc_mcu7t5v0__dffrnq_1)
                                             14.753911   data arrival time

                                 81.379997   81.379997   clock clk (rise edge)
                                  0.000000   81.379997   clock source latency
    83    0.353267    0.000000    0.000000   81.379997 ^ clk (in)
                                                         clk (net)
                      0.002912    0.001194   81.381187 ^ _2143_/CLK (gf180mcu_fd_sc_mcu7t5v0__dffrnq_1)
                                 -0.250000   81.131195   clock uncertainty
                                  0.000000   81.131195   clock reconvergence pessimism
                                 -0.340538   80.790649   library setup time
                                             80.790649   data required time
---------------------------------------------------------------------------------------------
                                             80.790649   data required time
                                            -14.753911   data arrival time
---------------------------------------------------------------------------------------------
                                             66.036743   slack (MET)


Startpoint: in_cic (input port clocked by clk)
Endpoint: _2143_ (rising edge-triggered flip-flop clocked by clk_div)
Path Group: clk_div
Path Type: max

Fanout         Cap        Slew       Delay        Time   Description
---------------------------------------------------------------------------------------------
                               20751.898438 20751.898438   clock clk (rise edge)
                                  0.000000 20751.898438   clock network delay (propagated)
                                 10.000000 20761.900391 ^ input external delay
     4    0.020736    0.000000    0.000000 20761.900391 ^ in_cic (in)
                                                         in_cic (net)
                      0.000170    0.000000 20761.900391 ^ _1519_/A4 (gf180mcu_fd_sc_mcu7t5v0__and4_1)
     5    0.026088    0.516348    0.713044 20762.613281 ^ _1519_/Z (gf180mcu_fd_sc_mcu7t5v0__and4_1)
                                                         _0908_ (net)
                      0.516348    0.001819 20762.615234 ^ _1526_/A4 (gf180mcu_fd_sc_mcu7t5v0__nand4_1)
     2    0.012975    0.562607    0.325599 20762.941406 v _1526_/ZN (gf180mcu_fd_sc_mcu7t5v0__nand4_1)
                                                         _0912_ (net)
                      0.562607    0.000000 20762.941406 v _1530_/A3 (gf180mcu_fd_sc_mcu7t5v0__nor3_1)
     8    0.038672    1.904404    1.175067 20764.115234 ^ _1530_/ZN (gf180mcu_fd_sc_mcu7t5v0__nor3_1)
                                                         _0914_ (net)
                      1.904404    0.000000 20764.115234 ^ _1551_/A2 (gf180mcu_fd_sc_mcu7t5v0__and4_1)
     6    0.033778    0.646169    0.945875 20765.062500 ^ _1551_/Z (gf180mcu_fd_sc_mcu7t5v0__and4_1)
                                                         _0927_ (net)
                      0.646169    0.000000 20765.062500 ^ _1561_/A3 (gf180mcu_fd_sc_mcu7t5v0__and4_1)
     5    0.026135    0.516467    0.733053 20765.794922 ^ _1561_/Z (gf180mcu_fd_sc_mcu7t5v0__and4_1)
                                                         _0933_ (net)
                      0.516467    0.000000 20765.794922 ^ _1565_/A3 (gf180mcu_fd_sc_mcu7t5v0__and3_1)
     3    0.018027    0.385883    0.542059 20766.335938 ^ _1565_/Z (gf180mcu_fd_sc_mcu7t5v0__and3_1)
                                                         _0935_ (net)
                      0.385883    0.000000 20766.335938 ^ _1569_/A2 (gf180mcu_fd_sc_mcu7t5v0__aoi21_1)
     1    0.004726    0.267567    0.125510 20766.462891 v _1569_/ZN (gf180mcu_fd_sc_mcu7t5v0__aoi21_1)
                                                         _0937_ (net)
                      0.267567    0.000000 20766.462891 v _1572_/A1 (gf180mcu_fd_sc_mcu7t5v0__nor2_1)
     1    0.003185    0.227471    0.190994 20766.652344 ^ _1572_/ZN (gf180mcu_fd_sc_mcu7t5v0__nor2_1)
                                                         _0077_ (net)
                      0.227471    0.000000 20766.652344 ^ _2143_/D (gf180mcu_fd_sc_mcu7t5v0__dffrnq_1)
                                           20766.652344   data arrival time

                               20833.279297 20833.279297   clock clk_div (rise edge)
                                  0.000000 20833.279297   clock source latency
    83    0.353267    0.000000    0.000000 20833.279297 ^ clk (in)
                                                         clk (net)
                      0.002912    0.001819 20833.281250 ^ _2143_/CLK (gf180mcu_fd_sc_mcu7t5v0__dffrnq_1)
                                 -0.250000 20833.031250   clock uncertainty
                                  0.000000 20833.031250   clock reconvergence pessimism
                                 -0.340538 20832.689453   library setup time
                                           20832.689453   data required time
---------------------------------------------------------------------------------------------
                                           20832.689453   data required time
                                           -20766.652344   data arrival time
---------------------------------------------------------------------------------------------
                                             66.036743   slack (MET)


Startpoint: in_cic (input port clocked by clk)
Endpoint: _2141_ (rising edge-triggered flip-flop clocked by clk)
Path Group: clk
Path Type: max

Fanout         Cap        Slew       Delay        Time   Description
---------------------------------------------------------------------------------------------
                                  0.000000    0.000000   clock clk (rise edge)
                                  0.000000    0.000000   clock network delay (propagated)
                                 10.000000   10.000000 ^ input external delay
     4    0.020736    0.000000    0.000000   10.000000 ^ in_cic (in)
                                                         in_cic (net)
                      0.000170    0.000069   10.000070 ^ _1519_/A4 (gf180mcu_fd_sc_mcu7t5v0__and4_1)
     5    0.026088    0.516348    0.714564   10.714634 ^ _1519_/Z (gf180mcu_fd_sc_mcu7t5v0__and4_1)
                                                         _0908_ (net)
                      0.516348    0.000223   10.714857 ^ _1526_/A4 (gf180mcu_fd_sc_mcu7t5v0__nand4_1)
     2    0.012975    0.562607    0.326692   11.041549 v _1526_/ZN (gf180mcu_fd_sc_mcu7t5v0__nand4_1)
                                                         _0912_ (net)
                      0.562607    0.000059   11.041607 v _1530_/A3 (gf180mcu_fd_sc_mcu7t5v0__nor3_1)
     8    0.038672    1.904404    1.174284   12.215891 ^ _1530_/ZN (gf180mcu_fd_sc_mcu7t5v0__nor3_1)
                                                         _0914_ (net)
                      1.904404    0.000308   12.216199 ^ _1551_/A2 (gf180mcu_fd_sc_mcu7t5v0__and4_1)
     6    0.033778    0.646169    0.945541   13.161739 ^ _1551_/Z (gf180mcu_fd_sc_mcu7t5v0__and4_1)
                                                         _0927_ (net)
                      0.646169    0.000598   13.162337 ^ _1561_/A3 (gf180mcu_fd_sc_mcu7t5v0__and4_1)
     5    0.026135    0.516467    0.733064   13.895402 ^ _1561_/Z (gf180mcu_fd_sc_mcu7t5v0__and4_1)
                                                         _0933_ (net)
                      0.516467    0.000185   13.895586 ^ _1565_/A3 (gf180mcu_fd_sc_mcu7t5v0__and3_1)
     3    0.018027    0.385883    0.540832   14.436419 ^ _1565_/Z (gf180mcu_fd_sc_mcu7t5v0__and3_1)
                                                         _0935_ (net)
                      0.385883    0.000017   14.436436 ^ _1567_/A2 (gf180mcu_fd_sc_mcu7t5v0__nor2_1)
     1    0.003143    0.186172    0.144028   14.580463 v _1567_/ZN (gf180mcu_fd_sc_mcu7t5v0__nor2_1)
                                                         _0075_ (net)
                      0.186172    0.000002   14.580465 v _2141_/D (gf180mcu_fd_sc_mcu7t5v0__dffrnq_1)
                                             14.580465   data arrival time

                                 81.379997   81.379997   clock clk (rise edge)
                                  0.000000   81.379997   clock source latency
    83    0.353267    0.000000    0.000000   81.379997 ^ clk (in)
                                                         clk (net)
                      0.003009    0.001229   81.381226 ^ _2141_/CLK (gf180mcu_fd_sc_mcu7t5v0__dffrnq_1)
                                 -0.250000   81.131226   clock uncertainty
                                  0.000000   81.131226   clock reconvergence pessimism
                                 -0.179614   80.951614   library setup time
                                             80.951614   data required time
---------------------------------------------------------------------------------------------
                                             80.951614   data required time
                                            -14.580465   data arrival time
---------------------------------------------------------------------------------------------
                                             66.371155   slack (MET)


Startpoint: in_cic (input port clocked by clk)
Endpoint: _2141_ (rising edge-triggered flip-flop clocked by clk_div)
Path Group: clk_div
Path Type: max

Fanout         Cap        Slew       Delay        Time   Description
---------------------------------------------------------------------------------------------
                               20751.898438 20751.898438   clock clk (rise edge)
                                  0.000000 20751.898438   clock network delay (propagated)
                                 10.000000 20761.900391 ^ input external delay
     4    0.020736    0.000000    0.000000 20761.900391 ^ in_cic (in)
                                                         in_cic (net)
                      0.000170    0.000000 20761.900391 ^ _1519_/A4 (gf180mcu_fd_sc_mcu7t5v0__and4_1)
     5    0.026088    0.516348    0.713044 20762.613281 ^ _1519_/Z (gf180mcu_fd_sc_mcu7t5v0__and4_1)
                                                         _0908_ (net)
                      0.516348    0.001819 20762.615234 ^ _1526_/A4 (gf180mcu_fd_sc_mcu7t5v0__nand4_1)
     2    0.012975    0.562607    0.325599 20762.941406 v _1526_/ZN (gf180mcu_fd_sc_mcu7t5v0__nand4_1)
                                                         _0912_ (net)
                      0.562607    0.000000 20762.941406 v _1530_/A3 (gf180mcu_fd_sc_mcu7t5v0__nor3_1)
     8    0.038672    1.904404    1.175067 20764.115234 ^ _1530_/ZN (gf180mcu_fd_sc_mcu7t5v0__nor3_1)
                                                         _0914_ (net)
                      1.904404    0.000000 20764.115234 ^ _1551_/A2 (gf180mcu_fd_sc_mcu7t5v0__and4_1)
     6    0.033778    0.646169    0.945875 20765.062500 ^ _1551_/Z (gf180mcu_fd_sc_mcu7t5v0__and4_1)
                                                         _0927_ (net)
                      0.646169    0.000000 20765.062500 ^ _1561_/A3 (gf180mcu_fd_sc_mcu7t5v0__and4_1)
     5    0.026135    0.516467    0.733053 20765.794922 ^ _1561_/Z (gf180mcu_fd_sc_mcu7t5v0__and4_1)
                                                         _0933_ (net)
                      0.516467    0.000000 20765.794922 ^ _1565_/A3 (gf180mcu_fd_sc_mcu7t5v0__and3_1)
     3    0.018027    0.385883    0.542059 20766.335938 ^ _1565_/Z (gf180mcu_fd_sc_mcu7t5v0__and3_1)
                                                         _0935_ (net)
                      0.385883    0.000000 20766.335938 ^ _1567_/A2 (gf180mcu_fd_sc_mcu7t5v0__nor2_1)
     1    0.003143    0.186172    0.143700 20766.480469 v _1567_/ZN (gf180mcu_fd_sc_mcu7t5v0__nor2_1)
                                                         _0075_ (net)
                      0.186172    0.000000 20766.480469 v _2141_/D (gf180mcu_fd_sc_mcu7t5v0__dffrnq_1)
                                           20766.480469   data arrival time

                               20833.279297 20833.279297   clock clk_div (rise edge)
                                  0.000000 20833.279297   clock source latency
    83    0.353267    0.000000    0.000000 20833.279297 ^ clk (in)
                                                         clk (net)
                      0.003009    0.001819 20833.281250 ^ _2141_/CLK (gf180mcu_fd_sc_mcu7t5v0__dffrnq_1)
                                 -0.250000 20833.031250   clock uncertainty
                                  0.000000 20833.031250   clock reconvergence pessimism
                                 -0.179614 20832.851562   library setup time
                                           20832.851562   data required time
---------------------------------------------------------------------------------------------
                                           20832.851562   data required time
                                           -20766.480469   data arrival time
---------------------------------------------------------------------------------------------
                                             66.371155   slack (MET)


Startpoint: in_cic (input port clocked by clk)
Endpoint: _2140_ (rising edge-triggered flip-flop clocked by clk)
Path Group: clk
Path Type: max

Fanout         Cap        Slew       Delay        Time   Description
---------------------------------------------------------------------------------------------
                                  0.000000    0.000000   clock clk (rise edge)
                                  0.000000    0.000000   clock network delay (propagated)
                                 10.000000   10.000000 ^ input external delay
     4    0.020736    0.000000    0.000000   10.000000 ^ in_cic (in)
                                                         in_cic (net)
                      0.000170    0.000069   10.000070 ^ _1519_/A4 (gf180mcu_fd_sc_mcu7t5v0__and4_1)
     5    0.026088    0.516348    0.714564   10.714634 ^ _1519_/Z (gf180mcu_fd_sc_mcu7t5v0__and4_1)
                                                         _0908_ (net)
                      0.516348    0.000223   10.714857 ^ _1526_/A4 (gf180mcu_fd_sc_mcu7t5v0__nand4_1)
     2    0.012975    0.562607    0.326692   11.041549 v _1526_/ZN (gf180mcu_fd_sc_mcu7t5v0__nand4_1)
                                                         _0912_ (net)
                      0.562607    0.000059   11.041607 v _1530_/A3 (gf180mcu_fd_sc_mcu7t5v0__nor3_1)
     8    0.038672    1.904404    1.174284   12.215891 ^ _1530_/ZN (gf180mcu_fd_sc_mcu7t5v0__nor3_1)
                                                         _0914_ (net)
                      1.904404    0.000308   12.216199 ^ _1551_/A2 (gf180mcu_fd_sc_mcu7t5v0__and4_1)
     6    0.033778    0.646169    0.945541   13.161739 ^ _1551_/Z (gf180mcu_fd_sc_mcu7t5v0__and4_1)
                                                         _0927_ (net)
                      0.646169    0.000598   13.162337 ^ _1561_/A3 (gf180mcu_fd_sc_mcu7t5v0__and4_1)
     5    0.026135    0.516467    0.733064   13.895402 ^ _1561_/Z (gf180mcu_fd_sc_mcu7t5v0__and4_1)
                                                         _0933_ (net)
                      0.516467    0.000149   13.895551 ^ _1563_/A2 (gf180mcu_fd_sc_mcu7t5v0__xor2_1)
     1    0.003142    0.304505    0.337459   14.233010 ^ _1563_/Z (gf180mcu_fd_sc_mcu7t5v0__xor2_1)
                                                         _0074_ (net)
                      0.304505    0.000002   14.233011 ^ _2140_/D (gf180mcu_fd_sc_mcu7t5v0__dffrnq_1)
                                             14.233011   data arrival time

                                 81.379997   81.379997   clock clk (rise edge)
                                  0.000000   81.379997   clock source latency
    83    0.353267    0.000000    0.000000   81.379997 ^ clk (in)
                                                         clk (net)
                      0.003042    0.001243   81.381241 ^ _2140_/CLK (gf180mcu_fd_sc_mcu7t5v0__dffrnq_1)
                                 -0.250000   81.131241   clock uncertainty
                                  0.000000   81.131241   clock reconvergence pessimism
                                 -0.351975   80.779266   library setup time
                                             80.779266   data required time
---------------------------------------------------------------------------------------------
                                             80.779266   data required time
                                            -14.233011   data arrival time
---------------------------------------------------------------------------------------------
                                             66.546257   slack (MET)


Startpoint: in_cic (input port clocked by clk)
Endpoint: _2140_ (rising edge-triggered flip-flop clocked by clk_div)
Path Group: clk_div
Path Type: max

Fanout         Cap        Slew       Delay        Time   Description
---------------------------------------------------------------------------------------------
                               20751.898438 20751.898438   clock clk (rise edge)
                                  0.000000 20751.898438   clock network delay (propagated)
                                 10.000000 20761.900391 ^ input external delay
     4    0.020736    0.000000    0.000000 20761.900391 ^ in_cic (in)
                                                         in_cic (net)
                      0.000170    0.000000 20761.900391 ^ _1519_/A4 (gf180mcu_fd_sc_mcu7t5v0__and4_1)
     5    0.026088    0.516348    0.713044 20762.613281 ^ _1519_/Z (gf180mcu_fd_sc_mcu7t5v0__and4_1)
                                                         _0908_ (net)
                      0.516348    0.001819 20762.615234 ^ _1526_/A4 (gf180mcu_fd_sc_mcu7t5v0__nand4_1)
     2    0.012975    0.562607    0.325599 20762.941406 v _1526_/ZN (gf180mcu_fd_sc_mcu7t5v0__nand4_1)
                                                         _0912_ (net)
                      0.562607    0.000000 20762.941406 v _1530_/A3 (gf180mcu_fd_sc_mcu7t5v0__nor3_1)
     8    0.038672    1.904404    1.175067 20764.115234 ^ _1530_/ZN (gf180mcu_fd_sc_mcu7t5v0__nor3_1)
                                                         _0914_ (net)
                      1.904404    0.000000 20764.115234 ^ _1551_/A2 (gf180mcu_fd_sc_mcu7t5v0__and4_1)
     6    0.033778    0.646169    0.945875 20765.062500 ^ _1551_/Z (gf180mcu_fd_sc_mcu7t5v0__and4_1)
                                                         _0927_ (net)
                      0.646169    0.000000 20765.062500 ^ _1561_/A3 (gf180mcu_fd_sc_mcu7t5v0__and4_1)
     5    0.026135    0.516467    0.733053 20765.794922 ^ _1561_/Z (gf180mcu_fd_sc_mcu7t5v0__and4_1)
                                                         _0933_ (net)
                      0.516467    0.000000 20765.794922 ^ _1563_/A2 (gf180mcu_fd_sc_mcu7t5v0__xor2_1)
     1    0.003142    0.304505    0.338332 20766.132812 ^ _1563_/Z (gf180mcu_fd_sc_mcu7t5v0__xor2_1)
                                                         _0074_ (net)
                      0.304505    0.000000 20766.132812 ^ _2140_/D (gf180mcu_fd_sc_mcu7t5v0__dffrnq_1)
                                           20766.132812   data arrival time

                               20833.279297 20833.279297   clock clk_div (rise edge)
                                  0.000000 20833.279297   clock source latency
    83    0.353267    0.000000    0.000000 20833.279297 ^ clk (in)
                                                         clk (net)
                      0.003042    0.001819 20833.281250 ^ _2140_/CLK (gf180mcu_fd_sc_mcu7t5v0__dffrnq_1)
                                 -0.250000 20833.031250   clock uncertainty
                                  0.000000 20833.031250   clock reconvergence pessimism
                                 -0.351975 20832.679688   library setup time
                                           20832.679688   data required time
---------------------------------------------------------------------------------------------
                                           20832.679688   data required time
                                           -20766.132812   data arrival time
---------------------------------------------------------------------------------------------
                                             66.546257   slack (MET)


Startpoint: in_cic (input port clocked by clk)
Endpoint: _2135_ (rising edge-triggered flip-flop clocked by clk)
Path Group: clk
Path Type: max

Fanout         Cap        Slew       Delay        Time   Description
---------------------------------------------------------------------------------------------
                                  0.000000    0.000000   clock clk (rise edge)
                                  0.000000    0.000000   clock network delay (propagated)
                                 10.000000   10.000000 ^ input external delay
     4    0.020736    0.000000    0.000000   10.000000 ^ in_cic (in)
                                                         in_cic (net)
                      0.000170    0.000069   10.000070 ^ _1519_/A4 (gf180mcu_fd_sc_mcu7t5v0__and4_1)
     5    0.026088    0.516348    0.714564   10.714634 ^ _1519_/Z (gf180mcu_fd_sc_mcu7t5v0__and4_1)
                                                         _0908_ (net)
                      0.516348    0.000223   10.714857 ^ _1526_/A4 (gf180mcu_fd_sc_mcu7t5v0__nand4_1)
     2    0.012975    0.562607    0.326692   11.041549 v _1526_/ZN (gf180mcu_fd_sc_mcu7t5v0__nand4_1)
                                                         _0912_ (net)
                      0.562607    0.000059   11.041607 v _1530_/A3 (gf180mcu_fd_sc_mcu7t5v0__nor3_1)
     8    0.038672    1.904404    1.174284   12.215891 ^ _1530_/ZN (gf180mcu_fd_sc_mcu7t5v0__nor3_1)
                                                         _0914_ (net)
                      1.904404    0.000308   12.216199 ^ _1540_/A3 (gf180mcu_fd_sc_mcu7t5v0__and4_1)
     6    0.032733    0.634648    0.871370   13.087568 ^ _1540_/Z (gf180mcu_fd_sc_mcu7t5v0__and4_1)
                                                         _0920_ (net)
                      0.634648    0.000258   13.087827 ^ _1547_/A4 (gf180mcu_fd_sc_mcu7t5v0__and4_1)
     2    0.009422    0.274487    0.547707   13.635534 ^ _1547_/Z (gf180mcu_fd_sc_mcu7t5v0__and4_1)
                                                         _0924_ (net)
                      0.274487    0.000010   13.635544 ^ _1549_/A2 (gf180mcu_fd_sc_mcu7t5v0__nor2_1)
     1    0.004458    0.199860    0.147447   13.782991 v _1549_/ZN (gf180mcu_fd_sc_mcu7t5v0__nor2_1)
                                                         _0925_ (net)
                      0.199860    0.000008   13.782999 v _1552_/B (gf180mcu_fd_sc_mcu7t5v0__aoi21_1)
     1    0.003248    0.296140    0.248995   14.031994 ^ _1552_/ZN (gf180mcu_fd_sc_mcu7t5v0__aoi21_1)
                                                         _0068_ (net)
                      0.296140    0.000004   14.031998 ^ _2135_/D (gf180mcu_fd_sc_mcu7t5v0__dffrnq_1)
                                             14.031998   data arrival time

                                 81.379997   81.379997   clock clk (rise edge)
                                  0.000000   81.379997   clock source latency
    83    0.353267    0.000000    0.000000   81.379997 ^ clk (in)
                                                         clk (net)
                      0.008303    0.003396   81.383392 ^ _2135_/CLK (gf180mcu_fd_sc_mcu7t5v0__dffrnq_1)
                                 -0.250000   81.133392   clock uncertainty
                                  0.000000   81.133392   clock reconvergence pessimism
                                 -0.349931   80.783470   library setup time
                                             80.783470   data required time
---------------------------------------------------------------------------------------------
                                             80.783470   data required time
                                            -14.031998   data arrival time
---------------------------------------------------------------------------------------------
                                             66.751472   slack (MET)


Startpoint: in_cic (input port clocked by clk)
Endpoint: _2135_ (rising edge-triggered flip-flop clocked by clk_div)
Path Group: clk_div
Path Type: max

Fanout         Cap        Slew       Delay        Time   Description
---------------------------------------------------------------------------------------------
                               20751.898438 20751.898438   clock clk (rise edge)
                                  0.000000 20751.898438   clock network delay (propagated)
                                 10.000000 20761.900391 ^ input external delay
     4    0.020736    0.000000    0.000000 20761.900391 ^ in_cic (in)
                                                         in_cic (net)
                      0.000170    0.000000 20761.900391 ^ _1519_/A4 (gf180mcu_fd_sc_mcu7t5v0__and4_1)
     5    0.026088    0.516348    0.713044 20762.613281 ^ _1519_/Z (gf180mcu_fd_sc_mcu7t5v0__and4_1)
                                                         _0908_ (net)
                      0.516348    0.001819 20762.615234 ^ _1526_/A4 (gf180mcu_fd_sc_mcu7t5v0__nand4_1)
     2    0.012975    0.562607    0.325599 20762.941406 v _1526_/ZN (gf180mcu_fd_sc_mcu7t5v0__nand4_1)
                                                         _0912_ (net)
                      0.562607    0.000000 20762.941406 v _1530_/A3 (gf180mcu_fd_sc_mcu7t5v0__nor3_1)
     8    0.038672    1.904404    1.175067 20764.115234 ^ _1530_/ZN (gf180mcu_fd_sc_mcu7t5v0__nor3_1)
                                                         _0914_ (net)
                      1.904404    0.000000 20764.115234 ^ _1540_/A3 (gf180mcu_fd_sc_mcu7t5v0__and4_1)
     6    0.032733    0.634648    0.871296 20764.986328 ^ _1540_/Z (gf180mcu_fd_sc_mcu7t5v0__and4_1)
                                                         _0920_ (net)
                      0.634648    0.000000 20764.986328 ^ _1547_/A4 (gf180mcu_fd_sc_mcu7t5v0__and4_1)
     2    0.009422    0.274487    0.547516 20765.535156 ^ _1547_/Z (gf180mcu_fd_sc_mcu7t5v0__and4_1)
                                                         _0924_ (net)
                      0.274487    0.000000 20765.535156 ^ _1549_/A2 (gf180mcu_fd_sc_mcu7t5v0__nor2_1)
     1    0.004458    0.199860    0.147338 20765.681641 v _1549_/ZN (gf180mcu_fd_sc_mcu7t5v0__nor2_1)
                                                         _0925_ (net)
                      0.199860    0.000000 20765.681641 v _1552_/B (gf180mcu_fd_sc_mcu7t5v0__aoi21_1)
     1    0.003248    0.296140    0.249202 20765.931641 ^ _1552_/ZN (gf180mcu_fd_sc_mcu7t5v0__aoi21_1)
                                                         _0068_ (net)
                      0.296140    0.000000 20765.931641 ^ _2135_/D (gf180mcu_fd_sc_mcu7t5v0__dffrnq_1)
                                           20765.931641   data arrival time

                               20833.279297 20833.279297   clock clk_div (rise edge)
                                  0.000000 20833.279297   clock source latency
    83    0.353267    0.000000    0.000000 20833.279297 ^ clk (in)
                                                         clk (net)
                      0.008303    0.003638 20833.283203 ^ _2135_/CLK (gf180mcu_fd_sc_mcu7t5v0__dffrnq_1)
                                 -0.250000 20833.033203   clock uncertainty
                                  0.000000 20833.033203   clock reconvergence pessimism
                                 -0.349931 20832.681641   library setup time
                                           20832.681641   data required time
---------------------------------------------------------------------------------------------
                                           20832.681641   data required time
                                           -20765.931641   data arrival time
---------------------------------------------------------------------------------------------
                                             66.751472   slack (MET)


Startpoint: in_cic (input port clocked by clk)
Endpoint: _2139_ (rising edge-triggered flip-flop clocked by clk)
Path Group: clk
Path Type: max

Fanout         Cap        Slew       Delay        Time   Description
---------------------------------------------------------------------------------------------
                                  0.000000    0.000000   clock clk (rise edge)
                                  0.000000    0.000000   clock network delay (propagated)
                                 10.000000   10.000000 ^ input external delay
     4    0.020736    0.000000    0.000000   10.000000 ^ in_cic (in)
                                                         in_cic (net)
                      0.000170    0.000069   10.000070 ^ _1519_/A4 (gf180mcu_fd_sc_mcu7t5v0__and4_1)
     5    0.026088    0.516348    0.714564   10.714634 ^ _1519_/Z (gf180mcu_fd_sc_mcu7t5v0__and4_1)
                                                         _0908_ (net)
                      0.516348    0.000223   10.714857 ^ _1526_/A4 (gf180mcu_fd_sc_mcu7t5v0__nand4_1)
     2    0.012975    0.562607    0.326692   11.041549 v _1526_/ZN (gf180mcu_fd_sc_mcu7t5v0__nand4_1)
                                                         _0912_ (net)
                      0.562607    0.000059   11.041607 v _1530_/A3 (gf180mcu_fd_sc_mcu7t5v0__nor3_1)
     8    0.038672    1.904404    1.174284   12.215891 ^ _1530_/ZN (gf180mcu_fd_sc_mcu7t5v0__nor3_1)
                                                         _0914_ (net)
                      1.904404    0.000308   12.216199 ^ _1551_/A2 (gf180mcu_fd_sc_mcu7t5v0__and4_1)
     6    0.033778    0.646169    0.945541   13.161739 ^ _1551_/Z (gf180mcu_fd_sc_mcu7t5v0__and4_1)
                                                         _0927_ (net)
                      0.646169    0.000584   13.162323 ^ _1558_/A4 (gf180mcu_fd_sc_mcu7t5v0__and4_1)
     2    0.009934    0.282348    0.553293   13.715615 ^ _1558_/Z (gf180mcu_fd_sc_mcu7t5v0__and4_1)
                                                         _0931_ (net)
                      0.282348    0.000030   13.715646 ^ _1560_/A2 (gf180mcu_fd_sc_mcu7t5v0__nor2_1)
     1    0.004614    0.200147    0.150338   13.865984 v _1560_/ZN (gf180mcu_fd_sc_mcu7t5v0__nor2_1)
                                                         _0932_ (net)
                      0.200147    0.000003   13.865987 v _1562_/A1 (gf180mcu_fd_sc_mcu7t5v0__nor2_1)
     1    0.003172    0.237879    0.171796   14.037783 ^ _1562_/ZN (gf180mcu_fd_sc_mcu7t5v0__nor2_1)
                                                         _0072_ (net)
                      0.237879    0.000003   14.037786 ^ _2139_/D (gf180mcu_fd_sc_mcu7t5v0__dffrnq_1)
                                             14.037786   data arrival time

                                 81.379997   81.379997   clock clk (rise edge)
                                  0.000000   81.379997   clock source latency
    83    0.353267    0.000000    0.000000   81.379997 ^ clk (in)
                                                         clk (net)
                      0.006096    0.002494   81.382492 ^ _2139_/CLK (gf180mcu_fd_sc_mcu7t5v0__dffrnq_1)
                                 -0.250000   81.132492   clock uncertainty
                                  0.000000   81.132492   clock reconvergence pessimism
                                 -0.341566   80.790932   library setup time
                                             80.790932   data required time
---------------------------------------------------------------------------------------------
                                             80.790932   data required time
                                            -14.037786   data arrival time
---------------------------------------------------------------------------------------------
                                             66.753143   slack (MET)


Startpoint: in_cic (input port clocked by clk)
Endpoint: _2139_ (rising edge-triggered flip-flop clocked by clk_div)
Path Group: clk_div
Path Type: max

Fanout         Cap        Slew       Delay        Time   Description
---------------------------------------------------------------------------------------------
                               20751.898438 20751.898438   clock clk (rise edge)
                                  0.000000 20751.898438   clock network delay (propagated)
                                 10.000000 20761.900391 ^ input external delay
     4    0.020736    0.000000    0.000000 20761.900391 ^ in_cic (in)
                                                         in_cic (net)
                      0.000170    0.000000 20761.900391 ^ _1519_/A4 (gf180mcu_fd_sc_mcu7t5v0__and4_1)
     5    0.026088    0.516348    0.713044 20762.613281 ^ _1519_/Z (gf180mcu_fd_sc_mcu7t5v0__and4_1)
                                                         _0908_ (net)
                      0.516348    0.001819 20762.615234 ^ _1526_/A4 (gf180mcu_fd_sc_mcu7t5v0__nand4_1)
     2    0.012975    0.562607    0.325599 20762.941406 v _1526_/ZN (gf180mcu_fd_sc_mcu7t5v0__nand4_1)
                                                         _0912_ (net)
                      0.562607    0.000000 20762.941406 v _1530_/A3 (gf180mcu_fd_sc_mcu7t5v0__nor3_1)
     8    0.038672    1.904404    1.175067 20764.115234 ^ _1530_/ZN (gf180mcu_fd_sc_mcu7t5v0__nor3_1)
                                                         _0914_ (net)
                      1.904404    0.000000 20764.115234 ^ _1551_/A2 (gf180mcu_fd_sc_mcu7t5v0__and4_1)
     6    0.033778    0.646169    0.945875 20765.062500 ^ _1551_/Z (gf180mcu_fd_sc_mcu7t5v0__and4_1)
                                                         _0927_ (net)
                      0.646169    0.000000 20765.062500 ^ _1558_/A4 (gf180mcu_fd_sc_mcu7t5v0__and4_1)
     2    0.009934    0.282348    0.552973 20765.615234 ^ _1558_/Z (gf180mcu_fd_sc_mcu7t5v0__and4_1)
                                                         _0931_ (net)
                      0.282348    0.000000 20765.615234 ^ _1560_/A2 (gf180mcu_fd_sc_mcu7t5v0__nor2_1)
     1    0.004614    0.200147    0.150976 20765.765625 v _1560_/ZN (gf180mcu_fd_sc_mcu7t5v0__nor2_1)
                                                         _0932_ (net)
                      0.200147    0.000000 20765.765625 v _1562_/A1 (gf180mcu_fd_sc_mcu7t5v0__nor2_1)
     1    0.003172    0.237879    0.170985 20765.935547 ^ _1562_/ZN (gf180mcu_fd_sc_mcu7t5v0__nor2_1)
                                                         _0072_ (net)
                      0.237879    0.000000 20765.935547 ^ _2139_/D (gf180mcu_fd_sc_mcu7t5v0__dffrnq_1)
                                           20765.935547   data arrival time

                               20833.279297 20833.279297   clock clk_div (rise edge)
                                  0.000000 20833.279297   clock source latency
    83    0.353267    0.000000    0.000000 20833.279297 ^ clk (in)
                                                         clk (net)
                      0.006096    0.001819 20833.281250 ^ _2139_/CLK (gf180mcu_fd_sc_mcu7t5v0__dffrnq_1)
                                 -0.250000 20833.031250   clock uncertainty
                                  0.000000 20833.031250   clock reconvergence pessimism
                                 -0.341566 20832.689453   library setup time
                                           20832.689453   data required time
---------------------------------------------------------------------------------------------
                                           20832.689453   data required time
                                           -20765.935547   data arrival time
---------------------------------------------------------------------------------------------
                                             66.753143   slack (MET)


Startpoint: in_cic (input port clocked by clk)
Endpoint: _2138_ (rising edge-triggered flip-flop clocked by clk)
Path Group: clk
Path Type: max

Fanout         Cap        Slew       Delay        Time   Description
---------------------------------------------------------------------------------------------
                                  0.000000    0.000000   clock clk (rise edge)
                                  0.000000    0.000000   clock network delay (propagated)
                                 10.000000   10.000000 ^ input external delay
     4    0.020736    0.000000    0.000000   10.000000 ^ in_cic (in)
                                                         in_cic (net)
                      0.000170    0.000069   10.000070 ^ _1519_/A4 (gf180mcu_fd_sc_mcu7t5v0__and4_1)
     5    0.026088    0.516348    0.714564   10.714634 ^ _1519_/Z (gf180mcu_fd_sc_mcu7t5v0__and4_1)
                                                         _0908_ (net)
                      0.516348    0.000223   10.714857 ^ _1526_/A4 (gf180mcu_fd_sc_mcu7t5v0__nand4_1)
     2    0.012975    0.562607    0.326692   11.041549 v _1526_/ZN (gf180mcu_fd_sc_mcu7t5v0__nand4_1)
                                                         _0912_ (net)
                      0.562607    0.000059   11.041607 v _1530_/A3 (gf180mcu_fd_sc_mcu7t5v0__nor3_1)
     8    0.038672    1.904404    1.174284   12.215891 ^ _1530_/ZN (gf180mcu_fd_sc_mcu7t5v0__nor3_1)
                                                         _0914_ (net)
                      1.904404    0.000308   12.216199 ^ _1551_/A2 (gf180mcu_fd_sc_mcu7t5v0__and4_1)
     6    0.033778    0.646169    0.945541   13.161739 ^ _1551_/Z (gf180mcu_fd_sc_mcu7t5v0__and4_1)
                                                         _0927_ (net)
                      0.646169    0.000584   13.162323 ^ _1558_/A4 (gf180mcu_fd_sc_mcu7t5v0__and4_1)
     2    0.009934    0.282348    0.553293   13.715615 ^ _1558_/Z (gf180mcu_fd_sc_mcu7t5v0__and4_1)
                                                         _0931_ (net)
                      0.282348    0.000027   13.715642 ^ _1559_/A2 (gf180mcu_fd_sc_mcu7t5v0__nor2_1)
     1    0.003108    0.160402    0.134113   13.849755 v _1559_/ZN (gf180mcu_fd_sc_mcu7t5v0__nor2_1)
                                                         _0071_ (net)
                      0.160402    0.000002   13.849757 v _2138_/D (gf180mcu_fd_sc_mcu7t5v0__dffrnq_1)
                                             13.849757   data arrival time

                                 81.379997   81.379997   clock clk (rise edge)
                                  0.000000   81.379997   clock source latency
    83    0.353267    0.000000    0.000000   81.379997 ^ clk (in)
                                                         clk (net)
                      0.006349    0.002593   81.382591 ^ _2138_/CLK (gf180mcu_fd_sc_mcu7t5v0__dffrnq_1)
                                 -0.250000   81.132591   clock uncertainty
                                  0.000000   81.132591   clock reconvergence pessimism
                                 -0.171916   80.960678   library setup time
                                             80.960678   data required time
---------------------------------------------------------------------------------------------
                                             80.960678   data required time
                                            -13.849757   data arrival time
---------------------------------------------------------------------------------------------
                                             67.110916   slack (MET)


Startpoint: in_cic (input port clocked by clk)
Endpoint: _2138_ (rising edge-triggered flip-flop clocked by clk_div)
Path Group: clk_div
Path Type: max

Fanout         Cap        Slew       Delay        Time   Description
---------------------------------------------------------------------------------------------
                               20751.898438 20751.898438   clock clk (rise edge)
                                  0.000000 20751.898438   clock network delay (propagated)
                                 10.000000 20761.900391 ^ input external delay
     4    0.020736    0.000000    0.000000 20761.900391 ^ in_cic (in)
                                                         in_cic (net)
                      0.000170    0.000000 20761.900391 ^ _1519_/A4 (gf180mcu_fd_sc_mcu7t5v0__and4_1)
     5    0.026088    0.516348    0.713044 20762.613281 ^ _1519_/Z (gf180mcu_fd_sc_mcu7t5v0__and4_1)
                                                         _0908_ (net)
                      0.516348    0.001819 20762.615234 ^ _1526_/A4 (gf180mcu_fd_sc_mcu7t5v0__nand4_1)
     2    0.012975    0.562607    0.325599 20762.941406 v _1526_/ZN (gf180mcu_fd_sc_mcu7t5v0__nand4_1)
                                                         _0912_ (net)
                      0.562607    0.000000 20762.941406 v _1530_/A3 (gf180mcu_fd_sc_mcu7t5v0__nor3_1)
     8    0.038672    1.904404    1.175067 20764.115234 ^ _1530_/ZN (gf180mcu_fd_sc_mcu7t5v0__nor3_1)
                                                         _0914_ (net)
                      1.904404    0.000000 20764.115234 ^ _1551_/A2 (gf180mcu_fd_sc_mcu7t5v0__and4_1)
     6    0.033778    0.646169    0.945875 20765.062500 ^ _1551_/Z (gf180mcu_fd_sc_mcu7t5v0__and4_1)
                                                         _0927_ (net)
                      0.646169    0.000000 20765.062500 ^ _1558_/A4 (gf180mcu_fd_sc_mcu7t5v0__and4_1)
     2    0.009934    0.282348    0.552973 20765.615234 ^ _1558_/Z (gf180mcu_fd_sc_mcu7t5v0__and4_1)
                                                         _0931_ (net)
                      0.282348    0.000000 20765.615234 ^ _1559_/A2 (gf180mcu_fd_sc_mcu7t5v0__nor2_1)
     1    0.003108    0.160402    0.134605 20765.750000 v _1559_/ZN (gf180mcu_fd_sc_mcu7t5v0__nor2_1)
                                                         _0071_ (net)
                      0.160402    0.000000 20765.750000 v _2138_/D (gf180mcu_fd_sc_mcu7t5v0__dffrnq_1)
                                           20765.750000   data arrival time

                               20833.279297 20833.279297   clock clk_div (rise edge)
                                  0.000000 20833.279297   clock source latency
    83    0.353267    0.000000    0.000000 20833.279297 ^ clk (in)
                                                         clk (net)
                      0.006349    0.001819 20833.281250 ^ _2138_/CLK (gf180mcu_fd_sc_mcu7t5v0__dffrnq_1)
                                 -0.250000 20833.031250   clock uncertainty
                                  0.000000 20833.031250   clock reconvergence pessimism
                                 -0.171916 20832.861328   library setup time
                                           20832.861328   data required time
---------------------------------------------------------------------------------------------
                                           20832.861328   data required time
                                           -20765.750000   data arrival time
---------------------------------------------------------------------------------------------
                                             67.110916   slack (MET)


Startpoint: in_cic (input port clocked by clk)
Endpoint: _2134_ (rising edge-triggered flip-flop clocked by clk)
Path Group: clk
Path Type: max

Fanout         Cap        Slew       Delay        Time   Description
---------------------------------------------------------------------------------------------
                                  0.000000    0.000000   clock clk (rise edge)
                                  0.000000    0.000000   clock network delay (propagated)
                                 10.000000   10.000000 ^ input external delay
     4    0.020736    0.000000    0.000000   10.000000 ^ in_cic (in)
                                                         in_cic (net)
                      0.000170    0.000069   10.000070 ^ _1519_/A4 (gf180mcu_fd_sc_mcu7t5v0__and4_1)
     5    0.026088    0.516348    0.714564   10.714634 ^ _1519_/Z (gf180mcu_fd_sc_mcu7t5v0__and4_1)
                                                         _0908_ (net)
                      0.516348    0.000223   10.714857 ^ _1526_/A4 (gf180mcu_fd_sc_mcu7t5v0__nand4_1)
     2    0.012975    0.562607    0.326692   11.041549 v _1526_/ZN (gf180mcu_fd_sc_mcu7t5v0__nand4_1)
                                                         _0912_ (net)
                      0.562607    0.000059   11.041607 v _1530_/A3 (gf180mcu_fd_sc_mcu7t5v0__nor3_1)
     8    0.038672    1.904404    1.174284   12.215891 ^ _1530_/ZN (gf180mcu_fd_sc_mcu7t5v0__nor3_1)
                                                         _0914_ (net)
                      1.904404    0.000308   12.216199 ^ _1540_/A3 (gf180mcu_fd_sc_mcu7t5v0__and4_1)
     6    0.032733    0.634648    0.871370   13.087568 ^ _1540_/Z (gf180mcu_fd_sc_mcu7t5v0__and4_1)
                                                         _0920_ (net)
                      0.634648    0.000258   13.087827 ^ _1547_/A4 (gf180mcu_fd_sc_mcu7t5v0__and4_1)
     2    0.009422    0.274487    0.547707   13.635534 ^ _1547_/Z (gf180mcu_fd_sc_mcu7t5v0__and4_1)
                                                         _0924_ (net)
                      0.274487    0.000008   13.635542 ^ _1548_/A2 (gf180mcu_fd_sc_mcu7t5v0__nor2_1)
     1    0.003948    0.168524    0.142015   13.777557 v _1548_/ZN (gf180mcu_fd_sc_mcu7t5v0__nor2_1)
                                                         _0067_ (net)
                      0.168524    0.000013   13.777571 v _2134_/D (gf180mcu_fd_sc_mcu7t5v0__dffrnq_1)
                                             13.777571   data arrival time

                                 81.379997   81.379997   clock clk (rise edge)
                                  0.000000   81.379997   clock source latency
    83    0.353267    0.000000    0.000000   81.379997 ^ clk (in)
                                                         clk (net)
                      0.007523    0.003077   81.383072 ^ _2134_/CLK (gf180mcu_fd_sc_mcu7t5v0__dffrnq_1)
                                 -0.250000   81.133080   clock uncertainty
                                  0.000000   81.133080   clock reconvergence pessimism
                                 -0.173818   80.959259   library setup time
                                             80.959259   data required time
---------------------------------------------------------------------------------------------
                                             80.959259   data required time
                                            -13.777571   data arrival time
---------------------------------------------------------------------------------------------
                                             67.181679   slack (MET)


Startpoint: in_cic (input port clocked by clk)
Endpoint: _2134_ (rising edge-triggered flip-flop clocked by clk_div)
Path Group: clk_div
Path Type: max

Fanout         Cap        Slew       Delay        Time   Description
---------------------------------------------------------------------------------------------
                               20751.898438 20751.898438   clock clk (rise edge)
                                  0.000000 20751.898438   clock network delay (propagated)
                                 10.000000 20761.900391 ^ input external delay
     4    0.020736    0.000000    0.000000 20761.900391 ^ in_cic (in)
                                                         in_cic (net)
                      0.000170    0.000000 20761.900391 ^ _1519_/A4 (gf180mcu_fd_sc_mcu7t5v0__and4_1)
     5    0.026088    0.516348    0.713044 20762.613281 ^ _1519_/Z (gf180mcu_fd_sc_mcu7t5v0__and4_1)
                                                         _0908_ (net)
                      0.516348    0.001819 20762.615234 ^ _1526_/A4 (gf180mcu_fd_sc_mcu7t5v0__nand4_1)
     2    0.012975    0.562607    0.325599 20762.941406 v _1526_/ZN (gf180mcu_fd_sc_mcu7t5v0__nand4_1)
                                                         _0912_ (net)
                      0.562607    0.000000 20762.941406 v _1530_/A3 (gf180mcu_fd_sc_mcu7t5v0__nor3_1)
     8    0.038672    1.904404    1.175067 20764.115234 ^ _1530_/ZN (gf180mcu_fd_sc_mcu7t5v0__nor3_1)
                                                         _0914_ (net)
                      1.904404    0.000000 20764.115234 ^ _1540_/A3 (gf180mcu_fd_sc_mcu7t5v0__and4_1)
     6    0.032733    0.634648    0.871296 20764.986328 ^ _1540_/Z (gf180mcu_fd_sc_mcu7t5v0__and4_1)
                                                         _0920_ (net)
                      0.634648    0.000000 20764.986328 ^ _1547_/A4 (gf180mcu_fd_sc_mcu7t5v0__and4_1)
     2    0.009422    0.274487    0.547516 20765.535156 ^ _1547_/Z (gf180mcu_fd_sc_mcu7t5v0__and4_1)
                                                         _0924_ (net)
                      0.274487    0.000000 20765.535156 ^ _1548_/A2 (gf180mcu_fd_sc_mcu7t5v0__nor2_1)
     1    0.003948    0.168524    0.141881 20765.675781 v _1548_/ZN (gf180mcu_fd_sc_mcu7t5v0__nor2_1)
                                                         _0067_ (net)
                      0.168524    0.000000 20765.675781 v _2134_/D (gf180mcu_fd_sc_mcu7t5v0__dffrnq_1)
                                           20765.675781   data arrival time

                               20833.279297 20833.279297   clock clk_div (rise edge)
                                  0.000000 20833.279297   clock source latency
    83    0.353267    0.000000    0.000000 20833.279297 ^ clk (in)
                                                         clk (net)
                      0.007523    0.003638 20833.283203 ^ _2134_/CLK (gf180mcu_fd_sc_mcu7t5v0__dffrnq_1)
                                 -0.250000 20833.033203   clock uncertainty
                                  0.000000 20833.033203   clock reconvergence pessimism
                                 -0.173818 20832.859375   library setup time
                                           20832.859375   data required time
---------------------------------------------------------------------------------------------
                                           20832.859375   data required time
                                           -20765.675781   data arrival time
---------------------------------------------------------------------------------------------
                                             67.181679   slack (MET)


Startpoint: in_cic (input port clocked by clk)
Endpoint: _2137_ (rising edge-triggered flip-flop clocked by clk)
Path Group: clk
Path Type: max

Fanout         Cap        Slew       Delay        Time   Description
---------------------------------------------------------------------------------------------
                                  0.000000    0.000000   clock clk (rise edge)
                                  0.000000    0.000000   clock network delay (propagated)
                                 10.000000   10.000000 ^ input external delay
     4    0.020736    0.000000    0.000000   10.000000 ^ in_cic (in)
                                                         in_cic (net)
                      0.000170    0.000069   10.000070 ^ _1519_/A4 (gf180mcu_fd_sc_mcu7t5v0__and4_1)
     5    0.026088    0.516348    0.714564   10.714634 ^ _1519_/Z (gf180mcu_fd_sc_mcu7t5v0__and4_1)
                                                         _0908_ (net)
                      0.516348    0.000223   10.714857 ^ _1526_/A4 (gf180mcu_fd_sc_mcu7t5v0__nand4_1)
     2    0.012975    0.562607    0.326692   11.041549 v _1526_/ZN (gf180mcu_fd_sc_mcu7t5v0__nand4_1)
                                                         _0912_ (net)
                      0.562607    0.000059   11.041607 v _1530_/A3 (gf180mcu_fd_sc_mcu7t5v0__nor3_1)
     8    0.038672    1.904404    1.174284   12.215891 ^ _1530_/ZN (gf180mcu_fd_sc_mcu7t5v0__nor3_1)
                                                         _0914_ (net)
                      1.904404    0.000308   12.216199 ^ _1551_/A2 (gf180mcu_fd_sc_mcu7t5v0__and4_1)
     6    0.033778    0.646169    0.945541   13.161739 ^ _1551_/Z (gf180mcu_fd_sc_mcu7t5v0__and4_1)
                                                         _0927_ (net)
                      0.646169    0.000548   13.162288 ^ _1554_/A2 (gf180mcu_fd_sc_mcu7t5v0__aoi21_1)
     1    0.004135    0.290350    0.113259   13.275546 v _1554_/ZN (gf180mcu_fd_sc_mcu7t5v0__aoi21_1)
                                                         _0928_ (net)
                      0.290350    0.000003   13.275549 v _1556_/B (gf180mcu_fd_sc_mcu7t5v0__aoi21_1)
     1    0.003242    0.302607    0.264027   13.539577 ^ _1556_/ZN (gf180mcu_fd_sc_mcu7t5v0__aoi21_1)
                                                         _0070_ (net)
                      0.302607    0.000004   13.539579 ^ _2137_/D (gf180mcu_fd_sc_mcu7t5v0__dffrnq_1)
                                             13.539579   data arrival time

                                 81.379997   81.379997   clock clk (rise edge)
                                  0.000000   81.379997   clock source latency
    83    0.353267    0.000000    0.000000   81.379997 ^ clk (in)
                                                         clk (net)
                      0.006896    0.002821   81.382820 ^ _2137_/CLK (gf180mcu_fd_sc_mcu7t5v0__dffrnq_1)
                                 -0.250000   81.132820   clock uncertainty
                                  0.000000   81.132820   clock reconvergence pessimism
                                 -0.351112   80.781708   library setup time
                                             80.781708   data required time
---------------------------------------------------------------------------------------------
                                             80.781708   data required time
                                            -13.539579   data arrival time
---------------------------------------------------------------------------------------------
                                             67.242126   slack (MET)


Startpoint: in_cic (input port clocked by clk)
Endpoint: _2137_ (rising edge-triggered flip-flop clocked by clk_div)
Path Group: clk_div
Path Type: max

Fanout         Cap        Slew       Delay        Time   Description
---------------------------------------------------------------------------------------------
                               20751.898438 20751.898438   clock clk (rise edge)
                                  0.000000 20751.898438   clock network delay (propagated)
                                 10.000000 20761.900391 ^ input external delay
     4    0.020736    0.000000    0.000000 20761.900391 ^ in_cic (in)
                                                         in_cic (net)
                      0.000170    0.000000 20761.900391 ^ _1519_/A4 (gf180mcu_fd_sc_mcu7t5v0__and4_1)
     5    0.026088    0.516348    0.713044 20762.613281 ^ _1519_/Z (gf180mcu_fd_sc_mcu7t5v0__and4_1)
                                                         _0908_ (net)
                      0.516348    0.001819 20762.615234 ^ _1526_/A4 (gf180mcu_fd_sc_mcu7t5v0__nand4_1)
     2    0.012975    0.562607    0.325599 20762.941406 v _1526_/ZN (gf180mcu_fd_sc_mcu7t5v0__nand4_1)
                                                         _0912_ (net)
                      0.562607    0.000000 20762.941406 v _1530_/A3 (gf180mcu_fd_sc_mcu7t5v0__nor3_1)
     8    0.038672    1.904404    1.175067 20764.115234 ^ _1530_/ZN (gf180mcu_fd_sc_mcu7t5v0__nor3_1)
                                                         _0914_ (net)
                      1.904404    0.000000 20764.115234 ^ _1551_/A2 (gf180mcu_fd_sc_mcu7t5v0__and4_1)
     6    0.033778    0.646169    0.945875 20765.062500 ^ _1551_/Z (gf180mcu_fd_sc_mcu7t5v0__and4_1)
                                                         _0927_ (net)
                      0.646169    0.000000 20765.062500 ^ _1554_/A2 (gf180mcu_fd_sc_mcu7t5v0__aoi21_1)
     1    0.004135    0.290350    0.112777 20765.173828 v _1554_/ZN (gf180mcu_fd_sc_mcu7t5v0__aoi21_1)
                                                         _0928_ (net)
                      0.290350    0.000000 20765.173828 v _1556_/B (gf180mcu_fd_sc_mcu7t5v0__aoi21_1)
     1    0.003242    0.302607    0.263753 20765.437500 ^ _1556_/ZN (gf180mcu_fd_sc_mcu7t5v0__aoi21_1)
                                                         _0070_ (net)
                      0.302607    0.000000 20765.437500 ^ _2137_/D (gf180mcu_fd_sc_mcu7t5v0__dffrnq_1)
                                           20765.437500   data arrival time

                               20833.279297 20833.279297   clock clk_div (rise edge)
                                  0.000000 20833.279297   clock source latency
    83    0.353267    0.000000    0.000000 20833.279297 ^ clk (in)
                                                         clk (net)
                      0.006896    0.003638 20833.283203 ^ _2137_/CLK (gf180mcu_fd_sc_mcu7t5v0__dffrnq_1)
                                 -0.250000 20833.033203   clock uncertainty
                                  0.000000 20833.033203   clock reconvergence pessimism
                                 -0.351112 20832.681641   library setup time
                                           20832.681641   data required time
---------------------------------------------------------------------------------------------
                                           20832.681641   data required time
                                           -20765.437500   data arrival time
---------------------------------------------------------------------------------------------
                                             67.242126   slack (MET)


Startpoint: in_cic (input port clocked by clk)
Endpoint: _2136_ (rising edge-triggered flip-flop clocked by clk)
Path Group: clk
Path Type: max

Fanout         Cap        Slew       Delay        Time   Description
---------------------------------------------------------------------------------------------
                                  0.000000    0.000000   clock clk (rise edge)
                                  0.000000    0.000000   clock network delay (propagated)
                                 10.000000   10.000000 ^ input external delay
     4    0.020736    0.000000    0.000000   10.000000 ^ in_cic (in)
                                                         in_cic (net)
                      0.000170    0.000069   10.000070 ^ _1519_/A4 (gf180mcu_fd_sc_mcu7t5v0__and4_1)
     5    0.026088    0.516348    0.714564   10.714634 ^ _1519_/Z (gf180mcu_fd_sc_mcu7t5v0__and4_1)
                                                         _0908_ (net)
                      0.516348    0.000223   10.714857 ^ _1526_/A4 (gf180mcu_fd_sc_mcu7t5v0__nand4_1)
     2    0.012975    0.562607    0.326692   11.041549 v _1526_/ZN (gf180mcu_fd_sc_mcu7t5v0__nand4_1)
                                                         _0912_ (net)
                      0.562607    0.000059   11.041607 v _1530_/A3 (gf180mcu_fd_sc_mcu7t5v0__nor3_1)
     8    0.038672    1.904404    1.174284   12.215891 ^ _1530_/ZN (gf180mcu_fd_sc_mcu7t5v0__nor3_1)
                                                         _0914_ (net)
                      1.904404    0.000308   12.216199 ^ _1551_/A2 (gf180mcu_fd_sc_mcu7t5v0__and4_1)
     6    0.033778    0.646169    0.945541   13.161739 ^ _1551_/Z (gf180mcu_fd_sc_mcu7t5v0__and4_1)
                                                         _0927_ (net)
                      0.646169    0.000504   13.162244 ^ _1553_/A2 (gf180mcu_fd_sc_mcu7t5v0__xor2_1)
     1    0.003137    0.313141    0.340460   13.502705 ^ _1553_/Z (gf180mcu_fd_sc_mcu7t5v0__xor2_1)
                                                         _0069_ (net)
                      0.313141    0.000002   13.502706 ^ _2136_/D (gf180mcu_fd_sc_mcu7t5v0__dffrnq_1)
                                             13.502706   data arrival time

                                 81.379997   81.379997   clock clk (rise edge)
                                  0.000000   81.379997   clock source latency
    83    0.353267    0.000000    0.000000   81.379997 ^ clk (in)
                                                         clk (net)
                      0.007181    0.002935   81.382935 ^ _2136_/CLK (gf180mcu_fd_sc_mcu7t5v0__dffrnq_1)
                                 -0.250000   81.132935   clock uncertainty
                                  0.000000   81.132935   clock reconvergence pessimism
                                 -0.352644   80.780289   library setup time
                                             80.780289   data required time
---------------------------------------------------------------------------------------------
                                             80.780289   data required time
                                            -13.502706   data arrival time
---------------------------------------------------------------------------------------------
                                             67.277588   slack (MET)


Startpoint: in_cic (input port clocked by clk)
Endpoint: _2136_ (rising edge-triggered flip-flop clocked by clk_div)
Path Group: clk_div
Path Type: max

Fanout         Cap        Slew       Delay        Time   Description
---------------------------------------------------------------------------------------------
                               20751.898438 20751.898438   clock clk (rise edge)
                                  0.000000 20751.898438   clock network delay (propagated)
                                 10.000000 20761.900391 ^ input external delay
     4    0.020736    0.000000    0.000000 20761.900391 ^ in_cic (in)
                                                         in_cic (net)
                      0.000170    0.000000 20761.900391 ^ _1519_/A4 (gf180mcu_fd_sc_mcu7t5v0__and4_1)
     5    0.026088    0.516348    0.713044 20762.613281 ^ _1519_/Z (gf180mcu_fd_sc_mcu7t5v0__and4_1)
                                                         _0908_ (net)
                      0.516348    0.001819 20762.615234 ^ _1526_/A4 (gf180mcu_fd_sc_mcu7t5v0__nand4_1)
     2    0.012975    0.562607    0.325599 20762.941406 v _1526_/ZN (gf180mcu_fd_sc_mcu7t5v0__nand4_1)
                                                         _0912_ (net)
                      0.562607    0.000000 20762.941406 v _1530_/A3 (gf180mcu_fd_sc_mcu7t5v0__nor3_1)
     8    0.038672    1.904404    1.175067 20764.115234 ^ _1530_/ZN (gf180mcu_fd_sc_mcu7t5v0__nor3_1)
                                                         _0914_ (net)
                      1.904404    0.000000 20764.115234 ^ _1551_/A2 (gf180mcu_fd_sc_mcu7t5v0__and4_1)
     6    0.033778    0.646169    0.945875 20765.062500 ^ _1551_/Z (gf180mcu_fd_sc_mcu7t5v0__and4_1)
                                                         _0927_ (net)
                      0.646169    0.000000 20765.062500 ^ _1553_/A2 (gf180mcu_fd_sc_mcu7t5v0__xor2_1)
     1    0.003137    0.313141    0.340151 20765.402344 ^ _1553_/Z (gf180mcu_fd_sc_mcu7t5v0__xor2_1)
                                                         _0069_ (net)
                      0.313141    0.000000 20765.402344 ^ _2136_/D (gf180mcu_fd_sc_mcu7t5v0__dffrnq_1)
                                           20765.402344   data arrival time

                               20833.279297 20833.279297   clock clk_div (rise edge)
                                  0.000000 20833.279297   clock source latency
    83    0.353267    0.000000    0.000000 20833.279297 ^ clk (in)
                                                         clk (net)
                      0.007181    0.003638 20833.283203 ^ _2136_/CLK (gf180mcu_fd_sc_mcu7t5v0__dffrnq_1)
                                 -0.250000 20833.033203   clock uncertainty
                                  0.000000 20833.033203   clock reconvergence pessimism
                                 -0.352644 20832.679688   library setup time
                                           20832.679688   data required time
---------------------------------------------------------------------------------------------
                                           20832.679688   data required time
                                           -20765.402344   data arrival time
---------------------------------------------------------------------------------------------
                                             67.277588   slack (MET)


Startpoint: in_cic (input port clocked by clk)
Endpoint: _2133_ (rising edge-triggered flip-flop clocked by clk)
Path Group: clk
Path Type: max

Fanout         Cap        Slew       Delay        Time   Description
---------------------------------------------------------------------------------------------
                                  0.000000    0.000000   clock clk (rise edge)
                                  0.000000    0.000000   clock network delay (propagated)
                                 10.000000   10.000000 ^ input external delay
     4    0.020736    0.000000    0.000000   10.000000 ^ in_cic (in)
                                                         in_cic (net)
                      0.000170    0.000069   10.000070 ^ _1519_/A4 (gf180mcu_fd_sc_mcu7t5v0__and4_1)
     5    0.026088    0.516348    0.714564   10.714634 ^ _1519_/Z (gf180mcu_fd_sc_mcu7t5v0__and4_1)
                                                         _0908_ (net)
                      0.516348    0.000223   10.714857 ^ _1526_/A4 (gf180mcu_fd_sc_mcu7t5v0__nand4_1)
     2    0.012975    0.562607    0.326692   11.041549 v _1526_/ZN (gf180mcu_fd_sc_mcu7t5v0__nand4_1)
                                                         _0912_ (net)
                      0.562607    0.000059   11.041607 v _1530_/A3 (gf180mcu_fd_sc_mcu7t5v0__nor3_1)
     8    0.038672    1.904404    1.174284   12.215891 ^ _1530_/ZN (gf180mcu_fd_sc_mcu7t5v0__nor3_1)
                                                         _0914_ (net)
                      1.904404    0.000308   12.216199 ^ _1540_/A3 (gf180mcu_fd_sc_mcu7t5v0__and4_1)
     6    0.032733    0.634648    0.871370   13.087568 ^ _1540_/Z (gf180mcu_fd_sc_mcu7t5v0__and4_1)
                                                         _0920_ (net)
                      0.634648    0.000286   13.087854 ^ _1543_/A2 (gf180mcu_fd_sc_mcu7t5v0__aoi21_1)
     1    0.004048    0.316163    0.112684   13.200539 v _1543_/ZN (gf180mcu_fd_sc_mcu7t5v0__aoi21_1)
                                                         _0921_ (net)
                      0.316163    0.000000   13.200540 v _1545_/B (gf180mcu_fd_sc_mcu7t5v0__aoi21_1)
     1    0.003159    0.302208    0.266928   13.467467 ^ _1545_/ZN (gf180mcu_fd_sc_mcu7t5v0__aoi21_1)
                                                         _0066_ (net)
                      0.302208    0.000002   13.467469 ^ _2133_/D (gf180mcu_fd_sc_mcu7t5v0__dffrnq_1)
                                             13.467469   data arrival time

                                 81.379997   81.379997   clock clk (rise edge)
                                  0.000000   81.379997   clock source latency
    83    0.353267    0.000000    0.000000   81.379997 ^ clk (in)
                                                         clk (net)
                      0.007973    0.003261   81.383255 ^ _2133_/CLK (gf180mcu_fd_sc_mcu7t5v0__dffrnq_1)
                                 -0.250000   81.133263   clock uncertainty
                                  0.000000   81.133263   clock reconvergence pessimism
                                 -0.350890   80.782372   library setup time
                                             80.782372   data required time
---------------------------------------------------------------------------------------------
                                             80.782372   data required time
                                            -13.467469   data arrival time
---------------------------------------------------------------------------------------------
                                             67.314903   slack (MET)


Startpoint: in_cic (input port clocked by clk)
Endpoint: _2133_ (rising edge-triggered flip-flop clocked by clk_div)
Path Group: clk_div
Path Type: max

Fanout         Cap        Slew       Delay        Time   Description
---------------------------------------------------------------------------------------------
                               20751.898438 20751.898438   clock clk (rise edge)
                                  0.000000 20751.898438   clock network delay (propagated)
                                 10.000000 20761.900391 ^ input external delay
     4    0.020736    0.000000    0.000000 20761.900391 ^ in_cic (in)
                                                         in_cic (net)
                      0.000170    0.000000 20761.900391 ^ _1519_/A4 (gf180mcu_fd_sc_mcu7t5v0__and4_1)
     5    0.026088    0.516348    0.713044 20762.613281 ^ _1519_/Z (gf180mcu_fd_sc_mcu7t5v0__and4_1)
                                                         _0908_ (net)
                      0.516348    0.001819 20762.615234 ^ _1526_/A4 (gf180mcu_fd_sc_mcu7t5v0__nand4_1)
     2    0.012975    0.562607    0.325599 20762.941406 v _1526_/ZN (gf180mcu_fd_sc_mcu7t5v0__nand4_1)
                                                         _0912_ (net)
                      0.562607    0.000000 20762.941406 v _1530_/A3 (gf180mcu_fd_sc_mcu7t5v0__nor3_1)
     8    0.038672    1.904404    1.175067 20764.115234 ^ _1530_/ZN (gf180mcu_fd_sc_mcu7t5v0__nor3_1)
                                                         _0914_ (net)
                      1.904404    0.000000 20764.115234 ^ _1540_/A3 (gf180mcu_fd_sc_mcu7t5v0__and4_1)
     6    0.032733    0.634648    0.871296 20764.986328 ^ _1540_/Z (gf180mcu_fd_sc_mcu7t5v0__and4_1)
                                                         _0920_ (net)
                      0.634648    0.000000 20764.986328 ^ _1543_/A2 (gf180mcu_fd_sc_mcu7t5v0__aoi21_1)
     1    0.004048    0.316163    0.112777 20765.099609 v _1543_/ZN (gf180mcu_fd_sc_mcu7t5v0__aoi21_1)
                                                         _0921_ (net)
                      0.316163    0.000000 20765.099609 v _1545_/B (gf180mcu_fd_sc_mcu7t5v0__aoi21_1)
     1    0.003159    0.302208    0.267391 20765.367188 ^ _1545_/ZN (gf180mcu_fd_sc_mcu7t5v0__aoi21_1)
                                                         _0066_ (net)
                      0.302208    0.000000 20765.367188 ^ _2133_/D (gf180mcu_fd_sc_mcu7t5v0__dffrnq_1)
                                           20765.367188   data arrival time

                               20833.279297 20833.279297   clock clk_div (rise edge)
                                  0.000000 20833.279297   clock source latency
    83    0.353267    0.000000    0.000000 20833.279297 ^ clk (in)
                                                         clk (net)
                      0.007973    0.003638 20833.283203 ^ _2133_/CLK (gf180mcu_fd_sc_mcu7t5v0__dffrnq_1)
                                 -0.250000 20833.033203   clock uncertainty
                                  0.000000 20833.033203   clock reconvergence pessimism
                                 -0.350890 20832.681641   library setup time
                                           20832.681641   data required time
---------------------------------------------------------------------------------------------
                                           20832.681641   data required time
                                           -20765.367188   data arrival time
---------------------------------------------------------------------------------------------
                                             67.314903   slack (MET)


Startpoint: in_cic (input port clocked by clk)
Endpoint: _2132_ (rising edge-triggered flip-flop clocked by clk)
Path Group: clk
Path Type: max

Fanout         Cap        Slew       Delay        Time   Description
---------------------------------------------------------------------------------------------
                                  0.000000    0.000000   clock clk (rise edge)
                                  0.000000    0.000000   clock network delay (propagated)
                                 10.000000   10.000000 ^ input external delay
     4    0.020736    0.000000    0.000000   10.000000 ^ in_cic (in)
                                                         in_cic (net)
                      0.000170    0.000069   10.000070 ^ _1519_/A4 (gf180mcu_fd_sc_mcu7t5v0__and4_1)
     5    0.026088    0.516348    0.714564   10.714634 ^ _1519_/Z (gf180mcu_fd_sc_mcu7t5v0__and4_1)
                                                         _0908_ (net)
                      0.516348    0.000223   10.714857 ^ _1526_/A4 (gf180mcu_fd_sc_mcu7t5v0__nand4_1)
     2    0.012975    0.562607    0.326692   11.041549 v _1526_/ZN (gf180mcu_fd_sc_mcu7t5v0__nand4_1)
                                                         _0912_ (net)
                      0.562607    0.000059   11.041607 v _1530_/A3 (gf180mcu_fd_sc_mcu7t5v0__nor3_1)
     8    0.038672    1.904404    1.174284   12.215891 ^ _1530_/ZN (gf180mcu_fd_sc_mcu7t5v0__nor3_1)
                                                         _0914_ (net)
                      1.904404    0.000308   12.216199 ^ _1540_/A3 (gf180mcu_fd_sc_mcu7t5v0__and4_1)
     6    0.032733    0.634648    0.871370   13.087568 ^ _1540_/Z (gf180mcu_fd_sc_mcu7t5v0__and4_1)
                                                         _0920_ (net)
                      0.634648    0.000298   13.087866 ^ _1542_/A2 (gf180mcu_fd_sc_mcu7t5v0__xor2_1)
     1    0.003314    0.317014    0.343634   13.431500 ^ _1542_/Z (gf180mcu_fd_sc_mcu7t5v0__xor2_1)
                                                         _0065_ (net)
                      0.317014    0.000004   13.431505 ^ _2132_/D (gf180mcu_fd_sc_mcu7t5v0__dffrnq_1)
                                             13.431505   data arrival time

                                 81.379997   81.379997   clock clk (rise edge)
                                  0.000000   81.379997   clock source latency
    83    0.353267    0.000000    0.000000   81.379997 ^ clk (in)
                                                         clk (net)
                      0.007521    0.003077   81.383072 ^ _2132_/CLK (gf180mcu_fd_sc_mcu7t5v0__dffrnq_1)
                                 -0.250000   81.133080   clock uncertainty
                                  0.000000   81.133080   clock reconvergence pessimism
                                 -0.353173   80.779900   library setup time
                                             80.779900   data required time
---------------------------------------------------------------------------------------------
                                             80.779900   data required time
                                            -13.431505   data arrival time
---------------------------------------------------------------------------------------------
                                             67.348396   slack (MET)


Startpoint: in_cic (input port clocked by clk)
Endpoint: _2132_ (rising edge-triggered flip-flop clocked by clk_div)
Path Group: clk_div
Path Type: max

Fanout         Cap        Slew       Delay        Time   Description
---------------------------------------------------------------------------------------------
                               20751.898438 20751.898438   clock clk (rise edge)
                                  0.000000 20751.898438   clock network delay (propagated)
                                 10.000000 20761.900391 ^ input external delay
     4    0.020736    0.000000    0.000000 20761.900391 ^ in_cic (in)
                                                         in_cic (net)
                      0.000170    0.000000 20761.900391 ^ _1519_/A4 (gf180mcu_fd_sc_mcu7t5v0__and4_1)
     5    0.026088    0.516348    0.713044 20762.613281 ^ _1519_/Z (gf180mcu_fd_sc_mcu7t5v0__and4_1)
                                                         _0908_ (net)
                      0.516348    0.001819 20762.615234 ^ _1526_/A4 (gf180mcu_fd_sc_mcu7t5v0__nand4_1)
     2    0.012975    0.562607    0.325599 20762.941406 v _1526_/ZN (gf180mcu_fd_sc_mcu7t5v0__nand4_1)
                                                         _0912_ (net)
                      0.562607    0.000000 20762.941406 v _1530_/A3 (gf180mcu_fd_sc_mcu7t5v0__nor3_1)
     8    0.038672    1.904404    1.175067 20764.115234 ^ _1530_/ZN (gf180mcu_fd_sc_mcu7t5v0__nor3_1)
                                                         _0914_ (net)
                      1.904404    0.000000 20764.115234 ^ _1540_/A3 (gf180mcu_fd_sc_mcu7t5v0__and4_1)
     6    0.032733    0.634648    0.871296 20764.986328 ^ _1540_/Z (gf180mcu_fd_sc_mcu7t5v0__and4_1)
                                                         _0920_ (net)
                      0.634648    0.000000 20764.986328 ^ _1542_/A2 (gf180mcu_fd_sc_mcu7t5v0__xor2_1)
     1    0.003314    0.317014    0.343789 20765.330078 ^ _1542_/Z (gf180mcu_fd_sc_mcu7t5v0__xor2_1)
                                                         _0065_ (net)
                      0.317014    0.000000 20765.330078 ^ _2132_/D (gf180mcu_fd_sc_mcu7t5v0__dffrnq_1)
                                           20765.330078   data arrival time

                               20833.279297 20833.279297   clock clk_div (rise edge)
                                  0.000000 20833.279297   clock source latency
    83    0.353267    0.000000    0.000000 20833.279297 ^ clk (in)
                                                         clk (net)
                      0.007521    0.003638 20833.283203 ^ _2132_/CLK (gf180mcu_fd_sc_mcu7t5v0__dffrnq_1)
                                 -0.250000 20833.033203   clock uncertainty
                                  0.000000 20833.033203   clock reconvergence pessimism
                                 -0.353173 20832.679688   library setup time
                                           20832.679688   data required time
---------------------------------------------------------------------------------------------
                                           20832.679688   data required time
                                           -20765.330078   data arrival time
---------------------------------------------------------------------------------------------
                                             67.348396   slack (MET)


Startpoint: in_cic (input port clocked by clk)
Endpoint: _2131_ (rising edge-triggered flip-flop clocked by clk)
Path Group: clk
Path Type: max

Fanout         Cap        Slew       Delay        Time   Description
---------------------------------------------------------------------------------------------
                                  0.000000    0.000000   clock clk (rise edge)
                                  0.000000    0.000000   clock network delay (propagated)
                                 10.000000   10.000000 ^ input external delay
     4    0.020736    0.000000    0.000000   10.000000 ^ in_cic (in)
                                                         in_cic (net)
                      0.000170    0.000069   10.000070 ^ _1519_/A4 (gf180mcu_fd_sc_mcu7t5v0__and4_1)
     5    0.026088    0.516348    0.714564   10.714634 ^ _1519_/Z (gf180mcu_fd_sc_mcu7t5v0__and4_1)
                                                         _0908_ (net)
                      0.516348    0.000223   10.714857 ^ _1526_/A4 (gf180mcu_fd_sc_mcu7t5v0__nand4_1)
     2    0.012975    0.562607    0.326692   11.041549 v _1526_/ZN (gf180mcu_fd_sc_mcu7t5v0__nand4_1)
                                                         _0912_ (net)
                      0.562607    0.000059   11.041607 v _1530_/A3 (gf180mcu_fd_sc_mcu7t5v0__nor3_1)
     8    0.038672    1.904404    1.174284   12.215891 ^ _1530_/ZN (gf180mcu_fd_sc_mcu7t5v0__nor3_1)
                                                         _0914_ (net)
                      1.904404    0.000272   12.216163 ^ _1537_/A4 (gf180mcu_fd_sc_mcu7t5v0__and4_1)
     3    0.015973    0.404610    0.632058   12.848221 ^ _1537_/Z (gf180mcu_fd_sc_mcu7t5v0__and4_1)
                                                         _0918_ (net)
                      0.404610    0.000104   12.848325 ^ _1539_/A2 (gf180mcu_fd_sc_mcu7t5v0__nor2_1)
     1    0.004559    0.224500    0.162422   13.010747 v _1539_/ZN (gf180mcu_fd_sc_mcu7t5v0__nor2_1)
                                                         _0919_ (net)
                      0.224500    0.000002   13.010749 v _1541_/A1 (gf180mcu_fd_sc_mcu7t5v0__nor2_1)
     1    0.003100    0.246281    0.177735   13.188483 ^ _1541_/ZN (gf180mcu_fd_sc_mcu7t5v0__nor2_1)
                                                         _0064_ (net)
                      0.246281    0.000000   13.188484 ^ _2131_/D (gf180mcu_fd_sc_mcu7t5v0__dffrnq_1)
                                             13.188484   data arrival time

                                 81.379997   81.379997   clock clk (rise edge)
                                  0.000000   81.379997   clock source latency
    83    0.353267    0.000000    0.000000   81.379997 ^ clk (in)
                                                         clk (net)
                      0.008605    0.003517   81.383514 ^ _2131_/CLK (gf180mcu_fd_sc_mcu7t5v0__dffrnq_1)
                                 -0.250000   81.133514   clock uncertainty
                                  0.000000   81.133514   clock reconvergence pessimism
                                 -0.342415   80.791100   library setup time
                                             80.791100   data required time
---------------------------------------------------------------------------------------------
                                             80.791100   data required time
                                            -13.188484   data arrival time
---------------------------------------------------------------------------------------------
                                             67.602615   slack (MET)


Startpoint: in_cic (input port clocked by clk)
Endpoint: _2131_ (rising edge-triggered flip-flop clocked by clk_div)
Path Group: clk_div
Path Type: max

Fanout         Cap        Slew       Delay        Time   Description
---------------------------------------------------------------------------------------------
                               20751.898438 20751.898438   clock clk (rise edge)
                                  0.000000 20751.898438   clock network delay (propagated)
                                 10.000000 20761.900391 ^ input external delay
     4    0.020736    0.000000    0.000000 20761.900391 ^ in_cic (in)
                                                         in_cic (net)
                      0.000170    0.000000 20761.900391 ^ _1519_/A4 (gf180mcu_fd_sc_mcu7t5v0__and4_1)
     5    0.026088    0.516348    0.713044 20762.613281 ^ _1519_/Z (gf180mcu_fd_sc_mcu7t5v0__and4_1)
                                                         _0908_ (net)
                      0.516348    0.001819 20762.615234 ^ _1526_/A4 (gf180mcu_fd_sc_mcu7t5v0__nand4_1)
     2    0.012975    0.562607    0.325599 20762.941406 v _1526_/ZN (gf180mcu_fd_sc_mcu7t5v0__nand4_1)
                                                         _0912_ (net)
                      0.562607    0.000000 20762.941406 v _1530_/A3 (gf180mcu_fd_sc_mcu7t5v0__nor3_1)
     8    0.038672    1.904404    1.175067 20764.115234 ^ _1530_/ZN (gf180mcu_fd_sc_mcu7t5v0__nor3_1)
                                                         _0914_ (net)
                      1.904404    0.000000 20764.115234 ^ _1537_/A4 (gf180mcu_fd_sc_mcu7t5v0__and4_1)
     3    0.015973    0.404610    0.631189 20764.746094 ^ _1537_/Z (gf180mcu_fd_sc_mcu7t5v0__and4_1)
                                                         _0918_ (net)
                      0.404610    0.000000 20764.746094 ^ _1539_/A2 (gf180mcu_fd_sc_mcu7t5v0__nor2_1)
     1    0.004559    0.224500    0.163709 20764.910156 v _1539_/ZN (gf180mcu_fd_sc_mcu7t5v0__nor2_1)
                                                         _0919_ (net)
                      0.224500    0.000000 20764.910156 v _1541_/A1 (gf180mcu_fd_sc_mcu7t5v0__nor2_1)
     1    0.003100    0.246281    0.176442 20765.087891 ^ _1541_/ZN (gf180mcu_fd_sc_mcu7t5v0__nor2_1)
                                                         _0064_ (net)
                      0.246281    0.000000 20765.087891 ^ _2131_/D (gf180mcu_fd_sc_mcu7t5v0__dffrnq_1)
                                           20765.087891   data arrival time

                               20833.279297 20833.279297   clock clk_div (rise edge)
                                  0.000000 20833.279297   clock source latency
    83    0.353267    0.000000    0.000000 20833.279297 ^ clk (in)
                                                         clk (net)
                      0.008605    0.003638 20833.283203 ^ _2131_/CLK (gf180mcu_fd_sc_mcu7t5v0__dffrnq_1)
                                 -0.250000 20833.033203   clock uncertainty
                                  0.000000 20833.033203   clock reconvergence pessimism
                                 -0.342415 20832.689453   library setup time
                                           20832.689453   data required time
---------------------------------------------------------------------------------------------
                                           20832.689453   data required time
                                           -20765.087891   data arrival time
---------------------------------------------------------------------------------------------
                                             67.602615   slack (MET)


Startpoint: in_cic (input port clocked by clk)
Endpoint: _2130_ (rising edge-triggered flip-flop clocked by clk)
Path Group: clk
Path Type: max

Fanout         Cap        Slew       Delay        Time   Description
---------------------------------------------------------------------------------------------
                                  0.000000    0.000000   clock clk (rise edge)
                                  0.000000    0.000000   clock network delay (propagated)
                                 10.000000   10.000000 ^ input external delay
     4    0.020736    0.000000    0.000000   10.000000 ^ in_cic (in)
                                                         in_cic (net)
                      0.000170    0.000069   10.000070 ^ _1519_/A4 (gf180mcu_fd_sc_mcu7t5v0__and4_1)
     5    0.026088    0.516348    0.714564   10.714634 ^ _1519_/Z (gf180mcu_fd_sc_mcu7t5v0__and4_1)
                                                         _0908_ (net)
                      0.516348    0.000223   10.714857 ^ _1526_/A4 (gf180mcu_fd_sc_mcu7t5v0__nand4_1)
     2    0.012975    0.562607    0.326692   11.041549 v _1526_/ZN (gf180mcu_fd_sc_mcu7t5v0__nand4_1)
                                                         _0912_ (net)
                      0.562607    0.000059   11.041607 v _1530_/A3 (gf180mcu_fd_sc_mcu7t5v0__nor3_1)
     8    0.038672    1.904404    1.174284   12.215891 ^ _1530_/ZN (gf180mcu_fd_sc_mcu7t5v0__nor3_1)
                                                         _0914_ (net)
                      1.904404    0.000272   12.216163 ^ _1537_/A4 (gf180mcu_fd_sc_mcu7t5v0__and4_1)
     3    0.015973    0.404610    0.632058   12.848221 ^ _1537_/Z (gf180mcu_fd_sc_mcu7t5v0__and4_1)
                                                         _0918_ (net)
                      0.404610    0.000065   12.848286 ^ _1538_/A2 (gf180mcu_fd_sc_mcu7t5v0__nor2_1)
     1    0.003094    0.189907    0.144519   12.992805 v _1538_/ZN (gf180mcu_fd_sc_mcu7t5v0__nor2_1)
                                                         _0063_ (net)
                      0.189907    0.000000   12.992805 v _2130_/D (gf180mcu_fd_sc_mcu7t5v0__dffrnq_1)
                                             12.992805   data arrival time

                                 81.379997   81.379997   clock clk (rise edge)
                                  0.000000   81.379997   clock source latency
    83    0.353267    0.000000    0.000000   81.379997 ^ clk (in)
                                                         clk (net)
                      0.008927    0.003652   81.383652 ^ _2130_/CLK (gf180mcu_fd_sc_mcu7t5v0__dffrnq_1)
                                 -0.250000   81.133652   clock uncertainty
                                  0.000000   81.133652   clock reconvergence pessimism
                                 -0.179265   80.954391   library setup time
                                             80.954391   data required time
---------------------------------------------------------------------------------------------
                                             80.954391   data required time
                                            -12.992805   data arrival time
---------------------------------------------------------------------------------------------
                                             67.961578   slack (MET)


Startpoint: in_cic (input port clocked by clk)
Endpoint: _2130_ (rising edge-triggered flip-flop clocked by clk_div)
Path Group: clk_div
Path Type: max

Fanout         Cap        Slew       Delay        Time   Description
---------------------------------------------------------------------------------------------
                               20751.898438 20751.898438   clock clk (rise edge)
                                  0.000000 20751.898438   clock network delay (propagated)
                                 10.000000 20761.900391 ^ input external delay
     4    0.020736    0.000000    0.000000 20761.900391 ^ in_cic (in)
                                                         in_cic (net)
                      0.000170    0.000000 20761.900391 ^ _1519_/A4 (gf180mcu_fd_sc_mcu7t5v0__and4_1)
     5    0.026088    0.516348    0.713044 20762.613281 ^ _1519_/Z (gf180mcu_fd_sc_mcu7t5v0__and4_1)
                                                         _0908_ (net)
                      0.516348    0.001819 20762.615234 ^ _1526_/A4 (gf180mcu_fd_sc_mcu7t5v0__nand4_1)
     2    0.012975    0.562607    0.325599 20762.941406 v _1526_/ZN (gf180mcu_fd_sc_mcu7t5v0__nand4_1)
                                                         _0912_ (net)
                      0.562607    0.000000 20762.941406 v _1530_/A3 (gf180mcu_fd_sc_mcu7t5v0__nor3_1)
     8    0.038672    1.904404    1.175067 20764.115234 ^ _1530_/ZN (gf180mcu_fd_sc_mcu7t5v0__nor3_1)
                                                         _0914_ (net)
                      1.904404    0.000000 20764.115234 ^ _1537_/A4 (gf180mcu_fd_sc_mcu7t5v0__and4_1)
     3    0.015973    0.404610    0.631189 20764.746094 ^ _1537_/Z (gf180mcu_fd_sc_mcu7t5v0__and4_1)
                                                         _0918_ (net)
                      0.404610    0.000000 20764.746094 ^ _1538_/A2 (gf180mcu_fd_sc_mcu7t5v0__nor2_1)
     1    0.003094    0.189907    0.145519 20764.892578 v _1538_/ZN (gf180mcu_fd_sc_mcu7t5v0__nor2_1)
                                                         _0063_ (net)
                      0.189907    0.000000 20764.892578 v _2130_/D (gf180mcu_fd_sc_mcu7t5v0__dffrnq_1)
                                           20764.892578   data arrival time

                               20833.279297 20833.279297   clock clk_div (rise edge)
                                  0.000000 20833.279297   clock source latency
    83    0.353267    0.000000    0.000000 20833.279297 ^ clk (in)
                                                         clk (net)
                      0.008927    0.003638 20833.283203 ^ _2130_/CLK (gf180mcu_fd_sc_mcu7t5v0__dffrnq_1)
                                 -0.250000 20833.033203   clock uncertainty
                                  0.000000 20833.033203   clock reconvergence pessimism
                                 -0.179265 20832.853516   library setup time
                                           20832.853516   data required time
---------------------------------------------------------------------------------------------
                                           20832.853516   data required time
                                           -20764.892578   data arrival time
---------------------------------------------------------------------------------------------
                                             67.961578   slack (MET)


Startpoint: in_cic (input port clocked by clk)
Endpoint: _2129_ (rising edge-triggered flip-flop clocked by clk)
Path Group: clk
Path Type: max

Fanout         Cap        Slew       Delay        Time   Description
---------------------------------------------------------------------------------------------
                                  0.000000    0.000000   clock clk (rise edge)
                                  0.000000    0.000000   clock network delay (propagated)
                                 10.000000   10.000000 ^ input external delay
     4    0.020736    0.000000    0.000000   10.000000 ^ in_cic (in)
                                                         in_cic (net)
                      0.000170    0.000069   10.000070 ^ _1519_/A4 (gf180mcu_fd_sc_mcu7t5v0__and4_1)
     5    0.026088    0.516348    0.714564   10.714634 ^ _1519_/Z (gf180mcu_fd_sc_mcu7t5v0__and4_1)
                                                         _0908_ (net)
                      0.516348    0.000223   10.714857 ^ _1526_/A4 (gf180mcu_fd_sc_mcu7t5v0__nand4_1)
     2    0.012975    0.562607    0.326692   11.041549 v _1526_/ZN (gf180mcu_fd_sc_mcu7t5v0__nand4_1)
                                                         _0912_ (net)
                      0.562607    0.000059   11.041607 v _1530_/A3 (gf180mcu_fd_sc_mcu7t5v0__nor3_1)
     8    0.038672    1.904404    1.174284   12.215891 ^ _1530_/ZN (gf180mcu_fd_sc_mcu7t5v0__nor3_1)
                                                         _0914_ (net)
                      1.904404    0.000245   12.216136 ^ _1533_/A2 (gf180mcu_fd_sc_mcu7t5v0__aoi21_1)
     1    0.004095    0.415554    0.012347   12.228482 v _1533_/ZN (gf180mcu_fd_sc_mcu7t5v0__aoi21_1)
                                                         _0915_ (net)
                      0.415554    0.000002   12.228484 v _1535_/B (gf180mcu_fd_sc_mcu7t5v0__aoi21_1)
     1    0.003121    0.315089    0.282948   12.511433 ^ _1535_/ZN (gf180mcu_fd_sc_mcu7t5v0__aoi21_1)
                                                         _0086_ (net)
                      0.315089    0.000002   12.511434 ^ _2129_/D (gf180mcu_fd_sc_mcu7t5v0__dffrnq_1)
                                             12.511434   data arrival time

                                 81.379997   81.379997   clock clk (rise edge)
                                  0.000000   81.379997   clock source latency
    83    0.353267    0.000000    0.000000   81.379997 ^ clk (in)
                                                         clk (net)
                      0.009220    0.003773   81.383766 ^ _2129_/CLK (gf180mcu_fd_sc_mcu7t5v0__dffrnq_1)
                                 -0.250000   81.133774   clock uncertainty
                                  0.000000   81.133774   clock reconvergence pessimism
                                 -0.352634   80.781136   library setup time
                                             80.781136   data required time
---------------------------------------------------------------------------------------------
                                             80.781136   data required time
                                            -12.511434   data arrival time
---------------------------------------------------------------------------------------------
                                             68.269699   slack (MET)


Startpoint: in_cic (input port clocked by clk)
Endpoint: _2129_ (rising edge-triggered flip-flop clocked by clk_div)
Path Group: clk_div
Path Type: max

Fanout         Cap        Slew       Delay        Time   Description
---------------------------------------------------------------------------------------------
                               20751.898438 20751.898438   clock clk (rise edge)
                                  0.000000 20751.898438   clock network delay (propagated)
                                 10.000000 20761.900391 ^ input external delay
     4    0.020736    0.000000    0.000000 20761.900391 ^ in_cic (in)
                                                         in_cic (net)
                      0.000170    0.000000 20761.900391 ^ _1519_/A4 (gf180mcu_fd_sc_mcu7t5v0__and4_1)
     5    0.026088    0.516348    0.713044 20762.613281 ^ _1519_/Z (gf180mcu_fd_sc_mcu7t5v0__and4_1)
                                                         _0908_ (net)
                      0.516348    0.001819 20762.615234 ^ _1526_/A4 (gf180mcu_fd_sc_mcu7t5v0__nand4_1)
     2    0.012975    0.562607    0.325599 20762.941406 v _1526_/ZN (gf180mcu_fd_sc_mcu7t5v0__nand4_1)
                                                         _0912_ (net)
                      0.562607    0.000000 20762.941406 v _1530_/A3 (gf180mcu_fd_sc_mcu7t5v0__nor3_1)
     8    0.038672    1.904404    1.175067 20764.115234 ^ _1530_/ZN (gf180mcu_fd_sc_mcu7t5v0__nor3_1)
                                                         _0914_ (net)
                      1.904404    0.000000 20764.115234 ^ _1533_/A2 (gf180mcu_fd_sc_mcu7t5v0__aoi21_1)
     1    0.004095    0.415554    0.012733 20764.128906 v _1533_/ZN (gf180mcu_fd_sc_mcu7t5v0__aoi21_1)
                                                         _0915_ (net)
                      0.415554    0.000000 20764.128906 v _1535_/B (gf180mcu_fd_sc_mcu7t5v0__aoi21_1)
     1    0.003121    0.315089    0.281943 20764.410156 ^ _1535_/ZN (gf180mcu_fd_sc_mcu7t5v0__aoi21_1)
                                                         _0086_ (net)
                      0.315089    0.000000 20764.410156 ^ _2129_/D (gf180mcu_fd_sc_mcu7t5v0__dffrnq_1)
                                           20764.410156   data arrival time

                               20833.279297 20833.279297   clock clk_div (rise edge)
                                  0.000000 20833.279297   clock source latency
    83    0.353267    0.000000    0.000000 20833.279297 ^ clk (in)
                                                         clk (net)
                      0.009220    0.003638 20833.283203 ^ _2129_/CLK (gf180mcu_fd_sc_mcu7t5v0__dffrnq_1)
                                 -0.250000 20833.033203   clock uncertainty
                                  0.000000 20833.033203   clock reconvergence pessimism
                                 -0.352634 20832.681641   library setup time
                                           20832.681641   data required time
---------------------------------------------------------------------------------------------
                                           20832.681641   data required time
                                           -20764.410156   data arrival time
---------------------------------------------------------------------------------------------
                                             68.269699   slack (MET)


Startpoint: in_cic (input port clocked by clk)
Endpoint: _2128_ (rising edge-triggered flip-flop clocked by clk)
Path Group: clk
Path Type: max

Fanout         Cap        Slew       Delay        Time   Description
---------------------------------------------------------------------------------------------
                                  0.000000    0.000000   clock clk (rise edge)
                                  0.000000    0.000000   clock network delay (propagated)
                                 10.000000   10.000000 ^ input external delay
     4    0.020736    0.000000    0.000000   10.000000 ^ in_cic (in)
                                                         in_cic (net)
                      0.000170    0.000069   10.000070 ^ _1519_/A4 (gf180mcu_fd_sc_mcu7t5v0__and4_1)
     5    0.026088    0.516348    0.714564   10.714634 ^ _1519_/Z (gf180mcu_fd_sc_mcu7t5v0__and4_1)
                                                         _0908_ (net)
                      0.516348    0.000223   10.714857 ^ _1526_/A4 (gf180mcu_fd_sc_mcu7t5v0__nand4_1)
     2    0.012975    0.562607    0.326692   11.041549 v _1526_/ZN (gf180mcu_fd_sc_mcu7t5v0__nand4_1)
                                                         _0912_ (net)
                      0.562607    0.000059   11.041607 v _1530_/A3 (gf180mcu_fd_sc_mcu7t5v0__nor3_1)
     8    0.038672    1.904404    1.174284   12.215891 ^ _1530_/ZN (gf180mcu_fd_sc_mcu7t5v0__nor3_1)
                                                         _0914_ (net)
                      1.904404    0.000162   12.216052 ^ _1532_/A2 (gf180mcu_fd_sc_mcu7t5v0__xor2_1)
     1    0.003172    0.364601    0.279214   12.495267 ^ _1532_/Z (gf180mcu_fd_sc_mcu7t5v0__xor2_1)
                                                         _0085_ (net)
                      0.364601    0.000003   12.495269 ^ _2128_/D (gf180mcu_fd_sc_mcu7t5v0__dffrnq_1)
                                             12.495269   data arrival time

                                 81.379997   81.379997   clock clk (rise edge)
                                  0.000000   81.379997   clock source latency
    83    0.353267    0.000000    0.000000   81.379997 ^ clk (in)
                                                         clk (net)
                      0.009425    0.003858   81.383858 ^ _2128_/CLK (gf180mcu_fd_sc_mcu7t5v0__dffrnq_1)
                                 -0.250000   81.133858   clock uncertainty
                                  0.000000   81.133858   clock reconvergence pessimism
                                 -0.359603   80.774254   library setup time
                                             80.774254   data required time
---------------------------------------------------------------------------------------------
                                             80.774254   data required time
                                            -12.495269   data arrival time
---------------------------------------------------------------------------------------------
                                             68.278984   slack (MET)


Startpoint: in_cic (input port clocked by clk)
Endpoint: _2128_ (rising edge-triggered flip-flop clocked by clk_div)
Path Group: clk_div
Path Type: max

Fanout         Cap        Slew       Delay        Time   Description
---------------------------------------------------------------------------------------------
                               20751.898438 20751.898438   clock clk (rise edge)
                                  0.000000 20751.898438   clock network delay (propagated)
                                 10.000000 20761.900391 ^ input external delay
     4    0.020736    0.000000    0.000000 20761.900391 ^ in_cic (in)
                                                         in_cic (net)
                      0.000170    0.000000 20761.900391 ^ _1519_/A4 (gf180mcu_fd_sc_mcu7t5v0__and4_1)
     5    0.026088    0.516348    0.713044 20762.613281 ^ _1519_/Z (gf180mcu_fd_sc_mcu7t5v0__and4_1)
                                                         _0908_ (net)
                      0.516348    0.001819 20762.615234 ^ _1526_/A4 (gf180mcu_fd_sc_mcu7t5v0__nand4_1)
     2    0.012975    0.562607    0.325599 20762.941406 v _1526_/ZN (gf180mcu_fd_sc_mcu7t5v0__nand4_1)
                                                         _0912_ (net)
                      0.562607    0.000000 20762.941406 v _1530_/A3 (gf180mcu_fd_sc_mcu7t5v0__nor3_1)
     8    0.038672    1.904404    1.175067 20764.115234 ^ _1530_/ZN (gf180mcu_fd_sc_mcu7t5v0__nor3_1)
                                                         _0914_ (net)
                      1.904404    0.000000 20764.115234 ^ _1532_/A2 (gf180mcu_fd_sc_mcu7t5v0__xor2_1)
     1    0.003172    0.364601    0.278305 20764.394531 ^ _1532_/Z (gf180mcu_fd_sc_mcu7t5v0__xor2_1)
                                                         _0085_ (net)
                      0.364601    0.000000 20764.394531 ^ _2128_/D (gf180mcu_fd_sc_mcu7t5v0__dffrnq_1)
                                           20764.394531   data arrival time

                               20833.279297 20833.279297   clock clk_div (rise edge)
                                  0.000000 20833.279297   clock source latency
    83    0.353267    0.000000    0.000000 20833.279297 ^ clk (in)
                                                         clk (net)
                      0.009425    0.003638 20833.283203 ^ _2128_/CLK (gf180mcu_fd_sc_mcu7t5v0__dffrnq_1)
                                 -0.250000 20833.033203   clock uncertainty
                                  0.000000 20833.033203   clock reconvergence pessimism
                                 -0.359603 20832.673828   library setup time
                                           20832.673828   data required time
---------------------------------------------------------------------------------------------
                                           20832.673828   data required time
                                           -20764.394531   data arrival time
---------------------------------------------------------------------------------------------
                                             68.278984   slack (MET)


Startpoint: in_cic (input port clocked by clk)
Endpoint: _2127_ (rising edge-triggered flip-flop clocked by clk)
Path Group: clk
Path Type: max

Fanout         Cap        Slew       Delay        Time   Description
---------------------------------------------------------------------------------------------
                                  0.000000    0.000000   clock clk (rise edge)
                                  0.000000    0.000000   clock network delay (propagated)
                                 10.000000   10.000000 ^ input external delay
     4    0.020736    0.000000    0.000000   10.000000 ^ in_cic (in)
                                                         in_cic (net)
                      0.000170    0.000069   10.000070 ^ _1519_/A4 (gf180mcu_fd_sc_mcu7t5v0__and4_1)
     5    0.026088    0.516348    0.714564   10.714634 ^ _1519_/Z (gf180mcu_fd_sc_mcu7t5v0__and4_1)
                                                         _0908_ (net)
                      0.516348    0.000223   10.714857 ^ _1526_/A4 (gf180mcu_fd_sc_mcu7t5v0__nand4_1)
     2    0.012975    0.562607    0.326692   11.041549 v _1526_/ZN (gf180mcu_fd_sc_mcu7t5v0__nand4_1)
                                                         _0912_ (net)
                      0.562607    0.000059   11.041607 v _1530_/A3 (gf180mcu_fd_sc_mcu7t5v0__nor3_1)
     8    0.038672    1.904404    1.174284   12.215891 ^ _1530_/ZN (gf180mcu_fd_sc_mcu7t5v0__nor3_1)
                                                         _0914_ (net)
                      1.904404    0.000090   12.215981 ^ _1531_/A2 (gf180mcu_fd_sc_mcu7t5v0__nor2_1)
     1    0.003232    0.487765    0.154924   12.370905 v _1531_/ZN (gf180mcu_fd_sc_mcu7t5v0__nor2_1)
                                                         _0084_ (net)
                      0.487765    0.000003   12.370908 v _2127_/D (gf180mcu_fd_sc_mcu7t5v0__dffrnq_1)
                                             12.370908   data arrival time

                                 81.379997   81.379997   clock clk (rise edge)
                                  0.000000   81.379997   clock source latency
    83    0.353267    0.000000    0.000000   81.379997 ^ clk (in)
                                                         clk (net)
                      0.009469    0.003872   81.383865 ^ _2127_/CLK (gf180mcu_fd_sc_mcu7t5v0__dffrnq_1)
                                 -0.250000   81.133873   clock uncertainty
                                  0.000000   81.133873   clock reconvergence pessimism
                                 -0.261037   80.872833   library setup time
                                             80.872833   data required time
---------------------------------------------------------------------------------------------
                                             80.872833   data required time
                                            -12.370908   data arrival time
---------------------------------------------------------------------------------------------
                                             68.501930   slack (MET)


Startpoint: in_cic (input port clocked by clk)
Endpoint: _2127_ (rising edge-triggered flip-flop clocked by clk_div)
Path Group: clk_div
Path Type: max

Fanout         Cap        Slew       Delay        Time   Description
---------------------------------------------------------------------------------------------
                               20751.898438 20751.898438   clock clk (rise edge)
                                  0.000000 20751.898438   clock network delay (propagated)
                                 10.000000 20761.900391 ^ input external delay
     4    0.020736    0.000000    0.000000 20761.900391 ^ in_cic (in)
                                                         in_cic (net)
                      0.000170    0.000000 20761.900391 ^ _1519_/A4 (gf180mcu_fd_sc_mcu7t5v0__and4_1)
     5    0.026088    0.516348    0.713044 20762.613281 ^ _1519_/Z (gf180mcu_fd_sc_mcu7t5v0__and4_1)
                                                         _0908_ (net)
                      0.516348    0.001819 20762.615234 ^ _1526_/A4 (gf180mcu_fd_sc_mcu7t5v0__nand4_1)
     2    0.012975    0.562607    0.325599 20762.941406 v _1526_/ZN (gf180mcu_fd_sc_mcu7t5v0__nand4_1)
                                                         _0912_ (net)
                      0.562607    0.000000 20762.941406 v _1530_/A3 (gf180mcu_fd_sc_mcu7t5v0__nor3_1)
     8    0.038672    1.904404    1.175067 20764.115234 ^ _1530_/ZN (gf180mcu_fd_sc_mcu7t5v0__nor3_1)
                                                         _0914_ (net)
                      1.904404    0.000000 20764.115234 ^ _1531_/A2 (gf180mcu_fd_sc_mcu7t5v0__nor2_1)
     1    0.003232    0.487765    0.154614 20764.269531 v _1531_/ZN (gf180mcu_fd_sc_mcu7t5v0__nor2_1)
                                                         _0084_ (net)
                      0.487765    0.000000 20764.269531 v _2127_/D (gf180mcu_fd_sc_mcu7t5v0__dffrnq_1)
                                           20764.269531   data arrival time

                               20833.279297 20833.279297   clock clk_div (rise edge)
                                  0.000000 20833.279297   clock source latency
    83    0.353267    0.000000    0.000000 20833.279297 ^ clk (in)
                                                         clk (net)
                      0.009469    0.003638 20833.283203 ^ _2127_/CLK (gf180mcu_fd_sc_mcu7t5v0__dffrnq_1)
                                 -0.250000 20833.033203   clock uncertainty
                                  0.000000 20833.033203   clock reconvergence pessimism
                                 -0.261037 20832.771484   library setup time
                                           20832.771484   data required time
---------------------------------------------------------------------------------------------
                                           20832.771484   data required time
                                           -20764.269531   data arrival time
---------------------------------------------------------------------------------------------
                                             68.501930   slack (MET)


Startpoint: in_cic (input port clocked by clk)
Endpoint: _2126_ (rising edge-triggered flip-flop clocked by clk)
Path Group: clk
Path Type: max

Fanout         Cap        Slew       Delay        Time   Description
---------------------------------------------------------------------------------------------
                                  0.000000    0.000000   clock clk (rise edge)
                                  0.000000    0.000000   clock network delay (propagated)
                                 10.000000   10.000000 ^ input external delay
     4    0.020736    0.000000    0.000000   10.000000 ^ in_cic (in)
                                                         in_cic (net)
                      0.000170    0.000069   10.000070 ^ _1519_/A4 (gf180mcu_fd_sc_mcu7t5v0__and4_1)
     5    0.026088    0.516348    0.714564   10.714634 ^ _1519_/Z (gf180mcu_fd_sc_mcu7t5v0__and4_1)
                                                         _0908_ (net)
                      0.516348    0.000223   10.714857 ^ _1526_/A4 (gf180mcu_fd_sc_mcu7t5v0__nand4_1)
     2    0.012975    0.562607    0.326692   11.041549 v _1526_/ZN (gf180mcu_fd_sc_mcu7t5v0__nand4_1)
                                                         _0912_ (net)
                      0.562607    0.000057   11.041605 v _1528_/A2 (gf180mcu_fd_sc_mcu7t5v0__xor2_1)
     1    0.003374    0.210980    0.566414   11.608019 v _1528_/Z (gf180mcu_fd_sc_mcu7t5v0__xor2_1)
                                                         _0083_ (net)
                      0.210980    0.000005   11.608025 v _2126_/D (gf180mcu_fd_sc_mcu7t5v0__dffrnq_1)
                                             11.608025   data arrival time

                                 81.379997   81.379997   clock clk (rise edge)
                                  0.000000   81.379997   clock source latency
    83    0.353267    0.000000    0.000000   81.379997 ^ clk (in)
                                                         clk (net)
                      0.009651    0.003951   81.383949 ^ _2126_/CLK (gf180mcu_fd_sc_mcu7t5v0__dffrnq_1)
                                 -0.250000   81.133949   clock uncertainty
                                  0.000000   81.133949   clock reconvergence pessimism
                                 -0.184808   80.949142   library setup time
                                             80.949142   data required time
---------------------------------------------------------------------------------------------
                                             80.949142   data required time
                                            -11.608025   data arrival time
---------------------------------------------------------------------------------------------
                                             69.341118   slack (MET)


Startpoint: in_cic (input port clocked by clk)
Endpoint: _2126_ (rising edge-triggered flip-flop clocked by clk_div)
Path Group: clk_div
Path Type: max

Fanout         Cap        Slew       Delay        Time   Description
---------------------------------------------------------------------------------------------
                               20751.898438 20751.898438   clock clk (rise edge)
                                  0.000000 20751.898438   clock network delay (propagated)
                                 10.000000 20761.900391 ^ input external delay
     4    0.020736    0.000000    0.000000 20761.900391 ^ in_cic (in)
                                                         in_cic (net)
                      0.000170    0.000000 20761.900391 ^ _1519_/A4 (gf180mcu_fd_sc_mcu7t5v0__and4_1)
     5    0.026088    0.516348    0.713044 20762.613281 ^ _1519_/Z (gf180mcu_fd_sc_mcu7t5v0__and4_1)
                                                         _0908_ (net)
                      0.516348    0.001819 20762.615234 ^ _1526_/A4 (gf180mcu_fd_sc_mcu7t5v0__nand4_1)
     2    0.012975    0.562607    0.325599 20762.941406 v _1526_/ZN (gf180mcu_fd_sc_mcu7t5v0__nand4_1)
                                                         _0912_ (net)
                      0.562607    0.000000 20762.941406 v _1528_/A2 (gf180mcu_fd_sc_mcu7t5v0__xor2_1)
     1    0.003374    0.210980    0.567525 20763.507812 v _1528_/Z (gf180mcu_fd_sc_mcu7t5v0__xor2_1)
                                                         _0083_ (net)
                      0.210980    0.000000 20763.507812 v _2126_/D (gf180mcu_fd_sc_mcu7t5v0__dffrnq_1)
                                           20763.507812   data arrival time

                               20833.279297 20833.279297   clock clk_div (rise edge)
                                  0.000000 20833.279297   clock source latency
    83    0.353267    0.000000    0.000000 20833.279297 ^ clk (in)
                                                         clk (net)
                      0.009651    0.003638 20833.283203 ^ _2126_/CLK (gf180mcu_fd_sc_mcu7t5v0__dffrnq_1)
                                 -0.250000 20833.033203   clock uncertainty
                                  0.000000 20833.033203   clock reconvergence pessimism
                                 -0.184808 20832.847656   library setup time
                                           20832.847656   data required time
---------------------------------------------------------------------------------------------
                                           20832.847656   data required time
                                           -20763.507812   data arrival time
---------------------------------------------------------------------------------------------
                                             69.341118   slack (MET)


Startpoint: in_cic (input port clocked by clk)
Endpoint: _2125_ (rising edge-triggered flip-flop clocked by clk)
Path Group: clk
Path Type: max

Fanout         Cap        Slew       Delay        Time   Description
---------------------------------------------------------------------------------------------
                                  0.000000    0.000000   clock clk (rise edge)
                                  0.000000    0.000000   clock network delay (propagated)
                                 10.000000   10.000000 ^ input external delay
     4    0.020736    0.000000    0.000000   10.000000 ^ in_cic (in)
                                                         in_cic (net)
                      0.000170    0.000069   10.000070 ^ _1519_/A4 (gf180mcu_fd_sc_mcu7t5v0__and4_1)
     5    0.026088    0.516348    0.714564   10.714634 ^ _1519_/Z (gf180mcu_fd_sc_mcu7t5v0__and4_1)
                                                         _0908_ (net)
                      0.516348    0.000218   10.714851 ^ _1523_/A3 (gf180mcu_fd_sc_mcu7t5v0__nand3_1)
     1    0.007622    0.382321    0.198524   10.913376 v _1523_/ZN (gf180mcu_fd_sc_mcu7t5v0__nand3_1)
                                                         _0910_ (net)
                      0.382321    0.000006   10.913382 v _1527_/A2 (gf180mcu_fd_sc_mcu7t5v0__xnor2_1)
     1    0.003263    0.309903    0.269480   11.182861 ^ _1527_/ZN (gf180mcu_fd_sc_mcu7t5v0__xnor2_1)
                                                         _0082_ (net)
                      0.309903    0.000004   11.182865 ^ _2125_/D (gf180mcu_fd_sc_mcu7t5v0__dffrnq_1)
                                             11.182865   data arrival time

                                 81.379997   81.379997   clock clk (rise edge)
                                  0.000000   81.379997   clock source latency
    83    0.353267    0.000000    0.000000   81.379997 ^ clk (in)
                                                         clk (net)
                      0.009802    0.004007   81.384003 ^ _2125_/CLK (gf180mcu_fd_sc_mcu7t5v0__dffrnq_1)
                                 -0.250000   81.134010   clock uncertainty
                                  0.000000   81.134010   clock reconvergence pessimism
                                 -0.351769   80.782242   library setup time
                                             80.782242   data required time
---------------------------------------------------------------------------------------------
                                             80.782242   data required time
                                            -11.182865   data arrival time
---------------------------------------------------------------------------------------------
                                             69.599373   slack (MET)


Startpoint: in_cic (input port clocked by clk)
Endpoint: _2125_ (rising edge-triggered flip-flop clocked by clk_div)
Path Group: clk_div
Path Type: max

Fanout         Cap        Slew       Delay        Time   Description
---------------------------------------------------------------------------------------------
                               20751.898438 20751.898438   clock clk (rise edge)
                                  0.000000 20751.898438   clock network delay (propagated)
                                 10.000000 20761.900391 ^ input external delay
     4    0.020736    0.000000    0.000000 20761.900391 ^ in_cic (in)
                                                         in_cic (net)
                      0.000170    0.000000 20761.900391 ^ _1519_/A4 (gf180mcu_fd_sc_mcu7t5v0__and4_1)
     5    0.026088    0.516348    0.713044 20762.613281 ^ _1519_/Z (gf180mcu_fd_sc_mcu7t5v0__and4_1)
                                                         _0908_ (net)
                      0.516348    0.001819 20762.615234 ^ _1523_/A3 (gf180mcu_fd_sc_mcu7t5v0__nand3_1)
     1    0.007622    0.382321    0.198270 20762.812500 v _1523_/ZN (gf180mcu_fd_sc_mcu7t5v0__nand3_1)
                                                         _0910_ (net)
                      0.382321    0.000000 20762.812500 v _1527_/A2 (gf180mcu_fd_sc_mcu7t5v0__xnor2_1)
     1    0.003263    0.309903    0.269210 20763.082031 ^ _1527_/ZN (gf180mcu_fd_sc_mcu7t5v0__xnor2_1)
                                                         _0082_ (net)
                      0.309903    0.000000 20763.082031 ^ _2125_/D (gf180mcu_fd_sc_mcu7t5v0__dffrnq_1)
                                           20763.082031   data arrival time

                               20833.279297 20833.279297   clock clk_div (rise edge)
                                  0.000000 20833.279297   clock source latency
    83    0.353267    0.000000    0.000000 20833.279297 ^ clk (in)
                                                         clk (net)
                      0.009802    0.003638 20833.283203 ^ _2125_/CLK (gf180mcu_fd_sc_mcu7t5v0__dffrnq_1)
                                 -0.250000 20833.033203   clock uncertainty
                                  0.000000 20833.033203   clock reconvergence pessimism
                                 -0.351769 20832.681641   library setup time
                                           20832.681641   data required time
---------------------------------------------------------------------------------------------
                                           20832.681641   data required time
                                           -20763.082031   data arrival time
---------------------------------------------------------------------------------------------
                                             69.599373   slack (MET)


Startpoint: in_cic (input port clocked by clk)
Endpoint: _2124_ (rising edge-triggered flip-flop clocked by clk)
Path Group: clk
Path Type: max

Fanout         Cap        Slew       Delay        Time   Description
---------------------------------------------------------------------------------------------
                                  0.000000    0.000000   clock clk (rise edge)
                                  0.000000    0.000000   clock network delay (propagated)
                                 10.000000   10.000000 ^ input external delay
     4    0.020736    0.000000    0.000000   10.000000 ^ in_cic (in)
                                                         in_cic (net)
                      0.000170    0.000069   10.000070 ^ _1519_/A4 (gf180mcu_fd_sc_mcu7t5v0__and4_1)
     5    0.026088    0.516348    0.714564   10.714634 ^ _1519_/Z (gf180mcu_fd_sc_mcu7t5v0__and4_1)
                                                         _0908_ (net)
                      0.516348    0.000184   10.714818 ^ _1521_/A2 (gf180mcu_fd_sc_mcu7t5v0__nand2_1)
     1    0.007510    0.317421    0.154838   10.869656 v _1521_/ZN (gf180mcu_fd_sc_mcu7t5v0__nand2_1)
                                                         _0909_ (net)
                      0.317421    0.000002   10.869658 v _1524_/A2 (gf180mcu_fd_sc_mcu7t5v0__xnor2_1)
     1    0.003056    0.315904    0.252416   11.122073 ^ _1524_/ZN (gf180mcu_fd_sc_mcu7t5v0__xnor2_1)
                                                         _0081_ (net)
                      0.315904    0.000000   11.122074 ^ _2124_/D (gf180mcu_fd_sc_mcu7t5v0__dffrnq_1)
                                             11.122074   data arrival time

                                 81.379997   81.379997   clock clk (rise edge)
                                  0.000000   81.379997   clock source latency
    83    0.353267    0.000000    0.000000   81.379997 ^ clk (in)
                                                         clk (net)
                      0.009954    0.004071   81.384071 ^ _2124_/CLK (gf180mcu_fd_sc_mcu7t5v0__dffrnq_1)
                                 -0.250000   81.134071   clock uncertainty
                                  0.000000   81.134071   clock reconvergence pessimism
                                 -0.352647   80.781418   library setup time
                                             80.781418   data required time
---------------------------------------------------------------------------------------------
                                             80.781418   data required time
                                            -11.122074   data arrival time
---------------------------------------------------------------------------------------------
                                             69.659348   slack (MET)


Startpoint: in_cic (input port clocked by clk)
Endpoint: _2124_ (rising edge-triggered flip-flop clocked by clk_div)
Path Group: clk_div
Path Type: max

Fanout         Cap        Slew       Delay        Time   Description
---------------------------------------------------------------------------------------------
                               20751.898438 20751.898438   clock clk (rise edge)
                                  0.000000 20751.898438   clock network delay (propagated)
                                 10.000000 20761.900391 ^ input external delay
     4    0.020736    0.000000    0.000000 20761.900391 ^ in_cic (in)
                                                         in_cic (net)
                      0.000170    0.000000 20761.900391 ^ _1519_/A4 (gf180mcu_fd_sc_mcu7t5v0__and4_1)
     5    0.026088    0.516348    0.713044 20762.613281 ^ _1519_/Z (gf180mcu_fd_sc_mcu7t5v0__and4_1)
                                                         _0908_ (net)
                      0.516348    0.001819 20762.615234 ^ _1521_/A2 (gf180mcu_fd_sc_mcu7t5v0__nand2_1)
     1    0.007510    0.317421    0.154614 20762.769531 v _1521_/ZN (gf180mcu_fd_sc_mcu7t5v0__nand2_1)
                                                         _0909_ (net)
                      0.317421    0.000000 20762.769531 v _1524_/A2 (gf180mcu_fd_sc_mcu7t5v0__xnor2_1)
     1    0.003056    0.315904    0.251021 20763.021484 ^ _1524_/ZN (gf180mcu_fd_sc_mcu7t5v0__xnor2_1)
                                                         _0081_ (net)
                      0.315904    0.000000 20763.021484 ^ _2124_/D (gf180mcu_fd_sc_mcu7t5v0__dffrnq_1)
                                           20763.021484   data arrival time

                               20833.279297 20833.279297   clock clk_div (rise edge)
                                  0.000000 20833.279297   clock source latency
    83    0.353267    0.000000    0.000000 20833.279297 ^ clk (in)
                                                         clk (net)
                      0.009954    0.003638 20833.283203 ^ _2124_/CLK (gf180mcu_fd_sc_mcu7t5v0__dffrnq_1)
                                 -0.250000 20833.033203   clock uncertainty
                                  0.000000 20833.033203   clock reconvergence pessimism
                                 -0.352647 20832.681641   library setup time
                                           20832.681641   data required time
---------------------------------------------------------------------------------------------
                                           20832.681641   data required time
                                           -20763.021484   data arrival time
---------------------------------------------------------------------------------------------
                                             69.659348   slack (MET)


Startpoint: in_cic (input port clocked by clk)
Endpoint: _2123_ (rising edge-triggered flip-flop clocked by clk)
Path Group: clk
Path Type: max

Fanout         Cap        Slew       Delay        Time   Description
---------------------------------------------------------------------------------------------
                                  0.000000    0.000000   clock clk (rise edge)
                                  0.000000    0.000000   clock network delay (propagated)
                                 10.000000   10.000000 ^ input external delay
     4    0.020736    0.000000    0.000000   10.000000 ^ in_cic (in)
                                                         in_cic (net)
                      0.000170    0.000069   10.000070 ^ _1519_/A4 (gf180mcu_fd_sc_mcu7t5v0__and4_1)
     5    0.026088    0.516348    0.714564   10.714634 ^ _1519_/Z (gf180mcu_fd_sc_mcu7t5v0__and4_1)
                                                         _0908_ (net)
                      0.516348    0.000168   10.714802 ^ _1522_/A2 (gf180mcu_fd_sc_mcu7t5v0__xor2_1)
     1    0.003053    0.301999    0.335959   11.050760 ^ _1522_/Z (gf180mcu_fd_sc_mcu7t5v0__xor2_1)
                                                         _0080_ (net)
                      0.301999    0.000000   11.050761 ^ _2123_/D (gf180mcu_fd_sc_mcu7t5v0__dffrnq_1)
                                             11.050761   data arrival time

                                 81.379997   81.379997   clock clk (rise edge)
                                  0.000000   81.379997   clock source latency
    83    0.353267    0.000000    0.000000   81.379997 ^ clk (in)
                                                         clk (net)
                      0.009993    0.004086   81.384079 ^ _2123_/CLK (gf180mcu_fd_sc_mcu7t5v0__dffrnq_1)
                                 -0.250000   81.134087   clock uncertainty
                                  0.000000   81.134087   clock reconvergence pessimism
                                 -0.350554   80.783531   library setup time
                                             80.783531   data required time
---------------------------------------------------------------------------------------------
                                             80.783531   data required time
                                            -11.050761   data arrival time
---------------------------------------------------------------------------------------------
                                             69.732773   slack (MET)


Startpoint: in_cic (input port clocked by clk)
Endpoint: _2123_ (rising edge-triggered flip-flop clocked by clk_div)
Path Group: clk_div
Path Type: max

Fanout         Cap        Slew       Delay        Time   Description
---------------------------------------------------------------------------------------------
                               20751.898438 20751.898438   clock clk (rise edge)
                                  0.000000 20751.898438   clock network delay (propagated)
                                 10.000000 20761.900391 ^ input external delay
     4    0.020736    0.000000    0.000000 20761.900391 ^ in_cic (in)
                                                         in_cic (net)
                      0.000170    0.000000 20761.900391 ^ _1519_/A4 (gf180mcu_fd_sc_mcu7t5v0__and4_1)
     5    0.026088    0.516348    0.713044 20762.613281 ^ _1519_/Z (gf180mcu_fd_sc_mcu7t5v0__and4_1)
                                                         _0908_ (net)
                      0.516348    0.001819 20762.615234 ^ _1522_/A2 (gf180mcu_fd_sc_mcu7t5v0__xor2_1)
     1    0.003053    0.301999    0.334694 20762.949219 ^ _1522_/Z (gf180mcu_fd_sc_mcu7t5v0__xor2_1)
                                                         _0080_ (net)
                      0.301999    0.000000 20762.949219 ^ _2123_/D (gf180mcu_fd_sc_mcu7t5v0__dffrnq_1)
                                           20762.949219   data arrival time

                               20833.279297 20833.279297   clock clk_div (rise edge)
                                  0.000000 20833.279297   clock source latency
    83    0.353267    0.000000    0.000000 20833.279297 ^ clk (in)
                                                         clk (net)
                      0.009993    0.003638 20833.283203 ^ _2123_/CLK (gf180mcu_fd_sc_mcu7t5v0__dffrnq_1)
                                 -0.250000 20833.033203   clock uncertainty
                                  0.000000 20833.033203   clock reconvergence pessimism
                                 -0.350554 20832.681641   library setup time
                                           20832.681641   data required time
---------------------------------------------------------------------------------------------
                                           20832.681641   data required time
                                           -20762.949219   data arrival time
---------------------------------------------------------------------------------------------
                                             69.732773   slack (MET)


Startpoint: in_cic (input port clocked by clk)
Endpoint: _2122_ (rising edge-triggered flip-flop clocked by clk)
Path Group: clk
Path Type: max

Fanout         Cap        Slew       Delay        Time   Description
---------------------------------------------------------------------------------------------
                                  0.000000    0.000000   clock clk (rise edge)
                                  0.000000    0.000000   clock network delay (propagated)
                                 10.000000   10.000000 v input external delay
     4    0.020736    0.000000    0.000000   10.000000 v in_cic (in)
                                                         in_cic (net)
                      0.000153    0.000062   10.000062 v _1517_/A3 (gf180mcu_fd_sc_mcu7t5v0__nand3_1)
     1    0.007713    0.325316    0.199069   10.199132 ^ _1517_/ZN (gf180mcu_fd_sc_mcu7t5v0__nand3_1)
                                                         _0907_ (net)
                      0.325316    0.000008   10.199140 ^ _1520_/A2 (gf180mcu_fd_sc_mcu7t5v0__xnor2_1)
     1    0.003107    0.298203    0.381321   10.580461 ^ _1520_/ZN (gf180mcu_fd_sc_mcu7t5v0__xnor2_1)
                                                         _0079_ (net)
                      0.298203    0.000000   10.580462 ^ _2122_/D (gf180mcu_fd_sc_mcu7t5v0__dffrnq_1)
                                             10.580462   data arrival time

                                 81.379997   81.379997   clock clk (rise edge)
                                  0.000000   81.379997   clock source latency
    83    0.353267    0.000000    0.000000   81.379997 ^ clk (in)
                                                         clk (net)
                      0.010086    0.004128   81.384125 ^ _2122_/CLK (gf180mcu_fd_sc_mcu7t5v0__dffrnq_1)
                                 -0.250000   81.134125   clock uncertainty
                                  0.000000   81.134125   clock reconvergence pessimism
                                 -0.349970   80.784157   library setup time
                                             80.784157   data required time
---------------------------------------------------------------------------------------------
                                             80.784157   data required time
                                            -10.580462   data arrival time
---------------------------------------------------------------------------------------------
                                             70.203697   slack (MET)


Startpoint: in_cic (input port clocked by clk)
Endpoint: _2122_ (rising edge-triggered flip-flop clocked by clk_div)
Path Group: clk_div
Path Type: max

Fanout         Cap        Slew       Delay        Time   Description
---------------------------------------------------------------------------------------------
                               20751.898438 20751.898438   clock clk (rise edge)
                                  0.000000 20751.898438   clock network delay (propagated)
                                 10.000000 20761.900391 v input external delay
     4    0.020736    0.000000    0.000000 20761.900391 v in_cic (in)
                                                         in_cic (net)
                      0.000153    0.000000 20761.900391 v _1517_/A3 (gf180mcu_fd_sc_mcu7t5v0__nand3_1)
     1    0.007713    0.325316    0.198270 20762.097656 ^ _1517_/ZN (gf180mcu_fd_sc_mcu7t5v0__nand3_1)
                                                         _0907_ (net)
                      0.325316    0.000000 20762.097656 ^ _1520_/A2 (gf180mcu_fd_sc_mcu7t5v0__xnor2_1)
     1    0.003107    0.298203    0.381988 20762.480469 ^ _1520_/ZN (gf180mcu_fd_sc_mcu7t5v0__xnor2_1)
                                                         _0079_ (net)
                      0.298203    0.000000 20762.480469 ^ _2122_/D (gf180mcu_fd_sc_mcu7t5v0__dffrnq_1)
                                           20762.480469   data arrival time

                               20833.279297 20833.279297   clock clk_div (rise edge)
                                  0.000000 20833.279297   clock source latency
    83    0.353267    0.000000    0.000000 20833.279297 ^ clk (in)
                                                         clk (net)
                      0.010086    0.003638 20833.283203 ^ _2122_/CLK (gf180mcu_fd_sc_mcu7t5v0__dffrnq_1)
                                 -0.250000 20833.033203   clock uncertainty
                                  0.000000 20833.033203   clock reconvergence pessimism
                                 -0.349970 20832.683594   library setup time
                                           20832.683594   data required time
---------------------------------------------------------------------------------------------
                                           20832.683594   data required time
                                           -20762.480469   data arrival time
---------------------------------------------------------------------------------------------
                                             70.203697   slack (MET)


Startpoint: in_cic (input port clocked by clk)
Endpoint: _2121_ (rising edge-triggered flip-flop clocked by clk)
Path Group: clk
Path Type: max

Fanout         Cap        Slew       Delay        Time   Description
---------------------------------------------------------------------------------------------
                                  0.000000    0.000000   clock clk (rise edge)
                                  0.000000    0.000000   clock network delay (propagated)
                                 10.000000   10.000000 v input external delay
     4    0.020736    0.000000    0.000000   10.000000 v in_cic (in)
                                                         in_cic (net)
                      0.000207    0.000084   10.000085 v _1516_/A2 (gf180mcu_fd_sc_mcu7t5v0__nand2_1)
     1    0.007640    0.248849    0.143354   10.143438 ^ _1516_/ZN (gf180mcu_fd_sc_mcu7t5v0__nand2_1)
                                                         _0906_ (net)
                      0.248849    0.000006   10.143445 ^ _1518_/A2 (gf180mcu_fd_sc_mcu7t5v0__xnor2_1)
     1    0.003141    0.295077    0.369764   10.513208 ^ _1518_/ZN (gf180mcu_fd_sc_mcu7t5v0__xnor2_1)
                                                         _0073_ (net)
                      0.295077    0.000002   10.513210 ^ _2121_/D (gf180mcu_fd_sc_mcu7t5v0__dffrnq_1)
                                             10.513210   data arrival time

                                 81.379997   81.379997   clock clk (rise edge)
                                  0.000000   81.379997   clock source latency
    83    0.353267    0.000000    0.000000   81.379997 ^ clk (in)
                                                         clk (net)
                      0.010149    0.004150   81.384148 ^ _2121_/CLK (gf180mcu_fd_sc_mcu7t5v0__dffrnq_1)
                                 -0.250000   81.134148   clock uncertainty
                                  0.000000   81.134148   clock reconvergence pessimism
                                 -0.349491   80.784653   library setup time
                                             80.784653   data required time
---------------------------------------------------------------------------------------------
                                             80.784653   data required time
                                            -10.513210   data arrival time
---------------------------------------------------------------------------------------------
                                             70.271439   slack (MET)


Startpoint: in_cic (input port clocked by clk)
Endpoint: _2121_ (rising edge-triggered flip-flop clocked by clk_div)
Path Group: clk_div
Path Type: max

Fanout         Cap        Slew       Delay        Time   Description
---------------------------------------------------------------------------------------------
                               20751.898438 20751.898438   clock clk (rise edge)
                                  0.000000 20751.898438   clock network delay (propagated)
                                 10.000000 20761.900391 v input external delay
     4    0.020736    0.000000    0.000000 20761.900391 v in_cic (in)
                                                         in_cic (net)
                      0.000207    0.000000 20761.900391 v _1516_/A2 (gf180mcu_fd_sc_mcu7t5v0__nand2_1)
     1    0.007640    0.248849    0.141881 20762.042969 ^ _1516_/ZN (gf180mcu_fd_sc_mcu7t5v0__nand2_1)
                                                         _0906_ (net)
                      0.248849    0.000000 20762.042969 ^ _1518_/A2 (gf180mcu_fd_sc_mcu7t5v0__xnor2_1)
     1    0.003141    0.295077    0.371074 20762.414062 ^ _1518_/ZN (gf180mcu_fd_sc_mcu7t5v0__xnor2_1)
                                                         _0073_ (net)
                      0.295077    0.000000 20762.414062 ^ _2121_/D (gf180mcu_fd_sc_mcu7t5v0__dffrnq_1)
                                           20762.414062   data arrival time

                               20833.279297 20833.279297   clock clk_div (rise edge)
                                  0.000000 20833.279297   clock source latency
    83    0.353267    0.000000    0.000000 20833.279297 ^ clk (in)
                                                         clk (net)
                      0.010149    0.003638 20833.283203 ^ _2121_/CLK (gf180mcu_fd_sc_mcu7t5v0__dffrnq_1)
                                 -0.250000 20833.033203   clock uncertainty
                                  0.000000 20833.033203   clock reconvergence pessimism
                                 -0.349491 20832.683594   library setup time
                                           20832.683594   data required time
---------------------------------------------------------------------------------------------
                                           20832.683594   data required time
                                           -20762.414062   data arrival time
---------------------------------------------------------------------------------------------
                                             70.271439   slack (MET)


Startpoint: in_cic (input port clocked by clk)
Endpoint: _2120_ (rising edge-triggered flip-flop clocked by clk)
Path Group: clk
Path Type: max

Fanout         Cap        Slew       Delay        Time   Description
---------------------------------------------------------------------------------------------
                                  0.000000    0.000000   clock clk (rise edge)
                                  0.000000    0.000000   clock network delay (propagated)
                                 10.000000   10.000000 ^ input external delay
     4    0.020736    0.000000    0.000000   10.000000 ^ in_cic (in)
                                                         in_cic (net)
                      0.000207    0.000084   10.000085 ^ _2067_/A2 (gf180mcu_fd_sc_mcu7t5v0__xor2_1)
     1    0.003234    0.298581    0.282951   10.283035 ^ _2067_/Z (gf180mcu_fd_sc_mcu7t5v0__xor2_1)
                                                         _0062_ (net)
                      0.298581    0.000004   10.283039 ^ _2120_/D (gf180mcu_fd_sc_mcu7t5v0__dffrnq_1)
                                             10.283039   data arrival time

                                 81.379997   81.379997   clock clk (rise edge)
                                  0.000000   81.379997   clock source latency
    83    0.353267    0.000000    0.000000   81.379997 ^ clk (in)
                                                         clk (net)
                      0.010145    0.004150   81.384148 ^ _2120_/CLK (gf180mcu_fd_sc_mcu7t5v0__dffrnq_1)
                                 -0.250000   81.134148   clock uncertainty
                                  0.000000   81.134148   clock reconvergence pessimism
                                 -0.350018   80.784126   library setup time
                                             80.784126   data required time
---------------------------------------------------------------------------------------------
                                             80.784126   data required time
                                            -10.283039   data arrival time
---------------------------------------------------------------------------------------------
                                             70.501091   slack (MET)


Startpoint: in_cic (input port clocked by clk)
Endpoint: _2120_ (rising edge-triggered flip-flop clocked by clk_div)
Path Group: clk_div
Path Type: max

Fanout         Cap        Slew       Delay        Time   Description
---------------------------------------------------------------------------------------------
                               20751.898438 20751.898438   clock clk (rise edge)
                                  0.000000 20751.898438   clock network delay (propagated)
                                 10.000000 20761.900391 ^ input external delay
     4    0.020736    0.000000    0.000000 20761.900391 ^ in_cic (in)
                                                         in_cic (net)
                      0.000207    0.000000 20761.900391 ^ _2067_/A2 (gf180mcu_fd_sc_mcu7t5v0__xor2_1)
     1    0.003234    0.298581    0.281943 20762.181641 ^ _2067_/Z (gf180mcu_fd_sc_mcu7t5v0__xor2_1)
                                                         _0062_ (net)
                      0.298581    0.000000 20762.181641 ^ _2120_/D (gf180mcu_fd_sc_mcu7t5v0__dffrnq_1)
                                           20762.181641   data arrival time

                               20833.279297 20833.279297   clock clk_div (rise edge)
                                  0.000000 20833.279297   clock source latency
    83    0.353267    0.000000    0.000000 20833.279297 ^ clk (in)
                                                         clk (net)
                      0.010145    0.003638 20833.283203 ^ _2120_/CLK (gf180mcu_fd_sc_mcu7t5v0__dffrnq_1)
                                 -0.250000 20833.033203   clock uncertainty
                                  0.000000 20833.033203   clock reconvergence pessimism
                                 -0.350018 20832.683594   library setup time
                                           20832.683594   data required time
---------------------------------------------------------------------------------------------
                                           20832.683594   data required time
                                           -20762.181641   data arrival time
---------------------------------------------------------------------------------------------
                                             70.501091   slack (MET)


Startpoint: rst (input port clocked by clk)
Endpoint: _2151_ (recovery check against rising-edge clock clk)
Path Group: asynchronous
Path Type: max

Fanout         Cap        Slew       Delay        Time   Description
---------------------------------------------------------------------------------------------
                                  0.000000    0.000000   clock clk (rise edge)
                                  0.000000    0.000000   clock network delay (propagated)
                                 10.000000   10.000000 ^ input external delay
   220    1.745123    0.000000    0.000000   10.000000 ^ rst (in)
                                                         rst (net)
                      0.083275    0.034063   10.034062 ^ _2151_/RN (gf180mcu_fd_sc_mcu7t5v0__dffrnq_1)
                                             10.034062   data arrival time

                                 81.379997   81.379997   clock clk (rise edge)
                                  0.000000   81.379997   clock source latency
    83    0.353267    0.000000    0.000000   81.379997 ^ clk (in)
                                                         clk (net)
                      0.001104    0.000455   81.380455 ^ _2151_/CLK (gf180mcu_fd_sc_mcu7t5v0__dffrnq_1)
                                 -0.250000   81.130455   clock uncertainty
                                  0.000000   81.130455   clock reconvergence pessimism
                                  0.197351   81.327805   library recovery time
                                             81.327805   data required time
---------------------------------------------------------------------------------------------
                                             81.327805   data required time
                                            -10.034062   data arrival time
---------------------------------------------------------------------------------------------
                                             71.293739   slack (MET)


Startpoint: rst (input port clocked by clk)
Endpoint: _2150_ (recovery check against rising-edge clock clk)
Path Group: asynchronous
Path Type: max

Fanout         Cap        Slew       Delay        Time   Description
---------------------------------------------------------------------------------------------
                                  0.000000    0.000000   clock clk (rise edge)
                                  0.000000    0.000000   clock network delay (propagated)
                                 10.000000   10.000000 ^ input external delay
   220    1.745123    0.000000    0.000000   10.000000 ^ rst (in)
                                                         rst (net)
                      0.083258    0.034055   10.034056 ^ _2150_/RN (gf180mcu_fd_sc_mcu7t5v0__dffrnq_1)
                                             10.034056   data arrival time

                                 81.379997   81.379997   clock clk (rise edge)
                                  0.000000   81.379997   clock source latency
    83    0.353267    0.000000    0.000000   81.379997 ^ clk (in)
                                                         clk (net)
                      0.001654    0.000675   81.380669 ^ _2150_/CLK (gf180mcu_fd_sc_mcu7t5v0__dffrnq_1)
                                 -0.250000   81.130676   clock uncertainty
                                  0.000000   81.130676   clock reconvergence pessimism
                                  0.197500   81.328178   library recovery time
                                             81.328178   data required time
---------------------------------------------------------------------------------------------
                                             81.328178   data required time
                                            -10.034056   data arrival time
---------------------------------------------------------------------------------------------
                                             71.294121   slack (MET)


Startpoint: rst (input port clocked by clk)
Endpoint: _2149_ (recovery check against rising-edge clock clk)
Path Group: asynchronous
Path Type: max

Fanout         Cap        Slew       Delay        Time   Description
---------------------------------------------------------------------------------------------
                                  0.000000    0.000000   clock clk (rise edge)
                                  0.000000    0.000000   clock network delay (propagated)
                                 10.000000   10.000000 ^ input external delay
   220    1.745123    0.000000    0.000000   10.000000 ^ rst (in)
                                                         rst (net)
                      0.083181    0.034023   10.034023 ^ _2149_/RN (gf180mcu_fd_sc_mcu7t5v0__dffrnq_1)
                                             10.034023   data arrival time

                                 81.379997   81.379997   clock clk (rise edge)
                                  0.000000   81.379997   clock source latency
    83    0.353267    0.000000    0.000000   81.379997 ^ clk (in)
                                                         clk (net)
                      0.002719    0.001116   81.381111 ^ _2149_/CLK (gf180mcu_fd_sc_mcu7t5v0__dffrnq_1)
                                 -0.250000   81.131111   clock uncertainty
                                  0.000000   81.131111   clock reconvergence pessimism
                                  0.197795   81.328911   library recovery time
                                             81.328911   data required time
---------------------------------------------------------------------------------------------
                                             81.328911   data required time
                                            -10.034023   data arrival time
---------------------------------------------------------------------------------------------
                                             71.294884   slack (MET)


Startpoint: rst (input port clocked by clk)
Endpoint: _2143_ (recovery check against rising-edge clock clk)
Path Group: asynchronous
Path Type: max

Fanout         Cap        Slew       Delay        Time   Description
---------------------------------------------------------------------------------------------
                                  0.000000    0.000000   clock clk (rise edge)
                                  0.000000    0.000000   clock network delay (propagated)
                                 10.000000   10.000000 ^ input external delay
   220    1.745123    0.000000    0.000000   10.000000 ^ rst (in)
                                                         rst (net)
                      0.083078    0.033982   10.033982 ^ _2143_/RN (gf180mcu_fd_sc_mcu7t5v0__dffrnq_1)
                                             10.033982   data arrival time

                                 81.379997   81.379997   clock clk (rise edge)
                                  0.000000   81.379997   clock source latency
    83    0.353267    0.000000    0.000000   81.379997 ^ clk (in)
                                                         clk (net)
                      0.002912    0.001194   81.381187 ^ _2143_/CLK (gf180mcu_fd_sc_mcu7t5v0__dffrnq_1)
                                 -0.250000   81.131195   clock uncertainty
                                  0.000000   81.131195   clock reconvergence pessimism
                                  0.197859   81.329048   library recovery time
                                             81.329048   data required time
---------------------------------------------------------------------------------------------
                                             81.329048   data required time
                                            -10.033982   data arrival time
---------------------------------------------------------------------------------------------
                                             71.295074   slack (MET)


Startpoint: rst (input port clocked by clk)
Endpoint: _2141_ (recovery check against rising-edge clock clk)
Path Group: asynchronous
Path Type: max

Fanout         Cap        Slew       Delay        Time   Description
---------------------------------------------------------------------------------------------
                                  0.000000    0.000000   clock clk (rise edge)
                                  0.000000    0.000000   clock network delay (propagated)
                                 10.000000   10.000000 ^ input external delay
   220    1.745123    0.000000    0.000000   10.000000 ^ rst (in)
                                                         rst (net)
                      0.082977    0.033941   10.033941 ^ _2141_/RN (gf180mcu_fd_sc_mcu7t5v0__dffrnq_1)
                                             10.033941   data arrival time

                                 81.379997   81.379997   clock clk (rise edge)
                                  0.000000   81.379997   clock source latency
    83    0.353267    0.000000    0.000000   81.379997 ^ clk (in)
                                                         clk (net)
                      0.003009    0.001229   81.381226 ^ _2141_/CLK (gf180mcu_fd_sc_mcu7t5v0__dffrnq_1)
                                 -0.250000   81.131226   clock uncertainty
                                  0.000000   81.131226   clock reconvergence pessimism
                                  0.197899   81.329132   library recovery time
                                             81.329132   data required time
---------------------------------------------------------------------------------------------
                                             81.329132   data required time
                                            -10.033941   data arrival time
---------------------------------------------------------------------------------------------
                                             71.295189   slack (MET)


Startpoint: rst (input port clocked by clk)
Endpoint: _2142_ (recovery check against rising-edge clock clk)
Path Group: asynchronous
Path Type: max

Fanout         Cap        Slew       Delay        Time   Description
---------------------------------------------------------------------------------------------
                                  0.000000    0.000000   clock clk (rise edge)
                                  0.000000    0.000000   clock network delay (propagated)
                                 10.000000   10.000000 ^ input external delay
   220    1.745123    0.000000    0.000000   10.000000 ^ rst (in)
                                                         rst (net)
                      0.083044    0.033967   10.033968 ^ _2142_/RN (gf180mcu_fd_sc_mcu7t5v0__dffrnq_1)
                                             10.033968   data arrival time

                                 81.379997   81.379997   clock clk (rise edge)
                                  0.000000   81.379997   clock source latency
    83    0.353267    0.000000    0.000000   81.379997 ^ clk (in)
                                                         clk (net)
                      0.002979    0.001215   81.381210 ^ _2142_/CLK (gf180mcu_fd_sc_mcu7t5v0__dffrnq_1)
                                 -0.250000   81.131218   clock uncertainty
                                  0.000000   81.131218   clock reconvergence pessimism
                                  0.197882   81.329094   library recovery time
                                             81.329094   data required time
---------------------------------------------------------------------------------------------
                                             81.329094   data required time
                                            -10.033968   data arrival time
---------------------------------------------------------------------------------------------
                                             71.295128   slack (MET)


Startpoint: rst (input port clocked by clk)
Endpoint: _2140_ (recovery check against rising-edge clock clk)
Path Group: asynchronous
Path Type: max

Fanout         Cap        Slew       Delay        Time   Description
---------------------------------------------------------------------------------------------
                                  0.000000    0.000000   clock clk (rise edge)
                                  0.000000    0.000000   clock network delay (propagated)
                                 10.000000   10.000000 ^ input external delay
   220    1.745123    0.000000    0.000000   10.000000 ^ rst (in)
                                                         rst (net)
                      0.082779    0.033859   10.033859 ^ _2140_/RN (gf180mcu_fd_sc_mcu7t5v0__dffrnq_1)
                                             10.033859   data arrival time

                                 81.379997   81.379997   clock clk (rise edge)
                                  0.000000   81.379997   clock source latency
    83    0.353267    0.000000    0.000000   81.379997 ^ clk (in)
                                                         clk (net)
                      0.003042    0.001243   81.381241 ^ _2140_/CLK (gf180mcu_fd_sc_mcu7t5v0__dffrnq_1)
                                 -0.250000   81.131241   clock uncertainty
                                  0.000000   81.131241   clock reconvergence pessimism
                                  0.197933   81.329178   library recovery time
                                             81.329178   data required time
---------------------------------------------------------------------------------------------
                                             81.329178   data required time
                                            -10.033859   data arrival time
---------------------------------------------------------------------------------------------
                                             71.295319   slack (MET)


Startpoint: rst (input port clocked by clk)
Endpoint: _2148_ (recovery check against rising-edge clock clk)
Path Group: asynchronous
Path Type: max

Fanout         Cap        Slew       Delay        Time   Description
---------------------------------------------------------------------------------------------
                                  0.000000    0.000000   clock clk (rise edge)
                                  0.000000    0.000000   clock network delay (propagated)
                                 10.000000   10.000000 ^ input external delay
   220    1.745123    0.000000    0.000000   10.000000 ^ rst (in)
                                                         rst (net)
                      0.083109    0.033994   10.033995 ^ _2148_/RN (gf180mcu_fd_sc_mcu7t5v0__dffrnq_1)
                                             10.033995   data arrival time

                                 81.379997   81.379997   clock clk (rise edge)
                                  0.000000   81.379997   clock source latency
    83    0.353267    0.000000    0.000000   81.379997 ^ clk (in)
                                                         clk (net)
                      0.003304    0.001350   81.381348 ^ _2148_/CLK (gf180mcu_fd_sc_mcu7t5v0__dffrnq_1)
                                 -0.250000   81.131348   clock uncertainty
                                  0.000000   81.131348   clock reconvergence pessimism
                                  0.197960   81.329308   library recovery time
                                             81.329308   data required time
---------------------------------------------------------------------------------------------
                                             81.329308   data required time
                                            -10.033995   data arrival time
---------------------------------------------------------------------------------------------
                                             71.295311   slack (MET)


Startpoint: rst (input port clocked by clk)
Endpoint: _2147_ (recovery check against rising-edge clock clk)
Path Group: asynchronous
Path Type: max

Fanout         Cap        Slew       Delay        Time   Description
---------------------------------------------------------------------------------------------
                                  0.000000    0.000000   clock clk (rise edge)
                                  0.000000    0.000000   clock network delay (propagated)
                                 10.000000   10.000000 ^ input external delay
   220    1.745123    0.000000    0.000000   10.000000 ^ rst (in)
                                                         rst (net)
                      0.082955    0.033931   10.033932 ^ _2147_/RN (gf180mcu_fd_sc_mcu7t5v0__dffrnq_1)
                                             10.033932   data arrival time

                                 81.379997   81.379997   clock clk (rise edge)
                                  0.000000   81.379997   clock source latency
    83    0.353267    0.000000    0.000000   81.379997 ^ clk (in)
                                                         clk (net)
                      0.004214    0.001727   81.381721 ^ _2147_/CLK (gf180mcu_fd_sc_mcu7t5v0__dffrnq_1)
                                 -0.250000   81.131729   clock uncertainty
                                  0.000000   81.131729   clock reconvergence pessimism
                                  0.198222   81.329948   library recovery time
                                             81.329948   data required time
---------------------------------------------------------------------------------------------
                                             81.329948   data required time
                                            -10.033932   data arrival time
---------------------------------------------------------------------------------------------
                                             71.296013   slack (MET)


Startpoint: rst (input port clocked by clk)
Endpoint: _2146_ (recovery check against rising-edge clock clk)
Path Group: asynchronous
Path Type: max

Fanout         Cap        Slew       Delay        Time   Description
---------------------------------------------------------------------------------------------
                                  0.000000    0.000000   clock clk (rise edge)
                                  0.000000    0.000000   clock network delay (propagated)
                                 10.000000   10.000000 ^ input external delay
   220    1.745123    0.000000    0.000000   10.000000 ^ rst (in)
                                                         rst (net)
                      0.082755    0.033849   10.033850 ^ _2146_/RN (gf180mcu_fd_sc_mcu7t5v0__dffrnq_1)
                                             10.033850   data arrival time

                                 81.379997   81.379997   clock clk (rise edge)
                                  0.000000   81.379997   clock source latency
    83    0.353267    0.000000    0.000000   81.379997 ^ clk (in)
                                                         clk (net)
                      0.005221    0.002139   81.382133 ^ _2146_/CLK (gf180mcu_fd_sc_mcu7t5v0__dffrnq_1)
                                 -0.250000   81.132141   clock uncertainty
                                  0.000000   81.132141   clock reconvergence pessimism
                                  0.198515   81.330650   library recovery time
                                             81.330650   data required time
---------------------------------------------------------------------------------------------
                                             81.330650   data required time
                                            -10.033850   data arrival time
---------------------------------------------------------------------------------------------
                                             71.296799   slack (MET)


Startpoint: rst (input port clocked by clk)
Endpoint: _2145_ (recovery check against rising-edge clock clk)
Path Group: asynchronous
Path Type: max

Fanout         Cap        Slew       Delay        Time   Description
---------------------------------------------------------------------------------------------
                                  0.000000    0.000000   clock clk (rise edge)
                                  0.000000    0.000000   clock network delay (propagated)
                                 10.000000   10.000000 ^ input external delay
   220    1.745123    0.000000    0.000000   10.000000 ^ rst (in)
                                                         rst (net)
                      0.082703    0.033829   10.033829 ^ _2145_/RN (gf180mcu_fd_sc_mcu7t5v0__dffrnq_1)
                                             10.033829   data arrival time

                                 81.379997   81.379997   clock clk (rise edge)
                                  0.000000   81.379997   clock source latency
    83    0.353267    0.000000    0.000000   81.379997 ^ clk (in)
                                                         clk (net)
                      0.005436    0.002224   81.382217 ^ _2145_/CLK (gf180mcu_fd_sc_mcu7t5v0__dffrnq_1)
                                 -0.250000   81.132225   clock uncertainty
                                  0.000000   81.132225   clock reconvergence pessimism
                                  0.198578   81.330795   library recovery time
                                             81.330795   data required time
---------------------------------------------------------------------------------------------
                                             81.330795   data required time
                                            -10.033829   data arrival time
---------------------------------------------------------------------------------------------
                                             71.296967   slack (MET)


Startpoint: rst (input port clocked by clk)
Endpoint: _2139_ (recovery check against rising-edge clock clk)
Path Group: asynchronous
Path Type: max

Fanout         Cap        Slew       Delay        Time   Description
---------------------------------------------------------------------------------------------
                                  0.000000    0.000000   clock clk (rise edge)
                                  0.000000    0.000000   clock network delay (propagated)
                                 10.000000   10.000000 ^ input external delay
   220    1.745123    0.000000    0.000000   10.000000 ^ rst (in)
                                                         rst (net)
                      0.082516    0.033752   10.033751 ^ _2139_/RN (gf180mcu_fd_sc_mcu7t5v0__dffrnq_1)
                                             10.033751   data arrival time

                                 81.379997   81.379997   clock clk (rise edge)
                                  0.000000   81.379997   clock source latency
    83    0.353267    0.000000    0.000000   81.379997 ^ clk (in)
                                                         clk (net)
                      0.006096    0.002494   81.382492 ^ _2139_/CLK (gf180mcu_fd_sc_mcu7t5v0__dffrnq_1)
                                 -0.250000   81.132492   clock uncertainty
                                  0.000000   81.132492   clock reconvergence pessimism
                                  0.198776   81.331268   library recovery time
                                             81.331268   data required time
---------------------------------------------------------------------------------------------
                                             81.331268   data required time
                                            -10.033751   data arrival time
---------------------------------------------------------------------------------------------
                                             71.297516   slack (MET)


Startpoint: rst (input port clocked by clk)
Endpoint: _2138_ (recovery check against rising-edge clock clk)
Path Group: asynchronous
Path Type: max

Fanout         Cap        Slew       Delay        Time   Description
---------------------------------------------------------------------------------------------
                                  0.000000    0.000000   clock clk (rise edge)
                                  0.000000    0.000000   clock network delay (propagated)
                                 10.000000   10.000000 ^ input external delay
   220    1.745123    0.000000    0.000000   10.000000 ^ rst (in)
                                                         rst (net)
                      0.081840    0.033475   10.033476 ^ _2138_/RN (gf180mcu_fd_sc_mcu7t5v0__dffrnq_1)
                                             10.033476   data arrival time

                                 81.379997   81.379997   clock clk (rise edge)
                                  0.000000   81.379997   clock source latency
    83    0.353267    0.000000    0.000000   81.379997 ^ clk (in)
                                                         clk (net)
                      0.006349    0.002593   81.382591 ^ _2138_/CLK (gf180mcu_fd_sc_mcu7t5v0__dffrnq_1)
                                 -0.250000   81.132591   clock uncertainty
                                  0.000000   81.132591   clock reconvergence pessimism
                                  0.198923   81.331520   library recovery time
                                             81.331520   data required time
---------------------------------------------------------------------------------------------
                                             81.331520   data required time
                                            -10.033476   data arrival time
---------------------------------------------------------------------------------------------
                                             71.298042   slack (MET)


Startpoint: rst (input port clocked by clk)
Endpoint: _2117_ (recovery check against rising-edge clock clk)
Path Group: asynchronous
Path Type: max

Fanout         Cap        Slew       Delay        Time   Description
---------------------------------------------------------------------------------------------
                                  0.000000    0.000000   clock clk (rise edge)
                                  0.000000    0.000000   clock network delay (propagated)
                                 10.000000   10.000000 ^ input external delay
   220    1.745123    0.000000    0.000000   10.000000 ^ rst (in)
                                                         rst (net)
                      0.078318    0.032035   10.032035 ^ _2117_/RN (gf180mcu_fd_sc_mcu7t5v0__dffrnq_1)
                                             10.032035   data arrival time

                                 81.379997   81.379997   clock clk (rise edge)
                                  0.000000   81.379997   clock source latency
    83    0.353267    0.000000    0.000000   81.379997 ^ clk (in)
                                                         clk (net)
                      0.004402    0.001798   81.381798 ^ _2117_/CLK (gf180mcu_fd_sc_mcu7t5v0__dffrnq_1)
                                 -0.250000   81.131798   clock uncertainty
                                  0.000000   81.131798   clock reconvergence pessimism
                                  0.198854   81.330650   library recovery time
                                             81.330650   data required time
---------------------------------------------------------------------------------------------
                                             81.330650   data required time
                                            -10.032035   data arrival time
---------------------------------------------------------------------------------------------
                                             71.298615   slack (MET)


Startpoint: rst (input port clocked by clk)
Endpoint: _2089_ (recovery check against rising-edge clock clk)
Path Group: asynchronous
Path Type: max

Fanout         Cap        Slew       Delay        Time   Description
---------------------------------------------------------------------------------------------
                                  0.000000    0.000000   clock clk (rise edge)
                                  0.000000    0.000000   clock network delay (propagated)
                                 10.000000   10.000000 ^ input external delay
   220    1.745123    0.000000    0.000000   10.000000 ^ rst (in)
                                                         rst (net)
                      0.078145    0.031964   10.031964 ^ _2089_/RN (gf180mcu_fd_sc_mcu7t5v0__dffrnq_1)
                                             10.031964   data arrival time

                                 81.379997   81.379997   clock clk (rise edge)
                                  0.000000   81.379997   clock source latency
    83    0.353267    0.000000    0.000000   81.379997 ^ clk (in)
                                                         clk (net)
                      0.004477    0.001833   81.381828 ^ _2089_/CLK (gf180mcu_fd_sc_mcu7t5v0__dffrnq_1)
                                 -0.250000   81.131836   clock uncertainty
                                  0.000000   81.131836   clock reconvergence pessimism
                                  0.198895   81.330727   library recovery time
                                             81.330727   data required time
---------------------------------------------------------------------------------------------
                                             81.330727   data required time
                                            -10.031964   data arrival time
---------------------------------------------------------------------------------------------
                                             71.298767   slack (MET)


Startpoint: rst (input port clocked by clk)
Endpoint: _2115_ (recovery check against rising-edge clock clk)
Path Group: asynchronous
Path Type: max

Fanout         Cap        Slew       Delay        Time   Description
---------------------------------------------------------------------------------------------
                                  0.000000    0.000000   clock clk (rise edge)
                                  0.000000    0.000000   clock network delay (propagated)
                                 10.000000   10.000000 ^ input external delay
   220    1.745123    0.000000    0.000000   10.000000 ^ rst (in)
                                                         rst (net)
                      0.078251    0.032007   10.032007 ^ _2115_/RN (gf180mcu_fd_sc_mcu7t5v0__dffrnq_1)
                                             10.032007   data arrival time

                                 81.379997   81.379997   clock clk (rise edge)
                                  0.000000   81.379997   clock source latency
    83    0.353267    0.000000    0.000000   81.379997 ^ clk (in)
                                                         clk (net)
                      0.004462    0.001826   81.381821 ^ _2115_/CLK (gf180mcu_fd_sc_mcu7t5v0__dffrnq_1)
                                 -0.250000   81.131828   clock uncertainty
                                  0.000000   81.131828   clock reconvergence pessimism
                                  0.198878   81.330704   library recovery time
                                             81.330704   data required time
---------------------------------------------------------------------------------------------
                                             81.330704   data required time
                                            -10.032007   data arrival time
---------------------------------------------------------------------------------------------
                                             71.298706   slack (MET)


Startpoint: rst (input port clocked by clk)
Endpoint: _2116_ (recovery check against rising-edge clock clk)
Path Group: asynchronous
Path Type: max

Fanout         Cap        Slew       Delay        Time   Description
---------------------------------------------------------------------------------------------
                                  0.000000    0.000000   clock clk (rise edge)
                                  0.000000    0.000000   clock network delay (propagated)
                                 10.000000   10.000000 ^ input external delay
   220    1.745123    0.000000    0.000000   10.000000 ^ rst (in)
                                                         rst (net)
                      0.078295    0.032025   10.032025 ^ _2116_/RN (gf180mcu_fd_sc_mcu7t5v0__dffrnq_1)
                                             10.032025   data arrival time

                                 81.379997   81.379997   clock clk (rise edge)
                                  0.000000   81.379997   clock source latency
    83    0.353267    0.000000    0.000000   81.379997 ^ clk (in)
                                                         clk (net)
                      0.004436    0.001812   81.381805 ^ _2116_/CLK (gf180mcu_fd_sc_mcu7t5v0__dffrnq_1)
                                 -0.250000   81.131813   clock uncertainty
                                  0.000000   81.131813   clock reconvergence pessimism
                                  0.198866   81.330681   library recovery time
                                             81.330681   data required time
---------------------------------------------------------------------------------------------
                                             81.330681   data required time
                                            -10.032025   data arrival time
---------------------------------------------------------------------------------------------
                                             71.298653   slack (MET)


Startpoint: rst (input port clocked by clk)
Endpoint: _2137_ (recovery check against rising-edge clock clk)
Path Group: asynchronous
Path Type: max

Fanout         Cap        Slew       Delay        Time   Description
---------------------------------------------------------------------------------------------
                                  0.000000    0.000000   clock clk (rise edge)
                                  0.000000    0.000000   clock network delay (propagated)
                                 10.000000   10.000000 ^ input external delay
   220    1.745123    0.000000    0.000000   10.000000 ^ rst (in)
                                                         rst (net)
                      0.081085    0.033166   10.033167 ^ _2137_/RN (gf180mcu_fd_sc_mcu7t5v0__dffrnq_1)
                                             10.033167   data arrival time

                                 81.379997   81.379997   clock clk (rise edge)
                                  0.000000   81.379997   clock source latency
    83    0.353267    0.000000    0.000000   81.379997 ^ clk (in)
                                                         clk (net)
                      0.006896    0.002821   81.382820 ^ _2137_/CLK (gf180mcu_fd_sc_mcu7t5v0__dffrnq_1)
                                 -0.250000   81.132820   clock uncertainty
                                  0.000000   81.132820   clock reconvergence pessimism
                                  0.199155   81.331978   library recovery time
                                             81.331978   data required time
---------------------------------------------------------------------------------------------
                                             81.331978   data required time
                                            -10.033167   data arrival time
---------------------------------------------------------------------------------------------
                                             71.298805   slack (MET)


Startpoint: rst (input port clocked by clk)
Endpoint: _2136_ (recovery check against rising-edge clock clk)
Path Group: asynchronous
Path Type: max

Fanout         Cap        Slew       Delay        Time   Description
---------------------------------------------------------------------------------------------
                                  0.000000    0.000000   clock clk (rise edge)
                                  0.000000    0.000000   clock network delay (propagated)
                                 10.000000   10.000000 ^ input external delay
   220    1.745123    0.000000    0.000000   10.000000 ^ rst (in)
                                                         rst (net)
                      0.080719    0.033017   10.033017 ^ _2136_/RN (gf180mcu_fd_sc_mcu7t5v0__dffrnq_1)
                                             10.033017   data arrival time

                                 81.379997   81.379997   clock clk (rise edge)
                                  0.000000   81.379997   clock source latency
    83    0.353267    0.000000    0.000000   81.379997 ^ clk (in)
                                                         clk (net)
                      0.007181    0.002935   81.382935 ^ _2136_/CLK (gf180mcu_fd_sc_mcu7t5v0__dffrnq_1)
                                 -0.250000   81.132935   clock uncertainty
                                  0.000000   81.132935   clock reconvergence pessimism
                                  0.199272   81.332207   library recovery time
                                             81.332207   data required time
---------------------------------------------------------------------------------------------
                                             81.332207   data required time
                                            -10.033017   data arrival time
---------------------------------------------------------------------------------------------
                                             71.299187   slack (MET)


Startpoint: rst (input port clocked by clk)
Endpoint: _2132_ (recovery check against rising-edge clock clk)
Path Group: asynchronous
Path Type: max

Fanout         Cap        Slew       Delay        Time   Description
---------------------------------------------------------------------------------------------
                                  0.000000    0.000000   clock clk (rise edge)
                                  0.000000    0.000000   clock network delay (propagated)
                                 10.000000   10.000000 ^ input external delay
   220    1.745123    0.000000    0.000000   10.000000 ^ rst (in)
                                                         rst (net)
                      0.080151    0.032784   10.032784 ^ _2132_/RN (gf180mcu_fd_sc_mcu7t5v0__dffrnq_1)
                                             10.032784   data arrival time

                                 81.379997   81.379997   clock clk (rise edge)
                                  0.000000   81.379997   clock source latency
    83    0.353267    0.000000    0.000000   81.379997 ^ clk (in)
                                                         clk (net)
                      0.007521    0.003077   81.383072 ^ _2132_/CLK (gf180mcu_fd_sc_mcu7t5v0__dffrnq_1)
                                 -0.250000   81.133080   clock uncertainty
                                  0.000000   81.133080   clock reconvergence pessimism
                                  0.199425   81.332504   library recovery time
                                             81.332504   data required time
---------------------------------------------------------------------------------------------
                                             81.332504   data required time
                                            -10.032784   data arrival time
---------------------------------------------------------------------------------------------
                                             71.299721   slack (MET)


Startpoint: rst (input port clocked by clk)
Endpoint: _2134_ (recovery check against rising-edge clock clk)
Path Group: asynchronous
Path Type: max

Fanout         Cap        Slew       Delay        Time   Description
---------------------------------------------------------------------------------------------
                                  0.000000    0.000000   clock clk (rise edge)
                                  0.000000    0.000000   clock network delay (propagated)
                                 10.000000   10.000000 ^ input external delay
   220    1.745123    0.000000    0.000000   10.000000 ^ rst (in)
                                                         rst (net)
                      0.080096    0.032762   10.032763 ^ _2134_/RN (gf180mcu_fd_sc_mcu7t5v0__dffrnq_1)
                                             10.032763   data arrival time

                                 81.379997   81.379997   clock clk (rise edge)
                                  0.000000   81.379997   clock source latency
    83    0.353267    0.000000    0.000000   81.379997 ^ clk (in)
                                                         clk (net)
                      0.007523    0.003077   81.383072 ^ _2134_/CLK (gf180mcu_fd_sc_mcu7t5v0__dffrnq_1)
                                 -0.250000   81.133080   clock uncertainty
                                  0.000000   81.133080   clock reconvergence pessimism
                                  0.199432   81.332512   library recovery time
                                             81.332512   data required time
---------------------------------------------------------------------------------------------
                                             81.332512   data required time
                                            -10.032763   data arrival time
---------------------------------------------------------------------------------------------
                                             71.299744   slack (MET)


Startpoint: rst (input port clocked by clk)
Endpoint: _2092_ (recovery check against rising-edge clock clk)
Path Group: asynchronous
Path Type: max

Fanout         Cap        Slew       Delay        Time   Description
---------------------------------------------------------------------------------------------
                                  0.000000    0.000000   clock clk (rise edge)
                                  0.000000    0.000000   clock network delay (propagated)
                                 10.000000   10.000000 ^ input external delay
   220    1.745123    0.000000    0.000000   10.000000 ^ rst (in)
                                                         rst (net)
                      0.078483    0.032102   10.032103 ^ _2092_/RN (gf180mcu_fd_sc_mcu7t5v0__dffrnq_1)
                                             10.032103   data arrival time

                                 81.379997   81.379997   clock clk (rise edge)
                                  0.000000   81.379997   clock source latency
    83    0.353267    0.000000    0.000000   81.379997 ^ clk (in)
                                                         clk (net)
                      0.006814    0.002785   81.382782 ^ _2092_/CLK (gf180mcu_fd_sc_mcu7t5v0__dffrnq_1)
                                 -0.250000   81.132782   clock uncertainty
                                  0.000000   81.132782   clock reconvergence pessimism
                                  0.199439   81.332230   library recovery time
                                             81.332230   data required time
---------------------------------------------------------------------------------------------
                                             81.332230   data required time
                                            -10.032103   data arrival time
---------------------------------------------------------------------------------------------
                                             71.300125   slack (MET)


Startpoint: rst (input port clocked by clk)
Endpoint: _2091_ (recovery check against rising-edge clock clk)
Path Group: asynchronous
Path Type: max

Fanout         Cap        Slew       Delay        Time   Description
---------------------------------------------------------------------------------------------
                                  0.000000    0.000000   clock clk (rise edge)
                                  0.000000    0.000000   clock network delay (propagated)
                                 10.000000   10.000000 ^ input external delay
   220    1.745123    0.000000    0.000000   10.000000 ^ rst (in)
                                                         rst (net)
                      0.078443    0.032085   10.032085 ^ _2091_/RN (gf180mcu_fd_sc_mcu7t5v0__dffrnq_1)
                                             10.032085   data arrival time

                                 81.379997   81.379997   clock clk (rise edge)
                                  0.000000   81.379997   clock source latency
    83    0.353267    0.000000    0.000000   81.379997 ^ clk (in)
                                                         clk (net)
                      0.006969    0.002849   81.382843 ^ _2091_/CLK (gf180mcu_fd_sc_mcu7t5v0__dffrnq_1)
                                 -0.250000   81.132851   clock uncertainty
                                  0.000000   81.132851   clock reconvergence pessimism
                                  0.199483   81.332336   library recovery time
                                             81.332336   data required time
---------------------------------------------------------------------------------------------
                                             81.332336   data required time
                                            -10.032085   data arrival time
---------------------------------------------------------------------------------------------
                                             71.300255   slack (MET)


Startpoint: rst (input port clocked by clk)
Endpoint: _2090_ (recovery check against rising-edge clock clk)
Path Group: asynchronous
Path Type: max

Fanout         Cap        Slew       Delay        Time   Description
---------------------------------------------------------------------------------------------
                                  0.000000    0.000000   clock clk (rise edge)
                                  0.000000    0.000000   clock network delay (propagated)
                                 10.000000   10.000000 ^ input external delay
   220    1.745123    0.000000    0.000000   10.000000 ^ rst (in)
                                                         rst (net)
                      0.078277    0.032018   10.032018 ^ _2090_/RN (gf180mcu_fd_sc_mcu7t5v0__dffrnq_1)
                                             10.032018   data arrival time

                                 81.379997   81.379997   clock clk (rise edge)
                                  0.000000   81.379997   clock source latency
    83    0.353267    0.000000    0.000000   81.379997 ^ clk (in)
                                                         clk (net)
                      0.006997    0.002863   81.382858 ^ _2090_/CLK (gf180mcu_fd_sc_mcu7t5v0__dffrnq_1)
                                 -0.250000   81.132866   clock uncertainty
                                  0.000000   81.132866   clock reconvergence pessimism
                                  0.199509   81.332367   library recovery time
                                             81.332367   data required time
---------------------------------------------------------------------------------------------
                                             81.332367   data required time
                                            -10.032018   data arrival time
---------------------------------------------------------------------------------------------
                                             71.300354   slack (MET)


Startpoint: rst (input port clocked by clk)
Endpoint: _2133_ (recovery check against rising-edge clock clk)
Path Group: asynchronous
Path Type: max

Fanout         Cap        Slew       Delay        Time   Description
---------------------------------------------------------------------------------------------
                                  0.000000    0.000000   clock clk (rise edge)
                                  0.000000    0.000000   clock network delay (propagated)
                                 10.000000   10.000000 ^ input external delay
   220    1.745123    0.000000    0.000000   10.000000 ^ rst (in)
                                                         rst (net)
                      0.078563    0.032135   10.032135 ^ _2133_/RN (gf180mcu_fd_sc_mcu7t5v0__dffrnq_1)
                                             10.032135   data arrival time

                                 81.379997   81.379997   clock clk (rise edge)
                                  0.000000   81.379997   clock source latency
    83    0.353267    0.000000    0.000000   81.379997 ^ clk (in)
                                                         clk (net)
                      0.007973    0.003261   81.383255 ^ _2133_/CLK (gf180mcu_fd_sc_mcu7t5v0__dffrnq_1)
                                 -0.250000   81.133263   clock uncertainty
                                  0.000000   81.133263   clock reconvergence pessimism
                                  0.199721   81.332977   library recovery time
                                             81.332977   data required time
---------------------------------------------------------------------------------------------
                                             81.332977   data required time
                                            -10.032135   data arrival time
---------------------------------------------------------------------------------------------
                                             71.300850   slack (MET)


Startpoint: rst (input port clocked by clk)
Endpoint: _2135_ (recovery check against rising-edge clock clk)
Path Group: asynchronous
Path Type: max

Fanout         Cap        Slew       Delay        Time   Description
---------------------------------------------------------------------------------------------
                                  0.000000    0.000000   clock clk (rise edge)
                                  0.000000    0.000000   clock network delay (propagated)
                                 10.000000   10.000000 ^ input external delay
   220    1.745123    0.000000    0.000000   10.000000 ^ rst (in)
                                                         rst (net)
                      0.078508    0.032112   10.032112 ^ _2135_/RN (gf180mcu_fd_sc_mcu7t5v0__dffrnq_1)
                                             10.032112   data arrival time

                                 81.379997   81.379997   clock clk (rise edge)
                                  0.000000   81.379997   clock source latency
    83    0.353267    0.000000    0.000000   81.379997 ^ clk (in)
                                                         clk (net)
                      0.008303    0.003396   81.383392 ^ _2135_/CLK (gf180mcu_fd_sc_mcu7t5v0__dffrnq_1)
                                 -0.250000   81.133392   clock uncertainty
                                  0.000000   81.133392   clock reconvergence pessimism
                                  0.199810   81.333206   library recovery time
                                             81.333206   data required time
---------------------------------------------------------------------------------------------
                                             81.333206   data required time
                                            -10.032112   data arrival time
---------------------------------------------------------------------------------------------
                                             71.301094   slack (MET)


Startpoint: rst (input port clocked by clk)
Endpoint: _2088_ (recovery check against rising-edge clock clk)
Path Group: asynchronous
Path Type: max

Fanout         Cap        Slew       Delay        Time   Description
---------------------------------------------------------------------------------------------
                                  0.000000    0.000000   clock clk (rise edge)
                                  0.000000    0.000000   clock network delay (propagated)
                                 10.000000   10.000000 ^ input external delay
   220    1.745123    0.000000    0.000000   10.000000 ^ rst (in)
                                                         rst (net)
                      0.077696    0.031781   10.031781 ^ _2088_/RN (gf180mcu_fd_sc_mcu7t5v0__dffrnq_1)
                                             10.031781   data arrival time

                                 81.379997   81.379997   clock clk (rise edge)
                                  0.000000   81.379997   clock source latency
    83    0.353267    0.000000    0.000000   81.379997 ^ clk (in)
                                                         clk (net)
                      0.008008    0.003276   81.383270 ^ _2088_/CLK (gf180mcu_fd_sc_mcu7t5v0__dffrnq_1)
                                 -0.250000   81.133278   clock uncertainty
                                  0.000000   81.133278   clock reconvergence pessimism
                                  0.199828   81.333099   library recovery time
                                             81.333099   data required time
---------------------------------------------------------------------------------------------
                                             81.333099   data required time
                                            -10.031781   data arrival time
---------------------------------------------------------------------------------------------
                                             71.301315   slack (MET)


Startpoint: rst (input port clocked by clk)
Endpoint: _2131_ (recovery check against rising-edge clock clk)
Path Group: asynchronous
Path Type: max

Fanout         Cap        Slew       Delay        Time   Description
---------------------------------------------------------------------------------------------
                                  0.000000    0.000000   clock clk (rise edge)
                                  0.000000    0.000000   clock network delay (propagated)
                                 10.000000   10.000000 ^ input external delay
   220    1.745123    0.000000    0.000000   10.000000 ^ rst (in)
                                                         rst (net)
                      0.078017    0.031911   10.031912 ^ _2131_/RN (gf180mcu_fd_sc_mcu7t5v0__dffrnq_1)
                                             10.031912   data arrival time

                                 81.379997   81.379997   clock clk (rise edge)
                                  0.000000   81.379997   clock source latency
    83    0.353267    0.000000    0.000000   81.379997 ^ clk (in)
                                                         clk (net)
                      0.008605    0.003517   81.383514 ^ _2131_/CLK (gf180mcu_fd_sc_mcu7t5v0__dffrnq_1)
                                 -0.250000   81.133514   clock uncertainty
                                  0.000000   81.133514   clock reconvergence pessimism
                                  0.199941   81.333458   library recovery time
                                             81.333458   data required time
---------------------------------------------------------------------------------------------
                                             81.333458   data required time
                                            -10.031912   data arrival time
---------------------------------------------------------------------------------------------
                                             71.301544   slack (MET)


Startpoint: rst (input port clocked by clk)
Endpoint: _2087_ (recovery check against rising-edge clock clk)
Path Group: asynchronous
Path Type: max

Fanout         Cap        Slew       Delay        Time   Description
---------------------------------------------------------------------------------------------
                                  0.000000    0.000000   clock clk (rise edge)
                                  0.000000    0.000000   clock network delay (propagated)
                                 10.000000   10.000000 ^ input external delay
   220    1.745123    0.000000    0.000000   10.000000 ^ rst (in)
                                                         rst (net)
                      0.077326    0.031629   10.031630 ^ _2087_/RN (gf180mcu_fd_sc_mcu7t5v0__dffrnq_1)
                                             10.031630   data arrival time

                                 81.379997   81.379997   clock clk (rise edge)
                                  0.000000   81.379997   clock source latency
    83    0.353267    0.000000    0.000000   81.379997 ^ clk (in)
                                                         clk (net)
                      0.008534    0.003489   81.383484 ^ _2087_/CLK (gf180mcu_fd_sc_mcu7t5v0__dffrnq_1)
                                 -0.250000   81.133492   clock uncertainty
                                  0.000000   81.133492   clock reconvergence pessimism
                                  0.200000   81.333481   library recovery time
                                             81.333481   data required time
---------------------------------------------------------------------------------------------
                                             81.333481   data required time
                                            -10.031630   data arrival time
---------------------------------------------------------------------------------------------
                                             71.301857   slack (MET)


Startpoint: rst (input port clocked by clk)
Endpoint: _2086_ (recovery check against rising-edge clock clk)
Path Group: asynchronous
Path Type: max

Fanout         Cap        Slew       Delay        Time   Description
---------------------------------------------------------------------------------------------
                                  0.000000    0.000000   clock clk (rise edge)
                                  0.000000    0.000000   clock network delay (propagated)
                                 10.000000   10.000000 ^ input external delay
   220    1.745123    0.000000    0.000000   10.000000 ^ rst (in)
                                                         rst (net)
                      0.077055    0.031518   10.031518 ^ _2086_/RN (gf180mcu_fd_sc_mcu7t5v0__dffrnq_1)
                                             10.031518   data arrival time

                                 81.379997   81.379997   clock clk (rise edge)
                                  0.000000   81.379997   clock source latency
    83    0.353267    0.000000    0.000000   81.379997 ^ clk (in)
                                                         clk (net)
                      0.008712    0.003560   81.383560 ^ _2086_/CLK (gf180mcu_fd_sc_mcu7t5v0__dffrnq_1)
                                 -0.250000   81.133560   clock uncertainty
                                  0.000000   81.133560   clock reconvergence pessimism
                                  0.200074   81.333633   library recovery time
                                             81.333633   data required time
---------------------------------------------------------------------------------------------
                                             81.333633   data required time
                                            -10.031518   data arrival time
---------------------------------------------------------------------------------------------
                                             71.302116   slack (MET)


Startpoint: rst (input port clocked by clk)
Endpoint: _2130_ (recovery check against rising-edge clock clk)
Path Group: asynchronous
Path Type: max

Fanout         Cap        Slew       Delay        Time   Description
---------------------------------------------------------------------------------------------
                                  0.000000    0.000000   clock clk (rise edge)
                                  0.000000    0.000000   clock network delay (propagated)
                                 10.000000   10.000000 ^ input external delay
   220    1.745123    0.000000    0.000000   10.000000 ^ rst (in)
                                                         rst (net)
                      0.076892    0.031451   10.031451 ^ _2130_/RN (gf180mcu_fd_sc_mcu7t5v0__dffrnq_1)
                                             10.031451   data arrival time

                                 81.379997   81.379997   clock clk (rise edge)
                                  0.000000   81.379997   clock source latency
    83    0.353267    0.000000    0.000000   81.379997 ^ clk (in)
                                                         clk (net)
                      0.008927    0.003652   81.383652 ^ _2130_/CLK (gf180mcu_fd_sc_mcu7t5v0__dffrnq_1)
                                 -0.250000   81.133652   clock uncertainty
                                  0.000000   81.133652   clock reconvergence pessimism
                                  0.200145   81.333794   library recovery time
                                             81.333794   data required time
---------------------------------------------------------------------------------------------
                                             81.333794   data required time
                                            -10.031451   data arrival time
---------------------------------------------------------------------------------------------
                                             71.302345   slack (MET)


Startpoint: rst (input port clocked by clk)
Endpoint: _2084_ (recovery check against rising-edge clock clk)
Path Group: asynchronous
Path Type: max

Fanout         Cap        Slew       Delay        Time   Description
---------------------------------------------------------------------------------------------
                                  0.000000    0.000000   clock clk (rise edge)
                                  0.000000    0.000000   clock network delay (propagated)
                                 10.000000   10.000000 ^ input external delay
   220    1.745123    0.000000    0.000000   10.000000 ^ rst (in)
                                                         rst (net)
                      0.076170    0.031156   10.031157 ^ _2084_/RN (gf180mcu_fd_sc_mcu7t5v0__dffrnq_1)
                                             10.031157   data arrival time

                                 81.379997   81.379997   clock clk (rise edge)
                                  0.000000   81.379997   clock source latency
    83    0.353267    0.000000    0.000000   81.379997 ^ clk (in)
                                                         clk (net)
                      0.009201    0.003766   81.383766 ^ _2084_/CLK (gf180mcu_fd_sc_mcu7t5v0__dffrnq_1)
                                 -0.250000   81.133766   clock uncertainty
                                  0.000000   81.133766   clock reconvergence pessimism
                                  0.200291   81.334053   library recovery time
                                             81.334053   data required time
---------------------------------------------------------------------------------------------
                                             81.334053   data required time
                                            -10.031157   data arrival time
---------------------------------------------------------------------------------------------
                                             71.302895   slack (MET)


Startpoint: rst (input port clocked by clk)
Endpoint: _2085_ (recovery check against rising-edge clock clk)
Path Group: asynchronous
Path Type: max

Fanout         Cap        Slew       Delay        Time   Description
---------------------------------------------------------------------------------------------
                                  0.000000    0.000000   clock clk (rise edge)
                                  0.000000    0.000000   clock network delay (propagated)
                                 10.000000   10.000000 ^ input external delay
   220    1.745123    0.000000    0.000000   10.000000 ^ rst (in)
                                                         rst (net)
                      0.076076    0.031117   10.031117 ^ _2085_/RN (gf180mcu_fd_sc_mcu7t5v0__dffrnq_1)
                                             10.031117   data arrival time

                                 81.379997   81.379997   clock clk (rise edge)
                                  0.000000   81.379997   clock source latency
    83    0.353267    0.000000    0.000000   81.379997 ^ clk (in)
                                                         clk (net)
                      0.009243    0.003780   81.383774 ^ _2085_/CLK (gf180mcu_fd_sc_mcu7t5v0__dffrnq_1)
                                 -0.250000   81.133781   clock uncertainty
                                  0.000000   81.133781   clock reconvergence pessimism
                                  0.200311   81.334091   library recovery time
                                             81.334091   data required time
---------------------------------------------------------------------------------------------
                                             81.334091   data required time
                                            -10.031117   data arrival time
---------------------------------------------------------------------------------------------
                                             71.302971   slack (MET)


Startpoint: rst (input port clocked by clk)
Endpoint: _2129_ (recovery check against rising-edge clock clk)
Path Group: asynchronous
Path Type: max

Fanout         Cap        Slew       Delay        Time   Description
---------------------------------------------------------------------------------------------
                                  0.000000    0.000000   clock clk (rise edge)
                                  0.000000    0.000000   clock network delay (propagated)
                                 10.000000   10.000000 ^ input external delay
   220    1.745123    0.000000    0.000000   10.000000 ^ rst (in)
                                                         rst (net)
                      0.075698    0.030963   10.030963 ^ _2129_/RN (gf180mcu_fd_sc_mcu7t5v0__dffrnq_1)
                                             10.030963   data arrival time

                                 81.379997   81.379997   clock clk (rise edge)
                                  0.000000   81.379997   clock source latency
    83    0.353267    0.000000    0.000000   81.379997 ^ clk (in)
                                                         clk (net)
                      0.009220    0.003773   81.383766 ^ _2129_/CLK (gf180mcu_fd_sc_mcu7t5v0__dffrnq_1)
                                 -0.250000   81.133774   clock uncertainty
                                  0.000000   81.133774   clock reconvergence pessimism
                                  0.200347   81.334114   library recovery time
                                             81.334114   data required time
---------------------------------------------------------------------------------------------
                                             81.334114   data required time
                                            -10.030963   data arrival time
---------------------------------------------------------------------------------------------
                                             71.303154   slack (MET)


Startpoint: rst (input port clocked by clk)
Endpoint: _2128_ (recovery check against rising-edge clock clk)
Path Group: asynchronous
Path Type: max

Fanout         Cap        Slew       Delay        Time   Description
---------------------------------------------------------------------------------------------
                                  0.000000    0.000000   clock clk (rise edge)
                                  0.000000    0.000000   clock network delay (propagated)
                                 10.000000   10.000000 ^ input external delay
   220    1.745123    0.000000    0.000000   10.000000 ^ rst (in)
                                                         rst (net)
                      0.074722    0.030564   10.030564 ^ _2128_/RN (gf180mcu_fd_sc_mcu7t5v0__dffrnq_1)
                                             10.030564   data arrival time

                                 81.379997   81.379997   clock clk (rise edge)
                                  0.000000   81.379997   clock source latency
    83    0.353267    0.000000    0.000000   81.379997 ^ clk (in)
                                                         clk (net)
                      0.009425    0.003858   81.383858 ^ _2128_/CLK (gf180mcu_fd_sc_mcu7t5v0__dffrnq_1)
                                 -0.250000   81.133858   clock uncertainty
                                  0.000000   81.133858   clock reconvergence pessimism
                                  0.200503   81.334358   library recovery time
                                             81.334358   data required time
---------------------------------------------------------------------------------------------
                                             81.334358   data required time
                                            -10.030564   data arrival time
---------------------------------------------------------------------------------------------
                                             71.303795   slack (MET)


Startpoint: rst (input port clocked by clk)
Endpoint: _2127_ (recovery check against rising-edge clock clk)
Path Group: asynchronous
Path Type: max

Fanout         Cap        Slew       Delay        Time   Description
---------------------------------------------------------------------------------------------
                                  0.000000    0.000000   clock clk (rise edge)
                                  0.000000    0.000000   clock network delay (propagated)
                                 10.000000   10.000000 ^ input external delay
   220    1.745123    0.000000    0.000000   10.000000 ^ rst (in)
                                                         rst (net)
                      0.074523    0.030482   10.030482 ^ _2127_/RN (gf180mcu_fd_sc_mcu7t5v0__dffrnq_1)
                                             10.030482   data arrival time

                                 81.379997   81.379997   clock clk (rise edge)
                                  0.000000   81.379997   clock source latency
    83    0.353267    0.000000    0.000000   81.379997 ^ clk (in)
                                                         clk (net)
                      0.009469    0.003872   81.383865 ^ _2127_/CLK (gf180mcu_fd_sc_mcu7t5v0__dffrnq_1)
                                 -0.250000   81.133873   clock uncertainty
                                  0.000000   81.133873   clock reconvergence pessimism
                                  0.200535   81.334412   library recovery time
                                             81.334412   data required time
---------------------------------------------------------------------------------------------
                                             81.334412   data required time
                                            -10.030482   data arrival time
---------------------------------------------------------------------------------------------
                                             71.303925   slack (MET)


Startpoint: rst (input port clocked by clk)
Endpoint: _2083_ (recovery check against rising-edge clock clk)
Path Group: asynchronous
Path Type: max

Fanout         Cap        Slew       Delay        Time   Description
---------------------------------------------------------------------------------------------
                                  0.000000    0.000000   clock clk (rise edge)
                                  0.000000    0.000000   clock network delay (propagated)
                                 10.000000   10.000000 ^ input external delay
   220    1.745123    0.000000    0.000000   10.000000 ^ rst (in)
                                                         rst (net)
                      0.074403    0.030433   10.030434 ^ _2083_/RN (gf180mcu_fd_sc_mcu7t5v0__dffrnq_1)
                                             10.030434   data arrival time

                                 81.379997   81.379997   clock clk (rise edge)
                                  0.000000   81.379997   clock source latency
    83    0.353267    0.000000    0.000000   81.379997 ^ clk (in)
                                                         clk (net)
                      0.009827    0.004022   81.384018 ^ _2083_/CLK (gf180mcu_fd_sc_mcu7t5v0__dffrnq_1)
                                 -0.250000   81.134018   clock uncertainty
                                  0.000000   81.134018   clock reconvergence pessimism
                                  0.200633   81.334656   library recovery time
                                             81.334656   data required time
---------------------------------------------------------------------------------------------
                                             81.334656   data required time
                                            -10.030434   data arrival time
---------------------------------------------------------------------------------------------
                                             71.304222   slack (MET)


Startpoint: rst (input port clocked by clk)
Endpoint: _2126_ (recovery check against rising-edge clock clk)
Path Group: asynchronous
Path Type: max

Fanout         Cap        Slew       Delay        Time   Description
---------------------------------------------------------------------------------------------
                                  0.000000    0.000000   clock clk (rise edge)
                                  0.000000    0.000000   clock network delay (propagated)
                                 10.000000   10.000000 ^ input external delay
   220    1.745123    0.000000    0.000000   10.000000 ^ rst (in)
                                                         rst (net)
                      0.073264    0.029968   10.029968 ^ _2126_/RN (gf180mcu_fd_sc_mcu7t5v0__dffrnq_1)
                                             10.029968   data arrival time

                                 81.379997   81.379997   clock clk (rise edge)
                                  0.000000   81.379997   clock source latency
    83    0.353267    0.000000    0.000000   81.379997 ^ clk (in)
                                                         clk (net)
                      0.009651    0.003951   81.383949 ^ _2126_/CLK (gf180mcu_fd_sc_mcu7t5v0__dffrnq_1)
                                 -0.250000   81.133949   clock uncertainty
                                  0.000000   81.133949   clock reconvergence pessimism
                                  0.200714   81.334663   library recovery time
                                             81.334663   data required time
---------------------------------------------------------------------------------------------
                                             81.334663   data required time
                                            -10.029968   data arrival time
---------------------------------------------------------------------------------------------
                                             71.304703   slack (MET)


Startpoint: rst (input port clocked by clk)
Endpoint: _2114_ (recovery check against rising-edge clock clk)
Path Group: asynchronous
Path Type: max

Fanout         Cap        Slew       Delay        Time   Description
---------------------------------------------------------------------------------------------
                                  0.000000    0.000000   clock clk (rise edge)
                                  0.000000    0.000000   clock network delay (propagated)
                                 10.000000   10.000000 ^ input external delay
   220    1.745123    0.000000    0.000000   10.000000 ^ rst (in)
                                                         rst (net)
                      0.070434    0.028810   10.028811 ^ _2114_/RN (gf180mcu_fd_sc_mcu7t5v0__dffrnq_1)
                                             10.028811   data arrival time

                                 81.379997   81.379997   clock clk (rise edge)
                                  0.000000   81.379997   clock source latency
    83    0.353267    0.000000    0.000000   81.379997 ^ clk (in)
                                                         clk (net)
                      0.007546    0.003084   81.383080 ^ _2114_/CLK (gf180mcu_fd_sc_mcu7t5v0__dffrnq_1)
                                 -0.250000   81.133080   clock uncertainty
                                  0.000000   81.133080   clock reconvergence pessimism
                                  0.200548   81.333633   library recovery time
                                             81.333633   data required time
---------------------------------------------------------------------------------------------
                                             81.333633   data required time
                                            -10.028811   data arrival time
---------------------------------------------------------------------------------------------
                                             71.304825   slack (MET)


Startpoint: rst (input port clocked by clk)
Endpoint: _2082_ (recovery check against rising-edge clock clk)
Path Group: asynchronous
Path Type: max

Fanout         Cap        Slew       Delay        Time   Description
---------------------------------------------------------------------------------------------
                                  0.000000    0.000000   clock clk (rise edge)
                                  0.000000    0.000000   clock network delay (propagated)
                                 10.000000   10.000000 ^ input external delay
   220    1.745123    0.000000    0.000000   10.000000 ^ rst (in)
                                                         rst (net)
                      0.073157    0.029924   10.029923 ^ _2082_/RN (gf180mcu_fd_sc_mcu7t5v0__dffrnq_1)
                                             10.029923   data arrival time

                                 81.379997   81.379997   clock clk (rise edge)
                                  0.000000   81.379997   clock source latency
    83    0.353267    0.000000    0.000000   81.379997 ^ clk (in)
                                                         clk (net)
                      0.010180    0.004164   81.384163 ^ _2082_/CLK (gf180mcu_fd_sc_mcu7t5v0__dffrnq_1)
                                 -0.250000   81.134163   clock uncertainty
                                  0.000000   81.134163   clock reconvergence pessimism
                                  0.200848   81.335014   library recovery time
                                             81.335014   data required time
---------------------------------------------------------------------------------------------
                                             81.335014   data required time
                                            -10.029923   data arrival time
---------------------------------------------------------------------------------------------
                                             71.305092   slack (MET)


Startpoint: rst (input port clocked by clk)
Endpoint: _2113_ (recovery check against rising-edge clock clk)
Path Group: asynchronous
Path Type: max

Fanout         Cap        Slew       Delay        Time   Description
---------------------------------------------------------------------------------------------
                                  0.000000    0.000000   clock clk (rise edge)
                                  0.000000    0.000000   clock network delay (propagated)
                                 10.000000   10.000000 ^ input external delay
   220    1.745123    0.000000    0.000000   10.000000 ^ rst (in)
                                                         rst (net)
                      0.070387    0.028790   10.028790 ^ _2113_/RN (gf180mcu_fd_sc_mcu7t5v0__dffrnq_1)
                                             10.028790   data arrival time

                                 81.379997   81.379997   clock clk (rise edge)
                                  0.000000   81.379997   clock source latency
    83    0.353267    0.000000    0.000000   81.379997 ^ clk (in)
                                                         clk (net)
                      0.008034    0.003283   81.383278 ^ _2113_/CLK (gf180mcu_fd_sc_mcu7t5v0__dffrnq_1)
                                 -0.250000   81.133286   clock uncertainty
                                  0.000000   81.133286   clock reconvergence pessimism
                                  0.200662   81.333946   library recovery time
                                             81.333946   data required time
---------------------------------------------------------------------------------------------
                                             81.333946   data required time
                                            -10.028790   data arrival time
---------------------------------------------------------------------------------------------
                                             71.305153   slack (MET)


Startpoint: rst (input port clocked by clk)
Endpoint: _2111_ (recovery check against rising-edge clock clk)
Path Group: asynchronous
Path Type: max

Fanout         Cap        Slew       Delay        Time   Description
---------------------------------------------------------------------------------------------
                                  0.000000    0.000000   clock clk (rise edge)
                                  0.000000    0.000000   clock network delay (propagated)
                                 10.000000   10.000000 ^ input external delay
   220    1.745123    0.000000    0.000000   10.000000 ^ rst (in)
                                                         rst (net)
                      0.070326    0.028765   10.028766 ^ _2111_/RN (gf180mcu_fd_sc_mcu7t5v0__dffrnq_1)
                                             10.028766   data arrival time

                                 81.379997   81.379997   clock clk (rise edge)
                                  0.000000   81.379997   clock source latency
    83    0.353267    0.000000    0.000000   81.379997 ^ clk (in)
                                                         clk (net)
                      0.008377    0.003425   81.383423 ^ _2111_/CLK (gf180mcu_fd_sc_mcu7t5v0__dffrnq_1)
                                 -0.250000   81.133423   clock uncertainty
                                  0.000000   81.133423   clock reconvergence pessimism
                                  0.200746   81.334167   library recovery time
                                             81.334167   data required time
---------------------------------------------------------------------------------------------
                                             81.334167   data required time
                                            -10.028766   data arrival time
---------------------------------------------------------------------------------------------
                                             71.305405   slack (MET)


Startpoint: rst (input port clocked by clk)
Endpoint: _2112_ (recovery check against rising-edge clock clk)
Path Group: asynchronous
Path Type: max

Fanout         Cap        Slew       Delay        Time   Description
---------------------------------------------------------------------------------------------
                                  0.000000    0.000000   clock clk (rise edge)
                                  0.000000    0.000000   clock network delay (propagated)
                                 10.000000   10.000000 ^ input external delay
   220    1.745123    0.000000    0.000000   10.000000 ^ rst (in)
                                                         rst (net)
                      0.070282    0.028748   10.028748 ^ _2112_/RN (gf180mcu_fd_sc_mcu7t5v0__dffrnq_1)
                                             10.028748   data arrival time

                                 81.379997   81.379997   clock clk (rise edge)
                                  0.000000   81.379997   clock source latency
    83    0.353267    0.000000    0.000000   81.379997 ^ clk (in)
                                                         clk (net)
                      0.008474    0.003467   81.383461 ^ _2112_/CLK (gf180mcu_fd_sc_mcu7t5v0__dffrnq_1)
                                 -0.250000   81.133469   clock uncertainty
                                  0.000000   81.133469   clock reconvergence pessimism
                                  0.200772   81.334236   library recovery time
                                             81.334236   data required time
---------------------------------------------------------------------------------------------
                                             81.334236   data required time
                                            -10.028748   data arrival time
---------------------------------------------------------------------------------------------
                                             71.305489   slack (MET)


Startpoint: rst (input port clocked by clk)
Endpoint: _2125_ (recovery check against rising-edge clock clk)
Path Group: asynchronous
Path Type: max

Fanout         Cap        Slew       Delay        Time   Description
---------------------------------------------------------------------------------------------
                                  0.000000    0.000000   clock clk (rise edge)
                                  0.000000    0.000000   clock network delay (propagated)
                                 10.000000   10.000000 ^ input external delay
   220    1.745123    0.000000    0.000000   10.000000 ^ rst (in)
                                                         rst (net)
                      0.072030    0.029463   10.029463 ^ _2125_/RN (gf180mcu_fd_sc_mcu7t5v0__dffrnq_1)
                                             10.029463   data arrival time

                                 81.379997   81.379997   clock clk (rise edge)
                                  0.000000   81.379997   clock source latency
    83    0.353267    0.000000    0.000000   81.379997 ^ clk (in)
                                                         clk (net)
                      0.009802    0.004007   81.384003 ^ _2125_/CLK (gf180mcu_fd_sc_mcu7t5v0__dffrnq_1)
                                 -0.250000   81.134010   clock uncertainty
                                  0.000000   81.134010   clock reconvergence pessimism
                                  0.200881   81.334892   library recovery time
                                             81.334892   data required time
---------------------------------------------------------------------------------------------
                                             81.334892   data required time
                                            -10.029463   data arrival time
---------------------------------------------------------------------------------------------
                                             71.305428   slack (MET)


Startpoint: rst (input port clocked by clk)
Endpoint: _2109_ (recovery check against rising-edge clock clk)
Path Group: asynchronous
Path Type: max

Fanout         Cap        Slew       Delay        Time   Description
---------------------------------------------------------------------------------------------
                                  0.000000    0.000000   clock clk (rise edge)
                                  0.000000    0.000000   clock network delay (propagated)
                                 10.000000   10.000000 ^ input external delay
   220    1.745123    0.000000    0.000000   10.000000 ^ rst (in)
                                                         rst (net)
                      0.070105    0.028676   10.028676 ^ _2109_/RN (gf180mcu_fd_sc_mcu7t5v0__dffrnq_1)
                                             10.028676   data arrival time

                                 81.379997   81.379997   clock clk (rise edge)
                                  0.000000   81.379997   clock source latency
    83    0.353267    0.000000    0.000000   81.379997 ^ clk (in)
                                                         clk (net)
                      0.009013    0.003688   81.383682 ^ _2109_/CLK (gf180mcu_fd_sc_mcu7t5v0__dffrnq_1)
                                 -0.250000   81.133690   clock uncertainty
                                  0.000000   81.133690   clock reconvergence pessimism
                                  0.200912   81.334602   library recovery time
                                             81.334602   data required time
---------------------------------------------------------------------------------------------
                                             81.334602   data required time
                                            -10.028676   data arrival time
---------------------------------------------------------------------------------------------
                                             71.305923   slack (MET)


Startpoint: rst (input port clocked by clk)
Endpoint: _2110_ (recovery check against rising-edge clock clk)
Path Group: asynchronous
Path Type: max

Fanout         Cap        Slew       Delay        Time   Description
---------------------------------------------------------------------------------------------
                                  0.000000    0.000000   clock clk (rise edge)
                                  0.000000    0.000000   clock network delay (propagated)
                                 10.000000   10.000000 ^ input external delay
   220    1.745123    0.000000    0.000000   10.000000 ^ rst (in)
                                                         rst (net)
                      0.070121    0.028682   10.028682 ^ _2110_/RN (gf180mcu_fd_sc_mcu7t5v0__dffrnq_1)
                                             10.028682   data arrival time

                                 81.379997   81.379997   clock clk (rise edge)
                                  0.000000   81.379997   clock source latency
    83    0.353267    0.000000    0.000000   81.379997 ^ clk (in)
                                                         clk (net)
                      0.008916    0.003645   81.383644 ^ _2110_/CLK (gf180mcu_fd_sc_mcu7t5v0__dffrnq_1)
                                 -0.250000   81.133644   clock uncertainty
                                  0.000000   81.133644   clock reconvergence pessimism
                                  0.200889   81.334534   library recovery time
                                             81.334534   data required time
---------------------------------------------------------------------------------------------
                                             81.334534   data required time
                                            -10.028682   data arrival time
---------------------------------------------------------------------------------------------
                                             71.305847   slack (MET)


Startpoint: rst (input port clocked by clk)
Endpoint: _2108_ (recovery check against rising-edge clock clk)
Path Group: asynchronous
Path Type: max

Fanout         Cap        Slew       Delay        Time   Description
---------------------------------------------------------------------------------------------
                                  0.000000    0.000000   clock clk (rise edge)
                                  0.000000    0.000000   clock network delay (propagated)
                                 10.000000   10.000000 ^ input external delay
   220    1.745123    0.000000    0.000000   10.000000 ^ rst (in)
                                                         rst (net)
                      0.069850    0.028571   10.028571 ^ _2108_/RN (gf180mcu_fd_sc_mcu7t5v0__dffrnq_1)
                                             10.028571   data arrival time

                                 81.379997   81.379997   clock clk (rise edge)
                                  0.000000   81.379997   clock source latency
    83    0.353267    0.000000    0.000000   81.379997 ^ clk (in)
                                                         clk (net)
                      0.009355    0.003830   81.383827 ^ _2108_/CLK (gf180mcu_fd_sc_mcu7t5v0__dffrnq_1)
                                 -0.250000   81.133827   clock uncertainty
                                  0.000000   81.133827   clock reconvergence pessimism
                                  0.201016   81.334839   library recovery time
                                             81.334839   data required time
---------------------------------------------------------------------------------------------
                                             81.334839   data required time
                                            -10.028571   data arrival time
---------------------------------------------------------------------------------------------
                                             71.306267   slack (MET)


Startpoint: rst (input port clocked by clk)
Endpoint: _2124_ (recovery check against rising-edge clock clk)
Path Group: asynchronous
Path Type: max

Fanout         Cap        Slew       Delay        Time   Description
---------------------------------------------------------------------------------------------
                                  0.000000    0.000000   clock clk (rise edge)
                                  0.000000    0.000000   clock network delay (propagated)
                                 10.000000   10.000000 ^ input external delay
   220    1.745123    0.000000    0.000000   10.000000 ^ rst (in)
                                                         rst (net)
                      0.070463    0.028821   10.028822 ^ _2124_/RN (gf180mcu_fd_sc_mcu7t5v0__dffrnq_1)
                                             10.028822   data arrival time

                                 81.379997   81.379997   clock clk (rise edge)
                                  0.000000   81.379997   clock source latency
    83    0.353267    0.000000    0.000000   81.379997 ^ clk (in)
                                                         clk (net)
                      0.009954    0.004071   81.384071 ^ _2124_/CLK (gf180mcu_fd_sc_mcu7t5v0__dffrnq_1)
                                 -0.250000   81.134071   clock uncertainty
                                  0.000000   81.134071   clock reconvergence pessimism
                                  0.201083   81.335152   library recovery time
                                             81.335152   data required time
---------------------------------------------------------------------------------------------
                                             81.335152   data required time
                                            -10.028822   data arrival time
---------------------------------------------------------------------------------------------
                                             71.306335   slack (MET)


Startpoint: rst (input port clocked by clk)
Endpoint: _2123_ (recovery check against rising-edge clock clk)
Path Group: asynchronous
Path Type: max

Fanout         Cap        Slew       Delay        Time   Description
---------------------------------------------------------------------------------------------
                                  0.000000    0.000000   clock clk (rise edge)
                                  0.000000    0.000000   clock network delay (propagated)
                                 10.000000   10.000000 ^ input external delay
   220    1.745123    0.000000    0.000000   10.000000 ^ rst (in)
                                                         rst (net)
                      0.069956    0.028614   10.028615 ^ _2123_/RN (gf180mcu_fd_sc_mcu7t5v0__dffrnq_1)
                                             10.028615   data arrival time

                                 81.379997   81.379997   clock clk (rise edge)
                                  0.000000   81.379997   clock source latency
    83    0.353267    0.000000    0.000000   81.379997 ^ clk (in)
                                                         clk (net)
                      0.009993    0.004086   81.384079 ^ _2123_/CLK (gf180mcu_fd_sc_mcu7t5v0__dffrnq_1)
                                 -0.250000   81.134087   clock uncertainty
                                  0.000000   81.134087   clock reconvergence pessimism
                                  0.201146   81.335236   library recovery time
                                             81.335236   data required time
---------------------------------------------------------------------------------------------
                                             81.335236   data required time
                                            -10.028615   data arrival time
---------------------------------------------------------------------------------------------
                                             71.306618   slack (MET)


Startpoint: rst (input port clocked by clk)
Endpoint: _2081_ (recovery check against rising-edge clock clk)
Path Group: asynchronous
Path Type: max

Fanout         Cap        Slew       Delay        Time   Description
---------------------------------------------------------------------------------------------
                                  0.000000    0.000000   clock clk (rise edge)
                                  0.000000    0.000000   clock network delay (propagated)
                                 10.000000   10.000000 ^ input external delay
   220    1.745123    0.000000    0.000000   10.000000 ^ rst (in)
                                                         rst (net)
                      0.070597    0.028876   10.028876 ^ _2081_/RN (gf180mcu_fd_sc_mcu7t5v0__dffrnq_1)
                                             10.028876   data arrival time

                                 81.379997   81.379997   clock clk (rise edge)
                                  0.000000   81.379997   clock source latency
    83    0.353267    0.000000    0.000000   81.379997 ^ clk (in)
                                                         clk (net)
                      0.010747    0.004398   81.384392 ^ _2081_/CLK (gf180mcu_fd_sc_mcu7t5v0__dffrnq_1)
                                 -0.250000   81.134399   clock uncertainty
                                  0.000000   81.134399   clock reconvergence pessimism
                                  0.201247   81.335648   library recovery time
                                             81.335648   data required time
---------------------------------------------------------------------------------------------
                                             81.335648   data required time
                                            -10.028876   data arrival time
---------------------------------------------------------------------------------------------
                                             71.306770   slack (MET)


Startpoint: rst (input port clocked by clk)
Endpoint: _2107_ (recovery check against rising-edge clock clk)
Path Group: asynchronous
Path Type: max

Fanout         Cap        Slew       Delay        Time   Description
---------------------------------------------------------------------------------------------
                                  0.000000    0.000000   clock clk (rise edge)
                                  0.000000    0.000000   clock network delay (propagated)
                                 10.000000   10.000000 ^ input external delay
   220    1.745123    0.000000    0.000000   10.000000 ^ rst (in)
                                                         rst (net)
                      0.069338    0.028361   10.028361 ^ _2107_/RN (gf180mcu_fd_sc_mcu7t5v0__dffrnq_1)
                                             10.028361   data arrival time

                                 81.379997   81.379997   clock clk (rise edge)
                                  0.000000   81.379997   clock source latency
    83    0.353267    0.000000    0.000000   81.379997 ^ clk (in)
                                                         clk (net)
                      0.009804    0.004007   81.384003 ^ _2107_/CLK (gf180mcu_fd_sc_mcu7t5v0__dffrnq_1)
                                 -0.250000   81.134010   clock uncertainty
                                  0.000000   81.134010   clock reconvergence pessimism
                                  0.201170   81.335175   library recovery time
                                             81.335175   data required time
---------------------------------------------------------------------------------------------
                                             81.335175   data required time
                                            -10.028361   data arrival time
---------------------------------------------------------------------------------------------
                                             71.306816   slack (MET)


Startpoint: rst (input port clocked by clk)
Endpoint: _2080_ (recovery check against rising-edge clock clk)
Path Group: asynchronous
Path Type: max

Fanout         Cap        Slew       Delay        Time   Description
---------------------------------------------------------------------------------------------
                                  0.000000    0.000000   clock clk (rise edge)
                                  0.000000    0.000000   clock network delay (propagated)
                                 10.000000   10.000000 ^ input external delay
   220    1.745123    0.000000    0.000000   10.000000 ^ rst (in)
                                                         rst (net)
                      0.070566    0.028864   10.028864 ^ _2080_/RN (gf180mcu_fd_sc_mcu7t5v0__dffrnq_1)
                                             10.028864   data arrival time

                                 81.379997   81.379997   clock clk (rise edge)
                                  0.000000   81.379997   clock source latency
    83    0.353267    0.000000    0.000000   81.379997 ^ clk (in)
                                                         clk (net)
                      0.010958    0.004484   81.384483 ^ _2080_/CLK (gf180mcu_fd_sc_mcu7t5v0__dffrnq_1)
                                 -0.250000   81.134483   clock uncertainty
                                  0.000000   81.134483   clock reconvergence pessimism
                                  0.201297   81.335777   library recovery time
                                             81.335777   data required time
---------------------------------------------------------------------------------------------
                                             81.335777   data required time
                                            -10.028864   data arrival time
---------------------------------------------------------------------------------------------
                                             71.306915   slack (MET)


Startpoint: rst (input port clocked by clk)
Endpoint: _2106_ (recovery check against rising-edge clock clk)
Path Group: asynchronous
Path Type: max

Fanout         Cap        Slew       Delay        Time   Description
---------------------------------------------------------------------------------------------
                                  0.000000    0.000000   clock clk (rise edge)
                                  0.000000    0.000000   clock network delay (propagated)
                                 10.000000   10.000000 ^ input external delay
   220    1.745123    0.000000    0.000000   10.000000 ^ rst (in)
                                                         rst (net)
                      0.068983    0.028217   10.028216 ^ _2106_/RN (gf180mcu_fd_sc_mcu7t5v0__dffrnq_1)
                                             10.028216   data arrival time

                                 81.379997   81.379997   clock clk (rise edge)
                                  0.000000   81.379997   clock source latency
    83    0.353267    0.000000    0.000000   81.379997 ^ clk (in)
                                                         clk (net)
                      0.010091    0.004128   81.384125 ^ _2106_/CLK (gf180mcu_fd_sc_mcu7t5v0__dffrnq_1)
                                 -0.250000   81.134125   clock uncertainty
                                  0.000000   81.134125   clock reconvergence pessimism
                                  0.201271   81.335396   library recovery time
                                             81.335396   data required time
---------------------------------------------------------------------------------------------
                                             81.335396   data required time
                                            -10.028216   data arrival time
---------------------------------------------------------------------------------------------
                                             71.307182   slack (MET)


Startpoint: rst (input port clocked by clk)
Endpoint: _2079_ (recovery check against rising-edge clock clk)
Path Group: asynchronous
Path Type: max

Fanout         Cap        Slew       Delay        Time   Description
---------------------------------------------------------------------------------------------
                                  0.000000    0.000000   clock clk (rise edge)
                                  0.000000    0.000000   clock network delay (propagated)
                                 10.000000   10.000000 ^ input external delay
   220    1.745123    0.000000    0.000000   10.000000 ^ rst (in)
                                                         rst (net)
                      0.069399    0.028387   10.028387 ^ _2079_/RN (gf180mcu_fd_sc_mcu7t5v0__dffrnq_1)
                                             10.028387   data arrival time

                                 81.379997   81.379997   clock clk (rise edge)
                                  0.000000   81.379997   clock source latency
    83    0.353267    0.000000    0.000000   81.379997 ^ clk (in)
                                                         clk (net)
                      0.011177    0.004569   81.384567 ^ _2079_/CLK (gf180mcu_fd_sc_mcu7t5v0__dffrnq_1)
                                 -0.250000   81.134567   clock uncertainty
                                  0.000000   81.134567   clock reconvergence pessimism
                                  0.201466   81.336037   library recovery time
                                             81.336037   data required time
---------------------------------------------------------------------------------------------
                                             81.336037   data required time
                                            -10.028387   data arrival time
---------------------------------------------------------------------------------------------
                                             71.307648   slack (MET)


Startpoint: rst (input port clocked by clk)
Endpoint: _2122_ (recovery check against rising-edge clock clk)
Path Group: asynchronous
Path Type: max

Fanout         Cap        Slew       Delay        Time   Description
---------------------------------------------------------------------------------------------
                                  0.000000    0.000000   clock clk (rise edge)
                                  0.000000    0.000000   clock network delay (propagated)
                                 10.000000   10.000000 ^ input external delay
   220    1.745123    0.000000    0.000000   10.000000 ^ rst (in)
                                                         rst (net)
                      0.068175    0.027886   10.027886 ^ _2122_/RN (gf180mcu_fd_sc_mcu7t5v0__dffrnq_1)
                                             10.027886   data arrival time

                                 81.379997   81.379997   clock clk (rise edge)
                                  0.000000   81.379997   clock source latency
    83    0.353267    0.000000    0.000000   81.379997 ^ clk (in)
                                                         clk (net)
                      0.010086    0.004128   81.384125 ^ _2122_/CLK (gf180mcu_fd_sc_mcu7t5v0__dffrnq_1)
                                 -0.250000   81.134125   clock uncertainty
                                  0.000000   81.134125   clock reconvergence pessimism
                                  0.201356   81.335480   library recovery time
                                             81.335480   data required time
---------------------------------------------------------------------------------------------
                                             81.335480   data required time
                                            -10.027886   data arrival time
---------------------------------------------------------------------------------------------
                                             71.307602   slack (MET)


Startpoint: rst (input port clocked by clk)
Endpoint: _2105_ (recovery check against rising-edge clock clk)
Path Group: asynchronous
Path Type: max

Fanout         Cap        Slew       Delay        Time   Description
---------------------------------------------------------------------------------------------
                                  0.000000    0.000000   clock clk (rise edge)
                                  0.000000    0.000000   clock network delay (propagated)
                                 10.000000   10.000000 ^ input external delay
   220    1.745123    0.000000    0.000000   10.000000 ^ rst (in)
                                                         rst (net)
                      0.068402    0.027979   10.027979 ^ _2105_/RN (gf180mcu_fd_sc_mcu7t5v0__dffrnq_1)
                                             10.027979   data arrival time

                                 81.379997   81.379997   clock clk (rise edge)
                                  0.000000   81.379997   clock source latency
    83    0.353267    0.000000    0.000000   81.379997 ^ clk (in)
                                                         clk (net)
                      0.010448    0.004270   81.384270 ^ _2105_/CLK (gf180mcu_fd_sc_mcu7t5v0__dffrnq_1)
                                 -0.250000   81.134270   clock uncertainty
                                  0.000000   81.134270   clock reconvergence pessimism
                                  0.201410   81.335678   library recovery time
                                             81.335678   data required time
---------------------------------------------------------------------------------------------
                                             81.335678   data required time
                                            -10.027979   data arrival time
---------------------------------------------------------------------------------------------
                                             71.307701   slack (MET)


Startpoint: rst (input port clocked by clk)
Endpoint: _2104_ (recovery check against rising-edge clock clk)
Path Group: asynchronous
Path Type: max

Fanout         Cap        Slew       Delay        Time   Description
---------------------------------------------------------------------------------------------
                                  0.000000    0.000000   clock clk (rise edge)
                                  0.000000    0.000000   clock network delay (propagated)
                                 10.000000   10.000000 ^ input external delay
   220    1.745123    0.000000    0.000000   10.000000 ^ rst (in)
                                                         rst (net)
                      0.068095    0.027853   10.027854 ^ _2104_/RN (gf180mcu_fd_sc_mcu7t5v0__dffrnq_1)
                                             10.027854   data arrival time

                                 81.379997   81.379997   clock clk (rise edge)
                                  0.000000   81.379997   clock source latency
    83    0.353267    0.000000    0.000000   81.379997 ^ clk (in)
                                                         clk (net)
                      0.010605    0.004334   81.384331 ^ _2104_/CLK (gf180mcu_fd_sc_mcu7t5v0__dffrnq_1)
                                 -0.250000   81.134331   clock uncertainty
                                  0.000000   81.134331   clock reconvergence pessimism
                                  0.201476   81.335808   library recovery time
                                             81.335808   data required time
---------------------------------------------------------------------------------------------
                                             81.335808   data required time
                                            -10.027854   data arrival time
---------------------------------------------------------------------------------------------
                                             71.307953   slack (MET)


Startpoint: rst (input port clocked by clk)
Endpoint: _2103_ (recovery check against rising-edge clock clk)
Path Group: asynchronous
Path Type: max

Fanout         Cap        Slew       Delay        Time   Description
---------------------------------------------------------------------------------------------
                                  0.000000    0.000000   clock clk (rise edge)
                                  0.000000    0.000000   clock network delay (propagated)
                                 10.000000   10.000000 ^ input external delay
   220    1.745123    0.000000    0.000000   10.000000 ^ rst (in)
                                                         rst (net)
                      0.067603    0.027652   10.027652 ^ _2103_/RN (gf180mcu_fd_sc_mcu7t5v0__dffrnq_1)
                                             10.027652   data arrival time

                                 81.379997   81.379997   clock clk (rise edge)
                                  0.000000   81.379997   clock source latency
    83    0.353267    0.000000    0.000000   81.379997 ^ clk (in)
                                                         clk (net)
                      0.010815    0.004427   81.384422 ^ _2103_/CLK (gf180mcu_fd_sc_mcu7t5v0__dffrnq_1)
                                 -0.250000   81.134422   clock uncertainty
                                  0.000000   81.134422   clock reconvergence pessimism
                                  0.201573   81.335999   library recovery time
                                             81.335999   data required time
---------------------------------------------------------------------------------------------
                                             81.335999   data required time
                                            -10.027652   data arrival time
---------------------------------------------------------------------------------------------
                                             71.308350   slack (MET)


Startpoint: rst (input port clocked by clk)
Endpoint: _2078_ (recovery check against rising-edge clock clk)
Path Group: asynchronous
Path Type: max

Fanout         Cap        Slew       Delay        Time   Description
---------------------------------------------------------------------------------------------
                                  0.000000    0.000000   clock clk (rise edge)
                                  0.000000    0.000000   clock network delay (propagated)
                                 10.000000   10.000000 ^ input external delay
   220    1.745123    0.000000    0.000000   10.000000 ^ rst (in)
                                                         rst (net)
                      0.067893    0.027771   10.027771 ^ _2078_/RN (gf180mcu_fd_sc_mcu7t5v0__dffrnq_1)
                                             10.027771   data arrival time

                                 81.379997   81.379997   clock clk (rise edge)
                                  0.000000   81.379997   clock source latency
    83    0.353267    0.000000    0.000000   81.379997 ^ clk (in)
                                                         clk (net)
                      0.011313    0.004626   81.384621 ^ _2078_/CLK (gf180mcu_fd_sc_mcu7t5v0__dffrnq_1)
                                 -0.250000   81.134628   clock uncertainty
                                  0.000000   81.134628   clock reconvergence pessimism
                                  0.201650   81.336273   library recovery time
                                             81.336273   data required time
---------------------------------------------------------------------------------------------
                                             81.336273   data required time
                                            -10.027771   data arrival time
---------------------------------------------------------------------------------------------
                                             71.308510   slack (MET)


Startpoint: rst (input port clocked by clk)
Endpoint: _2102_ (recovery check against rising-edge clock clk)
Path Group: asynchronous
Path Type: max

Fanout         Cap        Slew       Delay        Time   Description
---------------------------------------------------------------------------------------------
                                  0.000000    0.000000   clock clk (rise edge)
                                  0.000000    0.000000   clock network delay (propagated)
                                 10.000000   10.000000 ^ input external delay
   220    1.745123    0.000000    0.000000   10.000000 ^ rst (in)
                                                         rst (net)
                      0.067437    0.027584   10.027584 ^ _2102_/RN (gf180mcu_fd_sc_mcu7t5v0__dffrnq_1)
                                             10.027584   data arrival time

                                 81.379997   81.379997   clock clk (rise edge)
                                  0.000000   81.379997   clock source latency
    83    0.353267    0.000000    0.000000   81.379997 ^ clk (in)
                                                         clk (net)
                      0.010868    0.004448   81.384445 ^ _2102_/CLK (gf180mcu_fd_sc_mcu7t5v0__dffrnq_1)
                                 -0.250000   81.134445   clock uncertainty
                                  0.000000   81.134445   clock reconvergence pessimism
                                  0.201601   81.336052   library recovery time
                                             81.336052   data required time
---------------------------------------------------------------------------------------------
                                             81.336052   data required time
                                            -10.027584   data arrival time
---------------------------------------------------------------------------------------------
                                             71.308464   slack (MET)


Startpoint: rst (input port clocked by clk)
Endpoint: _2120_ (recovery check against rising-edge clock clk)
Path Group: asynchronous
Path Type: max

Fanout         Cap        Slew       Delay        Time   Description
---------------------------------------------------------------------------------------------
                                  0.000000    0.000000   clock clk (rise edge)
                                  0.000000    0.000000   clock network delay (propagated)
                                 10.000000   10.000000 ^ input external delay
   220    1.745123    0.000000    0.000000   10.000000 ^ rst (in)
                                                         rst (net)
                      0.066326    0.027129   10.027129 ^ _2120_/RN (gf180mcu_fd_sc_mcu7t5v0__dffrnq_1)
                                             10.027129   data arrival time

                                 81.379997   81.379997   clock clk (rise edge)
                                  0.000000   81.379997   clock source latency
    83    0.353267    0.000000    0.000000   81.379997 ^ clk (in)
                                                         clk (net)
                      0.010145    0.004150   81.384148 ^ _2120_/CLK (gf180mcu_fd_sc_mcu7t5v0__dffrnq_1)
                                 -0.250000   81.134148   clock uncertainty
                                  0.000000   81.134148   clock reconvergence pessimism
                                  0.201565   81.335716   library recovery time
                                             81.335716   data required time
---------------------------------------------------------------------------------------------
                                             81.335716   data required time
                                            -10.027129   data arrival time
---------------------------------------------------------------------------------------------
                                             71.308586   slack (MET)


Startpoint: rst (input port clocked by clk)
Endpoint: _2121_ (recovery check against rising-edge clock clk)
Path Group: asynchronous
Path Type: max

Fanout         Cap        Slew       Delay        Time   Description
---------------------------------------------------------------------------------------------
                                  0.000000    0.000000   clock clk (rise edge)
                                  0.000000    0.000000   clock network delay (propagated)
                                 10.000000   10.000000 ^ input external delay
   220    1.745123    0.000000    0.000000   10.000000 ^ rst (in)
                                                         rst (net)
                      0.066185    0.027072   10.027072 ^ _2121_/RN (gf180mcu_fd_sc_mcu7t5v0__dffrnq_1)
                                             10.027072   data arrival time

                                 81.379997   81.379997   clock clk (rise edge)
                                  0.000000   81.379997   clock source latency
    83    0.353267    0.000000    0.000000   81.379997 ^ clk (in)
                                                         clk (net)
                      0.010149    0.004150   81.384148 ^ _2121_/CLK (gf180mcu_fd_sc_mcu7t5v0__dffrnq_1)
                                 -0.250000   81.134148   clock uncertainty
                                  0.000000   81.134148   clock reconvergence pessimism
                                  0.201581   81.335732   library recovery time
                                             81.335732   data required time
---------------------------------------------------------------------------------------------
                                             81.335732   data required time
                                            -10.027072   data arrival time
---------------------------------------------------------------------------------------------
                                             71.308655   slack (MET)


Startpoint: rst (input port clocked by clk)
Endpoint: _2077_ (recovery check against rising-edge clock clk)
Path Group: asynchronous
Path Type: max

Fanout         Cap        Slew       Delay        Time   Description
---------------------------------------------------------------------------------------------
                                  0.000000    0.000000   clock clk (rise edge)
                                  0.000000    0.000000   clock network delay (propagated)
                                 10.000000   10.000000 ^ input external delay
   220    1.745123    0.000000    0.000000   10.000000 ^ rst (in)
                                                         rst (net)
                      0.067300    0.027528   10.027529 ^ _2077_/RN (gf180mcu_fd_sc_mcu7t5v0__dffrnq_1)
                                             10.027529   data arrival time

                                 81.379997   81.379997   clock clk (rise edge)
                                  0.000000   81.379997   clock source latency
    83    0.353267    0.000000    0.000000   81.379997 ^ clk (in)
                                                         clk (net)
                      0.011392    0.004661   81.384659 ^ _2077_/CLK (gf180mcu_fd_sc_mcu7t5v0__dffrnq_1)
                                 -0.250000   81.134659   clock uncertainty
                                  0.000000   81.134659   clock reconvergence pessimism
                                  0.201727   81.336388   library recovery time
                                             81.336388   data required time
---------------------------------------------------------------------------------------------
                                             81.336388   data required time
                                            -10.027529   data arrival time
---------------------------------------------------------------------------------------------
                                             71.308861   slack (MET)


Startpoint: rst (input port clocked by clk)
Endpoint: _2101_ (recovery check against rising-edge clock clk)
Path Group: asynchronous
Path Type: max

Fanout         Cap        Slew       Delay        Time   Description
---------------------------------------------------------------------------------------------
                                  0.000000    0.000000   clock clk (rise edge)
                                  0.000000    0.000000   clock network delay (propagated)
                                 10.000000   10.000000 ^ input external delay
   220    1.745123    0.000000    0.000000   10.000000 ^ rst (in)
                                                         rst (net)
                      0.066491    0.027197   10.027197 ^ _2101_/RN (gf180mcu_fd_sc_mcu7t5v0__dffrnq_1)
                                             10.027197   data arrival time

                                 81.379997   81.379997   clock clk (rise edge)
                                  0.000000   81.379997   clock source latency
    83    0.353267    0.000000    0.000000   81.379997 ^ clk (in)
                                                         clk (net)
                      0.011130    0.004555   81.384552 ^ _2101_/CLK (gf180mcu_fd_sc_mcu7t5v0__dffrnq_1)
                                 -0.250000   81.134552   clock uncertainty
                                  0.000000   81.134552   clock reconvergence pessimism
                                  0.201754   81.336304   library recovery time
                                             81.336304   data required time
---------------------------------------------------------------------------------------------
                                             81.336304   data required time
                                            -10.027197   data arrival time
---------------------------------------------------------------------------------------------
                                             71.309105   slack (MET)


Startpoint: rst (input port clocked by clk)
Endpoint: _2100_ (recovery check against rising-edge clock clk)
Path Group: asynchronous
Path Type: max

Fanout         Cap        Slew       Delay        Time   Description
---------------------------------------------------------------------------------------------
                                  0.000000    0.000000   clock clk (rise edge)
                                  0.000000    0.000000   clock network delay (propagated)
                                 10.000000   10.000000 ^ input external delay
   220    1.745123    0.000000    0.000000   10.000000 ^ rst (in)
                                                         rst (net)
                      0.065524    0.026802   10.026802 ^ _2100_/RN (gf180mcu_fd_sc_mcu7t5v0__dffrnq_1)
                                             10.026802   data arrival time

                                 81.379997   81.379997   clock clk (rise edge)
                                  0.000000   81.379997   clock source latency
    83    0.353267    0.000000    0.000000   81.379997 ^ clk (in)
                                                         clk (net)
                      0.011338    0.004640   81.384636 ^ _2100_/CLK (gf180mcu_fd_sc_mcu7t5v0__dffrnq_1)
                                 -0.250000   81.134636   clock uncertainty
                                  0.000000   81.134636   clock reconvergence pessimism
                                  0.201897   81.336533   library recovery time
                                             81.336533   data required time
---------------------------------------------------------------------------------------------
                                             81.336533   data required time
                                            -10.026802   data arrival time
---------------------------------------------------------------------------------------------
                                             71.309731   slack (MET)


Startpoint: rst (input port clocked by clk)
Endpoint: _2144_ (recovery check against rising-edge clock clk)
Path Group: asynchronous
Path Type: max

Fanout         Cap        Slew       Delay        Time   Description
---------------------------------------------------------------------------------------------
                                  0.000000    0.000000   clock clk (rise edge)
                                  0.000000    0.000000   clock network delay (propagated)
                                 10.000000   10.000000 ^ input external delay
   220    1.745123    0.000000    0.000000   10.000000 ^ rst (in)
                                                         rst (net)
                      0.055357    0.022642   10.022642 ^ _2144_/RN (gf180mcu_fd_sc_mcu7t5v0__dffrnq_1)
                                             10.022642   data arrival time

                                 81.379997   81.379997   clock clk (rise edge)
                                  0.000000   81.379997   clock source latency
    83    0.353267    0.000000    0.000000   81.379997 ^ clk (in)
                                                         clk (net)
                      0.002566    0.001052   81.381050 ^ _2144_/CLK (gf180mcu_fd_sc_mcu7t5v0__dffrnq_1)
                                 -0.250000   81.131050   clock uncertainty
                                  0.000000   81.131050   clock reconvergence pessimism
                                  0.201422   81.332474   library recovery time
                                             81.332474   data required time
---------------------------------------------------------------------------------------------
                                             81.332474   data required time
                                            -10.022642   data arrival time
---------------------------------------------------------------------------------------------
                                             71.309830   slack (MET)


Startpoint: rst (input port clocked by clk)
Endpoint: _2076_ (recovery check against rising-edge clock clk)
Path Group: asynchronous
Path Type: max

Fanout         Cap        Slew       Delay        Time   Description
---------------------------------------------------------------------------------------------
                                  0.000000    0.000000   clock clk (rise edge)
                                  0.000000    0.000000   clock network delay (propagated)
                                 10.000000   10.000000 ^ input external delay
   220    1.745123    0.000000    0.000000   10.000000 ^ rst (in)
                                                         rst (net)
                      0.065491    0.026788   10.026789 ^ _2076_/RN (gf180mcu_fd_sc_mcu7t5v0__dffrnq_1)
                                             10.026789   data arrival time

                                 81.379997   81.379997   clock clk (rise edge)
                                  0.000000   81.379997   clock source latency
    83    0.353267    0.000000    0.000000   81.379997 ^ clk (in)
                                                         clk (net)
                      0.011597    0.004746   81.384743 ^ _2076_/CLK (gf180mcu_fd_sc_mcu7t5v0__dffrnq_1)
                                 -0.250000   81.134743   clock uncertainty
                                  0.000000   81.134743   clock reconvergence pessimism
                                  0.201954   81.336693   library recovery time
                                             81.336693   data required time
---------------------------------------------------------------------------------------------
                                             81.336693   data required time
                                            -10.026789   data arrival time
---------------------------------------------------------------------------------------------
                                             71.309906   slack (MET)


Startpoint: rst (input port clocked by clk)
Endpoint: _2099_ (recovery check against rising-edge clock clk)
Path Group: asynchronous
Path Type: max

Fanout         Cap        Slew       Delay        Time   Description
---------------------------------------------------------------------------------------------
                                  0.000000    0.000000   clock clk (rise edge)
                                  0.000000    0.000000   clock network delay (propagated)
                                 10.000000   10.000000 ^ input external delay
   220    1.745123    0.000000    0.000000   10.000000 ^ rst (in)
                                                         rst (net)
                      0.064834    0.026519   10.026520 ^ _2099_/RN (gf180mcu_fd_sc_mcu7t5v0__dffrnq_1)
                                             10.026520   data arrival time

                                 81.379997   81.379997   clock clk (rise edge)
                                  0.000000   81.379997   clock source latency
    83    0.353267    0.000000    0.000000   81.379997 ^ clk (in)
                                                         clk (net)
                      0.011451    0.004682   81.384682 ^ _2099_/CLK (gf180mcu_fd_sc_mcu7t5v0__dffrnq_1)
                                 -0.250000   81.134682   clock uncertainty
                                  0.000000   81.134682   clock reconvergence pessimism
                                  0.201990   81.336678   library recovery time
                                             81.336678   data required time
---------------------------------------------------------------------------------------------
                                             81.336678   data required time
                                            -10.026520   data arrival time
---------------------------------------------------------------------------------------------
                                             71.310158   slack (MET)


Startpoint: rst (input port clocked by clk)
Endpoint: _2098_ (recovery check against rising-edge clock clk)
Path Group: asynchronous
Path Type: max

Fanout         Cap        Slew       Delay        Time   Description
---------------------------------------------------------------------------------------------
                                  0.000000    0.000000   clock clk (rise edge)
                                  0.000000    0.000000   clock network delay (propagated)
                                 10.000000   10.000000 ^ input external delay
   220    1.745123    0.000000    0.000000   10.000000 ^ rst (in)
                                                         rst (net)
                      0.064497    0.026382   10.026381 ^ _2098_/RN (gf180mcu_fd_sc_mcu7t5v0__dffrnq_1)
                                             10.026381   data arrival time

                                 81.379997   81.379997   clock clk (rise edge)
                                  0.000000   81.379997   clock source latency
    83    0.353267    0.000000    0.000000   81.379997 ^ clk (in)
                                                         clk (net)
                      0.011495    0.004704   81.384697 ^ _2098_/CLK (gf180mcu_fd_sc_mcu7t5v0__dffrnq_1)
                                 -0.250000   81.134705   clock uncertainty
                                  0.000000   81.134705   clock reconvergence pessimism
                                  0.202033   81.336739   library recovery time
                                             81.336739   data required time
---------------------------------------------------------------------------------------------
                                             81.336739   data required time
                                            -10.026381   data arrival time
---------------------------------------------------------------------------------------------
                                             71.310356   slack (MET)


Startpoint: rst (input port clocked by clk)
Endpoint: _2097_ (recovery check against rising-edge clock clk)
Path Group: asynchronous
Path Type: max

Fanout         Cap        Slew       Delay        Time   Description
---------------------------------------------------------------------------------------------
                                  0.000000    0.000000   clock clk (rise edge)
                                  0.000000    0.000000   clock network delay (propagated)
                                 10.000000   10.000000 ^ input external delay
   220    1.745123    0.000000    0.000000   10.000000 ^ rst (in)
                                                         rst (net)
                      0.063887    0.026132   10.026133 ^ _2097_/RN (gf180mcu_fd_sc_mcu7t5v0__dffrnq_1)
                                             10.026133   data arrival time

                                 81.379997   81.379997   clock clk (rise edge)
                                  0.000000   81.379997   clock source latency
    83    0.353267    0.000000    0.000000   81.379997 ^ clk (in)
                                                         clk (net)
                      0.011544    0.004725   81.384720 ^ _2097_/CLK (gf180mcu_fd_sc_mcu7t5v0__dffrnq_1)
                                 -0.250000   81.134727   clock uncertainty
                                  0.000000   81.134727   clock reconvergence pessimism
                                  0.202105   81.336830   library recovery time
                                             81.336830   data required time
---------------------------------------------------------------------------------------------
                                             81.336830   data required time
                                            -10.026133   data arrival time
---------------------------------------------------------------------------------------------
                                             71.310699   slack (MET)


Startpoint: rst (input port clocked by clk)
Endpoint: _2075_ (recovery check against rising-edge clock clk)
Path Group: asynchronous
Path Type: max

Fanout         Cap        Slew       Delay        Time   Description
---------------------------------------------------------------------------------------------
                                  0.000000    0.000000   clock clk (rise edge)
                                  0.000000    0.000000   clock network delay (propagated)
                                 10.000000   10.000000 ^ input external delay
   220    1.745123    0.000000    0.000000   10.000000 ^ rst (in)
                                                         rst (net)
                      0.063937    0.026152   10.026153 ^ _2075_/RN (gf180mcu_fd_sc_mcu7t5v0__dffrnq_1)
                                             10.026153   data arrival time

                                 81.379997   81.379997   clock clk (rise edge)
                                  0.000000   81.379997   clock source latency
    83    0.353267    0.000000    0.000000   81.379997 ^ clk (in)
                                                         clk (net)
                      0.011732    0.004796   81.384796 ^ _2075_/CLK (gf180mcu_fd_sc_mcu7t5v0__dffrnq_1)
                                 -0.250000   81.134796   clock uncertainty
                                  0.000000   81.134796   clock reconvergence pessimism
                                  0.202138   81.336929   library recovery time
                                             81.336929   data required time
---------------------------------------------------------------------------------------------
                                             81.336929   data required time
                                            -10.026153   data arrival time
---------------------------------------------------------------------------------------------
                                             71.310783   slack (MET)


Startpoint: rst (input port clocked by clk)
Endpoint: _2118_ (recovery check against rising-edge clock clk)
Path Group: asynchronous
Path Type: max

Fanout         Cap        Slew       Delay        Time   Description
---------------------------------------------------------------------------------------------
                                  0.000000    0.000000   clock clk (rise edge)
                                  0.000000    0.000000   clock network delay (propagated)
                                 10.000000   10.000000 ^ input external delay
   220    1.745123    0.000000    0.000000   10.000000 ^ rst (in)
                                                         rst (net)
                      0.055300    0.022619   10.022619 ^ _2118_/RN (gf180mcu_fd_sc_mcu7t5v0__dffrnq_1)
                                             10.022619   data arrival time

                                 81.379997   81.379997   clock clk (rise edge)
                                  0.000000   81.379997   clock source latency
    83    0.353267    0.000000    0.000000   81.379997 ^ clk (in)
                                                         clk (net)
                      0.004223    0.001727   81.381721 ^ _2118_/CLK (gf180mcu_fd_sc_mcu7t5v0__dffrnq_1)
                                 -0.250000   81.131729   clock uncertainty
                                  0.000000   81.131729   clock reconvergence pessimism
                                  0.201715   81.333443   library recovery time
                                             81.333443   data required time
---------------------------------------------------------------------------------------------
                                             81.333443   data required time
                                            -10.022619   data arrival time
---------------------------------------------------------------------------------------------
                                             71.310822   slack (MET)


Startpoint: rst (input port clocked by clk)
Endpoint: _2119_ (recovery check against rising-edge clock clk)
Path Group: asynchronous
Path Type: max

Fanout         Cap        Slew       Delay        Time   Description
---------------------------------------------------------------------------------------------
                                  0.000000    0.000000   clock clk (rise edge)
                                  0.000000    0.000000   clock network delay (propagated)
                                 10.000000   10.000000 ^ input external delay
   220    1.745123    0.000000    0.000000   10.000000 ^ rst (in)
                                                         rst (net)
                      0.055265    0.022605   10.022605 ^ _2119_/RN (gf180mcu_fd_sc_mcu7t5v0__dffrnq_1)
                                             10.022605   data arrival time

                                 81.379997   81.379997   clock clk (rise edge)
                                  0.000000   81.379997   clock source latency
    83    0.353267    0.000000    0.000000   81.379997 ^ clk (in)
                                                         clk (net)
                      0.004087    0.001670   81.381668 ^ _2119_/CLK (gf180mcu_fd_sc_mcu7t5v0__dffrnq_1)
                                 -0.250000   81.131668   clock uncertainty
                                  0.000000   81.131668   clock reconvergence pessimism
                                  0.201695   81.333366   library recovery time
                                             81.333366   data required time
---------------------------------------------------------------------------------------------
                                             81.333366   data required time
                                            -10.022605   data arrival time
---------------------------------------------------------------------------------------------
                                             71.310760   slack (MET)


Startpoint: rst (input port clocked by clk)
Endpoint: _2152_ (recovery check against rising-edge clock clk)
Path Group: asynchronous
Path Type: max

Fanout         Cap        Slew       Delay        Time   Description
---------------------------------------------------------------------------------------------
                                  0.000000    0.000000   clock clk (rise edge)
                                  0.000000    0.000000   clock network delay (propagated)
                                 10.000000   10.000000 ^ input external delay
   220    1.745123    0.000000    0.000000   10.000000 ^ rst (in)
                                                         rst (net)
                      0.055165    0.022564   10.022564 ^ _2152_/RN (gf180mcu_fd_sc_mcu7t5v0__dffrnq_1)
                                             10.022564   data arrival time

                                 81.379997   81.379997   clock clk (rise edge)
                                  0.000000   81.379997   clock source latency
    83    0.353267    0.000000    0.000000   81.379997 ^ clk (in)
                                                         clk (net)
                      0.004545    0.001862   81.381859 ^ _2152_/CLK (gf180mcu_fd_sc_mcu7t5v0__dffrnq_1)
                                 -0.250000   81.131859   clock uncertainty
                                  0.000000   81.131859   clock reconvergence pessimism
                                  0.201787   81.333649   library recovery time
                                             81.333649   data required time
---------------------------------------------------------------------------------------------
                                             81.333649   data required time
                                            -10.022564   data arrival time
---------------------------------------------------------------------------------------------
                                             71.311081   slack (MET)


Startpoint: rst (input port clocked by clk)
Endpoint: _2074_ (recovery check against rising-edge clock clk)
Path Group: asynchronous
Path Type: max

Fanout         Cap        Slew       Delay        Time   Description
---------------------------------------------------------------------------------------------
                                  0.000000    0.000000   clock clk (rise edge)
                                  0.000000    0.000000   clock network delay (propagated)
                                 10.000000   10.000000 ^ input external delay
   220    1.745123    0.000000    0.000000   10.000000 ^ rst (in)
                                                         rst (net)
                      0.063101    0.025810   10.025810 ^ _2074_/RN (gf180mcu_fd_sc_mcu7t5v0__dffrnq_1)
                                             10.025810   data arrival time

                                 81.379997   81.379997   clock clk (rise edge)
                                  0.000000   81.379997   clock source latency
    83    0.353267    0.000000    0.000000   81.379997 ^ clk (in)
                                                         clk (net)
                      0.011791    0.004825   81.384819 ^ _2074_/CLK (gf180mcu_fd_sc_mcu7t5v0__dffrnq_1)
                                 -0.250000   81.134827   clock uncertainty
                                  0.000000   81.134827   clock reconvergence pessimism
                                  0.202234   81.337059   library recovery time
                                             81.337059   data required time
---------------------------------------------------------------------------------------------
                                             81.337059   data required time
                                            -10.025810   data arrival time
---------------------------------------------------------------------------------------------
                                             71.311249   slack (MET)


Startpoint: rst (input port clocked by clk)
Endpoint: _2096_ (recovery check against rising-edge clock clk)
Path Group: asynchronous
Path Type: max

Fanout         Cap        Slew       Delay        Time   Description
---------------------------------------------------------------------------------------------
                                  0.000000    0.000000   clock clk (rise edge)
                                  0.000000    0.000000   clock network delay (propagated)
                                 10.000000   10.000000 ^ input external delay
   220    1.745123    0.000000    0.000000   10.000000 ^ rst (in)
                                                         rst (net)
                      0.062910    0.025732   10.025733 ^ _2096_/RN (gf180mcu_fd_sc_mcu7t5v0__dffrnq_1)
                                             10.025733   data arrival time

                                 81.379997   81.379997   clock clk (rise edge)
                                  0.000000   81.379997   clock source latency
    83    0.353267    0.000000    0.000000   81.379997 ^ clk (in)
                                                         clk (net)
                      0.011602    0.004746   81.384743 ^ _2096_/CLK (gf180mcu_fd_sc_mcu7t5v0__dffrnq_1)
                                 -0.250000   81.134743   clock uncertainty
                                  0.000000   81.134743   clock reconvergence pessimism
                                  0.202216   81.336960   library recovery time
                                             81.336960   data required time
---------------------------------------------------------------------------------------------
                                             81.336960   data required time
                                            -10.025733   data arrival time
---------------------------------------------------------------------------------------------
                                             71.311226   slack (MET)


Startpoint: rst (input port clocked by clk)
Endpoint: _2095_ (recovery check against rising-edge clock clk)
Path Group: asynchronous
Path Type: max

Fanout         Cap        Slew       Delay        Time   Description
---------------------------------------------------------------------------------------------
                                  0.000000    0.000000   clock clk (rise edge)
                                  0.000000    0.000000   clock network delay (propagated)
                                 10.000000   10.000000 ^ input external delay
   220    1.745123    0.000000    0.000000   10.000000 ^ rst (in)
                                                         rst (net)
                      0.062691    0.025643   10.025642 ^ _2095_/RN (gf180mcu_fd_sc_mcu7t5v0__dffrnq_1)
                                             10.025642   data arrival time

                                 81.379997   81.379997   clock clk (rise edge)
                                  0.000000   81.379997   clock source latency
    83    0.353267    0.000000    0.000000   81.379997 ^ clk (in)
                                                         clk (net)
                      0.011602    0.004746   81.384743 ^ _2095_/CLK (gf180mcu_fd_sc_mcu7t5v0__dffrnq_1)
                                 -0.250000   81.134743   clock uncertainty
                                  0.000000   81.134743   clock reconvergence pessimism
                                  0.202238   81.336983   library recovery time
                                             81.336983   data required time
---------------------------------------------------------------------------------------------
                                             81.336983   data required time
                                            -10.025642   data arrival time
---------------------------------------------------------------------------------------------
                                             71.311333   slack (MET)


Startpoint: rst (input port clocked by clk)
Endpoint: _2094_ (recovery check against rising-edge clock clk)
Path Group: asynchronous
Path Type: max

Fanout         Cap        Slew       Delay        Time   Description
---------------------------------------------------------------------------------------------
                                  0.000000    0.000000   clock clk (rise edge)
                                  0.000000    0.000000   clock network delay (propagated)
                                 10.000000   10.000000 ^ input external delay
   220    1.745123    0.000000    0.000000   10.000000 ^ rst (in)
                                                         rst (net)
                      0.054850    0.022435   10.022435 ^ _2094_/RN (gf180mcu_fd_sc_mcu7t5v0__dffrnq_1)
                                             10.022435   data arrival time

                                 81.379997   81.379997   clock clk (rise edge)
                                  0.000000   81.379997   clock source latency
    83    0.353267    0.000000    0.000000   81.379997 ^ clk (in)
                                                         clk (net)
                      0.005355    0.002188   81.382187 ^ _2094_/CLK (gf180mcu_fd_sc_mcu7t5v0__dffrnq_1)
                                 -0.250000   81.132187   clock uncertainty
                                  0.000000   81.132187   clock reconvergence pessimism
                                  0.201965   81.334152   library recovery time
                                             81.334152   data required time
---------------------------------------------------------------------------------------------
                                             81.334152   data required time
                                            -10.022435   data arrival time
---------------------------------------------------------------------------------------------
                                             71.311722   slack (MET)


Startpoint: rst (input port clocked by clk)
Endpoint: _2093_ (recovery check against rising-edge clock clk)
Path Group: asynchronous
Path Type: max

Fanout         Cap        Slew       Delay        Time   Description
---------------------------------------------------------------------------------------------
                                  0.000000    0.000000   clock clk (rise edge)
                                  0.000000    0.000000   clock network delay (propagated)
                                 10.000000   10.000000 ^ input external delay
   220    1.745123    0.000000    0.000000   10.000000 ^ rst (in)
                                                         rst (net)
                      0.054996    0.022495   10.022495 ^ _2093_/RN (gf180mcu_fd_sc_mcu7t5v0__dffrnq_1)
                                             10.022495   data arrival time

                                 81.379997   81.379997   clock clk (rise edge)
                                  0.000000   81.379997   clock source latency
    83    0.353267    0.000000    0.000000   81.379997 ^ clk (in)
                                                         clk (net)
                      0.006176    0.002530   81.382523 ^ _2093_/CLK (gf180mcu_fd_sc_mcu7t5v0__dffrnq_1)
                                 -0.250000   81.132530   clock uncertainty
                                  0.000000   81.132530   clock reconvergence pessimism
                                  0.202087   81.334618   library recovery time
                                             81.334618   data required time
---------------------------------------------------------------------------------------------
                                             81.334618   data required time
                                            -10.022495   data arrival time
---------------------------------------------------------------------------------------------
                                             71.312119   slack (MET)


Startpoint: rst (input port clocked by clk)
Endpoint: _2073_ (recovery check against rising-edge clock clk)
Path Group: asynchronous
Path Type: max

Fanout         Cap        Slew       Delay        Time   Description
---------------------------------------------------------------------------------------------
                                  0.000000    0.000000   clock clk (rise edge)
                                  0.000000    0.000000   clock network delay (propagated)
                                 10.000000   10.000000 ^ input external delay
   220    1.745123    0.000000    0.000000   10.000000 ^ rst (in)
                                                         rst (net)
                      0.060804    0.024871   10.024871 ^ _2073_/RN (gf180mcu_fd_sc_mcu7t5v0__dffrnq_1)
                                             10.024871   data arrival time

                                 81.379997   81.379997   clock clk (rise edge)
                                  0.000000   81.379997   clock source latency
    83    0.353267    0.000000    0.000000   81.379997 ^ clk (in)
                                                         clk (net)
                      0.011912    0.004874   81.384872 ^ _2073_/CLK (gf180mcu_fd_sc_mcu7t5v0__dffrnq_1)
                                 -0.250000   81.134872   clock uncertainty
                                  0.000000   81.134872   clock reconvergence pessimism
                                  0.202488   81.337364   library recovery time
                                             81.337364   data required time
---------------------------------------------------------------------------------------------
                                             81.337364   data required time
                                            -10.024871   data arrival time
---------------------------------------------------------------------------------------------
                                             71.312492   slack (MET)


Startpoint: rst (input port clocked by clk)
Endpoint: _2072_ (recovery check against rising-edge clock clk)
Path Group: asynchronous
Path Type: max

Fanout         Cap        Slew       Delay        Time   Description
---------------------------------------------------------------------------------------------
                                  0.000000    0.000000   clock clk (rise edge)
                                  0.000000    0.000000   clock network delay (propagated)
                                 10.000000   10.000000 ^ input external delay
   220    1.745123    0.000000    0.000000   10.000000 ^ rst (in)
                                                         rst (net)
                      0.059234    0.024229   10.024229 ^ _2072_/RN (gf180mcu_fd_sc_mcu7t5v0__dffrnq_1)
                                             10.024229   data arrival time

                                 81.379997   81.379997   clock clk (rise edge)
                                  0.000000   81.379997   clock source latency
    83    0.353267    0.000000    0.000000   81.379997 ^ clk (in)
                                                         clk (net)
                      0.011968    0.004896   81.384895 ^ _2072_/CLK (gf180mcu_fd_sc_mcu7t5v0__dffrnq_1)
                                 -0.250000   81.134895   clock uncertainty
                                  0.000000   81.134895   clock reconvergence pessimism
                                  0.202656   81.337547   library recovery time
                                             81.337547   data required time
---------------------------------------------------------------------------------------------
                                             81.337547   data required time
                                            -10.024229   data arrival time
---------------------------------------------------------------------------------------------
                                             71.313316   slack (MET)


Startpoint: rst (input port clocked by clk)
Endpoint: _2071_ (recovery check against rising-edge clock clk)
Path Group: asynchronous
Path Type: max

Fanout         Cap        Slew       Delay        Time   Description
---------------------------------------------------------------------------------------------
                                  0.000000    0.000000   clock clk (rise edge)
                                  0.000000    0.000000   clock network delay (propagated)
                                 10.000000   10.000000 ^ input external delay
   220    1.745123    0.000000    0.000000   10.000000 ^ rst (in)
                                                         rst (net)
                      0.056965    0.023300   10.023301 ^ _2071_/RN (gf180mcu_fd_sc_mcu7t5v0__dffrnq_1)
                                             10.023301   data arrival time

                                 81.379997   81.379997   clock clk (rise edge)
                                  0.000000   81.379997   clock source latency
    83    0.353267    0.000000    0.000000   81.379997 ^ clk (in)
                                                         clk (net)
                      0.012021    0.004917   81.384911 ^ _2071_/CLK (gf180mcu_fd_sc_mcu7t5v0__dffrnq_1)
                                 -0.250000   81.134918   clock uncertainty
                                  0.000000   81.134918   clock reconvergence pessimism
                                  0.202891   81.337807   library recovery time
                                             81.337807   data required time
---------------------------------------------------------------------------------------------
                                             81.337807   data required time
                                            -10.023301   data arrival time
---------------------------------------------------------------------------------------------
                                             71.314507   slack (MET)


Startpoint: rst (input port clocked by clk)
Endpoint: _2070_ (recovery check against rising-edge clock clk)
Path Group: asynchronous
Path Type: max

Fanout         Cap        Slew       Delay        Time   Description
---------------------------------------------------------------------------------------------
                                  0.000000    0.000000   clock clk (rise edge)
                                  0.000000    0.000000   clock network delay (propagated)
                                 10.000000   10.000000 ^ input external delay
   220    1.745123    0.000000    0.000000   10.000000 ^ rst (in)
                                                         rst (net)
                      0.056593    0.023149   10.023149 ^ _2070_/RN (gf180mcu_fd_sc_mcu7t5v0__dffrnq_1)
                                             10.023149   data arrival time

                                 81.379997   81.379997   clock clk (rise edge)
                                  0.000000   81.379997   clock source latency
    83    0.353267    0.000000    0.000000   81.379997 ^ clk (in)
                                                         clk (net)
                      0.012024    0.004917   81.384911 ^ _2070_/CLK (gf180mcu_fd_sc_mcu7t5v0__dffrnq_1)
                                 -0.250000   81.134918   clock uncertainty
                                  0.000000   81.134918   clock reconvergence pessimism
                                  0.202929   81.337845   library recovery time
                                             81.337845   data required time
---------------------------------------------------------------------------------------------
                                             81.337845   data required time
                                            -10.023149   data arrival time
---------------------------------------------------------------------------------------------
                                             71.314697   slack (MET)


Startpoint: _2152_ (rising edge-triggered flip-flop clocked by clk)
Endpoint: _2152_ (rising edge-triggered flip-flop clocked by clk)
Path Group: clk
Path Type: max

Fanout         Cap        Slew       Delay        Time   Description
---------------------------------------------------------------------------------------------
                                  0.000000    0.000000   clock clk (rise edge)
                                  0.000000    0.000000   clock source latency
    83    0.353267    0.000000    0.000000    0.000000 ^ clk (in)
                                                         clk (net)
                      0.004545    0.001859    0.001859 ^ _2152_/CLK (gf180mcu_fd_sc_mcu7t5v0__dffrnq_1)
   138    0.561997    9.041732    6.058350    6.060209 ^ _2152_/Q (gf180mcu_fd_sc_mcu7t5v0__dffrnq_1)
                                                         u_clock_div.counter[7] (net)
                      9.041732    0.000035    6.060244 ^ _1153_/A1 (gf180mcu_fd_sc_mcu7t5v0__xnor2_1)
     1    0.003170    0.955342    0.114647    6.174891 ^ _1153_/ZN (gf180mcu_fd_sc_mcu7t5v0__xnor2_1)
                                                         _0144_ (net)
                      0.955342    0.000002    6.174893 ^ _2152_/D (gf180mcu_fd_sc_mcu7t5v0__dffrnq_1)
                                              6.174893   data arrival time

                                 81.379997   81.379997   clock clk (rise edge)
                                  0.000000   81.379997   clock source latency
    83    0.353267    0.000000    0.000000   81.379997 ^ clk (in)
                                                         clk (net)
                      0.004545    0.001862   81.381859 ^ _2152_/CLK (gf180mcu_fd_sc_mcu7t5v0__dffrnq_1)
                                 -0.250000   81.131859   clock uncertainty
                                  0.000000   81.131859   clock reconvergence pessimism
                                 -0.436156   80.695709   library setup time
                                             80.695709   data required time
---------------------------------------------------------------------------------------------
                                             80.695709   data required time
                                             -6.174893   data arrival time
---------------------------------------------------------------------------------------------
                                             74.520813   slack (MET)


Startpoint: _2152_ (rising edge-triggered flip-flop clocked by clk)
Endpoint: _2152_ (rising edge-triggered flip-flop clocked by clk_div)
Path Group: clk_div
Path Type: max

Fanout         Cap        Slew       Delay        Time   Description
---------------------------------------------------------------------------------------------
                               20751.898438 20751.898438   clock clk (rise edge)
                                  0.000000 20751.898438   clock source latency
    83    0.353267    0.000000    0.000000 20751.898438 ^ clk (in)
                                                         clk (net)
                      0.004545    0.001819 20751.900391 ^ _2152_/CLK (gf180mcu_fd_sc_mcu7t5v0__dffrnq_1)
   138    0.561997    9.041732    6.059054 20757.960938 ^ _2152_/Q (gf180mcu_fd_sc_mcu7t5v0__dffrnq_1)
                                                         u_clock_div.counter[7] (net)
                      9.041732    0.000000 20757.960938 ^ _1153_/A1 (gf180mcu_fd_sc_mcu7t5v0__xnor2_1)
     1    0.003170    0.955342    0.114596 20758.074219 ^ _1153_/ZN (gf180mcu_fd_sc_mcu7t5v0__xnor2_1)
                                                         _0144_ (net)
                      0.955342    0.000000 20758.074219 ^ _2152_/D (gf180mcu_fd_sc_mcu7t5v0__dffrnq_1)
                                           20758.074219   data arrival time

                               20833.279297 20833.279297   clock clk_div (rise edge)
                                  0.000000 20833.279297   clock source latency
    83    0.353267    0.000000    0.000000 20833.279297 ^ clk (in)
                                                         clk (net)
                      0.004545    0.001819 20833.281250 ^ _2152_/CLK (gf180mcu_fd_sc_mcu7t5v0__dffrnq_1)
                                 -0.250000 20833.031250   clock uncertainty
                                  0.000000 20833.031250   clock reconvergence pessimism
                                 -0.436156 20832.595703   library setup time
                                           20832.595703   data required time
---------------------------------------------------------------------------------------------
                                           20832.595703   data required time
                                           -20758.074219   data arrival time
---------------------------------------------------------------------------------------------
                                             74.520813   slack (MET)


Startpoint: _2100_ (rising edge-triggered flip-flop clocked by clk)
Endpoint: _2085_ (rising edge-triggered flip-flop clocked by clk)
Path Group: clk
Path Type: max

Fanout         Cap        Slew       Delay        Time   Description
---------------------------------------------------------------------------------------------
                                  0.000000    0.000000   clock clk (rise edge)
                                  0.000000    0.000000   clock source latency
    83    0.353267    0.000000    0.000000    0.000000 ^ clk (in)
                                                         clk (net)
                      0.011338    0.004638    0.004638 ^ _2100_/CLK (gf180mcu_fd_sc_mcu7t5v0__dffrnq_1)
     8    0.042970    0.747441    1.227585    1.232223 ^ _2100_/Q (gf180mcu_fd_sc_mcu7t5v0__dffrnq_1)
                                                         u_cas_int.out_int2[5] (net)
                      0.747441    0.000005    1.232228 ^ _1183_/B1 (gf180mcu_fd_sc_mcu7t5v0__aoi22_1)
     2    0.007816    0.421897    0.287210    1.519438 v _1183_/ZN (gf180mcu_fd_sc_mcu7t5v0__aoi22_1)
                                                         _0616_ (net)
                      0.421897    0.000007    1.519445 v _1199_/A2 (gf180mcu_fd_sc_mcu7t5v0__or2_1)
     2    0.009223    0.208753    0.504982    2.024427 v _1199_/Z (gf180mcu_fd_sc_mcu7t5v0__or2_1)
                                                         _0630_ (net)
                      0.208753    0.000053    2.024480 v _1200_/A2 (gf180mcu_fd_sc_mcu7t5v0__or2_1)
     1    0.004582    0.164679    0.410003    2.434483 v _1200_/Z (gf180mcu_fd_sc_mcu7t5v0__or2_1)
                                                         _0631_ (net)
                      0.164679    0.000000    2.434484 v _1205_/B (gf180mcu_fd_sc_mcu7t5v0__oai211_1)
     4    0.026967    0.995441    0.519671    2.954155 ^ _1205_/ZN (gf180mcu_fd_sc_mcu7t5v0__oai211_1)
                                                         _0636_ (net)
                      0.995441    0.000178    2.954333 ^ _1218_/A1 (gf180mcu_fd_sc_mcu7t5v0__aoi21_1)
     4    0.024657    0.583236    0.405338    3.359671 v _1218_/ZN (gf180mcu_fd_sc_mcu7t5v0__aoi21_1)
                                                         _0647_ (net)
                      0.583236    0.000117    3.359789 v _1234_/A1 (gf180mcu_fd_sc_mcu7t5v0__oai21_1)
     2    0.014294    0.590058    0.491232    3.851021 ^ _1234_/ZN (gf180mcu_fd_sc_mcu7t5v0__oai21_1)
                                                         _0661_ (net)
                      0.590058    0.000057    3.851078 ^ _1247_/A1 (gf180mcu_fd_sc_mcu7t5v0__aoi21_1)
     3    0.018842    0.434591    0.309763    4.160841 v _1247_/ZN (gf180mcu_fd_sc_mcu7t5v0__aoi21_1)
                                                         _0672_ (net)
                      0.434591    0.000079    4.160921 v _1256_/A1 (gf180mcu_fd_sc_mcu7t5v0__oai21_1)
     1    0.004582    0.333504    0.285055    4.445975 ^ _1256_/ZN (gf180mcu_fd_sc_mcu7t5v0__oai21_1)
                                                         _0680_ (net)
                      0.333504    0.000001    4.445977 ^ _1257_/A2 (gf180mcu_fd_sc_mcu7t5v0__nand2_1)
     1    0.004937    0.169739    0.122410    4.568386 v _1257_/ZN (gf180mcu_fd_sc_mcu7t5v0__nand2_1)
                                                         _0681_ (net)
                      0.169739    0.000003    4.568389 v _1260_/A1 (gf180mcu_fd_sc_mcu7t5v0__nand2_1)
     1    0.003254    0.180922    0.125008    4.693397 ^ _1260_/ZN (gf180mcu_fd_sc_mcu7t5v0__nand2_1)
                                                         _0118_ (net)
                      0.180922    0.000004    4.693400 ^ _2085_/D (gf180mcu_fd_sc_mcu7t5v0__dffrnq_1)
                                              4.693400   data arrival time

                                 81.379997   81.379997   clock clk (rise edge)
                                  0.000000   81.379997   clock source latency
    83    0.353267    0.000000    0.000000   81.379997 ^ clk (in)
                                                         clk (net)
                      0.009243    0.003780   81.383774 ^ _2085_/CLK (gf180mcu_fd_sc_mcu7t5v0__dffrnq_1)
                                 -0.250000   81.133781   clock uncertainty
                                  0.000000   81.133781   clock reconvergence pessimism
                                 -0.332510   80.801270   library setup time
                                             80.801270   data required time
---------------------------------------------------------------------------------------------
                                             80.801270   data required time
                                             -4.693400   data arrival time
---------------------------------------------------------------------------------------------
                                             76.107872   slack (MET)


Startpoint: _2100_ (rising edge-triggered flip-flop clocked by clk)
Endpoint: _2085_ (rising edge-triggered flip-flop clocked by clk_div)
Path Group: clk_div
Path Type: max

Fanout         Cap        Slew       Delay        Time   Description
---------------------------------------------------------------------------------------------
                               20751.898438 20751.898438   clock clk (rise edge)
                                  0.000000 20751.898438   clock source latency
    83    0.353267    0.000000    0.000000 20751.898438 ^ clk (in)
                                                         clk (net)
                      0.011338    0.005457 20751.904297 ^ _2100_/CLK (gf180mcu_fd_sc_mcu7t5v0__dffrnq_1)
     8    0.042970    0.747441    1.225999 20753.130859 ^ _2100_/Q (gf180mcu_fd_sc_mcu7t5v0__dffrnq_1)
                                                         u_cas_int.out_int2[5] (net)
                      0.747441    0.000000 20753.130859 ^ _1183_/B1 (gf180mcu_fd_sc_mcu7t5v0__aoi22_1)
     2    0.007816    0.421897    0.287400 20753.417969 v _1183_/ZN (gf180mcu_fd_sc_mcu7t5v0__aoi22_1)
                                                         _0616_ (net)
                      0.421897    0.000000 20753.417969 v _1199_/A2 (gf180mcu_fd_sc_mcu7t5v0__or2_1)
     2    0.009223    0.208753    0.505679 20753.923828 v _1199_/Z (gf180mcu_fd_sc_mcu7t5v0__or2_1)
                                                         _0630_ (net)
                      0.208753    0.000000 20753.923828 v _1200_/A2 (gf180mcu_fd_sc_mcu7t5v0__or2_1)
     1    0.004582    0.164679    0.409273 20754.333984 v _1200_/Z (gf180mcu_fd_sc_mcu7t5v0__or2_1)
                                                         _0631_ (net)
                      0.164679    0.000000 20754.333984 v _1205_/B (gf180mcu_fd_sc_mcu7t5v0__oai211_1)
     4    0.026967    0.995441    0.520231 20754.853516 ^ _1205_/ZN (gf180mcu_fd_sc_mcu7t5v0__oai211_1)
                                                         _0636_ (net)
                      0.995441    0.000000 20754.853516 ^ _1218_/A1 (gf180mcu_fd_sc_mcu7t5v0__aoi21_1)
     4    0.024657    0.583236    0.405635 20755.259766 v _1218_/ZN (gf180mcu_fd_sc_mcu7t5v0__aoi21_1)
                                                         _0647_ (net)
                      0.583236    0.000000 20755.259766 v _1234_/A1 (gf180mcu_fd_sc_mcu7t5v0__oai21_1)
     2    0.014294    0.590058    0.491127 20755.750000 ^ _1234_/ZN (gf180mcu_fd_sc_mcu7t5v0__oai21_1)
                                                         _0661_ (net)
                      0.590058    0.000000 20755.750000 ^ _1247_/A1 (gf180mcu_fd_sc_mcu7t5v0__aoi21_1)
     3    0.018842    0.434591    0.309228 20756.058594 v _1247_/ZN (gf180mcu_fd_sc_mcu7t5v0__aoi21_1)
                                                         _0672_ (net)
                      0.434591    0.000000 20756.058594 v _1256_/A1 (gf180mcu_fd_sc_mcu7t5v0__oai21_1)
     1    0.004582    0.333504    0.285581 20756.345703 ^ _1256_/ZN (gf180mcu_fd_sc_mcu7t5v0__oai21_1)
                                                         _0680_ (net)
                      0.333504    0.000000 20756.345703 ^ _1257_/A2 (gf180mcu_fd_sc_mcu7t5v0__nand2_1)
     1    0.004937    0.169739    0.121872 20756.466797 v _1257_/ZN (gf180mcu_fd_sc_mcu7t5v0__nand2_1)
                                                         _0681_ (net)
                      0.169739    0.000000 20756.466797 v _1260_/A1 (gf180mcu_fd_sc_mcu7t5v0__nand2_1)
     1    0.003254    0.180922    0.125510 20756.591797 ^ _1260_/ZN (gf180mcu_fd_sc_mcu7t5v0__nand2_1)
                                                         _0118_ (net)
                      0.180922    0.000000 20756.591797 ^ _2085_/D (gf180mcu_fd_sc_mcu7t5v0__dffrnq_1)
                                           20756.591797   data arrival time

                               20833.279297 20833.279297   clock clk_div (rise edge)
                                  0.000000 20833.279297   clock source latency
    83    0.353267    0.000000    0.000000 20833.279297 ^ clk (in)
                                                         clk (net)
                      0.009243    0.003638 20833.283203 ^ _2085_/CLK (gf180mcu_fd_sc_mcu7t5v0__dffrnq_1)
                                 -0.250000 20833.033203   clock uncertainty
                                  0.000000 20833.033203   clock reconvergence pessimism
                                 -0.332510 20832.701172   library setup time
                                           20832.701172   data required time
---------------------------------------------------------------------------------------------
                                           20832.701172   data required time
                                           -20756.591797   data arrival time
---------------------------------------------------------------------------------------------
                                             76.107872   slack (MET)


Startpoint: _2120_ (rising edge-triggered flip-flop clocked by clk)
Endpoint: _2114_ (rising edge-triggered flip-flop clocked by clk)
Path Group: clk
Path Type: max

Fanout         Cap        Slew       Delay        Time   Description
---------------------------------------------------------------------------------------------
                                  0.000000    0.000000   clock clk (rise edge)
                                  0.000000    0.000000   clock source latency
    83    0.353267    0.000000    0.000000    0.000000 ^ clk (in)
                                                         clk (net)
                      0.010145    0.004150    0.004150 ^ _2120_/CLK (gf180mcu_fd_sc_mcu7t5v0__dffrnq_1)
     7    0.038777    0.704488    1.188649    1.192798 ^ _2120_/Q (gf180mcu_fd_sc_mcu7t5v0__dffrnq_1)
                                                         u_cas_int.out_int1[0] (net)
                      0.704488    0.000039    1.192837 ^ _1348_/B (gf180mcu_fd_sc_mcu7t5v0__oai211_1)
     2    0.009787    0.439905    0.346384    1.539221 v _1348_/ZN (gf180mcu_fd_sc_mcu7t5v0__oai211_1)
                                                         _0761_ (net)
                      0.439905    0.000023    1.539244 v _1350_/A2 (gf180mcu_fd_sc_mcu7t5v0__aoi211_1)
     2    0.010353    0.798835    0.524965    2.064209 ^ _1350_/ZN (gf180mcu_fd_sc_mcu7t5v0__aoi211_1)
                                                         _0763_ (net)
                      0.798835    0.000048    2.064257 ^ _1360_/A1 (gf180mcu_fd_sc_mcu7t5v0__aoi21_1)
     1    0.006459    0.296642    0.165510    2.229766 v _1360_/ZN (gf180mcu_fd_sc_mcu7t5v0__aoi21_1)
                                                         _0771_ (net)
                      0.296642    0.000034    2.229801 v _1387_/A1 (gf180mcu_fd_sc_mcu7t5v0__oai21_1)
     5    0.031660    1.058277    0.691836    2.921637 ^ _1387_/ZN (gf180mcu_fd_sc_mcu7t5v0__oai21_1)
                                                         _0794_ (net)
                      1.058277    0.000433    2.922070 ^ _1445_/A1 (gf180mcu_fd_sc_mcu7t5v0__nand2_1)
     4    0.022632    0.546531    0.392341    3.314411 v _1445_/ZN (gf180mcu_fd_sc_mcu7t5v0__nand2_1)
                                                         _0844_ (net)
                      0.546531    0.000322    3.314733 v _1451_/A1 (gf180mcu_fd_sc_mcu7t5v0__aoi21_1)
     3    0.015430    0.665172    0.488543    3.803276 ^ _1451_/ZN (gf180mcu_fd_sc_mcu7t5v0__aoi21_1)
                                                         _0850_ (net)
                      0.665172    0.000041    3.803317 ^ _1462_/A1 (gf180mcu_fd_sc_mcu7t5v0__oai211_1)
     1    0.004906    0.394772    0.212709    4.016026 v _1462_/ZN (gf180mcu_fd_sc_mcu7t5v0__oai211_1)
                                                         _0859_ (net)
                      0.394772    0.000007    4.016033 v _1466_/A2 (gf180mcu_fd_sc_mcu7t5v0__nand2_1)
     1    0.007826    0.271947    0.258898    4.274930 ^ _1466_/ZN (gf180mcu_fd_sc_mcu7t5v0__nand2_1)
                                                         _0862_ (net)
                      0.271947    0.000013    4.274943 ^ _1467_/A2 (gf180mcu_fd_sc_mcu7t5v0__xor2_1)
     1    0.003278    0.302373    0.326078    4.601021 ^ _1467_/Z (gf180mcu_fd_sc_mcu7t5v0__xor2_1)
                                                         _0097_ (net)
                      0.302373    0.000004    4.601026 ^ _2114_/D (gf180mcu_fd_sc_mcu7t5v0__dffrnq_1)
                                              4.601026   data arrival time

                                 81.379997   81.379997   clock clk (rise edge)
                                  0.000000   81.379997   clock source latency
    83    0.353267    0.000000    0.000000   81.379997 ^ clk (in)
                                                         clk (net)
                      0.007546    0.003084   81.383080 ^ _2114_/CLK (gf180mcu_fd_sc_mcu7t5v0__dffrnq_1)
                                 -0.250000   81.133080   clock uncertainty
                                  0.000000   81.133080   clock reconvergence pessimism
                                 -0.350979   80.782104   library setup time
                                             80.782104   data required time
---------------------------------------------------------------------------------------------
                                             80.782104   data required time
                                             -4.601026   data arrival time
---------------------------------------------------------------------------------------------
                                             76.181076   slack (MET)


Startpoint: _2120_ (rising edge-triggered flip-flop clocked by clk)
Endpoint: _2114_ (rising edge-triggered flip-flop clocked by clk_div)
Path Group: clk_div
Path Type: max

Fanout         Cap        Slew       Delay        Time   Description
---------------------------------------------------------------------------------------------
                               20751.898438 20751.898438   clock clk (rise edge)
                                  0.000000 20751.898438   clock source latency
    83    0.353267    0.000000    0.000000 20751.898438 ^ clk (in)
                                                         clk (net)
                      0.010145    0.003638 20751.902344 ^ _2120_/CLK (gf180mcu_fd_sc_mcu7t5v0__dffrnq_1)
     7    0.038777    0.704488    1.189619 20753.091797 ^ _2120_/Q (gf180mcu_fd_sc_mcu7t5v0__dffrnq_1)
                                                         u_cas_int.out_int1[0] (net)
                      0.704488    0.000000 20753.091797 ^ _1348_/B (gf180mcu_fd_sc_mcu7t5v0__oai211_1)
     2    0.009787    0.439905    0.345608 20753.437500 v _1348_/ZN (gf180mcu_fd_sc_mcu7t5v0__oai211_1)
                                                         _0761_ (net)
                      0.439905    0.000000 20753.437500 v _1350_/A2 (gf180mcu_fd_sc_mcu7t5v0__aoi211_1)
     2    0.010353    0.798835    0.525688 20753.964844 ^ _1350_/ZN (gf180mcu_fd_sc_mcu7t5v0__aoi211_1)
                                                         _0763_ (net)
                      0.798835    0.000000 20753.964844 ^ _1360_/A1 (gf180mcu_fd_sc_mcu7t5v0__aoi21_1)
     1    0.006459    0.296642    0.165528 20754.128906 v _1360_/ZN (gf180mcu_fd_sc_mcu7t5v0__aoi21_1)
                                                         _0771_ (net)
                      0.296642    0.000000 20754.128906 v _1387_/A1 (gf180mcu_fd_sc_mcu7t5v0__oai21_1)
     5    0.031660    1.058277    0.691216 20754.820312 ^ _1387_/ZN (gf180mcu_fd_sc_mcu7t5v0__oai21_1)
                                                         _0794_ (net)
                      1.058277    0.000000 20754.820312 ^ _1445_/A1 (gf180mcu_fd_sc_mcu7t5v0__nand2_1)
     4    0.022632    0.546531    0.392902 20755.212891 v _1445_/ZN (gf180mcu_fd_sc_mcu7t5v0__nand2_1)
                                                         _0844_ (net)
                      0.546531    0.000000 20755.212891 v _1451_/A1 (gf180mcu_fd_sc_mcu7t5v0__aoi21_1)
     3    0.015430    0.665172    0.489308 20755.703125 ^ _1451_/ZN (gf180mcu_fd_sc_mcu7t5v0__aoi21_1)
                                                         _0850_ (net)
                      0.665172    0.000000 20755.703125 ^ _1462_/A1 (gf180mcu_fd_sc_mcu7t5v0__oai211_1)
     1    0.004906    0.394772    0.212822 20755.916016 v _1462_/ZN (gf180mcu_fd_sc_mcu7t5v0__oai211_1)
                                                         _0859_ (net)
                      0.394772    0.000000 20755.916016 v _1466_/A2 (gf180mcu_fd_sc_mcu7t5v0__nand2_1)
     1    0.007826    0.271947    0.258296 20756.173828 ^ _1466_/ZN (gf180mcu_fd_sc_mcu7t5v0__nand2_1)
                                                         _0862_ (net)
                      0.271947    0.000000 20756.173828 ^ _1467_/A2 (gf180mcu_fd_sc_mcu7t5v0__xor2_1)
     1    0.003278    0.302373    0.325599 20756.500000 ^ _1467_/Z (gf180mcu_fd_sc_mcu7t5v0__xor2_1)
                                                         _0097_ (net)
                      0.302373    0.000000 20756.500000 ^ _2114_/D (gf180mcu_fd_sc_mcu7t5v0__dffrnq_1)
                                           20756.500000   data arrival time

                               20833.279297 20833.279297   clock clk_div (rise edge)
                                  0.000000 20833.279297   clock source latency
    83    0.353267    0.000000    0.000000 20833.279297 ^ clk (in)
                                                         clk (net)
                      0.007546    0.003638 20833.283203 ^ _2114_/CLK (gf180mcu_fd_sc_mcu7t5v0__dffrnq_1)
                                 -0.250000 20833.033203   clock uncertainty
                                  0.000000 20833.033203   clock reconvergence pessimism
                                 -0.350979 20832.681641   library setup time
                                           20832.681641   data required time
---------------------------------------------------------------------------------------------
                                           20832.681641   data required time
                                           -20756.500000   data arrival time
---------------------------------------------------------------------------------------------
                                             76.181076   slack (MET)


Startpoint: _2097_ (rising edge-triggered flip-flop clocked by clk)
Endpoint: _2084_ (rising edge-triggered flip-flop clocked by clk)
Path Group: clk
Path Type: max

Fanout         Cap        Slew       Delay        Time   Description
---------------------------------------------------------------------------------------------
                                  0.000000    0.000000   clock clk (rise edge)
                                  0.000000    0.000000   clock source latency
    83    0.353267    0.000000    0.000000    0.000000 ^ clk (in)
                                                         clk (net)
                      0.011544    0.004722    0.004722 ^ _2097_/CLK (gf180mcu_fd_sc_mcu7t5v0__dffrnq_1)
     8    0.037530    0.661976    1.177272    1.181994 ^ _2097_/Q (gf180mcu_fd_sc_mcu7t5v0__dffrnq_1)
                                                         u_cas_int.out_int2[2] (net)
                      0.661976    0.000018    1.182012 ^ _1159_/A1 (gf180mcu_fd_sc_mcu7t5v0__and2_1)
     3    0.013508    0.296309    0.442337    1.624349 ^ _1159_/Z (gf180mcu_fd_sc_mcu7t5v0__and2_1)
                                                         _0596_ (net)
                      0.296309    0.000032    1.624381 ^ _1164_/B (gf180mcu_fd_sc_mcu7t5v0__aoi211_1)
     2    0.010804    0.406465    0.292013    1.916393 v _1164_/ZN (gf180mcu_fd_sc_mcu7t5v0__aoi211_1)
                                                         _0601_ (net)
                      0.406465    0.000043    1.916436 v _1173_/A1 (gf180mcu_fd_sc_mcu7t5v0__oai21_1)
     1    0.007469    0.382301    0.324972    2.241408 ^ _1173_/ZN (gf180mcu_fd_sc_mcu7t5v0__oai21_1)
                                                         _0608_ (net)
                      0.382301    0.000064    2.241472 ^ _1205_/A1 (gf180mcu_fd_sc_mcu7t5v0__oai211_1)
     4    0.026967    0.723908    0.448376    2.689847 v _1205_/ZN (gf180mcu_fd_sc_mcu7t5v0__oai211_1)
                                                         _0636_ (net)
                      0.723908    0.000178    2.690026 v _1218_/A1 (gf180mcu_fd_sc_mcu7t5v0__aoi21_1)
     4    0.024657    0.940068    0.692914    3.382940 ^ _1218_/ZN (gf180mcu_fd_sc_mcu7t5v0__aoi21_1)
                                                         _0647_ (net)
                      0.940068    0.000117    3.383057 ^ _1234_/A1 (gf180mcu_fd_sc_mcu7t5v0__oai21_1)
     2    0.014294    0.444163    0.280256    3.663313 v _1234_/ZN (gf180mcu_fd_sc_mcu7t5v0__oai21_1)
                                                         _0661_ (net)
                      0.444163    0.000058    3.663370 v _1247_/A1 (gf180mcu_fd_sc_mcu7t5v0__aoi21_1)
     3    0.018842    0.764113    0.512555    4.175926 ^ _1247_/ZN (gf180mcu_fd_sc_mcu7t5v0__aoi21_1)
                                                         _0672_ (net)
                      0.764113    0.000093    4.176019 ^ _1251_/A1 (gf180mcu_fd_sc_mcu7t5v0__xor2_1)
     1    0.003381    0.314775    0.399755    4.575774 ^ _1251_/Z (gf180mcu_fd_sc_mcu7t5v0__xor2_1)
                                                         _0117_ (net)
                      0.314775    0.000005    4.575779 ^ _2084_/D (gf180mcu_fd_sc_mcu7t5v0__dffrnq_1)
                                              4.575779   data arrival time

                                 81.379997   81.379997   clock clk (rise edge)
                                  0.000000   81.379997   clock source latency
    83    0.353267    0.000000    0.000000   81.379997 ^ clk (in)
                                                         clk (net)
                      0.009201    0.003766   81.383766 ^ _2084_/CLK (gf180mcu_fd_sc_mcu7t5v0__dffrnq_1)
                                 -0.250000   81.133766   clock uncertainty
                                  0.000000   81.133766   clock reconvergence pessimism
                                 -0.352589   80.781174   library setup time
                                             80.781174   data required time
---------------------------------------------------------------------------------------------
                                             80.781174   data required time
                                             -4.575779   data arrival time
---------------------------------------------------------------------------------------------
                                             76.205391   slack (MET)


Startpoint: _2097_ (rising edge-triggered flip-flop clocked by clk)
Endpoint: _2084_ (rising edge-triggered flip-flop clocked by clk_div)
Path Group: clk_div
Path Type: max

Fanout         Cap        Slew       Delay        Time   Description
---------------------------------------------------------------------------------------------
                               20751.898438 20751.898438   clock clk (rise edge)
                                  0.000000 20751.898438   clock source latency
    83    0.353267    0.000000    0.000000 20751.898438 ^ clk (in)
                                                         clk (net)
                      0.011544    0.005457 20751.904297 ^ _2097_/CLK (gf180mcu_fd_sc_mcu7t5v0__dffrnq_1)
     8    0.037530    0.661976    1.176886 20753.082031 ^ _2097_/Q (gf180mcu_fd_sc_mcu7t5v0__dffrnq_1)
                                                         u_cas_int.out_int2[2] (net)
                      0.661976    0.000000 20753.082031 ^ _1159_/A1 (gf180mcu_fd_sc_mcu7t5v0__and2_1)
     3    0.013508    0.296309    0.442014 20753.523438 ^ _1159_/Z (gf180mcu_fd_sc_mcu7t5v0__and2_1)
                                                         _0596_ (net)
                      0.296309    0.000000 20753.523438 ^ _1164_/B (gf180mcu_fd_sc_mcu7t5v0__aoi211_1)
     2    0.010804    0.406465    0.292857 20753.816406 v _1164_/ZN (gf180mcu_fd_sc_mcu7t5v0__aoi211_1)
                                                         _0601_ (net)
                      0.406465    0.000000 20753.816406 v _1173_/A1 (gf180mcu_fd_sc_mcu7t5v0__oai21_1)
     1    0.007469    0.382301    0.323780 20754.140625 ^ _1173_/ZN (gf180mcu_fd_sc_mcu7t5v0__oai21_1)
                                                         _0608_ (net)
                      0.382301    0.000000 20754.140625 ^ _1205_/A1 (gf180mcu_fd_sc_mcu7t5v0__oai211_1)
     4    0.026967    0.723908    0.449290 20754.589844 v _1205_/ZN (gf180mcu_fd_sc_mcu7t5v0__oai211_1)
                                                         _0636_ (net)
                      0.723908    0.000000 20754.589844 v _1218_/A1 (gf180mcu_fd_sc_mcu7t5v0__aoi21_1)
     4    0.024657    0.940068    0.693035 20755.283203 ^ _1218_/ZN (gf180mcu_fd_sc_mcu7t5v0__aoi21_1)
                                                         _0647_ (net)
                      0.940068    0.000000 20755.283203 ^ _1234_/A1 (gf180mcu_fd_sc_mcu7t5v0__oai21_1)
     2    0.014294    0.444163    0.280124 20755.562500 v _1234_/ZN (gf180mcu_fd_sc_mcu7t5v0__oai21_1)
                                                         _0661_ (net)
                      0.444163    0.000000 20755.562500 v _1247_/A1 (gf180mcu_fd_sc_mcu7t5v0__aoi21_1)
     3    0.018842    0.764113    0.512955 20756.076172 ^ _1247_/ZN (gf180mcu_fd_sc_mcu7t5v0__aoi21_1)
                                                         _0672_ (net)
                      0.764113    0.000000 20756.076172 ^ _1251_/A1 (gf180mcu_fd_sc_mcu7t5v0__xor2_1)
     1    0.003381    0.314775    0.400178 20756.476562 ^ _1251_/Z (gf180mcu_fd_sc_mcu7t5v0__xor2_1)
                                                         _0117_ (net)
                      0.314775    0.000000 20756.476562 ^ _2084_/D (gf180mcu_fd_sc_mcu7t5v0__dffrnq_1)
                                           20756.476562   data arrival time

                               20833.279297 20833.279297   clock clk_div (rise edge)
                                  0.000000 20833.279297   clock source latency
    83    0.353267    0.000000    0.000000 20833.279297 ^ clk (in)
                                                         clk (net)
                      0.009201    0.003638 20833.283203 ^ _2084_/CLK (gf180mcu_fd_sc_mcu7t5v0__dffrnq_1)
                                 -0.250000 20833.033203   clock uncertainty
                                  0.000000 20833.033203   clock reconvergence pessimism
                                 -0.352589 20832.681641   library setup time
                                           20832.681641   data required time
---------------------------------------------------------------------------------------------
                                           20832.681641   data required time
                                           -20756.476562   data arrival time
---------------------------------------------------------------------------------------------
                                             76.205391   slack (MET)


Startpoint: _2100_ (rising edge-triggered flip-flop clocked by clk)
Endpoint: _2094_ (rising edge-triggered flip-flop clocked by clk)
Path Group: clk
Path Type: max

Fanout         Cap        Slew       Delay        Time   Description
---------------------------------------------------------------------------------------------
                                  0.000000    0.000000   clock clk (rise edge)
                                  0.000000    0.000000   clock source latency
    83    0.353267    0.000000    0.000000    0.000000 ^ clk (in)
                                                         clk (net)
                      0.011338    0.004638    0.004638 ^ _2100_/CLK (gf180mcu_fd_sc_mcu7t5v0__dffrnq_1)
     8    0.042970    0.747441    1.227585    1.232223 ^ _2100_/Q (gf180mcu_fd_sc_mcu7t5v0__dffrnq_1)
                                                         u_cas_int.out_int2[5] (net)
                      0.747441    0.000005    1.232228 ^ _1183_/B1 (gf180mcu_fd_sc_mcu7t5v0__aoi22_1)
     2    0.007816    0.421897    0.287210    1.519438 v _1183_/ZN (gf180mcu_fd_sc_mcu7t5v0__aoi22_1)
                                                         _0616_ (net)
                      0.421897    0.000007    1.519445 v _1199_/A2 (gf180mcu_fd_sc_mcu7t5v0__or2_1)
     2    0.009223    0.208753    0.504982    2.024427 v _1199_/Z (gf180mcu_fd_sc_mcu7t5v0__or2_1)
                                                         _0630_ (net)
                      0.208753    0.000053    2.024480 v _1200_/A2 (gf180mcu_fd_sc_mcu7t5v0__or2_1)
     1    0.004582    0.164679    0.410003    2.434483 v _1200_/Z (gf180mcu_fd_sc_mcu7t5v0__or2_1)
                                                         _0631_ (net)
                      0.164679    0.000000    2.434484 v _1205_/B (gf180mcu_fd_sc_mcu7t5v0__oai211_1)
     4    0.026967    0.995441    0.519671    2.954155 ^ _1205_/ZN (gf180mcu_fd_sc_mcu7t5v0__oai211_1)
                                                         _0636_ (net)
                      0.995441    0.000236    2.954391 ^ _1277_/A1 (gf180mcu_fd_sc_mcu7t5v0__aoi21_1)
     1    0.009466    0.374516    0.211807    3.166198 v _1277_/ZN (gf180mcu_fd_sc_mcu7t5v0__aoi21_1)
                                                         _0700_ (net)
                      0.374516    0.000133    3.166332 v _1305_/A1 (gf180mcu_fd_sc_mcu7t5v0__oai21_1)
     3    0.019193    0.718543    0.507282    3.673614 ^ _1305_/ZN (gf180mcu_fd_sc_mcu7t5v0__oai21_1)
                                                         _0724_ (net)
                      0.718543    0.000082    3.673696 ^ _1319_/A1 (gf180mcu_fd_sc_mcu7t5v0__aoi21_1)
     3    0.017673    0.429828    0.306528    3.980224 v _1319_/ZN (gf180mcu_fd_sc_mcu7t5v0__aoi21_1)
                                                         _0736_ (net)
                      0.429828    0.000110    3.980334 v _1340_/A1 (gf180mcu_fd_sc_mcu7t5v0__oai21_1)
     1    0.004753    0.311316    0.286725    4.267059 ^ _1340_/ZN (gf180mcu_fd_sc_mcu7t5v0__oai21_1)
                                                         _0755_ (net)
                      0.311316    0.000010    4.267069 ^ _1341_/I (gf180mcu_fd_sc_mcu7t5v0__clkinv_1)
     1    0.004835    0.162591    0.137699    4.404768 v _1341_/ZN (gf180mcu_fd_sc_mcu7t5v0__clkinv_1)
                                                         _0756_ (net)
                      0.162591    0.000011    4.404779 v _1342_/A2 (gf180mcu_fd_sc_mcu7t5v0__nor2_1)
     1    0.003382    0.235300    0.178304    4.583083 ^ _1342_/ZN (gf180mcu_fd_sc_mcu7t5v0__nor2_1)
                                                         _0128_ (net)
                      0.235300    0.000005    4.583088 ^ _2094_/D (gf180mcu_fd_sc_mcu7t5v0__dffrnq_1)
                                              4.583088   data arrival time

                                 81.379997   81.379997   clock clk (rise edge)
                                  0.000000   81.379997   clock source latency
    83    0.353267    0.000000    0.000000   81.379997 ^ clk (in)
                                                         clk (net)
                      0.005355    0.002188   81.382187 ^ _2094_/CLK (gf180mcu_fd_sc_mcu7t5v0__dffrnq_1)
                                 -0.250000   81.132187   clock uncertainty
                                  0.000000   81.132187   clock reconvergence pessimism
                                 -0.341302   80.790886   library setup time
                                             80.790886   data required time
---------------------------------------------------------------------------------------------
                                             80.790886   data required time
                                             -4.583088   data arrival time
---------------------------------------------------------------------------------------------
                                             76.207802   slack (MET)


Startpoint: _2100_ (rising edge-triggered flip-flop clocked by clk)
Endpoint: _2094_ (rising edge-triggered flip-flop clocked by clk_div)
Path Group: clk_div
Path Type: max

Fanout         Cap        Slew       Delay        Time   Description
---------------------------------------------------------------------------------------------
                               20751.898438 20751.898438   clock clk (rise edge)
                                  0.000000 20751.898438   clock source latency
    83    0.353267    0.000000    0.000000 20751.898438 ^ clk (in)
                                                         clk (net)
                      0.011338    0.005457 20751.904297 ^ _2100_/CLK (gf180mcu_fd_sc_mcu7t5v0__dffrnq_1)
     8    0.042970    0.747441    1.225999 20753.130859 ^ _2100_/Q (gf180mcu_fd_sc_mcu7t5v0__dffrnq_1)
                                                         u_cas_int.out_int2[5] (net)
                      0.747441    0.000000 20753.130859 ^ _1183_/B1 (gf180mcu_fd_sc_mcu7t5v0__aoi22_1)
     2    0.007816    0.421897    0.287400 20753.417969 v _1183_/ZN (gf180mcu_fd_sc_mcu7t5v0__aoi22_1)
                                                         _0616_ (net)
                      0.421897    0.000000 20753.417969 v _1199_/A2 (gf180mcu_fd_sc_mcu7t5v0__or2_1)
     2    0.009223    0.208753    0.505679 20753.923828 v _1199_/Z (gf180mcu_fd_sc_mcu7t5v0__or2_1)
                                                         _0630_ (net)
                      0.208753    0.000000 20753.923828 v _1200_/A2 (gf180mcu_fd_sc_mcu7t5v0__or2_1)
     1    0.004582    0.164679    0.409273 20754.333984 v _1200_/Z (gf180mcu_fd_sc_mcu7t5v0__or2_1)
                                                         _0631_ (net)
                      0.164679    0.000000 20754.333984 v _1205_/B (gf180mcu_fd_sc_mcu7t5v0__oai211_1)
     4    0.026967    0.995441    0.520231 20754.853516 ^ _1205_/ZN (gf180mcu_fd_sc_mcu7t5v0__oai211_1)
                                                         _0636_ (net)
                      0.995441    0.000000 20754.853516 ^ _1277_/A1 (gf180mcu_fd_sc_mcu7t5v0__aoi21_1)
     1    0.009466    0.374516    0.212822 20755.066406 v _1277_/ZN (gf180mcu_fd_sc_mcu7t5v0__aoi21_1)
                                                         _0700_ (net)
                      0.374516    0.000000 20755.066406 v _1305_/A1 (gf180mcu_fd_sc_mcu7t5v0__oai21_1)
     3    0.019193    0.718543    0.507498 20755.574219 ^ _1305_/ZN (gf180mcu_fd_sc_mcu7t5v0__oai21_1)
                                                         _0724_ (net)
                      0.718543    0.000000 20755.574219 ^ _1319_/A1 (gf180mcu_fd_sc_mcu7t5v0__aoi21_1)
     3    0.017673    0.429828    0.305590 20755.878906 v _1319_/ZN (gf180mcu_fd_sc_mcu7t5v0__aoi21_1)
                                                         _0736_ (net)
                      0.429828    0.000000 20755.878906 v _1340_/A1 (gf180mcu_fd_sc_mcu7t5v0__oai21_1)
     1    0.004753    0.311316    0.287400 20756.166016 ^ _1340_/ZN (gf180mcu_fd_sc_mcu7t5v0__oai21_1)
                                                         _0755_ (net)
                      0.311316    0.000000 20756.166016 ^ _1341_/I (gf180mcu_fd_sc_mcu7t5v0__clkinv_1)
     1    0.004835    0.162591    0.138243 20756.304688 v _1341_/ZN (gf180mcu_fd_sc_mcu7t5v0__clkinv_1)
                                                         _0756_ (net)
                      0.162591    0.000000 20756.304688 v _1342_/A2 (gf180mcu_fd_sc_mcu7t5v0__nor2_1)
     1    0.003382    0.235300    0.178261 20756.482422 ^ _1342_/ZN (gf180mcu_fd_sc_mcu7t5v0__nor2_1)
                                                         _0128_ (net)
                      0.235300    0.000000 20756.482422 ^ _2094_/D (gf180mcu_fd_sc_mcu7t5v0__dffrnq_1)
                                           20756.482422   data arrival time

                               20833.279297 20833.279297   clock clk_div (rise edge)
                                  0.000000 20833.279297   clock source latency
    83    0.353267    0.000000    0.000000 20833.279297 ^ clk (in)
                                                         clk (net)
                      0.005355    0.001819 20833.281250 ^ _2094_/CLK (gf180mcu_fd_sc_mcu7t5v0__dffrnq_1)
                                 -0.250000 20833.031250   clock uncertainty
                                  0.000000 20833.031250   clock reconvergence pessimism
                                 -0.341302 20832.689453   library setup time
                                           20832.689453   data required time
---------------------------------------------------------------------------------------------
                                           20832.689453   data required time
                                           -20756.482422   data arrival time
---------------------------------------------------------------------------------------------
                                             76.207802   slack (MET)


Startpoint: _2100_ (rising edge-triggered flip-flop clocked by clk)
Endpoint: _2093_ (rising edge-triggered flip-flop clocked by clk)
Path Group: clk
Path Type: max

Fanout         Cap        Slew       Delay        Time   Description
---------------------------------------------------------------------------------------------
                                  0.000000    0.000000   clock clk (rise edge)
                                  0.000000    0.000000   clock source latency
    83    0.353267    0.000000    0.000000    0.000000 ^ clk (in)
                                                         clk (net)
                      0.011338    0.004638    0.004638 ^ _2100_/CLK (gf180mcu_fd_sc_mcu7t5v0__dffrnq_1)
     8    0.042970    0.747441    1.227585    1.232223 ^ _2100_/Q (gf180mcu_fd_sc_mcu7t5v0__dffrnq_1)
                                                         u_cas_int.out_int2[5] (net)
                      0.747441    0.000005    1.232228 ^ _1183_/B1 (gf180mcu_fd_sc_mcu7t5v0__aoi22_1)
     2    0.007816    0.421897    0.287210    1.519438 v _1183_/ZN (gf180mcu_fd_sc_mcu7t5v0__aoi22_1)
                                                         _0616_ (net)
                      0.421897    0.000007    1.519445 v _1199_/A2 (gf180mcu_fd_sc_mcu7t5v0__or2_1)
     2    0.009223    0.208753    0.504982    2.024427 v _1199_/Z (gf180mcu_fd_sc_mcu7t5v0__or2_1)
                                                         _0630_ (net)
                      0.208753    0.000053    2.024480 v _1200_/A2 (gf180mcu_fd_sc_mcu7t5v0__or2_1)
     1    0.004582    0.164679    0.410003    2.434483 v _1200_/Z (gf180mcu_fd_sc_mcu7t5v0__or2_1)
                                                         _0631_ (net)
                      0.164679    0.000000    2.434484 v _1205_/B (gf180mcu_fd_sc_mcu7t5v0__oai211_1)
     4    0.026967    0.995441    0.519671    2.954155 ^ _1205_/ZN (gf180mcu_fd_sc_mcu7t5v0__oai211_1)
                                                         _0636_ (net)
                      0.995441    0.000236    2.954391 ^ _1277_/A1 (gf180mcu_fd_sc_mcu7t5v0__aoi21_1)
     1    0.009466    0.374516    0.211807    3.166198 v _1277_/ZN (gf180mcu_fd_sc_mcu7t5v0__aoi21_1)
                                                         _0700_ (net)
                      0.374516    0.000133    3.166332 v _1305_/A1 (gf180mcu_fd_sc_mcu7t5v0__oai21_1)
     3    0.019193    0.718543    0.507282    3.673614 ^ _1305_/ZN (gf180mcu_fd_sc_mcu7t5v0__oai21_1)
                                                         _0724_ (net)
                      0.718543    0.000082    3.673696 ^ _1319_/A1 (gf180mcu_fd_sc_mcu7t5v0__aoi21_1)
     3    0.017673    0.429828    0.306528    3.980224 v _1319_/ZN (gf180mcu_fd_sc_mcu7t5v0__aoi21_1)
                                                         _0736_ (net)
                      0.429828    0.000113    3.980338 v _1327_/A1 (gf180mcu_fd_sc_mcu7t5v0__oai21_1)
     1    0.004863    0.321642    0.288670    4.269008 ^ _1327_/ZN (gf180mcu_fd_sc_mcu7t5v0__oai21_1)
                                                         _0743_ (net)
                      0.321642    0.000007    4.269014 ^ _1328_/A2 (gf180mcu_fd_sc_mcu7t5v0__nand2_1)
     1    0.004934    0.236932    0.122022    4.391037 v _1328_/ZN (gf180mcu_fd_sc_mcu7t5v0__nand2_1)
                                                         _0744_ (net)
                      0.236932    0.000003    4.391040 v _1331_/A1 (gf180mcu_fd_sc_mcu7t5v0__nand2_1)
     1    0.003583    0.189861    0.145614    4.536654 ^ _1331_/ZN (gf180mcu_fd_sc_mcu7t5v0__nand2_1)
                                                         _0127_ (net)
                      0.189861    0.000009    4.536663 ^ _2093_/D (gf180mcu_fd_sc_mcu7t5v0__dffrnq_1)
                                              4.536663   data arrival time

                                 81.379997   81.379997   clock clk (rise edge)
                                  0.000000   81.379997   clock source latency
    83    0.353267    0.000000    0.000000   81.379997 ^ clk (in)
                                                         clk (net)
                      0.006176    0.002530   81.382523 ^ _2093_/CLK (gf180mcu_fd_sc_mcu7t5v0__dffrnq_1)
                                 -0.250000   81.132530   clock uncertainty
                                  0.000000   81.132530   clock reconvergence pessimism
                                 -0.334381   80.798149   library setup time
                                             80.798149   data required time
---------------------------------------------------------------------------------------------
                                             80.798149   data required time
                                             -4.536663   data arrival time
---------------------------------------------------------------------------------------------
                                             76.261490   slack (MET)


Startpoint: _2100_ (rising edge-triggered flip-flop clocked by clk)
Endpoint: _2093_ (rising edge-triggered flip-flop clocked by clk_div)
Path Group: clk_div
Path Type: max

Fanout         Cap        Slew       Delay        Time   Description
---------------------------------------------------------------------------------------------
                               20751.898438 20751.898438   clock clk (rise edge)
                                  0.000000 20751.898438   clock source latency
    83    0.353267    0.000000    0.000000 20751.898438 ^ clk (in)
                                                         clk (net)
                      0.011338    0.005457 20751.904297 ^ _2100_/CLK (gf180mcu_fd_sc_mcu7t5v0__dffrnq_1)
     8    0.042970    0.747441    1.225999 20753.130859 ^ _2100_/Q (gf180mcu_fd_sc_mcu7t5v0__dffrnq_1)
                                                         u_cas_int.out_int2[5] (net)
                      0.747441    0.000000 20753.130859 ^ _1183_/B1 (gf180mcu_fd_sc_mcu7t5v0__aoi22_1)
     2    0.007816    0.421897    0.287400 20753.417969 v _1183_/ZN (gf180mcu_fd_sc_mcu7t5v0__aoi22_1)
                                                         _0616_ (net)
                      0.421897    0.000000 20753.417969 v _1199_/A2 (gf180mcu_fd_sc_mcu7t5v0__or2_1)
     2    0.009223    0.208753    0.505679 20753.923828 v _1199_/Z (gf180mcu_fd_sc_mcu7t5v0__or2_1)
                                                         _0630_ (net)
                      0.208753    0.000000 20753.923828 v _1200_/A2 (gf180mcu_fd_sc_mcu7t5v0__or2_1)
     1    0.004582    0.164679    0.409273 20754.333984 v _1200_/Z (gf180mcu_fd_sc_mcu7t5v0__or2_1)
                                                         _0631_ (net)
                      0.164679    0.000000 20754.333984 v _1205_/B (gf180mcu_fd_sc_mcu7t5v0__oai211_1)
     4    0.026967    0.995441    0.520231 20754.853516 ^ _1205_/ZN (gf180mcu_fd_sc_mcu7t5v0__oai211_1)
                                                         _0636_ (net)
                      0.995441    0.000000 20754.853516 ^ _1277_/A1 (gf180mcu_fd_sc_mcu7t5v0__aoi21_1)
     1    0.009466    0.374516    0.212822 20755.066406 v _1277_/ZN (gf180mcu_fd_sc_mcu7t5v0__aoi21_1)
                                                         _0700_ (net)
                      0.374516    0.000000 20755.066406 v _1305_/A1 (gf180mcu_fd_sc_mcu7t5v0__oai21_1)
     3    0.019193    0.718543    0.507498 20755.574219 ^ _1305_/ZN (gf180mcu_fd_sc_mcu7t5v0__oai21_1)
                                                         _0724_ (net)
                      0.718543    0.000000 20755.574219 ^ _1319_/A1 (gf180mcu_fd_sc_mcu7t5v0__aoi21_1)
     3    0.017673    0.429828    0.305590 20755.878906 v _1319_/ZN (gf180mcu_fd_sc_mcu7t5v0__aoi21_1)
                                                         _0736_ (net)
                      0.429828    0.000000 20755.878906 v _1327_/A1 (gf180mcu_fd_sc_mcu7t5v0__oai21_1)
     1    0.004863    0.321642    0.289219 20756.167969 ^ _1327_/ZN (gf180mcu_fd_sc_mcu7t5v0__oai21_1)
                                                         _0743_ (net)
                      0.321642    0.000000 20756.167969 ^ _1328_/A2 (gf180mcu_fd_sc_mcu7t5v0__nand2_1)
     1    0.004934    0.236932    0.121872 20756.291016 v _1328_/ZN (gf180mcu_fd_sc_mcu7t5v0__nand2_1)
                                                         _0744_ (net)
                      0.236932    0.000000 20756.291016 v _1331_/A1 (gf180mcu_fd_sc_mcu7t5v0__nand2_1)
     1    0.003583    0.189861    0.145519 20756.435547 ^ _1331_/ZN (gf180mcu_fd_sc_mcu7t5v0__nand2_1)
                                                         _0127_ (net)
                      0.189861    0.000000 20756.435547 ^ _2093_/D (gf180mcu_fd_sc_mcu7t5v0__dffrnq_1)
                                           20756.435547   data arrival time

                               20833.279297 20833.279297   clock clk_div (rise edge)
                                  0.000000 20833.279297   clock source latency
    83    0.353267    0.000000    0.000000 20833.279297 ^ clk (in)
                                                         clk (net)
                      0.006176    0.001819 20833.281250 ^ _2093_/CLK (gf180mcu_fd_sc_mcu7t5v0__dffrnq_1)
                                 -0.250000 20833.031250   clock uncertainty
                                  0.000000 20833.031250   clock reconvergence pessimism
                                 -0.334381 20832.697266   library setup time
                                           20832.697266   data required time
---------------------------------------------------------------------------------------------
                                           20832.697266   data required time
                                           -20756.435547   data arrival time
---------------------------------------------------------------------------------------------
                                             76.261490   slack (MET)


Startpoint: _2120_ (rising edge-triggered flip-flop clocked by clk)
Endpoint: _2117_ (rising edge-triggered flip-flop clocked by clk)
Path Group: clk
Path Type: max

Fanout         Cap        Slew       Delay        Time   Description
---------------------------------------------------------------------------------------------
                                  0.000000    0.000000   clock clk (rise edge)
                                  0.000000    0.000000   clock source latency
    83    0.353267    0.000000    0.000000    0.000000 ^ clk (in)
                                                         clk (net)
                      0.010145    0.004150    0.004150 ^ _2120_/CLK (gf180mcu_fd_sc_mcu7t5v0__dffrnq_1)
     7    0.038777    0.704488    1.188649    1.192798 ^ _2120_/Q (gf180mcu_fd_sc_mcu7t5v0__dffrnq_1)
                                                         u_cas_int.out_int1[0] (net)
                      0.704488    0.000039    1.192837 ^ _1348_/B (gf180mcu_fd_sc_mcu7t5v0__oai211_1)
     2    0.009787    0.439905    0.346384    1.539221 v _1348_/ZN (gf180mcu_fd_sc_mcu7t5v0__oai211_1)
                                                         _0761_ (net)
                      0.439905    0.000023    1.539244 v _1350_/A2 (gf180mcu_fd_sc_mcu7t5v0__aoi211_1)
     2    0.010353    0.798835    0.524965    2.064209 ^ _1350_/ZN (gf180mcu_fd_sc_mcu7t5v0__aoi211_1)
                                                         _0763_ (net)
                      0.798835    0.000048    2.064257 ^ _1360_/A1 (gf180mcu_fd_sc_mcu7t5v0__aoi21_1)
     1    0.006459    0.296642    0.165510    2.229766 v _1360_/ZN (gf180mcu_fd_sc_mcu7t5v0__aoi21_1)
                                                         _0771_ (net)
                      0.296642    0.000034    2.229801 v _1387_/A1 (gf180mcu_fd_sc_mcu7t5v0__oai21_1)
     5    0.031660    1.058277    0.691836    2.921637 ^ _1387_/ZN (gf180mcu_fd_sc_mcu7t5v0__oai21_1)
                                                         _0794_ (net)
                      1.058277    0.000433    2.922070 ^ _1445_/A1 (gf180mcu_fd_sc_mcu7t5v0__nand2_1)
     4    0.022632    0.546531    0.392341    3.314411 v _1445_/ZN (gf180mcu_fd_sc_mcu7t5v0__nand2_1)
                                                         _0844_ (net)
                      0.546531    0.000389    3.314800 v _1471_/A1 (gf180mcu_fd_sc_mcu7t5v0__aoi21_1)
     1    0.005456    0.376653    0.322740    3.637540 ^ _1471_/ZN (gf180mcu_fd_sc_mcu7t5v0__aoi21_1)
                                                         _0866_ (net)
                      0.376653    0.000010    3.637550 ^ _1487_/A1 (gf180mcu_fd_sc_mcu7t5v0__oai21_1)
     3    0.016883    0.367713    0.263509    3.901060 v _1487_/ZN (gf180mcu_fd_sc_mcu7t5v0__oai21_1)
                                                         _0880_ (net)
                      0.367713    0.000116    3.901175 v _1492_/A1 (gf180mcu_fd_sc_mcu7t5v0__nand2_1)
     1    0.007944    0.246830    0.229824    4.131000 ^ _1492_/ZN (gf180mcu_fd_sc_mcu7t5v0__nand2_1)
                                                         _0885_ (net)
                      0.246830    0.000017    4.131017 ^ _1496_/A3 (gf180mcu_fd_sc_mcu7t5v0__xor3_1)
     1    0.003137    0.322068    0.369273    4.500289 ^ _1496_/Z (gf180mcu_fd_sc_mcu7t5v0__xor3_1)
                                                         _0101_ (net)
                      0.322068    0.000002    4.500291 ^ _2117_/D (gf180mcu_fd_sc_mcu7t5v0__dffrnq_1)
                                              4.500291   data arrival time

                                 81.379997   81.379997   clock clk (rise edge)
                                  0.000000   81.379997   clock source latency
    83    0.353267    0.000000    0.000000   81.379997 ^ clk (in)
                                                         clk (net)
                      0.004402    0.001798   81.381798 ^ _2117_/CLK (gf180mcu_fd_sc_mcu7t5v0__dffrnq_1)
                                 -0.250000   81.131798   clock uncertainty
                                  0.000000   81.131798   clock reconvergence pessimism
                                 -0.354387   80.777405   library setup time
                                             80.777405   data required time
---------------------------------------------------------------------------------------------
                                             80.777405   data required time
                                             -4.500291   data arrival time
---------------------------------------------------------------------------------------------
                                             76.277115   slack (MET)


Startpoint: _2120_ (rising edge-triggered flip-flop clocked by clk)
Endpoint: _2117_ (rising edge-triggered flip-flop clocked by clk_div)
Path Group: clk_div
Path Type: max

Fanout         Cap        Slew       Delay        Time   Description
---------------------------------------------------------------------------------------------
                               20751.898438 20751.898438   clock clk (rise edge)
                                  0.000000 20751.898438   clock source latency
    83    0.353267    0.000000    0.000000 20751.898438 ^ clk (in)
                                                         clk (net)
                      0.010145    0.003638 20751.902344 ^ _2120_/CLK (gf180mcu_fd_sc_mcu7t5v0__dffrnq_1)
     7    0.038777    0.704488    1.189619 20753.091797 ^ _2120_/Q (gf180mcu_fd_sc_mcu7t5v0__dffrnq_1)
                                                         u_cas_int.out_int1[0] (net)
                      0.704488    0.000000 20753.091797 ^ _1348_/B (gf180mcu_fd_sc_mcu7t5v0__oai211_1)
     2    0.009787    0.439905    0.345608 20753.437500 v _1348_/ZN (gf180mcu_fd_sc_mcu7t5v0__oai211_1)
                                                         _0761_ (net)
                      0.439905    0.000000 20753.437500 v _1350_/A2 (gf180mcu_fd_sc_mcu7t5v0__aoi211_1)
     2    0.010353    0.798835    0.525688 20753.964844 ^ _1350_/ZN (gf180mcu_fd_sc_mcu7t5v0__aoi211_1)
                                                         _0763_ (net)
                      0.798835    0.000000 20753.964844 ^ _1360_/A1 (gf180mcu_fd_sc_mcu7t5v0__aoi21_1)
     1    0.006459    0.296642    0.165528 20754.128906 v _1360_/ZN (gf180mcu_fd_sc_mcu7t5v0__aoi21_1)
                                                         _0771_ (net)
                      0.296642    0.000000 20754.128906 v _1387_/A1 (gf180mcu_fd_sc_mcu7t5v0__oai21_1)
     5    0.031660    1.058277    0.691216 20754.820312 ^ _1387_/ZN (gf180mcu_fd_sc_mcu7t5v0__oai21_1)
                                                         _0794_ (net)
                      1.058277    0.000000 20754.820312 ^ _1445_/A1 (gf180mcu_fd_sc_mcu7t5v0__nand2_1)
     4    0.022632    0.546531    0.392902 20755.212891 v _1445_/ZN (gf180mcu_fd_sc_mcu7t5v0__nand2_1)
                                                         _0844_ (net)
                      0.546531    0.000000 20755.212891 v _1471_/A1 (gf180mcu_fd_sc_mcu7t5v0__aoi21_1)
     1    0.005456    0.376653    0.323780 20755.537109 ^ _1471_/ZN (gf180mcu_fd_sc_mcu7t5v0__aoi21_1)
                                                         _0866_ (net)
                      0.376653    0.000000 20755.537109 ^ _1487_/A1 (gf180mcu_fd_sc_mcu7t5v0__oai21_1)
     3    0.016883    0.367713    0.263753 20755.800781 v _1487_/ZN (gf180mcu_fd_sc_mcu7t5v0__oai21_1)
                                                         _0880_ (net)
                      0.367713    0.000000 20755.800781 v _1492_/A1 (gf180mcu_fd_sc_mcu7t5v0__nand2_1)
     1    0.007944    0.246830    0.229193 20756.031250 ^ _1492_/ZN (gf180mcu_fd_sc_mcu7t5v0__nand2_1)
                                                         _0885_ (net)
                      0.246830    0.000000 20756.031250 ^ _1496_/A3 (gf180mcu_fd_sc_mcu7t5v0__xor3_1)
     1    0.003137    0.322068    0.369255 20756.400391 ^ _1496_/Z (gf180mcu_fd_sc_mcu7t5v0__xor3_1)
                                                         _0101_ (net)
                      0.322068    0.000000 20756.400391 ^ _2117_/D (gf180mcu_fd_sc_mcu7t5v0__dffrnq_1)
                                           20756.400391   data arrival time

                               20833.279297 20833.279297   clock clk_div (rise edge)
                                  0.000000 20833.279297   clock source latency
    83    0.353267    0.000000    0.000000 20833.279297 ^ clk (in)
                                                         clk (net)
                      0.004402    0.001819 20833.281250 ^ _2117_/CLK (gf180mcu_fd_sc_mcu7t5v0__dffrnq_1)
                                 -0.250000 20833.031250   clock uncertainty
                                  0.000000 20833.031250   clock reconvergence pessimism
                                 -0.354387 20832.677734   library setup time
                                           20832.677734   data required time
---------------------------------------------------------------------------------------------
                                           20832.677734   data required time
                                           -20756.400391   data arrival time
---------------------------------------------------------------------------------------------
                                             76.277115   slack (MET)


Startpoint: _2120_ (rising edge-triggered flip-flop clocked by clk)
Endpoint: _2116_ (rising edge-triggered flip-flop clocked by clk)
Path Group: clk
Path Type: max

Fanout         Cap        Slew       Delay        Time   Description
---------------------------------------------------------------------------------------------
                                  0.000000    0.000000   clock clk (rise edge)
                                  0.000000    0.000000   clock source latency
    83    0.353267    0.000000    0.000000    0.000000 ^ clk (in)
                                                         clk (net)
                      0.010145    0.004150    0.004150 ^ _2120_/CLK (gf180mcu_fd_sc_mcu7t5v0__dffrnq_1)
     7    0.038777    0.704488    1.188649    1.192798 ^ _2120_/Q (gf180mcu_fd_sc_mcu7t5v0__dffrnq_1)
                                                         u_cas_int.out_int1[0] (net)
                      0.704488    0.000039    1.192837 ^ _1348_/B (gf180mcu_fd_sc_mcu7t5v0__oai211_1)
     2    0.009787    0.439905    0.346384    1.539221 v _1348_/ZN (gf180mcu_fd_sc_mcu7t5v0__oai211_1)
                                                         _0761_ (net)
                      0.439905    0.000023    1.539244 v _1350_/A2 (gf180mcu_fd_sc_mcu7t5v0__aoi211_1)
     2    0.010353    0.798835    0.524965    2.064209 ^ _1350_/ZN (gf180mcu_fd_sc_mcu7t5v0__aoi211_1)
                                                         _0763_ (net)
                      0.798835    0.000048    2.064257 ^ _1360_/A1 (gf180mcu_fd_sc_mcu7t5v0__aoi21_1)
     1    0.006459    0.296642    0.165510    2.229766 v _1360_/ZN (gf180mcu_fd_sc_mcu7t5v0__aoi21_1)
                                                         _0771_ (net)
                      0.296642    0.000034    2.229801 v _1387_/A1 (gf180mcu_fd_sc_mcu7t5v0__oai21_1)
     5    0.031660    1.058277    0.691836    2.921637 ^ _1387_/ZN (gf180mcu_fd_sc_mcu7t5v0__oai21_1)
                                                         _0794_ (net)
                      1.058277    0.000433    2.922070 ^ _1445_/A1 (gf180mcu_fd_sc_mcu7t5v0__nand2_1)
     4    0.022632    0.546531    0.392341    3.314411 v _1445_/ZN (gf180mcu_fd_sc_mcu7t5v0__nand2_1)
                                                         _0844_ (net)
                      0.546531    0.000388    3.314799 v _1447_/A1 (gf180mcu_fd_sc_mcu7t5v0__nand2_1)
     1    0.005080    0.241740    0.234754    3.549553 ^ _1447_/ZN (gf180mcu_fd_sc_mcu7t5v0__nand2_1)
                                                         _0846_ (net)
                      0.241740    0.000004    3.549558 ^ _1476_/A1 (gf180mcu_fd_sc_mcu7t5v0__aoi21_1)
     2    0.013911    0.384176    0.214443    3.764001 v _1476_/ZN (gf180mcu_fd_sc_mcu7t5v0__aoi21_1)
                                                         _0871_ (net)
                      0.384176    0.000075    3.764075 v _1484_/A1 (gf180mcu_fd_sc_mcu7t5v0__oai21_1)
     1    0.008071    0.395958    0.328211    4.092287 ^ _1484_/ZN (gf180mcu_fd_sc_mcu7t5v0__oai21_1)
                                                         _0878_ (net)
                      0.395958    0.000020    4.092306 ^ _1485_/A3 (gf180mcu_fd_sc_mcu7t5v0__xor3_1)
     1    0.003169    0.318995    0.381974    4.474280 ^ _1485_/Z (gf180mcu_fd_sc_mcu7t5v0__xor3_1)
                                                         _0100_ (net)
                      0.318995    0.000002    4.474282 ^ _2116_/D (gf180mcu_fd_sc_mcu7t5v0__dffrnq_1)
                                              4.474282   data arrival time

                                 81.379997   81.379997   clock clk (rise edge)
                                  0.000000   81.379997   clock source latency
    83    0.353267    0.000000    0.000000   81.379997 ^ clk (in)
                                                         clk (net)
                      0.004436    0.001812   81.381805 ^ _2116_/CLK (gf180mcu_fd_sc_mcu7t5v0__dffrnq_1)
                                 -0.250000   81.131813   clock uncertainty
                                  0.000000   81.131813   clock reconvergence pessimism
                                 -0.353924   80.777893   library setup time
                                             80.777893   data required time
---------------------------------------------------------------------------------------------
                                             80.777893   data required time
                                             -4.474282   data arrival time
---------------------------------------------------------------------------------------------
                                             76.303612   slack (MET)


Startpoint: _2120_ (rising edge-triggered flip-flop clocked by clk)
Endpoint: _2116_ (rising edge-triggered flip-flop clocked by clk_div)
Path Group: clk_div
Path Type: max

Fanout         Cap        Slew       Delay        Time   Description
---------------------------------------------------------------------------------------------
                               20751.898438 20751.898438   clock clk (rise edge)
                                  0.000000 20751.898438   clock source latency
    83    0.353267    0.000000    0.000000 20751.898438 ^ clk (in)
                                                         clk (net)
                      0.010145    0.003638 20751.902344 ^ _2120_/CLK (gf180mcu_fd_sc_mcu7t5v0__dffrnq_1)
     7    0.038777    0.704488    1.189619 20753.091797 ^ _2120_/Q (gf180mcu_fd_sc_mcu7t5v0__dffrnq_1)
                                                         u_cas_int.out_int1[0] (net)
                      0.704488    0.000000 20753.091797 ^ _1348_/B (gf180mcu_fd_sc_mcu7t5v0__oai211_1)
     2    0.009787    0.439905    0.345608 20753.437500 v _1348_/ZN (gf180mcu_fd_sc_mcu7t5v0__oai211_1)
                                                         _0761_ (net)
                      0.439905    0.000000 20753.437500 v _1350_/A2 (gf180mcu_fd_sc_mcu7t5v0__aoi211_1)
     2    0.010353    0.798835    0.525688 20753.964844 ^ _1350_/ZN (gf180mcu_fd_sc_mcu7t5v0__aoi211_1)
                                                         _0763_ (net)
                      0.798835    0.000000 20753.964844 ^ _1360_/A1 (gf180mcu_fd_sc_mcu7t5v0__aoi21_1)
     1    0.006459    0.296642    0.165528 20754.128906 v _1360_/ZN (gf180mcu_fd_sc_mcu7t5v0__aoi21_1)
                                                         _0771_ (net)
                      0.296642    0.000000 20754.128906 v _1387_/A1 (gf180mcu_fd_sc_mcu7t5v0__oai21_1)
     5    0.031660    1.058277    0.691216 20754.820312 ^ _1387_/ZN (gf180mcu_fd_sc_mcu7t5v0__oai21_1)
                                                         _0794_ (net)
                      1.058277    0.000000 20754.820312 ^ _1445_/A1 (gf180mcu_fd_sc_mcu7t5v0__nand2_1)
     4    0.022632    0.546531    0.392902 20755.212891 v _1445_/ZN (gf180mcu_fd_sc_mcu7t5v0__nand2_1)
                                                         _0844_ (net)
                      0.546531    0.000000 20755.212891 v _1447_/A1 (gf180mcu_fd_sc_mcu7t5v0__nand2_1)
     1    0.005080    0.241740    0.234650 20755.447266 ^ _1447_/ZN (gf180mcu_fd_sc_mcu7t5v0__nand2_1)
                                                         _0846_ (net)
                      0.241740    0.000000 20755.447266 ^ _1476_/A1 (gf180mcu_fd_sc_mcu7t5v0__aoi21_1)
     2    0.013911    0.384176    0.214641 20755.662109 v _1476_/ZN (gf180mcu_fd_sc_mcu7t5v0__aoi21_1)
                                                         _0871_ (net)
                      0.384176    0.000000 20755.662109 v _1484_/A1 (gf180mcu_fd_sc_mcu7t5v0__oai21_1)
     1    0.008071    0.395958    0.329237 20755.992188 ^ _1484_/ZN (gf180mcu_fd_sc_mcu7t5v0__oai21_1)
                                                         _0878_ (net)
                      0.395958    0.000000 20755.992188 ^ _1485_/A3 (gf180mcu_fd_sc_mcu7t5v0__xor3_1)
     1    0.003169    0.318995    0.381988 20756.375000 ^ _1485_/Z (gf180mcu_fd_sc_mcu7t5v0__xor3_1)
                                                         _0100_ (net)
                      0.318995    0.000000 20756.375000 ^ _2116_/D (gf180mcu_fd_sc_mcu7t5v0__dffrnq_1)
                                           20756.375000   data arrival time

                               20833.279297 20833.279297   clock clk_div (rise edge)
                                  0.000000 20833.279297   clock source latency
    83    0.353267    0.000000    0.000000 20833.279297 ^ clk (in)
                                                         clk (net)
                      0.004436    0.001819 20833.281250 ^ _2116_/CLK (gf180mcu_fd_sc_mcu7t5v0__dffrnq_1)
                                 -0.250000 20833.031250   clock uncertainty
                                  0.000000 20833.031250   clock reconvergence pessimism
                                 -0.353924 20832.677734   library setup time
                                           20832.677734   data required time
---------------------------------------------------------------------------------------------
                                           20832.677734   data required time
                                           -20756.375000   data arrival time
---------------------------------------------------------------------------------------------
                                             76.303612   slack (MET)


Startpoint: _2120_ (rising edge-triggered flip-flop clocked by clk)
Endpoint: _2118_ (rising edge-triggered flip-flop clocked by clk)
Path Group: clk
Path Type: max

Fanout         Cap        Slew       Delay        Time   Description
---------------------------------------------------------------------------------------------
                                  0.000000    0.000000   clock clk (rise edge)
                                  0.000000    0.000000   clock source latency
    83    0.353267    0.000000    0.000000    0.000000 ^ clk (in)
                                                         clk (net)
                      0.010145    0.004150    0.004150 ^ _2120_/CLK (gf180mcu_fd_sc_mcu7t5v0__dffrnq_1)
     7    0.038777    0.704488    1.188649    1.192798 ^ _2120_/Q (gf180mcu_fd_sc_mcu7t5v0__dffrnq_1)
                                                         u_cas_int.out_int1[0] (net)
                      0.704488    0.000039    1.192837 ^ _1348_/B (gf180mcu_fd_sc_mcu7t5v0__oai211_1)
     2    0.009787    0.439905    0.346384    1.539221 v _1348_/ZN (gf180mcu_fd_sc_mcu7t5v0__oai211_1)
                                                         _0761_ (net)
                      0.439905    0.000023    1.539244 v _1350_/A2 (gf180mcu_fd_sc_mcu7t5v0__aoi211_1)
     2    0.010353    0.798835    0.524965    2.064209 ^ _1350_/ZN (gf180mcu_fd_sc_mcu7t5v0__aoi211_1)
                                                         _0763_ (net)
                      0.798835    0.000048    2.064257 ^ _1360_/A1 (gf180mcu_fd_sc_mcu7t5v0__aoi21_1)
     1    0.006459    0.296642    0.165510    2.229766 v _1360_/ZN (gf180mcu_fd_sc_mcu7t5v0__aoi21_1)
                                                         _0771_ (net)
                      0.296642    0.000034    2.229801 v _1387_/A1 (gf180mcu_fd_sc_mcu7t5v0__oai21_1)
     5    0.031660    1.058277    0.691836    2.921637 ^ _1387_/ZN (gf180mcu_fd_sc_mcu7t5v0__oai21_1)
                                                         _0794_ (net)
                      1.058277    0.000433    2.922070 ^ _1445_/A1 (gf180mcu_fd_sc_mcu7t5v0__nand2_1)
     4    0.022632    0.546531    0.392341    3.314411 v _1445_/ZN (gf180mcu_fd_sc_mcu7t5v0__nand2_1)
                                                         _0844_ (net)
                      0.546531    0.000389    3.314800 v _1471_/A1 (gf180mcu_fd_sc_mcu7t5v0__aoi21_1)
     1    0.005456    0.376653    0.322740    3.637540 ^ _1471_/ZN (gf180mcu_fd_sc_mcu7t5v0__aoi21_1)
                                                         _0866_ (net)
                      0.376653    0.000010    3.637550 ^ _1487_/A1 (gf180mcu_fd_sc_mcu7t5v0__oai21_1)
     3    0.016883    0.367713    0.263509    3.901060 v _1487_/ZN (gf180mcu_fd_sc_mcu7t5v0__oai21_1)
                                                         _0880_ (net)
                      0.367713    0.000132    3.901191 v _1501_/A1 (gf180mcu_fd_sc_mcu7t5v0__aoi21_1)
     1    0.005194    0.372382    0.266014    4.167205 ^ _1501_/ZN (gf180mcu_fd_sc_mcu7t5v0__aoi21_1)
                                                         _0893_ (net)
                      0.372382    0.000008    4.167213 ^ _1502_/A2 (gf180mcu_fd_sc_mcu7t5v0__oai21_1)
     1    0.005303    0.229101    0.173923    4.341136 v _1502_/ZN (gf180mcu_fd_sc_mcu7t5v0__oai21_1)
                                                         _0894_ (net)
                      0.229101    0.000011    4.341146 v _1504_/A1 (gf180mcu_fd_sc_mcu7t5v0__nand2_1)
     1    0.003445    0.195462    0.142109    4.483255 ^ _1504_/ZN (gf180mcu_fd_sc_mcu7t5v0__nand2_1)
                                                         _0102_ (net)
                      0.195462    0.000006    4.483261 ^ _2118_/D (gf180mcu_fd_sc_mcu7t5v0__dffrnq_1)
                                              4.483261   data arrival time

                                 81.379997   81.379997   clock clk (rise edge)
                                  0.000000   81.379997   clock source latency
    83    0.353267    0.000000    0.000000   81.379997 ^ clk (in)
                                                         clk (net)
                      0.004223    0.001727   81.381721 ^ _2118_/CLK (gf180mcu_fd_sc_mcu7t5v0__dffrnq_1)
                                 -0.250000   81.131729   clock uncertainty
                                  0.000000   81.131729   clock reconvergence pessimism
                                 -0.335553   80.796173   library setup time
                                             80.796173   data required time
---------------------------------------------------------------------------------------------
                                             80.796173   data required time
                                             -4.483261   data arrival time
---------------------------------------------------------------------------------------------
                                             76.312912   slack (MET)


Startpoint: _2120_ (rising edge-triggered flip-flop clocked by clk)
Endpoint: _2118_ (rising edge-triggered flip-flop clocked by clk_div)
Path Group: clk_div
Path Type: max

Fanout         Cap        Slew       Delay        Time   Description
---------------------------------------------------------------------------------------------
                               20751.898438 20751.898438   clock clk (rise edge)
                                  0.000000 20751.898438   clock source latency
    83    0.353267    0.000000    0.000000 20751.898438 ^ clk (in)
                                                         clk (net)
                      0.010145    0.003638 20751.902344 ^ _2120_/CLK (gf180mcu_fd_sc_mcu7t5v0__dffrnq_1)
     7    0.038777    0.704488    1.189619 20753.091797 ^ _2120_/Q (gf180mcu_fd_sc_mcu7t5v0__dffrnq_1)
                                                         u_cas_int.out_int1[0] (net)
                      0.704488    0.000000 20753.091797 ^ _1348_/B (gf180mcu_fd_sc_mcu7t5v0__oai211_1)
     2    0.009787    0.439905    0.345608 20753.437500 v _1348_/ZN (gf180mcu_fd_sc_mcu7t5v0__oai211_1)
                                                         _0761_ (net)
                      0.439905    0.000000 20753.437500 v _1350_/A2 (gf180mcu_fd_sc_mcu7t5v0__aoi211_1)
     2    0.010353    0.798835    0.525688 20753.964844 ^ _1350_/ZN (gf180mcu_fd_sc_mcu7t5v0__aoi211_1)
                                                         _0763_ (net)
                      0.798835    0.000000 20753.964844 ^ _1360_/A1 (gf180mcu_fd_sc_mcu7t5v0__aoi21_1)
     1    0.006459    0.296642    0.165528 20754.128906 v _1360_/ZN (gf180mcu_fd_sc_mcu7t5v0__aoi21_1)
                                                         _0771_ (net)
                      0.296642    0.000000 20754.128906 v _1387_/A1 (gf180mcu_fd_sc_mcu7t5v0__oai21_1)
     5    0.031660    1.058277    0.691216 20754.820312 ^ _1387_/ZN (gf180mcu_fd_sc_mcu7t5v0__oai21_1)
                                                         _0794_ (net)
                      1.058277    0.000000 20754.820312 ^ _1445_/A1 (gf180mcu_fd_sc_mcu7t5v0__nand2_1)
     4    0.022632    0.546531    0.392902 20755.212891 v _1445_/ZN (gf180mcu_fd_sc_mcu7t5v0__nand2_1)
                                                         _0844_ (net)
                      0.546531    0.000000 20755.212891 v _1471_/A1 (gf180mcu_fd_sc_mcu7t5v0__aoi21_1)
     1    0.005456    0.376653    0.323780 20755.537109 ^ _1471_/ZN (gf180mcu_fd_sc_mcu7t5v0__aoi21_1)
                                                         _0866_ (net)
                      0.376653    0.000000 20755.537109 ^ _1487_/A1 (gf180mcu_fd_sc_mcu7t5v0__oai21_1)
     3    0.016883    0.367713    0.263753 20755.800781 v _1487_/ZN (gf180mcu_fd_sc_mcu7t5v0__oai21_1)
                                                         _0880_ (net)
                      0.367713    0.000000 20755.800781 v _1501_/A1 (gf180mcu_fd_sc_mcu7t5v0__aoi21_1)
     1    0.005194    0.372382    0.265572 20756.066406 ^ _1501_/ZN (gf180mcu_fd_sc_mcu7t5v0__aoi21_1)
                                                         _0893_ (net)
                      0.372382    0.000000 20756.066406 ^ _1502_/A2 (gf180mcu_fd_sc_mcu7t5v0__oai21_1)
     1    0.005303    0.229101    0.174623 20756.242188 v _1502_/ZN (gf180mcu_fd_sc_mcu7t5v0__oai21_1)
                                                         _0894_ (net)
                      0.229101    0.000000 20756.242188 v _1504_/A1 (gf180mcu_fd_sc_mcu7t5v0__nand2_1)
     1    0.003445    0.195462    0.141881 20756.382812 ^ _1504_/ZN (gf180mcu_fd_sc_mcu7t5v0__nand2_1)
                                                         _0102_ (net)
                      0.195462    0.000000 20756.382812 ^ _2118_/D (gf180mcu_fd_sc_mcu7t5v0__dffrnq_1)
                                           20756.382812   data arrival time

                               20833.279297 20833.279297   clock clk_div (rise edge)
                                  0.000000 20833.279297   clock source latency
    83    0.353267    0.000000    0.000000 20833.279297 ^ clk (in)
                                                         clk (net)
                      0.004223    0.001819 20833.281250 ^ _2118_/CLK (gf180mcu_fd_sc_mcu7t5v0__dffrnq_1)
                                 -0.250000 20833.031250   clock uncertainty
                                  0.000000 20833.031250   clock reconvergence pessimism
                                 -0.335553 20832.695312   library setup time
                                           20832.695312   data required time
---------------------------------------------------------------------------------------------
                                           20832.695312   data required time
                                           -20756.382812   data arrival time
---------------------------------------------------------------------------------------------
                                             76.312912   slack (MET)


Startpoint: _2120_ (rising edge-triggered flip-flop clocked by clk)
Endpoint: _2119_ (rising edge-triggered flip-flop clocked by clk)
Path Group: clk
Path Type: max

Fanout         Cap        Slew       Delay        Time   Description
---------------------------------------------------------------------------------------------
                                  0.000000    0.000000   clock clk (rise edge)
                                  0.000000    0.000000   clock source latency
    83    0.353267    0.000000    0.000000    0.000000 ^ clk (in)
                                                         clk (net)
                      0.010145    0.004150    0.004150 ^ _2120_/CLK (gf180mcu_fd_sc_mcu7t5v0__dffrnq_1)
     7    0.038777    0.704488    1.188649    1.192798 ^ _2120_/Q (gf180mcu_fd_sc_mcu7t5v0__dffrnq_1)
                                                         u_cas_int.out_int1[0] (net)
                      0.704488    0.000039    1.192837 ^ _1348_/B (gf180mcu_fd_sc_mcu7t5v0__oai211_1)
     2    0.009787    0.439905    0.346384    1.539221 v _1348_/ZN (gf180mcu_fd_sc_mcu7t5v0__oai211_1)
                                                         _0761_ (net)
                      0.439905    0.000023    1.539244 v _1350_/A2 (gf180mcu_fd_sc_mcu7t5v0__aoi211_1)
     2    0.010353    0.798835    0.524965    2.064209 ^ _1350_/ZN (gf180mcu_fd_sc_mcu7t5v0__aoi211_1)
                                                         _0763_ (net)
                      0.798835    0.000048    2.064257 ^ _1360_/A1 (gf180mcu_fd_sc_mcu7t5v0__aoi21_1)
     1    0.006459    0.296642    0.165510    2.229766 v _1360_/ZN (gf180mcu_fd_sc_mcu7t5v0__aoi21_1)
                                                         _0771_ (net)
                      0.296642    0.000034    2.229801 v _1387_/A1 (gf180mcu_fd_sc_mcu7t5v0__oai21_1)
     5    0.031660    1.058277    0.691836    2.921637 ^ _1387_/ZN (gf180mcu_fd_sc_mcu7t5v0__oai21_1)
                                                         _0794_ (net)
                      1.058277    0.000433    2.922070 ^ _1445_/A1 (gf180mcu_fd_sc_mcu7t5v0__nand2_1)
     4    0.022632    0.546531    0.392341    3.314411 v _1445_/ZN (gf180mcu_fd_sc_mcu7t5v0__nand2_1)
                                                         _0844_ (net)
                      0.546531    0.000389    3.314800 v _1471_/A1 (gf180mcu_fd_sc_mcu7t5v0__aoi21_1)
     1    0.005456    0.376653    0.322740    3.637540 ^ _1471_/ZN (gf180mcu_fd_sc_mcu7t5v0__aoi21_1)
                                                         _0866_ (net)
                      0.376653    0.000010    3.637550 ^ _1487_/A1 (gf180mcu_fd_sc_mcu7t5v0__oai21_1)
     3    0.016883    0.367713    0.263509    3.901060 v _1487_/ZN (gf180mcu_fd_sc_mcu7t5v0__oai21_1)
                                                         _0880_ (net)
                      0.367713    0.000133    3.901193 v _1507_/A1 (gf180mcu_fd_sc_mcu7t5v0__aoi21_1)
     1    0.006555    0.396514    0.288193    4.189386 ^ _1507_/ZN (gf180mcu_fd_sc_mcu7t5v0__aoi21_1)
                                                         _0898_ (net)
                      0.396514    0.000036    4.189423 ^ _1514_/A1 (gf180mcu_fd_sc_mcu7t5v0__oai21_1)
     1    0.004737    0.197649    0.141284    4.330707 v _1514_/ZN (gf180mcu_fd_sc_mcu7t5v0__oai21_1)
                                                         _0905_ (net)
                      0.197649    0.000004    4.330711 v _1515_/A2 (gf180mcu_fd_sc_mcu7t5v0__nand2_1)
     1    0.003296    0.167743    0.153179    4.483890 ^ _1515_/ZN (gf180mcu_fd_sc_mcu7t5v0__nand2_1)
                                                         _0103_ (net)
                      0.167743    0.000004    4.483894 ^ _2119_/D (gf180mcu_fd_sc_mcu7t5v0__dffrnq_1)
                                              4.483894   data arrival time

                                 81.379997   81.379997   clock clk (rise edge)
                                  0.000000   81.379997   clock source latency
    83    0.353267    0.000000    0.000000   81.379997 ^ clk (in)
                                                         clk (net)
                      0.004087    0.001670   81.381668 ^ _2119_/CLK (gf180mcu_fd_sc_mcu7t5v0__dffrnq_1)
                                 -0.250000   81.131668   clock uncertainty
                                  0.000000   81.131668   clock reconvergence pessimism
                                 -0.331448   80.800224   library setup time
                                             80.800224   data required time
---------------------------------------------------------------------------------------------
                                             80.800224   data required time
                                             -4.483894   data arrival time
---------------------------------------------------------------------------------------------
                                             76.316330   slack (MET)


Startpoint: _2120_ (rising edge-triggered flip-flop clocked by clk)
Endpoint: _2119_ (rising edge-triggered flip-flop clocked by clk_div)
Path Group: clk_div
Path Type: max

Fanout         Cap        Slew       Delay        Time   Description
---------------------------------------------------------------------------------------------
                               20751.898438 20751.898438   clock clk (rise edge)
                                  0.000000 20751.898438   clock source latency
    83    0.353267    0.000000    0.000000 20751.898438 ^ clk (in)
                                                         clk (net)
                      0.010145    0.003638 20751.902344 ^ _2120_/CLK (gf180mcu_fd_sc_mcu7t5v0__dffrnq_1)
     7    0.038777    0.704488    1.189619 20753.091797 ^ _2120_/Q (gf180mcu_fd_sc_mcu7t5v0__dffrnq_1)
                                                         u_cas_int.out_int1[0] (net)
                      0.704488    0.000000 20753.091797 ^ _1348_/B (gf180mcu_fd_sc_mcu7t5v0__oai211_1)
     2    0.009787    0.439905    0.345608 20753.437500 v _1348_/ZN (gf180mcu_fd_sc_mcu7t5v0__oai211_1)
                                                         _0761_ (net)
                      0.439905    0.000000 20753.437500 v _1350_/A2 (gf180mcu_fd_sc_mcu7t5v0__aoi211_1)
     2    0.010353    0.798835    0.525688 20753.964844 ^ _1350_/ZN (gf180mcu_fd_sc_mcu7t5v0__aoi211_1)
                                                         _0763_ (net)
                      0.798835    0.000000 20753.964844 ^ _1360_/A1 (gf180mcu_fd_sc_mcu7t5v0__aoi21_1)
     1    0.006459    0.296642    0.165528 20754.128906 v _1360_/ZN (gf180mcu_fd_sc_mcu7t5v0__aoi21_1)
                                                         _0771_ (net)
                      0.296642    0.000000 20754.128906 v _1387_/A1 (gf180mcu_fd_sc_mcu7t5v0__oai21_1)
     5    0.031660    1.058277    0.691216 20754.820312 ^ _1387_/ZN (gf180mcu_fd_sc_mcu7t5v0__oai21_1)
                                                         _0794_ (net)
                      1.058277    0.000000 20754.820312 ^ _1445_/A1 (gf180mcu_fd_sc_mcu7t5v0__nand2_1)
     4    0.022632    0.546531    0.392902 20755.212891 v _1445_/ZN (gf180mcu_fd_sc_mcu7t5v0__nand2_1)
                                                         _0844_ (net)
                      0.546531    0.000000 20755.212891 v _1471_/A1 (gf180mcu_fd_sc_mcu7t5v0__aoi21_1)
     1    0.005456    0.376653    0.323780 20755.537109 ^ _1471_/ZN (gf180mcu_fd_sc_mcu7t5v0__aoi21_1)
                                                         _0866_ (net)
                      0.376653    0.000000 20755.537109 ^ _1487_/A1 (gf180mcu_fd_sc_mcu7t5v0__oai21_1)
     3    0.016883    0.367713    0.263753 20755.800781 v _1487_/ZN (gf180mcu_fd_sc_mcu7t5v0__oai21_1)
                                                         _0880_ (net)
                      0.367713    0.000000 20755.800781 v _1507_/A1 (gf180mcu_fd_sc_mcu7t5v0__aoi21_1)
     1    0.006555    0.396514    0.287400 20756.087891 ^ _1507_/ZN (gf180mcu_fd_sc_mcu7t5v0__aoi21_1)
                                                         _0898_ (net)
                      0.396514    0.000000 20756.087891 ^ _1514_/A1 (gf180mcu_fd_sc_mcu7t5v0__oai21_1)
     1    0.004737    0.197649    0.141881 20756.230469 v _1514_/ZN (gf180mcu_fd_sc_mcu7t5v0__oai21_1)
                                                         _0905_ (net)
                      0.197649    0.000000 20756.230469 v _1515_/A2 (gf180mcu_fd_sc_mcu7t5v0__nand2_1)
     1    0.003296    0.167743    0.152795 20756.382812 ^ _1515_/ZN (gf180mcu_fd_sc_mcu7t5v0__nand2_1)
                                                         _0103_ (net)
                      0.167743    0.000000 20756.382812 ^ _2119_/D (gf180mcu_fd_sc_mcu7t5v0__dffrnq_1)
                                           20756.382812   data arrival time

                               20833.279297 20833.279297   clock clk_div (rise edge)
                                  0.000000 20833.279297   clock source latency
    83    0.353267    0.000000    0.000000 20833.279297 ^ clk (in)
                                                         clk (net)
                      0.004087    0.001819 20833.281250 ^ _2119_/CLK (gf180mcu_fd_sc_mcu7t5v0__dffrnq_1)
                                 -0.250000 20833.031250   clock uncertainty
                                  0.000000 20833.031250   clock reconvergence pessimism
                                 -0.331448 20832.699219   library setup time
                                           20832.699219   data required time
---------------------------------------------------------------------------------------------
                                           20832.699219   data required time
                                           -20756.382812   data arrival time
---------------------------------------------------------------------------------------------
                                             76.316330   slack (MET)


Startpoint: _2120_ (rising edge-triggered flip-flop clocked by clk)
Endpoint: _2112_ (rising edge-triggered flip-flop clocked by clk)
Path Group: clk
Path Type: max

Fanout         Cap        Slew       Delay        Time   Description
---------------------------------------------------------------------------------------------
                                  0.000000    0.000000   clock clk (rise edge)
                                  0.000000    0.000000   clock source latency
    83    0.353267    0.000000    0.000000    0.000000 ^ clk (in)
                                                         clk (net)
                      0.010145    0.004150    0.004150 ^ _2120_/CLK (gf180mcu_fd_sc_mcu7t5v0__dffrnq_1)
     7    0.038777    0.704488    1.188649    1.192798 ^ _2120_/Q (gf180mcu_fd_sc_mcu7t5v0__dffrnq_1)
                                                         u_cas_int.out_int1[0] (net)
                      0.704488    0.000039    1.192837 ^ _1348_/B (gf180mcu_fd_sc_mcu7t5v0__oai211_1)
     2    0.009787    0.439905    0.346384    1.539221 v _1348_/ZN (gf180mcu_fd_sc_mcu7t5v0__oai211_1)
                                                         _0761_ (net)
                      0.439905    0.000023    1.539244 v _1350_/A2 (gf180mcu_fd_sc_mcu7t5v0__aoi211_1)
     2    0.010353    0.798835    0.524965    2.064209 ^ _1350_/ZN (gf180mcu_fd_sc_mcu7t5v0__aoi211_1)
                                                         _0763_ (net)
                      0.798835    0.000048    2.064257 ^ _1360_/A1 (gf180mcu_fd_sc_mcu7t5v0__aoi21_1)
     1    0.006459    0.296642    0.165510    2.229766 v _1360_/ZN (gf180mcu_fd_sc_mcu7t5v0__aoi21_1)
                                                         _0771_ (net)
                      0.296642    0.000034    2.229801 v _1387_/A1 (gf180mcu_fd_sc_mcu7t5v0__oai21_1)
     5    0.031660    1.058277    0.691836    2.921637 ^ _1387_/ZN (gf180mcu_fd_sc_mcu7t5v0__oai21_1)
                                                         _0794_ (net)
                      1.058277    0.000433    2.922070 ^ _1445_/A1 (gf180mcu_fd_sc_mcu7t5v0__nand2_1)
     4    0.022632    0.546531    0.392341    3.314411 v _1445_/ZN (gf180mcu_fd_sc_mcu7t5v0__nand2_1)
                                                         _0844_ (net)
                      0.546531    0.000322    3.314733 v _1451_/A1 (gf180mcu_fd_sc_mcu7t5v0__aoi21_1)
     3    0.015430    0.665172    0.488543    3.803276 ^ _1451_/ZN (gf180mcu_fd_sc_mcu7t5v0__aoi21_1)
                                                         _0850_ (net)
                      0.665172    0.000007    3.803283 ^ _1453_/B (gf180mcu_fd_sc_mcu7t5v0__aoi21_1)
     1    0.007683    0.388798    0.291616    4.094899 v _1453_/ZN (gf180mcu_fd_sc_mcu7t5v0__aoi21_1)
                                                         _0851_ (net)
                      0.388798    0.000007    4.094905 v _1457_/A1 (gf180mcu_fd_sc_mcu7t5v0__xor2_1)
     1    0.003245    0.207746    0.493379    4.588284 v _1457_/Z (gf180mcu_fd_sc_mcu7t5v0__xor2_1)
                                                         _0095_ (net)
                      0.207746    0.000004    4.588288 v _2112_/D (gf180mcu_fd_sc_mcu7t5v0__dffrnq_1)
                                              4.588288   data arrival time

                                 81.379997   81.379997   clock clk (rise edge)
                                  0.000000   81.379997   clock source latency
    83    0.353267    0.000000    0.000000   81.379997 ^ clk (in)
                                                         clk (net)
                      0.008474    0.003467   81.383461 ^ _2112_/CLK (gf180mcu_fd_sc_mcu7t5v0__dffrnq_1)
                                 -0.250000   81.133469   clock uncertainty
                                  0.000000   81.133469   clock reconvergence pessimism
                                 -0.184187   80.949280   library setup time
                                             80.949280   data required time
---------------------------------------------------------------------------------------------
                                             80.949280   data required time
                                             -4.588288   data arrival time
---------------------------------------------------------------------------------------------
                                             76.360992   slack (MET)


Startpoint: _2120_ (rising edge-triggered flip-flop clocked by clk)
Endpoint: _2112_ (rising edge-triggered flip-flop clocked by clk_div)
Path Group: clk_div
Path Type: max

Fanout         Cap        Slew       Delay        Time   Description
---------------------------------------------------------------------------------------------
                               20751.898438 20751.898438   clock clk (rise edge)
                                  0.000000 20751.898438   clock source latency
    83    0.353267    0.000000    0.000000 20751.898438 ^ clk (in)
                                                         clk (net)
                      0.010145    0.003638 20751.902344 ^ _2120_/CLK (gf180mcu_fd_sc_mcu7t5v0__dffrnq_1)
     7    0.038777    0.704488    1.189619 20753.091797 ^ _2120_/Q (gf180mcu_fd_sc_mcu7t5v0__dffrnq_1)
                                                         u_cas_int.out_int1[0] (net)
                      0.704488    0.000000 20753.091797 ^ _1348_/B (gf180mcu_fd_sc_mcu7t5v0__oai211_1)
     2    0.009787    0.439905    0.345608 20753.437500 v _1348_/ZN (gf180mcu_fd_sc_mcu7t5v0__oai211_1)
                                                         _0761_ (net)
                      0.439905    0.000000 20753.437500 v _1350_/A2 (gf180mcu_fd_sc_mcu7t5v0__aoi211_1)
     2    0.010353    0.798835    0.525688 20753.964844 ^ _1350_/ZN (gf180mcu_fd_sc_mcu7t5v0__aoi211_1)
                                                         _0763_ (net)
                      0.798835    0.000000 20753.964844 ^ _1360_/A1 (gf180mcu_fd_sc_mcu7t5v0__aoi21_1)
     1    0.006459    0.296642    0.165528 20754.128906 v _1360_/ZN (gf180mcu_fd_sc_mcu7t5v0__aoi21_1)
                                                         _0771_ (net)
                      0.296642    0.000000 20754.128906 v _1387_/A1 (gf180mcu_fd_sc_mcu7t5v0__oai21_1)
     5    0.031660    1.058277    0.691216 20754.820312 ^ _1387_/ZN (gf180mcu_fd_sc_mcu7t5v0__oai21_1)
                                                         _0794_ (net)
                      1.058277    0.000000 20754.820312 ^ _1445_/A1 (gf180mcu_fd_sc_mcu7t5v0__nand2_1)
     4    0.022632    0.546531    0.392902 20755.212891 v _1445_/ZN (gf180mcu_fd_sc_mcu7t5v0__nand2_1)
                                                         _0844_ (net)
                      0.546531    0.000000 20755.212891 v _1451_/A1 (gf180mcu_fd_sc_mcu7t5v0__aoi21_1)
     3    0.015430    0.665172    0.489308 20755.703125 ^ _1451_/ZN (gf180mcu_fd_sc_mcu7t5v0__aoi21_1)
                                                         _0850_ (net)
                      0.665172    0.000000 20755.703125 ^ _1453_/B (gf180mcu_fd_sc_mcu7t5v0__aoi21_1)
     1    0.007683    0.388798    0.291038 20755.994141 v _1453_/ZN (gf180mcu_fd_sc_mcu7t5v0__aoi21_1)
                                                         _0851_ (net)
                      0.388798    0.000000 20755.994141 v _1457_/A1 (gf180mcu_fd_sc_mcu7t5v0__xor2_1)
     1    0.003245    0.207746    0.492946 20756.486328 v _1457_/Z (gf180mcu_fd_sc_mcu7t5v0__xor2_1)
                                                         _0095_ (net)
                      0.207746    0.000000 20756.486328 v _2112_/D (gf180mcu_fd_sc_mcu7t5v0__dffrnq_1)
                                           20756.486328   data arrival time

                               20833.279297 20833.279297   clock clk_div (rise edge)
                                  0.000000 20833.279297   clock source latency
    83    0.353267    0.000000    0.000000 20833.279297 ^ clk (in)
                                                         clk (net)
                      0.008474    0.003638 20833.283203 ^ _2112_/CLK (gf180mcu_fd_sc_mcu7t5v0__dffrnq_1)
                                 -0.250000 20833.033203   clock uncertainty
                                  0.000000 20833.033203   clock reconvergence pessimism
                                 -0.184187 20832.847656   library setup time
                                           20832.847656   data required time
---------------------------------------------------------------------------------------------
                                           20832.847656   data required time
                                           -20756.486328   data arrival time
---------------------------------------------------------------------------------------------
                                             76.360992   slack (MET)


Startpoint: _2120_ (rising edge-triggered flip-flop clocked by clk)
Endpoint: _2110_ (rising edge-triggered flip-flop clocked by clk)
Path Group: clk
Path Type: max

Fanout         Cap        Slew       Delay        Time   Description
---------------------------------------------------------------------------------------------
                                  0.000000    0.000000   clock clk (rise edge)
                                  0.000000    0.000000   clock source latency
    83    0.353267    0.000000    0.000000    0.000000 ^ clk (in)
                                                         clk (net)
                      0.010145    0.004150    0.004150 ^ _2120_/CLK (gf180mcu_fd_sc_mcu7t5v0__dffrnq_1)
     7    0.038777    0.704488    1.188649    1.192798 ^ _2120_/Q (gf180mcu_fd_sc_mcu7t5v0__dffrnq_1)
                                                         u_cas_int.out_int1[0] (net)
                      0.704488    0.000039    1.192837 ^ _1348_/B (gf180mcu_fd_sc_mcu7t5v0__oai211_1)
     2    0.009787    0.439905    0.346384    1.539221 v _1348_/ZN (gf180mcu_fd_sc_mcu7t5v0__oai211_1)
                                                         _0761_ (net)
                      0.439905    0.000023    1.539244 v _1350_/A2 (gf180mcu_fd_sc_mcu7t5v0__aoi211_1)
     2    0.010353    0.798835    0.524965    2.064209 ^ _1350_/ZN (gf180mcu_fd_sc_mcu7t5v0__aoi211_1)
                                                         _0763_ (net)
                      0.798835    0.000048    2.064257 ^ _1360_/A1 (gf180mcu_fd_sc_mcu7t5v0__aoi21_1)
     1    0.006459    0.296642    0.165510    2.229766 v _1360_/ZN (gf180mcu_fd_sc_mcu7t5v0__aoi21_1)
                                                         _0771_ (net)
                      0.296642    0.000034    2.229801 v _1387_/A1 (gf180mcu_fd_sc_mcu7t5v0__oai21_1)
     5    0.031660    1.058277    0.691836    2.921637 ^ _1387_/ZN (gf180mcu_fd_sc_mcu7t5v0__oai21_1)
                                                         _0794_ (net)
                      1.058277    0.000431    2.922068 ^ _1412_/A1 (gf180mcu_fd_sc_mcu7t5v0__nand2_1)
     2    0.010224    0.395872    0.235399    3.157467 v _1412_/ZN (gf180mcu_fd_sc_mcu7t5v0__nand2_1)
                                                         _0815_ (net)
                      0.395872    0.000020    3.157487 v _1420_/A1 (gf180mcu_fd_sc_mcu7t5v0__aoi21_1)
     3    0.015808    0.674193    0.448209    3.605696 ^ _1420_/ZN (gf180mcu_fd_sc_mcu7t5v0__aoi21_1)
                                                         _0823_ (net)
                      0.674193    0.000076    3.605772 ^ _1431_/A1 (gf180mcu_fd_sc_mcu7t5v0__oai211_1)
     1    0.005230    0.367975    0.217794    3.823566 v _1431_/ZN (gf180mcu_fd_sc_mcu7t5v0__oai211_1)
                                                         _0832_ (net)
                      0.367975    0.000014    3.823580 v _1436_/A2 (gf180mcu_fd_sc_mcu7t5v0__nand2_1)
     1    0.007647    0.263553    0.249718    4.073298 ^ _1436_/ZN (gf180mcu_fd_sc_mcu7t5v0__nand2_1)
                                                         _0836_ (net)
                      0.263553    0.000006    4.073304 ^ _1437_/A2 (gf180mcu_fd_sc_mcu7t5v0__xor2_1)
     1    0.003275    0.302245    0.325035    4.398339 ^ _1437_/Z (gf180mcu_fd_sc_mcu7t5v0__xor2_1)
                                                         _0093_ (net)
                      0.302245    0.000004    4.398342 ^ _2110_/D (gf180mcu_fd_sc_mcu7t5v0__dffrnq_1)
                                              4.398342   data arrival time

                                 81.379997   81.379997   clock clk (rise edge)
                                  0.000000   81.379997   clock source latency
    83    0.353267    0.000000    0.000000   81.379997 ^ clk (in)
                                                         clk (net)
                      0.008916    0.003645   81.383644 ^ _2110_/CLK (gf180mcu_fd_sc_mcu7t5v0__dffrnq_1)
                                 -0.250000   81.133644   clock uncertainty
                                  0.000000   81.133644   clock reconvergence pessimism
                                 -0.350753   80.782890   library setup time
                                             80.782890   data required time
---------------------------------------------------------------------------------------------
                                             80.782890   data required time
                                             -4.398342   data arrival time
---------------------------------------------------------------------------------------------
                                             76.384544   slack (MET)


Startpoint: _2120_ (rising edge-triggered flip-flop clocked by clk)
Endpoint: _2110_ (rising edge-triggered flip-flop clocked by clk_div)
Path Group: clk_div
Path Type: max

Fanout         Cap        Slew       Delay        Time   Description
---------------------------------------------------------------------------------------------
                               20751.898438 20751.898438   clock clk (rise edge)
                                  0.000000 20751.898438   clock source latency
    83    0.353267    0.000000    0.000000 20751.898438 ^ clk (in)
                                                         clk (net)
                      0.010145    0.003638 20751.902344 ^ _2120_/CLK (gf180mcu_fd_sc_mcu7t5v0__dffrnq_1)
     7    0.038777    0.704488    1.189619 20753.091797 ^ _2120_/Q (gf180mcu_fd_sc_mcu7t5v0__dffrnq_1)
                                                         u_cas_int.out_int1[0] (net)
                      0.704488    0.000000 20753.091797 ^ _1348_/B (gf180mcu_fd_sc_mcu7t5v0__oai211_1)
     2    0.009787    0.439905    0.345608 20753.437500 v _1348_/ZN (gf180mcu_fd_sc_mcu7t5v0__oai211_1)
                                                         _0761_ (net)
                      0.439905    0.000000 20753.437500 v _1350_/A2 (gf180mcu_fd_sc_mcu7t5v0__aoi211_1)
     2    0.010353    0.798835    0.525688 20753.964844 ^ _1350_/ZN (gf180mcu_fd_sc_mcu7t5v0__aoi211_1)
                                                         _0763_ (net)
                      0.798835    0.000000 20753.964844 ^ _1360_/A1 (gf180mcu_fd_sc_mcu7t5v0__aoi21_1)
     1    0.006459    0.296642    0.165528 20754.128906 v _1360_/ZN (gf180mcu_fd_sc_mcu7t5v0__aoi21_1)
                                                         _0771_ (net)
                      0.296642    0.000000 20754.128906 v _1387_/A1 (gf180mcu_fd_sc_mcu7t5v0__oai21_1)
     5    0.031660    1.058277    0.691216 20754.820312 ^ _1387_/ZN (gf180mcu_fd_sc_mcu7t5v0__oai21_1)
                                                         _0794_ (net)
                      1.058277    0.000000 20754.820312 ^ _1412_/A1 (gf180mcu_fd_sc_mcu7t5v0__nand2_1)
     2    0.010224    0.395872    0.236469 20755.056641 v _1412_/ZN (gf180mcu_fd_sc_mcu7t5v0__nand2_1)
                                                         _0815_ (net)
                      0.395872    0.000000 20755.056641 v _1420_/A1 (gf180mcu_fd_sc_mcu7t5v0__aoi21_1)
     3    0.015808    0.674193    0.447471 20755.503906 ^ _1420_/ZN (gf180mcu_fd_sc_mcu7t5v0__aoi21_1)
                                                         _0823_ (net)
                      0.674193    0.000000 20755.503906 ^ _1431_/A1 (gf180mcu_fd_sc_mcu7t5v0__oai211_1)
     1    0.005230    0.367975    0.218279 20755.722656 v _1431_/ZN (gf180mcu_fd_sc_mcu7t5v0__oai211_1)
                                                         _0832_ (net)
                      0.367975    0.000000 20755.722656 v _1436_/A2 (gf180mcu_fd_sc_mcu7t5v0__nand2_1)
     1    0.007647    0.263553    0.249202 20755.972656 ^ _1436_/ZN (gf180mcu_fd_sc_mcu7t5v0__nand2_1)
                                                         _0836_ (net)
                      0.263553    0.000000 20755.972656 ^ _1437_/A2 (gf180mcu_fd_sc_mcu7t5v0__xor2_1)
     1    0.003275    0.302245    0.325599 20756.296875 ^ _1437_/Z (gf180mcu_fd_sc_mcu7t5v0__xor2_1)
                                                         _0093_ (net)
                      0.302245    0.000000 20756.296875 ^ _2110_/D (gf180mcu_fd_sc_mcu7t5v0__dffrnq_1)
                                           20756.296875   data arrival time

                               20833.279297 20833.279297   clock clk_div (rise edge)
                                  0.000000 20833.279297   clock source latency
    83    0.353267    0.000000    0.000000 20833.279297 ^ clk (in)
                                                         clk (net)
                      0.008916    0.003638 20833.283203 ^ _2110_/CLK (gf180mcu_fd_sc_mcu7t5v0__dffrnq_1)
                                 -0.250000 20833.033203   clock uncertainty
                                  0.000000 20833.033203   clock reconvergence pessimism
                                 -0.350753 20832.681641   library setup time
                                           20832.681641   data required time
---------------------------------------------------------------------------------------------
                                           20832.681641   data required time
                                           -20756.296875   data arrival time
---------------------------------------------------------------------------------------------
                                             76.384544   slack (MET)


Startpoint: _2120_ (rising edge-triggered flip-flop clocked by clk)
Endpoint: _2113_ (rising edge-triggered flip-flop clocked by clk)
Path Group: clk
Path Type: max

Fanout         Cap        Slew       Delay        Time   Description
---------------------------------------------------------------------------------------------
                                  0.000000    0.000000   clock clk (rise edge)
                                  0.000000    0.000000   clock source latency
    83    0.353267    0.000000    0.000000    0.000000 ^ clk (in)
                                                         clk (net)
                      0.010145    0.004150    0.004150 ^ _2120_/CLK (gf180mcu_fd_sc_mcu7t5v0__dffrnq_1)
     7    0.038777    0.704488    1.188649    1.192798 ^ _2120_/Q (gf180mcu_fd_sc_mcu7t5v0__dffrnq_1)
                                                         u_cas_int.out_int1[0] (net)
                      0.704488    0.000039    1.192837 ^ _1348_/B (gf180mcu_fd_sc_mcu7t5v0__oai211_1)
     2    0.009787    0.439905    0.346384    1.539221 v _1348_/ZN (gf180mcu_fd_sc_mcu7t5v0__oai211_1)
                                                         _0761_ (net)
                      0.439905    0.000023    1.539244 v _1350_/A2 (gf180mcu_fd_sc_mcu7t5v0__aoi211_1)
     2    0.010353    0.798835    0.524965    2.064209 ^ _1350_/ZN (gf180mcu_fd_sc_mcu7t5v0__aoi211_1)
                                                         _0763_ (net)
                      0.798835    0.000048    2.064257 ^ _1360_/A1 (gf180mcu_fd_sc_mcu7t5v0__aoi21_1)
     1    0.006459    0.296642    0.165510    2.229766 v _1360_/ZN (gf180mcu_fd_sc_mcu7t5v0__aoi21_1)
                                                         _0771_ (net)
                      0.296642    0.000034    2.229801 v _1387_/A1 (gf180mcu_fd_sc_mcu7t5v0__oai21_1)
     5    0.031660    1.058277    0.691836    2.921637 ^ _1387_/ZN (gf180mcu_fd_sc_mcu7t5v0__oai21_1)
                                                         _0794_ (net)
                      1.058277    0.000433    2.922070 ^ _1445_/A1 (gf180mcu_fd_sc_mcu7t5v0__nand2_1)
     4    0.022632    0.546531    0.392341    3.314411 v _1445_/ZN (gf180mcu_fd_sc_mcu7t5v0__nand2_1)
                                                         _0844_ (net)
                      0.546531    0.000322    3.314733 v _1451_/A1 (gf180mcu_fd_sc_mcu7t5v0__aoi21_1)
     3    0.015430    0.665172    0.488543    3.803276 ^ _1451_/ZN (gf180mcu_fd_sc_mcu7t5v0__aoi21_1)
                                                         _0850_ (net)
                      0.665172    0.000040    3.803316 ^ _1459_/A1 (gf180mcu_fd_sc_mcu7t5v0__oai22_1)
     1    0.007420    0.312951    0.221168    4.024485 v _1459_/ZN (gf180mcu_fd_sc_mcu7t5v0__oai22_1)
                                                         _0856_ (net)
                      0.312951    0.000010    4.024495 v _1463_/A1 (gf180mcu_fd_sc_mcu7t5v0__xnor2_1)
     1    0.004052    0.340141    0.269816    4.294311 ^ _1463_/ZN (gf180mcu_fd_sc_mcu7t5v0__xnor2_1)
                                                         _0096_ (net)
                      0.340141    0.000017    4.294328 ^ _2113_/D (gf180mcu_fd_sc_mcu7t5v0__dffrnq_1)
                                              4.294328   data arrival time

                                 81.379997   81.379997   clock clk (rise edge)
                                  0.000000   81.379997   clock source latency
    83    0.353267    0.000000    0.000000   81.379997 ^ clk (in)
                                                         clk (net)
                      0.008034    0.003283   81.383278 ^ _2113_/CLK (gf180mcu_fd_sc_mcu7t5v0__dffrnq_1)
                                 -0.250000   81.133286   clock uncertainty
                                  0.000000   81.133286   clock reconvergence pessimism
                                 -0.356409   80.776871   library setup time
                                             80.776871   data required time
---------------------------------------------------------------------------------------------
                                             80.776871   data required time
                                             -4.294328   data arrival time
---------------------------------------------------------------------------------------------
                                             76.482544   slack (MET)


Startpoint: _2120_ (rising edge-triggered flip-flop clocked by clk)
Endpoint: _2113_ (rising edge-triggered flip-flop clocked by clk_div)
Path Group: clk_div
Path Type: max

Fanout         Cap        Slew       Delay        Time   Description
---------------------------------------------------------------------------------------------
                               20751.898438 20751.898438   clock clk (rise edge)
                                  0.000000 20751.898438   clock source latency
    83    0.353267    0.000000    0.000000 20751.898438 ^ clk (in)
                                                         clk (net)
                      0.010145    0.003638 20751.902344 ^ _2120_/CLK (gf180mcu_fd_sc_mcu7t5v0__dffrnq_1)
     7    0.038777    0.704488    1.189619 20753.091797 ^ _2120_/Q (gf180mcu_fd_sc_mcu7t5v0__dffrnq_1)
                                                         u_cas_int.out_int1[0] (net)
                      0.704488    0.000000 20753.091797 ^ _1348_/B (gf180mcu_fd_sc_mcu7t5v0__oai211_1)
     2    0.009787    0.439905    0.345608 20753.437500 v _1348_/ZN (gf180mcu_fd_sc_mcu7t5v0__oai211_1)
                                                         _0761_ (net)
                      0.439905    0.000000 20753.437500 v _1350_/A2 (gf180mcu_fd_sc_mcu7t5v0__aoi211_1)
     2    0.010353    0.798835    0.525688 20753.964844 ^ _1350_/ZN (gf180mcu_fd_sc_mcu7t5v0__aoi211_1)
                                                         _0763_ (net)
                      0.798835    0.000000 20753.964844 ^ _1360_/A1 (gf180mcu_fd_sc_mcu7t5v0__aoi21_1)
     1    0.006459    0.296642    0.165528 20754.128906 v _1360_/ZN (gf180mcu_fd_sc_mcu7t5v0__aoi21_1)
                                                         _0771_ (net)
                      0.296642    0.000000 20754.128906 v _1387_/A1 (gf180mcu_fd_sc_mcu7t5v0__oai21_1)
     5    0.031660    1.058277    0.691216 20754.820312 ^ _1387_/ZN (gf180mcu_fd_sc_mcu7t5v0__oai21_1)
                                                         _0794_ (net)
                      1.058277    0.000000 20754.820312 ^ _1445_/A1 (gf180mcu_fd_sc_mcu7t5v0__nand2_1)
     4    0.022632    0.546531    0.392902 20755.212891 v _1445_/ZN (gf180mcu_fd_sc_mcu7t5v0__nand2_1)
                                                         _0844_ (net)
                      0.546531    0.000000 20755.212891 v _1451_/A1 (gf180mcu_fd_sc_mcu7t5v0__aoi21_1)
     3    0.015430    0.665172    0.489308 20755.703125 ^ _1451_/ZN (gf180mcu_fd_sc_mcu7t5v0__aoi21_1)
                                                         _0850_ (net)
                      0.665172    0.000000 20755.703125 ^ _1459_/A1 (gf180mcu_fd_sc_mcu7t5v0__oai22_1)
     1    0.007420    0.312951    0.220098 20755.923828 v _1459_/ZN (gf180mcu_fd_sc_mcu7t5v0__oai22_1)
                                                         _0856_ (net)
                      0.312951    0.000000 20755.923828 v _1463_/A1 (gf180mcu_fd_sc_mcu7t5v0__xnor2_1)
     1    0.004052    0.340141    0.271029 20756.193359 ^ _1463_/ZN (gf180mcu_fd_sc_mcu7t5v0__xnor2_1)
                                                         _0096_ (net)
                      0.340141    0.000000 20756.193359 ^ _2113_/D (gf180mcu_fd_sc_mcu7t5v0__dffrnq_1)
                                           20756.193359   data arrival time

                               20833.279297 20833.279297   clock clk_div (rise edge)
                                  0.000000 20833.279297   clock source latency
    83    0.353267    0.000000    0.000000 20833.279297 ^ clk (in)
                                                         clk (net)
                      0.008034    0.003638 20833.283203 ^ _2113_/CLK (gf180mcu_fd_sc_mcu7t5v0__dffrnq_1)
                                 -0.250000 20833.033203   clock uncertainty
                                  0.000000 20833.033203   clock reconvergence pessimism
                                 -0.356409 20832.677734   library setup time
                                           20832.677734   data required time
---------------------------------------------------------------------------------------------
                                           20832.677734   data required time
                                           -20756.193359   data arrival time
---------------------------------------------------------------------------------------------
                                             76.482544   slack (MET)


Startpoint: _2099_ (rising edge-triggered flip-flop clocked by clk)
Endpoint: _2089_ (rising edge-triggered flip-flop clocked by clk)
Path Group: clk
Path Type: max

Fanout         Cap        Slew       Delay        Time   Description
---------------------------------------------------------------------------------------------
                                  0.000000    0.000000   clock clk (rise edge)
                                  0.000000    0.000000   clock source latency
    83    0.353267    0.000000    0.000000    0.000000 ^ clk (in)
                                                         clk (net)
                      0.011451    0.004684    0.004684 ^ _2099_/CLK (gf180mcu_fd_sc_mcu7t5v0__dffrnq_1)
     9    0.048485    0.862393    1.278725    1.283408 ^ _2099_/Q (gf180mcu_fd_sc_mcu7t5v0__dffrnq_1)
                                                         u_cas_int.out_int2[4] (net)
                      0.862393    0.000044    1.283453 ^ _1176_/A1 (gf180mcu_fd_sc_mcu7t5v0__xor2_1)
     4    0.020728    0.828116    0.680329    1.963782 ^ _1176_/Z (gf180mcu_fd_sc_mcu7t5v0__xor2_1)
                                                         _0611_ (net)
                      0.828116    0.000050    1.963832 ^ _1197_/A1 (gf180mcu_fd_sc_mcu7t5v0__and4_1)
     1    0.005030    0.208899    0.563123    2.526955 ^ _1197_/Z (gf180mcu_fd_sc_mcu7t5v0__and4_1)
                                                         _0628_ (net)
                      0.208899    0.000005    2.526960 ^ _1204_/A2 (gf180mcu_fd_sc_mcu7t5v0__aoi21_1)
     1    0.009756    0.334051    0.167187    2.694147 v _1204_/ZN (gf180mcu_fd_sc_mcu7t5v0__aoi21_1)
                                                         _0635_ (net)
                      0.334051    0.000141    2.694288 v _1278_/A1 (gf180mcu_fd_sc_mcu7t5v0__oai21_1)
     4    0.027253    0.931296    0.628177    3.322465 ^ _1278_/ZN (gf180mcu_fd_sc_mcu7t5v0__oai21_1)
                                                         _0701_ (net)
                      0.931296    0.000346    3.322811 ^ _1291_/A1 (gf180mcu_fd_sc_mcu7t5v0__aoi21_1)
     2    0.013468    0.424818    0.265406    3.588217 v _1291_/ZN (gf180mcu_fd_sc_mcu7t5v0__aoi21_1)
                                                         _0712_ (net)
                      0.424818    0.000054    3.588271 v _1295_/A2 (gf180mcu_fd_sc_mcu7t5v0__oai21_1)
     1    0.007853    0.398519    0.320739    3.909010 ^ _1295_/ZN (gf180mcu_fd_sc_mcu7t5v0__oai21_1)
                                                         _0715_ (net)
                      0.398519    0.000013    3.909023 ^ _1296_/A3 (gf180mcu_fd_sc_mcu7t5v0__xor3_1)
     1    0.003344    0.325684    0.385010    4.294033 ^ _1296_/Z (gf180mcu_fd_sc_mcu7t5v0__xor3_1)
                                                         _0122_ (net)
                      0.325684    0.000004    4.294038 ^ _2089_/D (gf180mcu_fd_sc_mcu7t5v0__dffrnq_1)
                                              4.294038   data arrival time

                                 81.379997   81.379997   clock clk (rise edge)
                                  0.000000   81.379997   clock source latency
    83    0.353267    0.000000    0.000000   81.379997 ^ clk (in)
                                                         clk (net)
                      0.004477    0.001833   81.381828 ^ _2089_/CLK (gf180mcu_fd_sc_mcu7t5v0__dffrnq_1)
                                 -0.250000   81.131836   clock uncertainty
                                  0.000000   81.131836   clock reconvergence pessimism
                                 -0.354915   80.776917   library setup time
                                             80.776917   data required time
---------------------------------------------------------------------------------------------
                                             80.776917   data required time
                                             -4.294038   data arrival time
---------------------------------------------------------------------------------------------
                                             76.482880   slack (MET)


Startpoint: _2099_ (rising edge-triggered flip-flop clocked by clk)
Endpoint: _2089_ (rising edge-triggered flip-flop clocked by clk_div)
Path Group: clk_div
Path Type: max

Fanout         Cap        Slew       Delay        Time   Description
---------------------------------------------------------------------------------------------
                               20751.898438 20751.898438   clock clk (rise edge)
                                  0.000000 20751.898438   clock source latency
    83    0.353267    0.000000    0.000000 20751.898438 ^ clk (in)
                                                         clk (net)
                      0.011451    0.005457 20751.904297 ^ _2099_/CLK (gf180mcu_fd_sc_mcu7t5v0__dffrnq_1)
     9    0.048485    0.862393    1.278750 20753.183594 ^ _2099_/Q (gf180mcu_fd_sc_mcu7t5v0__dffrnq_1)
                                                         u_cas_int.out_int2[4] (net)
                      0.862393    0.000000 20753.183594 ^ _1176_/A1 (gf180mcu_fd_sc_mcu7t5v0__xor2_1)
     4    0.020728    0.828116    0.680302 20753.863281 ^ _1176_/Z (gf180mcu_fd_sc_mcu7t5v0__xor2_1)
                                                         _0611_ (net)
                      0.828116    0.000000 20753.863281 ^ _1197_/A1 (gf180mcu_fd_sc_mcu7t5v0__and4_1)
     1    0.005030    0.208899    0.562068 20754.425781 ^ _1197_/Z (gf180mcu_fd_sc_mcu7t5v0__and4_1)
                                                         _0628_ (net)
                      0.208899    0.000000 20754.425781 ^ _1204_/A2 (gf180mcu_fd_sc_mcu7t5v0__aoi21_1)
     1    0.009756    0.334051    0.167347 20754.593750 v _1204_/ZN (gf180mcu_fd_sc_mcu7t5v0__aoi21_1)
                                                         _0635_ (net)
                      0.334051    0.000000 20754.593750 v _1278_/A1 (gf180mcu_fd_sc_mcu7t5v0__oai21_1)
     4    0.027253    0.931296    0.629370 20755.222656 ^ _1278_/ZN (gf180mcu_fd_sc_mcu7t5v0__oai21_1)
                                                         _0701_ (net)
                      0.931296    0.000000 20755.222656 ^ _1291_/A1 (gf180mcu_fd_sc_mcu7t5v0__aoi21_1)
     2    0.013468    0.424818    0.265572 20755.488281 v _1291_/ZN (gf180mcu_fd_sc_mcu7t5v0__aoi21_1)
                                                         _0712_ (net)
                      0.424818    0.000000 20755.488281 v _1295_/A2 (gf180mcu_fd_sc_mcu7t5v0__oai21_1)
     1    0.007853    0.398519    0.320142 20755.808594 ^ _1295_/ZN (gf180mcu_fd_sc_mcu7t5v0__oai21_1)
                                                         _0715_ (net)
                      0.398519    0.000000 20755.808594 ^ _1296_/A3 (gf180mcu_fd_sc_mcu7t5v0__xor3_1)
     1    0.003344    0.325684    0.385626 20756.193359 ^ _1296_/Z (gf180mcu_fd_sc_mcu7t5v0__xor3_1)
                                                         _0122_ (net)
                      0.325684    0.000000 20756.193359 ^ _2089_/D (gf180mcu_fd_sc_mcu7t5v0__dffrnq_1)
                                           20756.193359   data arrival time

                               20833.279297 20833.279297   clock clk_div (rise edge)
                                  0.000000 20833.279297   clock source latency
    83    0.353267    0.000000    0.000000 20833.279297 ^ clk (in)
                                                         clk (net)
                      0.004477    0.001819 20833.281250 ^ _2089_/CLK (gf180mcu_fd_sc_mcu7t5v0__dffrnq_1)
                                 -0.250000 20833.031250   clock uncertainty
                                  0.000000 20833.031250   clock reconvergence pessimism
                                 -0.354915 20832.677734   library setup time
                                           20832.677734   data required time
---------------------------------------------------------------------------------------------
                                           20832.677734   data required time
                                           -20756.193359   data arrival time
---------------------------------------------------------------------------------------------
                                             76.482880   slack (MET)


Startpoint: _2099_ (rising edge-triggered flip-flop clocked by clk)
Endpoint: _2092_ (rising edge-triggered flip-flop clocked by clk)
Path Group: clk
Path Type: max

Fanout         Cap        Slew       Delay        Time   Description
---------------------------------------------------------------------------------------------
                                  0.000000    0.000000   clock clk (rise edge)
                                  0.000000    0.000000   clock source latency
    83    0.353267    0.000000    0.000000    0.000000 ^ clk (in)
                                                         clk (net)
                      0.011451    0.004684    0.004684 ^ _2099_/CLK (gf180mcu_fd_sc_mcu7t5v0__dffrnq_1)
     9    0.048485    0.862393    1.278725    1.283408 ^ _2099_/Q (gf180mcu_fd_sc_mcu7t5v0__dffrnq_1)
                                                         u_cas_int.out_int2[4] (net)
                      0.862393    0.000044    1.283453 ^ _1176_/A1 (gf180mcu_fd_sc_mcu7t5v0__xor2_1)
     4    0.020728    0.828116    0.680329    1.963782 ^ _1176_/Z (gf180mcu_fd_sc_mcu7t5v0__xor2_1)
                                                         _0611_ (net)
                      0.828116    0.000050    1.963832 ^ _1197_/A1 (gf180mcu_fd_sc_mcu7t5v0__and4_1)
     1    0.005030    0.208899    0.563123    2.526955 ^ _1197_/Z (gf180mcu_fd_sc_mcu7t5v0__and4_1)
                                                         _0628_ (net)
                      0.208899    0.000005    2.526960 ^ _1204_/A2 (gf180mcu_fd_sc_mcu7t5v0__aoi21_1)
     1    0.009756    0.334051    0.167187    2.694147 v _1204_/ZN (gf180mcu_fd_sc_mcu7t5v0__aoi21_1)
                                                         _0635_ (net)
                      0.334051    0.000141    2.694288 v _1278_/A1 (gf180mcu_fd_sc_mcu7t5v0__oai21_1)
     4    0.027253    0.931296    0.628177    3.322465 ^ _1278_/ZN (gf180mcu_fd_sc_mcu7t5v0__oai21_1)
                                                         _0701_ (net)
                      0.931296    0.000399    3.322863 ^ _1304_/A1 (gf180mcu_fd_sc_mcu7t5v0__aoi21_1)
     1    0.006135    0.318032    0.159333    3.482197 v _1304_/ZN (gf180mcu_fd_sc_mcu7t5v0__aoi21_1)
                                                         _0723_ (net)
                      0.318032    0.000026    3.482222 v _1320_/A1 (gf180mcu_fd_sc_mcu7t5v0__oai21_1)
     2    0.014202    0.572864    0.408668    3.890891 ^ _1320_/ZN (gf180mcu_fd_sc_mcu7t5v0__oai21_1)
                                                         _0737_ (net)
                      0.572864    0.000070    3.890960 ^ _1324_/A3 (gf180mcu_fd_sc_mcu7t5v0__xor3_1)
     1    0.003098    0.320943    0.390074    4.281035 ^ _1324_/Z (gf180mcu_fd_sc_mcu7t5v0__xor3_1)
                                                         _0126_ (net)
                      0.320943    0.000001    4.281036 ^ _2092_/D (gf180mcu_fd_sc_mcu7t5v0__dffrnq_1)
                                              4.281036   data arrival time

                                 81.379997   81.379997   clock clk (rise edge)
                                  0.000000   81.379997   clock source latency
    83    0.353267    0.000000    0.000000   81.379997 ^ clk (in)
                                                         clk (net)
                      0.006814    0.002785   81.382782 ^ _2092_/CLK (gf180mcu_fd_sc_mcu7t5v0__dffrnq_1)
                                 -0.250000   81.132782   clock uncertainty
                                  0.000000   81.132782   clock reconvergence pessimism
                                 -0.353865   80.778923   library setup time
                                             80.778923   data required time
---------------------------------------------------------------------------------------------
                                             80.778923   data required time
                                             -4.281036   data arrival time
---------------------------------------------------------------------------------------------
                                             76.497887   slack (MET)


Startpoint: _2099_ (rising edge-triggered flip-flop clocked by clk)
Endpoint: _2092_ (rising edge-triggered flip-flop clocked by clk_div)
Path Group: clk_div
Path Type: max

Fanout         Cap        Slew       Delay        Time   Description
---------------------------------------------------------------------------------------------
                               20751.898438 20751.898438   clock clk (rise edge)
                                  0.000000 20751.898438   clock source latency
    83    0.353267    0.000000    0.000000 20751.898438 ^ clk (in)
                                                         clk (net)
                      0.011451    0.005457 20751.904297 ^ _2099_/CLK (gf180mcu_fd_sc_mcu7t5v0__dffrnq_1)
     9    0.048485    0.862393    1.278750 20753.183594 ^ _2099_/Q (gf180mcu_fd_sc_mcu7t5v0__dffrnq_1)
                                                         u_cas_int.out_int2[4] (net)
                      0.862393    0.000000 20753.183594 ^ _1176_/A1 (gf180mcu_fd_sc_mcu7t5v0__xor2_1)
     4    0.020728    0.828116    0.680302 20753.863281 ^ _1176_/Z (gf180mcu_fd_sc_mcu7t5v0__xor2_1)
                                                         _0611_ (net)
                      0.828116    0.000000 20753.863281 ^ _1197_/A1 (gf180mcu_fd_sc_mcu7t5v0__and4_1)
     1    0.005030    0.208899    0.562068 20754.425781 ^ _1197_/Z (gf180mcu_fd_sc_mcu7t5v0__and4_1)
                                                         _0628_ (net)
                      0.208899    0.000000 20754.425781 ^ _1204_/A2 (gf180mcu_fd_sc_mcu7t5v0__aoi21_1)
     1    0.009756    0.334051    0.167347 20754.593750 v _1204_/ZN (gf180mcu_fd_sc_mcu7t5v0__aoi21_1)
                                                         _0635_ (net)
                      0.334051    0.000000 20754.593750 v _1278_/A1 (gf180mcu_fd_sc_mcu7t5v0__oai21_1)
     4    0.027253    0.931296    0.629370 20755.222656 ^ _1278_/ZN (gf180mcu_fd_sc_mcu7t5v0__oai21_1)
                                                         _0701_ (net)
                      0.931296    0.000000 20755.222656 ^ _1304_/A1 (gf180mcu_fd_sc_mcu7t5v0__aoi21_1)
     1    0.006135    0.318032    0.158252 20755.380859 v _1304_/ZN (gf180mcu_fd_sc_mcu7t5v0__aoi21_1)
                                                         _0723_ (net)
                      0.318032    0.000000 20755.380859 v _1320_/A1 (gf180mcu_fd_sc_mcu7t5v0__oai21_1)
     2    0.014202    0.572864    0.409273 20755.791016 ^ _1320_/ZN (gf180mcu_fd_sc_mcu7t5v0__oai21_1)
                                                         _0737_ (net)
                      0.572864    0.000000 20755.791016 ^ _1324_/A3 (gf180mcu_fd_sc_mcu7t5v0__xor3_1)
     1    0.003098    0.320943    0.391083 20756.181641 ^ _1324_/Z (gf180mcu_fd_sc_mcu7t5v0__xor3_1)
                                                         _0126_ (net)
                      0.320943    0.000000 20756.181641 ^ _2092_/D (gf180mcu_fd_sc_mcu7t5v0__dffrnq_1)
                                           20756.181641   data arrival time

                               20833.279297 20833.279297   clock clk_div (rise edge)
                                  0.000000 20833.279297   clock source latency
    83    0.353267    0.000000    0.000000 20833.279297 ^ clk (in)
                                                         clk (net)
                      0.006814    0.003638 20833.283203 ^ _2092_/CLK (gf180mcu_fd_sc_mcu7t5v0__dffrnq_1)
                                 -0.250000 20833.033203   clock uncertainty
                                  0.000000 20833.033203   clock reconvergence pessimism
                                 -0.353865 20832.679688   library setup time
                                           20832.679688   data required time
---------------------------------------------------------------------------------------------
                                           20832.679688   data required time
                                           -20756.181641   data arrival time
---------------------------------------------------------------------------------------------
                                             76.497887   slack (MET)


Startpoint: _2097_ (rising edge-triggered flip-flop clocked by clk)
Endpoint: _2083_ (rising edge-triggered flip-flop clocked by clk)
Path Group: clk
Path Type: max

Fanout         Cap        Slew       Delay        Time   Description
---------------------------------------------------------------------------------------------
                                  0.000000    0.000000   clock clk (rise edge)
                                  0.000000    0.000000   clock source latency
    83    0.353267    0.000000    0.000000    0.000000 ^ clk (in)
                                                         clk (net)
                      0.011544    0.004722    0.004722 ^ _2097_/CLK (gf180mcu_fd_sc_mcu7t5v0__dffrnq_1)
     8    0.037530    0.661976    1.177272    1.181994 ^ _2097_/Q (gf180mcu_fd_sc_mcu7t5v0__dffrnq_1)
                                                         u_cas_int.out_int2[2] (net)
                      0.661976    0.000018    1.182012 ^ _1159_/A1 (gf180mcu_fd_sc_mcu7t5v0__and2_1)
     3    0.013508    0.296309    0.442337    1.624349 ^ _1159_/Z (gf180mcu_fd_sc_mcu7t5v0__and2_1)
                                                         _0596_ (net)
                      0.296309    0.000032    1.624381 ^ _1164_/B (gf180mcu_fd_sc_mcu7t5v0__aoi211_1)
     2    0.010804    0.406465    0.292013    1.916393 v _1164_/ZN (gf180mcu_fd_sc_mcu7t5v0__aoi211_1)
                                                         _0601_ (net)
                      0.406465    0.000043    1.916436 v _1173_/A1 (gf180mcu_fd_sc_mcu7t5v0__oai21_1)
     1    0.007469    0.382301    0.324972    2.241408 ^ _1173_/ZN (gf180mcu_fd_sc_mcu7t5v0__oai21_1)
                                                         _0608_ (net)
                      0.382301    0.000064    2.241472 ^ _1205_/A1 (gf180mcu_fd_sc_mcu7t5v0__oai211_1)
     4    0.026967    0.723908    0.448376    2.689847 v _1205_/ZN (gf180mcu_fd_sc_mcu7t5v0__oai211_1)
                                                         _0636_ (net)
                      0.723908    0.000178    2.690026 v _1218_/A1 (gf180mcu_fd_sc_mcu7t5v0__aoi21_1)
     4    0.024657    0.940068    0.692914    3.382940 ^ _1218_/ZN (gf180mcu_fd_sc_mcu7t5v0__aoi21_1)
                                                         _0647_ (net)
                      0.940068    0.000119    3.383059 ^ _1240_/A1 (gf180mcu_fd_sc_mcu7t5v0__oai211_1)
     1    0.005057    0.377578    0.224836    3.607895 v _1240_/ZN (gf180mcu_fd_sc_mcu7t5v0__oai211_1)
                                                         _0666_ (net)
                      0.377578    0.000011    3.607906 v _1241_/A2 (gf180mcu_fd_sc_mcu7t5v0__nand2_1)
     1    0.008433    0.277874    0.260207    3.868113 ^ _1241_/ZN (gf180mcu_fd_sc_mcu7t5v0__nand2_1)
                                                         _0667_ (net)
                      0.277874    0.000034    3.868147 ^ _1242_/A3 (gf180mcu_fd_sc_mcu7t5v0__xor3_1)
     1    0.003258    0.322329    0.374608    4.242755 ^ _1242_/Z (gf180mcu_fd_sc_mcu7t5v0__xor3_1)
                                                         _0116_ (net)
                      0.322329    0.000003    4.242758 ^ _2083_/D (gf180mcu_fd_sc_mcu7t5v0__dffrnq_1)
                                              4.242758   data arrival time

                                 81.379997   81.379997   clock clk (rise edge)
                                  0.000000   81.379997   clock source latency
    83    0.353267    0.000000    0.000000   81.379997 ^ clk (in)
                                                         clk (net)
                      0.009827    0.004022   81.384018 ^ _2083_/CLK (gf180mcu_fd_sc_mcu7t5v0__dffrnq_1)
                                 -0.250000   81.134018   clock uncertainty
                                  0.000000   81.134018   clock reconvergence pessimism
                                 -0.353630   80.780388   library setup time
                                             80.780388   data required time
---------------------------------------------------------------------------------------------
                                             80.780388   data required time
                                             -4.242758   data arrival time
---------------------------------------------------------------------------------------------
                                             76.537636   slack (MET)


Startpoint: _2097_ (rising edge-triggered flip-flop clocked by clk)
Endpoint: _2083_ (rising edge-triggered flip-flop clocked by clk_div)
Path Group: clk_div
Path Type: max

Fanout         Cap        Slew       Delay        Time   Description
---------------------------------------------------------------------------------------------
                               20751.898438 20751.898438   clock clk (rise edge)
                                  0.000000 20751.898438   clock source latency
    83    0.353267    0.000000    0.000000 20751.898438 ^ clk (in)
                                                         clk (net)
                      0.011544    0.005457 20751.904297 ^ _2097_/CLK (gf180mcu_fd_sc_mcu7t5v0__dffrnq_1)
     8    0.037530    0.661976    1.176886 20753.082031 ^ _2097_/Q (gf180mcu_fd_sc_mcu7t5v0__dffrnq_1)
                                                         u_cas_int.out_int2[2] (net)
                      0.661976    0.000000 20753.082031 ^ _1159_/A1 (gf180mcu_fd_sc_mcu7t5v0__and2_1)
     3    0.013508    0.296309    0.442014 20753.523438 ^ _1159_/Z (gf180mcu_fd_sc_mcu7t5v0__and2_1)
                                                         _0596_ (net)
                      0.296309    0.000000 20753.523438 ^ _1164_/B (gf180mcu_fd_sc_mcu7t5v0__aoi211_1)
     2    0.010804    0.406465    0.292857 20753.816406 v _1164_/ZN (gf180mcu_fd_sc_mcu7t5v0__aoi211_1)
                                                         _0601_ (net)
                      0.406465    0.000000 20753.816406 v _1173_/A1 (gf180mcu_fd_sc_mcu7t5v0__oai21_1)
     1    0.007469    0.382301    0.323780 20754.140625 ^ _1173_/ZN (gf180mcu_fd_sc_mcu7t5v0__oai21_1)
                                                         _0608_ (net)
                      0.382301    0.000000 20754.140625 ^ _1205_/A1 (gf180mcu_fd_sc_mcu7t5v0__oai211_1)
     4    0.026967    0.723908    0.449290 20754.589844 v _1205_/ZN (gf180mcu_fd_sc_mcu7t5v0__oai211_1)
                                                         _0636_ (net)
                      0.723908    0.000000 20754.589844 v _1218_/A1 (gf180mcu_fd_sc_mcu7t5v0__aoi21_1)
     4    0.024657    0.940068    0.693035 20755.283203 ^ _1218_/ZN (gf180mcu_fd_sc_mcu7t5v0__aoi21_1)
                                                         _0647_ (net)
                      0.940068    0.000000 20755.283203 ^ _1240_/A1 (gf180mcu_fd_sc_mcu7t5v0__oai211_1)
     1    0.005057    0.377578    0.223736 20755.505859 v _1240_/ZN (gf180mcu_fd_sc_mcu7t5v0__oai211_1)
                                                         _0666_ (net)
                      0.377578    0.000000 20755.505859 v _1241_/A2 (gf180mcu_fd_sc_mcu7t5v0__nand2_1)
     1    0.008433    0.277874    0.261934 20755.767578 ^ _1241_/ZN (gf180mcu_fd_sc_mcu7t5v0__nand2_1)
                                                         _0667_ (net)
                      0.277874    0.000000 20755.767578 ^ _1242_/A3 (gf180mcu_fd_sc_mcu7t5v0__xor3_1)
     1    0.003258    0.322329    0.372893 20756.140625 ^ _1242_/Z (gf180mcu_fd_sc_mcu7t5v0__xor3_1)
                                                         _0116_ (net)
                      0.322329    0.000000 20756.140625 ^ _2083_/D (gf180mcu_fd_sc_mcu7t5v0__dffrnq_1)
                                           20756.140625   data arrival time

                               20833.279297 20833.279297   clock clk_div (rise edge)
                                  0.000000 20833.279297   clock source latency
    83    0.353267    0.000000    0.000000 20833.279297 ^ clk (in)
                                                         clk (net)
                      0.009827    0.003638 20833.283203 ^ _2083_/CLK (gf180mcu_fd_sc_mcu7t5v0__dffrnq_1)
                                 -0.250000 20833.033203   clock uncertainty
                                  0.000000 20833.033203   clock reconvergence pessimism
                                 -0.353630 20832.679688   library setup time
                                           20832.679688   data required time
---------------------------------------------------------------------------------------------
                                           20832.679688   data required time
                                           -20756.140625   data arrival time
---------------------------------------------------------------------------------------------
                                             76.537636   slack (MET)


Startpoint: _2100_ (rising edge-triggered flip-flop clocked by clk)
Endpoint: _2082_ (rising edge-triggered flip-flop clocked by clk)
Path Group: clk
Path Type: max

Fanout         Cap        Slew       Delay        Time   Description
---------------------------------------------------------------------------------------------
                                  0.000000    0.000000   clock clk (rise edge)
                                  0.000000    0.000000   clock source latency
    83    0.353267    0.000000    0.000000    0.000000 ^ clk (in)
                                                         clk (net)
                      0.011338    0.004638    0.004638 ^ _2100_/CLK (gf180mcu_fd_sc_mcu7t5v0__dffrnq_1)
     8    0.042970    0.747441    1.227585    1.232223 ^ _2100_/Q (gf180mcu_fd_sc_mcu7t5v0__dffrnq_1)
                                                         u_cas_int.out_int2[5] (net)
                      0.747441    0.000005    1.232228 ^ _1183_/B1 (gf180mcu_fd_sc_mcu7t5v0__aoi22_1)
     2    0.007816    0.421897    0.287210    1.519438 v _1183_/ZN (gf180mcu_fd_sc_mcu7t5v0__aoi22_1)
                                                         _0616_ (net)
                      0.421897    0.000007    1.519445 v _1199_/A2 (gf180mcu_fd_sc_mcu7t5v0__or2_1)
     2    0.009223    0.208753    0.504982    2.024427 v _1199_/Z (gf180mcu_fd_sc_mcu7t5v0__or2_1)
                                                         _0630_ (net)
                      0.208753    0.000053    2.024480 v _1200_/A2 (gf180mcu_fd_sc_mcu7t5v0__or2_1)
     1    0.004582    0.164679    0.410003    2.434483 v _1200_/Z (gf180mcu_fd_sc_mcu7t5v0__or2_1)
                                                         _0631_ (net)
                      0.164679    0.000000    2.434484 v _1205_/B (gf180mcu_fd_sc_mcu7t5v0__oai211_1)
     4    0.026967    0.995441    0.519671    2.954155 ^ _1205_/ZN (gf180mcu_fd_sc_mcu7t5v0__oai211_1)
                                                         _0636_ (net)
                      0.995441    0.000178    2.954333 ^ _1218_/A1 (gf180mcu_fd_sc_mcu7t5v0__aoi21_1)
     4    0.024657    0.583236    0.405338    3.359671 v _1218_/ZN (gf180mcu_fd_sc_mcu7t5v0__aoi21_1)
                                                         _0647_ (net)
                      0.583236    0.000117    3.359789 v _1234_/A1 (gf180mcu_fd_sc_mcu7t5v0__oai21_1)
     2    0.014294    0.590058    0.491232    3.851021 ^ _1234_/ZN (gf180mcu_fd_sc_mcu7t5v0__oai21_1)
                                                         _0661_ (net)
                      0.590058    0.000041    3.851062 ^ _1237_/A3 (gf180mcu_fd_sc_mcu7t5v0__xor3_1)
     1    0.003078    0.316391    0.390639    4.241701 ^ _1237_/Z (gf180mcu_fd_sc_mcu7t5v0__xor3_1)
                                                         _0115_ (net)
                      0.316391    0.000000    4.241702 ^ _2082_/D (gf180mcu_fd_sc_mcu7t5v0__dffrnq_1)
                                              4.241702   data arrival time

                                 81.379997   81.379997   clock clk (rise edge)
                                  0.000000   81.379997   clock source latency
    83    0.353267    0.000000    0.000000   81.379997 ^ clk (in)
                                                         clk (net)
                      0.010180    0.004164   81.384163 ^ _2082_/CLK (gf180mcu_fd_sc_mcu7t5v0__dffrnq_1)
                                 -0.250000   81.134163   clock uncertainty
                                  0.000000   81.134163   clock reconvergence pessimism
                                 -0.352687   80.781479   library setup time
                                             80.781479   data required time
---------------------------------------------------------------------------------------------
                                             80.781479   data required time
                                             -4.241702   data arrival time
---------------------------------------------------------------------------------------------
                                             76.539780   slack (MET)


Startpoint: _2100_ (rising edge-triggered flip-flop clocked by clk)
Endpoint: _2082_ (rising edge-triggered flip-flop clocked by clk_div)
Path Group: clk_div
Path Type: max

Fanout         Cap        Slew       Delay        Time   Description
---------------------------------------------------------------------------------------------
                               20751.898438 20751.898438   clock clk (rise edge)
                                  0.000000 20751.898438   clock source latency
    83    0.353267    0.000000    0.000000 20751.898438 ^ clk (in)
                                                         clk (net)
                      0.011338    0.005457 20751.904297 ^ _2100_/CLK (gf180mcu_fd_sc_mcu7t5v0__dffrnq_1)
     8    0.042970    0.747441    1.225999 20753.130859 ^ _2100_/Q (gf180mcu_fd_sc_mcu7t5v0__dffrnq_1)
                                                         u_cas_int.out_int2[5] (net)
                      0.747441    0.000000 20753.130859 ^ _1183_/B1 (gf180mcu_fd_sc_mcu7t5v0__aoi22_1)
     2    0.007816    0.421897    0.287400 20753.417969 v _1183_/ZN (gf180mcu_fd_sc_mcu7t5v0__aoi22_1)
                                                         _0616_ (net)
                      0.421897    0.000000 20753.417969 v _1199_/A2 (gf180mcu_fd_sc_mcu7t5v0__or2_1)
     2    0.009223    0.208753    0.505679 20753.923828 v _1199_/Z (gf180mcu_fd_sc_mcu7t5v0__or2_1)
                                                         _0630_ (net)
                      0.208753    0.000000 20753.923828 v _1200_/A2 (gf180mcu_fd_sc_mcu7t5v0__or2_1)
     1    0.004582    0.164679    0.409273 20754.333984 v _1200_/Z (gf180mcu_fd_sc_mcu7t5v0__or2_1)
                                                         _0631_ (net)
                      0.164679    0.000000 20754.333984 v _1205_/B (gf180mcu_fd_sc_mcu7t5v0__oai211_1)
     4    0.026967    0.995441    0.520231 20754.853516 ^ _1205_/ZN (gf180mcu_fd_sc_mcu7t5v0__oai211_1)
                                                         _0636_ (net)
                      0.995441    0.000000 20754.853516 ^ _1218_/A1 (gf180mcu_fd_sc_mcu7t5v0__aoi21_1)
     4    0.024657    0.583236    0.405635 20755.259766 v _1218_/ZN (gf180mcu_fd_sc_mcu7t5v0__aoi21_1)
                                                         _0647_ (net)
                      0.583236    0.000000 20755.259766 v _1234_/A1 (gf180mcu_fd_sc_mcu7t5v0__oai21_1)
     2    0.014294    0.590058    0.491127 20755.750000 ^ _1234_/ZN (gf180mcu_fd_sc_mcu7t5v0__oai21_1)
                                                         _0661_ (net)
                      0.590058    0.000000 20755.750000 ^ _1237_/A3 (gf180mcu_fd_sc_mcu7t5v0__xor3_1)
     1    0.003078    0.316391    0.391083 20756.140625 ^ _1237_/Z (gf180mcu_fd_sc_mcu7t5v0__xor3_1)
                                                         _0115_ (net)
                      0.316391    0.000000 20756.140625 ^ _2082_/D (gf180mcu_fd_sc_mcu7t5v0__dffrnq_1)
                                           20756.140625   data arrival time

                               20833.279297 20833.279297   clock clk_div (rise edge)
                                  0.000000 20833.279297   clock source latency
    83    0.353267    0.000000    0.000000 20833.279297 ^ clk (in)
                                                         clk (net)
                      0.010180    0.003638 20833.283203 ^ _2082_/CLK (gf180mcu_fd_sc_mcu7t5v0__dffrnq_1)
                                 -0.250000 20833.033203   clock uncertainty
                                  0.000000 20833.033203   clock reconvergence pessimism
                                 -0.352687 20832.681641   library setup time
                                           20832.681641   data required time
---------------------------------------------------------------------------------------------
                                           20832.681641   data required time
                                           -20756.140625   data arrival time
---------------------------------------------------------------------------------------------
                                             76.539780   slack (MET)


Startpoint: _2120_ (rising edge-triggered flip-flop clocked by clk)
Endpoint: _2108_ (rising edge-triggered flip-flop clocked by clk)
Path Group: clk
Path Type: max

Fanout         Cap        Slew       Delay        Time   Description
---------------------------------------------------------------------------------------------
                                  0.000000    0.000000   clock clk (rise edge)
                                  0.000000    0.000000   clock source latency
    83    0.353267    0.000000    0.000000    0.000000 ^ clk (in)
                                                         clk (net)
                      0.010145    0.004150    0.004150 ^ _2120_/CLK (gf180mcu_fd_sc_mcu7t5v0__dffrnq_1)
     7    0.038777    0.704488    1.188649    1.192798 ^ _2120_/Q (gf180mcu_fd_sc_mcu7t5v0__dffrnq_1)
                                                         u_cas_int.out_int1[0] (net)
                      0.704488    0.000039    1.192837 ^ _1348_/B (gf180mcu_fd_sc_mcu7t5v0__oai211_1)
     2    0.009787    0.439905    0.346384    1.539221 v _1348_/ZN (gf180mcu_fd_sc_mcu7t5v0__oai211_1)
                                                         _0761_ (net)
                      0.439905    0.000023    1.539244 v _1350_/A2 (gf180mcu_fd_sc_mcu7t5v0__aoi211_1)
     2    0.010353    0.798835    0.524965    2.064209 ^ _1350_/ZN (gf180mcu_fd_sc_mcu7t5v0__aoi211_1)
                                                         _0763_ (net)
                      0.798835    0.000048    2.064257 ^ _1360_/A1 (gf180mcu_fd_sc_mcu7t5v0__aoi21_1)
     1    0.006459    0.296642    0.165510    2.229766 v _1360_/ZN (gf180mcu_fd_sc_mcu7t5v0__aoi21_1)
                                                         _0771_ (net)
                      0.296642    0.000034    2.229801 v _1387_/A1 (gf180mcu_fd_sc_mcu7t5v0__oai21_1)
     5    0.031660    1.058277    0.691836    2.921637 ^ _1387_/ZN (gf180mcu_fd_sc_mcu7t5v0__oai21_1)
                                                         _0794_ (net)
                      1.058277    0.000431    2.922068 ^ _1412_/A1 (gf180mcu_fd_sc_mcu7t5v0__nand2_1)
     2    0.010224    0.395872    0.235399    3.157467 v _1412_/ZN (gf180mcu_fd_sc_mcu7t5v0__nand2_1)
                                                         _0815_ (net)
                      0.395872    0.000020    3.157487 v _1420_/A1 (gf180mcu_fd_sc_mcu7t5v0__aoi21_1)
     3    0.015808    0.674193    0.448209    3.605696 ^ _1420_/ZN (gf180mcu_fd_sc_mcu7t5v0__aoi21_1)
                                                         _0823_ (net)
                      0.674193    0.000062    3.605758 ^ _1424_/B (gf180mcu_fd_sc_mcu7t5v0__aoi21_1)
     1    0.007333    0.387122    0.288301    3.894058 v _1424_/ZN (gf180mcu_fd_sc_mcu7t5v0__aoi21_1)
                                                         _0826_ (net)
                      0.387122    0.000012    3.894070 v _1425_/A3 (gf180mcu_fd_sc_mcu7t5v0__xnor3_1)
     1    0.003198    0.308091    0.277011    4.171081 ^ _1425_/ZN (gf180mcu_fd_sc_mcu7t5v0__xnor3_1)
                                                         _0091_ (net)
                      0.308091    0.000003    4.171083 ^ _2108_/D (gf180mcu_fd_sc_mcu7t5v0__dffrnq_1)
                                              4.171083   data arrival time

                                 81.379997   81.379997   clock clk (rise edge)
                                  0.000000   81.379997   clock source latency
    83    0.353267    0.000000    0.000000   81.379997 ^ clk (in)
                                                         clk (net)
                      0.009355    0.003830   81.383827 ^ _2108_/CLK (gf180mcu_fd_sc_mcu7t5v0__dffrnq_1)
                                 -0.250000   81.133827   clock uncertainty
                                  0.000000   81.133827   clock reconvergence pessimism
                                 -0.351564   80.782265   library setup time
                                             80.782265   data required time
---------------------------------------------------------------------------------------------
                                             80.782265   data required time
                                             -4.171083   data arrival time
---------------------------------------------------------------------------------------------
                                             76.611183   slack (MET)


Startpoint: _2120_ (rising edge-triggered flip-flop clocked by clk)
Endpoint: _2108_ (rising edge-triggered flip-flop clocked by clk_div)
Path Group: clk_div
Path Type: max

Fanout         Cap        Slew       Delay        Time   Description
---------------------------------------------------------------------------------------------
                               20751.898438 20751.898438   clock clk (rise edge)
                                  0.000000 20751.898438   clock source latency
    83    0.353267    0.000000    0.000000 20751.898438 ^ clk (in)
                                                         clk (net)
                      0.010145    0.003638 20751.902344 ^ _2120_/CLK (gf180mcu_fd_sc_mcu7t5v0__dffrnq_1)
     7    0.038777    0.704488    1.189619 20753.091797 ^ _2120_/Q (gf180mcu_fd_sc_mcu7t5v0__dffrnq_1)
                                                         u_cas_int.out_int1[0] (net)
                      0.704488    0.000000 20753.091797 ^ _1348_/B (gf180mcu_fd_sc_mcu7t5v0__oai211_1)
     2    0.009787    0.439905    0.345608 20753.437500 v _1348_/ZN (gf180mcu_fd_sc_mcu7t5v0__oai211_1)
                                                         _0761_ (net)
                      0.439905    0.000000 20753.437500 v _1350_/A2 (gf180mcu_fd_sc_mcu7t5v0__aoi211_1)
     2    0.010353    0.798835    0.525688 20753.964844 ^ _1350_/ZN (gf180mcu_fd_sc_mcu7t5v0__aoi211_1)
                                                         _0763_ (net)
                      0.798835    0.000000 20753.964844 ^ _1360_/A1 (gf180mcu_fd_sc_mcu7t5v0__aoi21_1)
     1    0.006459    0.296642    0.165528 20754.128906 v _1360_/ZN (gf180mcu_fd_sc_mcu7t5v0__aoi21_1)
                                                         _0771_ (net)
                      0.296642    0.000000 20754.128906 v _1387_/A1 (gf180mcu_fd_sc_mcu7t5v0__oai21_1)
     5    0.031660    1.058277    0.691216 20754.820312 ^ _1387_/ZN (gf180mcu_fd_sc_mcu7t5v0__oai21_1)
                                                         _0794_ (net)
                      1.058277    0.000000 20754.820312 ^ _1412_/A1 (gf180mcu_fd_sc_mcu7t5v0__nand2_1)
     2    0.010224    0.395872    0.236469 20755.056641 v _1412_/ZN (gf180mcu_fd_sc_mcu7t5v0__nand2_1)
                                                         _0815_ (net)
                      0.395872    0.000000 20755.056641 v _1420_/A1 (gf180mcu_fd_sc_mcu7t5v0__aoi21_1)
     3    0.015808    0.674193    0.447471 20755.503906 ^ _1420_/ZN (gf180mcu_fd_sc_mcu7t5v0__aoi21_1)
                                                         _0823_ (net)
                      0.674193    0.000000 20755.503906 ^ _1424_/B (gf180mcu_fd_sc_mcu7t5v0__aoi21_1)
     1    0.007333    0.387122    0.289219 20755.792969 v _1424_/ZN (gf180mcu_fd_sc_mcu7t5v0__aoi21_1)
                                                         _0826_ (net)
                      0.387122    0.000000 20755.792969 v _1425_/A3 (gf180mcu_fd_sc_mcu7t5v0__xnor3_1)
     1    0.003198    0.308091    0.276486 20756.070312 ^ _1425_/ZN (gf180mcu_fd_sc_mcu7t5v0__xnor3_1)
                                                         _0091_ (net)
                      0.308091    0.000000 20756.070312 ^ _2108_/D (gf180mcu_fd_sc_mcu7t5v0__dffrnq_1)
                                           20756.070312   data arrival time

                               20833.279297 20833.279297   clock clk_div (rise edge)
                                  0.000000 20833.279297   clock source latency
    83    0.353267    0.000000    0.000000 20833.279297 ^ clk (in)
                                                         clk (net)
                      0.009355    0.003638 20833.283203 ^ _2108_/CLK (gf180mcu_fd_sc_mcu7t5v0__dffrnq_1)
                                 -0.250000 20833.033203   clock uncertainty
                                  0.000000 20833.033203   clock reconvergence pessimism
                                 -0.351564 20832.681641   library setup time
                                           20832.681641   data required time
---------------------------------------------------------------------------------------------
                                           20832.681641   data required time
                                           -20756.070312   data arrival time
---------------------------------------------------------------------------------------------
                                             76.611183   slack (MET)


Startpoint: _2097_ (rising edge-triggered flip-flop clocked by clk)
Endpoint: _2081_ (rising edge-triggered flip-flop clocked by clk)
Path Group: clk
Path Type: max

Fanout         Cap        Slew       Delay        Time   Description
---------------------------------------------------------------------------------------------
                                  0.000000    0.000000   clock clk (rise edge)
                                  0.000000    0.000000   clock source latency
    83    0.353267    0.000000    0.000000    0.000000 ^ clk (in)
                                                         clk (net)
                      0.011544    0.004722    0.004722 ^ _2097_/CLK (gf180mcu_fd_sc_mcu7t5v0__dffrnq_1)
     8    0.037530    0.661976    1.177272    1.181994 ^ _2097_/Q (gf180mcu_fd_sc_mcu7t5v0__dffrnq_1)
                                                         u_cas_int.out_int2[2] (net)
                      0.661976    0.000018    1.182012 ^ _1159_/A1 (gf180mcu_fd_sc_mcu7t5v0__and2_1)
     3    0.013508    0.296309    0.442337    1.624349 ^ _1159_/Z (gf180mcu_fd_sc_mcu7t5v0__and2_1)
                                                         _0596_ (net)
                      0.296309    0.000032    1.624381 ^ _1164_/B (gf180mcu_fd_sc_mcu7t5v0__aoi211_1)
     2    0.010804    0.406465    0.292013    1.916393 v _1164_/ZN (gf180mcu_fd_sc_mcu7t5v0__aoi211_1)
                                                         _0601_ (net)
                      0.406465    0.000043    1.916436 v _1173_/A1 (gf180mcu_fd_sc_mcu7t5v0__oai21_1)
     1    0.007469    0.382301    0.324972    2.241408 ^ _1173_/ZN (gf180mcu_fd_sc_mcu7t5v0__oai21_1)
                                                         _0608_ (net)
                      0.382301    0.000064    2.241472 ^ _1205_/A1 (gf180mcu_fd_sc_mcu7t5v0__oai211_1)
     4    0.026967    0.723908    0.448376    2.689847 v _1205_/ZN (gf180mcu_fd_sc_mcu7t5v0__oai211_1)
                                                         _0636_ (net)
                      0.723908    0.000178    2.690026 v _1218_/A1 (gf180mcu_fd_sc_mcu7t5v0__aoi21_1)
     4    0.024657    0.940068    0.692914    3.382940 ^ _1218_/ZN (gf180mcu_fd_sc_mcu7t5v0__aoi21_1)
                                                         _0647_ (net)
                      0.940068    0.000032    3.382972 ^ _1222_/A1 (gf180mcu_fd_sc_mcu7t5v0__nand2_1)
     1    0.004616    0.286203    0.147179    3.530151 v _1222_/ZN (gf180mcu_fd_sc_mcu7t5v0__nand2_1)
                                                         _0651_ (net)
                      0.286203    0.000002    3.530153 v _1227_/A2 (gf180mcu_fd_sc_mcu7t5v0__nand2_1)
     1    0.007781    0.252408    0.226807    3.756960 ^ _1227_/ZN (gf180mcu_fd_sc_mcu7t5v0__nand2_1)
                                                         _0655_ (net)
                      0.252408    0.000012    3.756971 ^ _1228_/A3 (gf180mcu_fd_sc_mcu7t5v0__xor3_1)
     1    0.003067    0.318238    0.368691    4.125663 ^ _1228_/Z (gf180mcu_fd_sc_mcu7t5v0__xor3_1)
                                                         _0114_ (net)
                      0.318238    0.000000    4.125663 ^ _2081_/D (gf180mcu_fd_sc_mcu7t5v0__dffrnq_1)
                                              4.125663   data arrival time

                                 81.379997   81.379997   clock clk (rise edge)
                                  0.000000   81.379997   clock source latency
    83    0.353267    0.000000    0.000000   81.379997 ^ clk (in)
                                                         clk (net)
                      0.010747    0.004398   81.384392 ^ _2081_/CLK (gf180mcu_fd_sc_mcu7t5v0__dffrnq_1)
                                 -0.250000   81.134399   clock uncertainty
                                  0.000000   81.134399   clock reconvergence pessimism
                                 -0.352880   80.781517   library setup time
                                             80.781517   data required time
---------------------------------------------------------------------------------------------
                                             80.781517   data required time
                                             -4.125663   data arrival time
---------------------------------------------------------------------------------------------
                                             76.655853   slack (MET)


Startpoint: _2097_ (rising edge-triggered flip-flop clocked by clk)
Endpoint: _2081_ (rising edge-triggered flip-flop clocked by clk_div)
Path Group: clk_div
Path Type: max

Fanout         Cap        Slew       Delay        Time   Description
---------------------------------------------------------------------------------------------
                               20751.898438 20751.898438   clock clk (rise edge)
                                  0.000000 20751.898438   clock source latency
    83    0.353267    0.000000    0.000000 20751.898438 ^ clk (in)
                                                         clk (net)
                      0.011544    0.005457 20751.904297 ^ _2097_/CLK (gf180mcu_fd_sc_mcu7t5v0__dffrnq_1)
     8    0.037530    0.661976    1.176886 20753.082031 ^ _2097_/Q (gf180mcu_fd_sc_mcu7t5v0__dffrnq_1)
                                                         u_cas_int.out_int2[2] (net)
                      0.661976    0.000000 20753.082031 ^ _1159_/A1 (gf180mcu_fd_sc_mcu7t5v0__and2_1)
     3    0.013508    0.296309    0.442014 20753.523438 ^ _1159_/Z (gf180mcu_fd_sc_mcu7t5v0__and2_1)
                                                         _0596_ (net)
                      0.296309    0.000000 20753.523438 ^ _1164_/B (gf180mcu_fd_sc_mcu7t5v0__aoi211_1)
     2    0.010804    0.406465    0.292857 20753.816406 v _1164_/ZN (gf180mcu_fd_sc_mcu7t5v0__aoi211_1)
                                                         _0601_ (net)
                      0.406465    0.000000 20753.816406 v _1173_/A1 (gf180mcu_fd_sc_mcu7t5v0__oai21_1)
     1    0.007469    0.382301    0.323780 20754.140625 ^ _1173_/ZN (gf180mcu_fd_sc_mcu7t5v0__oai21_1)
                                                         _0608_ (net)
                      0.382301    0.000000 20754.140625 ^ _1205_/A1 (gf180mcu_fd_sc_mcu7t5v0__oai211_1)
     4    0.026967    0.723908    0.449290 20754.589844 v _1205_/ZN (gf180mcu_fd_sc_mcu7t5v0__oai211_1)
                                                         _0636_ (net)
                      0.723908    0.000000 20754.589844 v _1218_/A1 (gf180mcu_fd_sc_mcu7t5v0__aoi21_1)
     4    0.024657    0.940068    0.693035 20755.283203 ^ _1218_/ZN (gf180mcu_fd_sc_mcu7t5v0__aoi21_1)
                                                         _0647_ (net)
                      0.940068    0.000000 20755.283203 ^ _1222_/A1 (gf180mcu_fd_sc_mcu7t5v0__nand2_1)
     1    0.004616    0.286203    0.147338 20755.429688 v _1222_/ZN (gf180mcu_fd_sc_mcu7t5v0__nand2_1)
                                                         _0651_ (net)
                      0.286203    0.000000 20755.429688 v _1227_/A2 (gf180mcu_fd_sc_mcu7t5v0__nand2_1)
     1    0.007781    0.252408    0.225555 20755.656250 ^ _1227_/ZN (gf180mcu_fd_sc_mcu7t5v0__nand2_1)
                                                         _0655_ (net)
                      0.252408    0.000000 20755.656250 ^ _1228_/A3 (gf180mcu_fd_sc_mcu7t5v0__xor3_1)
     1    0.003067    0.318238    0.369255 20756.025391 ^ _1228_/Z (gf180mcu_fd_sc_mcu7t5v0__xor3_1)
                                                         _0114_ (net)
                      0.318238    0.000000 20756.025391 ^ _2081_/D (gf180mcu_fd_sc_mcu7t5v0__dffrnq_1)
                                           20756.025391   data arrival time

                               20833.279297 20833.279297   clock clk_div (rise edge)
                                  0.000000 20833.279297   clock source latency
    83    0.353267    0.000000    0.000000 20833.279297 ^ clk (in)
                                                         clk (net)
                      0.010747    0.003638 20833.283203 ^ _2081_/CLK (gf180mcu_fd_sc_mcu7t5v0__dffrnq_1)
                                 -0.250000 20833.033203   clock uncertainty
                                  0.000000 20833.033203   clock reconvergence pessimism
                                 -0.352880 20832.681641   library setup time
                                           20832.681641   data required time
---------------------------------------------------------------------------------------------
                                           20832.681641   data required time
                                           -20756.025391   data arrival time
---------------------------------------------------------------------------------------------
                                             76.655853   slack (MET)


Startpoint: _2097_ (rising edge-triggered flip-flop clocked by clk)
Endpoint: _2091_ (rising edge-triggered flip-flop clocked by clk)
Path Group: clk
Path Type: max

Fanout         Cap        Slew       Delay        Time   Description
---------------------------------------------------------------------------------------------
                                  0.000000    0.000000   clock clk (rise edge)
                                  0.000000    0.000000   clock source latency
    83    0.353267    0.000000    0.000000    0.000000 ^ clk (in)
                                                         clk (net)
                      0.011544    0.004722    0.004722 ^ _2097_/CLK (gf180mcu_fd_sc_mcu7t5v0__dffrnq_1)
     8    0.037530    0.661976    1.177272    1.181994 ^ _2097_/Q (gf180mcu_fd_sc_mcu7t5v0__dffrnq_1)
                                                         u_cas_int.out_int2[2] (net)
                      0.661976    0.000018    1.182012 ^ _1159_/A1 (gf180mcu_fd_sc_mcu7t5v0__and2_1)
     3    0.013508    0.296309    0.442337    1.624349 ^ _1159_/Z (gf180mcu_fd_sc_mcu7t5v0__and2_1)
                                                         _0596_ (net)
                      0.296309    0.000032    1.624381 ^ _1164_/B (gf180mcu_fd_sc_mcu7t5v0__aoi211_1)
     2    0.010804    0.406465    0.292013    1.916393 v _1164_/ZN (gf180mcu_fd_sc_mcu7t5v0__aoi211_1)
                                                         _0601_ (net)
                      0.406465    0.000043    1.916436 v _1173_/A1 (gf180mcu_fd_sc_mcu7t5v0__oai21_1)
     1    0.007469    0.382301    0.324972    2.241408 ^ _1173_/ZN (gf180mcu_fd_sc_mcu7t5v0__oai21_1)
                                                         _0608_ (net)
                      0.382301    0.000064    2.241472 ^ _1205_/A1 (gf180mcu_fd_sc_mcu7t5v0__oai211_1)
     4    0.026967    0.723908    0.448376    2.689847 v _1205_/ZN (gf180mcu_fd_sc_mcu7t5v0__oai211_1)
                                                         _0636_ (net)
                      0.723908    0.000236    2.690084 v _1277_/A1 (gf180mcu_fd_sc_mcu7t5v0__aoi21_1)
     1    0.009466    0.473028    0.443474    3.133557 ^ _1277_/ZN (gf180mcu_fd_sc_mcu7t5v0__aoi21_1)
                                                         _0700_ (net)
                      0.473028    0.000133    3.133691 ^ _1305_/A1 (gf180mcu_fd_sc_mcu7t5v0__oai21_1)
     3    0.019193    0.395915    0.298907    3.432598 v _1305_/ZN (gf180mcu_fd_sc_mcu7t5v0__oai21_1)
                                                         _0724_ (net)
                      0.395915    0.000117    3.432715 v _1310_/A1 (gf180mcu_fd_sc_mcu7t5v0__aoi21_1)
     1    0.007899    0.433540    0.318680    3.751396 ^ _1310_/ZN (gf180mcu_fd_sc_mcu7t5v0__aoi21_1)
                                                         _0728_ (net)
                      0.433540    0.000028    3.751424 ^ _1313_/A3 (gf180mcu_fd_sc_mcu7t5v0__xnor3_1)
     1    0.003089    0.304168    0.363746    4.115170 ^ _1313_/ZN (gf180mcu_fd_sc_mcu7t5v0__xnor3_1)
                                                         _0125_ (net)
                      0.304168    0.000000    4.115171 ^ _2091_/D (gf180mcu_fd_sc_mcu7t5v0__dffrnq_1)
                                              4.115171   data arrival time

                                 81.379997   81.379997   clock clk (rise edge)
                                  0.000000   81.379997   clock source latency
    83    0.353267    0.000000    0.000000   81.379997 ^ clk (in)
                                                         clk (net)
                      0.006969    0.002849   81.382843 ^ _2091_/CLK (gf180mcu_fd_sc_mcu7t5v0__dffrnq_1)
                                 -0.250000   81.132851   clock uncertainty
                                  0.000000   81.132851   clock reconvergence pessimism
                                 -0.351334   80.781517   library setup time
                                             80.781517   data required time
---------------------------------------------------------------------------------------------
                                             80.781517   data required time
                                             -4.115171   data arrival time
---------------------------------------------------------------------------------------------
                                             76.666344   slack (MET)


Startpoint: _2097_ (rising edge-triggered flip-flop clocked by clk)
Endpoint: _2091_ (rising edge-triggered flip-flop clocked by clk_div)
Path Group: clk_div
Path Type: max

Fanout         Cap        Slew       Delay        Time   Description
---------------------------------------------------------------------------------------------
                               20751.898438 20751.898438   clock clk (rise edge)
                                  0.000000 20751.898438   clock source latency
    83    0.353267    0.000000    0.000000 20751.898438 ^ clk (in)
                                                         clk (net)
                      0.011544    0.005457 20751.904297 ^ _2097_/CLK (gf180mcu_fd_sc_mcu7t5v0__dffrnq_1)
     8    0.037530    0.661976    1.176886 20753.082031 ^ _2097_/Q (gf180mcu_fd_sc_mcu7t5v0__dffrnq_1)
                                                         u_cas_int.out_int2[2] (net)
                      0.661976    0.000000 20753.082031 ^ _1159_/A1 (gf180mcu_fd_sc_mcu7t5v0__and2_1)
     3    0.013508    0.296309    0.442014 20753.523438 ^ _1159_/Z (gf180mcu_fd_sc_mcu7t5v0__and2_1)
                                                         _0596_ (net)
                      0.296309    0.000000 20753.523438 ^ _1164_/B (gf180mcu_fd_sc_mcu7t5v0__aoi211_1)
     2    0.010804    0.406465    0.292857 20753.816406 v _1164_/ZN (gf180mcu_fd_sc_mcu7t5v0__aoi211_1)
                                                         _0601_ (net)
                      0.406465    0.000000 20753.816406 v _1173_/A1 (gf180mcu_fd_sc_mcu7t5v0__oai21_1)
     1    0.007469    0.382301    0.323780 20754.140625 ^ _1173_/ZN (gf180mcu_fd_sc_mcu7t5v0__oai21_1)
                                                         _0608_ (net)
                      0.382301    0.000000 20754.140625 ^ _1205_/A1 (gf180mcu_fd_sc_mcu7t5v0__oai211_1)
     4    0.026967    0.723908    0.449290 20754.589844 v _1205_/ZN (gf180mcu_fd_sc_mcu7t5v0__oai211_1)
                                                         _0636_ (net)
                      0.723908    0.000000 20754.589844 v _1277_/A1 (gf180mcu_fd_sc_mcu7t5v0__aoi21_1)
     1    0.009466    0.473028    0.443833 20755.033203 ^ _1277_/ZN (gf180mcu_fd_sc_mcu7t5v0__aoi21_1)
                                                         _0700_ (net)
                      0.473028    0.000000 20755.033203 ^ _1305_/A1 (gf180mcu_fd_sc_mcu7t5v0__oai21_1)
     3    0.019193    0.395915    0.298314 20755.332031 v _1305_/ZN (gf180mcu_fd_sc_mcu7t5v0__oai21_1)
                                                         _0724_ (net)
                      0.395915    0.000000 20755.332031 v _1310_/A1 (gf180mcu_fd_sc_mcu7t5v0__aoi21_1)
     1    0.007899    0.433540    0.318323 20755.650391 ^ _1310_/ZN (gf180mcu_fd_sc_mcu7t5v0__aoi21_1)
                                                         _0728_ (net)
                      0.433540    0.000000 20755.650391 ^ _1313_/A3 (gf180mcu_fd_sc_mcu7t5v0__xnor3_1)
     1    0.003089    0.304168    0.363798 20756.013672 ^ _1313_/ZN (gf180mcu_fd_sc_mcu7t5v0__xnor3_1)
                                                         _0125_ (net)
                      0.304168    0.000000 20756.013672 ^ _2091_/D (gf180mcu_fd_sc_mcu7t5v0__dffrnq_1)
                                           20756.013672   data arrival time

                               20833.279297 20833.279297   clock clk_div (rise edge)
                                  0.000000 20833.279297   clock source latency
    83    0.353267    0.000000    0.000000 20833.279297 ^ clk (in)
                                                         clk (net)
                      0.006969    0.003638 20833.283203 ^ _2091_/CLK (gf180mcu_fd_sc_mcu7t5v0__dffrnq_1)
                                 -0.250000 20833.033203   clock uncertainty
                                  0.000000 20833.033203   clock reconvergence pessimism
                                 -0.351334 20832.681641   library setup time
                                           20832.681641   data required time
---------------------------------------------------------------------------------------------
                                           20832.681641   data required time
                                           -20756.013672   data arrival time
---------------------------------------------------------------------------------------------
                                             76.666344   slack (MET)


Startpoint: _2120_ (rising edge-triggered flip-flop clocked by clk)
Endpoint: _2109_ (rising edge-triggered flip-flop clocked by clk)
Path Group: clk
Path Type: max

Fanout         Cap        Slew       Delay        Time   Description
---------------------------------------------------------------------------------------------
                                  0.000000    0.000000   clock clk (rise edge)
                                  0.000000    0.000000   clock source latency
    83    0.353267    0.000000    0.000000    0.000000 ^ clk (in)
                                                         clk (net)
                      0.010145    0.004150    0.004150 ^ _2120_/CLK (gf180mcu_fd_sc_mcu7t5v0__dffrnq_1)
     7    0.038777    0.704488    1.188649    1.192798 ^ _2120_/Q (gf180mcu_fd_sc_mcu7t5v0__dffrnq_1)
                                                         u_cas_int.out_int1[0] (net)
                      0.704488    0.000039    1.192837 ^ _1348_/B (gf180mcu_fd_sc_mcu7t5v0__oai211_1)
     2    0.009787    0.439905    0.346384    1.539221 v _1348_/ZN (gf180mcu_fd_sc_mcu7t5v0__oai211_1)
                                                         _0761_ (net)
                      0.439905    0.000023    1.539244 v _1350_/A2 (gf180mcu_fd_sc_mcu7t5v0__aoi211_1)
     2    0.010353    0.798835    0.524965    2.064209 ^ _1350_/ZN (gf180mcu_fd_sc_mcu7t5v0__aoi211_1)
                                                         _0763_ (net)
                      0.798835    0.000048    2.064257 ^ _1360_/A1 (gf180mcu_fd_sc_mcu7t5v0__aoi21_1)
     1    0.006459    0.296642    0.165510    2.229766 v _1360_/ZN (gf180mcu_fd_sc_mcu7t5v0__aoi21_1)
                                                         _0771_ (net)
                      0.296642    0.000034    2.229801 v _1387_/A1 (gf180mcu_fd_sc_mcu7t5v0__oai21_1)
     5    0.031660    1.058277    0.691836    2.921637 ^ _1387_/ZN (gf180mcu_fd_sc_mcu7t5v0__oai21_1)
                                                         _0794_ (net)
                      1.058277    0.000431    2.922068 ^ _1412_/A1 (gf180mcu_fd_sc_mcu7t5v0__nand2_1)
     2    0.010224    0.395872    0.235399    3.157467 v _1412_/ZN (gf180mcu_fd_sc_mcu7t5v0__nand2_1)
                                                         _0815_ (net)
                      0.395872    0.000020    3.157487 v _1420_/A1 (gf180mcu_fd_sc_mcu7t5v0__aoi21_1)
     3    0.015808    0.674193    0.448209    3.605696 ^ _1420_/ZN (gf180mcu_fd_sc_mcu7t5v0__aoi21_1)
                                                         _0823_ (net)
                      0.674193    0.000071    3.605767 ^ _1430_/A1 (gf180mcu_fd_sc_mcu7t5v0__oai22_1)
     1    0.008054    0.323548    0.229363    3.835130 v _1430_/ZN (gf180mcu_fd_sc_mcu7t5v0__oai22_1)
                                                         _0831_ (net)
                      0.323548    0.000020    3.835150 v _1432_/A2 (gf180mcu_fd_sc_mcu7t5v0__xnor2_1)
     1    0.003392    0.309958    0.259930    4.095079 ^ _1432_/ZN (gf180mcu_fd_sc_mcu7t5v0__xnor2_1)
                                                         _0092_ (net)
                      0.309958    0.000005    4.095085 ^ _2109_/D (gf180mcu_fd_sc_mcu7t5v0__dffrnq_1)
                                              4.095085   data arrival time

                                 81.379997   81.379997   clock clk (rise edge)
                                  0.000000   81.379997   clock source latency
    83    0.353267    0.000000    0.000000   81.379997 ^ clk (in)
                                                         clk (net)
                      0.009013    0.003688   81.383682 ^ _2109_/CLK (gf180mcu_fd_sc_mcu7t5v0__dffrnq_1)
                                 -0.250000   81.133690   clock uncertainty
                                  0.000000   81.133690   clock reconvergence pessimism
                                 -0.351895   80.781792   library setup time
                                             80.781792   data required time
---------------------------------------------------------------------------------------------
                                             80.781792   data required time
                                             -4.095085   data arrival time
---------------------------------------------------------------------------------------------
                                             76.686707   slack (MET)


Startpoint: _2120_ (rising edge-triggered flip-flop clocked by clk)
Endpoint: _2109_ (rising edge-triggered flip-flop clocked by clk_div)
Path Group: clk_div
Path Type: max

Fanout         Cap        Slew       Delay        Time   Description
---------------------------------------------------------------------------------------------
                               20751.898438 20751.898438   clock clk (rise edge)
                                  0.000000 20751.898438   clock source latency
    83    0.353267    0.000000    0.000000 20751.898438 ^ clk (in)
                                                         clk (net)
                      0.010145    0.003638 20751.902344 ^ _2120_/CLK (gf180mcu_fd_sc_mcu7t5v0__dffrnq_1)
     7    0.038777    0.704488    1.189619 20753.091797 ^ _2120_/Q (gf180mcu_fd_sc_mcu7t5v0__dffrnq_1)
                                                         u_cas_int.out_int1[0] (net)
                      0.704488    0.000000 20753.091797 ^ _1348_/B (gf180mcu_fd_sc_mcu7t5v0__oai211_1)
     2    0.009787    0.439905    0.345608 20753.437500 v _1348_/ZN (gf180mcu_fd_sc_mcu7t5v0__oai211_1)
                                                         _0761_ (net)
                      0.439905    0.000000 20753.437500 v _1350_/A2 (gf180mcu_fd_sc_mcu7t5v0__aoi211_1)
     2    0.010353    0.798835    0.525688 20753.964844 ^ _1350_/ZN (gf180mcu_fd_sc_mcu7t5v0__aoi211_1)
                                                         _0763_ (net)
                      0.798835    0.000000 20753.964844 ^ _1360_/A1 (gf180mcu_fd_sc_mcu7t5v0__aoi21_1)
     1    0.006459    0.296642    0.165528 20754.128906 v _1360_/ZN (gf180mcu_fd_sc_mcu7t5v0__aoi21_1)
                                                         _0771_ (net)
                      0.296642    0.000000 20754.128906 v _1387_/A1 (gf180mcu_fd_sc_mcu7t5v0__oai21_1)
     5    0.031660    1.058277    0.691216 20754.820312 ^ _1387_/ZN (gf180mcu_fd_sc_mcu7t5v0__oai21_1)
                                                         _0794_ (net)
                      1.058277    0.000000 20754.820312 ^ _1412_/A1 (gf180mcu_fd_sc_mcu7t5v0__nand2_1)
     2    0.010224    0.395872    0.236469 20755.056641 v _1412_/ZN (gf180mcu_fd_sc_mcu7t5v0__nand2_1)
                                                         _0815_ (net)
                      0.395872    0.000000 20755.056641 v _1420_/A1 (gf180mcu_fd_sc_mcu7t5v0__aoi21_1)
     3    0.015808    0.674193    0.447471 20755.503906 ^ _1420_/ZN (gf180mcu_fd_sc_mcu7t5v0__aoi21_1)
                                                         _0823_ (net)
                      0.674193    0.000000 20755.503906 ^ _1430_/A1 (gf180mcu_fd_sc_mcu7t5v0__oai22_1)
     1    0.008054    0.323548    0.229193 20755.734375 v _1430_/ZN (gf180mcu_fd_sc_mcu7t5v0__oai22_1)
                                                         _0831_ (net)
                      0.323548    0.000000 20755.734375 v _1432_/A2 (gf180mcu_fd_sc_mcu7t5v0__xnor2_1)
     1    0.003392    0.309958    0.260116 20755.994141 ^ _1432_/ZN (gf180mcu_fd_sc_mcu7t5v0__xnor2_1)
                                                         _0092_ (net)
                      0.309958    0.000000 20755.994141 ^ _2109_/D (gf180mcu_fd_sc_mcu7t5v0__dffrnq_1)
                                           20755.994141   data arrival time

                               20833.279297 20833.279297   clock clk_div (rise edge)
                                  0.000000 20833.279297   clock source latency
    83    0.353267    0.000000    0.000000 20833.279297 ^ clk (in)
                                                         clk (net)
                      0.009013    0.003638 20833.283203 ^ _2109_/CLK (gf180mcu_fd_sc_mcu7t5v0__dffrnq_1)
                                 -0.250000 20833.033203   clock uncertainty
                                  0.000000 20833.033203   clock reconvergence pessimism
                                 -0.351895 20832.681641   library setup time
                                           20832.681641   data required time
---------------------------------------------------------------------------------------------
                                           20832.681641   data required time
                                           -20755.994141   data arrival time
---------------------------------------------------------------------------------------------
                                             76.686707   slack (MET)


Startpoint: _2120_ (rising edge-triggered flip-flop clocked by clk)
Endpoint: _2115_ (rising edge-triggered flip-flop clocked by clk)
Path Group: clk
Path Type: max

Fanout         Cap        Slew       Delay        Time   Description
---------------------------------------------------------------------------------------------
                                  0.000000    0.000000   clock clk (rise edge)
                                  0.000000    0.000000   clock source latency
    83    0.353267    0.000000    0.000000    0.000000 ^ clk (in)
                                                         clk (net)
                      0.010145    0.004150    0.004150 ^ _2120_/CLK (gf180mcu_fd_sc_mcu7t5v0__dffrnq_1)
     7    0.038777    0.704488    1.188649    1.192798 ^ _2120_/Q (gf180mcu_fd_sc_mcu7t5v0__dffrnq_1)
                                                         u_cas_int.out_int1[0] (net)
                      0.704488    0.000039    1.192837 ^ _1348_/B (gf180mcu_fd_sc_mcu7t5v0__oai211_1)
     2    0.009787    0.439905    0.346384    1.539221 v _1348_/ZN (gf180mcu_fd_sc_mcu7t5v0__oai211_1)
                                                         _0761_ (net)
                      0.439905    0.000023    1.539244 v _1350_/A2 (gf180mcu_fd_sc_mcu7t5v0__aoi211_1)
     2    0.010353    0.798835    0.524965    2.064209 ^ _1350_/ZN (gf180mcu_fd_sc_mcu7t5v0__aoi211_1)
                                                         _0763_ (net)
                      0.798835    0.000048    2.064257 ^ _1360_/A1 (gf180mcu_fd_sc_mcu7t5v0__aoi21_1)
     1    0.006459    0.296642    0.165510    2.229766 v _1360_/ZN (gf180mcu_fd_sc_mcu7t5v0__aoi21_1)
                                                         _0771_ (net)
                      0.296642    0.000034    2.229801 v _1387_/A1 (gf180mcu_fd_sc_mcu7t5v0__oai21_1)
     5    0.031660    1.058277    0.691836    2.921637 ^ _1387_/ZN (gf180mcu_fd_sc_mcu7t5v0__oai21_1)
                                                         _0794_ (net)
                      1.058277    0.000433    2.922070 ^ _1445_/A1 (gf180mcu_fd_sc_mcu7t5v0__nand2_1)
     4    0.022632    0.546531    0.392341    3.314411 v _1445_/ZN (gf180mcu_fd_sc_mcu7t5v0__nand2_1)
                                                         _0844_ (net)
                      0.546531    0.000388    3.314799 v _1447_/A1 (gf180mcu_fd_sc_mcu7t5v0__nand2_1)
     1    0.005080    0.241740    0.234754    3.549553 ^ _1447_/ZN (gf180mcu_fd_sc_mcu7t5v0__nand2_1)
                                                         _0846_ (net)
                      0.241740    0.000004    3.549558 ^ _1476_/A1 (gf180mcu_fd_sc_mcu7t5v0__aoi21_1)
     2    0.013911    0.384176    0.214443    3.764001 v _1476_/ZN (gf180mcu_fd_sc_mcu7t5v0__aoi21_1)
                                                         _0871_ (net)
                      0.384176    0.000076    3.764077 v _1481_/A1 (gf180mcu_fd_sc_mcu7t5v0__xor2_1)
     1    0.003287    0.218732    0.492594    4.256671 v _1481_/Z (gf180mcu_fd_sc_mcu7t5v0__xor2_1)
                                                         _0099_ (net)
                      0.218732    0.000004    4.256676 v _2115_/D (gf180mcu_fd_sc_mcu7t5v0__dffrnq_1)
                                              4.256676   data arrival time

                                 81.379997   81.379997   clock clk (rise edge)
                                  0.000000   81.379997   clock source latency
    83    0.353267    0.000000    0.000000   81.379997 ^ clk (in)
                                                         clk (net)
                      0.004462    0.001826   81.381821 ^ _2115_/CLK (gf180mcu_fd_sc_mcu7t5v0__dffrnq_1)
                                 -0.250000   81.131828   clock uncertainty
                                  0.000000   81.131828   clock reconvergence pessimism
                                 -0.188000   80.943825   library setup time
                                             80.943825   data required time
---------------------------------------------------------------------------------------------
                                             80.943825   data required time
                                             -4.256676   data arrival time
---------------------------------------------------------------------------------------------
                                             76.687149   slack (MET)


Startpoint: _2120_ (rising edge-triggered flip-flop clocked by clk)
Endpoint: _2115_ (rising edge-triggered flip-flop clocked by clk_div)
Path Group: clk_div
Path Type: max

Fanout         Cap        Slew       Delay        Time   Description
---------------------------------------------------------------------------------------------
                               20751.898438 20751.898438   clock clk (rise edge)
                                  0.000000 20751.898438   clock source latency
    83    0.353267    0.000000    0.000000 20751.898438 ^ clk (in)
                                                         clk (net)
                      0.010145    0.003638 20751.902344 ^ _2120_/CLK (gf180mcu_fd_sc_mcu7t5v0__dffrnq_1)
     7    0.038777    0.704488    1.189619 20753.091797 ^ _2120_/Q (gf180mcu_fd_sc_mcu7t5v0__dffrnq_1)
                                                         u_cas_int.out_int1[0] (net)
                      0.704488    0.000000 20753.091797 ^ _1348_/B (gf180mcu_fd_sc_mcu7t5v0__oai211_1)
     2    0.009787    0.439905    0.345608 20753.437500 v _1348_/ZN (gf180mcu_fd_sc_mcu7t5v0__oai211_1)
                                                         _0761_ (net)
                      0.439905    0.000000 20753.437500 v _1350_/A2 (gf180mcu_fd_sc_mcu7t5v0__aoi211_1)
     2    0.010353    0.798835    0.525688 20753.964844 ^ _1350_/ZN (gf180mcu_fd_sc_mcu7t5v0__aoi211_1)
                                                         _0763_ (net)
                      0.798835    0.000000 20753.964844 ^ _1360_/A1 (gf180mcu_fd_sc_mcu7t5v0__aoi21_1)
     1    0.006459    0.296642    0.165528 20754.128906 v _1360_/ZN (gf180mcu_fd_sc_mcu7t5v0__aoi21_1)
                                                         _0771_ (net)
                      0.296642    0.000000 20754.128906 v _1387_/A1 (gf180mcu_fd_sc_mcu7t5v0__oai21_1)
     5    0.031660    1.058277    0.691216 20754.820312 ^ _1387_/ZN (gf180mcu_fd_sc_mcu7t5v0__oai21_1)
                                                         _0794_ (net)
                      1.058277    0.000000 20754.820312 ^ _1445_/A1 (gf180mcu_fd_sc_mcu7t5v0__nand2_1)
     4    0.022632    0.546531    0.392902 20755.212891 v _1445_/ZN (gf180mcu_fd_sc_mcu7t5v0__nand2_1)
                                                         _0844_ (net)
                      0.546531    0.000000 20755.212891 v _1447_/A1 (gf180mcu_fd_sc_mcu7t5v0__nand2_1)
     1    0.005080    0.241740    0.234650 20755.447266 ^ _1447_/ZN (gf180mcu_fd_sc_mcu7t5v0__nand2_1)
                                                         _0846_ (net)
                      0.241740    0.000000 20755.447266 ^ _1476_/A1 (gf180mcu_fd_sc_mcu7t5v0__aoi21_1)
     2    0.013911    0.384176    0.214641 20755.662109 v _1476_/ZN (gf180mcu_fd_sc_mcu7t5v0__aoi21_1)
                                                         _0871_ (net)
                      0.384176    0.000000 20755.662109 v _1481_/A1 (gf180mcu_fd_sc_mcu7t5v0__xor2_1)
     1    0.003287    0.218732    0.492946 20756.156250 v _1481_/Z (gf180mcu_fd_sc_mcu7t5v0__xor2_1)
                                                         _0099_ (net)
                      0.218732    0.000000 20756.156250 v _2115_/D (gf180mcu_fd_sc_mcu7t5v0__dffrnq_1)
                                           20756.156250   data arrival time

                               20833.279297 20833.279297   clock clk_div (rise edge)
                                  0.000000 20833.279297   clock source latency
    83    0.353267    0.000000    0.000000 20833.279297 ^ clk (in)
                                                         clk (net)
                      0.004462    0.001819 20833.281250 ^ _2115_/CLK (gf180mcu_fd_sc_mcu7t5v0__dffrnq_1)
                                 -0.250000 20833.031250   clock uncertainty
                                  0.000000 20833.031250   clock reconvergence pessimism
                                 -0.188000 20832.841797   library setup time
                                           20832.841797   data required time
---------------------------------------------------------------------------------------------
                                           20832.841797   data required time
                                           -20756.156250   data arrival time
---------------------------------------------------------------------------------------------
                                             76.687149   slack (MET)


Startpoint: _2100_ (rising edge-triggered flip-flop clocked by clk)
Endpoint: _2090_ (rising edge-triggered flip-flop clocked by clk)
Path Group: clk
Path Type: max

Fanout         Cap        Slew       Delay        Time   Description
---------------------------------------------------------------------------------------------
                                  0.000000    0.000000   clock clk (rise edge)
                                  0.000000    0.000000   clock source latency
    83    0.353267    0.000000    0.000000    0.000000 ^ clk (in)
                                                         clk (net)
                      0.011338    0.004638    0.004638 ^ _2100_/CLK (gf180mcu_fd_sc_mcu7t5v0__dffrnq_1)
     8    0.042970    0.747441    1.227585    1.232223 ^ _2100_/Q (gf180mcu_fd_sc_mcu7t5v0__dffrnq_1)
                                                         u_cas_int.out_int2[5] (net)
                      0.747441    0.000005    1.232228 ^ _1183_/B1 (gf180mcu_fd_sc_mcu7t5v0__aoi22_1)
     2    0.007816    0.421897    0.287210    1.519438 v _1183_/ZN (gf180mcu_fd_sc_mcu7t5v0__aoi22_1)
                                                         _0616_ (net)
                      0.421897    0.000007    1.519445 v _1199_/A2 (gf180mcu_fd_sc_mcu7t5v0__or2_1)
     2    0.009223    0.208753    0.504982    2.024427 v _1199_/Z (gf180mcu_fd_sc_mcu7t5v0__or2_1)
                                                         _0630_ (net)
                      0.208753    0.000053    2.024480 v _1200_/A2 (gf180mcu_fd_sc_mcu7t5v0__or2_1)
     1    0.004582    0.164679    0.410003    2.434483 v _1200_/Z (gf180mcu_fd_sc_mcu7t5v0__or2_1)
                                                         _0631_ (net)
                      0.164679    0.000000    2.434484 v _1205_/B (gf180mcu_fd_sc_mcu7t5v0__oai211_1)
     4    0.026967    0.995441    0.519671    2.954155 ^ _1205_/ZN (gf180mcu_fd_sc_mcu7t5v0__oai211_1)
                                                         _0636_ (net)
                      0.995441    0.000236    2.954391 ^ _1277_/A1 (gf180mcu_fd_sc_mcu7t5v0__aoi21_1)
     1    0.009466    0.374516    0.211807    3.166198 v _1277_/ZN (gf180mcu_fd_sc_mcu7t5v0__aoi21_1)
                                                         _0700_ (net)
                      0.374516    0.000133    3.166332 v _1305_/A1 (gf180mcu_fd_sc_mcu7t5v0__oai21_1)
     3    0.019193    0.718543    0.507282    3.673614 ^ _1305_/ZN (gf180mcu_fd_sc_mcu7t5v0__oai21_1)
                                                         _0724_ (net)
                      0.718543    0.000124    3.673738 ^ _1309_/A1 (gf180mcu_fd_sc_mcu7t5v0__xor2_1)
     1    0.003157    0.304579    0.395658    4.069396 ^ _1309_/Z (gf180mcu_fd_sc_mcu7t5v0__xor2_1)
                                                         _0124_ (net)
                      0.304579    0.000002    4.069399 ^ _2090_/D (gf180mcu_fd_sc_mcu7t5v0__dffrnq_1)
                                              4.069399   data arrival time

                                 81.379997   81.379997   clock clk (rise edge)
                                  0.000000   81.379997   clock source latency
    83    0.353267    0.000000    0.000000   81.379997 ^ clk (in)
                                                         clk (net)
                      0.006997    0.002863   81.382858 ^ _2090_/CLK (gf180mcu_fd_sc_mcu7t5v0__dffrnq_1)
                                 -0.250000   81.132866   clock uncertainty
                                  0.000000   81.132866   clock reconvergence pessimism
                                 -0.351391   80.781471   library setup time
                                             80.781471   data required time
---------------------------------------------------------------------------------------------
                                             80.781471   data required time
                                             -4.069399   data arrival time
---------------------------------------------------------------------------------------------
                                             76.712074   slack (MET)


Startpoint: _2100_ (rising edge-triggered flip-flop clocked by clk)
Endpoint: _2090_ (rising edge-triggered flip-flop clocked by clk_div)
Path Group: clk_div
Path Type: max

Fanout         Cap        Slew       Delay        Time   Description
---------------------------------------------------------------------------------------------
                               20751.898438 20751.898438   clock clk (rise edge)
                                  0.000000 20751.898438   clock source latency
    83    0.353267    0.000000    0.000000 20751.898438 ^ clk (in)
                                                         clk (net)
                      0.011338    0.005457 20751.904297 ^ _2100_/CLK (gf180mcu_fd_sc_mcu7t5v0__dffrnq_1)
     8    0.042970    0.747441    1.225999 20753.130859 ^ _2100_/Q (gf180mcu_fd_sc_mcu7t5v0__dffrnq_1)
                                                         u_cas_int.out_int2[5] (net)
                      0.747441    0.000000 20753.130859 ^ _1183_/B1 (gf180mcu_fd_sc_mcu7t5v0__aoi22_1)
     2    0.007816    0.421897    0.287400 20753.417969 v _1183_/ZN (gf180mcu_fd_sc_mcu7t5v0__aoi22_1)
                                                         _0616_ (net)
                      0.421897    0.000000 20753.417969 v _1199_/A2 (gf180mcu_fd_sc_mcu7t5v0__or2_1)
     2    0.009223    0.208753    0.505679 20753.923828 v _1199_/Z (gf180mcu_fd_sc_mcu7t5v0__or2_1)
                                                         _0630_ (net)
                      0.208753    0.000000 20753.923828 v _1200_/A2 (gf180mcu_fd_sc_mcu7t5v0__or2_1)
     1    0.004582    0.164679    0.409273 20754.333984 v _1200_/Z (gf180mcu_fd_sc_mcu7t5v0__or2_1)
                                                         _0631_ (net)
                      0.164679    0.000000 20754.333984 v _1205_/B (gf180mcu_fd_sc_mcu7t5v0__oai211_1)
     4    0.026967    0.995441    0.520231 20754.853516 ^ _1205_/ZN (gf180mcu_fd_sc_mcu7t5v0__oai211_1)
                                                         _0636_ (net)
                      0.995441    0.000000 20754.853516 ^ _1277_/A1 (gf180mcu_fd_sc_mcu7t5v0__aoi21_1)
     1    0.009466    0.374516    0.212822 20755.066406 v _1277_/ZN (gf180mcu_fd_sc_mcu7t5v0__aoi21_1)
                                                         _0700_ (net)
                      0.374516    0.000000 20755.066406 v _1305_/A1 (gf180mcu_fd_sc_mcu7t5v0__oai21_1)
     3    0.019193    0.718543    0.507498 20755.574219 ^ _1305_/ZN (gf180mcu_fd_sc_mcu7t5v0__oai21_1)
                                                         _0724_ (net)
                      0.718543    0.000000 20755.574219 ^ _1309_/A1 (gf180mcu_fd_sc_mcu7t5v0__xor2_1)
     1    0.003157    0.304579    0.394721 20755.968750 ^ _1309_/Z (gf180mcu_fd_sc_mcu7t5v0__xor2_1)
                                                         _0124_ (net)
                      0.304579    0.000000 20755.968750 ^ _2090_/D (gf180mcu_fd_sc_mcu7t5v0__dffrnq_1)
                                           20755.968750   data arrival time

                               20833.279297 20833.279297   clock clk_div (rise edge)
                                  0.000000 20833.279297   clock source latency
    83    0.353267    0.000000    0.000000 20833.279297 ^ clk (in)
                                                         clk (net)
                      0.006997    0.003638 20833.283203 ^ _2090_/CLK (gf180mcu_fd_sc_mcu7t5v0__dffrnq_1)
                                 -0.250000 20833.033203   clock uncertainty
                                  0.000000 20833.033203   clock reconvergence pessimism
                                 -0.351391 20832.681641   library setup time
                                           20832.681641   data required time
---------------------------------------------------------------------------------------------
                                           20832.681641   data required time
                                           -20755.968750   data arrival time
---------------------------------------------------------------------------------------------
                                             76.712074   slack (MET)


Startpoint: _2099_ (rising edge-triggered flip-flop clocked by clk)
Endpoint: _2087_ (rising edge-triggered flip-flop clocked by clk)
Path Group: clk
Path Type: max

Fanout         Cap        Slew       Delay        Time   Description
---------------------------------------------------------------------------------------------
                                  0.000000    0.000000   clock clk (rise edge)
                                  0.000000    0.000000   clock source latency
    83    0.353267    0.000000    0.000000    0.000000 ^ clk (in)
                                                         clk (net)
                      0.011451    0.004684    0.004684 ^ _2099_/CLK (gf180mcu_fd_sc_mcu7t5v0__dffrnq_1)
     9    0.048485    0.862393    1.278725    1.283408 ^ _2099_/Q (gf180mcu_fd_sc_mcu7t5v0__dffrnq_1)
                                                         u_cas_int.out_int2[4] (net)
                      0.862393    0.000044    1.283453 ^ _1176_/A1 (gf180mcu_fd_sc_mcu7t5v0__xor2_1)
     4    0.020728    0.828116    0.680329    1.963782 ^ _1176_/Z (gf180mcu_fd_sc_mcu7t5v0__xor2_1)
                                                         _0611_ (net)
                      0.828116    0.000050    1.963832 ^ _1197_/A1 (gf180mcu_fd_sc_mcu7t5v0__and4_1)
     1    0.005030    0.208899    0.563123    2.526955 ^ _1197_/Z (gf180mcu_fd_sc_mcu7t5v0__and4_1)
                                                         _0628_ (net)
                      0.208899    0.000005    2.526960 ^ _1204_/A2 (gf180mcu_fd_sc_mcu7t5v0__aoi21_1)
     1    0.009756    0.334051    0.167187    2.694147 v _1204_/ZN (gf180mcu_fd_sc_mcu7t5v0__aoi21_1)
                                                         _0635_ (net)
                      0.334051    0.000141    2.694288 v _1278_/A1 (gf180mcu_fd_sc_mcu7t5v0__oai21_1)
     4    0.027253    0.931296    0.628177    3.322465 ^ _1278_/ZN (gf180mcu_fd_sc_mcu7t5v0__oai21_1)
                                                         _0701_ (net)
                      0.931296    0.000415    3.322880 ^ _1279_/A1 (gf180mcu_fd_sc_mcu7t5v0__nand2_1)
     1    0.004556    0.283617    0.146069    3.468949 v _1279_/ZN (gf180mcu_fd_sc_mcu7t5v0__nand2_1)
                                                         _0702_ (net)
                      0.283617    0.000000    3.468950 v _1281_/A2 (gf180mcu_fd_sc_mcu7t5v0__nand2_1)
     1    0.007781    0.252104    0.225990    3.694939 ^ _1281_/ZN (gf180mcu_fd_sc_mcu7t5v0__nand2_1)
                                                         _0703_ (net)
                      0.252104    0.000009    3.694949 ^ _1285_/A1 (gf180mcu_fd_sc_mcu7t5v0__xor2_1)
     1    0.003235    0.320002    0.371846    4.066794 ^ _1285_/Z (gf180mcu_fd_sc_mcu7t5v0__xor2_1)
                                                         _0120_ (net)
                      0.320002    0.000003    4.066798 ^ _2087_/D (gf180mcu_fd_sc_mcu7t5v0__dffrnq_1)
                                              4.066798   data arrival time

                                 81.379997   81.379997   clock clk (rise edge)
                                  0.000000   81.379997   clock source latency
    83    0.353267    0.000000    0.000000   81.379997 ^ clk (in)
                                                         clk (net)
                      0.008534    0.003489   81.383484 ^ _2087_/CLK (gf180mcu_fd_sc_mcu7t5v0__dffrnq_1)
                                 -0.250000   81.133492   clock uncertainty
                                  0.000000   81.133492   clock reconvergence pessimism
                                 -0.353471   80.780014   library setup time
                                             80.780014   data required time
---------------------------------------------------------------------------------------------
                                             80.780014   data required time
                                             -4.066798   data arrival time
---------------------------------------------------------------------------------------------
                                             76.713219   slack (MET)


Startpoint: _2099_ (rising edge-triggered flip-flop clocked by clk)
Endpoint: _2087_ (rising edge-triggered flip-flop clocked by clk_div)
Path Group: clk_div
Path Type: max

Fanout         Cap        Slew       Delay        Time   Description
---------------------------------------------------------------------------------------------
                               20751.898438 20751.898438   clock clk (rise edge)
                                  0.000000 20751.898438   clock source latency
    83    0.353267    0.000000    0.000000 20751.898438 ^ clk (in)
                                                         clk (net)
                      0.011451    0.005457 20751.904297 ^ _2099_/CLK (gf180mcu_fd_sc_mcu7t5v0__dffrnq_1)
     9    0.048485    0.862393    1.278750 20753.183594 ^ _2099_/Q (gf180mcu_fd_sc_mcu7t5v0__dffrnq_1)
                                                         u_cas_int.out_int2[4] (net)
                      0.862393    0.000000 20753.183594 ^ _1176_/A1 (gf180mcu_fd_sc_mcu7t5v0__xor2_1)
     4    0.020728    0.828116    0.680302 20753.863281 ^ _1176_/Z (gf180mcu_fd_sc_mcu7t5v0__xor2_1)
                                                         _0611_ (net)
                      0.828116    0.000000 20753.863281 ^ _1197_/A1 (gf180mcu_fd_sc_mcu7t5v0__and4_1)
     1    0.005030    0.208899    0.562068 20754.425781 ^ _1197_/Z (gf180mcu_fd_sc_mcu7t5v0__and4_1)
                                                         _0628_ (net)
                      0.208899    0.000000 20754.425781 ^ _1204_/A2 (gf180mcu_fd_sc_mcu7t5v0__aoi21_1)
     1    0.009756    0.334051    0.167347 20754.593750 v _1204_/ZN (gf180mcu_fd_sc_mcu7t5v0__aoi21_1)
                                                         _0635_ (net)
                      0.334051    0.000000 20754.593750 v _1278_/A1 (gf180mcu_fd_sc_mcu7t5v0__oai21_1)
     4    0.027253    0.931296    0.629370 20755.222656 ^ _1278_/ZN (gf180mcu_fd_sc_mcu7t5v0__oai21_1)
                                                         _0701_ (net)
                      0.931296    0.000000 20755.222656 ^ _1279_/A1 (gf180mcu_fd_sc_mcu7t5v0__nand2_1)
     1    0.004556    0.283617    0.145519 20755.369141 v _1279_/ZN (gf180mcu_fd_sc_mcu7t5v0__nand2_1)
                                                         _0702_ (net)
                      0.283617    0.000000 20755.369141 v _1281_/A2 (gf180mcu_fd_sc_mcu7t5v0__nand2_1)
     1    0.007781    0.252104    0.225555 20755.593750 ^ _1281_/ZN (gf180mcu_fd_sc_mcu7t5v0__nand2_1)
                                                         _0703_ (net)
                      0.252104    0.000000 20755.593750 ^ _1285_/A1 (gf180mcu_fd_sc_mcu7t5v0__xor2_1)
     1    0.003235    0.320002    0.372893 20755.966797 ^ _1285_/Z (gf180mcu_fd_sc_mcu7t5v0__xor2_1)
                                                         _0120_ (net)
                      0.320002    0.000000 20755.966797 ^ _2087_/D (gf180mcu_fd_sc_mcu7t5v0__dffrnq_1)
                                           20755.966797   data arrival time

                               20833.279297 20833.279297   clock clk_div (rise edge)
                                  0.000000 20833.279297   clock source latency
    83    0.353267    0.000000    0.000000 20833.279297 ^ clk (in)
                                                         clk (net)
                      0.008534    0.003638 20833.283203 ^ _2087_/CLK (gf180mcu_fd_sc_mcu7t5v0__dffrnq_1)
                                 -0.250000 20833.033203   clock uncertainty
                                  0.000000 20833.033203   clock reconvergence pessimism
                                 -0.353471 20832.679688   library setup time
                                           20832.679688   data required time
---------------------------------------------------------------------------------------------
                                           20832.679688   data required time
                                           -20755.966797   data arrival time
---------------------------------------------------------------------------------------------
                                             76.713219   slack (MET)


Startpoint: _2120_ (rising edge-triggered flip-flop clocked by clk)
Endpoint: _2111_ (rising edge-triggered flip-flop clocked by clk)
Path Group: clk
Path Type: max

Fanout         Cap        Slew       Delay        Time   Description
---------------------------------------------------------------------------------------------
                                  0.000000    0.000000   clock clk (rise edge)
                                  0.000000    0.000000   clock source latency
    83    0.353267    0.000000    0.000000    0.000000 ^ clk (in)
                                                         clk (net)
                      0.010145    0.004150    0.004150 ^ _2120_/CLK (gf180mcu_fd_sc_mcu7t5v0__dffrnq_1)
     7    0.038777    0.704488    1.188649    1.192798 ^ _2120_/Q (gf180mcu_fd_sc_mcu7t5v0__dffrnq_1)
                                                         u_cas_int.out_int1[0] (net)
                      0.704488    0.000039    1.192837 ^ _1348_/B (gf180mcu_fd_sc_mcu7t5v0__oai211_1)
     2    0.009787    0.439905    0.346384    1.539221 v _1348_/ZN (gf180mcu_fd_sc_mcu7t5v0__oai211_1)
                                                         _0761_ (net)
                      0.439905    0.000023    1.539244 v _1350_/A2 (gf180mcu_fd_sc_mcu7t5v0__aoi211_1)
     2    0.010353    0.798835    0.524965    2.064209 ^ _1350_/ZN (gf180mcu_fd_sc_mcu7t5v0__aoi211_1)
                                                         _0763_ (net)
                      0.798835    0.000048    2.064257 ^ _1360_/A1 (gf180mcu_fd_sc_mcu7t5v0__aoi21_1)
     1    0.006459    0.296642    0.165510    2.229766 v _1360_/ZN (gf180mcu_fd_sc_mcu7t5v0__aoi21_1)
                                                         _0771_ (net)
                      0.296642    0.000034    2.229801 v _1387_/A1 (gf180mcu_fd_sc_mcu7t5v0__oai21_1)
     5    0.031660    1.058277    0.691836    2.921637 ^ _1387_/ZN (gf180mcu_fd_sc_mcu7t5v0__oai21_1)
                                                         _0794_ (net)
                      1.058277    0.000433    2.922070 ^ _1445_/A1 (gf180mcu_fd_sc_mcu7t5v0__nand2_1)
     4    0.022632    0.546531    0.392341    3.314411 v _1445_/ZN (gf180mcu_fd_sc_mcu7t5v0__nand2_1)
                                                         _0844_ (net)
                      0.546531    0.000359    3.314770 v _1446_/A1 (gf180mcu_fd_sc_mcu7t5v0__and2_1)
     2    0.014065    0.209410    0.434647    3.749416 v _1446_/Z (gf180mcu_fd_sc_mcu7t5v0__and2_1)
                                                         _0845_ (net)
                      0.209410    0.000024    3.749440 v _1452_/A1 (gf180mcu_fd_sc_mcu7t5v0__xor2_1)
     1    0.003321    0.206416    0.453984    4.203424 v _1452_/Z (gf180mcu_fd_sc_mcu7t5v0__xor2_1)
                                                         _0094_ (net)
                      0.206416    0.000004    4.203428 v _2111_/D (gf180mcu_fd_sc_mcu7t5v0__dffrnq_1)
                                              4.203428   data arrival time

                                 81.379997   81.379997   clock clk (rise edge)
                                  0.000000   81.379997   clock source latency
    83    0.353267    0.000000    0.000000   81.379997 ^ clk (in)
                                                         clk (net)
                      0.008377    0.003425   81.383423 ^ _2111_/CLK (gf180mcu_fd_sc_mcu7t5v0__dffrnq_1)
                                 -0.250000   81.133423   clock uncertainty
                                  0.000000   81.133423   clock reconvergence pessimism
                                 -0.183849   80.949577   library setup time
                                             80.949577   data required time
---------------------------------------------------------------------------------------------
                                             80.949577   data required time
                                             -4.203428   data arrival time
---------------------------------------------------------------------------------------------
                                             76.746147   slack (MET)


Startpoint: _2120_ (rising edge-triggered flip-flop clocked by clk)
Endpoint: _2111_ (rising edge-triggered flip-flop clocked by clk_div)
Path Group: clk_div
Path Type: max

Fanout         Cap        Slew       Delay        Time   Description
---------------------------------------------------------------------------------------------
                               20751.898438 20751.898438   clock clk (rise edge)
                                  0.000000 20751.898438   clock source latency
    83    0.353267    0.000000    0.000000 20751.898438 ^ clk (in)
                                                         clk (net)
                      0.010145    0.003638 20751.902344 ^ _2120_/CLK (gf180mcu_fd_sc_mcu7t5v0__dffrnq_1)
     7    0.038777    0.704488    1.189619 20753.091797 ^ _2120_/Q (gf180mcu_fd_sc_mcu7t5v0__dffrnq_1)
                                                         u_cas_int.out_int1[0] (net)
                      0.704488    0.000000 20753.091797 ^ _1348_/B (gf180mcu_fd_sc_mcu7t5v0__oai211_1)
     2    0.009787    0.439905    0.345608 20753.437500 v _1348_/ZN (gf180mcu_fd_sc_mcu7t5v0__oai211_1)
                                                         _0761_ (net)
                      0.439905    0.000000 20753.437500 v _1350_/A2 (gf180mcu_fd_sc_mcu7t5v0__aoi211_1)
     2    0.010353    0.798835    0.525688 20753.964844 ^ _1350_/ZN (gf180mcu_fd_sc_mcu7t5v0__aoi211_1)
                                                         _0763_ (net)
                      0.798835    0.000000 20753.964844 ^ _1360_/A1 (gf180mcu_fd_sc_mcu7t5v0__aoi21_1)
     1    0.006459    0.296642    0.165528 20754.128906 v _1360_/ZN (gf180mcu_fd_sc_mcu7t5v0__aoi21_1)
                                                         _0771_ (net)
                      0.296642    0.000000 20754.128906 v _1387_/A1 (gf180mcu_fd_sc_mcu7t5v0__oai21_1)
     5    0.031660    1.058277    0.691216 20754.820312 ^ _1387_/ZN (gf180mcu_fd_sc_mcu7t5v0__oai21_1)
                                                         _0794_ (net)
                      1.058277    0.000000 20754.820312 ^ _1445_/A1 (gf180mcu_fd_sc_mcu7t5v0__nand2_1)
     4    0.022632    0.546531    0.392902 20755.212891 v _1445_/ZN (gf180mcu_fd_sc_mcu7t5v0__nand2_1)
                                                         _0844_ (net)
                      0.546531    0.000000 20755.212891 v _1446_/A1 (gf180mcu_fd_sc_mcu7t5v0__and2_1)
     2    0.014065    0.209410    0.434738 20755.648438 v _1446_/Z (gf180mcu_fd_sc_mcu7t5v0__and2_1)
                                                         _0845_ (net)
                      0.209410    0.000000 20755.648438 v _1452_/A1 (gf180mcu_fd_sc_mcu7t5v0__xor2_1)
     1    0.003321    0.206416    0.454747 20756.103516 v _1452_/Z (gf180mcu_fd_sc_mcu7t5v0__xor2_1)
                                                         _0094_ (net)
                      0.206416    0.000000 20756.103516 v _2111_/D (gf180mcu_fd_sc_mcu7t5v0__dffrnq_1)
                                           20756.103516   data arrival time

                               20833.279297 20833.279297   clock clk_div (rise edge)
                                  0.000000 20833.279297   clock source latency
    83    0.353267    0.000000    0.000000 20833.279297 ^ clk (in)
                                                         clk (net)
                      0.008377    0.003638 20833.283203 ^ _2111_/CLK (gf180mcu_fd_sc_mcu7t5v0__dffrnq_1)
                                 -0.250000 20833.033203   clock uncertainty
                                  0.000000 20833.033203   clock reconvergence pessimism
                                 -0.183849 20832.849609   library setup time
                                           20832.849609   data required time
---------------------------------------------------------------------------------------------
                                           20832.849609   data required time
                                           -20756.103516   data arrival time
---------------------------------------------------------------------------------------------
                                             76.746147   slack (MET)


Startpoint: _2120_ (rising edge-triggered flip-flop clocked by clk)
Endpoint: _2102_ (rising edge-triggered flip-flop clocked by clk)
Path Group: clk
Path Type: max

Fanout         Cap        Slew       Delay        Time   Description
---------------------------------------------------------------------------------------------
                                  0.000000    0.000000   clock clk (rise edge)
                                  0.000000    0.000000   clock source latency
    83    0.353267    0.000000    0.000000    0.000000 ^ clk (in)
                                                         clk (net)
                      0.010145    0.004150    0.004150 ^ _2120_/CLK (gf180mcu_fd_sc_mcu7t5v0__dffrnq_1)
     7    0.038777    0.704488    1.188649    1.192798 ^ _2120_/Q (gf180mcu_fd_sc_mcu7t5v0__dffrnq_1)
                                                         u_cas_int.out_int1[0] (net)
                      0.704488    0.000039    1.192837 ^ _1348_/B (gf180mcu_fd_sc_mcu7t5v0__oai211_1)
     2    0.009787    0.439905    0.346384    1.539221 v _1348_/ZN (gf180mcu_fd_sc_mcu7t5v0__oai211_1)
                                                         _0761_ (net)
                      0.439905    0.000023    1.539244 v _1350_/A2 (gf180mcu_fd_sc_mcu7t5v0__aoi211_1)
     2    0.010353    0.798835    0.524965    2.064209 ^ _1350_/ZN (gf180mcu_fd_sc_mcu7t5v0__aoi211_1)
                                                         _0763_ (net)
                      0.798835    0.000030    2.064239 ^ _1352_/B (gf180mcu_fd_sc_mcu7t5v0__aoi21_1)
     2    0.012615    0.482707    0.363848    2.428087 v _1352_/ZN (gf180mcu_fd_sc_mcu7t5v0__aoi21_1)
                                                         _0764_ (net)
                      0.482707    0.000022    2.428109 v _1359_/A1 (gf180mcu_fd_sc_mcu7t5v0__aoi21_1)
     2    0.013222    0.595273    0.432949    2.861058 ^ _1359_/ZN (gf180mcu_fd_sc_mcu7t5v0__aoi21_1)
                                                         _0770_ (net)
                      0.595273    0.000056    2.861114 ^ _1363_/A1 (gf180mcu_fd_sc_mcu7t5v0__nand3_1)
     2    0.010039    0.372702    0.268421    3.129535 v _1363_/ZN (gf180mcu_fd_sc_mcu7t5v0__nand3_1)
                                                         _0774_ (net)
                      0.372702    0.000019    3.129555 v _1373_/A1 (gf180mcu_fd_sc_mcu7t5v0__aoi21_1)
     2    0.013609    0.607810    0.405029    3.534584 ^ _1373_/ZN (gf180mcu_fd_sc_mcu7t5v0__aoi21_1)
                                                         _0782_ (net)
                      0.607810    0.000054    3.534637 ^ _1375_/A1 (gf180mcu_fd_sc_mcu7t5v0__aoi21_1)
     1    0.008266    0.283240    0.190688    3.725326 v _1375_/ZN (gf180mcu_fd_sc_mcu7t5v0__aoi21_1)
                                                         _0783_ (net)
                      0.283240    0.000026    3.725351 v _1378_/A3 (gf180mcu_fd_sc_mcu7t5v0__xor3_1)
     1    0.003168    0.231023    0.460220    4.185572 v _1378_/Z (gf180mcu_fd_sc_mcu7t5v0__xor3_1)
                                                         _0109_ (net)
                      0.231023    0.000002    4.185574 v _2102_/D (gf180mcu_fd_sc_mcu7t5v0__dffrnq_1)
                                              4.185574   data arrival time

                                 81.379997   81.379997   clock clk (rise edge)
                                  0.000000   81.379997   clock source latency
    83    0.353267    0.000000    0.000000   81.379997 ^ clk (in)
                                                         clk (net)
                      0.010868    0.004448   81.384445 ^ _2102_/CLK (gf180mcu_fd_sc_mcu7t5v0__dffrnq_1)
                                 -0.250000   81.134445   clock uncertainty
                                  0.000000   81.134445   clock reconvergence pessimism
                                 -0.189990   80.944458   library setup time
                                             80.944458   data required time
---------------------------------------------------------------------------------------------
                                             80.944458   data required time
                                             -4.185574   data arrival time
---------------------------------------------------------------------------------------------
                                             76.758881   slack (MET)


Startpoint: _2120_ (rising edge-triggered flip-flop clocked by clk)
Endpoint: _2102_ (rising edge-triggered flip-flop clocked by clk_div)
Path Group: clk_div
Path Type: max

Fanout         Cap        Slew       Delay        Time   Description
---------------------------------------------------------------------------------------------
                               20751.898438 20751.898438   clock clk (rise edge)
                                  0.000000 20751.898438   clock source latency
    83    0.353267    0.000000    0.000000 20751.898438 ^ clk (in)
                                                         clk (net)
                      0.010145    0.003638 20751.902344 ^ _2120_/CLK (gf180mcu_fd_sc_mcu7t5v0__dffrnq_1)
     7    0.038777    0.704488    1.189619 20753.091797 ^ _2120_/Q (gf180mcu_fd_sc_mcu7t5v0__dffrnq_1)
                                                         u_cas_int.out_int1[0] (net)
                      0.704488    0.000000 20753.091797 ^ _1348_/B (gf180mcu_fd_sc_mcu7t5v0__oai211_1)
     2    0.009787    0.439905    0.345608 20753.437500 v _1348_/ZN (gf180mcu_fd_sc_mcu7t5v0__oai211_1)
                                                         _0761_ (net)
                      0.439905    0.000000 20753.437500 v _1350_/A2 (gf180mcu_fd_sc_mcu7t5v0__aoi211_1)
     2    0.010353    0.798835    0.525688 20753.964844 ^ _1350_/ZN (gf180mcu_fd_sc_mcu7t5v0__aoi211_1)
                                                         _0763_ (net)
                      0.798835    0.000000 20753.964844 ^ _1352_/B (gf180mcu_fd_sc_mcu7t5v0__aoi21_1)
     2    0.012615    0.482707    0.363798 20754.328125 v _1352_/ZN (gf180mcu_fd_sc_mcu7t5v0__aoi21_1)
                                                         _0764_ (net)
                      0.482707    0.000000 20754.328125 v _1359_/A1 (gf180mcu_fd_sc_mcu7t5v0__aoi21_1)
     2    0.013222    0.595273    0.432920 20754.759766 ^ _1359_/ZN (gf180mcu_fd_sc_mcu7t5v0__aoi21_1)
                                                         _0770_ (net)
                      0.595273    0.000000 20754.759766 ^ _1363_/A1 (gf180mcu_fd_sc_mcu7t5v0__nand3_1)
     2    0.010039    0.372702    0.267391 20755.027344 v _1363_/ZN (gf180mcu_fd_sc_mcu7t5v0__nand3_1)
                                                         _0774_ (net)
                      0.372702    0.000000 20755.027344 v _1373_/A1 (gf180mcu_fd_sc_mcu7t5v0__aoi21_1)
     2    0.013609    0.607810    0.405635 20755.433594 ^ _1373_/ZN (gf180mcu_fd_sc_mcu7t5v0__aoi21_1)
                                                         _0782_ (net)
                      0.607810    0.000000 20755.433594 ^ _1375_/A1 (gf180mcu_fd_sc_mcu7t5v0__aoi21_1)
     1    0.008266    0.283240    0.190994 20755.625000 v _1375_/ZN (gf180mcu_fd_sc_mcu7t5v0__aoi21_1)
                                                         _0783_ (net)
                      0.283240    0.000000 20755.625000 v _1378_/A3 (gf180mcu_fd_sc_mcu7t5v0__xor3_1)
     1    0.003168    0.231023    0.460204 20756.083984 v _1378_/Z (gf180mcu_fd_sc_mcu7t5v0__xor3_1)
                                                         _0109_ (net)
                      0.231023    0.000000 20756.083984 v _2102_/D (gf180mcu_fd_sc_mcu7t5v0__dffrnq_1)
                                           20756.083984   data arrival time

                               20833.279297 20833.279297   clock clk_div (rise edge)
                                  0.000000 20833.279297   clock source latency
    83    0.353267    0.000000    0.000000 20833.279297 ^ clk (in)
                                                         clk (net)
                      0.010868    0.003638 20833.283203 ^ _2102_/CLK (gf180mcu_fd_sc_mcu7t5v0__dffrnq_1)
                                 -0.250000 20833.033203   clock uncertainty
                                  0.000000 20833.033203   clock reconvergence pessimism
                                 -0.189990 20832.843750   library setup time
                                           20832.843750   data required time
---------------------------------------------------------------------------------------------
                                           20832.843750   data required time
                                           -20756.083984   data arrival time
---------------------------------------------------------------------------------------------
                                             76.758881   slack (MET)


Startpoint: _2099_ (rising edge-triggered flip-flop clocked by clk)
Endpoint: _2088_ (rising edge-triggered flip-flop clocked by clk)
Path Group: clk
Path Type: max

Fanout         Cap        Slew       Delay        Time   Description
---------------------------------------------------------------------------------------------
                                  0.000000    0.000000   clock clk (rise edge)
                                  0.000000    0.000000   clock source latency
    83    0.353267    0.000000    0.000000    0.000000 ^ clk (in)
                                                         clk (net)
                      0.011451    0.004684    0.004684 ^ _2099_/CLK (gf180mcu_fd_sc_mcu7t5v0__dffrnq_1)
     9    0.048485    0.862393    1.278725    1.283408 ^ _2099_/Q (gf180mcu_fd_sc_mcu7t5v0__dffrnq_1)
                                                         u_cas_int.out_int2[4] (net)
                      0.862393    0.000044    1.283453 ^ _1176_/A1 (gf180mcu_fd_sc_mcu7t5v0__xor2_1)
     4    0.020728    0.828116    0.680329    1.963782 ^ _1176_/Z (gf180mcu_fd_sc_mcu7t5v0__xor2_1)
                                                         _0611_ (net)
                      0.828116    0.000050    1.963832 ^ _1197_/A1 (gf180mcu_fd_sc_mcu7t5v0__and4_1)
     1    0.005030    0.208899    0.563123    2.526955 ^ _1197_/Z (gf180mcu_fd_sc_mcu7t5v0__and4_1)
                                                         _0628_ (net)
                      0.208899    0.000005    2.526960 ^ _1204_/A2 (gf180mcu_fd_sc_mcu7t5v0__aoi21_1)
     1    0.009756    0.334051    0.167187    2.694147 v _1204_/ZN (gf180mcu_fd_sc_mcu7t5v0__aoi21_1)
                                                         _0635_ (net)
                      0.334051    0.000141    2.694288 v _1278_/A1 (gf180mcu_fd_sc_mcu7t5v0__oai21_1)
     4    0.027253    0.931296    0.628177    3.322465 ^ _1278_/ZN (gf180mcu_fd_sc_mcu7t5v0__oai21_1)
                                                         _0701_ (net)
                      0.931296    0.000346    3.322811 ^ _1291_/A1 (gf180mcu_fd_sc_mcu7t5v0__aoi21_1)
     2    0.013468    0.424818    0.265406    3.588217 v _1291_/ZN (gf180mcu_fd_sc_mcu7t5v0__aoi21_1)
                                                         _0712_ (net)
                      0.424818    0.000049    3.588265 v _1292_/A2 (gf180mcu_fd_sc_mcu7t5v0__xor2_1)
     1    0.003846    0.213729    0.522485    4.110750 v _1292_/Z (gf180mcu_fd_sc_mcu7t5v0__xor2_1)
                                                         _0121_ (net)
                      0.213729    0.000013    4.110764 v _2088_/D (gf180mcu_fd_sc_mcu7t5v0__dffrnq_1)
                                              4.110764   data arrival time

                                 81.379997   81.379997   clock clk (rise edge)
                                  0.000000   81.379997   clock source latency
    83    0.353267    0.000000    0.000000   81.379997 ^ clk (in)
                                                         clk (net)
                      0.008008    0.003276   81.383270 ^ _2088_/CLK (gf180mcu_fd_sc_mcu7t5v0__dffrnq_1)
                                 -0.250000   81.133278   clock uncertainty
                                  0.000000   81.133278   clock reconvergence pessimism
                                 -0.185904   80.947365   library setup time
                                             80.947365   data required time
---------------------------------------------------------------------------------------------
                                             80.947365   data required time
                                             -4.110764   data arrival time
---------------------------------------------------------------------------------------------
                                             76.836601   slack (MET)


Startpoint: _2099_ (rising edge-triggered flip-flop clocked by clk)
Endpoint: _2088_ (rising edge-triggered flip-flop clocked by clk_div)
Path Group: clk_div
Path Type: max

Fanout         Cap        Slew       Delay        Time   Description
---------------------------------------------------------------------------------------------
                               20751.898438 20751.898438   clock clk (rise edge)
                                  0.000000 20751.898438   clock source latency
    83    0.353267    0.000000    0.000000 20751.898438 ^ clk (in)
                                                         clk (net)
                      0.011451    0.005457 20751.904297 ^ _2099_/CLK (gf180mcu_fd_sc_mcu7t5v0__dffrnq_1)
     9    0.048485    0.862393    1.278750 20753.183594 ^ _2099_/Q (gf180mcu_fd_sc_mcu7t5v0__dffrnq_1)
                                                         u_cas_int.out_int2[4] (net)
                      0.862393    0.000000 20753.183594 ^ _1176_/A1 (gf180mcu_fd_sc_mcu7t5v0__xor2_1)
     4    0.020728    0.828116    0.680302 20753.863281 ^ _1176_/Z (gf180mcu_fd_sc_mcu7t5v0__xor2_1)
                                                         _0611_ (net)
                      0.828116    0.000000 20753.863281 ^ _1197_/A1 (gf180mcu_fd_sc_mcu7t5v0__and4_1)
     1    0.005030    0.208899    0.562068 20754.425781 ^ _1197_/Z (gf180mcu_fd_sc_mcu7t5v0__and4_1)
                                                         _0628_ (net)
                      0.208899    0.000000 20754.425781 ^ _1204_/A2 (gf180mcu_fd_sc_mcu7t5v0__aoi21_1)
     1    0.009756    0.334051    0.167347 20754.593750 v _1204_/ZN (gf180mcu_fd_sc_mcu7t5v0__aoi21_1)
                                                         _0635_ (net)
                      0.334051    0.000000 20754.593750 v _1278_/A1 (gf180mcu_fd_sc_mcu7t5v0__oai21_1)
     4    0.027253    0.931296    0.629370 20755.222656 ^ _1278_/ZN (gf180mcu_fd_sc_mcu7t5v0__oai21_1)
                                                         _0701_ (net)
                      0.931296    0.000000 20755.222656 ^ _1291_/A1 (gf180mcu_fd_sc_mcu7t5v0__aoi21_1)
     2    0.013468    0.424818    0.265572 20755.488281 v _1291_/ZN (gf180mcu_fd_sc_mcu7t5v0__aoi21_1)
                                                         _0712_ (net)
                      0.424818    0.000000 20755.488281 v _1292_/A2 (gf180mcu_fd_sc_mcu7t5v0__xor2_1)
     1    0.003846    0.213729    0.522050 20756.009766 v _1292_/Z (gf180mcu_fd_sc_mcu7t5v0__xor2_1)
                                                         _0121_ (net)
                      0.213729    0.000000 20756.009766 v _2088_/D (gf180mcu_fd_sc_mcu7t5v0__dffrnq_1)
                                           20756.009766   data arrival time

                               20833.279297 20833.279297   clock clk_div (rise edge)
                                  0.000000 20833.279297   clock source latency
    83    0.353267    0.000000    0.000000 20833.279297 ^ clk (in)
                                                         clk (net)
                      0.008008    0.003638 20833.283203 ^ _2088_/CLK (gf180mcu_fd_sc_mcu7t5v0__dffrnq_1)
                                 -0.250000 20833.033203   clock uncertainty
                                  0.000000 20833.033203   clock reconvergence pessimism
                                 -0.185904 20832.845703   library setup time
                                           20832.845703   data required time
---------------------------------------------------------------------------------------------
                                           20832.845703   data required time
                                           -20756.009766   data arrival time
---------------------------------------------------------------------------------------------
                                             76.836601   slack (MET)


Startpoint: _2120_ (rising edge-triggered flip-flop clocked by clk)
Endpoint: _2101_ (rising edge-triggered flip-flop clocked by clk)
Path Group: clk
Path Type: max

Fanout         Cap        Slew       Delay        Time   Description
---------------------------------------------------------------------------------------------
                                  0.000000    0.000000   clock clk (rise edge)
                                  0.000000    0.000000   clock source latency
    83    0.353267    0.000000    0.000000    0.000000 ^ clk (in)
                                                         clk (net)
                      0.010145    0.004150    0.004150 ^ _2120_/CLK (gf180mcu_fd_sc_mcu7t5v0__dffrnq_1)
     7    0.038777    0.704488    1.188649    1.192798 ^ _2120_/Q (gf180mcu_fd_sc_mcu7t5v0__dffrnq_1)
                                                         u_cas_int.out_int1[0] (net)
                      0.704488    0.000039    1.192837 ^ _1348_/B (gf180mcu_fd_sc_mcu7t5v0__oai211_1)
     2    0.009787    0.439905    0.346384    1.539221 v _1348_/ZN (gf180mcu_fd_sc_mcu7t5v0__oai211_1)
                                                         _0761_ (net)
                      0.439905    0.000023    1.539244 v _1350_/A2 (gf180mcu_fd_sc_mcu7t5v0__aoi211_1)
     2    0.010353    0.798835    0.524965    2.064209 ^ _1350_/ZN (gf180mcu_fd_sc_mcu7t5v0__aoi211_1)
                                                         _0763_ (net)
                      0.798835    0.000030    2.064239 ^ _1352_/B (gf180mcu_fd_sc_mcu7t5v0__aoi21_1)
     2    0.012615    0.482707    0.363848    2.428087 v _1352_/ZN (gf180mcu_fd_sc_mcu7t5v0__aoi21_1)
                                                         _0764_ (net)
                      0.482707    0.000022    2.428109 v _1359_/A1 (gf180mcu_fd_sc_mcu7t5v0__aoi21_1)
     2    0.013222    0.595273    0.432949    2.861058 ^ _1359_/ZN (gf180mcu_fd_sc_mcu7t5v0__aoi21_1)
                                                         _0770_ (net)
                      0.595273    0.000056    2.861114 ^ _1363_/A1 (gf180mcu_fd_sc_mcu7t5v0__nand3_1)
     2    0.010039    0.372702    0.268421    3.129535 v _1363_/ZN (gf180mcu_fd_sc_mcu7t5v0__nand3_1)
                                                         _0774_ (net)
                      0.372702    0.000019    3.129555 v _1373_/A1 (gf180mcu_fd_sc_mcu7t5v0__aoi21_1)
     2    0.013609    0.607810    0.405029    3.534584 ^ _1373_/ZN (gf180mcu_fd_sc_mcu7t5v0__aoi21_1)
                                                         _0782_ (net)
                      0.607810    0.000052    3.534636 ^ _1374_/A3 (gf180mcu_fd_sc_mcu7t5v0__xor3_1)
     1    0.003123    0.317807    0.392307    3.926943 ^ _1374_/Z (gf180mcu_fd_sc_mcu7t5v0__xor3_1)
                                                         _0108_ (net)
                      0.317807    0.000002    3.926945 ^ _2101_/D (gf180mcu_fd_sc_mcu7t5v0__dffrnq_1)
                                              3.926945   data arrival time

                                 81.379997   81.379997   clock clk (rise edge)
                                  0.000000   81.379997   clock source latency
    83    0.353267    0.000000    0.000000   81.379997 ^ clk (in)
                                                         clk (net)
                      0.011130    0.004555   81.384552 ^ _2101_/CLK (gf180mcu_fd_sc_mcu7t5v0__dffrnq_1)
                                 -0.250000   81.134552   clock uncertainty
                                  0.000000   81.134552   clock reconvergence pessimism
                                 -0.352759   80.781799   library setup time
                                             80.781799   data required time
---------------------------------------------------------------------------------------------
                                             80.781799   data required time
                                             -3.926945   data arrival time
---------------------------------------------------------------------------------------------
                                             76.854858   slack (MET)


Startpoint: _2120_ (rising edge-triggered flip-flop clocked by clk)
Endpoint: _2101_ (rising edge-triggered flip-flop clocked by clk_div)
Path Group: clk_div
Path Type: max

Fanout         Cap        Slew       Delay        Time   Description
---------------------------------------------------------------------------------------------
                               20751.898438 20751.898438   clock clk (rise edge)
                                  0.000000 20751.898438   clock source latency
    83    0.353267    0.000000    0.000000 20751.898438 ^ clk (in)
                                                         clk (net)
                      0.010145    0.003638 20751.902344 ^ _2120_/CLK (gf180mcu_fd_sc_mcu7t5v0__dffrnq_1)
     7    0.038777    0.704488    1.189619 20753.091797 ^ _2120_/Q (gf180mcu_fd_sc_mcu7t5v0__dffrnq_1)
                                                         u_cas_int.out_int1[0] (net)
                      0.704488    0.000000 20753.091797 ^ _1348_/B (gf180mcu_fd_sc_mcu7t5v0__oai211_1)
     2    0.009787    0.439905    0.345608 20753.437500 v _1348_/ZN (gf180mcu_fd_sc_mcu7t5v0__oai211_1)
                                                         _0761_ (net)
                      0.439905    0.000000 20753.437500 v _1350_/A2 (gf180mcu_fd_sc_mcu7t5v0__aoi211_1)
     2    0.010353    0.798835    0.525688 20753.964844 ^ _1350_/ZN (gf180mcu_fd_sc_mcu7t5v0__aoi211_1)
                                                         _0763_ (net)
                      0.798835    0.000000 20753.964844 ^ _1352_/B (gf180mcu_fd_sc_mcu7t5v0__aoi21_1)
     2    0.012615    0.482707    0.363798 20754.328125 v _1352_/ZN (gf180mcu_fd_sc_mcu7t5v0__aoi21_1)
                                                         _0764_ (net)
                      0.482707    0.000000 20754.328125 v _1359_/A1 (gf180mcu_fd_sc_mcu7t5v0__aoi21_1)
     2    0.013222    0.595273    0.432920 20754.759766 ^ _1359_/ZN (gf180mcu_fd_sc_mcu7t5v0__aoi21_1)
                                                         _0770_ (net)
                      0.595273    0.000000 20754.759766 ^ _1363_/A1 (gf180mcu_fd_sc_mcu7t5v0__nand3_1)
     2    0.010039    0.372702    0.267391 20755.027344 v _1363_/ZN (gf180mcu_fd_sc_mcu7t5v0__nand3_1)
                                                         _0774_ (net)
                      0.372702    0.000000 20755.027344 v _1373_/A1 (gf180mcu_fd_sc_mcu7t5v0__aoi21_1)
     2    0.013609    0.607810    0.405635 20755.433594 ^ _1373_/ZN (gf180mcu_fd_sc_mcu7t5v0__aoi21_1)
                                                         _0782_ (net)
                      0.607810    0.000000 20755.433594 ^ _1374_/A3 (gf180mcu_fd_sc_mcu7t5v0__xor3_1)
     1    0.003123    0.317807    0.392902 20755.826172 ^ _1374_/Z (gf180mcu_fd_sc_mcu7t5v0__xor3_1)
                                                         _0108_ (net)
                      0.317807    0.000000 20755.826172 ^ _2101_/D (gf180mcu_fd_sc_mcu7t5v0__dffrnq_1)
                                           20755.826172   data arrival time

                               20833.279297 20833.279297   clock clk_div (rise edge)
                                  0.000000 20833.279297   clock source latency
    83    0.353267    0.000000    0.000000 20833.279297 ^ clk (in)
                                                         clk (net)
                      0.011130    0.005457 20833.285156 ^ _2101_/CLK (gf180mcu_fd_sc_mcu7t5v0__dffrnq_1)
                                 -0.250000 20833.035156   clock uncertainty
                                  0.000000 20833.035156   clock reconvergence pessimism
                                 -0.352759 20832.681641   library setup time
                                           20832.681641   data required time
---------------------------------------------------------------------------------------------
                                           20832.681641   data required time
                                           -20755.826172   data arrival time
---------------------------------------------------------------------------------------------
                                             76.854858   slack (MET)


Startpoint: _2120_ (rising edge-triggered flip-flop clocked by clk)
Endpoint: _2106_ (rising edge-triggered flip-flop clocked by clk)
Path Group: clk
Path Type: max

Fanout         Cap        Slew       Delay        Time   Description
---------------------------------------------------------------------------------------------
                                  0.000000    0.000000   clock clk (rise edge)
                                  0.000000    0.000000   clock source latency
    83    0.353267    0.000000    0.000000    0.000000 ^ clk (in)
                                                         clk (net)
                      0.010145    0.004150    0.004150 ^ _2120_/CLK (gf180mcu_fd_sc_mcu7t5v0__dffrnq_1)
     7    0.038777    0.704488    1.188649    1.192798 ^ _2120_/Q (gf180mcu_fd_sc_mcu7t5v0__dffrnq_1)
                                                         u_cas_int.out_int1[0] (net)
                      0.704488    0.000039    1.192837 ^ _1348_/B (gf180mcu_fd_sc_mcu7t5v0__oai211_1)
     2    0.009787    0.439905    0.346384    1.539221 v _1348_/ZN (gf180mcu_fd_sc_mcu7t5v0__oai211_1)
                                                         _0761_ (net)
                      0.439905    0.000023    1.539244 v _1350_/A2 (gf180mcu_fd_sc_mcu7t5v0__aoi211_1)
     2    0.010353    0.798835    0.524965    2.064209 ^ _1350_/ZN (gf180mcu_fd_sc_mcu7t5v0__aoi211_1)
                                                         _0763_ (net)
                      0.798835    0.000048    2.064257 ^ _1360_/A1 (gf180mcu_fd_sc_mcu7t5v0__aoi21_1)
     1    0.006459    0.296642    0.165510    2.229766 v _1360_/ZN (gf180mcu_fd_sc_mcu7t5v0__aoi21_1)
                                                         _0771_ (net)
                      0.296642    0.000034    2.229801 v _1387_/A1 (gf180mcu_fd_sc_mcu7t5v0__oai21_1)
     5    0.031660    1.058277    0.691836    2.921637 ^ _1387_/ZN (gf180mcu_fd_sc_mcu7t5v0__oai21_1)
                                                         _0794_ (net)
                      1.058277    0.000370    2.922007 ^ _1400_/A1 (gf180mcu_fd_sc_mcu7t5v0__aoi21_1)
     2    0.013066    0.447509    0.263014    3.185021 v _1400_/ZN (gf180mcu_fd_sc_mcu7t5v0__aoi21_1)
                                                         _0805_ (net)
                      0.447509    0.000042    3.185063 v _1405_/A1 (gf180mcu_fd_sc_mcu7t5v0__oai21_1)
     1    0.007798    0.396769    0.342720    3.527783 ^ _1405_/ZN (gf180mcu_fd_sc_mcu7t5v0__oai21_1)
                                                         _0809_ (net)
                      0.396769    0.000010    3.527794 ^ _1407_/A3 (gf180mcu_fd_sc_mcu7t5v0__xor3_1)
     1    0.003225    0.322890    0.382941    3.910734 ^ _1407_/Z (gf180mcu_fd_sc_mcu7t5v0__xor3_1)
                                                         _0089_ (net)
                      0.322890    0.000003    3.910737 ^ _2106_/D (gf180mcu_fd_sc_mcu7t5v0__dffrnq_1)
                                              3.910737   data arrival time

                                 81.379997   81.379997   clock clk (rise edge)
                                  0.000000   81.379997   clock source latency
    83    0.353267    0.000000    0.000000   81.379997 ^ clk (in)
                                                         clk (net)
                      0.010091    0.004128   81.384125 ^ _2106_/CLK (gf180mcu_fd_sc_mcu7t5v0__dffrnq_1)
                                 -0.250000   81.134125   clock uncertainty
                                  0.000000   81.134125   clock reconvergence pessimism
                                 -0.353676   80.780457   library setup time
                                             80.780457   data required time
---------------------------------------------------------------------------------------------
                                             80.780457   data required time
                                             -3.910737   data arrival time
---------------------------------------------------------------------------------------------
                                             76.869720   slack (MET)


Startpoint: _2120_ (rising edge-triggered flip-flop clocked by clk)
Endpoint: _2106_ (rising edge-triggered flip-flop clocked by clk_div)
Path Group: clk_div
Path Type: max

Fanout         Cap        Slew       Delay        Time   Description
---------------------------------------------------------------------------------------------
                               20751.898438 20751.898438   clock clk (rise edge)
                                  0.000000 20751.898438   clock source latency
    83    0.353267    0.000000    0.000000 20751.898438 ^ clk (in)
                                                         clk (net)
                      0.010145    0.003638 20751.902344 ^ _2120_/CLK (gf180mcu_fd_sc_mcu7t5v0__dffrnq_1)
     7    0.038777    0.704488    1.189619 20753.091797 ^ _2120_/Q (gf180mcu_fd_sc_mcu7t5v0__dffrnq_1)
                                                         u_cas_int.out_int1[0] (net)
                      0.704488    0.000000 20753.091797 ^ _1348_/B (gf180mcu_fd_sc_mcu7t5v0__oai211_1)
     2    0.009787    0.439905    0.345608 20753.437500 v _1348_/ZN (gf180mcu_fd_sc_mcu7t5v0__oai211_1)
                                                         _0761_ (net)
                      0.439905    0.000000 20753.437500 v _1350_/A2 (gf180mcu_fd_sc_mcu7t5v0__aoi211_1)
     2    0.010353    0.798835    0.525688 20753.964844 ^ _1350_/ZN (gf180mcu_fd_sc_mcu7t5v0__aoi211_1)
                                                         _0763_ (net)
                      0.798835    0.000000 20753.964844 ^ _1360_/A1 (gf180mcu_fd_sc_mcu7t5v0__aoi21_1)
     1    0.006459    0.296642    0.165528 20754.128906 v _1360_/ZN (gf180mcu_fd_sc_mcu7t5v0__aoi21_1)
                                                         _0771_ (net)
                      0.296642    0.000000 20754.128906 v _1387_/A1 (gf180mcu_fd_sc_mcu7t5v0__oai21_1)
     5    0.031660    1.058277    0.691216 20754.820312 ^ _1387_/ZN (gf180mcu_fd_sc_mcu7t5v0__oai21_1)
                                                         _0794_ (net)
                      1.058277    0.000000 20754.820312 ^ _1400_/A1 (gf180mcu_fd_sc_mcu7t5v0__aoi21_1)
     2    0.013066    0.447509    0.263753 20755.083984 v _1400_/ZN (gf180mcu_fd_sc_mcu7t5v0__aoi21_1)
                                                         _0805_ (net)
                      0.447509    0.000000 20755.083984 v _1405_/A1 (gf180mcu_fd_sc_mcu7t5v0__oai21_1)
     1    0.007798    0.396769    0.341970 20755.425781 ^ _1405_/ZN (gf180mcu_fd_sc_mcu7t5v0__oai21_1)
                                                         _0809_ (net)
                      0.396769    0.000000 20755.425781 ^ _1407_/A3 (gf180mcu_fd_sc_mcu7t5v0__xor3_1)
     1    0.003225    0.322890    0.383807 20755.810547 ^ _1407_/Z (gf180mcu_fd_sc_mcu7t5v0__xor3_1)
                                                         _0089_ (net)
                      0.322890    0.000000 20755.810547 ^ _2106_/D (gf180mcu_fd_sc_mcu7t5v0__dffrnq_1)
                                           20755.810547   data arrival time

                               20833.279297 20833.279297   clock clk_div (rise edge)
                                  0.000000 20833.279297   clock source latency
    83    0.353267    0.000000    0.000000 20833.279297 ^ clk (in)
                                                         clk (net)
                      0.010091    0.003638 20833.283203 ^ _2106_/CLK (gf180mcu_fd_sc_mcu7t5v0__dffrnq_1)
                                 -0.250000 20833.033203   clock uncertainty
                                  0.000000 20833.033203   clock reconvergence pessimism
                                 -0.353676 20832.681641   library setup time
                                           20832.681641   data required time
---------------------------------------------------------------------------------------------
                                           20832.681641   data required time
                                           -20755.810547   data arrival time
---------------------------------------------------------------------------------------------
                                             76.869720   slack (MET)


Startpoint: _2095_ (rising edge-triggered flip-flop clocked by clk)
Endpoint: _2077_ (rising edge-triggered flip-flop clocked by clk)
Path Group: clk
Path Type: max

Fanout         Cap        Slew       Delay        Time   Description
---------------------------------------------------------------------------------------------
                                  0.000000    0.000000   clock clk (rise edge)
                                  0.000000    0.000000   clock source latency
    83    0.353267    0.000000    0.000000    0.000000 ^ clk (in)
                                                         clk (net)
                      0.011602    0.004745    0.004745 ^ _2095_/CLK (gf180mcu_fd_sc_mcu7t5v0__dffrnq_1)
     6    0.036160    0.662081    1.164662    1.169407 ^ _2095_/Q (gf180mcu_fd_sc_mcu7t5v0__dffrnq_1)
                                                         u_cas_int.out_int2[0] (net)
                      0.662081    0.000050    1.169457 ^ _1154_/A1 (gf180mcu_fd_sc_mcu7t5v0__nand2_1)
     2    0.012956    0.350790    0.249546    1.419003 v _1154_/ZN (gf180mcu_fd_sc_mcu7t5v0__nand2_1)
                                                         _0592_ (net)
                      0.350790    0.000012    1.419015 v _1162_/A2 (gf180mcu_fd_sc_mcu7t5v0__oai21_1)
     3    0.014800    0.588911    0.420871    1.839886 ^ _1162_/ZN (gf180mcu_fd_sc_mcu7t5v0__oai21_1)
                                                         _0599_ (net)
                      0.588911    0.000061    1.839947 ^ _1165_/A2 (gf180mcu_fd_sc_mcu7t5v0__nand2_1)
     1    0.005380    0.229025    0.130467    1.970414 v _1165_/ZN (gf180mcu_fd_sc_mcu7t5v0__nand2_1)
                                                         _0602_ (net)
                      0.229025    0.000011    1.970425 v _1174_/A1 (gf180mcu_fd_sc_mcu7t5v0__aoi21_1)
     3    0.019467    0.784136    0.461813    2.432238 ^ _1174_/ZN (gf180mcu_fd_sc_mcu7t5v0__aoi21_1)
                                                         _0609_ (net)
                      0.784136    0.000069    2.432308 ^ _1177_/A1 (gf180mcu_fd_sc_mcu7t5v0__nand2_1)
     2    0.009873    0.335824    0.219173    2.651481 v _1177_/ZN (gf180mcu_fd_sc_mcu7t5v0__nand2_1)
                                                         _0612_ (net)
                      0.335824    0.000012    2.651492 v _1184_/A1 (gf180mcu_fd_sc_mcu7t5v0__aoi21_1)
     2    0.013536    0.607967    0.392354    3.043846 ^ _1184_/ZN (gf180mcu_fd_sc_mcu7t5v0__aoi21_1)
                                                         _0617_ (net)
                      0.607967    0.000050    3.043896 ^ _1188_/A1 (gf180mcu_fd_sc_mcu7t5v0__nand3_1)
     2    0.008931    0.355941    0.254835    3.298731 v _1188_/ZN (gf180mcu_fd_sc_mcu7t5v0__nand3_1)
                                                         _0621_ (net)
                      0.355941    0.000031    3.298763 v _1193_/A2 (gf180mcu_fd_sc_mcu7t5v0__and4_1)
     1    0.003015    0.134069    0.365263    3.664025 v _1193_/Z (gf180mcu_fd_sc_mcu7t5v0__and4_1)
                                                         _0625_ (net)
                      0.134069    0.000001    3.664026 v _1195_/A1 (gf180mcu_fd_sc_mcu7t5v0__or2_1)
     1    0.003692    0.154785    0.367679    4.031705 v _1195_/Z (gf180mcu_fd_sc_mcu7t5v0__or2_1)
                                                         _0134_ (net)
                      0.154785    0.000011    4.031716 v _2077_/D (gf180mcu_fd_sc_mcu7t5v0__dffrnq_1)
                                              4.031716   data arrival time

                                 81.379997   81.379997   clock clk (rise edge)
                                  0.000000   81.379997   clock source latency
    83    0.353267    0.000000    0.000000   81.379997 ^ clk (in)
                                                         clk (net)
                      0.011392    0.004661   81.384659 ^ _2077_/CLK (gf180mcu_fd_sc_mcu7t5v0__dffrnq_1)
                                 -0.250000   81.134659   clock uncertainty
                                  0.000000   81.134659   clock reconvergence pessimism
                                 -0.169153   80.965508   library setup time
                                             80.965508   data required time
---------------------------------------------------------------------------------------------
                                             80.965508   data required time
                                             -4.031716   data arrival time
---------------------------------------------------------------------------------------------
                                             76.933792   slack (MET)


Startpoint: _2095_ (rising edge-triggered flip-flop clocked by clk)
Endpoint: _2077_ (rising edge-triggered flip-flop clocked by clk_div)
Path Group: clk_div
Path Type: max

Fanout         Cap        Slew       Delay        Time   Description
---------------------------------------------------------------------------------------------
                               20751.898438 20751.898438   clock clk (rise edge)
                                  0.000000 20751.898438   clock source latency
    83    0.353267    0.000000    0.000000 20751.898438 ^ clk (in)
                                                         clk (net)
                      0.011602    0.005457 20751.904297 ^ _2095_/CLK (gf180mcu_fd_sc_mcu7t5v0__dffrnq_1)
     6    0.036160    0.662081    1.164153 20753.068359 ^ _2095_/Q (gf180mcu_fd_sc_mcu7t5v0__dffrnq_1)
                                                         u_cas_int.out_int2[0] (net)
                      0.662081    0.000000 20753.068359 ^ _1154_/A1 (gf180mcu_fd_sc_mcu7t5v0__nand2_1)
     2    0.012956    0.350790    0.249202 20753.318359 v _1154_/ZN (gf180mcu_fd_sc_mcu7t5v0__nand2_1)
                                                         _0592_ (net)
                      0.350790    0.000000 20753.318359 v _1162_/A2 (gf180mcu_fd_sc_mcu7t5v0__oai21_1)
     3    0.014800    0.588911    0.420187 20753.738281 ^ _1162_/ZN (gf180mcu_fd_sc_mcu7t5v0__oai21_1)
                                                         _0599_ (net)
                      0.588911    0.001819 20753.740234 ^ _1165_/A2 (gf180mcu_fd_sc_mcu7t5v0__nand2_1)
     1    0.005380    0.229025    0.129148 20753.869141 v _1165_/ZN (gf180mcu_fd_sc_mcu7t5v0__nand2_1)
                                                         _0602_ (net)
                      0.229025    0.000000 20753.869141 v _1174_/A1 (gf180mcu_fd_sc_mcu7t5v0__aoi21_1)
     3    0.019467    0.784136    0.462023 20754.332031 ^ _1174_/ZN (gf180mcu_fd_sc_mcu7t5v0__aoi21_1)
                                                         _0609_ (net)
                      0.784136    0.000000 20754.332031 ^ _1177_/A1 (gf180mcu_fd_sc_mcu7t5v0__nand2_1)
     2    0.009873    0.335824    0.220098 20754.550781 v _1177_/ZN (gf180mcu_fd_sc_mcu7t5v0__nand2_1)
                                                         _0612_ (net)
                      0.335824    0.000000 20754.550781 v _1184_/A1 (gf180mcu_fd_sc_mcu7t5v0__aoi21_1)
     2    0.013536    0.607967    0.391083 20754.943359 ^ _1184_/ZN (gf180mcu_fd_sc_mcu7t5v0__aoi21_1)
                                                         _0617_ (net)
                      0.607967    0.000000 20754.943359 ^ _1188_/A1 (gf180mcu_fd_sc_mcu7t5v0__nand3_1)
     2    0.008931    0.355941    0.254659 20755.197266 v _1188_/ZN (gf180mcu_fd_sc_mcu7t5v0__nand3_1)
                                                         _0621_ (net)
                      0.355941    0.001819 20755.199219 v _1193_/A2 (gf180mcu_fd_sc_mcu7t5v0__and4_1)
     1    0.003015    0.134069    0.363798 20755.562500 v _1193_/Z (gf180mcu_fd_sc_mcu7t5v0__and4_1)
                                                         _0625_ (net)
                      0.134069    0.000000 20755.562500 v _1195_/A1 (gf180mcu_fd_sc_mcu7t5v0__or2_1)
     1    0.003692    0.154785    0.367436 20755.929688 v _1195_/Z (gf180mcu_fd_sc_mcu7t5v0__or2_1)
                                                         _0134_ (net)
                      0.154785    0.000000 20755.929688 v _2077_/D (gf180mcu_fd_sc_mcu7t5v0__dffrnq_1)
                                           20755.929688   data arrival time

                               20833.279297 20833.279297   clock clk_div (rise edge)
                                  0.000000 20833.279297   clock source latency
    83    0.353267    0.000000    0.000000 20833.279297 ^ clk (in)
                                                         clk (net)
                      0.011392    0.005457 20833.285156 ^ _2077_/CLK (gf180mcu_fd_sc_mcu7t5v0__dffrnq_1)
                                 -0.250000 20833.035156   clock uncertainty
                                  0.000000 20833.035156   clock reconvergence pessimism
                                 -0.169153 20832.865234   library setup time
                                           20832.865234   data required time
---------------------------------------------------------------------------------------------
                                           20832.865234   data required time
                                           -20755.929688   data arrival time
---------------------------------------------------------------------------------------------
                                             76.933792   slack (MET)


Startpoint: _2097_ (rising edge-triggered flip-flop clocked by clk)
Endpoint: _2080_ (rising edge-triggered flip-flop clocked by clk)
Path Group: clk
Path Type: max

Fanout         Cap        Slew       Delay        Time   Description
---------------------------------------------------------------------------------------------
                                  0.000000    0.000000   clock clk (rise edge)
                                  0.000000    0.000000   clock source latency
    83    0.353267    0.000000    0.000000    0.000000 ^ clk (in)
                                                         clk (net)
                      0.011544    0.004722    0.004722 ^ _2097_/CLK (gf180mcu_fd_sc_mcu7t5v0__dffrnq_1)
     8    0.037530    0.661976    1.177272    1.181994 ^ _2097_/Q (gf180mcu_fd_sc_mcu7t5v0__dffrnq_1)
                                                         u_cas_int.out_int2[2] (net)
                      0.661976    0.000018    1.182012 ^ _1159_/A1 (gf180mcu_fd_sc_mcu7t5v0__and2_1)
     3    0.013508    0.296309    0.442337    1.624349 ^ _1159_/Z (gf180mcu_fd_sc_mcu7t5v0__and2_1)
                                                         _0596_ (net)
                      0.296309    0.000032    1.624381 ^ _1164_/B (gf180mcu_fd_sc_mcu7t5v0__aoi211_1)
     2    0.010804    0.406465    0.292013    1.916393 v _1164_/ZN (gf180mcu_fd_sc_mcu7t5v0__aoi211_1)
                                                         _0601_ (net)
                      0.406465    0.000043    1.916436 v _1173_/A1 (gf180mcu_fd_sc_mcu7t5v0__oai21_1)
     1    0.007469    0.382301    0.324972    2.241408 ^ _1173_/ZN (gf180mcu_fd_sc_mcu7t5v0__oai21_1)
                                                         _0608_ (net)
                      0.382301    0.000064    2.241472 ^ _1205_/A1 (gf180mcu_fd_sc_mcu7t5v0__oai211_1)
     4    0.026967    0.723908    0.448376    2.689847 v _1205_/ZN (gf180mcu_fd_sc_mcu7t5v0__oai211_1)
                                                         _0636_ (net)
                      0.723908    0.000178    2.690026 v _1218_/A1 (gf180mcu_fd_sc_mcu7t5v0__aoi21_1)
     4    0.024657    0.940068    0.692914    3.382940 ^ _1218_/ZN (gf180mcu_fd_sc_mcu7t5v0__aoi21_1)
                                                         _0647_ (net)
                      0.940068    0.000064    3.383003 ^ _1223_/A3 (gf180mcu_fd_sc_mcu7t5v0__xor3_1)
     1    0.003114    0.320971    0.395985    3.778988 ^ _1223_/Z (gf180mcu_fd_sc_mcu7t5v0__xor3_1)
                                                         _0113_ (net)
                      0.320971    0.000001    3.778990 ^ _2080_/D (gf180mcu_fd_sc_mcu7t5v0__dffrnq_1)
                                              3.778990   data arrival time

                                 81.379997   81.379997   clock clk (rise edge)
                                  0.000000   81.379997   clock source latency
    83    0.353267    0.000000    0.000000   81.379997 ^ clk (in)
                                                         clk (net)
                      0.010958    0.004484   81.384483 ^ _2080_/CLK (gf180mcu_fd_sc_mcu7t5v0__dffrnq_1)
                                 -0.250000   81.134483   clock uncertainty
                                  0.000000   81.134483   clock reconvergence pessimism
                                 -0.353260   80.781219   library setup time
                                             80.781219   data required time
---------------------------------------------------------------------------------------------
                                             80.781219   data required time
                                             -3.778990   data arrival time
---------------------------------------------------------------------------------------------
                                             77.002228   slack (MET)


Startpoint: _2097_ (rising edge-triggered flip-flop clocked by clk)
Endpoint: _2080_ (rising edge-triggered flip-flop clocked by clk_div)
Path Group: clk_div
Path Type: max

Fanout         Cap        Slew       Delay        Time   Description
---------------------------------------------------------------------------------------------
                               20751.898438 20751.898438   clock clk (rise edge)
                                  0.000000 20751.898438   clock source latency
    83    0.353267    0.000000    0.000000 20751.898438 ^ clk (in)
                                                         clk (net)
                      0.011544    0.005457 20751.904297 ^ _2097_/CLK (gf180mcu_fd_sc_mcu7t5v0__dffrnq_1)
     8    0.037530    0.661976    1.176886 20753.082031 ^ _2097_/Q (gf180mcu_fd_sc_mcu7t5v0__dffrnq_1)
                                                         u_cas_int.out_int2[2] (net)
                      0.661976    0.000000 20753.082031 ^ _1159_/A1 (gf180mcu_fd_sc_mcu7t5v0__and2_1)
     3    0.013508    0.296309    0.442014 20753.523438 ^ _1159_/Z (gf180mcu_fd_sc_mcu7t5v0__and2_1)
                                                         _0596_ (net)
                      0.296309    0.000000 20753.523438 ^ _1164_/B (gf180mcu_fd_sc_mcu7t5v0__aoi211_1)
     2    0.010804    0.406465    0.292857 20753.816406 v _1164_/ZN (gf180mcu_fd_sc_mcu7t5v0__aoi211_1)
                                                         _0601_ (net)
                      0.406465    0.000000 20753.816406 v _1173_/A1 (gf180mcu_fd_sc_mcu7t5v0__oai21_1)
     1    0.007469    0.382301    0.323780 20754.140625 ^ _1173_/ZN (gf180mcu_fd_sc_mcu7t5v0__oai21_1)
                                                         _0608_ (net)
                      0.382301    0.000000 20754.140625 ^ _1205_/A1 (gf180mcu_fd_sc_mcu7t5v0__oai211_1)
     4    0.026967    0.723908    0.449290 20754.589844 v _1205_/ZN (gf180mcu_fd_sc_mcu7t5v0__oai211_1)
                                                         _0636_ (net)
                      0.723908    0.000000 20754.589844 v _1218_/A1 (gf180mcu_fd_sc_mcu7t5v0__aoi21_1)
     4    0.024657    0.940068    0.693035 20755.283203 ^ _1218_/ZN (gf180mcu_fd_sc_mcu7t5v0__aoi21_1)
                                                         _0647_ (net)
                      0.940068    0.000000 20755.283203 ^ _1223_/A3 (gf180mcu_fd_sc_mcu7t5v0__xor3_1)
     1    0.003114    0.320971    0.396540 20755.679688 ^ _1223_/Z (gf180mcu_fd_sc_mcu7t5v0__xor3_1)
                                                         _0113_ (net)
                      0.320971    0.000000 20755.679688 ^ _2080_/D (gf180mcu_fd_sc_mcu7t5v0__dffrnq_1)
                                           20755.679688   data arrival time

                               20833.279297 20833.279297   clock clk_div (rise edge)
                                  0.000000 20833.279297   clock source latency
    83    0.353267    0.000000    0.000000 20833.279297 ^ clk (in)
                                                         clk (net)
                      0.010958    0.003638 20833.283203 ^ _2080_/CLK (gf180mcu_fd_sc_mcu7t5v0__dffrnq_1)
                                 -0.250000 20833.033203   clock uncertainty
                                  0.000000 20833.033203   clock reconvergence pessimism
                                 -0.353260 20832.681641   library setup time
                                           20832.681641   data required time
---------------------------------------------------------------------------------------------
                                           20832.681641   data required time
                                           -20755.679688   data arrival time
---------------------------------------------------------------------------------------------
                                             77.002228   slack (MET)


Startpoint: _2120_ (rising edge-triggered flip-flop clocked by clk)
Endpoint: _2100_ (rising edge-triggered flip-flop clocked by clk)
Path Group: clk
Path Type: max

Fanout         Cap        Slew       Delay        Time   Description
---------------------------------------------------------------------------------------------
                                  0.000000    0.000000   clock clk (rise edge)
                                  0.000000    0.000000   clock source latency
    83    0.353267    0.000000    0.000000    0.000000 ^ clk (in)
                                                         clk (net)
                      0.010145    0.004150    0.004150 ^ _2120_/CLK (gf180mcu_fd_sc_mcu7t5v0__dffrnq_1)
     7    0.038777    0.704488    1.188649    1.192798 ^ _2120_/Q (gf180mcu_fd_sc_mcu7t5v0__dffrnq_1)
                                                         u_cas_int.out_int1[0] (net)
                      0.704488    0.000039    1.192837 ^ _1348_/B (gf180mcu_fd_sc_mcu7t5v0__oai211_1)
     2    0.009787    0.439905    0.346384    1.539221 v _1348_/ZN (gf180mcu_fd_sc_mcu7t5v0__oai211_1)
                                                         _0761_ (net)
                      0.439905    0.000023    1.539244 v _1350_/A2 (gf180mcu_fd_sc_mcu7t5v0__aoi211_1)
     2    0.010353    0.798835    0.524965    2.064209 ^ _1350_/ZN (gf180mcu_fd_sc_mcu7t5v0__aoi211_1)
                                                         _0763_ (net)
                      0.798835    0.000030    2.064239 ^ _1352_/B (gf180mcu_fd_sc_mcu7t5v0__aoi21_1)
     2    0.012615    0.482707    0.363848    2.428087 v _1352_/ZN (gf180mcu_fd_sc_mcu7t5v0__aoi21_1)
                                                         _0764_ (net)
                      0.482707    0.000022    2.428109 v _1359_/A1 (gf180mcu_fd_sc_mcu7t5v0__aoi21_1)
     2    0.013222    0.595273    0.432949    2.861058 ^ _1359_/ZN (gf180mcu_fd_sc_mcu7t5v0__aoi21_1)
                                                         _0770_ (net)
                      0.595273    0.000056    2.861114 ^ _1363_/A1 (gf180mcu_fd_sc_mcu7t5v0__nand3_1)
     2    0.010039    0.372702    0.268421    3.129535 v _1363_/ZN (gf180mcu_fd_sc_mcu7t5v0__nand3_1)
                                                         _0774_ (net)
                      0.372702    0.000012    3.129547 v _1365_/A2 (gf180mcu_fd_sc_mcu7t5v0__nand2_1)
     1    0.007667    0.264853    0.251217    3.380764 ^ _1365_/ZN (gf180mcu_fd_sc_mcu7t5v0__nand2_1)
                                                         _0775_ (net)
                      0.264853    0.000007    3.380771 ^ _1368_/A3 (gf180mcu_fd_sc_mcu7t5v0__xor3_1)
     1    0.003139    0.320042    0.371231    3.752002 ^ _1368_/Z (gf180mcu_fd_sc_mcu7t5v0__xor3_1)
                                                         _0107_ (net)
                      0.320042    0.000002    3.752004 ^ _2100_/D (gf180mcu_fd_sc_mcu7t5v0__dffrnq_1)
                                              3.752004   data arrival time

                                 81.379997   81.379997   clock clk (rise edge)
                                  0.000000   81.379997   clock source latency
    83    0.353267    0.000000    0.000000   81.379997 ^ clk (in)
                                                         clk (net)
                      0.011338    0.004640   81.384636 ^ _2100_/CLK (gf180mcu_fd_sc_mcu7t5v0__dffrnq_1)
                                 -0.250000   81.134636   clock uncertainty
                                  0.000000   81.134636   clock reconvergence pessimism
                                 -0.353065   80.781578   library setup time
                                             80.781578   data required time
---------------------------------------------------------------------------------------------
                                             80.781578   data required time
                                             -3.752004   data arrival time
---------------------------------------------------------------------------------------------
                                             77.029572   slack (MET)


Startpoint: _2120_ (rising edge-triggered flip-flop clocked by clk)
Endpoint: _2100_ (rising edge-triggered flip-flop clocked by clk_div)
Path Group: clk_div
Path Type: max

Fanout         Cap        Slew       Delay        Time   Description
---------------------------------------------------------------------------------------------
                               20751.898438 20751.898438   clock clk (rise edge)
                                  0.000000 20751.898438   clock source latency
    83    0.353267    0.000000    0.000000 20751.898438 ^ clk (in)
                                                         clk (net)
                      0.010145    0.003638 20751.902344 ^ _2120_/CLK (gf180mcu_fd_sc_mcu7t5v0__dffrnq_1)
     7    0.038777    0.704488    1.189619 20753.091797 ^ _2120_/Q (gf180mcu_fd_sc_mcu7t5v0__dffrnq_1)
                                                         u_cas_int.out_int1[0] (net)
                      0.704488    0.000000 20753.091797 ^ _1348_/B (gf180mcu_fd_sc_mcu7t5v0__oai211_1)
     2    0.009787    0.439905    0.345608 20753.437500 v _1348_/ZN (gf180mcu_fd_sc_mcu7t5v0__oai211_1)
                                                         _0761_ (net)
                      0.439905    0.000000 20753.437500 v _1350_/A2 (gf180mcu_fd_sc_mcu7t5v0__aoi211_1)
     2    0.010353    0.798835    0.525688 20753.964844 ^ _1350_/ZN (gf180mcu_fd_sc_mcu7t5v0__aoi211_1)
                                                         _0763_ (net)
                      0.798835    0.000000 20753.964844 ^ _1352_/B (gf180mcu_fd_sc_mcu7t5v0__aoi21_1)
     2    0.012615    0.482707    0.363798 20754.328125 v _1352_/ZN (gf180mcu_fd_sc_mcu7t5v0__aoi21_1)
                                                         _0764_ (net)
                      0.482707    0.000000 20754.328125 v _1359_/A1 (gf180mcu_fd_sc_mcu7t5v0__aoi21_1)
     2    0.013222    0.595273    0.432920 20754.759766 ^ _1359_/ZN (gf180mcu_fd_sc_mcu7t5v0__aoi21_1)
                                                         _0770_ (net)
                      0.595273    0.000000 20754.759766 ^ _1363_/A1 (gf180mcu_fd_sc_mcu7t5v0__nand3_1)
     2    0.010039    0.372702    0.267391 20755.027344 v _1363_/ZN (gf180mcu_fd_sc_mcu7t5v0__nand3_1)
                                                         _0774_ (net)
                      0.372702    0.000000 20755.027344 v _1365_/A2 (gf180mcu_fd_sc_mcu7t5v0__nand2_1)
     1    0.007667    0.264853    0.252840 20755.281250 ^ _1365_/ZN (gf180mcu_fd_sc_mcu7t5v0__nand2_1)
                                                         _0775_ (net)
                      0.264853    0.000000 20755.281250 ^ _1368_/A3 (gf180mcu_fd_sc_mcu7t5v0__xor3_1)
     1    0.003139    0.320042    0.371074 20755.652344 ^ _1368_/Z (gf180mcu_fd_sc_mcu7t5v0__xor3_1)
                                                         _0107_ (net)
                      0.320042    0.000000 20755.652344 ^ _2100_/D (gf180mcu_fd_sc_mcu7t5v0__dffrnq_1)
                                           20755.652344   data arrival time

                               20833.279297 20833.279297   clock clk_div (rise edge)
                                  0.000000 20833.279297   clock source latency
    83    0.353267    0.000000    0.000000 20833.279297 ^ clk (in)
                                                         clk (net)
                      0.011338    0.005457 20833.285156 ^ _2100_/CLK (gf180mcu_fd_sc_mcu7t5v0__dffrnq_1)
                                 -0.250000 20833.035156   clock uncertainty
                                  0.000000 20833.035156   clock reconvergence pessimism
                                 -0.353065 20832.681641   library setup time
                                           20832.681641   data required time
---------------------------------------------------------------------------------------------
                                           20832.681641   data required time
                                           -20755.652344   data arrival time
---------------------------------------------------------------------------------------------
                                             77.029572   slack (MET)


Startpoint: _2120_ (rising edge-triggered flip-flop clocked by clk)
Endpoint: _2104_ (rising edge-triggered flip-flop clocked by clk)
Path Group: clk
Path Type: max

Fanout         Cap        Slew       Delay        Time   Description
---------------------------------------------------------------------------------------------
                                  0.000000    0.000000   clock clk (rise edge)
                                  0.000000    0.000000   clock source latency
    83    0.353267    0.000000    0.000000    0.000000 ^ clk (in)
                                                         clk (net)
                      0.010145    0.004150    0.004150 ^ _2120_/CLK (gf180mcu_fd_sc_mcu7t5v0__dffrnq_1)
     7    0.038777    0.704488    1.188649    1.192798 ^ _2120_/Q (gf180mcu_fd_sc_mcu7t5v0__dffrnq_1)
                                                         u_cas_int.out_int1[0] (net)
                      0.704488    0.000039    1.192837 ^ _1348_/B (gf180mcu_fd_sc_mcu7t5v0__oai211_1)
     2    0.009787    0.439905    0.346384    1.539221 v _1348_/ZN (gf180mcu_fd_sc_mcu7t5v0__oai211_1)
                                                         _0761_ (net)
                      0.439905    0.000023    1.539244 v _1350_/A2 (gf180mcu_fd_sc_mcu7t5v0__aoi211_1)
     2    0.010353    0.798835    0.524965    2.064209 ^ _1350_/ZN (gf180mcu_fd_sc_mcu7t5v0__aoi211_1)
                                                         _0763_ (net)
                      0.798835    0.000048    2.064257 ^ _1360_/A1 (gf180mcu_fd_sc_mcu7t5v0__aoi21_1)
     1    0.006459    0.296642    0.165510    2.229766 v _1360_/ZN (gf180mcu_fd_sc_mcu7t5v0__aoi21_1)
                                                         _0771_ (net)
                      0.296642    0.000034    2.229801 v _1387_/A1 (gf180mcu_fd_sc_mcu7t5v0__oai21_1)
     5    0.031660    1.058277    0.691836    2.921637 ^ _1387_/ZN (gf180mcu_fd_sc_mcu7t5v0__oai21_1)
                                                         _0794_ (net)
                      1.058277    0.000312    2.921949 ^ _1390_/A1 (gf180mcu_fd_sc_mcu7t5v0__nand3_1)
     1    0.004652    0.365040    0.210135    3.132084 v _1390_/ZN (gf180mcu_fd_sc_mcu7t5v0__nand3_1)
                                                         _0797_ (net)
                      0.365040    0.000003    3.132087 v _1392_/A2 (gf180mcu_fd_sc_mcu7t5v0__nand2_1)
     1    0.007733    0.264279    0.249755    3.381842 ^ _1392_/ZN (gf180mcu_fd_sc_mcu7t5v0__nand2_1)
                                                         _0798_ (net)
                      0.264279    0.000010    3.381851 ^ _1395_/A3 (gf180mcu_fd_sc_mcu7t5v0__xor3_1)
     1    0.003077    0.317674    0.370124    3.751975 ^ _1395_/Z (gf180mcu_fd_sc_mcu7t5v0__xor3_1)
                                                         _0111_ (net)
                      0.317674    0.000000    3.751976 ^ _2104_/D (gf180mcu_fd_sc_mcu7t5v0__dffrnq_1)
                                              3.751976   data arrival time

                                 81.379997   81.379997   clock clk (rise edge)
                                  0.000000   81.379997   clock source latency
    83    0.353267    0.000000    0.000000   81.379997 ^ clk (in)
                                                         clk (net)
                      0.010605    0.004334   81.384331 ^ _2104_/CLK (gf180mcu_fd_sc_mcu7t5v0__dffrnq_1)
                                 -0.250000   81.134331   clock uncertainty
                                  0.000000   81.134331   clock reconvergence pessimism
                                 -0.352817   80.781517   library setup time
                                             80.781517   data required time
---------------------------------------------------------------------------------------------
                                             80.781517   data required time
                                             -3.751976   data arrival time
---------------------------------------------------------------------------------------------
                                             77.029533   slack (MET)


Startpoint: _2120_ (rising edge-triggered flip-flop clocked by clk)
Endpoint: _2104_ (rising edge-triggered flip-flop clocked by clk_div)
Path Group: clk_div
Path Type: max

Fanout         Cap        Slew       Delay        Time   Description
---------------------------------------------------------------------------------------------
                               20751.898438 20751.898438   clock clk (rise edge)
                                  0.000000 20751.898438   clock source latency
    83    0.353267    0.000000    0.000000 20751.898438 ^ clk (in)
                                                         clk (net)
                      0.010145    0.003638 20751.902344 ^ _2120_/CLK (gf180mcu_fd_sc_mcu7t5v0__dffrnq_1)
     7    0.038777    0.704488    1.189619 20753.091797 ^ _2120_/Q (gf180mcu_fd_sc_mcu7t5v0__dffrnq_1)
                                                         u_cas_int.out_int1[0] (net)
                      0.704488    0.000000 20753.091797 ^ _1348_/B (gf180mcu_fd_sc_mcu7t5v0__oai211_1)
     2    0.009787    0.439905    0.345608 20753.437500 v _1348_/ZN (gf180mcu_fd_sc_mcu7t5v0__oai211_1)
                                                         _0761_ (net)
                      0.439905    0.000000 20753.437500 v _1350_/A2 (gf180mcu_fd_sc_mcu7t5v0__aoi211_1)
     2    0.010353    0.798835    0.525688 20753.964844 ^ _1350_/ZN (gf180mcu_fd_sc_mcu7t5v0__aoi211_1)
                                                         _0763_ (net)
                      0.798835    0.000000 20753.964844 ^ _1360_/A1 (gf180mcu_fd_sc_mcu7t5v0__aoi21_1)
     1    0.006459    0.296642    0.165528 20754.128906 v _1360_/ZN (gf180mcu_fd_sc_mcu7t5v0__aoi21_1)
                                                         _0771_ (net)
                      0.296642    0.000000 20754.128906 v _1387_/A1 (gf180mcu_fd_sc_mcu7t5v0__oai21_1)
     5    0.031660    1.058277    0.691216 20754.820312 ^ _1387_/ZN (gf180mcu_fd_sc_mcu7t5v0__oai21_1)
                                                         _0794_ (net)
                      1.058277    0.000000 20754.820312 ^ _1390_/A1 (gf180mcu_fd_sc_mcu7t5v0__nand3_1)
     1    0.004652    0.365040    0.211003 20755.031250 v _1390_/ZN (gf180mcu_fd_sc_mcu7t5v0__nand3_1)
                                                         _0797_ (net)
                      0.365040    0.000000 20755.031250 v _1392_/A2 (gf180mcu_fd_sc_mcu7t5v0__nand2_1)
     1    0.007733    0.264279    0.249202 20755.281250 ^ _1392_/ZN (gf180mcu_fd_sc_mcu7t5v0__nand2_1)
                                                         _0798_ (net)
                      0.264279    0.000000 20755.281250 ^ _1395_/A3 (gf180mcu_fd_sc_mcu7t5v0__xor3_1)
     1    0.003077    0.317674    0.371074 20755.652344 ^ _1395_/Z (gf180mcu_fd_sc_mcu7t5v0__xor3_1)
                                                         _0111_ (net)
                      0.317674    0.000000 20755.652344 ^ _2104_/D (gf180mcu_fd_sc_mcu7t5v0__dffrnq_1)
                                           20755.652344   data arrival time

                               20833.279297 20833.279297   clock clk_div (rise edge)
                                  0.000000 20833.279297   clock source latency
    83    0.353267    0.000000    0.000000 20833.279297 ^ clk (in)
                                                         clk (net)
                      0.010605    0.003638 20833.283203 ^ _2104_/CLK (gf180mcu_fd_sc_mcu7t5v0__dffrnq_1)
                                 -0.250000 20833.033203   clock uncertainty
                                  0.000000 20833.033203   clock reconvergence pessimism
                                 -0.352817 20832.681641   library setup time
                                           20832.681641   data required time
---------------------------------------------------------------------------------------------
                                           20832.681641   data required time
                                           -20755.652344   data arrival time
---------------------------------------------------------------------------------------------
                                             77.029533   slack (MET)


Startpoint: _2120_ (rising edge-triggered flip-flop clocked by clk)
Endpoint: _2107_ (rising edge-triggered flip-flop clocked by clk)
Path Group: clk
Path Type: max

Fanout         Cap        Slew       Delay        Time   Description
---------------------------------------------------------------------------------------------
                                  0.000000    0.000000   clock clk (rise edge)
                                  0.000000    0.000000   clock source latency
    83    0.353267    0.000000    0.000000    0.000000 ^ clk (in)
                                                         clk (net)
                      0.010145    0.004150    0.004150 ^ _2120_/CLK (gf180mcu_fd_sc_mcu7t5v0__dffrnq_1)
     7    0.038777    0.704488    1.188649    1.192798 ^ _2120_/Q (gf180mcu_fd_sc_mcu7t5v0__dffrnq_1)
                                                         u_cas_int.out_int1[0] (net)
                      0.704488    0.000039    1.192837 ^ _1348_/B (gf180mcu_fd_sc_mcu7t5v0__oai211_1)
     2    0.009787    0.439905    0.346384    1.539221 v _1348_/ZN (gf180mcu_fd_sc_mcu7t5v0__oai211_1)
                                                         _0761_ (net)
                      0.439905    0.000023    1.539244 v _1350_/A2 (gf180mcu_fd_sc_mcu7t5v0__aoi211_1)
     2    0.010353    0.798835    0.524965    2.064209 ^ _1350_/ZN (gf180mcu_fd_sc_mcu7t5v0__aoi211_1)
                                                         _0763_ (net)
                      0.798835    0.000048    2.064257 ^ _1360_/A1 (gf180mcu_fd_sc_mcu7t5v0__aoi21_1)
     1    0.006459    0.296642    0.165510    2.229766 v _1360_/ZN (gf180mcu_fd_sc_mcu7t5v0__aoi21_1)
                                                         _0771_ (net)
                      0.296642    0.000034    2.229801 v _1387_/A1 (gf180mcu_fd_sc_mcu7t5v0__oai21_1)
     5    0.031660    1.058277    0.691836    2.921637 ^ _1387_/ZN (gf180mcu_fd_sc_mcu7t5v0__oai21_1)
                                                         _0794_ (net)
                      1.058277    0.000431    2.922068 ^ _1412_/A1 (gf180mcu_fd_sc_mcu7t5v0__nand2_1)
     2    0.010224    0.395872    0.235399    3.157467 v _1412_/ZN (gf180mcu_fd_sc_mcu7t5v0__nand2_1)
                                                         _0815_ (net)
                      0.395872    0.000018    3.157485 v _1416_/A1 (gf180mcu_fd_sc_mcu7t5v0__nand2_1)
     1    0.007239    0.263268    0.228653    3.386138 ^ _1416_/ZN (gf180mcu_fd_sc_mcu7t5v0__nand2_1)
                                                         _0819_ (net)
                      0.263268    0.000005    3.386143 ^ _1421_/A1 (gf180mcu_fd_sc_mcu7t5v0__xnor2_1)
     1    0.003013    0.286898    0.359420    3.745563 ^ _1421_/ZN (gf180mcu_fd_sc_mcu7t5v0__xnor2_1)
                                                         _0090_ (net)
                      0.286898    0.000000    3.745563 ^ _2107_/D (gf180mcu_fd_sc_mcu7t5v0__dffrnq_1)
                                              3.745563   data arrival time

                                 81.379997   81.379997   clock clk (rise edge)
                                  0.000000   81.379997   clock source latency
    83    0.353267    0.000000    0.000000   81.379997 ^ clk (in)
                                                         clk (net)
                      0.009804    0.004007   81.384003 ^ _2107_/CLK (gf180mcu_fd_sc_mcu7t5v0__dffrnq_1)
                                 -0.250000   81.134010   clock uncertainty
                                  0.000000   81.134010   clock reconvergence pessimism
                                 -0.348316   80.785690   library setup time
                                             80.785690   data required time
---------------------------------------------------------------------------------------------
                                             80.785690   data required time
                                             -3.745563   data arrival time
---------------------------------------------------------------------------------------------
                                             77.040131   slack (MET)


Startpoint: _2120_ (rising edge-triggered flip-flop clocked by clk)
Endpoint: _2107_ (rising edge-triggered flip-flop clocked by clk_div)
Path Group: clk_div
Path Type: max

Fanout         Cap        Slew       Delay        Time   Description
---------------------------------------------------------------------------------------------
                               20751.898438 20751.898438   clock clk (rise edge)
                                  0.000000 20751.898438   clock source latency
    83    0.353267    0.000000    0.000000 20751.898438 ^ clk (in)
                                                         clk (net)
                      0.010145    0.003638 20751.902344 ^ _2120_/CLK (gf180mcu_fd_sc_mcu7t5v0__dffrnq_1)
     7    0.038777    0.704488    1.189619 20753.091797 ^ _2120_/Q (gf180mcu_fd_sc_mcu7t5v0__dffrnq_1)
                                                         u_cas_int.out_int1[0] (net)
                      0.704488    0.000000 20753.091797 ^ _1348_/B (gf180mcu_fd_sc_mcu7t5v0__oai211_1)
     2    0.009787    0.439905    0.345608 20753.437500 v _1348_/ZN (gf180mcu_fd_sc_mcu7t5v0__oai211_1)
                                                         _0761_ (net)
                      0.439905    0.000000 20753.437500 v _1350_/A2 (gf180mcu_fd_sc_mcu7t5v0__aoi211_1)
     2    0.010353    0.798835    0.525688 20753.964844 ^ _1350_/ZN (gf180mcu_fd_sc_mcu7t5v0__aoi211_1)
                                                         _0763_ (net)
                      0.798835    0.000000 20753.964844 ^ _1360_/A1 (gf180mcu_fd_sc_mcu7t5v0__aoi21_1)
     1    0.006459    0.296642    0.165528 20754.128906 v _1360_/ZN (gf180mcu_fd_sc_mcu7t5v0__aoi21_1)
                                                         _0771_ (net)
                      0.296642    0.000000 20754.128906 v _1387_/A1 (gf180mcu_fd_sc_mcu7t5v0__oai21_1)
     5    0.031660    1.058277    0.691216 20754.820312 ^ _1387_/ZN (gf180mcu_fd_sc_mcu7t5v0__oai21_1)
                                                         _0794_ (net)
                      1.058277    0.000000 20754.820312 ^ _1412_/A1 (gf180mcu_fd_sc_mcu7t5v0__nand2_1)
     2    0.010224    0.395872    0.236469 20755.056641 v _1412_/ZN (gf180mcu_fd_sc_mcu7t5v0__nand2_1)
                                                         _0815_ (net)
                      0.395872    0.000000 20755.056641 v _1416_/A1 (gf180mcu_fd_sc_mcu7t5v0__nand2_1)
     1    0.007239    0.263268    0.229193 20755.287109 ^ _1416_/ZN (gf180mcu_fd_sc_mcu7t5v0__nand2_1)
                                                         _0819_ (net)
                      0.263268    0.000000 20755.287109 ^ _1421_/A1 (gf180mcu_fd_sc_mcu7t5v0__xnor2_1)
     1    0.003013    0.286898    0.358341 20755.644531 ^ _1421_/ZN (gf180mcu_fd_sc_mcu7t5v0__xnor2_1)
                                                         _0090_ (net)
                      0.286898    0.000000 20755.644531 ^ _2107_/D (gf180mcu_fd_sc_mcu7t5v0__dffrnq_1)
                                           20755.644531   data arrival time

                               20833.279297 20833.279297   clock clk_div (rise edge)
                                  0.000000 20833.279297   clock source latency
    83    0.353267    0.000000    0.000000 20833.279297 ^ clk (in)
                                                         clk (net)
                      0.009804    0.003638 20833.283203 ^ _2107_/CLK (gf180mcu_fd_sc_mcu7t5v0__dffrnq_1)
                                 -0.250000 20833.033203   clock uncertainty
                                  0.000000 20833.033203   clock reconvergence pessimism
                                 -0.348316 20832.683594   library setup time
                                           20832.683594   data required time
---------------------------------------------------------------------------------------------
                                           20832.683594   data required time
                                           -20755.644531   data arrival time
---------------------------------------------------------------------------------------------
                                             77.040131   slack (MET)


Startpoint: _2099_ (rising edge-triggered flip-flop clocked by clk)
Endpoint: _2086_ (rising edge-triggered flip-flop clocked by clk)
Path Group: clk
Path Type: max

Fanout         Cap        Slew       Delay        Time   Description
---------------------------------------------------------------------------------------------
                                  0.000000    0.000000   clock clk (rise edge)
                                  0.000000    0.000000   clock source latency
    83    0.353267    0.000000    0.000000    0.000000 ^ clk (in)
                                                         clk (net)
                      0.011451    0.004684    0.004684 ^ _2099_/CLK (gf180mcu_fd_sc_mcu7t5v0__dffrnq_1)
     9    0.048485    0.862393    1.278725    1.283408 ^ _2099_/Q (gf180mcu_fd_sc_mcu7t5v0__dffrnq_1)
                                                         u_cas_int.out_int2[4] (net)
                      0.862393    0.000044    1.283453 ^ _1176_/A1 (gf180mcu_fd_sc_mcu7t5v0__xor2_1)
     4    0.020728    0.828116    0.680329    1.963782 ^ _1176_/Z (gf180mcu_fd_sc_mcu7t5v0__xor2_1)
                                                         _0611_ (net)
                      0.828116    0.000050    1.963832 ^ _1197_/A1 (gf180mcu_fd_sc_mcu7t5v0__and4_1)
     1    0.005030    0.208899    0.563123    2.526955 ^ _1197_/Z (gf180mcu_fd_sc_mcu7t5v0__and4_1)
                                                         _0628_ (net)
                      0.208899    0.000005    2.526960 ^ _1204_/A2 (gf180mcu_fd_sc_mcu7t5v0__aoi21_1)
     1    0.009756    0.334051    0.167187    2.694147 v _1204_/ZN (gf180mcu_fd_sc_mcu7t5v0__aoi21_1)
                                                         _0635_ (net)
                      0.334051    0.000141    2.694288 v _1278_/A1 (gf180mcu_fd_sc_mcu7t5v0__oai21_1)
     4    0.027253    0.931296    0.628177    3.322465 ^ _1278_/ZN (gf180mcu_fd_sc_mcu7t5v0__oai21_1)
                                                         _0701_ (net)
                      0.931296    0.000419    3.322884 ^ _1280_/A2 (gf180mcu_fd_sc_mcu7t5v0__xor2_1)
     1    0.003117    0.327424    0.334988    3.657871 ^ _1280_/Z (gf180mcu_fd_sc_mcu7t5v0__xor2_1)
                                                         _0119_ (net)
                      0.327424    0.000002    3.657873 ^ _2086_/D (gf180mcu_fd_sc_mcu7t5v0__dffrnq_1)
                                              3.657873   data arrival time

                                 81.379997   81.379997   clock clk (rise edge)
                                  0.000000   81.379997   clock source latency
    83    0.353267    0.000000    0.000000   81.379997 ^ clk (in)
                                                         clk (net)
                      0.008712    0.003560   81.383560 ^ _2086_/CLK (gf180mcu_fd_sc_mcu7t5v0__dffrnq_1)
                                 -0.250000   81.133560   clock uncertainty
                                  0.000000   81.133560   clock reconvergence pessimism
                                 -0.354557   80.778999   library setup time
                                             80.778999   data required time
---------------------------------------------------------------------------------------------
                                             80.778999   data required time
                                             -3.657873   data arrival time
---------------------------------------------------------------------------------------------
                                             77.121124   slack (MET)


Startpoint: _2099_ (rising edge-triggered flip-flop clocked by clk)
Endpoint: _2086_ (rising edge-triggered flip-flop clocked by clk_div)
Path Group: clk_div
Path Type: max

Fanout         Cap        Slew       Delay        Time   Description
---------------------------------------------------------------------------------------------
                               20751.898438 20751.898438   clock clk (rise edge)
                                  0.000000 20751.898438   clock source latency
    83    0.353267    0.000000    0.000000 20751.898438 ^ clk (in)
                                                         clk (net)
                      0.011451    0.005457 20751.904297 ^ _2099_/CLK (gf180mcu_fd_sc_mcu7t5v0__dffrnq_1)
     9    0.048485    0.862393    1.278750 20753.183594 ^ _2099_/Q (gf180mcu_fd_sc_mcu7t5v0__dffrnq_1)
                                                         u_cas_int.out_int2[4] (net)
                      0.862393    0.000000 20753.183594 ^ _1176_/A1 (gf180mcu_fd_sc_mcu7t5v0__xor2_1)
     4    0.020728    0.828116    0.680302 20753.863281 ^ _1176_/Z (gf180mcu_fd_sc_mcu7t5v0__xor2_1)
                                                         _0611_ (net)
                      0.828116    0.000000 20753.863281 ^ _1197_/A1 (gf180mcu_fd_sc_mcu7t5v0__and4_1)
     1    0.005030    0.208899    0.562068 20754.425781 ^ _1197_/Z (gf180mcu_fd_sc_mcu7t5v0__and4_1)
                                                         _0628_ (net)
                      0.208899    0.000000 20754.425781 ^ _1204_/A2 (gf180mcu_fd_sc_mcu7t5v0__aoi21_1)
     1    0.009756    0.334051    0.167347 20754.593750 v _1204_/ZN (gf180mcu_fd_sc_mcu7t5v0__aoi21_1)
                                                         _0635_ (net)
                      0.334051    0.000000 20754.593750 v _1278_/A1 (gf180mcu_fd_sc_mcu7t5v0__oai21_1)
     4    0.027253    0.931296    0.629370 20755.222656 ^ _1278_/ZN (gf180mcu_fd_sc_mcu7t5v0__oai21_1)
                                                         _0701_ (net)
                      0.931296    0.000000 20755.222656 ^ _1280_/A2 (gf180mcu_fd_sc_mcu7t5v0__xor2_1)
     1    0.003117    0.327424    0.334694 20755.556641 ^ _1280_/Z (gf180mcu_fd_sc_mcu7t5v0__xor2_1)
                                                         _0119_ (net)
                      0.327424    0.000000 20755.556641 ^ _2086_/D (gf180mcu_fd_sc_mcu7t5v0__dffrnq_1)
                                           20755.556641   data arrival time

                               20833.279297 20833.279297   clock clk_div (rise edge)
                                  0.000000 20833.279297   clock source latency
    83    0.353267    0.000000    0.000000 20833.279297 ^ clk (in)
                                                         clk (net)
                      0.008712    0.003638 20833.283203 ^ _2086_/CLK (gf180mcu_fd_sc_mcu7t5v0__dffrnq_1)
                                 -0.250000 20833.033203   clock uncertainty
                                  0.000000 20833.033203   clock reconvergence pessimism
                                 -0.354557 20832.679688   library setup time
                                           20832.679688   data required time
---------------------------------------------------------------------------------------------
                                           20832.679688   data required time
                                           -20755.556641   data arrival time
---------------------------------------------------------------------------------------------
                                             77.121124   slack (MET)


Startpoint: _2097_ (rising edge-triggered flip-flop clocked by clk)
Endpoint: _2079_ (rising edge-triggered flip-flop clocked by clk)
Path Group: clk
Path Type: max

Fanout         Cap        Slew       Delay        Time   Description
---------------------------------------------------------------------------------------------
                                  0.000000    0.000000   clock clk (rise edge)
                                  0.000000    0.000000   clock source latency
    83    0.353267    0.000000    0.000000    0.000000 ^ clk (in)
                                                         clk (net)
                      0.011544    0.004722    0.004722 ^ _2097_/CLK (gf180mcu_fd_sc_mcu7t5v0__dffrnq_1)
     8    0.037530    0.661976    1.177272    1.181994 ^ _2097_/Q (gf180mcu_fd_sc_mcu7t5v0__dffrnq_1)
                                                         u_cas_int.out_int2[2] (net)
                      0.661976    0.000018    1.182012 ^ _1159_/A1 (gf180mcu_fd_sc_mcu7t5v0__and2_1)
     3    0.013508    0.296309    0.442337    1.624349 ^ _1159_/Z (gf180mcu_fd_sc_mcu7t5v0__and2_1)
                                                         _0596_ (net)
                      0.296309    0.000032    1.624381 ^ _1164_/B (gf180mcu_fd_sc_mcu7t5v0__aoi211_1)
     2    0.010804    0.406465    0.292013    1.916393 v _1164_/ZN (gf180mcu_fd_sc_mcu7t5v0__aoi211_1)
                                                         _0601_ (net)
                      0.406465    0.000043    1.916436 v _1173_/A1 (gf180mcu_fd_sc_mcu7t5v0__oai21_1)
     1    0.007469    0.382301    0.324972    2.241408 ^ _1173_/ZN (gf180mcu_fd_sc_mcu7t5v0__oai21_1)
                                                         _0608_ (net)
                      0.382301    0.000064    2.241472 ^ _1205_/A1 (gf180mcu_fd_sc_mcu7t5v0__oai211_1)
     4    0.026967    0.723908    0.448376    2.689847 v _1205_/ZN (gf180mcu_fd_sc_mcu7t5v0__oai211_1)
                                                         _0636_ (net)
                      0.723908    0.000117    2.689964 v _1210_/A1 (gf180mcu_fd_sc_mcu7t5v0__aoi21_1)
     1    0.008100    0.439455    0.419099    3.109063 ^ _1210_/ZN (gf180mcu_fd_sc_mcu7t5v0__aoi21_1)
                                                         _0640_ (net)
                      0.439455    0.000023    3.109086 ^ _1213_/A3 (gf180mcu_fd_sc_mcu7t5v0__xor3_1)
     1    0.003045    0.316723    0.382193    3.491279 ^ _1213_/Z (gf180mcu_fd_sc_mcu7t5v0__xor3_1)
                                                         _0136_ (net)
                      0.316723    0.000000    3.491279 ^ _2079_/D (gf180mcu_fd_sc_mcu7t5v0__dffrnq_1)
                                              3.491279   data arrival time

                                 81.379997   81.379997   clock clk (rise edge)
                                  0.000000   81.379997   clock source latency
    83    0.353267    0.000000    0.000000   81.379997 ^ clk (in)
                                                         clk (net)
                      0.011177    0.004569   81.384567 ^ _2079_/CLK (gf180mcu_fd_sc_mcu7t5v0__dffrnq_1)
                                 -0.250000   81.134567   clock uncertainty
                                  0.000000   81.134567   clock reconvergence pessimism
                                 -0.352589   80.781975   library setup time
                                             80.781975   data required time
---------------------------------------------------------------------------------------------
                                             80.781975   data required time
                                             -3.491279   data arrival time
---------------------------------------------------------------------------------------------
                                             77.290695   slack (MET)


Startpoint: _2097_ (rising edge-triggered flip-flop clocked by clk)
Endpoint: _2079_ (rising edge-triggered flip-flop clocked by clk_div)
Path Group: clk_div
Path Type: max

Fanout         Cap        Slew       Delay        Time   Description
---------------------------------------------------------------------------------------------
                               20751.898438 20751.898438   clock clk (rise edge)
                                  0.000000 20751.898438   clock source latency
    83    0.353267    0.000000    0.000000 20751.898438 ^ clk (in)
                                                         clk (net)
                      0.011544    0.005457 20751.904297 ^ _2097_/CLK (gf180mcu_fd_sc_mcu7t5v0__dffrnq_1)
     8    0.037530    0.661976    1.176886 20753.082031 ^ _2097_/Q (gf180mcu_fd_sc_mcu7t5v0__dffrnq_1)
                                                         u_cas_int.out_int2[2] (net)
                      0.661976    0.000000 20753.082031 ^ _1159_/A1 (gf180mcu_fd_sc_mcu7t5v0__and2_1)
     3    0.013508    0.296309    0.442014 20753.523438 ^ _1159_/Z (gf180mcu_fd_sc_mcu7t5v0__and2_1)
                                                         _0596_ (net)
                      0.296309    0.000000 20753.523438 ^ _1164_/B (gf180mcu_fd_sc_mcu7t5v0__aoi211_1)
     2    0.010804    0.406465    0.292857 20753.816406 v _1164_/ZN (gf180mcu_fd_sc_mcu7t5v0__aoi211_1)
                                                         _0601_ (net)
                      0.406465    0.000000 20753.816406 v _1173_/A1 (gf180mcu_fd_sc_mcu7t5v0__oai21_1)
     1    0.007469    0.382301    0.323780 20754.140625 ^ _1173_/ZN (gf180mcu_fd_sc_mcu7t5v0__oai21_1)
                                                         _0608_ (net)
                      0.382301    0.000000 20754.140625 ^ _1205_/A1 (gf180mcu_fd_sc_mcu7t5v0__oai211_1)
     4    0.026967    0.723908    0.449290 20754.589844 v _1205_/ZN (gf180mcu_fd_sc_mcu7t5v0__oai211_1)
                                                         _0636_ (net)
                      0.723908    0.000000 20754.589844 v _1210_/A1 (gf180mcu_fd_sc_mcu7t5v0__aoi21_1)
     1    0.008100    0.439455    0.418368 20755.007812 ^ _1210_/ZN (gf180mcu_fd_sc_mcu7t5v0__aoi21_1)
                                                         _0640_ (net)
                      0.439455    0.000000 20755.007812 ^ _1213_/A3 (gf180mcu_fd_sc_mcu7t5v0__xor3_1)
     1    0.003045    0.316723    0.381988 20755.390625 ^ _1213_/Z (gf180mcu_fd_sc_mcu7t5v0__xor3_1)
                                                         _0136_ (net)
                      0.316723    0.000000 20755.390625 ^ _2079_/D (gf180mcu_fd_sc_mcu7t5v0__dffrnq_1)
                                           20755.390625   data arrival time

                               20833.279297 20833.279297   clock clk_div (rise edge)
                                  0.000000 20833.279297   clock source latency
    83    0.353267    0.000000    0.000000 20833.279297 ^ clk (in)
                                                         clk (net)
                      0.011177    0.005457 20833.285156 ^ _2079_/CLK (gf180mcu_fd_sc_mcu7t5v0__dffrnq_1)
                                 -0.250000 20833.035156   clock uncertainty
                                  0.000000 20833.035156   clock reconvergence pessimism
                                 -0.352589 20832.681641   library setup time
                                           20832.681641   data required time
---------------------------------------------------------------------------------------------
                                           20832.681641   data required time
                                           -20755.390625   data arrival time
---------------------------------------------------------------------------------------------
                                             77.290695   slack (MET)


Startpoint: _2120_ (rising edge-triggered flip-flop clocked by clk)
Endpoint: _2105_ (rising edge-triggered flip-flop clocked by clk)
Path Group: clk
Path Type: max

Fanout         Cap        Slew       Delay        Time   Description
---------------------------------------------------------------------------------------------
                                  0.000000    0.000000   clock clk (rise edge)
                                  0.000000    0.000000   clock source latency
    83    0.353267    0.000000    0.000000    0.000000 ^ clk (in)
                                                         clk (net)
                      0.010145    0.004150    0.004150 ^ _2120_/CLK (gf180mcu_fd_sc_mcu7t5v0__dffrnq_1)
     7    0.038777    0.704488    1.188649    1.192798 ^ _2120_/Q (gf180mcu_fd_sc_mcu7t5v0__dffrnq_1)
                                                         u_cas_int.out_int1[0] (net)
                      0.704488    0.000039    1.192837 ^ _1348_/B (gf180mcu_fd_sc_mcu7t5v0__oai211_1)
     2    0.009787    0.439905    0.346384    1.539221 v _1348_/ZN (gf180mcu_fd_sc_mcu7t5v0__oai211_1)
                                                         _0761_ (net)
                      0.439905    0.000023    1.539244 v _1350_/A2 (gf180mcu_fd_sc_mcu7t5v0__aoi211_1)
     2    0.010353    0.798835    0.524965    2.064209 ^ _1350_/ZN (gf180mcu_fd_sc_mcu7t5v0__aoi211_1)
                                                         _0763_ (net)
                      0.798835    0.000048    2.064257 ^ _1360_/A1 (gf180mcu_fd_sc_mcu7t5v0__aoi21_1)
     1    0.006459    0.296642    0.165510    2.229766 v _1360_/ZN (gf180mcu_fd_sc_mcu7t5v0__aoi21_1)
                                                         _0771_ (net)
                      0.296642    0.000034    2.229801 v _1387_/A1 (gf180mcu_fd_sc_mcu7t5v0__oai21_1)
     5    0.031660    1.058277    0.691836    2.921637 ^ _1387_/ZN (gf180mcu_fd_sc_mcu7t5v0__oai21_1)
                                                         _0794_ (net)
                      1.058277    0.000370    2.922007 ^ _1400_/A1 (gf180mcu_fd_sc_mcu7t5v0__aoi21_1)
     2    0.013066    0.447509    0.263014    3.185021 v _1400_/ZN (gf180mcu_fd_sc_mcu7t5v0__aoi21_1)
                                                         _0805_ (net)
                      0.447509    0.000042    3.185063 v _1404_/A3 (gf180mcu_fd_sc_mcu7t5v0__xnor3_1)
     1    0.003274    0.314353    0.296625    3.481688 ^ _1404_/ZN (gf180mcu_fd_sc_mcu7t5v0__xnor3_1)
                                                         _0088_ (net)
                      0.314353    0.000004    3.481691 ^ _2105_/D (gf180mcu_fd_sc_mcu7t5v0__dffrnq_1)
                                              3.481691   data arrival time

                                 81.379997   81.379997   clock clk (rise edge)
                                  0.000000   81.379997   clock source latency
    83    0.353267    0.000000    0.000000   81.379997 ^ clk (in)
                                                         clk (net)
                      0.010448    0.004270   81.384270 ^ _2105_/CLK (gf180mcu_fd_sc_mcu7t5v0__dffrnq_1)
                                 -0.250000   81.134270   clock uncertainty
                                  0.000000   81.134270   clock reconvergence pessimism
                                 -0.352341   80.781929   library setup time
                                             80.781929   data required time
---------------------------------------------------------------------------------------------
                                             80.781929   data required time
                                             -3.481691   data arrival time
---------------------------------------------------------------------------------------------
                                             77.300240   slack (MET)


Startpoint: _2120_ (rising edge-triggered flip-flop clocked by clk)
Endpoint: _2105_ (rising edge-triggered flip-flop clocked by clk_div)
Path Group: clk_div
Path Type: max

Fanout         Cap        Slew       Delay        Time   Description
---------------------------------------------------------------------------------------------
                               20751.898438 20751.898438   clock clk (rise edge)
                                  0.000000 20751.898438   clock source latency
    83    0.353267    0.000000    0.000000 20751.898438 ^ clk (in)
                                                         clk (net)
                      0.010145    0.003638 20751.902344 ^ _2120_/CLK (gf180mcu_fd_sc_mcu7t5v0__dffrnq_1)
     7    0.038777    0.704488    1.189619 20753.091797 ^ _2120_/Q (gf180mcu_fd_sc_mcu7t5v0__dffrnq_1)
                                                         u_cas_int.out_int1[0] (net)
                      0.704488    0.000000 20753.091797 ^ _1348_/B (gf180mcu_fd_sc_mcu7t5v0__oai211_1)
     2    0.009787    0.439905    0.345608 20753.437500 v _1348_/ZN (gf180mcu_fd_sc_mcu7t5v0__oai211_1)
                                                         _0761_ (net)
                      0.439905    0.000000 20753.437500 v _1350_/A2 (gf180mcu_fd_sc_mcu7t5v0__aoi211_1)
     2    0.010353    0.798835    0.525688 20753.964844 ^ _1350_/ZN (gf180mcu_fd_sc_mcu7t5v0__aoi211_1)
                                                         _0763_ (net)
                      0.798835    0.000000 20753.964844 ^ _1360_/A1 (gf180mcu_fd_sc_mcu7t5v0__aoi21_1)
     1    0.006459    0.296642    0.165528 20754.128906 v _1360_/ZN (gf180mcu_fd_sc_mcu7t5v0__aoi21_1)
                                                         _0771_ (net)
                      0.296642    0.000000 20754.128906 v _1387_/A1 (gf180mcu_fd_sc_mcu7t5v0__oai21_1)
     5    0.031660    1.058277    0.691216 20754.820312 ^ _1387_/ZN (gf180mcu_fd_sc_mcu7t5v0__oai21_1)
                                                         _0794_ (net)
                      1.058277    0.000000 20754.820312 ^ _1400_/A1 (gf180mcu_fd_sc_mcu7t5v0__aoi21_1)
     2    0.013066    0.447509    0.263753 20755.083984 v _1400_/ZN (gf180mcu_fd_sc_mcu7t5v0__aoi21_1)
                                                         _0805_ (net)
                      0.447509    0.000000 20755.083984 v _1404_/A3 (gf180mcu_fd_sc_mcu7t5v0__xnor3_1)
     1    0.003274    0.314353    0.296495 20755.380859 ^ _1404_/ZN (gf180mcu_fd_sc_mcu7t5v0__xnor3_1)
                                                         _0088_ (net)
                      0.314353    0.000000 20755.380859 ^ _2105_/D (gf180mcu_fd_sc_mcu7t5v0__dffrnq_1)
                                           20755.380859   data arrival time

                               20833.279297 20833.279297   clock clk_div (rise edge)
                                  0.000000 20833.279297   clock source latency
    83    0.353267    0.000000    0.000000 20833.279297 ^ clk (in)
                                                         clk (net)
                      0.010448    0.003638 20833.283203 ^ _2105_/CLK (gf180mcu_fd_sc_mcu7t5v0__dffrnq_1)
                                 -0.250000 20833.033203   clock uncertainty
                                  0.000000 20833.033203   clock reconvergence pessimism
                                 -0.352341 20832.681641   library setup time
                                           20832.681641   data required time
---------------------------------------------------------------------------------------------
                                           20832.681641   data required time
                                           -20755.380859   data arrival time
---------------------------------------------------------------------------------------------
                                             77.300240   slack (MET)


Startpoint: _2095_ (rising edge-triggered flip-flop clocked by clk)
Endpoint: _2076_ (rising edge-triggered flip-flop clocked by clk)
Path Group: clk
Path Type: max

Fanout         Cap        Slew       Delay        Time   Description
---------------------------------------------------------------------------------------------
                                  0.000000    0.000000   clock clk (rise edge)
                                  0.000000    0.000000   clock source latency
    83    0.353267    0.000000    0.000000    0.000000 ^ clk (in)
                                                         clk (net)
                      0.011602    0.004745    0.004745 ^ _2095_/CLK (gf180mcu_fd_sc_mcu7t5v0__dffrnq_1)
     6    0.036160    0.662081    1.164662    1.169407 ^ _2095_/Q (gf180mcu_fd_sc_mcu7t5v0__dffrnq_1)
                                                         u_cas_int.out_int2[0] (net)
                      0.662081    0.000050    1.169457 ^ _1154_/A1 (gf180mcu_fd_sc_mcu7t5v0__nand2_1)
     2    0.012956    0.350790    0.249546    1.419003 v _1154_/ZN (gf180mcu_fd_sc_mcu7t5v0__nand2_1)
                                                         _0592_ (net)
                      0.350790    0.000012    1.419015 v _1162_/A2 (gf180mcu_fd_sc_mcu7t5v0__oai21_1)
     3    0.014800    0.588911    0.420871    1.839886 ^ _1162_/ZN (gf180mcu_fd_sc_mcu7t5v0__oai21_1)
                                                         _0599_ (net)
                      0.588911    0.000061    1.839947 ^ _1165_/A2 (gf180mcu_fd_sc_mcu7t5v0__nand2_1)
     1    0.005380    0.229025    0.130467    1.970414 v _1165_/ZN (gf180mcu_fd_sc_mcu7t5v0__nand2_1)
                                                         _0602_ (net)
                      0.229025    0.000011    1.970425 v _1174_/A1 (gf180mcu_fd_sc_mcu7t5v0__aoi21_1)
     3    0.019467    0.784136    0.461813    2.432238 ^ _1174_/ZN (gf180mcu_fd_sc_mcu7t5v0__aoi21_1)
                                                         _0609_ (net)
                      0.784136    0.000069    2.432308 ^ _1177_/A1 (gf180mcu_fd_sc_mcu7t5v0__nand2_1)
     2    0.009873    0.335824    0.219173    2.651481 v _1177_/ZN (gf180mcu_fd_sc_mcu7t5v0__nand2_1)
                                                         _0612_ (net)
                      0.335824    0.000012    2.651492 v _1184_/A1 (gf180mcu_fd_sc_mcu7t5v0__aoi21_1)
     2    0.013536    0.607967    0.392354    3.043846 ^ _1184_/ZN (gf180mcu_fd_sc_mcu7t5v0__aoi21_1)
                                                         _0617_ (net)
                      0.607967    0.000062    3.043908 ^ _1189_/A1 (gf180mcu_fd_sc_mcu7t5v0__xor2_1)
     1    0.003283    0.302631    0.396136    3.440045 ^ _1189_/Z (gf180mcu_fd_sc_mcu7t5v0__xor2_1)
                                                         _0133_ (net)
                      0.302631    0.000004    3.440048 ^ _2076_/D (gf180mcu_fd_sc_mcu7t5v0__dffrnq_1)
                                              3.440048   data arrival time

                                 81.379997   81.379997   clock clk (rise edge)
                                  0.000000   81.379997   clock source latency
    83    0.353267    0.000000    0.000000   81.379997 ^ clk (in)
                                                         clk (net)
                      0.011597    0.004746   81.384743 ^ _2076_/CLK (gf180mcu_fd_sc_mcu7t5v0__dffrnq_1)
                                 -0.250000   81.134743   clock uncertainty
                                  0.000000   81.134743   clock reconvergence pessimism
                                 -0.350407   80.784340   library setup time
                                             80.784340   data required time
---------------------------------------------------------------------------------------------
                                             80.784340   data required time
                                             -3.440048   data arrival time
---------------------------------------------------------------------------------------------
                                             77.344292   slack (MET)


Startpoint: _2095_ (rising edge-triggered flip-flop clocked by clk)
Endpoint: _2076_ (rising edge-triggered flip-flop clocked by clk_div)
Path Group: clk_div
Path Type: max

Fanout         Cap        Slew       Delay        Time   Description
---------------------------------------------------------------------------------------------
                               20751.898438 20751.898438   clock clk (rise edge)
                                  0.000000 20751.898438   clock source latency
    83    0.353267    0.000000    0.000000 20751.898438 ^ clk (in)
                                                         clk (net)
                      0.011602    0.005457 20751.904297 ^ _2095_/CLK (gf180mcu_fd_sc_mcu7t5v0__dffrnq_1)
     6    0.036160    0.662081    1.164153 20753.068359 ^ _2095_/Q (gf180mcu_fd_sc_mcu7t5v0__dffrnq_1)
                                                         u_cas_int.out_int2[0] (net)
                      0.662081    0.000000 20753.068359 ^ _1154_/A1 (gf180mcu_fd_sc_mcu7t5v0__nand2_1)
     2    0.012956    0.350790    0.249202 20753.318359 v _1154_/ZN (gf180mcu_fd_sc_mcu7t5v0__nand2_1)
                                                         _0592_ (net)
                      0.350790    0.000000 20753.318359 v _1162_/A2 (gf180mcu_fd_sc_mcu7t5v0__oai21_1)
     3    0.014800    0.588911    0.420187 20753.738281 ^ _1162_/ZN (gf180mcu_fd_sc_mcu7t5v0__oai21_1)
                                                         _0599_ (net)
                      0.588911    0.001819 20753.740234 ^ _1165_/A2 (gf180mcu_fd_sc_mcu7t5v0__nand2_1)
     1    0.005380    0.229025    0.129148 20753.869141 v _1165_/ZN (gf180mcu_fd_sc_mcu7t5v0__nand2_1)
                                                         _0602_ (net)
                      0.229025    0.000000 20753.869141 v _1174_/A1 (gf180mcu_fd_sc_mcu7t5v0__aoi21_1)
     3    0.019467    0.784136    0.462023 20754.332031 ^ _1174_/ZN (gf180mcu_fd_sc_mcu7t5v0__aoi21_1)
                                                         _0609_ (net)
                      0.784136    0.000000 20754.332031 ^ _1177_/A1 (gf180mcu_fd_sc_mcu7t5v0__nand2_1)
     2    0.009873    0.335824    0.220098 20754.550781 v _1177_/ZN (gf180mcu_fd_sc_mcu7t5v0__nand2_1)
                                                         _0612_ (net)
                      0.335824    0.000000 20754.550781 v _1184_/A1 (gf180mcu_fd_sc_mcu7t5v0__aoi21_1)
     2    0.013536    0.607967    0.391083 20754.943359 ^ _1184_/ZN (gf180mcu_fd_sc_mcu7t5v0__aoi21_1)
                                                         _0617_ (net)
                      0.607967    0.000000 20754.943359 ^ _1189_/A1 (gf180mcu_fd_sc_mcu7t5v0__xor2_1)
     1    0.003283    0.302631    0.396540 20755.339844 ^ _1189_/Z (gf180mcu_fd_sc_mcu7t5v0__xor2_1)
                                                         _0133_ (net)
                      0.302631    0.000000 20755.339844 ^ _2076_/D (gf180mcu_fd_sc_mcu7t5v0__dffrnq_1)
                                           20755.339844   data arrival time

                               20833.279297 20833.279297   clock clk_div (rise edge)
                                  0.000000 20833.279297   clock source latency
    83    0.353267    0.000000    0.000000 20833.279297 ^ clk (in)
                                                         clk (net)
                      0.011597    0.005457 20833.285156 ^ _2076_/CLK (gf180mcu_fd_sc_mcu7t5v0__dffrnq_1)
                                 -0.250000 20833.035156   clock uncertainty
                                  0.000000 20833.035156   clock reconvergence pessimism
                                 -0.350407 20832.683594   library setup time
                                           20832.683594   data required time
---------------------------------------------------------------------------------------------
                                           20832.683594   data required time
                                           -20755.339844   data arrival time
---------------------------------------------------------------------------------------------
                                             77.344292   slack (MET)


Startpoint: _2100_ (rising edge-triggered flip-flop clocked by clk)
Endpoint: _2078_ (rising edge-triggered flip-flop clocked by clk)
Path Group: clk
Path Type: max

Fanout         Cap        Slew       Delay        Time   Description
---------------------------------------------------------------------------------------------
                                  0.000000    0.000000   clock clk (rise edge)
                                  0.000000    0.000000   clock source latency
    83    0.353267    0.000000    0.000000    0.000000 ^ clk (in)
                                                         clk (net)
                      0.011338    0.004638    0.004638 ^ _2100_/CLK (gf180mcu_fd_sc_mcu7t5v0__dffrnq_1)
     8    0.042970    0.747441    1.227585    1.232223 ^ _2100_/Q (gf180mcu_fd_sc_mcu7t5v0__dffrnq_1)
                                                         u_cas_int.out_int2[5] (net)
                      0.747441    0.000005    1.232228 ^ _1183_/B1 (gf180mcu_fd_sc_mcu7t5v0__aoi22_1)
     2    0.007816    0.421897    0.287210    1.519438 v _1183_/ZN (gf180mcu_fd_sc_mcu7t5v0__aoi22_1)
                                                         _0616_ (net)
                      0.421897    0.000007    1.519445 v _1199_/A2 (gf180mcu_fd_sc_mcu7t5v0__or2_1)
     2    0.009223    0.208753    0.504982    2.024427 v _1199_/Z (gf180mcu_fd_sc_mcu7t5v0__or2_1)
                                                         _0630_ (net)
                      0.208753    0.000053    2.024480 v _1200_/A2 (gf180mcu_fd_sc_mcu7t5v0__or2_1)
     1    0.004582    0.164679    0.410003    2.434483 v _1200_/Z (gf180mcu_fd_sc_mcu7t5v0__or2_1)
                                                         _0631_ (net)
                      0.164679    0.000000    2.434484 v _1205_/B (gf180mcu_fd_sc_mcu7t5v0__oai211_1)
     4    0.026967    0.995441    0.519671    2.954155 ^ _1205_/ZN (gf180mcu_fd_sc_mcu7t5v0__oai211_1)
                                                         _0636_ (net)
                      0.995441    0.000089    2.954244 ^ _1209_/A1 (gf180mcu_fd_sc_mcu7t5v0__xor2_1)
     1    0.003254    0.316325    0.400288    3.354532 ^ _1209_/Z (gf180mcu_fd_sc_mcu7t5v0__xor2_1)
                                                         _0135_ (net)
                      0.316325    0.000003    3.354535 ^ _2078_/D (gf180mcu_fd_sc_mcu7t5v0__dffrnq_1)
                                              3.354535   data arrival time

                                 81.379997   81.379997   clock clk (rise edge)
                                  0.000000   81.379997   clock source latency
    83    0.353267    0.000000    0.000000   81.379997 ^ clk (in)
                                                         clk (net)
                      0.011313    0.004626   81.384621 ^ _2078_/CLK (gf180mcu_fd_sc_mcu7t5v0__dffrnq_1)
                                 -0.250000   81.134628   clock uncertainty
                                  0.000000   81.134628   clock reconvergence pessimism
                                 -0.352509   80.782120   library setup time
                                             80.782120   data required time
---------------------------------------------------------------------------------------------
                                             80.782120   data required time
                                             -3.354535   data arrival time
---------------------------------------------------------------------------------------------
                                             77.427582   slack (MET)


Startpoint: _2100_ (rising edge-triggered flip-flop clocked by clk)
Endpoint: _2078_ (rising edge-triggered flip-flop clocked by clk_div)
Path Group: clk_div
Path Type: max

Fanout         Cap        Slew       Delay        Time   Description
---------------------------------------------------------------------------------------------
                               20751.898438 20751.898438   clock clk (rise edge)
                                  0.000000 20751.898438   clock source latency
    83    0.353267    0.000000    0.000000 20751.898438 ^ clk (in)
                                                         clk (net)
                      0.011338    0.005457 20751.904297 ^ _2100_/CLK (gf180mcu_fd_sc_mcu7t5v0__dffrnq_1)
     8    0.042970    0.747441    1.225999 20753.130859 ^ _2100_/Q (gf180mcu_fd_sc_mcu7t5v0__dffrnq_1)
                                                         u_cas_int.out_int2[5] (net)
                      0.747441    0.000000 20753.130859 ^ _1183_/B1 (gf180mcu_fd_sc_mcu7t5v0__aoi22_1)
     2    0.007816    0.421897    0.287400 20753.417969 v _1183_/ZN (gf180mcu_fd_sc_mcu7t5v0__aoi22_1)
                                                         _0616_ (net)
                      0.421897    0.000000 20753.417969 v _1199_/A2 (gf180mcu_fd_sc_mcu7t5v0__or2_1)
     2    0.009223    0.208753    0.505679 20753.923828 v _1199_/Z (gf180mcu_fd_sc_mcu7t5v0__or2_1)
                                                         _0630_ (net)
                      0.208753    0.000000 20753.923828 v _1200_/A2 (gf180mcu_fd_sc_mcu7t5v0__or2_1)
     1    0.004582    0.164679    0.409273 20754.333984 v _1200_/Z (gf180mcu_fd_sc_mcu7t5v0__or2_1)
                                                         _0631_ (net)
                      0.164679    0.000000 20754.333984 v _1205_/B (gf180mcu_fd_sc_mcu7t5v0__oai211_1)
     4    0.026967    0.995441    0.520231 20754.853516 ^ _1205_/ZN (gf180mcu_fd_sc_mcu7t5v0__oai211_1)
                                                         _0636_ (net)
                      0.995441    0.000000 20754.853516 ^ _1209_/A1 (gf180mcu_fd_sc_mcu7t5v0__xor2_1)
     1    0.003254    0.316325    0.400178 20755.253906 ^ _1209_/Z (gf180mcu_fd_sc_mcu7t5v0__xor2_1)
                                                         _0135_ (net)
                      0.316325    0.000000 20755.253906 ^ _2078_/D (gf180mcu_fd_sc_mcu7t5v0__dffrnq_1)
                                           20755.253906   data arrival time

                               20833.279297 20833.279297   clock clk_div (rise edge)
                                  0.000000 20833.279297   clock source latency
    83    0.353267    0.000000    0.000000 20833.279297 ^ clk (in)
                                                         clk (net)
                      0.011313    0.005457 20833.285156 ^ _2078_/CLK (gf180mcu_fd_sc_mcu7t5v0__dffrnq_1)
                                 -0.250000 20833.035156   clock uncertainty
                                  0.000000 20833.035156   clock reconvergence pessimism
                                 -0.352509 20832.681641   library setup time
                                           20832.681641   data required time
---------------------------------------------------------------------------------------------
                                           20832.681641   data required time
                                           -20755.253906   data arrival time
---------------------------------------------------------------------------------------------
                                             77.427582   slack (MET)


Startpoint: _2120_ (rising edge-triggered flip-flop clocked by clk)
Endpoint: _2103_ (rising edge-triggered flip-flop clocked by clk)
Path Group: clk
Path Type: max

Fanout         Cap        Slew       Delay        Time   Description
---------------------------------------------------------------------------------------------
                                  0.000000    0.000000   clock clk (rise edge)
                                  0.000000    0.000000   clock source latency
    83    0.353267    0.000000    0.000000    0.000000 ^ clk (in)
                                                         clk (net)
                      0.010145    0.004150    0.004150 ^ _2120_/CLK (gf180mcu_fd_sc_mcu7t5v0__dffrnq_1)
     7    0.038777    0.704488    1.188649    1.192798 ^ _2120_/Q (gf180mcu_fd_sc_mcu7t5v0__dffrnq_1)
                                                         u_cas_int.out_int1[0] (net)
                      0.704488    0.000039    1.192837 ^ _1348_/B (gf180mcu_fd_sc_mcu7t5v0__oai211_1)
     2    0.009787    0.439905    0.346384    1.539221 v _1348_/ZN (gf180mcu_fd_sc_mcu7t5v0__oai211_1)
                                                         _0761_ (net)
                      0.439905    0.000023    1.539244 v _1350_/A2 (gf180mcu_fd_sc_mcu7t5v0__aoi211_1)
     2    0.010353    0.798835    0.524965    2.064209 ^ _1350_/ZN (gf180mcu_fd_sc_mcu7t5v0__aoi211_1)
                                                         _0763_ (net)
                      0.798835    0.000048    2.064257 ^ _1360_/A1 (gf180mcu_fd_sc_mcu7t5v0__aoi21_1)
     1    0.006459    0.296642    0.165510    2.229766 v _1360_/ZN (gf180mcu_fd_sc_mcu7t5v0__aoi21_1)
                                                         _0771_ (net)
                      0.296642    0.000034    2.229801 v _1387_/A1 (gf180mcu_fd_sc_mcu7t5v0__oai21_1)
     5    0.031660    1.058277    0.691836    2.921637 ^ _1387_/ZN (gf180mcu_fd_sc_mcu7t5v0__oai21_1)
                                                         _0794_ (net)
                      1.058277    0.000258    2.921896 ^ _1391_/A3 (gf180mcu_fd_sc_mcu7t5v0__xor3_1)
     1    0.003267    0.323079    0.398152    3.320047 ^ _1391_/Z (gf180mcu_fd_sc_mcu7t5v0__xor3_1)
                                                         _0110_ (net)
                      0.323079    0.000004    3.320051 ^ _2103_/D (gf180mcu_fd_sc_mcu7t5v0__dffrnq_1)
                                              3.320051   data arrival time

                                 81.379997   81.379997   clock clk (rise edge)
                                  0.000000   81.379997   clock source latency
    83    0.353267    0.000000    0.000000   81.379997 ^ clk (in)
                                                         clk (net)
                      0.010815    0.004427   81.384422 ^ _2103_/CLK (gf180mcu_fd_sc_mcu7t5v0__dffrnq_1)
                                 -0.250000   81.134422   clock uncertainty
                                  0.000000   81.134422   clock reconvergence pessimism
                                 -0.353598   80.780830   library setup time
                                             80.780830   data required time
---------------------------------------------------------------------------------------------
                                             80.780830   data required time
                                             -3.320051   data arrival time
---------------------------------------------------------------------------------------------
                                             77.460777   slack (MET)


Startpoint: _2120_ (rising edge-triggered flip-flop clocked by clk)
Endpoint: _2103_ (rising edge-triggered flip-flop clocked by clk_div)
Path Group: clk_div
Path Type: max

Fanout         Cap        Slew       Delay        Time   Description
---------------------------------------------------------------------------------------------
                               20751.898438 20751.898438   clock clk (rise edge)
                                  0.000000 20751.898438   clock source latency
    83    0.353267    0.000000    0.000000 20751.898438 ^ clk (in)
                                                         clk (net)
                      0.010145    0.003638 20751.902344 ^ _2120_/CLK (gf180mcu_fd_sc_mcu7t5v0__dffrnq_1)
     7    0.038777    0.704488    1.189619 20753.091797 ^ _2120_/Q (gf180mcu_fd_sc_mcu7t5v0__dffrnq_1)
                                                         u_cas_int.out_int1[0] (net)
                      0.704488    0.000000 20753.091797 ^ _1348_/B (gf180mcu_fd_sc_mcu7t5v0__oai211_1)
     2    0.009787    0.439905    0.345608 20753.437500 v _1348_/ZN (gf180mcu_fd_sc_mcu7t5v0__oai211_1)
                                                         _0761_ (net)
                      0.439905    0.000000 20753.437500 v _1350_/A2 (gf180mcu_fd_sc_mcu7t5v0__aoi211_1)
     2    0.010353    0.798835    0.525688 20753.964844 ^ _1350_/ZN (gf180mcu_fd_sc_mcu7t5v0__aoi211_1)
                                                         _0763_ (net)
                      0.798835    0.000000 20753.964844 ^ _1360_/A1 (gf180mcu_fd_sc_mcu7t5v0__aoi21_1)
     1    0.006459    0.296642    0.165528 20754.128906 v _1360_/ZN (gf180mcu_fd_sc_mcu7t5v0__aoi21_1)
                                                         _0771_ (net)
                      0.296642    0.000000 20754.128906 v _1387_/A1 (gf180mcu_fd_sc_mcu7t5v0__oai21_1)
     5    0.031660    1.058277    0.691216 20754.820312 ^ _1387_/ZN (gf180mcu_fd_sc_mcu7t5v0__oai21_1)
                                                         _0794_ (net)
                      1.058277    0.000000 20754.820312 ^ _1391_/A3 (gf180mcu_fd_sc_mcu7t5v0__xor3_1)
     1    0.003267    0.323079    0.398359 20755.218750 ^ _1391_/Z (gf180mcu_fd_sc_mcu7t5v0__xor3_1)
                                                         _0110_ (net)
                      0.323079    0.000000 20755.218750 ^ _2103_/D (gf180mcu_fd_sc_mcu7t5v0__dffrnq_1)
                                           20755.218750   data arrival time

                               20833.279297 20833.279297   clock clk_div (rise edge)
                                  0.000000 20833.279297   clock source latency
    83    0.353267    0.000000    0.000000 20833.279297 ^ clk (in)
                                                         clk (net)
                      0.010815    0.003638 20833.283203 ^ _2103_/CLK (gf180mcu_fd_sc_mcu7t5v0__dffrnq_1)
                                 -0.250000 20833.033203   clock uncertainty
                                  0.000000 20833.033203   clock reconvergence pessimism
                                 -0.353598 20832.681641   library setup time
                                           20832.681641   data required time
---------------------------------------------------------------------------------------------
                                           20832.681641   data required time
                                           -20755.218750   data arrival time
---------------------------------------------------------------------------------------------
                                             77.460777   slack (MET)


Startpoint: _2095_ (rising edge-triggered flip-flop clocked by clk)
Endpoint: _2075_ (rising edge-triggered flip-flop clocked by clk)
Path Group: clk
Path Type: max

Fanout         Cap        Slew       Delay        Time   Description
---------------------------------------------------------------------------------------------
                                  0.000000    0.000000   clock clk (rise edge)
                                  0.000000    0.000000   clock source latency
    83    0.353267    0.000000    0.000000    0.000000 ^ clk (in)
                                                         clk (net)
                      0.011602    0.004745    0.004745 ^ _2095_/CLK (gf180mcu_fd_sc_mcu7t5v0__dffrnq_1)
     6    0.036160    0.662081    1.164662    1.169407 ^ _2095_/Q (gf180mcu_fd_sc_mcu7t5v0__dffrnq_1)
                                                         u_cas_int.out_int2[0] (net)
                      0.662081    0.000050    1.169457 ^ _1154_/A1 (gf180mcu_fd_sc_mcu7t5v0__nand2_1)
     2    0.012956    0.350790    0.249546    1.419003 v _1154_/ZN (gf180mcu_fd_sc_mcu7t5v0__nand2_1)
                                                         _0592_ (net)
                      0.350790    0.000012    1.419015 v _1162_/A2 (gf180mcu_fd_sc_mcu7t5v0__oai21_1)
     3    0.014800    0.588911    0.420871    1.839886 ^ _1162_/ZN (gf180mcu_fd_sc_mcu7t5v0__oai21_1)
                                                         _0599_ (net)
                      0.588911    0.000061    1.839947 ^ _1165_/A2 (gf180mcu_fd_sc_mcu7t5v0__nand2_1)
     1    0.005380    0.229025    0.130467    1.970414 v _1165_/ZN (gf180mcu_fd_sc_mcu7t5v0__nand2_1)
                                                         _0602_ (net)
                      0.229025    0.000011    1.970425 v _1174_/A1 (gf180mcu_fd_sc_mcu7t5v0__aoi21_1)
     3    0.019467    0.784136    0.461813    2.432238 ^ _1174_/ZN (gf180mcu_fd_sc_mcu7t5v0__aoi21_1)
                                                         _0609_ (net)
                      0.784136    0.000069    2.432308 ^ _1177_/A1 (gf180mcu_fd_sc_mcu7t5v0__nand2_1)
     2    0.009873    0.335824    0.219173    2.651481 v _1177_/ZN (gf180mcu_fd_sc_mcu7t5v0__nand2_1)
                                                         _0612_ (net)
                      0.335824    0.000000    2.651482 v _1179_/A2 (gf180mcu_fd_sc_mcu7t5v0__nand2_1)
     1    0.007842    0.259901    0.242760    2.894241 ^ _1179_/ZN (gf180mcu_fd_sc_mcu7t5v0__nand2_1)
                                                         _0613_ (net)
                      0.259901    0.000012    2.894253 ^ _1182_/A1 (gf180mcu_fd_sc_mcu7t5v0__xor2_1)
     1    0.003200    0.318229    0.372101    3.266354 ^ _1182_/Z (gf180mcu_fd_sc_mcu7t5v0__xor2_1)
                                                         _0132_ (net)
                      0.318229    0.000003    3.266357 ^ _2075_/D (gf180mcu_fd_sc_mcu7t5v0__dffrnq_1)
                                              3.266357   data arrival time

                                 81.379997   81.379997   clock clk (rise edge)
                                  0.000000   81.379997   clock source latency
    83    0.353267    0.000000    0.000000   81.379997 ^ clk (in)
                                                         clk (net)
                      0.011732    0.004796   81.384796 ^ _2075_/CLK (gf180mcu_fd_sc_mcu7t5v0__dffrnq_1)
                                 -0.250000   81.134796   clock uncertainty
                                  0.000000   81.134796   clock reconvergence pessimism
                                 -0.352734   80.782059   library setup time
                                             80.782059   data required time
---------------------------------------------------------------------------------------------
                                             80.782059   data required time
                                             -3.266357   data arrival time
---------------------------------------------------------------------------------------------
                                             77.515701   slack (MET)


Startpoint: _2095_ (rising edge-triggered flip-flop clocked by clk)
Endpoint: _2075_ (rising edge-triggered flip-flop clocked by clk_div)
Path Group: clk_div
Path Type: max

Fanout         Cap        Slew       Delay        Time   Description
---------------------------------------------------------------------------------------------
                               20751.898438 20751.898438   clock clk (rise edge)
                                  0.000000 20751.898438   clock source latency
    83    0.353267    0.000000    0.000000 20751.898438 ^ clk (in)
                                                         clk (net)
                      0.011602    0.005457 20751.904297 ^ _2095_/CLK (gf180mcu_fd_sc_mcu7t5v0__dffrnq_1)
     6    0.036160    0.662081    1.164153 20753.068359 ^ _2095_/Q (gf180mcu_fd_sc_mcu7t5v0__dffrnq_1)
                                                         u_cas_int.out_int2[0] (net)
                      0.662081    0.000000 20753.068359 ^ _1154_/A1 (gf180mcu_fd_sc_mcu7t5v0__nand2_1)
     2    0.012956    0.350790    0.249202 20753.318359 v _1154_/ZN (gf180mcu_fd_sc_mcu7t5v0__nand2_1)
                                                         _0592_ (net)
                      0.350790    0.000000 20753.318359 v _1162_/A2 (gf180mcu_fd_sc_mcu7t5v0__oai21_1)
     3    0.014800    0.588911    0.420187 20753.738281 ^ _1162_/ZN (gf180mcu_fd_sc_mcu7t5v0__oai21_1)
                                                         _0599_ (net)
                      0.588911    0.001819 20753.740234 ^ _1165_/A2 (gf180mcu_fd_sc_mcu7t5v0__nand2_1)
     1    0.005380    0.229025    0.129148 20753.869141 v _1165_/ZN (gf180mcu_fd_sc_mcu7t5v0__nand2_1)
                                                         _0602_ (net)
                      0.229025    0.000000 20753.869141 v _1174_/A1 (gf180mcu_fd_sc_mcu7t5v0__aoi21_1)
     3    0.019467    0.784136    0.462023 20754.332031 ^ _1174_/ZN (gf180mcu_fd_sc_mcu7t5v0__aoi21_1)
                                                         _0609_ (net)
                      0.784136    0.000000 20754.332031 ^ _1177_/A1 (gf180mcu_fd_sc_mcu7t5v0__nand2_1)
     2    0.009873    0.335824    0.220098 20754.550781 v _1177_/ZN (gf180mcu_fd_sc_mcu7t5v0__nand2_1)
                                                         _0612_ (net)
                      0.335824    0.000000 20754.550781 v _1179_/A2 (gf180mcu_fd_sc_mcu7t5v0__nand2_1)
     1    0.007842    0.259901    0.241926 20754.792969 ^ _1179_/ZN (gf180mcu_fd_sc_mcu7t5v0__nand2_1)
                                                         _0613_ (net)
                      0.259901    0.000000 20754.792969 ^ _1182_/A1 (gf180mcu_fd_sc_mcu7t5v0__xor2_1)
     1    0.003200    0.318229    0.372893 20755.166016 ^ _1182_/Z (gf180mcu_fd_sc_mcu7t5v0__xor2_1)
                                                         _0132_ (net)
                      0.318229    0.000000 20755.166016 ^ _2075_/D (gf180mcu_fd_sc_mcu7t5v0__dffrnq_1)
                                           20755.166016   data arrival time

                               20833.279297 20833.279297   clock clk_div (rise edge)
                                  0.000000 20833.279297   clock source latency
    83    0.353267    0.000000    0.000000 20833.279297 ^ clk (in)
                                                         clk (net)
                      0.011732    0.005457 20833.285156 ^ _2075_/CLK (gf180mcu_fd_sc_mcu7t5v0__dffrnq_1)
                                 -0.250000 20833.035156   clock uncertainty
                                  0.000000 20833.035156   clock reconvergence pessimism
                                 -0.352734 20832.681641   library setup time
                                           20832.681641   data required time
---------------------------------------------------------------------------------------------
                                           20832.681641   data required time
                                           -20755.166016   data arrival time
---------------------------------------------------------------------------------------------
                                             77.515701   slack (MET)


Startpoint: _2120_ (rising edge-triggered flip-flop clocked by clk)
Endpoint: _2099_ (rising edge-triggered flip-flop clocked by clk)
Path Group: clk
Path Type: max

Fanout         Cap        Slew       Delay        Time   Description
---------------------------------------------------------------------------------------------
                                  0.000000    0.000000   clock clk (rise edge)
                                  0.000000    0.000000   clock source latency
    83    0.353267    0.000000    0.000000    0.000000 ^ clk (in)
                                                         clk (net)
                      0.010145    0.004150    0.004150 ^ _2120_/CLK (gf180mcu_fd_sc_mcu7t5v0__dffrnq_1)
     7    0.038777    0.704488    1.188649    1.192798 ^ _2120_/Q (gf180mcu_fd_sc_mcu7t5v0__dffrnq_1)
                                                         u_cas_int.out_int1[0] (net)
                      0.704488    0.000039    1.192837 ^ _1348_/B (gf180mcu_fd_sc_mcu7t5v0__oai211_1)
     2    0.009787    0.439905    0.346384    1.539221 v _1348_/ZN (gf180mcu_fd_sc_mcu7t5v0__oai211_1)
                                                         _0761_ (net)
                      0.439905    0.000023    1.539244 v _1350_/A2 (gf180mcu_fd_sc_mcu7t5v0__aoi211_1)
     2    0.010353    0.798835    0.524965    2.064209 ^ _1350_/ZN (gf180mcu_fd_sc_mcu7t5v0__aoi211_1)
                                                         _0763_ (net)
                      0.798835    0.000030    2.064239 ^ _1352_/B (gf180mcu_fd_sc_mcu7t5v0__aoi21_1)
     2    0.012615    0.482707    0.363848    2.428087 v _1352_/ZN (gf180mcu_fd_sc_mcu7t5v0__aoi21_1)
                                                         _0764_ (net)
                      0.482707    0.000022    2.428109 v _1359_/A1 (gf180mcu_fd_sc_mcu7t5v0__aoi21_1)
     2    0.013222    0.595273    0.432949    2.861058 ^ _1359_/ZN (gf180mcu_fd_sc_mcu7t5v0__aoi21_1)
                                                         _0770_ (net)
                      0.595273    0.000058    2.861117 ^ _1364_/A3 (gf180mcu_fd_sc_mcu7t5v0__xor3_1)
     1    0.003058    0.318822    0.390600    3.251717 ^ _1364_/Z (gf180mcu_fd_sc_mcu7t5v0__xor3_1)
                                                         _0106_ (net)
                      0.318822    0.000000    3.251717 ^ _2099_/D (gf180mcu_fd_sc_mcu7t5v0__dffrnq_1)
                                              3.251717   data arrival time

                                 81.379997   81.379997   clock clk (rise edge)
                                  0.000000   81.379997   clock source latency
    83    0.353267    0.000000    0.000000   81.379997 ^ clk (in)
                                                         clk (net)
                      0.011451    0.004682   81.384682 ^ _2099_/CLK (gf180mcu_fd_sc_mcu7t5v0__dffrnq_1)
                                 -0.250000   81.134682   clock uncertainty
                                  0.000000   81.134682   clock reconvergence pessimism
                                 -0.352865   80.781822   library setup time
                                             80.781822   data required time
---------------------------------------------------------------------------------------------
                                             80.781822   data required time
                                             -3.251717   data arrival time
---------------------------------------------------------------------------------------------
                                             77.530098   slack (MET)


Startpoint: _2120_ (rising edge-triggered flip-flop clocked by clk)
Endpoint: _2099_ (rising edge-triggered flip-flop clocked by clk_div)
Path Group: clk_div
Path Type: max

Fanout         Cap        Slew       Delay        Time   Description
---------------------------------------------------------------------------------------------
                               20751.898438 20751.898438   clock clk (rise edge)
                                  0.000000 20751.898438   clock source latency
    83    0.353267    0.000000    0.000000 20751.898438 ^ clk (in)
                                                         clk (net)
                      0.010145    0.003638 20751.902344 ^ _2120_/CLK (gf180mcu_fd_sc_mcu7t5v0__dffrnq_1)
     7    0.038777    0.704488    1.189619 20753.091797 ^ _2120_/Q (gf180mcu_fd_sc_mcu7t5v0__dffrnq_1)
                                                         u_cas_int.out_int1[0] (net)
                      0.704488    0.000000 20753.091797 ^ _1348_/B (gf180mcu_fd_sc_mcu7t5v0__oai211_1)
     2    0.009787    0.439905    0.345608 20753.437500 v _1348_/ZN (gf180mcu_fd_sc_mcu7t5v0__oai211_1)
                                                         _0761_ (net)
                      0.439905    0.000000 20753.437500 v _1350_/A2 (gf180mcu_fd_sc_mcu7t5v0__aoi211_1)
     2    0.010353    0.798835    0.525688 20753.964844 ^ _1350_/ZN (gf180mcu_fd_sc_mcu7t5v0__aoi211_1)
                                                         _0763_ (net)
                      0.798835    0.000000 20753.964844 ^ _1352_/B (gf180mcu_fd_sc_mcu7t5v0__aoi21_1)
     2    0.012615    0.482707    0.363798 20754.328125 v _1352_/ZN (gf180mcu_fd_sc_mcu7t5v0__aoi21_1)
                                                         _0764_ (net)
                      0.482707    0.000000 20754.328125 v _1359_/A1 (gf180mcu_fd_sc_mcu7t5v0__aoi21_1)
     2    0.013222    0.595273    0.432920 20754.759766 ^ _1359_/ZN (gf180mcu_fd_sc_mcu7t5v0__aoi21_1)
                                                         _0770_ (net)
                      0.595273    0.000000 20754.759766 ^ _1364_/A3 (gf180mcu_fd_sc_mcu7t5v0__xor3_1)
     1    0.003058    0.318822    0.391083 20755.152344 ^ _1364_/Z (gf180mcu_fd_sc_mcu7t5v0__xor3_1)
                                                         _0106_ (net)
                      0.318822    0.000000 20755.152344 ^ _2099_/D (gf180mcu_fd_sc_mcu7t5v0__dffrnq_1)
                                           20755.152344   data arrival time

                               20833.279297 20833.279297   clock clk_div (rise edge)
                                  0.000000 20833.279297   clock source latency
    83    0.353267    0.000000    0.000000 20833.279297 ^ clk (in)
                                                         clk (net)
                      0.011451    0.005457 20833.285156 ^ _2099_/CLK (gf180mcu_fd_sc_mcu7t5v0__dffrnq_1)
                                 -0.250000 20833.035156   clock uncertainty
                                  0.000000 20833.035156   clock reconvergence pessimism
                                 -0.352865 20832.681641   library setup time
                                           20832.681641   data required time
---------------------------------------------------------------------------------------------
                                           20832.681641   data required time
                                           -20755.152344   data arrival time
---------------------------------------------------------------------------------------------
                                             77.530098   slack (MET)


Startpoint: _2095_ (rising edge-triggered flip-flop clocked by clk)
Endpoint: _2074_ (rising edge-triggered flip-flop clocked by clk)
Path Group: clk
Path Type: max

Fanout         Cap        Slew       Delay        Time   Description
---------------------------------------------------------------------------------------------
                                  0.000000    0.000000   clock clk (rise edge)
                                  0.000000    0.000000   clock source latency
    83    0.353267    0.000000    0.000000    0.000000 ^ clk (in)
                                                         clk (net)
                      0.011602    0.004745    0.004745 ^ _2095_/CLK (gf180mcu_fd_sc_mcu7t5v0__dffrnq_1)
     6    0.036160    0.662081    1.164662    1.169407 ^ _2095_/Q (gf180mcu_fd_sc_mcu7t5v0__dffrnq_1)
                                                         u_cas_int.out_int2[0] (net)
                      0.662081    0.000050    1.169457 ^ _1154_/A1 (gf180mcu_fd_sc_mcu7t5v0__nand2_1)
     2    0.012956    0.350790    0.249546    1.419003 v _1154_/ZN (gf180mcu_fd_sc_mcu7t5v0__nand2_1)
                                                         _0592_ (net)
                      0.350790    0.000012    1.419015 v _1162_/A2 (gf180mcu_fd_sc_mcu7t5v0__oai21_1)
     3    0.014800    0.588911    0.420871    1.839886 ^ _1162_/ZN (gf180mcu_fd_sc_mcu7t5v0__oai21_1)
                                                         _0599_ (net)
                      0.588911    0.000061    1.839947 ^ _1165_/A2 (gf180mcu_fd_sc_mcu7t5v0__nand2_1)
     1    0.005380    0.229025    0.130467    1.970414 v _1165_/ZN (gf180mcu_fd_sc_mcu7t5v0__nand2_1)
                                                         _0602_ (net)
                      0.229025    0.000011    1.970425 v _1174_/A1 (gf180mcu_fd_sc_mcu7t5v0__aoi21_1)
     3    0.019467    0.784136    0.461813    2.432238 ^ _1174_/ZN (gf180mcu_fd_sc_mcu7t5v0__aoi21_1)
                                                         _0609_ (net)
                      0.784136    0.000068    2.432306 ^ _1178_/A1 (gf180mcu_fd_sc_mcu7t5v0__xor2_1)
     1    0.003160    0.329281    0.396420    2.828727 ^ _1178_/Z (gf180mcu_fd_sc_mcu7t5v0__xor2_1)
                                                         _0131_ (net)
                      0.329281    0.000002    2.828729 ^ _2074_/D (gf180mcu_fd_sc_mcu7t5v0__dffrnq_1)
                                              2.828729   data arrival time

                                 81.379997   81.379997   clock clk (rise edge)
                                  0.000000   81.379997   clock source latency
    83    0.353267    0.000000    0.000000   81.379997 ^ clk (in)
                                                         clk (net)
                      0.011791    0.004825   81.384819 ^ _2074_/CLK (gf180mcu_fd_sc_mcu7t5v0__dffrnq_1)
                                 -0.250000   81.134827   clock uncertainty
                                  0.000000   81.134827   clock reconvergence pessimism
                                 -0.354375   80.780449   library setup time
                                             80.780449   data required time
---------------------------------------------------------------------------------------------
                                             80.780449   data required time
                                             -2.828729   data arrival time
---------------------------------------------------------------------------------------------
                                             77.951721   slack (MET)


Startpoint: _2095_ (rising edge-triggered flip-flop clocked by clk)
Endpoint: _2074_ (rising edge-triggered flip-flop clocked by clk_div)
Path Group: clk_div
Path Type: max

Fanout         Cap        Slew       Delay        Time   Description
---------------------------------------------------------------------------------------------
                               20751.898438 20751.898438   clock clk (rise edge)
                                  0.000000 20751.898438   clock source latency
    83    0.353267    0.000000    0.000000 20751.898438 ^ clk (in)
                                                         clk (net)
                      0.011602    0.005457 20751.904297 ^ _2095_/CLK (gf180mcu_fd_sc_mcu7t5v0__dffrnq_1)
     6    0.036160    0.662081    1.164153 20753.068359 ^ _2095_/Q (gf180mcu_fd_sc_mcu7t5v0__dffrnq_1)
                                                         u_cas_int.out_int2[0] (net)
                      0.662081    0.000000 20753.068359 ^ _1154_/A1 (gf180mcu_fd_sc_mcu7t5v0__nand2_1)
     2    0.012956    0.350790    0.249202 20753.318359 v _1154_/ZN (gf180mcu_fd_sc_mcu7t5v0__nand2_1)
                                                         _0592_ (net)
                      0.350790    0.000000 20753.318359 v _1162_/A2 (gf180mcu_fd_sc_mcu7t5v0__oai21_1)
     3    0.014800    0.588911    0.420187 20753.738281 ^ _1162_/ZN (gf180mcu_fd_sc_mcu7t5v0__oai21_1)
                                                         _0599_ (net)
                      0.588911    0.001819 20753.740234 ^ _1165_/A2 (gf180mcu_fd_sc_mcu7t5v0__nand2_1)
     1    0.005380    0.229025    0.129148 20753.869141 v _1165_/ZN (gf180mcu_fd_sc_mcu7t5v0__nand2_1)
                                                         _0602_ (net)
                      0.229025    0.000000 20753.869141 v _1174_/A1 (gf180mcu_fd_sc_mcu7t5v0__aoi21_1)
     3    0.019467    0.784136    0.462023 20754.332031 ^ _1174_/ZN (gf180mcu_fd_sc_mcu7t5v0__aoi21_1)
                                                         _0609_ (net)
                      0.784136    0.000000 20754.332031 ^ _1178_/A1 (gf180mcu_fd_sc_mcu7t5v0__xor2_1)
     1    0.003160    0.329281    0.396540 20754.728516 ^ _1178_/Z (gf180mcu_fd_sc_mcu7t5v0__xor2_1)
                                                         _0131_ (net)
                      0.329281    0.000000 20754.728516 ^ _2074_/D (gf180mcu_fd_sc_mcu7t5v0__dffrnq_1)
                                           20754.728516   data arrival time

                               20833.279297 20833.279297   clock clk_div (rise edge)
                                  0.000000 20833.279297   clock source latency
    83    0.353267    0.000000    0.000000 20833.279297 ^ clk (in)
                                                         clk (net)
                      0.011791    0.005457 20833.285156 ^ _2074_/CLK (gf180mcu_fd_sc_mcu7t5v0__dffrnq_1)
                                 -0.250000 20833.035156   clock uncertainty
                                  0.000000 20833.035156   clock reconvergence pessimism
                                 -0.354375 20832.681641   library setup time
                                           20832.681641   data required time
---------------------------------------------------------------------------------------------
                                           20832.681641   data required time
                                           -20754.728516   data arrival time
---------------------------------------------------------------------------------------------
                                             77.951721   slack (MET)


Startpoint: _2120_ (rising edge-triggered flip-flop clocked by clk)
Endpoint: _2098_ (rising edge-triggered flip-flop clocked by clk)
Path Group: clk
Path Type: max

Fanout         Cap        Slew       Delay        Time   Description
---------------------------------------------------------------------------------------------
                                  0.000000    0.000000   clock clk (rise edge)
                                  0.000000    0.000000   clock source latency
    83    0.353267    0.000000    0.000000    0.000000 ^ clk (in)
                                                         clk (net)
                      0.010145    0.004150    0.004150 ^ _2120_/CLK (gf180mcu_fd_sc_mcu7t5v0__dffrnq_1)
     7    0.038777    0.704488    1.188649    1.192798 ^ _2120_/Q (gf180mcu_fd_sc_mcu7t5v0__dffrnq_1)
                                                         u_cas_int.out_int1[0] (net)
                      0.704488    0.000039    1.192837 ^ _1348_/B (gf180mcu_fd_sc_mcu7t5v0__oai211_1)
     2    0.009787    0.439905    0.346384    1.539221 v _1348_/ZN (gf180mcu_fd_sc_mcu7t5v0__oai211_1)
                                                         _0761_ (net)
                      0.439905    0.000023    1.539244 v _1350_/A2 (gf180mcu_fd_sc_mcu7t5v0__aoi211_1)
     2    0.010353    0.798835    0.524965    2.064209 ^ _1350_/ZN (gf180mcu_fd_sc_mcu7t5v0__aoi211_1)
                                                         _0763_ (net)
                      0.798835    0.000030    2.064239 ^ _1352_/B (gf180mcu_fd_sc_mcu7t5v0__aoi21_1)
     2    0.012615    0.482707    0.363848    2.428087 v _1352_/ZN (gf180mcu_fd_sc_mcu7t5v0__aoi21_1)
                                                         _0764_ (net)
                      0.482707    0.000022    2.428109 v _1356_/A1 (gf180mcu_fd_sc_mcu7t5v0__xnor2_1)
     1    0.003379    0.320141    0.308716    2.736825 ^ _1356_/ZN (gf180mcu_fd_sc_mcu7t5v0__xnor2_1)
                                                         _0105_ (net)
                      0.320141    0.000006    2.736830 ^ _2098_/D (gf180mcu_fd_sc_mcu7t5v0__dffrnq_1)
                                              2.736830   data arrival time

                                 81.379997   81.379997   clock clk (rise edge)
                                  0.000000   81.379997   clock source latency
    83    0.353267    0.000000    0.000000   81.379997 ^ clk (in)
                                                         clk (net)
                      0.011495    0.004704   81.384697 ^ _2098_/CLK (gf180mcu_fd_sc_mcu7t5v0__dffrnq_1)
                                 -0.250000   81.134705   clock uncertainty
                                  0.000000   81.134705   clock reconvergence pessimism
                                 -0.353056   80.781647   library setup time
                                             80.781647   data required time
---------------------------------------------------------------------------------------------
                                             80.781647   data required time
                                             -2.736830   data arrival time
---------------------------------------------------------------------------------------------
                                             78.044815   slack (MET)


Startpoint: _2120_ (rising edge-triggered flip-flop clocked by clk)
Endpoint: _2098_ (rising edge-triggered flip-flop clocked by clk_div)
Path Group: clk_div
Path Type: max

Fanout         Cap        Slew       Delay        Time   Description
---------------------------------------------------------------------------------------------
                               20751.898438 20751.898438   clock clk (rise edge)
                                  0.000000 20751.898438   clock source latency
    83    0.353267    0.000000    0.000000 20751.898438 ^ clk (in)
                                                         clk (net)
                      0.010145    0.003638 20751.902344 ^ _2120_/CLK (gf180mcu_fd_sc_mcu7t5v0__dffrnq_1)
     7    0.038777    0.704488    1.189619 20753.091797 ^ _2120_/Q (gf180mcu_fd_sc_mcu7t5v0__dffrnq_1)
                                                         u_cas_int.out_int1[0] (net)
                      0.704488    0.000000 20753.091797 ^ _1348_/B (gf180mcu_fd_sc_mcu7t5v0__oai211_1)
     2    0.009787    0.439905    0.345608 20753.437500 v _1348_/ZN (gf180mcu_fd_sc_mcu7t5v0__oai211_1)
                                                         _0761_ (net)
                      0.439905    0.000000 20753.437500 v _1350_/A2 (gf180mcu_fd_sc_mcu7t5v0__aoi211_1)
     2    0.010353    0.798835    0.525688 20753.964844 ^ _1350_/ZN (gf180mcu_fd_sc_mcu7t5v0__aoi211_1)
                                                         _0763_ (net)
                      0.798835    0.000000 20753.964844 ^ _1352_/B (gf180mcu_fd_sc_mcu7t5v0__aoi21_1)
     2    0.012615    0.482707    0.363798 20754.328125 v _1352_/ZN (gf180mcu_fd_sc_mcu7t5v0__aoi21_1)
                                                         _0764_ (net)
                      0.482707    0.000000 20754.328125 v _1356_/A1 (gf180mcu_fd_sc_mcu7t5v0__xnor2_1)
     1    0.003379    0.320141    0.309228 20754.636719 ^ _1356_/ZN (gf180mcu_fd_sc_mcu7t5v0__xnor2_1)
                                                         _0105_ (net)
                      0.320141    0.000000 20754.636719 ^ _2098_/D (gf180mcu_fd_sc_mcu7t5v0__dffrnq_1)
                                           20754.636719   data arrival time

                               20833.279297 20833.279297   clock clk_div (rise edge)
                                  0.000000 20833.279297   clock source latency
    83    0.353267    0.000000    0.000000 20833.279297 ^ clk (in)
                                                         clk (net)
                      0.011495    0.005457 20833.285156 ^ _2098_/CLK (gf180mcu_fd_sc_mcu7t5v0__dffrnq_1)
                                 -0.250000 20833.035156   clock uncertainty
                                  0.000000 20833.035156   clock reconvergence pessimism
                                 -0.353056 20832.681641   library setup time
                                           20832.681641   data required time
---------------------------------------------------------------------------------------------
                                           20832.681641   data required time
                                           -20754.636719   data arrival time
---------------------------------------------------------------------------------------------
                                             78.044815   slack (MET)


Startpoint: _2097_ (rising edge-triggered flip-flop clocked by clk)
Endpoint: _2073_ (rising edge-triggered flip-flop clocked by clk)
Path Group: clk
Path Type: max

Fanout         Cap        Slew       Delay        Time   Description
---------------------------------------------------------------------------------------------
                                  0.000000    0.000000   clock clk (rise edge)
                                  0.000000    0.000000   clock source latency
    83    0.353267    0.000000    0.000000    0.000000 ^ clk (in)
                                                         clk (net)
                      0.011544    0.004722    0.004722 ^ _2097_/CLK (gf180mcu_fd_sc_mcu7t5v0__dffrnq_1)
     8    0.037530    0.661976    1.177272    1.181994 ^ _2097_/Q (gf180mcu_fd_sc_mcu7t5v0__dffrnq_1)
                                                         u_cas_int.out_int2[2] (net)
                      0.661976    0.000018    1.182012 ^ _1159_/A1 (gf180mcu_fd_sc_mcu7t5v0__and2_1)
     3    0.013508    0.296309    0.442337    1.624349 ^ _1159_/Z (gf180mcu_fd_sc_mcu7t5v0__and2_1)
                                                         _0596_ (net)
                      0.296309    0.000024    1.624373 ^ _1160_/A2 (gf180mcu_fd_sc_mcu7t5v0__nor2_1)
     3    0.014855    0.299882    0.246469    1.870842 v _1160_/ZN (gf180mcu_fd_sc_mcu7t5v0__nor2_1)
                                                         _0597_ (net)
                      0.299882    0.000019    1.870862 v _1167_/A1 (gf180mcu_fd_sc_mcu7t5v0__aoi21_1)
     1    0.008234    0.445038    0.295235    2.166097 ^ _1167_/ZN (gf180mcu_fd_sc_mcu7t5v0__aoi21_1)
                                                         _0603_ (net)
                      0.445038    0.000026    2.166122 ^ _1170_/A3 (gf180mcu_fd_sc_mcu7t5v0__xor3_1)
     1    0.003116    0.319492    0.383665    2.549788 ^ _1170_/Z (gf180mcu_fd_sc_mcu7t5v0__xor3_1)
                                                         _0130_ (net)
                      0.319492    0.000001    2.549789 ^ _2073_/D (gf180mcu_fd_sc_mcu7t5v0__dffrnq_1)
                                              2.549789   data arrival time

                                 81.379997   81.379997   clock clk (rise edge)
                                  0.000000   81.379997   clock source latency
    83    0.353267    0.000000    0.000000   81.379997 ^ clk (in)
                                                         clk (net)
                      0.011912    0.004874   81.384872 ^ _2073_/CLK (gf180mcu_fd_sc_mcu7t5v0__dffrnq_1)
                                 -0.250000   81.134872   clock uncertainty
                                  0.000000   81.134872   clock reconvergence pessimism
                                 -0.352897   80.781975   library setup time
                                             80.781975   data required time
---------------------------------------------------------------------------------------------
                                             80.781975   data required time
                                             -2.549789   data arrival time
---------------------------------------------------------------------------------------------
                                             78.232185   slack (MET)


Startpoint: _2097_ (rising edge-triggered flip-flop clocked by clk)
Endpoint: _2073_ (rising edge-triggered flip-flop clocked by clk_div)
Path Group: clk_div
Path Type: max

Fanout         Cap        Slew       Delay        Time   Description
---------------------------------------------------------------------------------------------
                               20751.898438 20751.898438   clock clk (rise edge)
                                  0.000000 20751.898438   clock source latency
    83    0.353267    0.000000    0.000000 20751.898438 ^ clk (in)
                                                         clk (net)
                      0.011544    0.005457 20751.904297 ^ _2097_/CLK (gf180mcu_fd_sc_mcu7t5v0__dffrnq_1)
     8    0.037530    0.661976    1.176886 20753.082031 ^ _2097_/Q (gf180mcu_fd_sc_mcu7t5v0__dffrnq_1)
                                                         u_cas_int.out_int2[2] (net)
                      0.661976    0.000000 20753.082031 ^ _1159_/A1 (gf180mcu_fd_sc_mcu7t5v0__and2_1)
     3    0.013508    0.296309    0.442014 20753.523438 ^ _1159_/Z (gf180mcu_fd_sc_mcu7t5v0__and2_1)
                                                         _0596_ (net)
                      0.296309    0.000000 20753.523438 ^ _1160_/A2 (gf180mcu_fd_sc_mcu7t5v0__nor2_1)
     3    0.014855    0.299882    0.247383 20753.771484 v _1160_/ZN (gf180mcu_fd_sc_mcu7t5v0__nor2_1)
                                                         _0597_ (net)
                      0.299882    0.000000 20753.771484 v _1167_/A1 (gf180mcu_fd_sc_mcu7t5v0__aoi21_1)
     1    0.008234    0.445038    0.294676 20754.066406 ^ _1167_/ZN (gf180mcu_fd_sc_mcu7t5v0__aoi21_1)
                                                         _0603_ (net)
                      0.445038    0.000000 20754.066406 ^ _1170_/A3 (gf180mcu_fd_sc_mcu7t5v0__xor3_1)
     1    0.003116    0.319492    0.383807 20754.449219 ^ _1170_/Z (gf180mcu_fd_sc_mcu7t5v0__xor3_1)
                                                         _0130_ (net)
                      0.319492    0.000000 20754.449219 ^ _2073_/D (gf180mcu_fd_sc_mcu7t5v0__dffrnq_1)
                                           20754.449219   data arrival time

                               20833.279297 20833.279297   clock clk_div (rise edge)
                                  0.000000 20833.279297   clock source latency
    83    0.353267    0.000000    0.000000 20833.279297 ^ clk (in)
                                                         clk (net)
                      0.011912    0.005457 20833.285156 ^ _2073_/CLK (gf180mcu_fd_sc_mcu7t5v0__dffrnq_1)
                                 -0.250000 20833.035156   clock uncertainty
                                  0.000000 20833.035156   clock reconvergence pessimism
                                 -0.352897 20832.681641   library setup time
                                           20832.681641   data required time
---------------------------------------------------------------------------------------------
                                           20832.681641   data required time
                                           -20754.449219   data arrival time
---------------------------------------------------------------------------------------------
                                             78.232185   slack (MET)


Startpoint: _2071_ (rising edge-triggered flip-flop clocked by clk)
Endpoint: _2071_ (rising edge-triggered flip-flop clocked by clk)
Path Group: clk
Path Type: max

Fanout         Cap        Slew       Delay        Time   Description
---------------------------------------------------------------------------------------------
                                  0.000000    0.000000   clock clk (rise edge)
                                  0.000000    0.000000   clock source latency
    83    0.353267    0.000000    0.000000    0.000000 ^ clk (in)
                                                         clk (net)
                      0.012021    0.004917    0.004917 ^ _2071_/CLK (gf180mcu_fd_sc_mcu7t5v0__dffrnq_1)
     5    0.022584    0.435320    1.037664    1.042581 ^ _2071_/Q (gf180mcu_fd_sc_mcu7t5v0__dffrnq_1)
                                                         out_cas_int[1] (net)
                      0.435320    0.000012    1.042593 ^ _1035_/I (gf180mcu_fd_sc_mcu7t5v0__clkinv_1)
     4    0.022443    0.427313    0.343773    1.386366 v _1035_/ZN (gf180mcu_fd_sc_mcu7t5v0__clkinv_1)
                                                         _0478_ (net)
                      0.427313    0.000031    1.386398 v _1157_/A2 (gf180mcu_fd_sc_mcu7t5v0__xor3_1)
     1    0.003096    0.230509    1.124822    2.511220 v _1157_/Z (gf180mcu_fd_sc_mcu7t5v0__xor3_1)
                                                         _0123_ (net)
                      0.230509    0.000001    2.511221 v _2071_/D (gf180mcu_fd_sc_mcu7t5v0__dffrnq_1)
                                              2.511221   data arrival time

                                 81.379997   81.379997   clock clk (rise edge)
                                  0.000000   81.379997   clock source latency
    83    0.353267    0.000000    0.000000   81.379997 ^ clk (in)
                                                         clk (net)
                      0.012021    0.004917   81.384911 ^ _2071_/CLK (gf180mcu_fd_sc_mcu7t5v0__dffrnq_1)
                                 -0.250000   81.134918   clock uncertainty
                                  0.000000   81.134918   clock reconvergence pessimism
                                 -0.189616   80.945297   library setup time
                                             80.945297   data required time
---------------------------------------------------------------------------------------------
                                             80.945297   data required time
                                             -2.511221   data arrival time
---------------------------------------------------------------------------------------------
                                             78.434082   slack (MET)


Startpoint: _2071_ (rising edge-triggered flip-flop clocked by clk)
Endpoint: _2071_ (rising edge-triggered flip-flop clocked by clk_div)
Path Group: clk_div
Path Type: max

Fanout         Cap        Slew       Delay        Time   Description
---------------------------------------------------------------------------------------------
                               20751.898438 20751.898438   clock clk (rise edge)
                                  0.000000 20751.898438   clock source latency
    83    0.353267    0.000000    0.000000 20751.898438 ^ clk (in)
                                                         clk (net)
                      0.012021    0.005457 20751.904297 ^ _2071_/CLK (gf180mcu_fd_sc_mcu7t5v0__dffrnq_1)
     5    0.022584    0.435320    1.036824 20752.941406 ^ _2071_/Q (gf180mcu_fd_sc_mcu7t5v0__dffrnq_1)
                                                         out_cas_int[1] (net)
                      0.435320    0.000000 20752.941406 ^ _1035_/I (gf180mcu_fd_sc_mcu7t5v0__clkinv_1)
     4    0.022443    0.427313    0.343789 20753.285156 v _1035_/ZN (gf180mcu_fd_sc_mcu7t5v0__clkinv_1)
                                                         _0478_ (net)
                      0.427313    0.000000 20753.285156 v _1157_/A2 (gf180mcu_fd_sc_mcu7t5v0__xor3_1)
     1    0.003096    0.230509    1.125955 20754.412109 v _1157_/Z (gf180mcu_fd_sc_mcu7t5v0__xor3_1)
                                                         _0123_ (net)
                      0.230509    0.000000 20754.412109 v _2071_/D (gf180mcu_fd_sc_mcu7t5v0__dffrnq_1)
                                           20754.412109   data arrival time

                               20833.279297 20833.279297   clock clk_div (rise edge)
                                  0.000000 20833.279297   clock source latency
    83    0.353267    0.000000    0.000000 20833.279297 ^ clk (in)
                                                         clk (net)
                      0.012021    0.005457 20833.285156 ^ _2071_/CLK (gf180mcu_fd_sc_mcu7t5v0__dffrnq_1)
                                 -0.250000 20833.035156   clock uncertainty
                                  0.000000 20833.035156   clock reconvergence pessimism
                                 -0.189616 20832.843750   library setup time
                                           20832.843750   data required time
---------------------------------------------------------------------------------------------
                                           20832.843750   data required time
                                           -20754.412109   data arrival time
---------------------------------------------------------------------------------------------
                                             78.434082   slack (MET)


Startpoint: _2145_ (rising edge-triggered flip-flop clocked by clk)
Endpoint: _2151_ (rising edge-triggered flip-flop clocked by clk)
Path Group: clk
Path Type: max

Fanout         Cap        Slew       Delay        Time   Description
---------------------------------------------------------------------------------------------
                                  0.000000    0.000000   clock clk (rise edge)
                                  0.000000    0.000000   clock source latency
    83    0.353267    0.000000    0.000000    0.000000 ^ clk (in)
                                                         clk (net)
                      0.005436    0.002224    0.002224 ^ _2145_/CLK (gf180mcu_fd_sc_mcu7t5v0__dffrnq_1)
     5    0.025870    0.500351    1.067257    1.069481 ^ _2145_/Q (gf180mcu_fd_sc_mcu7t5v0__dffrnq_1)
                                                         u_clock_div.counter[0] (net)
                      0.500351    0.000141    1.069622 ^ _1146_/A3 (gf180mcu_fd_sc_mcu7t5v0__and4_1)
     4    0.023071    0.469904    0.694437    1.764058 ^ _1146_/Z (gf180mcu_fd_sc_mcu7t5v0__and4_1)
                                                         _0588_ (net)
                      0.469904    0.000150    1.764209 ^ _1149_/A3 (gf180mcu_fd_sc_mcu7t5v0__nand3_1)
     1    0.007616    0.302484    0.198306    1.962514 v _1149_/ZN (gf180mcu_fd_sc_mcu7t5v0__nand3_1)
                                                         _0590_ (net)
                      0.302484    0.000005    1.962519 v _1152_/A2 (gf180mcu_fd_sc_mcu7t5v0__xnor2_1)
     1    0.003883    0.316084    0.265428    2.227947 ^ _1152_/ZN (gf180mcu_fd_sc_mcu7t5v0__xnor2_1)
                                                         _0143_ (net)
                      0.316084    0.000014    2.227962 ^ _2151_/D (gf180mcu_fd_sc_mcu7t5v0__dffrnq_1)
                                              2.227962   data arrival time

                                 81.379997   81.379997   clock clk (rise edge)
                                  0.000000   81.379997   clock source latency
    83    0.353267    0.000000    0.000000   81.379997 ^ clk (in)
                                                         clk (net)
                      0.001104    0.000455   81.380455 ^ _2151_/CLK (gf180mcu_fd_sc_mcu7t5v0__dffrnq_1)
                                 -0.250000   81.130455   clock uncertainty
                                  0.000000   81.130455   clock reconvergence pessimism
                                 -0.353984   80.776466   library setup time
                                             80.776466   data required time
---------------------------------------------------------------------------------------------
                                             80.776466   data required time
                                             -2.227962   data arrival time
---------------------------------------------------------------------------------------------
                                             78.548508   slack (MET)


Startpoint: _2145_ (rising edge-triggered flip-flop clocked by clk)
Endpoint: _2151_ (rising edge-triggered flip-flop clocked by clk_div)
Path Group: clk_div
Path Type: max

Fanout         Cap        Slew       Delay        Time   Description
---------------------------------------------------------------------------------------------
                               20751.898438 20751.898438   clock clk (rise edge)
                                  0.000000 20751.898438   clock source latency
    83    0.353267    0.000000    0.000000 20751.898438 ^ clk (in)
                                                         clk (net)
                      0.005436    0.001819 20751.900391 ^ _2145_/CLK (gf180mcu_fd_sc_mcu7t5v0__dffrnq_1)
     5    0.025870    0.500351    1.067747 20752.968750 ^ _2145_/Q (gf180mcu_fd_sc_mcu7t5v0__dffrnq_1)
                                                         u_clock_div.counter[0] (net)
                      0.500351    0.000000 20752.968750 ^ _1146_/A3 (gf180mcu_fd_sc_mcu7t5v0__and4_1)
     4    0.023071    0.469904    0.694854 20753.664062 ^ _1146_/Z (gf180mcu_fd_sc_mcu7t5v0__and4_1)
                                                         _0588_ (net)
                      0.469904    0.000000 20753.664062 ^ _1149_/A3 (gf180mcu_fd_sc_mcu7t5v0__nand3_1)
     1    0.007616    0.302484    0.198270 20753.861328 v _1149_/ZN (gf180mcu_fd_sc_mcu7t5v0__nand3_1)
                                                         _0590_ (net)
                      0.302484    0.000000 20753.861328 v _1152_/A2 (gf180mcu_fd_sc_mcu7t5v0__xnor2_1)
     1    0.003883    0.316084    0.265572 20754.126953 ^ _1152_/ZN (gf180mcu_fd_sc_mcu7t5v0__xnor2_1)
                                                         _0143_ (net)
                      0.316084    0.000000 20754.126953 ^ _2151_/D (gf180mcu_fd_sc_mcu7t5v0__dffrnq_1)
                                           20754.126953   data arrival time

                               20833.279297 20833.279297   clock clk_div (rise edge)
                                  0.000000 20833.279297   clock source latency
    83    0.353267    0.000000    0.000000 20833.279297 ^ clk (in)
                                                         clk (net)
                      0.001104    0.000000 20833.279297 ^ _2151_/CLK (gf180mcu_fd_sc_mcu7t5v0__dffrnq_1)
                                 -0.250000 20833.029297   clock uncertainty
                                  0.000000 20833.029297   clock reconvergence pessimism
                                 -0.353984 20832.675781   library setup time
                                           20832.675781   data required time
---------------------------------------------------------------------------------------------
                                           20832.675781   data required time
                                           -20754.126953   data arrival time
---------------------------------------------------------------------------------------------
                                             78.548508   slack (MET)


Startpoint: _2095_ (rising edge-triggered flip-flop clocked by clk)
Endpoint: _2072_ (rising edge-triggered flip-flop clocked by clk)
Path Group: clk
Path Type: max

Fanout         Cap        Slew       Delay        Time   Description
---------------------------------------------------------------------------------------------
                                  0.000000    0.000000   clock clk (rise edge)
                                  0.000000    0.000000   clock source latency
    83    0.353267    0.000000    0.000000    0.000000 ^ clk (in)
                                                         clk (net)
                      0.011602    0.004745    0.004745 ^ _2095_/CLK (gf180mcu_fd_sc_mcu7t5v0__dffrnq_1)
     6    0.036160    0.662081    1.164662    1.169407 ^ _2095_/Q (gf180mcu_fd_sc_mcu7t5v0__dffrnq_1)
                                                         u_cas_int.out_int2[0] (net)
                      0.662081    0.000050    1.169457 ^ _1154_/A1 (gf180mcu_fd_sc_mcu7t5v0__nand2_1)
     2    0.012956    0.350790    0.249546    1.419003 v _1154_/ZN (gf180mcu_fd_sc_mcu7t5v0__nand2_1)
                                                         _0592_ (net)
                      0.350790    0.000012    1.419015 v _1162_/A2 (gf180mcu_fd_sc_mcu7t5v0__oai21_1)
     3    0.014800    0.588911    0.420871    1.839886 ^ _1162_/ZN (gf180mcu_fd_sc_mcu7t5v0__oai21_1)
                                                         _0599_ (net)
                      0.588911    0.000053    1.839939 ^ _1163_/A2 (gf180mcu_fd_sc_mcu7t5v0__nor2_1)
     1    0.004637    0.254213    0.176957    2.016896 v _1163_/ZN (gf180mcu_fd_sc_mcu7t5v0__nor2_1)
                                                         _0600_ (net)
                      0.254213    0.000003    2.016899 v _1166_/A1 (gf180mcu_fd_sc_mcu7t5v0__nor2_1)
     1    0.003348    0.256385    0.190672    2.207571 ^ _1166_/ZN (gf180mcu_fd_sc_mcu7t5v0__nor2_1)
                                                         _0129_ (net)
                      0.256385    0.000005    2.207576 ^ _2072_/D (gf180mcu_fd_sc_mcu7t5v0__dffrnq_1)
                                              2.207576   data arrival time

                                 81.379997   81.379997   clock clk (rise edge)
                                  0.000000   81.379997   clock source latency
    83    0.353267    0.000000    0.000000   81.379997 ^ clk (in)
                                                         clk (net)
                      0.011968    0.004896   81.384895 ^ _2072_/CLK (gf180mcu_fd_sc_mcu7t5v0__dffrnq_1)
                                 -0.250000   81.134895   clock uncertainty
                                  0.000000   81.134895   clock reconvergence pessimism
                                 -0.343391   80.791504   library setup time
                                             80.791504   data required time
---------------------------------------------------------------------------------------------
                                             80.791504   data required time
                                             -2.207576   data arrival time
---------------------------------------------------------------------------------------------
                                             78.583923   slack (MET)


Startpoint: _2095_ (rising edge-triggered flip-flop clocked by clk)
Endpoint: _2072_ (rising edge-triggered flip-flop clocked by clk_div)
Path Group: clk_div
Path Type: max

Fanout         Cap        Slew       Delay        Time   Description
---------------------------------------------------------------------------------------------
                               20751.898438 20751.898438   clock clk (rise edge)
                                  0.000000 20751.898438   clock source latency
    83    0.353267    0.000000    0.000000 20751.898438 ^ clk (in)
                                                         clk (net)
                      0.011602    0.005457 20751.904297 ^ _2095_/CLK (gf180mcu_fd_sc_mcu7t5v0__dffrnq_1)
     6    0.036160    0.662081    1.164153 20753.068359 ^ _2095_/Q (gf180mcu_fd_sc_mcu7t5v0__dffrnq_1)
                                                         u_cas_int.out_int2[0] (net)
                      0.662081    0.000000 20753.068359 ^ _1154_/A1 (gf180mcu_fd_sc_mcu7t5v0__nand2_1)
     2    0.012956    0.350790    0.249202 20753.318359 v _1154_/ZN (gf180mcu_fd_sc_mcu7t5v0__nand2_1)
                                                         _0592_ (net)
                      0.350790    0.000000 20753.318359 v _1162_/A2 (gf180mcu_fd_sc_mcu7t5v0__oai21_1)
     3    0.014800    0.588911    0.420187 20753.738281 ^ _1162_/ZN (gf180mcu_fd_sc_mcu7t5v0__oai21_1)
                                                         _0599_ (net)
                      0.588911    0.001819 20753.740234 ^ _1163_/A2 (gf180mcu_fd_sc_mcu7t5v0__nor2_1)
     1    0.004637    0.254213    0.176442 20753.916016 v _1163_/ZN (gf180mcu_fd_sc_mcu7t5v0__nor2_1)
                                                         _0600_ (net)
                      0.254213    0.000000 20753.916016 v _1166_/A1 (gf180mcu_fd_sc_mcu7t5v0__nor2_1)
     1    0.003348    0.256385    0.190994 20754.107422 ^ _1166_/ZN (gf180mcu_fd_sc_mcu7t5v0__nor2_1)
                                                         _0129_ (net)
                      0.256385    0.000000 20754.107422 ^ _2072_/D (gf180mcu_fd_sc_mcu7t5v0__dffrnq_1)
                                           20754.107422   data arrival time

                               20833.279297 20833.279297   clock clk_div (rise edge)
                                  0.000000 20833.279297   clock source latency
    83    0.353267    0.000000    0.000000 20833.279297 ^ clk (in)
                                                         clk (net)
                      0.011968    0.005457 20833.285156 ^ _2072_/CLK (gf180mcu_fd_sc_mcu7t5v0__dffrnq_1)
                                 -0.250000 20833.035156   clock uncertainty
                                  0.000000 20833.035156   clock reconvergence pessimism
                                 -0.343391 20832.691406   library setup time
                                           20832.691406   data required time
---------------------------------------------------------------------------------------------
                                           20832.691406   data required time
                                           -20754.107422   data arrival time
---------------------------------------------------------------------------------------------
                                             78.583923   slack (MET)


Startpoint: _2120_ (rising edge-triggered flip-flop clocked by clk)
Endpoint: _2097_ (rising edge-triggered flip-flop clocked by clk)
Path Group: clk
Path Type: max

Fanout         Cap        Slew       Delay        Time   Description
---------------------------------------------------------------------------------------------
                                  0.000000    0.000000   clock clk (rise edge)
                                  0.000000    0.000000   clock source latency
    83    0.353267    0.000000    0.000000    0.000000 ^ clk (in)
                                                         clk (net)
                      0.010145    0.004150    0.004150 ^ _2120_/CLK (gf180mcu_fd_sc_mcu7t5v0__dffrnq_1)
     7    0.038777    0.704488    1.188649    1.192798 ^ _2120_/Q (gf180mcu_fd_sc_mcu7t5v0__dffrnq_1)
                                                         u_cas_int.out_int1[0] (net)
                      0.704488    0.000039    1.192837 ^ _1348_/B (gf180mcu_fd_sc_mcu7t5v0__oai211_1)
     2    0.009787    0.439905    0.346384    1.539221 v _1348_/ZN (gf180mcu_fd_sc_mcu7t5v0__oai211_1)
                                                         _0761_ (net)
                      0.439905    0.000015    1.539236 v _1349_/A2 (gf180mcu_fd_sc_mcu7t5v0__nand2_1)
     1    0.007921    0.282813    0.272342    1.811578 ^ _1349_/ZN (gf180mcu_fd_sc_mcu7t5v0__nand2_1)
                                                         _0762_ (net)
                      0.282813    0.000015    1.811593 ^ _1351_/A3 (gf180mcu_fd_sc_mcu7t5v0__xor3_1)
     1    0.003161    0.319801    0.373496    2.185090 ^ _1351_/Z (gf180mcu_fd_sc_mcu7t5v0__xor3_1)
                                                         _0104_ (net)
                      0.319801    0.000002    2.185091 ^ _2097_/D (gf180mcu_fd_sc_mcu7t5v0__dffrnq_1)
                                              2.185091   data arrival time

                                 81.379997   81.379997   clock clk (rise edge)
                                  0.000000   81.379997   clock source latency
    83    0.353267    0.000000    0.000000   81.379997 ^ clk (in)
                                                         clk (net)
                      0.011544    0.004725   81.384720 ^ _2097_/CLK (gf180mcu_fd_sc_mcu7t5v0__dffrnq_1)
                                 -0.250000   81.134727   clock uncertainty
                                  0.000000   81.134727   clock reconvergence pessimism
                                 -0.352998   80.781723   library setup time
                                             80.781723   data required time
---------------------------------------------------------------------------------------------
                                             80.781723   data required time
                                             -2.185091   data arrival time
---------------------------------------------------------------------------------------------
                                             78.596634   slack (MET)


Startpoint: _2120_ (rising edge-triggered flip-flop clocked by clk)
Endpoint: _2097_ (rising edge-triggered flip-flop clocked by clk_div)
Path Group: clk_div
Path Type: max

Fanout         Cap        Slew       Delay        Time   Description
---------------------------------------------------------------------------------------------
                               20751.898438 20751.898438   clock clk (rise edge)
                                  0.000000 20751.898438   clock source latency
    83    0.353267    0.000000    0.000000 20751.898438 ^ clk (in)
                                                         clk (net)
                      0.010145    0.003638 20751.902344 ^ _2120_/CLK (gf180mcu_fd_sc_mcu7t5v0__dffrnq_1)
     7    0.038777    0.704488    1.189619 20753.091797 ^ _2120_/Q (gf180mcu_fd_sc_mcu7t5v0__dffrnq_1)
                                                         u_cas_int.out_int1[0] (net)
                      0.704488    0.000000 20753.091797 ^ _1348_/B (gf180mcu_fd_sc_mcu7t5v0__oai211_1)
     2    0.009787    0.439905    0.345608 20753.437500 v _1348_/ZN (gf180mcu_fd_sc_mcu7t5v0__oai211_1)
                                                         _0761_ (net)
                      0.439905    0.000000 20753.437500 v _1349_/A2 (gf180mcu_fd_sc_mcu7t5v0__nand2_1)
     1    0.007921    0.282813    0.272848 20753.710938 ^ _1349_/ZN (gf180mcu_fd_sc_mcu7t5v0__nand2_1)
                                                         _0762_ (net)
                      0.282813    0.000000 20753.710938 ^ _1351_/A3 (gf180mcu_fd_sc_mcu7t5v0__xor3_1)
     1    0.003161    0.319801    0.372893 20754.083984 ^ _1351_/Z (gf180mcu_fd_sc_mcu7t5v0__xor3_1)
                                                         _0104_ (net)
                      0.319801    0.000000 20754.083984 ^ _2097_/D (gf180mcu_fd_sc_mcu7t5v0__dffrnq_1)
                                           20754.083984   data arrival time

                               20833.279297 20833.279297   clock clk_div (rise edge)
                                  0.000000 20833.279297   clock source latency
    83    0.353267    0.000000    0.000000 20833.279297 ^ clk (in)
                                                         clk (net)
                      0.011544    0.005457 20833.285156 ^ _2097_/CLK (gf180mcu_fd_sc_mcu7t5v0__dffrnq_1)
                                 -0.250000 20833.035156   clock uncertainty
                                  0.000000 20833.035156   clock reconvergence pessimism
                                 -0.352998 20832.681641   library setup time
                                           20832.681641   data required time
---------------------------------------------------------------------------------------------
                                           20832.681641   data required time
                                           -20754.083984   data arrival time
---------------------------------------------------------------------------------------------
                                             78.596634   slack (MET)


Startpoint: _2145_ (rising edge-triggered flip-flop clocked by clk)
Endpoint: _2150_ (rising edge-triggered flip-flop clocked by clk)
Path Group: clk
Path Type: max

Fanout         Cap        Slew       Delay        Time   Description
---------------------------------------------------------------------------------------------
                                  0.000000    0.000000   clock clk (rise edge)
                                  0.000000    0.000000   clock source latency
    83    0.353267    0.000000    0.000000    0.000000 ^ clk (in)
                                                         clk (net)
                      0.005436    0.002224    0.002224 ^ _2145_/CLK (gf180mcu_fd_sc_mcu7t5v0__dffrnq_1)
     5    0.025870    0.500351    1.067257    1.069481 ^ _2145_/Q (gf180mcu_fd_sc_mcu7t5v0__dffrnq_1)
                                                         u_clock_div.counter[0] (net)
                      0.500351    0.000141    1.069622 ^ _1146_/A3 (gf180mcu_fd_sc_mcu7t5v0__and4_1)
     4    0.023071    0.469904    0.694437    1.764058 ^ _1146_/Z (gf180mcu_fd_sc_mcu7t5v0__and4_1)
                                                         _0588_ (net)
                      0.469904    0.000184    1.764242 ^ _1147_/A2 (gf180mcu_fd_sc_mcu7t5v0__nand2_1)
     1    0.007578    0.236961    0.154206    1.918448 v _1147_/ZN (gf180mcu_fd_sc_mcu7t5v0__nand2_1)
                                                         _0589_ (net)
                      0.236961    0.000004    1.918453 v _1150_/A2 (gf180mcu_fd_sc_mcu7t5v0__xnor2_1)
     1    0.003206    0.289907    0.240573    2.159025 ^ _1150_/ZN (gf180mcu_fd_sc_mcu7t5v0__xnor2_1)
                                                         _0142_ (net)
                      0.289907    0.000003    2.159028 ^ _2150_/D (gf180mcu_fd_sc_mcu7t5v0__dffrnq_1)
                                              2.159028   data arrival time

                                 81.379997   81.379997   clock clk (rise edge)
                                  0.000000   81.379997   clock source latency
    83    0.353267    0.000000    0.000000   81.379997 ^ clk (in)
                                                         clk (net)
                      0.001654    0.000675   81.380669 ^ _2150_/CLK (gf180mcu_fd_sc_mcu7t5v0__dffrnq_1)
                                 -0.250000   81.130676   clock uncertainty
                                  0.000000   81.130676   clock reconvergence pessimism
                                 -0.350016   80.780663   library setup time
                                             80.780663   data required time
---------------------------------------------------------------------------------------------
                                             80.780663   data required time
                                             -2.159028   data arrival time
---------------------------------------------------------------------------------------------
                                             78.621635   slack (MET)


Startpoint: _2145_ (rising edge-triggered flip-flop clocked by clk)
Endpoint: _2150_ (rising edge-triggered flip-flop clocked by clk_div)
Path Group: clk_div
Path Type: max

Fanout         Cap        Slew       Delay        Time   Description
---------------------------------------------------------------------------------------------
                               20751.898438 20751.898438   clock clk (rise edge)
                                  0.000000 20751.898438   clock source latency
    83    0.353267    0.000000    0.000000 20751.898438 ^ clk (in)
                                                         clk (net)
                      0.005436    0.001819 20751.900391 ^ _2145_/CLK (gf180mcu_fd_sc_mcu7t5v0__dffrnq_1)
     5    0.025870    0.500351    1.067747 20752.968750 ^ _2145_/Q (gf180mcu_fd_sc_mcu7t5v0__dffrnq_1)
                                                         u_clock_div.counter[0] (net)
                      0.500351    0.000000 20752.968750 ^ _1146_/A3 (gf180mcu_fd_sc_mcu7t5v0__and4_1)
     4    0.023071    0.469904    0.694854 20753.664062 ^ _1146_/Z (gf180mcu_fd_sc_mcu7t5v0__and4_1)
                                                         _0588_ (net)
                      0.469904    0.000000 20753.664062 ^ _1147_/A2 (gf180mcu_fd_sc_mcu7t5v0__nand2_1)
     1    0.007578    0.236961    0.154614 20753.818359 v _1147_/ZN (gf180mcu_fd_sc_mcu7t5v0__nand2_1)
                                                         _0589_ (net)
                      0.236961    0.000000 20753.818359 v _1150_/A2 (gf180mcu_fd_sc_mcu7t5v0__xnor2_1)
     1    0.003206    0.289907    0.240107 20754.058594 ^ _1150_/ZN (gf180mcu_fd_sc_mcu7t5v0__xnor2_1)
                                                         _0142_ (net)
                      0.289907    0.000000 20754.058594 ^ _2150_/D (gf180mcu_fd_sc_mcu7t5v0__dffrnq_1)
                                           20754.058594   data arrival time

                               20833.279297 20833.279297   clock clk_div (rise edge)
                                  0.000000 20833.279297   clock source latency
    83    0.353267    0.000000    0.000000 20833.279297 ^ clk (in)
                                                         clk (net)
                      0.001654    0.000000 20833.279297 ^ _2150_/CLK (gf180mcu_fd_sc_mcu7t5v0__dffrnq_1)
                                 -0.250000 20833.029297   clock uncertainty
                                  0.000000 20833.029297   clock reconvergence pessimism
                                 -0.350016 20832.681641   library setup time
                                           20832.681641   data required time
---------------------------------------------------------------------------------------------
                                           20832.681641   data required time
                                           -20754.058594   data arrival time
---------------------------------------------------------------------------------------------
                                             78.621635   slack (MET)


Startpoint: _2096_ (rising edge-triggered flip-flop clocked by clk)
Endpoint: _2096_ (rising edge-triggered flip-flop clocked by clk)
Path Group: clk
Path Type: max

Fanout         Cap        Slew       Delay        Time   Description
---------------------------------------------------------------------------------------------
                                  0.000000    0.000000   clock clk (rise edge)
                                  0.000000    0.000000   clock source latency
    83    0.353267    0.000000    0.000000    0.000000 ^ clk (in)
                                                         clk (net)
                      0.011602    0.004746    0.004746 ^ _2096_/CLK (gf180mcu_fd_sc_mcu7t5v0__dffrnq_1)
     7    0.036234    0.663247    1.165356    1.170101 ^ _2096_/Q (gf180mcu_fd_sc_mcu7t5v0__dffrnq_1)
                                                         u_cas_int.out_int2[1] (net)
                      0.663247    0.000097    1.170199 ^ _1345_/A1 (gf180mcu_fd_sc_mcu7t5v0__xnor3_1)
     1    0.003148    0.307009    0.989070    2.159269 ^ _1345_/ZN (gf180mcu_fd_sc_mcu7t5v0__xnor3_1)
                                                         _0098_ (net)
                      0.307009    0.000002    2.159271 ^ _2096_/D (gf180mcu_fd_sc_mcu7t5v0__dffrnq_1)
                                              2.159271   data arrival time

                                 81.379997   81.379997   clock clk (rise edge)
                                  0.000000   81.379997   clock source latency
    83    0.353267    0.000000    0.000000   81.379997 ^ clk (in)
                                                         clk (net)
                      0.011602    0.004746   81.384743 ^ _2096_/CLK (gf180mcu_fd_sc_mcu7t5v0__dffrnq_1)
                                 -0.250000   81.134743   clock uncertainty
                                  0.000000   81.134743   clock reconvergence pessimism
                                 -0.351065   80.783684   library setup time
                                             80.783684   data required time
---------------------------------------------------------------------------------------------
                                             80.783684   data required time
                                             -2.159271   data arrival time
---------------------------------------------------------------------------------------------
                                             78.624413   slack (MET)


Startpoint: _2096_ (rising edge-triggered flip-flop clocked by clk)
Endpoint: _2096_ (rising edge-triggered flip-flop clocked by clk_div)
Path Group: clk_div
Path Type: max

Fanout         Cap        Slew       Delay        Time   Description
---------------------------------------------------------------------------------------------
                               20751.898438 20751.898438   clock clk (rise edge)
                                  0.000000 20751.898438   clock source latency
    83    0.353267    0.000000    0.000000 20751.898438 ^ clk (in)
                                                         clk (net)
                      0.011602    0.005457 20751.904297 ^ _2096_/CLK (gf180mcu_fd_sc_mcu7t5v0__dffrnq_1)
     7    0.036234    0.663247    1.164153 20753.068359 ^ _2096_/Q (gf180mcu_fd_sc_mcu7t5v0__dffrnq_1)
                                                         u_cas_int.out_int2[1] (net)
                      0.663247    0.000000 20753.068359 ^ _1345_/A1 (gf180mcu_fd_sc_mcu7t5v0__xnor3_1)
     1    0.003148    0.307009    0.989530 20754.058594 ^ _1345_/ZN (gf180mcu_fd_sc_mcu7t5v0__xnor3_1)
                                                         _0098_ (net)
                      0.307009    0.000000 20754.058594 ^ _2096_/D (gf180mcu_fd_sc_mcu7t5v0__dffrnq_1)
                                           20754.058594   data arrival time

                               20833.279297 20833.279297   clock clk_div (rise edge)
                                  0.000000 20833.279297   clock source latency
    83    0.353267    0.000000    0.000000 20833.279297 ^ clk (in)
                                                         clk (net)
                      0.011602    0.005457 20833.285156 ^ _2096_/CLK (gf180mcu_fd_sc_mcu7t5v0__dffrnq_1)
                                 -0.250000 20833.035156   clock uncertainty
                                  0.000000 20833.035156   clock reconvergence pessimism
                                 -0.351065 20832.681641   library setup time
                                           20832.681641   data required time
---------------------------------------------------------------------------------------------
                                           20832.681641   data required time
                                           -20754.058594   data arrival time
---------------------------------------------------------------------------------------------
                                             78.624413   slack (MET)


Startpoint: _2145_ (rising edge-triggered flip-flop clocked by clk)
Endpoint: _2149_ (rising edge-triggered flip-flop clocked by clk)
Path Group: clk
Path Type: max

Fanout         Cap        Slew       Delay        Time   Description
---------------------------------------------------------------------------------------------
                                  0.000000    0.000000   clock clk (rise edge)
                                  0.000000    0.000000   clock source latency
    83    0.353267    0.000000    0.000000    0.000000 ^ clk (in)
                                                         clk (net)
                      0.005436    0.002224    0.002224 ^ _2145_/CLK (gf180mcu_fd_sc_mcu7t5v0__dffrnq_1)
     5    0.025870    0.500351    1.067257    1.069481 ^ _2145_/Q (gf180mcu_fd_sc_mcu7t5v0__dffrnq_1)
                                                         u_clock_div.counter[0] (net)
                      0.500351    0.000141    1.069622 ^ _1146_/A3 (gf180mcu_fd_sc_mcu7t5v0__and4_1)
     4    0.023071    0.469904    0.694437    1.764058 ^ _1146_/Z (gf180mcu_fd_sc_mcu7t5v0__and4_1)
                                                         _0588_ (net)
                      0.469904    0.000201    1.764259 ^ _1148_/A2 (gf180mcu_fd_sc_mcu7t5v0__xor2_1)
     1    0.003169    0.303829    0.336173    2.100433 ^ _1148_/Z (gf180mcu_fd_sc_mcu7t5v0__xor2_1)
                                                         _0141_ (net)
                      0.303829    0.000002    2.100435 ^ _2149_/D (gf180mcu_fd_sc_mcu7t5v0__dffrnq_1)
                                              2.100435   data arrival time

                                 81.379997   81.379997   clock clk (rise edge)
                                  0.000000   81.379997   clock source latency
    83    0.353267    0.000000    0.000000   81.379997 ^ clk (in)
                                                         clk (net)
                      0.002719    0.001116   81.381111 ^ _2149_/CLK (gf180mcu_fd_sc_mcu7t5v0__dffrnq_1)
                                 -0.250000   81.131111   clock uncertainty
                                  0.000000   81.131111   clock reconvergence pessimism
                                 -0.351923   80.779190   library setup time
                                             80.779190   data required time
---------------------------------------------------------------------------------------------
                                             80.779190   data required time
                                             -2.100435   data arrival time
---------------------------------------------------------------------------------------------
                                             78.678757   slack (MET)


Startpoint: _2145_ (rising edge-triggered flip-flop clocked by clk)
Endpoint: _2149_ (rising edge-triggered flip-flop clocked by clk_div)
Path Group: clk_div
Path Type: max

Fanout         Cap        Slew       Delay        Time   Description
---------------------------------------------------------------------------------------------
                               20751.898438 20751.898438   clock clk (rise edge)
                                  0.000000 20751.898438   clock source latency
    83    0.353267    0.000000    0.000000 20751.898438 ^ clk (in)
                                                         clk (net)
                      0.005436    0.001819 20751.900391 ^ _2145_/CLK (gf180mcu_fd_sc_mcu7t5v0__dffrnq_1)
     5    0.025870    0.500351    1.067747 20752.968750 ^ _2145_/Q (gf180mcu_fd_sc_mcu7t5v0__dffrnq_1)
                                                         u_clock_div.counter[0] (net)
                      0.500351    0.000000 20752.968750 ^ _1146_/A3 (gf180mcu_fd_sc_mcu7t5v0__and4_1)
     4    0.023071    0.469904    0.694854 20753.664062 ^ _1146_/Z (gf180mcu_fd_sc_mcu7t5v0__and4_1)
                                                         _0588_ (net)
                      0.469904    0.000000 20753.664062 ^ _1148_/A2 (gf180mcu_fd_sc_mcu7t5v0__xor2_1)
     1    0.003169    0.303829    0.336513 20754.000000 ^ _1148_/Z (gf180mcu_fd_sc_mcu7t5v0__xor2_1)
                                                         _0141_ (net)
                      0.303829    0.000000 20754.000000 ^ _2149_/D (gf180mcu_fd_sc_mcu7t5v0__dffrnq_1)
                                           20754.000000   data arrival time

                               20833.279297 20833.279297   clock clk_div (rise edge)
                                  0.000000 20833.279297   clock source latency
    83    0.353267    0.000000    0.000000 20833.279297 ^ clk (in)
                                                         clk (net)
                      0.002719    0.001819 20833.281250 ^ _2149_/CLK (gf180mcu_fd_sc_mcu7t5v0__dffrnq_1)
                                 -0.250000 20833.031250   clock uncertainty
                                  0.000000 20833.031250   clock reconvergence pessimism
                                 -0.351923 20832.679688   library setup time
                                           20832.679688   data required time
---------------------------------------------------------------------------------------------
                                           20832.679688   data required time
                                           -20754.000000   data arrival time
---------------------------------------------------------------------------------------------
                                             78.678757   slack (MET)


Startpoint: _2095_ (rising edge-triggered flip-flop clocked by clk)
Endpoint: _2095_ (rising edge-triggered flip-flop clocked by clk)
Path Group: clk
Path Type: max

Fanout         Cap        Slew       Delay        Time   Description
---------------------------------------------------------------------------------------------
                                  0.000000    0.000000   clock clk (rise edge)
                                  0.000000    0.000000   clock source latency
    83    0.353267    0.000000    0.000000    0.000000 ^ clk (in)
                                                         clk (net)
                      0.011602    0.004745    0.004745 ^ _2095_/CLK (gf180mcu_fd_sc_mcu7t5v0__dffrnq_1)
     6    0.036160    0.662081    1.164662    1.169407 ^ _2095_/Q (gf180mcu_fd_sc_mcu7t5v0__dffrnq_1)
                                                         u_cas_int.out_int2[0] (net)
                      0.662081    0.000078    1.169485 ^ _2068_/A1 (gf180mcu_fd_sc_mcu7t5v0__xor2_1)
     1    0.003120    0.316727    0.394442    1.563927 ^ _2068_/Z (gf180mcu_fd_sc_mcu7t5v0__xor2_1)
                                                         _0087_ (net)
                      0.316727    0.000002    1.563928 ^ _2095_/D (gf180mcu_fd_sc_mcu7t5v0__dffrnq_1)
                                              1.563928   data arrival time

                                 81.379997   81.379997   clock clk (rise edge)
                                  0.000000   81.379997   clock source latency
    83    0.353267    0.000000    0.000000   81.379997 ^ clk (in)
                                                         clk (net)
                      0.011602    0.004746   81.384743 ^ _2095_/CLK (gf180mcu_fd_sc_mcu7t5v0__dffrnq_1)
                                 -0.250000   81.134743   clock uncertainty
                                  0.000000   81.134743   clock reconvergence pessimism
                                 -0.352527   80.782219   library setup time
                                             80.782219   data required time
---------------------------------------------------------------------------------------------
                                             80.782219   data required time
                                             -1.563928   data arrival time
---------------------------------------------------------------------------------------------
                                             79.218292   slack (MET)


Startpoint: _2095_ (rising edge-triggered flip-flop clocked by clk)
Endpoint: _2095_ (rising edge-triggered flip-flop clocked by clk_div)
Path Group: clk_div
Path Type: max

Fanout         Cap        Slew       Delay        Time   Description
---------------------------------------------------------------------------------------------
                               20751.898438 20751.898438   clock clk (rise edge)
                                  0.000000 20751.898438   clock source latency
    83    0.353267    0.000000    0.000000 20751.898438 ^ clk (in)
                                                         clk (net)
                      0.011602    0.005457 20751.904297 ^ _2095_/CLK (gf180mcu_fd_sc_mcu7t5v0__dffrnq_1)
     6    0.036160    0.662081    1.164153 20753.068359 ^ _2095_/Q (gf180mcu_fd_sc_mcu7t5v0__dffrnq_1)
                                                         u_cas_int.out_int2[0] (net)
                      0.662081    0.000000 20753.068359 ^ _2068_/A1 (gf180mcu_fd_sc_mcu7t5v0__xor2_1)
     1    0.003120    0.316727    0.394721 20753.462891 ^ _2068_/Z (gf180mcu_fd_sc_mcu7t5v0__xor2_1)
                                                         _0087_ (net)
                      0.316727    0.000000 20753.462891 ^ _2095_/D (gf180mcu_fd_sc_mcu7t5v0__dffrnq_1)
                                           20753.462891   data arrival time

                               20833.279297 20833.279297   clock clk_div (rise edge)
                                  0.000000 20833.279297   clock source latency
    83    0.353267    0.000000    0.000000 20833.279297 ^ clk (in)
                                                         clk (net)
                      0.011602    0.005457 20833.285156 ^ _2095_/CLK (gf180mcu_fd_sc_mcu7t5v0__dffrnq_1)
                                 -0.250000 20833.035156   clock uncertainty
                                  0.000000 20833.035156   clock reconvergence pessimism
                                 -0.352527 20832.681641   library setup time
                                           20832.681641   data required time
---------------------------------------------------------------------------------------------
                                           20832.681641   data required time
                                           -20753.462891   data arrival time
---------------------------------------------------------------------------------------------
                                             79.218292   slack (MET)


Startpoint: _2095_ (rising edge-triggered flip-flop clocked by clk)
Endpoint: _2070_ (rising edge-triggered flip-flop clocked by clk)
Path Group: clk
Path Type: max

Fanout         Cap        Slew       Delay        Time   Description
---------------------------------------------------------------------------------------------
                                  0.000000    0.000000   clock clk (rise edge)
                                  0.000000    0.000000   clock source latency
    83    0.353267    0.000000    0.000000    0.000000 ^ clk (in)
                                                         clk (net)
                      0.011602    0.004745    0.004745 ^ _2095_/CLK (gf180mcu_fd_sc_mcu7t5v0__dffrnq_1)
     6    0.036160    0.662081    1.164662    1.169407 ^ _2095_/Q (gf180mcu_fd_sc_mcu7t5v0__dffrnq_1)
                                                         u_cas_int.out_int2[0] (net)
                      0.662081    0.000058    1.169465 ^ _2063_/A1 (gf180mcu_fd_sc_mcu7t5v0__xor2_1)
     1    0.003138    0.311675    0.394733    1.564197 ^ _2063_/Z (gf180mcu_fd_sc_mcu7t5v0__xor2_1)
                                                         _0112_ (net)
                      0.311675    0.000002    1.564199 ^ _2070_/D (gf180mcu_fd_sc_mcu7t5v0__dffrnq_1)
                                              1.564199   data arrival time

                                 81.379997   81.379997   clock clk (rise edge)
                                  0.000000   81.379997   clock source latency
    83    0.353267    0.000000    0.000000   81.379997 ^ clk (in)
                                                         clk (net)
                      0.012024    0.004917   81.384911 ^ _2070_/CLK (gf180mcu_fd_sc_mcu7t5v0__dffrnq_1)
                                 -0.250000   81.134918   clock uncertainty
                                  0.000000   81.134918   clock reconvergence pessimism
                                 -0.351704   80.783211   library setup time
                                             80.783211   data required time
---------------------------------------------------------------------------------------------
                                             80.783211   data required time
                                             -1.564199   data arrival time
---------------------------------------------------------------------------------------------
                                             79.219017   slack (MET)


Startpoint: _2095_ (rising edge-triggered flip-flop clocked by clk)
Endpoint: _2070_ (rising edge-triggered flip-flop clocked by clk_div)
Path Group: clk_div
Path Type: max

Fanout         Cap        Slew       Delay        Time   Description
---------------------------------------------------------------------------------------------
                               20751.898438 20751.898438   clock clk (rise edge)
                                  0.000000 20751.898438   clock source latency
    83    0.353267    0.000000    0.000000 20751.898438 ^ clk (in)
                                                         clk (net)
                      0.011602    0.005457 20751.904297 ^ _2095_/CLK (gf180mcu_fd_sc_mcu7t5v0__dffrnq_1)
     6    0.036160    0.662081    1.164153 20753.068359 ^ _2095_/Q (gf180mcu_fd_sc_mcu7t5v0__dffrnq_1)
                                                         u_cas_int.out_int2[0] (net)
                      0.662081    0.000000 20753.068359 ^ _2063_/A1 (gf180mcu_fd_sc_mcu7t5v0__xor2_1)
     1    0.003138    0.311675    0.394721 20753.462891 ^ _2063_/Z (gf180mcu_fd_sc_mcu7t5v0__xor2_1)
                                                         _0112_ (net)
                      0.311675    0.000000 20753.462891 ^ _2070_/D (gf180mcu_fd_sc_mcu7t5v0__dffrnq_1)
                                           20753.462891   data arrival time

                               20833.279297 20833.279297   clock clk_div (rise edge)
                                  0.000000 20833.279297   clock source latency
    83    0.353267    0.000000    0.000000 20833.279297 ^ clk (in)
                                                         clk (net)
                      0.012024    0.005457 20833.285156 ^ _2070_/CLK (gf180mcu_fd_sc_mcu7t5v0__dffrnq_1)
                                 -0.250000 20833.035156   clock uncertainty
                                  0.000000 20833.035156   clock reconvergence pessimism
                                 -0.351704 20832.681641   library setup time
                                           20832.681641   data required time
---------------------------------------------------------------------------------------------
                                           20832.681641   data required time
                                           -20753.462891   data arrival time
---------------------------------------------------------------------------------------------
                                             79.219017   slack (MET)


Startpoint: _2145_ (rising edge-triggered flip-flop clocked by clk)
Endpoint: _2148_ (rising edge-triggered flip-flop clocked by clk)
Path Group: clk
Path Type: max

Fanout         Cap        Slew       Delay        Time   Description
---------------------------------------------------------------------------------------------
                                  0.000000    0.000000   clock clk (rise edge)
                                  0.000000    0.000000   clock source latency
    83    0.353267    0.000000    0.000000    0.000000 ^ clk (in)
                                                         clk (net)
                      0.005436    0.002224    0.002224 ^ _2145_/CLK (gf180mcu_fd_sc_mcu7t5v0__dffrnq_1)
     5    0.025870    0.500351    1.067257    1.069481 ^ _2145_/Q (gf180mcu_fd_sc_mcu7t5v0__dffrnq_1)
                                                         u_clock_div.counter[0] (net)
                      0.500351    0.000139    1.069620 ^ _1145_/A2 (gf180mcu_fd_sc_mcu7t5v0__nand3_1)
     1    0.007807    0.307383    0.217428    1.287047 v _1145_/ZN (gf180mcu_fd_sc_mcu7t5v0__nand3_1)
                                                         _0587_ (net)
                      0.307383    0.000011    1.287058 v _2062_/A2 (gf180mcu_fd_sc_mcu7t5v0__xnor2_1)
     1    0.003746    0.312240    0.263716    1.550774 ^ _2062_/ZN (gf180mcu_fd_sc_mcu7t5v0__xnor2_1)
                                                         _0140_ (net)
                      0.312240    0.000012    1.550786 ^ _2148_/D (gf180mcu_fd_sc_mcu7t5v0__dffrnq_1)
                                              1.550786   data arrival time

                                 81.379997   81.379997   clock clk (rise edge)
                                  0.000000   81.379997   clock source latency
    83    0.353267    0.000000    0.000000   81.379997 ^ clk (in)
                                                         clk (net)
                      0.003304    0.001350   81.381348 ^ _2148_/CLK (gf180mcu_fd_sc_mcu7t5v0__dffrnq_1)
                                 -0.250000   81.131348   clock uncertainty
                                  0.000000   81.131348   clock reconvergence pessimism
                                 -0.353086   80.778267   library setup time
                                             80.778267   data required time
---------------------------------------------------------------------------------------------
                                             80.778267   data required time
                                             -1.550786   data arrival time
---------------------------------------------------------------------------------------------
                                             79.227478   slack (MET)


Startpoint: _2145_ (rising edge-triggered flip-flop clocked by clk)
Endpoint: _2148_ (rising edge-triggered flip-flop clocked by clk_div)
Path Group: clk_div
Path Type: max

Fanout         Cap        Slew       Delay        Time   Description
---------------------------------------------------------------------------------------------
                               20751.898438 20751.898438   clock clk (rise edge)
                                  0.000000 20751.898438   clock source latency
    83    0.353267    0.000000    0.000000 20751.898438 ^ clk (in)
                                                         clk (net)
                      0.005436    0.001819 20751.900391 ^ _2145_/CLK (gf180mcu_fd_sc_mcu7t5v0__dffrnq_1)
     5    0.025870    0.500351    1.067747 20752.968750 ^ _2145_/Q (gf180mcu_fd_sc_mcu7t5v0__dffrnq_1)
                                                         u_clock_div.counter[0] (net)
                      0.500351    0.000000 20752.968750 ^ _1145_/A2 (gf180mcu_fd_sc_mcu7t5v0__nand3_1)
     1    0.007807    0.307383    0.218279 20753.187500 v _1145_/ZN (gf180mcu_fd_sc_mcu7t5v0__nand3_1)
                                                         _0587_ (net)
                      0.307383    0.000000 20753.187500 v _2062_/A2 (gf180mcu_fd_sc_mcu7t5v0__xnor2_1)
     1    0.003746    0.312240    0.263753 20753.451172 ^ _2062_/ZN (gf180mcu_fd_sc_mcu7t5v0__xnor2_1)
                                                         _0140_ (net)
                      0.312240    0.000000 20753.451172 ^ _2148_/D (gf180mcu_fd_sc_mcu7t5v0__dffrnq_1)
                                           20753.451172   data arrival time

                               20833.279297 20833.279297   clock clk_div (rise edge)
                                  0.000000 20833.279297   clock source latency
    83    0.353267    0.000000    0.000000 20833.279297 ^ clk (in)
                                                         clk (net)
                      0.003304    0.001819 20833.281250 ^ _2148_/CLK (gf180mcu_fd_sc_mcu7t5v0__dffrnq_1)
                                 -0.250000 20833.031250   clock uncertainty
                                  0.000000 20833.031250   clock reconvergence pessimism
                                 -0.353086 20832.677734   library setup time
                                           20832.677734   data required time
---------------------------------------------------------------------------------------------
                                           20832.677734   data required time
                                           -20753.451172   data arrival time
---------------------------------------------------------------------------------------------
                                             79.227478   slack (MET)


Startpoint: _2145_ (rising edge-triggered flip-flop clocked by clk)
Endpoint: _2147_ (rising edge-triggered flip-flop clocked by clk)
Path Group: clk
Path Type: max

Fanout         Cap        Slew       Delay        Time   Description
---------------------------------------------------------------------------------------------
                                  0.000000    0.000000   clock clk (rise edge)
                                  0.000000    0.000000   clock source latency
    83    0.353267    0.000000    0.000000    0.000000 ^ clk (in)
                                                         clk (net)
                      0.005436    0.002224    0.002224 ^ _2145_/CLK (gf180mcu_fd_sc_mcu7t5v0__dffrnq_1)
     5    0.025870    0.500351    1.067257    1.069481 ^ _2145_/Q (gf180mcu_fd_sc_mcu7t5v0__dffrnq_1)
                                                         u_clock_div.counter[0] (net)
                      0.500351    0.000121    1.069602 ^ _1144_/A1 (gf180mcu_fd_sc_mcu7t5v0__nand2_1)
     1    0.007541    0.246612    0.175968    1.245570 v _1144_/ZN (gf180mcu_fd_sc_mcu7t5v0__nand2_1)
                                                         _0586_ (net)
                      0.246612    0.000003    1.245573 v _2064_/A2 (gf180mcu_fd_sc_mcu7t5v0__xnor2_1)
     1    0.003319    0.294286    0.244502    1.490075 ^ _2064_/ZN (gf180mcu_fd_sc_mcu7t5v0__xnor2_1)
                                                         _0139_ (net)
                      0.294286    0.000005    1.490079 ^ _2147_/D (gf180mcu_fd_sc_mcu7t5v0__dffrnq_1)
                                              1.490079   data arrival time

                                 81.379997   81.379997   clock clk (rise edge)
                                  0.000000   81.379997   clock source latency
    83    0.353267    0.000000    0.000000   81.379997 ^ clk (in)
                                                         clk (net)
                      0.004214    0.001727   81.381721 ^ _2147_/CLK (gf180mcu_fd_sc_mcu7t5v0__dffrnq_1)
                                 -0.250000   81.131729   clock uncertainty
                                  0.000000   81.131729   clock reconvergence pessimism
                                 -0.350276   80.781448   library setup time
                                             80.781448   data required time
---------------------------------------------------------------------------------------------
                                             80.781448   data required time
                                             -1.490079   data arrival time
---------------------------------------------------------------------------------------------
                                             79.291367   slack (MET)


Startpoint: _2145_ (rising edge-triggered flip-flop clocked by clk)
Endpoint: _2147_ (rising edge-triggered flip-flop clocked by clk_div)
Path Group: clk_div
Path Type: max

Fanout         Cap        Slew       Delay        Time   Description
---------------------------------------------------------------------------------------------
                               20751.898438 20751.898438   clock clk (rise edge)
                                  0.000000 20751.898438   clock source latency
    83    0.353267    0.000000    0.000000 20751.898438 ^ clk (in)
                                                         clk (net)
                      0.005436    0.001819 20751.900391 ^ _2145_/CLK (gf180mcu_fd_sc_mcu7t5v0__dffrnq_1)
     5    0.025870    0.500351    1.067747 20752.968750 ^ _2145_/Q (gf180mcu_fd_sc_mcu7t5v0__dffrnq_1)
                                                         u_clock_div.counter[0] (net)
                      0.500351    0.000000 20752.968750 ^ _1144_/A1 (gf180mcu_fd_sc_mcu7t5v0__nand2_1)
     1    0.007541    0.246612    0.176442 20753.144531 v _1144_/ZN (gf180mcu_fd_sc_mcu7t5v0__nand2_1)
                                                         _0586_ (net)
                      0.246612    0.000000 20753.144531 v _2064_/A2 (gf180mcu_fd_sc_mcu7t5v0__xnor2_1)
     1    0.003319    0.294286    0.243745 20753.388672 ^ _2064_/ZN (gf180mcu_fd_sc_mcu7t5v0__xnor2_1)
                                                         _0139_ (net)
                      0.294286    0.000000 20753.388672 ^ _2147_/D (gf180mcu_fd_sc_mcu7t5v0__dffrnq_1)
                                           20753.388672   data arrival time

                               20833.279297 20833.279297   clock clk_div (rise edge)
                                  0.000000 20833.279297   clock source latency
    83    0.353267    0.000000    0.000000 20833.279297 ^ clk (in)
                                                         clk (net)
                      0.004214    0.001819 20833.281250 ^ _2147_/CLK (gf180mcu_fd_sc_mcu7t5v0__dffrnq_1)
                                 -0.250000 20833.031250   clock uncertainty
                                  0.000000 20833.031250   clock reconvergence pessimism
                                 -0.350276 20832.681641   library setup time
                                           20832.681641   data required time
---------------------------------------------------------------------------------------------
                                           20832.681641   data required time
                                           -20753.388672   data arrival time
---------------------------------------------------------------------------------------------
                                             79.291367   slack (MET)


Startpoint: _2145_ (rising edge-triggered flip-flop clocked by clk)
Endpoint: _2146_ (rising edge-triggered flip-flop clocked by clk)
Path Group: clk
Path Type: max

Fanout         Cap        Slew       Delay        Time   Description
---------------------------------------------------------------------------------------------
                                  0.000000    0.000000   clock clk (rise edge)
                                  0.000000    0.000000   clock source latency
    83    0.353267    0.000000    0.000000    0.000000 ^ clk (in)
                                                         clk (net)
                      0.005436    0.002224    0.002224 ^ _2145_/CLK (gf180mcu_fd_sc_mcu7t5v0__dffrnq_1)
     5    0.025870    0.500351    1.067257    1.069481 ^ _2145_/Q (gf180mcu_fd_sc_mcu7t5v0__dffrnq_1)
                                                         u_clock_div.counter[0] (net)
                      0.500351    0.000086    1.069567 ^ _2066_/A1 (gf180mcu_fd_sc_mcu7t5v0__xor2_1)
     1    0.003204    0.302174    0.388984    1.458550 ^ _2066_/Z (gf180mcu_fd_sc_mcu7t5v0__xor2_1)
                                                         _0138_ (net)
                      0.302174    0.000003    1.458553 ^ _2146_/D (gf180mcu_fd_sc_mcu7t5v0__dffrnq_1)
                                              1.458553   data arrival time

                                 81.379997   81.379997   clock clk (rise edge)
                                  0.000000   81.379997   clock source latency
    83    0.353267    0.000000    0.000000   81.379997 ^ clk (in)
                                                         clk (net)
                      0.005221    0.002139   81.382133 ^ _2146_/CLK (gf180mcu_fd_sc_mcu7t5v0__dffrnq_1)
                                 -0.250000   81.132141   clock uncertainty
                                  0.000000   81.132141   clock reconvergence pessimism
                                 -0.351300   80.780838   library setup time
                                             80.780838   data required time
---------------------------------------------------------------------------------------------
                                             80.780838   data required time
                                             -1.458553   data arrival time
---------------------------------------------------------------------------------------------
                                             79.322289   slack (MET)


Startpoint: _2145_ (rising edge-triggered flip-flop clocked by clk)
Endpoint: _2146_ (rising edge-triggered flip-flop clocked by clk_div)
Path Group: clk_div
Path Type: max

Fanout         Cap        Slew       Delay        Time   Description
---------------------------------------------------------------------------------------------
                               20751.898438 20751.898438   clock clk (rise edge)
                                  0.000000 20751.898438   clock source latency
    83    0.353267    0.000000    0.000000 20751.898438 ^ clk (in)
                                                         clk (net)
                      0.005436    0.001819 20751.900391 ^ _2145_/CLK (gf180mcu_fd_sc_mcu7t5v0__dffrnq_1)
     5    0.025870    0.500351    1.067747 20752.968750 ^ _2145_/Q (gf180mcu_fd_sc_mcu7t5v0__dffrnq_1)
                                                         u_clock_div.counter[0] (net)
                      0.500351    0.000000 20752.968750 ^ _2066_/A1 (gf180mcu_fd_sc_mcu7t5v0__xor2_1)
     1    0.003204    0.302174    0.389264 20753.357422 ^ _2066_/Z (gf180mcu_fd_sc_mcu7t5v0__xor2_1)
                                                         _0138_ (net)
                      0.302174    0.000000 20753.357422 ^ _2146_/D (gf180mcu_fd_sc_mcu7t5v0__dffrnq_1)
                                           20753.357422   data arrival time

                               20833.279297 20833.279297   clock clk_div (rise edge)
                                  0.000000 20833.279297   clock source latency
    83    0.353267    0.000000    0.000000 20833.279297 ^ clk (in)
                                                         clk (net)
                      0.005221    0.001819 20833.281250 ^ _2146_/CLK (gf180mcu_fd_sc_mcu7t5v0__dffrnq_1)
                                 -0.250000 20833.031250   clock uncertainty
                                  0.000000 20833.031250   clock reconvergence pessimism
                                 -0.351300 20832.681641   library setup time
                                           20832.681641   data required time
---------------------------------------------------------------------------------------------
                                           20832.681641   data required time
                                           -20753.357422   data arrival time
---------------------------------------------------------------------------------------------
                                             79.322289   slack (MET)


Startpoint: _2145_ (rising edge-triggered flip-flop clocked by clk)
Endpoint: _2145_ (rising edge-triggered flip-flop clocked by clk)
Path Group: clk
Path Type: max

Fanout         Cap        Slew       Delay        Time   Description
---------------------------------------------------------------------------------------------
                                  0.000000    0.000000   clock clk (rise edge)
                                  0.000000    0.000000   clock source latency
    83    0.353267    0.000000    0.000000    0.000000 ^ clk (in)
                                                         clk (net)
                      0.005436    0.002224    0.002224 ^ _2145_/CLK (gf180mcu_fd_sc_mcu7t5v0__dffrnq_1)
     5    0.025870    0.500351    1.067257    1.069481 ^ _2145_/Q (gf180mcu_fd_sc_mcu7t5v0__dffrnq_1)
                                                         u_clock_div.counter[0] (net)
                      0.500351    0.000076    1.069557 ^ _1143_/I (gf180mcu_fd_sc_mcu7t5v0__clkinv_1)
     1    0.003161    0.176197    0.131689    1.201246 v _1143_/ZN (gf180mcu_fd_sc_mcu7t5v0__clkinv_1)
                                                         _0137_ (net)
                      0.176197    0.000002    1.201248 v _2145_/D (gf180mcu_fd_sc_mcu7t5v0__dffrnq_1)
                                              1.201248   data arrival time

                                 81.379997   81.379997   clock clk (rise edge)
                                  0.000000   81.379997   clock source latency
    83    0.353267    0.000000    0.000000   81.379997 ^ clk (in)
                                                         clk (net)
                      0.005436    0.002224   81.382217 ^ _2145_/CLK (gf180mcu_fd_sc_mcu7t5v0__dffrnq_1)
                                 -0.250000   81.132225   clock uncertainty
                                  0.000000   81.132225   clock reconvergence pessimism
                                 -0.176379   80.955849   library setup time
                                             80.955849   data required time
---------------------------------------------------------------------------------------------
                                             80.955849   data required time
                                             -1.201248   data arrival time
---------------------------------------------------------------------------------------------
                                             79.754593   slack (MET)


Startpoint: _2145_ (rising edge-triggered flip-flop clocked by clk)
Endpoint: _2145_ (rising edge-triggered flip-flop clocked by clk_div)
Path Group: clk_div
Path Type: max

Fanout         Cap        Slew       Delay        Time   Description
---------------------------------------------------------------------------------------------
                               20751.898438 20751.898438   clock clk (rise edge)
                                  0.000000 20751.898438   clock source latency
    83    0.353267    0.000000    0.000000 20751.898438 ^ clk (in)
                                                         clk (net)
                      0.005436    0.001819 20751.900391 ^ _2145_/CLK (gf180mcu_fd_sc_mcu7t5v0__dffrnq_1)
     5    0.025870    0.500351    1.067747 20752.968750 ^ _2145_/Q (gf180mcu_fd_sc_mcu7t5v0__dffrnq_1)
                                                         u_clock_div.counter[0] (net)
                      0.500351    0.000000 20752.968750 ^ _1143_/I (gf180mcu_fd_sc_mcu7t5v0__clkinv_1)
     1    0.003161    0.176197    0.130967 20753.099609 v _1143_/ZN (gf180mcu_fd_sc_mcu7t5v0__clkinv_1)
                                                         _0137_ (net)
                      0.176197    0.000000 20753.099609 v _2145_/D (gf180mcu_fd_sc_mcu7t5v0__dffrnq_1)
                                           20753.099609   data arrival time

                               20833.279297 20833.279297   clock clk_div (rise edge)
                                  0.000000 20833.279297   clock source latency
    83    0.353267    0.000000    0.000000 20833.279297 ^ clk (in)
                                                         clk (net)
                      0.005436    0.001819 20833.281250 ^ _2145_/CLK (gf180mcu_fd_sc_mcu7t5v0__dffrnq_1)
                                 -0.250000 20833.031250   clock uncertainty
                                  0.000000 20833.031250   clock reconvergence pessimism
                                 -0.176379 20832.855469   library setup time
                                           20832.855469   data required time
---------------------------------------------------------------------------------------------
                                           20832.855469   data required time
                                           -20753.099609   data arrival time
---------------------------------------------------------------------------------------------
                                             79.754593   slack (MET)



