
===========================================================================
report_checks -path_delay max (Setup)
============================================================================
======================= nom_ff_n40C_5v50 Corner ===================================

Startpoint: in_cic (input port clocked by clk)
Endpoint: _2079_ (rising edge-triggered flip-flop clocked by clk)
Path Group: clk
Path Type: max

Fanout         Cap        Slew       Delay        Time   Description
---------------------------------------------------------------------------------------------
                      0.000000    0.000000    0.000000   clock clk (rise edge)
                                  0.000000    0.000000   clock network delay (ideal)
                                 10.000000   10.000000 ^ input external delay
     4    0.017689    0.000000    0.000000   10.000000 ^ in_cic (in)
                                                         in_cic (net)
                      0.000000    0.000000   10.000000 ^ _1459_/A4 (gf180mcu_fd_sc_mcu7t5v0__and4_1)
     3    0.014595    0.225638    0.366517   10.366518 ^ _1459_/Z (gf180mcu_fd_sc_mcu7t5v0__and4_1)
                                                         _0851_ (net)
                      0.225638    0.000000   10.366518 ^ _1466_/A4 (gf180mcu_fd_sc_mcu7t5v0__and4_1)
     4    0.018768    0.268504    0.391240   10.757757 ^ _1466_/Z (gf180mcu_fd_sc_mcu7t5v0__and4_1)
                                                         _0855_ (net)
                      0.268504    0.000000   10.757757 ^ _1475_/A3 (gf180mcu_fd_sc_mcu7t5v0__nand4_1)
     1    0.003982    0.222789    0.119342   10.877100 v _1475_/ZN (gf180mcu_fd_sc_mcu7t5v0__nand4_1)
                                                         _0860_ (net)
                      0.222789    0.000000   10.877100 v _1491_/A2 (gf180mcu_fd_sc_mcu7t5v0__nor3_1)
     8    0.035654    1.075323    0.645914   11.523014 ^ _1491_/ZN (gf180mcu_fd_sc_mcu7t5v0__nor3_1)
                                                         _0870_ (net)
                      1.075323    0.000000   11.523014 ^ _1501_/A3 (gf180mcu_fd_sc_mcu7t5v0__and4_1)
     5    0.023097    0.325976    0.479647   12.002661 ^ _1501_/Z (gf180mcu_fd_sc_mcu7t5v0__and4_1)
                                                         _0876_ (net)
                      0.325976    0.000000   12.002661 ^ _1506_/A3 (gf180mcu_fd_sc_mcu7t5v0__nand3_1)
     3    0.012246    0.254598    0.156927   12.159588 v _1506_/ZN (gf180mcu_fd_sc_mcu7t5v0__nand3_1)
                                                         _0879_ (net)
                      0.254598    0.000000   12.159588 v _1514_/A1 (gf180mcu_fd_sc_mcu7t5v0__or3_1)
     1    0.004486    0.136700    0.372326   12.531914 v _1514_/Z (gf180mcu_fd_sc_mcu7t5v0__or3_1)
                                                         _0884_ (net)
                      0.136700    0.000000   12.531914 v _1515_/A2 (gf180mcu_fd_sc_mcu7t5v0__nand2_1)
     1    0.003038    0.108377    0.100354   12.632268 ^ _1515_/ZN (gf180mcu_fd_sc_mcu7t5v0__nand2_1)
                                                         _0078_ (net)
                      0.108377    0.000000   12.632268 ^ _2079_/D (gf180mcu_fd_sc_mcu7t5v0__dffrnq_1)
                                             12.632268   data arrival time

                      0.000000   81.379997   81.379997   clock clk (rise edge)
                                  0.000000   81.379997   clock network delay (ideal)
                                 -0.250000   81.129997   clock uncertainty
                                  0.000000   81.129997   clock reconvergence pessimism
                                             81.129997 ^ _2079_/CLK (gf180mcu_fd_sc_mcu7t5v0__dffrnq_1)
                                 -0.198068   80.931931   library setup time
                                             80.931931   data required time
---------------------------------------------------------------------------------------------
                                             80.931931   data required time
                                            -12.632268   data arrival time
---------------------------------------------------------------------------------------------
                                             68.299660   slack (MET)


Startpoint: in_cic (input port clocked by clk)
Endpoint: _2079_ (rising edge-triggered flip-flop clocked by clk_div)
Path Group: clk_div
Path Type: max

Fanout         Cap        Slew       Delay        Time   Description
---------------------------------------------------------------------------------------------
                      0.000000 20751.898438 20751.898438   clock clk (rise edge)
                                  0.000000 20751.898438   clock network delay (ideal)
                                 10.000000 20761.900391 ^ input external delay
     4    0.017689    0.000000    0.000000 20761.900391 ^ in_cic (in)
                                                         in_cic (net)
                      0.000000    0.000000 20761.900391 ^ _1459_/A4 (gf180mcu_fd_sc_mcu7t5v0__and4_1)
     3    0.014595    0.225638    0.365617 20762.265625 ^ _1459_/Z (gf180mcu_fd_sc_mcu7t5v0__and4_1)
                                                         _0851_ (net)
                      0.225638    0.000000 20762.265625 ^ _1466_/A4 (gf180mcu_fd_sc_mcu7t5v0__and4_1)
     4    0.018768    0.268504    0.391083 20762.656250 ^ _1466_/Z (gf180mcu_fd_sc_mcu7t5v0__and4_1)
                                                         _0855_ (net)
                      0.268504    0.000000 20762.656250 ^ _1475_/A3 (gf180mcu_fd_sc_mcu7t5v0__nand4_1)
     1    0.003982    0.222789    0.120053 20762.777344 v _1475_/ZN (gf180mcu_fd_sc_mcu7t5v0__nand4_1)
                                                         _0860_ (net)
                      0.222789    0.000000 20762.777344 v _1491_/A2 (gf180mcu_fd_sc_mcu7t5v0__nor3_1)
     8    0.035654    1.075323    0.645741 20763.421875 ^ _1491_/ZN (gf180mcu_fd_sc_mcu7t5v0__nor3_1)
                                                         _0870_ (net)
                      1.075323    0.000000 20763.421875 ^ _1501_/A3 (gf180mcu_fd_sc_mcu7t5v0__and4_1)
     5    0.023097    0.325976    0.480213 20763.902344 ^ _1501_/Z (gf180mcu_fd_sc_mcu7t5v0__and4_1)
                                                         _0876_ (net)
                      0.325976    0.000000 20763.902344 ^ _1506_/A3 (gf180mcu_fd_sc_mcu7t5v0__nand3_1)
     3    0.012246    0.254598    0.156433 20764.058594 v _1506_/ZN (gf180mcu_fd_sc_mcu7t5v0__nand3_1)
                                                         _0879_ (net)
                      0.254598    0.000000 20764.058594 v _1514_/A1 (gf180mcu_fd_sc_mcu7t5v0__or3_1)
     1    0.004486    0.136700    0.371074 20764.429688 v _1514_/Z (gf180mcu_fd_sc_mcu7t5v0__or3_1)
                                                         _0884_ (net)
                      0.136700    0.000000 20764.429688 v _1515_/A2 (gf180mcu_fd_sc_mcu7t5v0__nand2_1)
     1    0.003038    0.108377    0.101863 20764.533203 ^ _1515_/ZN (gf180mcu_fd_sc_mcu7t5v0__nand2_1)
                                                         _0078_ (net)
                      0.108377    0.000000 20764.533203 ^ _2079_/D (gf180mcu_fd_sc_mcu7t5v0__dffrnq_1)
                                           20764.533203   data arrival time

                      0.000000 20833.279297 20833.279297   clock clk_div (rise edge)
                                  0.000000 20833.279297   clock network delay (ideal)
                                 -0.250000 20833.029297   clock uncertainty
                                  0.000000 20833.029297   clock reconvergence pessimism
                                           20833.029297 ^ _2079_/CLK (gf180mcu_fd_sc_mcu7t5v0__dffrnq_1)
                                 -0.198068 20832.832031   library setup time
                                           20832.832031   data required time
---------------------------------------------------------------------------------------------
                                           20832.832031   data required time
                                           -20764.533203   data arrival time
---------------------------------------------------------------------------------------------
                                             68.299660   slack (MET)


Startpoint: in_cic (input port clocked by clk)
Endpoint: _2077_ (rising edge-triggered flip-flop clocked by clk)
Path Group: clk
Path Type: max

Fanout         Cap        Slew       Delay        Time   Description
---------------------------------------------------------------------------------------------
                      0.000000    0.000000    0.000000   clock clk (rise edge)
                                  0.000000    0.000000   clock network delay (ideal)
                                 10.000000   10.000000 ^ input external delay
     4    0.017689    0.000000    0.000000   10.000000 ^ in_cic (in)
                                                         in_cic (net)
                      0.000000    0.000000   10.000000 ^ _1459_/A4 (gf180mcu_fd_sc_mcu7t5v0__and4_1)
     3    0.014595    0.225638    0.366517   10.366518 ^ _1459_/Z (gf180mcu_fd_sc_mcu7t5v0__and4_1)
                                                         _0851_ (net)
                      0.225638    0.000000   10.366518 ^ _1466_/A4 (gf180mcu_fd_sc_mcu7t5v0__and4_1)
     4    0.018768    0.268504    0.391240   10.757757 ^ _1466_/Z (gf180mcu_fd_sc_mcu7t5v0__and4_1)
                                                         _0855_ (net)
                      0.268504    0.000000   10.757757 ^ _1475_/A3 (gf180mcu_fd_sc_mcu7t5v0__nand4_1)
     1    0.003982    0.222789    0.119342   10.877100 v _1475_/ZN (gf180mcu_fd_sc_mcu7t5v0__nand4_1)
                                                         _0860_ (net)
                      0.222789    0.000000   10.877100 v _1491_/A2 (gf180mcu_fd_sc_mcu7t5v0__nor3_1)
     8    0.035654    1.075323    0.645914   11.523014 ^ _1491_/ZN (gf180mcu_fd_sc_mcu7t5v0__nor3_1)
                                                         _0870_ (net)
                      1.075323    0.000000   11.523014 ^ _1501_/A3 (gf180mcu_fd_sc_mcu7t5v0__and4_1)
     5    0.023097    0.325976    0.479647   12.002661 ^ _1501_/Z (gf180mcu_fd_sc_mcu7t5v0__and4_1)
                                                         _0876_ (net)
                      0.325976    0.000000   12.002661 ^ _1505_/A3 (gf180mcu_fd_sc_mcu7t5v0__and3_1)
     3    0.016225    0.230306    0.322078   12.324739 ^ _1505_/Z (gf180mcu_fd_sc_mcu7t5v0__and3_1)
                                                         _0878_ (net)
                      0.230306    0.000000   12.324739 ^ _1508_/A2 (gf180mcu_fd_sc_mcu7t5v0__xor2_1)
     1    0.003038    0.183010    0.201372   12.526112 ^ _1508_/Z (gf180mcu_fd_sc_mcu7t5v0__xor2_1)
                                                         _0076_ (net)
                      0.183010    0.000000   12.526112 ^ _2077_/D (gf180mcu_fd_sc_mcu7t5v0__dffrnq_1)
                                             12.526112   data arrival time

                      0.000000   81.379997   81.379997   clock clk (rise edge)
                                  0.000000   81.379997   clock network delay (ideal)
                                 -0.250000   81.129997   clock uncertainty
                                  0.000000   81.129997   clock reconvergence pessimism
                                             81.129997 ^ _2077_/CLK (gf180mcu_fd_sc_mcu7t5v0__dffrnq_1)
                                 -0.216464   80.913536   library setup time
                                             80.913536   data required time
---------------------------------------------------------------------------------------------
                                             80.913536   data required time
                                            -12.526112   data arrival time
---------------------------------------------------------------------------------------------
                                             68.387421   slack (MET)


Startpoint: in_cic (input port clocked by clk)
Endpoint: _2077_ (rising edge-triggered flip-flop clocked by clk_div)
Path Group: clk_div
Path Type: max

Fanout         Cap        Slew       Delay        Time   Description
---------------------------------------------------------------------------------------------
                      0.000000 20751.898438 20751.898438   clock clk (rise edge)
                                  0.000000 20751.898438   clock network delay (ideal)
                                 10.000000 20761.900391 ^ input external delay
     4    0.017689    0.000000    0.000000 20761.900391 ^ in_cic (in)
                                                         in_cic (net)
                      0.000000    0.000000 20761.900391 ^ _1459_/A4 (gf180mcu_fd_sc_mcu7t5v0__and4_1)
     3    0.014595    0.225638    0.365617 20762.265625 ^ _1459_/Z (gf180mcu_fd_sc_mcu7t5v0__and4_1)
                                                         _0851_ (net)
                      0.225638    0.000000 20762.265625 ^ _1466_/A4 (gf180mcu_fd_sc_mcu7t5v0__and4_1)
     4    0.018768    0.268504    0.391083 20762.656250 ^ _1466_/Z (gf180mcu_fd_sc_mcu7t5v0__and4_1)
                                                         _0855_ (net)
                      0.268504    0.000000 20762.656250 ^ _1475_/A3 (gf180mcu_fd_sc_mcu7t5v0__nand4_1)
     1    0.003982    0.222789    0.120053 20762.777344 v _1475_/ZN (gf180mcu_fd_sc_mcu7t5v0__nand4_1)
                                                         _0860_ (net)
                      0.222789    0.000000 20762.777344 v _1491_/A2 (gf180mcu_fd_sc_mcu7t5v0__nor3_1)
     8    0.035654    1.075323    0.645741 20763.421875 ^ _1491_/ZN (gf180mcu_fd_sc_mcu7t5v0__nor3_1)
                                                         _0870_ (net)
                      1.075323    0.000000 20763.421875 ^ _1501_/A3 (gf180mcu_fd_sc_mcu7t5v0__and4_1)
     5    0.023097    0.325976    0.480213 20763.902344 ^ _1501_/Z (gf180mcu_fd_sc_mcu7t5v0__and4_1)
                                                         _0876_ (net)
                      0.325976    0.000000 20763.902344 ^ _1505_/A3 (gf180mcu_fd_sc_mcu7t5v0__and3_1)
     3    0.016225    0.230306    0.321961 20764.224609 ^ _1505_/Z (gf180mcu_fd_sc_mcu7t5v0__and3_1)
                                                         _0878_ (net)
                      0.230306    0.000000 20764.224609 ^ _1508_/A2 (gf180mcu_fd_sc_mcu7t5v0__xor2_1)
     1    0.003038    0.183010    0.200089 20764.425781 ^ _1508_/Z (gf180mcu_fd_sc_mcu7t5v0__xor2_1)
                                                         _0076_ (net)
                      0.183010    0.000000 20764.425781 ^ _2077_/D (gf180mcu_fd_sc_mcu7t5v0__dffrnq_1)
                                           20764.425781   data arrival time

                      0.000000 20833.279297 20833.279297   clock clk_div (rise edge)
                                  0.000000 20833.279297   clock network delay (ideal)
                                 -0.250000 20833.029297   clock uncertainty
                                  0.000000 20833.029297   clock reconvergence pessimism
                                           20833.029297 ^ _2077_/CLK (gf180mcu_fd_sc_mcu7t5v0__dffrnq_1)
                                 -0.216464 20832.812500   library setup time
                                           20832.812500   data required time
---------------------------------------------------------------------------------------------
                                           20832.812500   data required time
                                           -20764.425781   data arrival time
---------------------------------------------------------------------------------------------
                                             68.387421   slack (MET)


Startpoint: in_cic (input port clocked by clk)
Endpoint: _2078_ (rising edge-triggered flip-flop clocked by clk)
Path Group: clk
Path Type: max

Fanout         Cap        Slew       Delay        Time   Description
---------------------------------------------------------------------------------------------
                      0.000000    0.000000    0.000000   clock clk (rise edge)
                                  0.000000    0.000000   clock network delay (ideal)
                                 10.000000   10.000000 ^ input external delay
     4    0.017689    0.000000    0.000000   10.000000 ^ in_cic (in)
                                                         in_cic (net)
                      0.000000    0.000000   10.000000 ^ _1459_/A4 (gf180mcu_fd_sc_mcu7t5v0__and4_1)
     3    0.014595    0.225638    0.366517   10.366518 ^ _1459_/Z (gf180mcu_fd_sc_mcu7t5v0__and4_1)
                                                         _0851_ (net)
                      0.225638    0.000000   10.366518 ^ _1466_/A4 (gf180mcu_fd_sc_mcu7t5v0__and4_1)
     4    0.018768    0.268504    0.391240   10.757757 ^ _1466_/Z (gf180mcu_fd_sc_mcu7t5v0__and4_1)
                                                         _0855_ (net)
                      0.268504    0.000000   10.757757 ^ _1475_/A3 (gf180mcu_fd_sc_mcu7t5v0__nand4_1)
     1    0.003982    0.222789    0.119342   10.877100 v _1475_/ZN (gf180mcu_fd_sc_mcu7t5v0__nand4_1)
                                                         _0860_ (net)
                      0.222789    0.000000   10.877100 v _1491_/A2 (gf180mcu_fd_sc_mcu7t5v0__nor3_1)
     8    0.035654    1.075323    0.645914   11.523014 ^ _1491_/ZN (gf180mcu_fd_sc_mcu7t5v0__nor3_1)
                                                         _0870_ (net)
                      1.075323    0.000000   11.523014 ^ _1501_/A3 (gf180mcu_fd_sc_mcu7t5v0__and4_1)
     5    0.023097    0.325976    0.479647   12.002661 ^ _1501_/Z (gf180mcu_fd_sc_mcu7t5v0__and4_1)
                                                         _0876_ (net)
                      0.325976    0.000000   12.002661 ^ _1505_/A3 (gf180mcu_fd_sc_mcu7t5v0__and3_1)
     3    0.016225    0.230306    0.322078   12.324739 ^ _1505_/Z (gf180mcu_fd_sc_mcu7t5v0__and3_1)
                                                         _0878_ (net)
                      0.230306    0.000000   12.324739 ^ _1509_/A2 (gf180mcu_fd_sc_mcu7t5v0__aoi21_1)
     1    0.004447    0.169870    0.076199   12.400937 v _1509_/ZN (gf180mcu_fd_sc_mcu7t5v0__aoi21_1)
                                                         _0880_ (net)
                      0.169870    0.000000   12.400937 v _1512_/A1 (gf180mcu_fd_sc_mcu7t5v0__nor2_1)
     1    0.003038    0.136521    0.117683   12.518620 ^ _1512_/ZN (gf180mcu_fd_sc_mcu7t5v0__nor2_1)
                                                         _0077_ (net)
                      0.136521    0.000000   12.518620 ^ _2078_/D (gf180mcu_fd_sc_mcu7t5v0__dffrnq_1)
                                             12.518620   data arrival time

                      0.000000   81.379997   81.379997   clock clk (rise edge)
                                  0.000000   81.379997   clock network delay (ideal)
                                 -0.250000   81.129997   clock uncertainty
                                  0.000000   81.129997   clock reconvergence pessimism
                                             81.129997 ^ _2078_/CLK (gf180mcu_fd_sc_mcu7t5v0__dffrnq_1)
                                 -0.205005   80.924995   library setup time
                                             80.924995   data required time
---------------------------------------------------------------------------------------------
                                             80.924995   data required time
                                            -12.518620   data arrival time
---------------------------------------------------------------------------------------------
                                             68.406372   slack (MET)


Startpoint: in_cic (input port clocked by clk)
Endpoint: _2078_ (rising edge-triggered flip-flop clocked by clk_div)
Path Group: clk_div
Path Type: max

Fanout         Cap        Slew       Delay        Time   Description
---------------------------------------------------------------------------------------------
                      0.000000 20751.898438 20751.898438   clock clk (rise edge)
                                  0.000000 20751.898438   clock network delay (ideal)
                                 10.000000 20761.900391 ^ input external delay
     4    0.017689    0.000000    0.000000 20761.900391 ^ in_cic (in)
                                                         in_cic (net)
                      0.000000    0.000000 20761.900391 ^ _1459_/A4 (gf180mcu_fd_sc_mcu7t5v0__and4_1)
     3    0.014595    0.225638    0.365617 20762.265625 ^ _1459_/Z (gf180mcu_fd_sc_mcu7t5v0__and4_1)
                                                         _0851_ (net)
                      0.225638    0.000000 20762.265625 ^ _1466_/A4 (gf180mcu_fd_sc_mcu7t5v0__and4_1)
     4    0.018768    0.268504    0.391083 20762.656250 ^ _1466_/Z (gf180mcu_fd_sc_mcu7t5v0__and4_1)
                                                         _0855_ (net)
                      0.268504    0.000000 20762.656250 ^ _1475_/A3 (gf180mcu_fd_sc_mcu7t5v0__nand4_1)
     1    0.003982    0.222789    0.120053 20762.777344 v _1475_/ZN (gf180mcu_fd_sc_mcu7t5v0__nand4_1)
                                                         _0860_ (net)
                      0.222789    0.000000 20762.777344 v _1491_/A2 (gf180mcu_fd_sc_mcu7t5v0__nor3_1)
     8    0.035654    1.075323    0.645741 20763.421875 ^ _1491_/ZN (gf180mcu_fd_sc_mcu7t5v0__nor3_1)
                                                         _0870_ (net)
                      1.075323    0.000000 20763.421875 ^ _1501_/A3 (gf180mcu_fd_sc_mcu7t5v0__and4_1)
     5    0.023097    0.325976    0.480213 20763.902344 ^ _1501_/Z (gf180mcu_fd_sc_mcu7t5v0__and4_1)
                                                         _0876_ (net)
                      0.325976    0.000000 20763.902344 ^ _1505_/A3 (gf180mcu_fd_sc_mcu7t5v0__and3_1)
     3    0.016225    0.230306    0.321961 20764.224609 ^ _1505_/Z (gf180mcu_fd_sc_mcu7t5v0__and3_1)
                                                         _0878_ (net)
                      0.230306    0.000000 20764.224609 ^ _1509_/A2 (gf180mcu_fd_sc_mcu7t5v0__aoi21_1)
     1    0.004447    0.169870    0.074579 20764.298828 v _1509_/ZN (gf180mcu_fd_sc_mcu7t5v0__aoi21_1)
                                                         _0880_ (net)
                      0.169870    0.000000 20764.298828 v _1512_/A1 (gf180mcu_fd_sc_mcu7t5v0__nor2_1)
     1    0.003038    0.136521    0.118234 20764.417969 ^ _1512_/ZN (gf180mcu_fd_sc_mcu7t5v0__nor2_1)
                                                         _0077_ (net)
                      0.136521    0.000000 20764.417969 ^ _2078_/D (gf180mcu_fd_sc_mcu7t5v0__dffrnq_1)
                                           20764.417969   data arrival time

                      0.000000 20833.279297 20833.279297   clock clk_div (rise edge)
                                  0.000000 20833.279297   clock network delay (ideal)
                                 -0.250000 20833.029297   clock uncertainty
                                  0.000000 20833.029297   clock reconvergence pessimism
                                           20833.029297 ^ _2078_/CLK (gf180mcu_fd_sc_mcu7t5v0__dffrnq_1)
                                 -0.205005 20832.824219   library setup time
                                           20832.824219   data required time
---------------------------------------------------------------------------------------------
                                           20832.824219   data required time
                                           -20764.417969   data arrival time
---------------------------------------------------------------------------------------------
                                             68.406372   slack (MET)


Startpoint: in_cic (input port clocked by clk)
Endpoint: _2076_ (rising edge-triggered flip-flop clocked by clk)
Path Group: clk
Path Type: max

Fanout         Cap        Slew       Delay        Time   Description
---------------------------------------------------------------------------------------------
                      0.000000    0.000000    0.000000   clock clk (rise edge)
                                  0.000000    0.000000   clock network delay (ideal)
                                 10.000000   10.000000 ^ input external delay
     4    0.017689    0.000000    0.000000   10.000000 ^ in_cic (in)
                                                         in_cic (net)
                      0.000000    0.000000   10.000000 ^ _1459_/A4 (gf180mcu_fd_sc_mcu7t5v0__and4_1)
     3    0.014595    0.225638    0.366517   10.366518 ^ _1459_/Z (gf180mcu_fd_sc_mcu7t5v0__and4_1)
                                                         _0851_ (net)
                      0.225638    0.000000   10.366518 ^ _1466_/A4 (gf180mcu_fd_sc_mcu7t5v0__and4_1)
     4    0.018768    0.268504    0.391240   10.757757 ^ _1466_/Z (gf180mcu_fd_sc_mcu7t5v0__and4_1)
                                                         _0855_ (net)
                      0.268504    0.000000   10.757757 ^ _1475_/A3 (gf180mcu_fd_sc_mcu7t5v0__nand4_1)
     1    0.003982    0.222789    0.119342   10.877100 v _1475_/ZN (gf180mcu_fd_sc_mcu7t5v0__nand4_1)
                                                         _0860_ (net)
                      0.222789    0.000000   10.877100 v _1491_/A2 (gf180mcu_fd_sc_mcu7t5v0__nor3_1)
     8    0.035654    1.075323    0.645914   11.523014 ^ _1491_/ZN (gf180mcu_fd_sc_mcu7t5v0__nor3_1)
                                                         _0870_ (net)
                      1.075323    0.000000   11.523014 ^ _1501_/A3 (gf180mcu_fd_sc_mcu7t5v0__and4_1)
     5    0.023097    0.325976    0.479647   12.002661 ^ _1501_/Z (gf180mcu_fd_sc_mcu7t5v0__and4_1)
                                                         _0876_ (net)
                      0.325976    0.000000   12.002661 ^ _1505_/A3 (gf180mcu_fd_sc_mcu7t5v0__and3_1)
     3    0.016225    0.230306    0.322078   12.324739 ^ _1505_/Z (gf180mcu_fd_sc_mcu7t5v0__and3_1)
                                                         _0878_ (net)
                      0.230306    0.000000   12.324739 ^ _1507_/A2 (gf180mcu_fd_sc_mcu7t5v0__nor2_1)
     1    0.003038    0.118500    0.089387   12.414126 v _1507_/ZN (gf180mcu_fd_sc_mcu7t5v0__nor2_1)
                                                         _0075_ (net)
                      0.118500    0.000000   12.414126 v _2076_/D (gf180mcu_fd_sc_mcu7t5v0__dffrnq_1)
                                             12.414126   data arrival time

                      0.000000   81.379997   81.379997   clock clk (rise edge)
                                  0.000000   81.379997   clock network delay (ideal)
                                 -0.250000   81.129997   clock uncertainty
                                  0.000000   81.129997   clock reconvergence pessimism
                                             81.129997 ^ _2076_/CLK (gf180mcu_fd_sc_mcu7t5v0__dffrnq_1)
                                 -0.112543   81.017456   library setup time
                                             81.017456   data required time
---------------------------------------------------------------------------------------------
                                             81.017456   data required time
                                            -12.414126   data arrival time
---------------------------------------------------------------------------------------------
                                             68.603333   slack (MET)


Startpoint: in_cic (input port clocked by clk)
Endpoint: _2076_ (rising edge-triggered flip-flop clocked by clk_div)
Path Group: clk_div
Path Type: max

Fanout         Cap        Slew       Delay        Time   Description
---------------------------------------------------------------------------------------------
                      0.000000 20751.898438 20751.898438   clock clk (rise edge)
                                  0.000000 20751.898438   clock network delay (ideal)
                                 10.000000 20761.900391 ^ input external delay
     4    0.017689    0.000000    0.000000 20761.900391 ^ in_cic (in)
                                                         in_cic (net)
                      0.000000    0.000000 20761.900391 ^ _1459_/A4 (gf180mcu_fd_sc_mcu7t5v0__and4_1)
     3    0.014595    0.225638    0.365617 20762.265625 ^ _1459_/Z (gf180mcu_fd_sc_mcu7t5v0__and4_1)
                                                         _0851_ (net)
                      0.225638    0.000000 20762.265625 ^ _1466_/A4 (gf180mcu_fd_sc_mcu7t5v0__and4_1)
     4    0.018768    0.268504    0.391083 20762.656250 ^ _1466_/Z (gf180mcu_fd_sc_mcu7t5v0__and4_1)
                                                         _0855_ (net)
                      0.268504    0.000000 20762.656250 ^ _1475_/A3 (gf180mcu_fd_sc_mcu7t5v0__nand4_1)
     1    0.003982    0.222789    0.120053 20762.777344 v _1475_/ZN (gf180mcu_fd_sc_mcu7t5v0__nand4_1)
                                                         _0860_ (net)
                      0.222789    0.000000 20762.777344 v _1491_/A2 (gf180mcu_fd_sc_mcu7t5v0__nor3_1)
     8    0.035654    1.075323    0.645741 20763.421875 ^ _1491_/ZN (gf180mcu_fd_sc_mcu7t5v0__nor3_1)
                                                         _0870_ (net)
                      1.075323    0.000000 20763.421875 ^ _1501_/A3 (gf180mcu_fd_sc_mcu7t5v0__and4_1)
     5    0.023097    0.325976    0.480213 20763.902344 ^ _1501_/Z (gf180mcu_fd_sc_mcu7t5v0__and4_1)
                                                         _0876_ (net)
                      0.325976    0.000000 20763.902344 ^ _1505_/A3 (gf180mcu_fd_sc_mcu7t5v0__and3_1)
     3    0.016225    0.230306    0.321961 20764.224609 ^ _1505_/Z (gf180mcu_fd_sc_mcu7t5v0__and3_1)
                                                         _0878_ (net)
                      0.230306    0.000000 20764.224609 ^ _1507_/A2 (gf180mcu_fd_sc_mcu7t5v0__nor2_1)
     1    0.003038    0.118500    0.089130 20764.314453 v _1507_/ZN (gf180mcu_fd_sc_mcu7t5v0__nor2_1)
                                                         _0075_ (net)
                      0.118500    0.000000 20764.314453 v _2076_/D (gf180mcu_fd_sc_mcu7t5v0__dffrnq_1)
                                           20764.314453   data arrival time

                      0.000000 20833.279297 20833.279297   clock clk_div (rise edge)
                                  0.000000 20833.279297   clock network delay (ideal)
                                 -0.250000 20833.029297   clock uncertainty
                                  0.000000 20833.029297   clock reconvergence pessimism
                                           20833.029297 ^ _2076_/CLK (gf180mcu_fd_sc_mcu7t5v0__dffrnq_1)
                                 -0.112543 20832.917969   library setup time
                                           20832.917969   data required time
---------------------------------------------------------------------------------------------
                                           20832.917969   data required time
                                           -20764.314453   data arrival time
---------------------------------------------------------------------------------------------
                                             68.603333   slack (MET)


Startpoint: in_cic (input port clocked by clk)
Endpoint: _2075_ (rising edge-triggered flip-flop clocked by clk)
Path Group: clk
Path Type: max

Fanout         Cap        Slew       Delay        Time   Description
---------------------------------------------------------------------------------------------
                      0.000000    0.000000    0.000000   clock clk (rise edge)
                                  0.000000    0.000000   clock network delay (ideal)
                                 10.000000   10.000000 ^ input external delay
     4    0.017689    0.000000    0.000000   10.000000 ^ in_cic (in)
                                                         in_cic (net)
                      0.000000    0.000000   10.000000 ^ _1459_/A4 (gf180mcu_fd_sc_mcu7t5v0__and4_1)
     3    0.014595    0.225638    0.366517   10.366518 ^ _1459_/Z (gf180mcu_fd_sc_mcu7t5v0__and4_1)
                                                         _0851_ (net)
                      0.225638    0.000000   10.366518 ^ _1466_/A4 (gf180mcu_fd_sc_mcu7t5v0__and4_1)
     4    0.018768    0.268504    0.391240   10.757757 ^ _1466_/Z (gf180mcu_fd_sc_mcu7t5v0__and4_1)
                                                         _0855_ (net)
                      0.268504    0.000000   10.757757 ^ _1475_/A3 (gf180mcu_fd_sc_mcu7t5v0__nand4_1)
     1    0.003982    0.222789    0.119342   10.877100 v _1475_/ZN (gf180mcu_fd_sc_mcu7t5v0__nand4_1)
                                                         _0860_ (net)
                      0.222789    0.000000   10.877100 v _1491_/A2 (gf180mcu_fd_sc_mcu7t5v0__nor3_1)
     8    0.035654    1.075323    0.645914   11.523014 ^ _1491_/ZN (gf180mcu_fd_sc_mcu7t5v0__nor3_1)
                                                         _0870_ (net)
                      1.075323    0.000000   11.523014 ^ _1501_/A3 (gf180mcu_fd_sc_mcu7t5v0__and4_1)
     5    0.023097    0.325976    0.479647   12.002661 ^ _1501_/Z (gf180mcu_fd_sc_mcu7t5v0__and4_1)
                                                         _0876_ (net)
                      0.325976    0.000000   12.002661 ^ _1503_/A2 (gf180mcu_fd_sc_mcu7t5v0__xor2_1)
     1    0.003038    0.186109    0.203690   12.206350 ^ _1503_/Z (gf180mcu_fd_sc_mcu7t5v0__xor2_1)
                                                         _0074_ (net)
                      0.186109    0.000000   12.206350 ^ _2075_/D (gf180mcu_fd_sc_mcu7t5v0__dffrnq_1)
                                             12.206350   data arrival time

                      0.000000   81.379997   81.379997   clock clk (rise edge)
                                  0.000000   81.379997   clock network delay (ideal)
                                 -0.250000   81.129997   clock uncertainty
                                  0.000000   81.129997   clock reconvergence pessimism
                                             81.129997 ^ _2075_/CLK (gf180mcu_fd_sc_mcu7t5v0__dffrnq_1)
                                 -0.217228   80.912773   library setup time
                                             80.912773   data required time
---------------------------------------------------------------------------------------------
                                             80.912773   data required time
                                            -12.206350   data arrival time
---------------------------------------------------------------------------------------------
                                             68.706421   slack (MET)


Startpoint: in_cic (input port clocked by clk)
Endpoint: _2075_ (rising edge-triggered flip-flop clocked by clk_div)
Path Group: clk_div
Path Type: max

Fanout         Cap        Slew       Delay        Time   Description
---------------------------------------------------------------------------------------------
                      0.000000 20751.898438 20751.898438   clock clk (rise edge)
                                  0.000000 20751.898438   clock network delay (ideal)
                                 10.000000 20761.900391 ^ input external delay
     4    0.017689    0.000000    0.000000 20761.900391 ^ in_cic (in)
                                                         in_cic (net)
                      0.000000    0.000000 20761.900391 ^ _1459_/A4 (gf180mcu_fd_sc_mcu7t5v0__and4_1)
     3    0.014595    0.225638    0.365617 20762.265625 ^ _1459_/Z (gf180mcu_fd_sc_mcu7t5v0__and4_1)
                                                         _0851_ (net)
                      0.225638    0.000000 20762.265625 ^ _1466_/A4 (gf180mcu_fd_sc_mcu7t5v0__and4_1)
     4    0.018768    0.268504    0.391083 20762.656250 ^ _1466_/Z (gf180mcu_fd_sc_mcu7t5v0__and4_1)
                                                         _0855_ (net)
                      0.268504    0.000000 20762.656250 ^ _1475_/A3 (gf180mcu_fd_sc_mcu7t5v0__nand4_1)
     1    0.003982    0.222789    0.120053 20762.777344 v _1475_/ZN (gf180mcu_fd_sc_mcu7t5v0__nand4_1)
                                                         _0860_ (net)
                      0.222789    0.000000 20762.777344 v _1491_/A2 (gf180mcu_fd_sc_mcu7t5v0__nor3_1)
     8    0.035654    1.075323    0.645741 20763.421875 ^ _1491_/ZN (gf180mcu_fd_sc_mcu7t5v0__nor3_1)
                                                         _0870_ (net)
                      1.075323    0.000000 20763.421875 ^ _1501_/A3 (gf180mcu_fd_sc_mcu7t5v0__and4_1)
     5    0.023097    0.325976    0.480213 20763.902344 ^ _1501_/Z (gf180mcu_fd_sc_mcu7t5v0__and4_1)
                                                         _0876_ (net)
                      0.325976    0.000000 20763.902344 ^ _1503_/A2 (gf180mcu_fd_sc_mcu7t5v0__xor2_1)
     1    0.003038    0.186109    0.203727 20764.107422 ^ _1503_/Z (gf180mcu_fd_sc_mcu7t5v0__xor2_1)
                                                         _0074_ (net)
                      0.186109    0.000000 20764.107422 ^ _2075_/D (gf180mcu_fd_sc_mcu7t5v0__dffrnq_1)
                                           20764.107422   data arrival time

                      0.000000 20833.279297 20833.279297   clock clk_div (rise edge)
                                  0.000000 20833.279297   clock network delay (ideal)
                                 -0.250000 20833.029297   clock uncertainty
                                  0.000000 20833.029297   clock reconvergence pessimism
                                           20833.029297 ^ _2075_/CLK (gf180mcu_fd_sc_mcu7t5v0__dffrnq_1)
                                 -0.217228 20832.812500   library setup time
                                           20832.812500   data required time
---------------------------------------------------------------------------------------------
                                           20832.812500   data required time
                                           -20764.107422   data arrival time
---------------------------------------------------------------------------------------------
                                             68.706421   slack (MET)


Startpoint: in_cic (input port clocked by clk)
Endpoint: _2070_ (rising edge-triggered flip-flop clocked by clk)
Path Group: clk
Path Type: max

Fanout         Cap        Slew       Delay        Time   Description
---------------------------------------------------------------------------------------------
                      0.000000    0.000000    0.000000   clock clk (rise edge)
                                  0.000000    0.000000   clock network delay (ideal)
                                 10.000000   10.000000 ^ input external delay
     4    0.017689    0.000000    0.000000   10.000000 ^ in_cic (in)
                                                         in_cic (net)
                      0.000000    0.000000   10.000000 ^ _1459_/A4 (gf180mcu_fd_sc_mcu7t5v0__and4_1)
     3    0.014595    0.225638    0.366517   10.366518 ^ _1459_/Z (gf180mcu_fd_sc_mcu7t5v0__and4_1)
                                                         _0851_ (net)
                      0.225638    0.000000   10.366518 ^ _1466_/A4 (gf180mcu_fd_sc_mcu7t5v0__and4_1)
     4    0.018768    0.268504    0.391240   10.757757 ^ _1466_/Z (gf180mcu_fd_sc_mcu7t5v0__and4_1)
                                                         _0855_ (net)
                      0.268504    0.000000   10.757757 ^ _1470_/A3 (gf180mcu_fd_sc_mcu7t5v0__and3_1)
     7    0.031729    0.393441    0.418424   11.176181 ^ _1470_/Z (gf180mcu_fd_sc_mcu7t5v0__and3_1)
                                                         _0857_ (net)
                      0.393441    0.000000   11.176181 ^ _1480_/A3 (gf180mcu_fd_sc_mcu7t5v0__and4_1)
     5    0.024539    0.327044    0.441069   11.617250 ^ _1480_/Z (gf180mcu_fd_sc_mcu7t5v0__and4_1)
                                                         _0863_ (net)
                      0.327044    0.000000   11.617250 ^ _1487_/A4 (gf180mcu_fd_sc_mcu7t5v0__and4_1)
     2    0.008440    0.164075    0.323275   11.940525 ^ _1487_/Z (gf180mcu_fd_sc_mcu7t5v0__and4_1)
                                                         _0867_ (net)
                      0.164075    0.000000   11.940525 ^ _1489_/A2 (gf180mcu_fd_sc_mcu7t5v0__nor2_1)
     1    0.004447    0.138775    0.091789   12.032314 v _1489_/ZN (gf180mcu_fd_sc_mcu7t5v0__nor2_1)
                                                         _0868_ (net)
                      0.138775    0.000000   12.032314 v _1492_/A1 (gf180mcu_fd_sc_mcu7t5v0__nor2_1)
     1    0.003038    0.198796    0.108448   12.140762 ^ _1492_/ZN (gf180mcu_fd_sc_mcu7t5v0__nor2_1)
                                                         _0068_ (net)
                      0.198796    0.000000   12.140762 ^ _2070_/D (gf180mcu_fd_sc_mcu7t5v0__dffrnq_1)
                                             12.140762   data arrival time

                      0.000000   81.379997   81.379997   clock clk (rise edge)
                                  0.000000   81.379997   clock network delay (ideal)
                                 -0.250000   81.129997   clock uncertainty
                                  0.000000   81.129997   clock reconvergence pessimism
                                             81.129997 ^ _2070_/CLK (gf180mcu_fd_sc_mcu7t5v0__dffrnq_1)
                                 -0.220355   80.909645   library setup time
                                             80.909645   data required time
---------------------------------------------------------------------------------------------
                                             80.909645   data required time
                                            -12.140762   data arrival time
---------------------------------------------------------------------------------------------
                                             68.768883   slack (MET)


Startpoint: in_cic (input port clocked by clk)
Endpoint: _2070_ (rising edge-triggered flip-flop clocked by clk_div)
Path Group: clk_div
Path Type: max

Fanout         Cap        Slew       Delay        Time   Description
---------------------------------------------------------------------------------------------
                      0.000000 20751.898438 20751.898438   clock clk (rise edge)
                                  0.000000 20751.898438   clock network delay (ideal)
                                 10.000000 20761.900391 ^ input external delay
     4    0.017689    0.000000    0.000000 20761.900391 ^ in_cic (in)
                                                         in_cic (net)
                      0.000000    0.000000 20761.900391 ^ _1459_/A4 (gf180mcu_fd_sc_mcu7t5v0__and4_1)
     3    0.014595    0.225638    0.365617 20762.265625 ^ _1459_/Z (gf180mcu_fd_sc_mcu7t5v0__and4_1)
                                                         _0851_ (net)
                      0.225638    0.000000 20762.265625 ^ _1466_/A4 (gf180mcu_fd_sc_mcu7t5v0__and4_1)
     4    0.018768    0.268504    0.391083 20762.656250 ^ _1466_/Z (gf180mcu_fd_sc_mcu7t5v0__and4_1)
                                                         _0855_ (net)
                      0.268504    0.000000 20762.656250 ^ _1470_/A3 (gf180mcu_fd_sc_mcu7t5v0__and3_1)
     7    0.031729    0.393441    0.418368 20763.076172 ^ _1470_/Z (gf180mcu_fd_sc_mcu7t5v0__and3_1)
                                                         _0857_ (net)
                      0.393441    0.000000 20763.076172 ^ _1480_/A3 (gf180mcu_fd_sc_mcu7t5v0__and4_1)
     5    0.024539    0.327044    0.442014 20763.517578 ^ _1480_/Z (gf180mcu_fd_sc_mcu7t5v0__and4_1)
                                                         _0863_ (net)
                      0.327044    0.000000 20763.517578 ^ _1487_/A4 (gf180mcu_fd_sc_mcu7t5v0__and4_1)
     2    0.008440    0.164075    0.321961 20763.839844 ^ _1487_/Z (gf180mcu_fd_sc_mcu7t5v0__and4_1)
                                                         _0867_ (net)
                      0.164075    0.000000 20763.839844 ^ _1489_/A2 (gf180mcu_fd_sc_mcu7t5v0__nor2_1)
     1    0.004447    0.138775    0.092768 20763.931641 v _1489_/ZN (gf180mcu_fd_sc_mcu7t5v0__nor2_1)
                                                         _0868_ (net)
                      0.138775    0.000000 20763.931641 v _1492_/A1 (gf180mcu_fd_sc_mcu7t5v0__nor2_1)
     1    0.003038    0.198796    0.107320 20764.039062 ^ _1492_/ZN (gf180mcu_fd_sc_mcu7t5v0__nor2_1)
                                                         _0068_ (net)
                      0.198796    0.000000 20764.039062 ^ _2070_/D (gf180mcu_fd_sc_mcu7t5v0__dffrnq_1)
                                           20764.039062   data arrival time

                      0.000000 20833.279297 20833.279297   clock clk_div (rise edge)
                                  0.000000 20833.279297   clock network delay (ideal)
                                 -0.250000 20833.029297   clock uncertainty
                                  0.000000 20833.029297   clock reconvergence pessimism
                                           20833.029297 ^ _2070_/CLK (gf180mcu_fd_sc_mcu7t5v0__dffrnq_1)
                                 -0.220355 20832.810547   library setup time
                                           20832.810547   data required time
---------------------------------------------------------------------------------------------
                                           20832.810547   data required time
                                           -20764.039062   data arrival time
---------------------------------------------------------------------------------------------
                                             68.768883   slack (MET)


Startpoint: in_cic (input port clocked by clk)
Endpoint: _2074_ (rising edge-triggered flip-flop clocked by clk)
Path Group: clk
Path Type: max

Fanout         Cap        Slew       Delay        Time   Description
---------------------------------------------------------------------------------------------
                      0.000000    0.000000    0.000000   clock clk (rise edge)
                                  0.000000    0.000000   clock network delay (ideal)
                                 10.000000   10.000000 ^ input external delay
     4    0.017689    0.000000    0.000000   10.000000 ^ in_cic (in)
                                                         in_cic (net)
                      0.000000    0.000000   10.000000 ^ _1459_/A4 (gf180mcu_fd_sc_mcu7t5v0__and4_1)
     3    0.014595    0.225638    0.366517   10.366518 ^ _1459_/Z (gf180mcu_fd_sc_mcu7t5v0__and4_1)
                                                         _0851_ (net)
                      0.225638    0.000000   10.366518 ^ _1466_/A4 (gf180mcu_fd_sc_mcu7t5v0__and4_1)
     4    0.018768    0.268504    0.391240   10.757757 ^ _1466_/Z (gf180mcu_fd_sc_mcu7t5v0__and4_1)
                                                         _0855_ (net)
                      0.268504    0.000000   10.757757 ^ _1475_/A3 (gf180mcu_fd_sc_mcu7t5v0__nand4_1)
     1    0.003982    0.222789    0.119342   10.877100 v _1475_/ZN (gf180mcu_fd_sc_mcu7t5v0__nand4_1)
                                                         _0860_ (net)
                      0.222789    0.000000   10.877100 v _1491_/A2 (gf180mcu_fd_sc_mcu7t5v0__nor3_1)
     8    0.035654    1.075323    0.645914   11.523014 ^ _1491_/ZN (gf180mcu_fd_sc_mcu7t5v0__nor3_1)
                                                         _0870_ (net)
                      1.075323    0.000000   11.523014 ^ _1501_/A3 (gf180mcu_fd_sc_mcu7t5v0__and4_1)
     5    0.023097    0.325976    0.479647   12.002661 ^ _1501_/Z (gf180mcu_fd_sc_mcu7t5v0__and4_1)
                                                         _0876_ (net)
                      0.325976    0.000000   12.002661 ^ _1502_/B (gf180mcu_fd_sc_mcu7t5v0__aoi21_1)
     1    0.003038    0.190545    0.137891   12.140552 v _1502_/ZN (gf180mcu_fd_sc_mcu7t5v0__aoi21_1)
                                                         _0072_ (net)
                      0.190545    0.000000   12.140552 v _2074_/D (gf180mcu_fd_sc_mcu7t5v0__dffrnq_1)
                                             12.140552   data arrival time

                      0.000000   81.379997   81.379997   clock clk (rise edge)
                                  0.000000   81.379997   clock network delay (ideal)
                                 -0.250000   81.129997   clock uncertainty
                                  0.000000   81.129997   clock reconvergence pessimism
                                             81.129997 ^ _2074_/CLK (gf180mcu_fd_sc_mcu7t5v0__dffrnq_1)
                                 -0.134858   80.995140   library setup time
                                             80.995140   data required time
---------------------------------------------------------------------------------------------
                                             80.995140   data required time
                                            -12.140552   data arrival time
---------------------------------------------------------------------------------------------
                                             68.854584   slack (MET)


Startpoint: in_cic (input port clocked by clk)
Endpoint: _2074_ (rising edge-triggered flip-flop clocked by clk_div)
Path Group: clk_div
Path Type: max

Fanout         Cap        Slew       Delay        Time   Description
---------------------------------------------------------------------------------------------
                      0.000000 20751.898438 20751.898438   clock clk (rise edge)
                                  0.000000 20751.898438   clock network delay (ideal)
                                 10.000000 20761.900391 ^ input external delay
     4    0.017689    0.000000    0.000000 20761.900391 ^ in_cic (in)
                                                         in_cic (net)
                      0.000000    0.000000 20761.900391 ^ _1459_/A4 (gf180mcu_fd_sc_mcu7t5v0__and4_1)
     3    0.014595    0.225638    0.365617 20762.265625 ^ _1459_/Z (gf180mcu_fd_sc_mcu7t5v0__and4_1)
                                                         _0851_ (net)
                      0.225638    0.000000 20762.265625 ^ _1466_/A4 (gf180mcu_fd_sc_mcu7t5v0__and4_1)
     4    0.018768    0.268504    0.391083 20762.656250 ^ _1466_/Z (gf180mcu_fd_sc_mcu7t5v0__and4_1)
                                                         _0855_ (net)
                      0.268504    0.000000 20762.656250 ^ _1475_/A3 (gf180mcu_fd_sc_mcu7t5v0__nand4_1)
     1    0.003982    0.222789    0.120053 20762.777344 v _1475_/ZN (gf180mcu_fd_sc_mcu7t5v0__nand4_1)
                                                         _0860_ (net)
                      0.222789    0.000000 20762.777344 v _1491_/A2 (gf180mcu_fd_sc_mcu7t5v0__nor3_1)
     8    0.035654    1.075323    0.645741 20763.421875 ^ _1491_/ZN (gf180mcu_fd_sc_mcu7t5v0__nor3_1)
                                                         _0870_ (net)
                      1.075323    0.000000 20763.421875 ^ _1501_/A3 (gf180mcu_fd_sc_mcu7t5v0__and4_1)
     5    0.023097    0.325976    0.480213 20763.902344 ^ _1501_/Z (gf180mcu_fd_sc_mcu7t5v0__and4_1)
                                                         _0876_ (net)
                      0.325976    0.000000 20763.902344 ^ _1502_/B (gf180mcu_fd_sc_mcu7t5v0__aoi21_1)
     1    0.003038    0.190545    0.136424 20764.039062 v _1502_/ZN (gf180mcu_fd_sc_mcu7t5v0__aoi21_1)
                                                         _0072_ (net)
                      0.190545    0.000000 20764.039062 v _2074_/D (gf180mcu_fd_sc_mcu7t5v0__dffrnq_1)
                                           20764.039062   data arrival time

                      0.000000 20833.279297 20833.279297   clock clk_div (rise edge)
                                  0.000000 20833.279297   clock network delay (ideal)
                                 -0.250000 20833.029297   clock uncertainty
                                  0.000000 20833.029297   clock reconvergence pessimism
                                           20833.029297 ^ _2074_/CLK (gf180mcu_fd_sc_mcu7t5v0__dffrnq_1)
                                 -0.134858 20832.894531   library setup time
                                           20832.894531   data required time
---------------------------------------------------------------------------------------------
                                           20832.894531   data required time
                                           -20764.039062   data arrival time
---------------------------------------------------------------------------------------------
                                             68.854584   slack (MET)


Startpoint: in_cic (input port clocked by clk)
Endpoint: _2069_ (rising edge-triggered flip-flop clocked by clk)
Path Group: clk
Path Type: max

Fanout         Cap        Slew       Delay        Time   Description
---------------------------------------------------------------------------------------------
                      0.000000    0.000000    0.000000   clock clk (rise edge)
                                  0.000000    0.000000   clock network delay (ideal)
                                 10.000000   10.000000 ^ input external delay
     4    0.017689    0.000000    0.000000   10.000000 ^ in_cic (in)
                                                         in_cic (net)
                      0.000000    0.000000   10.000000 ^ _1459_/A4 (gf180mcu_fd_sc_mcu7t5v0__and4_1)
     3    0.014595    0.225638    0.366517   10.366518 ^ _1459_/Z (gf180mcu_fd_sc_mcu7t5v0__and4_1)
                                                         _0851_ (net)
                      0.225638    0.000000   10.366518 ^ _1466_/A4 (gf180mcu_fd_sc_mcu7t5v0__and4_1)
     4    0.018768    0.268504    0.391240   10.757757 ^ _1466_/Z (gf180mcu_fd_sc_mcu7t5v0__and4_1)
                                                         _0855_ (net)
                      0.268504    0.000000   10.757757 ^ _1470_/A3 (gf180mcu_fd_sc_mcu7t5v0__and3_1)
     7    0.031729    0.393441    0.418424   11.176181 ^ _1470_/Z (gf180mcu_fd_sc_mcu7t5v0__and3_1)
                                                         _0857_ (net)
                      0.393441    0.000000   11.176181 ^ _1480_/A3 (gf180mcu_fd_sc_mcu7t5v0__and4_1)
     5    0.024539    0.327044    0.441069   11.617250 ^ _1480_/Z (gf180mcu_fd_sc_mcu7t5v0__and4_1)
                                                         _0863_ (net)
                      0.327044    0.000000   11.617250 ^ _1487_/A4 (gf180mcu_fd_sc_mcu7t5v0__and4_1)
     2    0.008440    0.164075    0.323275   11.940525 ^ _1487_/Z (gf180mcu_fd_sc_mcu7t5v0__and4_1)
                                                         _0867_ (net)
                      0.164075    0.000000   11.940525 ^ _1488_/A2 (gf180mcu_fd_sc_mcu7t5v0__nor2_1)
     1    0.003038    0.100699    0.082223   12.022749 v _1488_/ZN (gf180mcu_fd_sc_mcu7t5v0__nor2_1)
                                                         _0067_ (net)
                      0.100699    0.000000   12.022749 v _2069_/D (gf180mcu_fd_sc_mcu7t5v0__dffrnq_1)
                                             12.022749   data arrival time

                      0.000000   81.379997   81.379997   clock clk (rise edge)
                                  0.000000   81.379997   clock network delay (ideal)
                                 -0.250000   81.129997   clock uncertainty
                                  0.000000   81.129997   clock reconvergence pessimism
                                             81.129997 ^ _2069_/CLK (gf180mcu_fd_sc_mcu7t5v0__dffrnq_1)
                                 -0.107030   81.022972   library setup time
                                             81.022972   data required time
---------------------------------------------------------------------------------------------
                                             81.022972   data required time
                                            -12.022749   data arrival time
---------------------------------------------------------------------------------------------
                                             69.000221   slack (MET)


Startpoint: in_cic (input port clocked by clk)
Endpoint: _2069_ (rising edge-triggered flip-flop clocked by clk_div)
Path Group: clk_div
Path Type: max

Fanout         Cap        Slew       Delay        Time   Description
---------------------------------------------------------------------------------------------
                      0.000000 20751.898438 20751.898438   clock clk (rise edge)
                                  0.000000 20751.898438   clock network delay (ideal)
                                 10.000000 20761.900391 ^ input external delay
     4    0.017689    0.000000    0.000000 20761.900391 ^ in_cic (in)
                                                         in_cic (net)
                      0.000000    0.000000 20761.900391 ^ _1459_/A4 (gf180mcu_fd_sc_mcu7t5v0__and4_1)
     3    0.014595    0.225638    0.365617 20762.265625 ^ _1459_/Z (gf180mcu_fd_sc_mcu7t5v0__and4_1)
                                                         _0851_ (net)
                      0.225638    0.000000 20762.265625 ^ _1466_/A4 (gf180mcu_fd_sc_mcu7t5v0__and4_1)
     4    0.018768    0.268504    0.391083 20762.656250 ^ _1466_/Z (gf180mcu_fd_sc_mcu7t5v0__and4_1)
                                                         _0855_ (net)
                      0.268504    0.000000 20762.656250 ^ _1470_/A3 (gf180mcu_fd_sc_mcu7t5v0__and3_1)
     7    0.031729    0.393441    0.418368 20763.076172 ^ _1470_/Z (gf180mcu_fd_sc_mcu7t5v0__and3_1)
                                                         _0857_ (net)
                      0.393441    0.000000 20763.076172 ^ _1480_/A3 (gf180mcu_fd_sc_mcu7t5v0__and4_1)
     5    0.024539    0.327044    0.442014 20763.517578 ^ _1480_/Z (gf180mcu_fd_sc_mcu7t5v0__and4_1)
                                                         _0863_ (net)
                      0.327044    0.000000 20763.517578 ^ _1487_/A4 (gf180mcu_fd_sc_mcu7t5v0__and4_1)
     2    0.008440    0.164075    0.321961 20763.839844 ^ _1487_/Z (gf180mcu_fd_sc_mcu7t5v0__and4_1)
                                                         _0867_ (net)
                      0.164075    0.000000 20763.839844 ^ _1488_/A2 (gf180mcu_fd_sc_mcu7t5v0__nor2_1)
     1    0.003038    0.100699    0.083674 20763.923828 v _1488_/ZN (gf180mcu_fd_sc_mcu7t5v0__nor2_1)
                                                         _0067_ (net)
                      0.100699    0.000000 20763.923828 v _2069_/D (gf180mcu_fd_sc_mcu7t5v0__dffrnq_1)
                                           20763.923828   data arrival time

                      0.000000 20833.279297 20833.279297   clock clk_div (rise edge)
                                  0.000000 20833.279297   clock network delay (ideal)
                                 -0.250000 20833.029297   clock uncertainty
                                  0.000000 20833.029297   clock reconvergence pessimism
                                           20833.029297 ^ _2069_/CLK (gf180mcu_fd_sc_mcu7t5v0__dffrnq_1)
                                 -0.107030 20832.921875   library setup time
                                           20832.921875   data required time
---------------------------------------------------------------------------------------------
                                           20832.921875   data required time
                                           -20763.923828   data arrival time
---------------------------------------------------------------------------------------------
                                             69.000221   slack (MET)


Startpoint: in_cic (input port clocked by clk)
Endpoint: _2068_ (rising edge-triggered flip-flop clocked by clk)
Path Group: clk
Path Type: max

Fanout         Cap        Slew       Delay        Time   Description
---------------------------------------------------------------------------------------------
                      0.000000    0.000000    0.000000   clock clk (rise edge)
                                  0.000000    0.000000   clock network delay (ideal)
                                 10.000000   10.000000 ^ input external delay
     4    0.017689    0.000000    0.000000   10.000000 ^ in_cic (in)
                                                         in_cic (net)
                      0.000000    0.000000   10.000000 ^ _1459_/A4 (gf180mcu_fd_sc_mcu7t5v0__and4_1)
     3    0.014595    0.225638    0.366517   10.366518 ^ _1459_/Z (gf180mcu_fd_sc_mcu7t5v0__and4_1)
                                                         _0851_ (net)
                      0.225638    0.000000   10.366518 ^ _1466_/A4 (gf180mcu_fd_sc_mcu7t5v0__and4_1)
     4    0.018768    0.268504    0.391240   10.757757 ^ _1466_/Z (gf180mcu_fd_sc_mcu7t5v0__and4_1)
                                                         _0855_ (net)
                      0.268504    0.000000   10.757757 ^ _1470_/A3 (gf180mcu_fd_sc_mcu7t5v0__and3_1)
     7    0.031729    0.393441    0.418424   11.176181 ^ _1470_/Z (gf180mcu_fd_sc_mcu7t5v0__and3_1)
                                                         _0857_ (net)
                      0.393441    0.000000   11.176181 ^ _1480_/A3 (gf180mcu_fd_sc_mcu7t5v0__and4_1)
     5    0.024539    0.327044    0.441069   11.617250 ^ _1480_/Z (gf180mcu_fd_sc_mcu7t5v0__and4_1)
                                                         _0863_ (net)
                      0.327044    0.000000   11.617250 ^ _1483_/A2 (gf180mcu_fd_sc_mcu7t5v0__aoi21_1)
     1    0.004026    0.201683    0.070179   11.687430 v _1483_/ZN (gf180mcu_fd_sc_mcu7t5v0__aoi21_1)
                                                         _0864_ (net)
                      0.201683    0.000000   11.687430 v _1485_/B (gf180mcu_fd_sc_mcu7t5v0__aoi21_1)
     1    0.003038    0.185294    0.162603   11.850034 ^ _1485_/ZN (gf180mcu_fd_sc_mcu7t5v0__aoi21_1)
                                                         _0066_ (net)
                      0.185294    0.000000   11.850034 ^ _2068_/D (gf180mcu_fd_sc_mcu7t5v0__dffrnq_1)
                                             11.850034   data arrival time

                      0.000000   81.379997   81.379997   clock clk (rise edge)
                                  0.000000   81.379997   clock network delay (ideal)
                                 -0.250000   81.129997   clock uncertainty
                                  0.000000   81.129997   clock reconvergence pessimism
                                             81.129997 ^ _2068_/CLK (gf180mcu_fd_sc_mcu7t5v0__dffrnq_1)
                                 -0.217027   80.912971   library setup time
                                             80.912971   data required time
---------------------------------------------------------------------------------------------
                                             80.912971   data required time
                                            -11.850034   data arrival time
---------------------------------------------------------------------------------------------
                                             69.062935   slack (MET)


Startpoint: in_cic (input port clocked by clk)
Endpoint: _2068_ (rising edge-triggered flip-flop clocked by clk_div)
Path Group: clk_div
Path Type: max

Fanout         Cap        Slew       Delay        Time   Description
---------------------------------------------------------------------------------------------
                      0.000000 20751.898438 20751.898438   clock clk (rise edge)
                                  0.000000 20751.898438   clock network delay (ideal)
                                 10.000000 20761.900391 ^ input external delay
     4    0.017689    0.000000    0.000000 20761.900391 ^ in_cic (in)
                                                         in_cic (net)
                      0.000000    0.000000 20761.900391 ^ _1459_/A4 (gf180mcu_fd_sc_mcu7t5v0__and4_1)
     3    0.014595    0.225638    0.365617 20762.265625 ^ _1459_/Z (gf180mcu_fd_sc_mcu7t5v0__and4_1)
                                                         _0851_ (net)
                      0.225638    0.000000 20762.265625 ^ _1466_/A4 (gf180mcu_fd_sc_mcu7t5v0__and4_1)
     4    0.018768    0.268504    0.391083 20762.656250 ^ _1466_/Z (gf180mcu_fd_sc_mcu7t5v0__and4_1)
                                                         _0855_ (net)
                      0.268504    0.000000 20762.656250 ^ _1470_/A3 (gf180mcu_fd_sc_mcu7t5v0__and3_1)
     7    0.031729    0.393441    0.418368 20763.076172 ^ _1470_/Z (gf180mcu_fd_sc_mcu7t5v0__and3_1)
                                                         _0857_ (net)
                      0.393441    0.000000 20763.076172 ^ _1480_/A3 (gf180mcu_fd_sc_mcu7t5v0__and4_1)
     5    0.024539    0.327044    0.442014 20763.517578 ^ _1480_/Z (gf180mcu_fd_sc_mcu7t5v0__and4_1)
                                                         _0863_ (net)
                      0.327044    0.000000 20763.517578 ^ _1483_/A2 (gf180mcu_fd_sc_mcu7t5v0__aoi21_1)
     1    0.004026    0.201683    0.069122 20763.585938 v _1483_/ZN (gf180mcu_fd_sc_mcu7t5v0__aoi21_1)
                                                         _0864_ (net)
                      0.201683    0.000000 20763.585938 v _1485_/B (gf180mcu_fd_sc_mcu7t5v0__aoi21_1)
     1    0.003038    0.185294    0.163709 20763.750000 ^ _1485_/ZN (gf180mcu_fd_sc_mcu7t5v0__aoi21_1)
                                                         _0066_ (net)
                      0.185294    0.000000 20763.750000 ^ _2068_/D (gf180mcu_fd_sc_mcu7t5v0__dffrnq_1)
                                           20763.750000   data arrival time

                      0.000000 20833.279297 20833.279297   clock clk_div (rise edge)
                                  0.000000 20833.279297   clock network delay (ideal)
                                 -0.250000 20833.029297   clock uncertainty
                                  0.000000 20833.029297   clock reconvergence pessimism
                                           20833.029297 ^ _2068_/CLK (gf180mcu_fd_sc_mcu7t5v0__dffrnq_1)
                                 -0.217027 20832.812500   library setup time
                                           20832.812500   data required time
---------------------------------------------------------------------------------------------
                                           20832.812500   data required time
                                           -20763.750000   data arrival time
---------------------------------------------------------------------------------------------
                                             69.062935   slack (MET)


Startpoint: in_cic (input port clocked by clk)
Endpoint: _2067_ (rising edge-triggered flip-flop clocked by clk)
Path Group: clk
Path Type: max

Fanout         Cap        Slew       Delay        Time   Description
---------------------------------------------------------------------------------------------
                      0.000000    0.000000    0.000000   clock clk (rise edge)
                                  0.000000    0.000000   clock network delay (ideal)
                                 10.000000   10.000000 ^ input external delay
     4    0.017689    0.000000    0.000000   10.000000 ^ in_cic (in)
                                                         in_cic (net)
                      0.000000    0.000000   10.000000 ^ _1459_/A4 (gf180mcu_fd_sc_mcu7t5v0__and4_1)
     3    0.014595    0.225638    0.366517   10.366518 ^ _1459_/Z (gf180mcu_fd_sc_mcu7t5v0__and4_1)
                                                         _0851_ (net)
                      0.225638    0.000000   10.366518 ^ _1466_/A4 (gf180mcu_fd_sc_mcu7t5v0__and4_1)
     4    0.018768    0.268504    0.391240   10.757757 ^ _1466_/Z (gf180mcu_fd_sc_mcu7t5v0__and4_1)
                                                         _0855_ (net)
                      0.268504    0.000000   10.757757 ^ _1470_/A3 (gf180mcu_fd_sc_mcu7t5v0__and3_1)
     7    0.031729    0.393441    0.418424   11.176181 ^ _1470_/Z (gf180mcu_fd_sc_mcu7t5v0__and3_1)
                                                         _0857_ (net)
                      0.393441    0.000000   11.176181 ^ _1480_/A3 (gf180mcu_fd_sc_mcu7t5v0__and4_1)
     5    0.024539    0.327044    0.441069   11.617250 ^ _1480_/Z (gf180mcu_fd_sc_mcu7t5v0__and4_1)
                                                         _0863_ (net)
                      0.327044    0.000000   11.617250 ^ _1482_/A2 (gf180mcu_fd_sc_mcu7t5v0__xor2_1)
     1    0.003038    0.186559    0.203715   11.820966 ^ _1482_/Z (gf180mcu_fd_sc_mcu7t5v0__xor2_1)
                                                         _0065_ (net)
                      0.186559    0.000000   11.820966 ^ _2067_/D (gf180mcu_fd_sc_mcu7t5v0__dffrnq_1)
                                             11.820966   data arrival time

                      0.000000   81.379997   81.379997   clock clk (rise edge)
                                  0.000000   81.379997   clock network delay (ideal)
                                 -0.250000   81.129997   clock uncertainty
                                  0.000000   81.129997   clock reconvergence pessimism
                                             81.129997 ^ _2067_/CLK (gf180mcu_fd_sc_mcu7t5v0__dffrnq_1)
                                 -0.217339   80.912659   library setup time
                                             80.912659   data required time
---------------------------------------------------------------------------------------------
                                             80.912659   data required time
                                            -11.820966   data arrival time
---------------------------------------------------------------------------------------------
                                             69.091690   slack (MET)


Startpoint: in_cic (input port clocked by clk)
Endpoint: _2067_ (rising edge-triggered flip-flop clocked by clk_div)
Path Group: clk_div
Path Type: max

Fanout         Cap        Slew       Delay        Time   Description
---------------------------------------------------------------------------------------------
                      0.000000 20751.898438 20751.898438   clock clk (rise edge)
                                  0.000000 20751.898438   clock network delay (ideal)
                                 10.000000 20761.900391 ^ input external delay
     4    0.017689    0.000000    0.000000 20761.900391 ^ in_cic (in)
                                                         in_cic (net)
                      0.000000    0.000000 20761.900391 ^ _1459_/A4 (gf180mcu_fd_sc_mcu7t5v0__and4_1)
     3    0.014595    0.225638    0.365617 20762.265625 ^ _1459_/Z (gf180mcu_fd_sc_mcu7t5v0__and4_1)
                                                         _0851_ (net)
                      0.225638    0.000000 20762.265625 ^ _1466_/A4 (gf180mcu_fd_sc_mcu7t5v0__and4_1)
     4    0.018768    0.268504    0.391083 20762.656250 ^ _1466_/Z (gf180mcu_fd_sc_mcu7t5v0__and4_1)
                                                         _0855_ (net)
                      0.268504    0.000000 20762.656250 ^ _1470_/A3 (gf180mcu_fd_sc_mcu7t5v0__and3_1)
     7    0.031729    0.393441    0.418368 20763.076172 ^ _1470_/Z (gf180mcu_fd_sc_mcu7t5v0__and3_1)
                                                         _0857_ (net)
                      0.393441    0.000000 20763.076172 ^ _1480_/A3 (gf180mcu_fd_sc_mcu7t5v0__and4_1)
     5    0.024539    0.327044    0.442014 20763.517578 ^ _1480_/Z (gf180mcu_fd_sc_mcu7t5v0__and4_1)
                                                         _0863_ (net)
                      0.327044    0.000000 20763.517578 ^ _1482_/A2 (gf180mcu_fd_sc_mcu7t5v0__xor2_1)
     1    0.003038    0.186559    0.203727 20763.720703 ^ _1482_/Z (gf180mcu_fd_sc_mcu7t5v0__xor2_1)
                                                         _0065_ (net)
                      0.186559    0.000000 20763.720703 ^ _2067_/D (gf180mcu_fd_sc_mcu7t5v0__dffrnq_1)
                                           20763.720703   data arrival time

                      0.000000 20833.279297 20833.279297   clock clk_div (rise edge)
                                  0.000000 20833.279297   clock network delay (ideal)
                                 -0.250000 20833.029297   clock uncertainty
                                  0.000000 20833.029297   clock reconvergence pessimism
                                           20833.029297 ^ _2067_/CLK (gf180mcu_fd_sc_mcu7t5v0__dffrnq_1)
                                 -0.217339 20832.812500   library setup time
                                           20832.812500   data required time
---------------------------------------------------------------------------------------------
                                           20832.812500   data required time
                                           -20763.720703   data arrival time
---------------------------------------------------------------------------------------------
                                             69.091690   slack (MET)


Startpoint: in_cic (input port clocked by clk)
Endpoint: _2073_ (rising edge-triggered flip-flop clocked by clk)
Path Group: clk
Path Type: max

Fanout         Cap        Slew       Delay        Time   Description
---------------------------------------------------------------------------------------------
                      0.000000    0.000000    0.000000   clock clk (rise edge)
                                  0.000000    0.000000   clock network delay (ideal)
                                 10.000000   10.000000 ^ input external delay
     4    0.017689    0.000000    0.000000   10.000000 ^ in_cic (in)
                                                         in_cic (net)
                      0.000000    0.000000   10.000000 ^ _1459_/A4 (gf180mcu_fd_sc_mcu7t5v0__and4_1)
     3    0.014595    0.225638    0.366517   10.366518 ^ _1459_/Z (gf180mcu_fd_sc_mcu7t5v0__and4_1)
                                                         _0851_ (net)
                      0.225638    0.000000   10.366518 ^ _1466_/A4 (gf180mcu_fd_sc_mcu7t5v0__and4_1)
     4    0.018768    0.268504    0.391240   10.757757 ^ _1466_/Z (gf180mcu_fd_sc_mcu7t5v0__and4_1)
                                                         _0855_ (net)
                      0.268504    0.000000   10.757757 ^ _1475_/A3 (gf180mcu_fd_sc_mcu7t5v0__nand4_1)
     1    0.003982    0.222789    0.119342   10.877100 v _1475_/ZN (gf180mcu_fd_sc_mcu7t5v0__nand4_1)
                                                         _0860_ (net)
                      0.222789    0.000000   10.877100 v _1491_/A2 (gf180mcu_fd_sc_mcu7t5v0__nor3_1)
     8    0.035654    1.075323    0.645914   11.523014 ^ _1491_/ZN (gf180mcu_fd_sc_mcu7t5v0__nor3_1)
                                                         _0870_ (net)
                      1.075323    0.000000   11.523014 ^ _1498_/A4 (gf180mcu_fd_sc_mcu7t5v0__and4_1)
     1    0.004220    0.142054    0.300323   11.823338 ^ _1498_/Z (gf180mcu_fd_sc_mcu7t5v0__and4_1)
                                                         _0874_ (net)
                      0.142054    0.000000   11.823338 ^ _1500_/A2 (gf180mcu_fd_sc_mcu7t5v0__nor2_1)
     1    0.003038    0.094692    0.079602   11.902940 v _1500_/ZN (gf180mcu_fd_sc_mcu7t5v0__nor2_1)
                                                         _0071_ (net)
                      0.094692    0.000000   11.902940 v _2073_/D (gf180mcu_fd_sc_mcu7t5v0__dffrnq_1)
                                             11.902940   data arrival time

                      0.000000   81.379997   81.379997   clock clk (rise edge)
                                  0.000000   81.379997   clock network delay (ideal)
                                 -0.250000   81.129997   clock uncertainty
                                  0.000000   81.129997   clock reconvergence pessimism
                                             81.129997 ^ _2073_/CLK (gf180mcu_fd_sc_mcu7t5v0__dffrnq_1)
                                 -0.104026   81.025978   library setup time
                                             81.025978   data required time
---------------------------------------------------------------------------------------------
                                             81.025978   data required time
                                            -11.902940   data arrival time
---------------------------------------------------------------------------------------------
                                             69.123032   slack (MET)


Startpoint: in_cic (input port clocked by clk)
Endpoint: _2073_ (rising edge-triggered flip-flop clocked by clk_div)
Path Group: clk_div
Path Type: max

Fanout         Cap        Slew       Delay        Time   Description
---------------------------------------------------------------------------------------------
                      0.000000 20751.898438 20751.898438   clock clk (rise edge)
                                  0.000000 20751.898438   clock network delay (ideal)
                                 10.000000 20761.900391 ^ input external delay
     4    0.017689    0.000000    0.000000 20761.900391 ^ in_cic (in)
                                                         in_cic (net)
                      0.000000    0.000000 20761.900391 ^ _1459_/A4 (gf180mcu_fd_sc_mcu7t5v0__and4_1)
     3    0.014595    0.225638    0.365617 20762.265625 ^ _1459_/Z (gf180mcu_fd_sc_mcu7t5v0__and4_1)
                                                         _0851_ (net)
                      0.225638    0.000000 20762.265625 ^ _1466_/A4 (gf180mcu_fd_sc_mcu7t5v0__and4_1)
     4    0.018768    0.268504    0.391083 20762.656250 ^ _1466_/Z (gf180mcu_fd_sc_mcu7t5v0__and4_1)
                                                         _0855_ (net)
                      0.268504    0.000000 20762.656250 ^ _1475_/A3 (gf180mcu_fd_sc_mcu7t5v0__nand4_1)
     1    0.003982    0.222789    0.120053 20762.777344 v _1475_/ZN (gf180mcu_fd_sc_mcu7t5v0__nand4_1)
                                                         _0860_ (net)
                      0.222789    0.000000 20762.777344 v _1491_/A2 (gf180mcu_fd_sc_mcu7t5v0__nor3_1)
     8    0.035654    1.075323    0.645741 20763.421875 ^ _1491_/ZN (gf180mcu_fd_sc_mcu7t5v0__nor3_1)
                                                         _0870_ (net)
                      1.075323    0.000000 20763.421875 ^ _1498_/A4 (gf180mcu_fd_sc_mcu7t5v0__and4_1)
     1    0.004220    0.142054    0.300133 20763.722656 ^ _1498_/Z (gf180mcu_fd_sc_mcu7t5v0__and4_1)
                                                         _0874_ (net)
                      0.142054    0.000000 20763.722656 ^ _1500_/A2 (gf180mcu_fd_sc_mcu7t5v0__nor2_1)
     1    0.003038    0.094692    0.080036 20763.802734 v _1500_/ZN (gf180mcu_fd_sc_mcu7t5v0__nor2_1)
                                                         _0071_ (net)
                      0.094692    0.000000 20763.802734 v _2073_/D (gf180mcu_fd_sc_mcu7t5v0__dffrnq_1)
                                           20763.802734   data arrival time

                      0.000000 20833.279297 20833.279297   clock clk_div (rise edge)
                                  0.000000 20833.279297   clock network delay (ideal)
                                 -0.250000 20833.029297   clock uncertainty
                                  0.000000 20833.029297   clock reconvergence pessimism
                                           20833.029297 ^ _2073_/CLK (gf180mcu_fd_sc_mcu7t5v0__dffrnq_1)
                                 -0.104026 20832.925781   library setup time
                                           20832.925781   data required time
---------------------------------------------------------------------------------------------
                                           20832.925781   data required time
                                           -20763.802734   data arrival time
---------------------------------------------------------------------------------------------
                                             69.123032   slack (MET)


Startpoint: in_cic (input port clocked by clk)
Endpoint: _2066_ (rising edge-triggered flip-flop clocked by clk)
Path Group: clk
Path Type: max

Fanout         Cap        Slew       Delay        Time   Description
---------------------------------------------------------------------------------------------
                      0.000000    0.000000    0.000000   clock clk (rise edge)
                                  0.000000    0.000000   clock network delay (ideal)
                                 10.000000   10.000000 ^ input external delay
     4    0.017689    0.000000    0.000000   10.000000 ^ in_cic (in)
                                                         in_cic (net)
                      0.000000    0.000000   10.000000 ^ _1459_/A4 (gf180mcu_fd_sc_mcu7t5v0__and4_1)
     3    0.014595    0.225638    0.366517   10.366518 ^ _1459_/Z (gf180mcu_fd_sc_mcu7t5v0__and4_1)
                                                         _0851_ (net)
                      0.225638    0.000000   10.366518 ^ _1466_/A4 (gf180mcu_fd_sc_mcu7t5v0__and4_1)
     4    0.018768    0.268504    0.391240   10.757757 ^ _1466_/Z (gf180mcu_fd_sc_mcu7t5v0__and4_1)
                                                         _0855_ (net)
                      0.268504    0.000000   10.757757 ^ _1470_/A3 (gf180mcu_fd_sc_mcu7t5v0__and3_1)
     7    0.031729    0.393441    0.418424   11.176181 ^ _1470_/Z (gf180mcu_fd_sc_mcu7t5v0__and3_1)
                                                         _0857_ (net)
                      0.393441    0.000000   11.176181 ^ _1478_/A4 (gf180mcu_fd_sc_mcu7t5v0__and4_1)
     2    0.011490    0.195108    0.345209   11.521390 ^ _1478_/Z (gf180mcu_fd_sc_mcu7t5v0__and4_1)
                                                         _0862_ (net)
                      0.195108    0.000000   11.521390 ^ _1481_/A2 (gf180mcu_fd_sc_mcu7t5v0__xor2_1)
     1    0.003038    0.181053    0.198744   11.720135 ^ _1481_/Z (gf180mcu_fd_sc_mcu7t5v0__xor2_1)
                                                         _0064_ (net)
                      0.181053    0.000000   11.720135 ^ _2066_/D (gf180mcu_fd_sc_mcu7t5v0__dffrnq_1)
                                             11.720135   data arrival time

                      0.000000   81.379997   81.379997   clock clk (rise edge)
                                  0.000000   81.379997   clock network delay (ideal)
                                 -0.250000   81.129997   clock uncertainty
                                  0.000000   81.129997   clock reconvergence pessimism
                                             81.129997 ^ _2066_/CLK (gf180mcu_fd_sc_mcu7t5v0__dffrnq_1)
                                 -0.215981   80.914017   library setup time
                                             80.914017   data required time
---------------------------------------------------------------------------------------------
                                             80.914017   data required time
                                            -11.720135   data arrival time
---------------------------------------------------------------------------------------------
                                             69.193886   slack (MET)


Startpoint: in_cic (input port clocked by clk)
Endpoint: _2066_ (rising edge-triggered flip-flop clocked by clk_div)
Path Group: clk_div
Path Type: max

Fanout         Cap        Slew       Delay        Time   Description
---------------------------------------------------------------------------------------------
                      0.000000 20751.898438 20751.898438   clock clk (rise edge)
                                  0.000000 20751.898438   clock network delay (ideal)
                                 10.000000 20761.900391 ^ input external delay
     4    0.017689    0.000000    0.000000 20761.900391 ^ in_cic (in)
                                                         in_cic (net)
                      0.000000    0.000000 20761.900391 ^ _1459_/A4 (gf180mcu_fd_sc_mcu7t5v0__and4_1)
     3    0.014595    0.225638    0.365617 20762.265625 ^ _1459_/Z (gf180mcu_fd_sc_mcu7t5v0__and4_1)
                                                         _0851_ (net)
                      0.225638    0.000000 20762.265625 ^ _1466_/A4 (gf180mcu_fd_sc_mcu7t5v0__and4_1)
     4    0.018768    0.268504    0.391083 20762.656250 ^ _1466_/Z (gf180mcu_fd_sc_mcu7t5v0__and4_1)
                                                         _0855_ (net)
                      0.268504    0.000000 20762.656250 ^ _1470_/A3 (gf180mcu_fd_sc_mcu7t5v0__and3_1)
     7    0.031729    0.393441    0.418368 20763.076172 ^ _1470_/Z (gf180mcu_fd_sc_mcu7t5v0__and3_1)
                                                         _0857_ (net)
                      0.393441    0.000000 20763.076172 ^ _1478_/A4 (gf180mcu_fd_sc_mcu7t5v0__and4_1)
     2    0.011490    0.195108    0.345608 20763.419922 ^ _1478_/Z (gf180mcu_fd_sc_mcu7t5v0__and4_1)
                                                         _0862_ (net)
                      0.195108    0.000000 20763.419922 ^ _1481_/A2 (gf180mcu_fd_sc_mcu7t5v0__xor2_1)
     1    0.003038    0.181053    0.198270 20763.619141 ^ _1481_/Z (gf180mcu_fd_sc_mcu7t5v0__xor2_1)
                                                         _0064_ (net)
                      0.181053    0.000000 20763.619141 ^ _2066_/D (gf180mcu_fd_sc_mcu7t5v0__dffrnq_1)
                                           20763.619141   data arrival time

                      0.000000 20833.279297 20833.279297   clock clk_div (rise edge)
                                  0.000000 20833.279297   clock network delay (ideal)
                                 -0.250000 20833.029297   clock uncertainty
                                  0.000000 20833.029297   clock reconvergence pessimism
                                           20833.029297 ^ _2066_/CLK (gf180mcu_fd_sc_mcu7t5v0__dffrnq_1)
                                 -0.215981 20832.812500   library setup time
                                           20832.812500   data required time
---------------------------------------------------------------------------------------------
                                           20832.812500   data required time
                                           -20763.619141   data arrival time
---------------------------------------------------------------------------------------------
                                             69.193886   slack (MET)


Startpoint: in_cic (input port clocked by clk)
Endpoint: _2072_ (rising edge-triggered flip-flop clocked by clk)
Path Group: clk
Path Type: max

Fanout         Cap        Slew       Delay        Time   Description
---------------------------------------------------------------------------------------------
                      0.000000    0.000000    0.000000   clock clk (rise edge)
                                  0.000000    0.000000   clock network delay (ideal)
                                 10.000000   10.000000 ^ input external delay
     4    0.017689    0.000000    0.000000   10.000000 ^ in_cic (in)
                                                         in_cic (net)
                      0.000000    0.000000   10.000000 ^ _1459_/A4 (gf180mcu_fd_sc_mcu7t5v0__and4_1)
     3    0.014595    0.225638    0.366517   10.366518 ^ _1459_/Z (gf180mcu_fd_sc_mcu7t5v0__and4_1)
                                                         _0851_ (net)
                      0.225638    0.000000   10.366518 ^ _1466_/A4 (gf180mcu_fd_sc_mcu7t5v0__and4_1)
     4    0.018768    0.268504    0.391240   10.757757 ^ _1466_/Z (gf180mcu_fd_sc_mcu7t5v0__and4_1)
                                                         _0855_ (net)
                      0.268504    0.000000   10.757757 ^ _1475_/A3 (gf180mcu_fd_sc_mcu7t5v0__nand4_1)
     1    0.003982    0.222789    0.119342   10.877100 v _1475_/ZN (gf180mcu_fd_sc_mcu7t5v0__nand4_1)
                                                         _0860_ (net)
                      0.222789    0.000000   10.877100 v _1491_/A2 (gf180mcu_fd_sc_mcu7t5v0__nor3_1)
     8    0.035654    1.075323    0.645914   11.523014 ^ _1491_/ZN (gf180mcu_fd_sc_mcu7t5v0__nor3_1)
                                                         _0870_ (net)
                      1.075323    0.000000   11.523014 ^ _1494_/A2 (gf180mcu_fd_sc_mcu7t5v0__aoi21_1)
     1    0.004026    0.254867    0.010981   11.533995 v _1494_/ZN (gf180mcu_fd_sc_mcu7t5v0__aoi21_1)
                                                         _0871_ (net)
                      0.254867    0.000000   11.533995 v _1496_/B (gf180mcu_fd_sc_mcu7t5v0__aoi21_1)
     1    0.003038    0.193418    0.171929   11.705924 ^ _1496_/ZN (gf180mcu_fd_sc_mcu7t5v0__aoi21_1)
                                                         _0070_ (net)
                      0.193418    0.000000   11.705924 ^ _2072_/D (gf180mcu_fd_sc_mcu7t5v0__dffrnq_1)
                                             11.705924   data arrival time

                      0.000000   81.379997   81.379997   clock clk (rise edge)
                                  0.000000   81.379997   clock network delay (ideal)
                                 -0.250000   81.129997   clock uncertainty
                                  0.000000   81.129997   clock reconvergence pessimism
                                             81.129997 ^ _2072_/CLK (gf180mcu_fd_sc_mcu7t5v0__dffrnq_1)
                                 -0.219029   80.910965   library setup time
                                             80.910965   data required time
---------------------------------------------------------------------------------------------
                                             80.910965   data required time
                                            -11.705924   data arrival time
---------------------------------------------------------------------------------------------
                                             69.205048   slack (MET)


Startpoint: in_cic (input port clocked by clk)
Endpoint: _2072_ (rising edge-triggered flip-flop clocked by clk_div)
Path Group: clk_div
Path Type: max

Fanout         Cap        Slew       Delay        Time   Description
---------------------------------------------------------------------------------------------
                      0.000000 20751.898438 20751.898438   clock clk (rise edge)
                                  0.000000 20751.898438   clock network delay (ideal)
                                 10.000000 20761.900391 ^ input external delay
     4    0.017689    0.000000    0.000000 20761.900391 ^ in_cic (in)
                                                         in_cic (net)
                      0.000000    0.000000 20761.900391 ^ _1459_/A4 (gf180mcu_fd_sc_mcu7t5v0__and4_1)
     3    0.014595    0.225638    0.365617 20762.265625 ^ _1459_/Z (gf180mcu_fd_sc_mcu7t5v0__and4_1)
                                                         _0851_ (net)
                      0.225638    0.000000 20762.265625 ^ _1466_/A4 (gf180mcu_fd_sc_mcu7t5v0__and4_1)
     4    0.018768    0.268504    0.391083 20762.656250 ^ _1466_/Z (gf180mcu_fd_sc_mcu7t5v0__and4_1)
                                                         _0855_ (net)
                      0.268504    0.000000 20762.656250 ^ _1475_/A3 (gf180mcu_fd_sc_mcu7t5v0__nand4_1)
     1    0.003982    0.222789    0.120053 20762.777344 v _1475_/ZN (gf180mcu_fd_sc_mcu7t5v0__nand4_1)
                                                         _0860_ (net)
                      0.222789    0.000000 20762.777344 v _1491_/A2 (gf180mcu_fd_sc_mcu7t5v0__nor3_1)
     8    0.035654    1.075323    0.645741 20763.421875 ^ _1491_/ZN (gf180mcu_fd_sc_mcu7t5v0__nor3_1)
                                                         _0870_ (net)
                      1.075323    0.000000 20763.421875 ^ _1494_/A2 (gf180mcu_fd_sc_mcu7t5v0__aoi21_1)
     1    0.004026    0.254867    0.010914 20763.433594 v _1494_/ZN (gf180mcu_fd_sc_mcu7t5v0__aoi21_1)
                                                         _0871_ (net)
                      0.254867    0.000000 20763.433594 v _1496_/B (gf180mcu_fd_sc_mcu7t5v0__aoi21_1)
     1    0.003038    0.193418    0.170985 20763.605469 ^ _1496_/ZN (gf180mcu_fd_sc_mcu7t5v0__aoi21_1)
                                                         _0070_ (net)
                      0.193418    0.000000 20763.605469 ^ _2072_/D (gf180mcu_fd_sc_mcu7t5v0__dffrnq_1)
                                           20763.605469   data arrival time

                      0.000000 20833.279297 20833.279297   clock clk_div (rise edge)
                                  0.000000 20833.279297   clock network delay (ideal)
                                 -0.250000 20833.029297   clock uncertainty
                                  0.000000 20833.029297   clock reconvergence pessimism
                                           20833.029297 ^ _2072_/CLK (gf180mcu_fd_sc_mcu7t5v0__dffrnq_1)
                                 -0.219029 20832.810547   library setup time
                                           20832.810547   data required time
---------------------------------------------------------------------------------------------
                                           20832.810547   data required time
                                           -20763.605469   data arrival time
---------------------------------------------------------------------------------------------
                                             69.205048   slack (MET)


Startpoint: in_cic (input port clocked by clk)
Endpoint: _2071_ (rising edge-triggered flip-flop clocked by clk)
Path Group: clk
Path Type: max

Fanout         Cap        Slew       Delay        Time   Description
---------------------------------------------------------------------------------------------
                      0.000000    0.000000    0.000000   clock clk (rise edge)
                                  0.000000    0.000000   clock network delay (ideal)
                                 10.000000   10.000000 ^ input external delay
     4    0.017689    0.000000    0.000000   10.000000 ^ in_cic (in)
                                                         in_cic (net)
                      0.000000    0.000000   10.000000 ^ _1459_/A4 (gf180mcu_fd_sc_mcu7t5v0__and4_1)
     3    0.014595    0.225638    0.366517   10.366518 ^ _1459_/Z (gf180mcu_fd_sc_mcu7t5v0__and4_1)
                                                         _0851_ (net)
                      0.225638    0.000000   10.366518 ^ _1466_/A4 (gf180mcu_fd_sc_mcu7t5v0__and4_1)
     4    0.018768    0.268504    0.391240   10.757757 ^ _1466_/Z (gf180mcu_fd_sc_mcu7t5v0__and4_1)
                                                         _0855_ (net)
                      0.268504    0.000000   10.757757 ^ _1475_/A3 (gf180mcu_fd_sc_mcu7t5v0__nand4_1)
     1    0.003982    0.222789    0.119342   10.877100 v _1475_/ZN (gf180mcu_fd_sc_mcu7t5v0__nand4_1)
                                                         _0860_ (net)
                      0.222789    0.000000   10.877100 v _1491_/A2 (gf180mcu_fd_sc_mcu7t5v0__nor3_1)
     8    0.035654    1.075323    0.645914   11.523014 ^ _1491_/ZN (gf180mcu_fd_sc_mcu7t5v0__nor3_1)
                                                         _0870_ (net)
                      1.075323    0.000000   11.523014 ^ _1493_/A2 (gf180mcu_fd_sc_mcu7t5v0__xor2_1)
     1    0.003038    0.225895    0.172506   11.695519 ^ _1493_/Z (gf180mcu_fd_sc_mcu7t5v0__xor2_1)
                                                         _0069_ (net)
                      0.225895    0.000000   11.695519 ^ _2071_/D (gf180mcu_fd_sc_mcu7t5v0__dffrnq_1)
                                             11.695519   data arrival time

                      0.000000   81.379997   81.379997   clock clk (rise edge)
                                  0.000000   81.379997   clock network delay (ideal)
                                 -0.250000   81.129997   clock uncertainty
                                  0.000000   81.129997   clock reconvergence pessimism
                                             81.129997 ^ _2071_/CLK (gf180mcu_fd_sc_mcu7t5v0__dffrnq_1)
                                 -0.226334   80.903664   library setup time
                                             80.903664   data required time
---------------------------------------------------------------------------------------------
                                             80.903664   data required time
                                            -11.695519   data arrival time
---------------------------------------------------------------------------------------------
                                             69.208145   slack (MET)


Startpoint: in_cic (input port clocked by clk)
Endpoint: _2071_ (rising edge-triggered flip-flop clocked by clk_div)
Path Group: clk_div
Path Type: max

Fanout         Cap        Slew       Delay        Time   Description
---------------------------------------------------------------------------------------------
                      0.000000 20751.898438 20751.898438   clock clk (rise edge)
                                  0.000000 20751.898438   clock network delay (ideal)
                                 10.000000 20761.900391 ^ input external delay
     4    0.017689    0.000000    0.000000 20761.900391 ^ in_cic (in)
                                                         in_cic (net)
                      0.000000    0.000000 20761.900391 ^ _1459_/A4 (gf180mcu_fd_sc_mcu7t5v0__and4_1)
     3    0.014595    0.225638    0.365617 20762.265625 ^ _1459_/Z (gf180mcu_fd_sc_mcu7t5v0__and4_1)
                                                         _0851_ (net)
                      0.225638    0.000000 20762.265625 ^ _1466_/A4 (gf180mcu_fd_sc_mcu7t5v0__and4_1)
     4    0.018768    0.268504    0.391083 20762.656250 ^ _1466_/Z (gf180mcu_fd_sc_mcu7t5v0__and4_1)
                                                         _0855_ (net)
                      0.268504    0.000000 20762.656250 ^ _1475_/A3 (gf180mcu_fd_sc_mcu7t5v0__nand4_1)
     1    0.003982    0.222789    0.120053 20762.777344 v _1475_/ZN (gf180mcu_fd_sc_mcu7t5v0__nand4_1)
                                                         _0860_ (net)
                      0.222789    0.000000 20762.777344 v _1491_/A2 (gf180mcu_fd_sc_mcu7t5v0__nor3_1)
     8    0.035654    1.075323    0.645741 20763.421875 ^ _1491_/ZN (gf180mcu_fd_sc_mcu7t5v0__nor3_1)
                                                         _0870_ (net)
                      1.075323    0.000000 20763.421875 ^ _1493_/A2 (gf180mcu_fd_sc_mcu7t5v0__xor2_1)
     1    0.003038    0.225895    0.172804 20763.595703 ^ _1493_/Z (gf180mcu_fd_sc_mcu7t5v0__xor2_1)
                                                         _0069_ (net)
                      0.225895    0.000000 20763.595703 ^ _2071_/D (gf180mcu_fd_sc_mcu7t5v0__dffrnq_1)
                                           20763.595703   data arrival time

                      0.000000 20833.279297 20833.279297   clock clk_div (rise edge)
                                  0.000000 20833.279297   clock network delay (ideal)
                                 -0.250000 20833.029297   clock uncertainty
                                  0.000000 20833.029297   clock reconvergence pessimism
                                           20833.029297 ^ _2071_/CLK (gf180mcu_fd_sc_mcu7t5v0__dffrnq_1)
                                 -0.226334 20832.802734   library setup time
                                           20832.802734   data required time
---------------------------------------------------------------------------------------------
                                           20832.802734   data required time
                                           -20763.595703   data arrival time
---------------------------------------------------------------------------------------------
                                             69.208145   slack (MET)


Startpoint: in_cic (input port clocked by clk)
Endpoint: _2065_ (rising edge-triggered flip-flop clocked by clk)
Path Group: clk
Path Type: max

Fanout         Cap        Slew       Delay        Time   Description
---------------------------------------------------------------------------------------------
                      0.000000    0.000000    0.000000   clock clk (rise edge)
                                  0.000000    0.000000   clock network delay (ideal)
                                 10.000000   10.000000 ^ input external delay
     4    0.017689    0.000000    0.000000   10.000000 ^ in_cic (in)
                                                         in_cic (net)
                      0.000000    0.000000   10.000000 ^ _1459_/A4 (gf180mcu_fd_sc_mcu7t5v0__and4_1)
     3    0.014595    0.225638    0.366517   10.366518 ^ _1459_/Z (gf180mcu_fd_sc_mcu7t5v0__and4_1)
                                                         _0851_ (net)
                      0.225638    0.000000   10.366518 ^ _1466_/A4 (gf180mcu_fd_sc_mcu7t5v0__and4_1)
     4    0.018768    0.268504    0.391240   10.757757 ^ _1466_/Z (gf180mcu_fd_sc_mcu7t5v0__and4_1)
                                                         _0855_ (net)
                      0.268504    0.000000   10.757757 ^ _1470_/A3 (gf180mcu_fd_sc_mcu7t5v0__and3_1)
     7    0.031729    0.393441    0.418424   11.176181 ^ _1470_/Z (gf180mcu_fd_sc_mcu7t5v0__and3_1)
                                                         _0857_ (net)
                      0.393441    0.000000   11.176181 ^ _1478_/A4 (gf180mcu_fd_sc_mcu7t5v0__and4_1)
     2    0.011490    0.195108    0.345209   11.521390 ^ _1478_/Z (gf180mcu_fd_sc_mcu7t5v0__and4_1)
                                                         _0862_ (net)
                      0.195108    0.000000   11.521390 ^ _1479_/A2 (gf180mcu_fd_sc_mcu7t5v0__nor2_1)
     1    0.003038    0.109166    0.085916   11.607306 v _1479_/ZN (gf180mcu_fd_sc_mcu7t5v0__nor2_1)
                                                         _0063_ (net)
                      0.109166    0.000000   11.607306 v _2065_/D (gf180mcu_fd_sc_mcu7t5v0__dffrnq_1)
                                             11.607306   data arrival time

                      0.000000   81.379997   81.379997   clock clk (rise edge)
                                  0.000000   81.379997   clock network delay (ideal)
                                 -0.250000   81.129997   clock uncertainty
                                  0.000000   81.129997   clock reconvergence pessimism
                                             81.129997 ^ _2065_/CLK (gf180mcu_fd_sc_mcu7t5v0__dffrnq_1)
                                 -0.109652   81.020348   library setup time
                                             81.020348   data required time
---------------------------------------------------------------------------------------------
                                             81.020348   data required time
                                            -11.607306   data arrival time
---------------------------------------------------------------------------------------------
                                             69.413040   slack (MET)


Startpoint: in_cic (input port clocked by clk)
Endpoint: _2065_ (rising edge-triggered flip-flop clocked by clk_div)
Path Group: clk_div
Path Type: max

Fanout         Cap        Slew       Delay        Time   Description
---------------------------------------------------------------------------------------------
                      0.000000 20751.898438 20751.898438   clock clk (rise edge)
                                  0.000000 20751.898438   clock network delay (ideal)
                                 10.000000 20761.900391 ^ input external delay
     4    0.017689    0.000000    0.000000 20761.900391 ^ in_cic (in)
                                                         in_cic (net)
                      0.000000    0.000000 20761.900391 ^ _1459_/A4 (gf180mcu_fd_sc_mcu7t5v0__and4_1)
     3    0.014595    0.225638    0.365617 20762.265625 ^ _1459_/Z (gf180mcu_fd_sc_mcu7t5v0__and4_1)
                                                         _0851_ (net)
                      0.225638    0.000000 20762.265625 ^ _1466_/A4 (gf180mcu_fd_sc_mcu7t5v0__and4_1)
     4    0.018768    0.268504    0.391083 20762.656250 ^ _1466_/Z (gf180mcu_fd_sc_mcu7t5v0__and4_1)
                                                         _0855_ (net)
                      0.268504    0.000000 20762.656250 ^ _1470_/A3 (gf180mcu_fd_sc_mcu7t5v0__and3_1)
     7    0.031729    0.393441    0.418368 20763.076172 ^ _1470_/Z (gf180mcu_fd_sc_mcu7t5v0__and3_1)
                                                         _0857_ (net)
                      0.393441    0.000000 20763.076172 ^ _1478_/A4 (gf180mcu_fd_sc_mcu7t5v0__and4_1)
     2    0.011490    0.195108    0.345608 20763.419922 ^ _1478_/Z (gf180mcu_fd_sc_mcu7t5v0__and4_1)
                                                         _0862_ (net)
                      0.195108    0.000000 20763.419922 ^ _1479_/A2 (gf180mcu_fd_sc_mcu7t5v0__nor2_1)
     1    0.003038    0.109166    0.085493 20763.505859 v _1479_/ZN (gf180mcu_fd_sc_mcu7t5v0__nor2_1)
                                                         _0063_ (net)
                      0.109166    0.000000 20763.505859 v _2065_/D (gf180mcu_fd_sc_mcu7t5v0__dffrnq_1)
                                           20763.505859   data arrival time

                      0.000000 20833.279297 20833.279297   clock clk_div (rise edge)
                                  0.000000 20833.279297   clock network delay (ideal)
                                 -0.250000 20833.029297   clock uncertainty
                                  0.000000 20833.029297   clock reconvergence pessimism
                                           20833.029297 ^ _2065_/CLK (gf180mcu_fd_sc_mcu7t5v0__dffrnq_1)
                                 -0.109652 20832.919922   library setup time
                                           20832.919922   data required time
---------------------------------------------------------------------------------------------
                                           20832.919922   data required time
                                           -20763.505859   data arrival time
---------------------------------------------------------------------------------------------
                                             69.413040   slack (MET)


Startpoint: in_cic (input port clocked by clk)
Endpoint: _2064_ (rising edge-triggered flip-flop clocked by clk)
Path Group: clk
Path Type: max

Fanout         Cap        Slew       Delay        Time   Description
---------------------------------------------------------------------------------------------
                      0.000000    0.000000    0.000000   clock clk (rise edge)
                                  0.000000    0.000000   clock network delay (ideal)
                                 10.000000   10.000000 ^ input external delay
     4    0.017689    0.000000    0.000000   10.000000 ^ in_cic (in)
                                                         in_cic (net)
                      0.000000    0.000000   10.000000 ^ _1459_/A4 (gf180mcu_fd_sc_mcu7t5v0__and4_1)
     3    0.014595    0.225638    0.366517   10.366518 ^ _1459_/Z (gf180mcu_fd_sc_mcu7t5v0__and4_1)
                                                         _0851_ (net)
                      0.225638    0.000000   10.366518 ^ _1466_/A4 (gf180mcu_fd_sc_mcu7t5v0__and4_1)
     4    0.018768    0.268504    0.391240   10.757757 ^ _1466_/Z (gf180mcu_fd_sc_mcu7t5v0__and4_1)
                                                         _0855_ (net)
                      0.268504    0.000000   10.757757 ^ _1470_/A3 (gf180mcu_fd_sc_mcu7t5v0__and3_1)
     7    0.031729    0.393441    0.418424   11.176181 ^ _1470_/Z (gf180mcu_fd_sc_mcu7t5v0__and3_1)
                                                         _0857_ (net)
                      0.393441    0.000000   11.176181 ^ _1473_/A2 (gf180mcu_fd_sc_mcu7t5v0__aoi21_1)
     1    0.004026    0.202280    0.068172   11.244353 v _1473_/ZN (gf180mcu_fd_sc_mcu7t5v0__aoi21_1)
                                                         _0858_ (net)
                      0.202280    0.000000   11.244353 v _1476_/B (gf180mcu_fd_sc_mcu7t5v0__aoi21_1)
     1    0.003038    0.185347    0.162705   11.407058 ^ _1476_/ZN (gf180mcu_fd_sc_mcu7t5v0__aoi21_1)
                                                         _0086_ (net)
                      0.185347    0.000000   11.407058 ^ _2064_/D (gf180mcu_fd_sc_mcu7t5v0__dffrnq_1)
                                             11.407058   data arrival time

                      0.000000   81.379997   81.379997   clock clk (rise edge)
                                  0.000000   81.379997   clock network delay (ideal)
                                 -0.250000   81.129997   clock uncertainty
                                  0.000000   81.129997   clock reconvergence pessimism
                                             81.129997 ^ _2064_/CLK (gf180mcu_fd_sc_mcu7t5v0__dffrnq_1)
                                 -0.217040   80.912956   library setup time
                                             80.912956   data required time
---------------------------------------------------------------------------------------------
                                             80.912956   data required time
                                            -11.407058   data arrival time
---------------------------------------------------------------------------------------------
                                             69.505898   slack (MET)


Startpoint: in_cic (input port clocked by clk)
Endpoint: _2064_ (rising edge-triggered flip-flop clocked by clk_div)
Path Group: clk_div
Path Type: max

Fanout         Cap        Slew       Delay        Time   Description
---------------------------------------------------------------------------------------------
                      0.000000 20751.898438 20751.898438   clock clk (rise edge)
                                  0.000000 20751.898438   clock network delay (ideal)
                                 10.000000 20761.900391 ^ input external delay
     4    0.017689    0.000000    0.000000 20761.900391 ^ in_cic (in)
                                                         in_cic (net)
                      0.000000    0.000000 20761.900391 ^ _1459_/A4 (gf180mcu_fd_sc_mcu7t5v0__and4_1)
     3    0.014595    0.225638    0.365617 20762.265625 ^ _1459_/Z (gf180mcu_fd_sc_mcu7t5v0__and4_1)
                                                         _0851_ (net)
                      0.225638    0.000000 20762.265625 ^ _1466_/A4 (gf180mcu_fd_sc_mcu7t5v0__and4_1)
     4    0.018768    0.268504    0.391083 20762.656250 ^ _1466_/Z (gf180mcu_fd_sc_mcu7t5v0__and4_1)
                                                         _0855_ (net)
                      0.268504    0.000000 20762.656250 ^ _1470_/A3 (gf180mcu_fd_sc_mcu7t5v0__and3_1)
     7    0.031729    0.393441    0.418368 20763.076172 ^ _1470_/Z (gf180mcu_fd_sc_mcu7t5v0__and3_1)
                                                         _0857_ (net)
                      0.393441    0.000000 20763.076172 ^ _1473_/A2 (gf180mcu_fd_sc_mcu7t5v0__aoi21_1)
     1    0.004026    0.202280    0.069122 20763.144531 v _1473_/ZN (gf180mcu_fd_sc_mcu7t5v0__aoi21_1)
                                                         _0858_ (net)
                      0.202280    0.000000 20763.144531 v _1476_/B (gf180mcu_fd_sc_mcu7t5v0__aoi21_1)
     1    0.003038    0.185347    0.161890 20763.306641 ^ _1476_/ZN (gf180mcu_fd_sc_mcu7t5v0__aoi21_1)
                                                         _0086_ (net)
                      0.185347    0.000000 20763.306641 ^ _2064_/D (gf180mcu_fd_sc_mcu7t5v0__dffrnq_1)
                                           20763.306641   data arrival time

                      0.000000 20833.279297 20833.279297   clock clk_div (rise edge)
                                  0.000000 20833.279297   clock network delay (ideal)
                                 -0.250000 20833.029297   clock uncertainty
                                  0.000000 20833.029297   clock reconvergence pessimism
                                           20833.029297 ^ _2064_/CLK (gf180mcu_fd_sc_mcu7t5v0__dffrnq_1)
                                 -0.217040 20832.812500   library setup time
                                           20832.812500   data required time
---------------------------------------------------------------------------------------------
                                           20832.812500   data required time
                                           -20763.306641   data arrival time
---------------------------------------------------------------------------------------------
                                             69.505898   slack (MET)


Startpoint: in_cic (input port clocked by clk)
Endpoint: _2063_ (rising edge-triggered flip-flop clocked by clk)
Path Group: clk
Path Type: max

Fanout         Cap        Slew       Delay        Time   Description
---------------------------------------------------------------------------------------------
                      0.000000    0.000000    0.000000   clock clk (rise edge)
                                  0.000000    0.000000   clock network delay (ideal)
                                 10.000000   10.000000 ^ input external delay
     4    0.017689    0.000000    0.000000   10.000000 ^ in_cic (in)
                                                         in_cic (net)
                      0.000000    0.000000   10.000000 ^ _1459_/A4 (gf180mcu_fd_sc_mcu7t5v0__and4_1)
     3    0.014595    0.225638    0.366517   10.366518 ^ _1459_/Z (gf180mcu_fd_sc_mcu7t5v0__and4_1)
                                                         _0851_ (net)
                      0.225638    0.000000   10.366518 ^ _1466_/A4 (gf180mcu_fd_sc_mcu7t5v0__and4_1)
     4    0.018768    0.268504    0.391240   10.757757 ^ _1466_/Z (gf180mcu_fd_sc_mcu7t5v0__and4_1)
                                                         _0855_ (net)
                      0.268504    0.000000   10.757757 ^ _1470_/A3 (gf180mcu_fd_sc_mcu7t5v0__and3_1)
     7    0.031729    0.393441    0.418424   11.176181 ^ _1470_/Z (gf180mcu_fd_sc_mcu7t5v0__and3_1)
                                                         _0857_ (net)
                      0.393441    0.000000   11.176181 ^ _1472_/A2 (gf180mcu_fd_sc_mcu7t5v0__xor2_1)
     1    0.003038    0.193057    0.205324   11.381505 ^ _1472_/Z (gf180mcu_fd_sc_mcu7t5v0__xor2_1)
                                                         _0085_ (net)
                      0.193057    0.000000   11.381505 ^ _2063_/D (gf180mcu_fd_sc_mcu7t5v0__dffrnq_1)
                                             11.381505   data arrival time

                      0.000000   81.379997   81.379997   clock clk (rise edge)
                                  0.000000   81.379997   clock network delay (ideal)
                                 -0.250000   81.129997   clock uncertainty
                                  0.000000   81.129997   clock reconvergence pessimism
                                             81.129997 ^ _2063_/CLK (gf180mcu_fd_sc_mcu7t5v0__dffrnq_1)
                                 -0.218940   80.911057   library setup time
                                             80.911057   data required time
---------------------------------------------------------------------------------------------
                                             80.911057   data required time
                                            -11.381505   data arrival time
---------------------------------------------------------------------------------------------
                                             69.529556   slack (MET)


Startpoint: in_cic (input port clocked by clk)
Endpoint: _2063_ (rising edge-triggered flip-flop clocked by clk_div)
Path Group: clk_div
Path Type: max

Fanout         Cap        Slew       Delay        Time   Description
---------------------------------------------------------------------------------------------
                      0.000000 20751.898438 20751.898438   clock clk (rise edge)
                                  0.000000 20751.898438   clock network delay (ideal)
                                 10.000000 20761.900391 ^ input external delay
     4    0.017689    0.000000    0.000000 20761.900391 ^ in_cic (in)
                                                         in_cic (net)
                      0.000000    0.000000 20761.900391 ^ _1459_/A4 (gf180mcu_fd_sc_mcu7t5v0__and4_1)
     3    0.014595    0.225638    0.365617 20762.265625 ^ _1459_/Z (gf180mcu_fd_sc_mcu7t5v0__and4_1)
                                                         _0851_ (net)
                      0.225638    0.000000 20762.265625 ^ _1466_/A4 (gf180mcu_fd_sc_mcu7t5v0__and4_1)
     4    0.018768    0.268504    0.391083 20762.656250 ^ _1466_/Z (gf180mcu_fd_sc_mcu7t5v0__and4_1)
                                                         _0855_ (net)
                      0.268504    0.000000 20762.656250 ^ _1470_/A3 (gf180mcu_fd_sc_mcu7t5v0__and3_1)
     7    0.031729    0.393441    0.418368 20763.076172 ^ _1470_/Z (gf180mcu_fd_sc_mcu7t5v0__and3_1)
                                                         _0857_ (net)
                      0.393441    0.000000 20763.076172 ^ _1472_/A2 (gf180mcu_fd_sc_mcu7t5v0__xor2_1)
     1    0.003038    0.193057    0.205546 20763.281250 ^ _1472_/Z (gf180mcu_fd_sc_mcu7t5v0__xor2_1)
                                                         _0085_ (net)
                      0.193057    0.000000 20763.281250 ^ _2063_/D (gf180mcu_fd_sc_mcu7t5v0__dffrnq_1)
                                           20763.281250   data arrival time

                      0.000000 20833.279297 20833.279297   clock clk_div (rise edge)
                                  0.000000 20833.279297   clock network delay (ideal)
                                 -0.250000 20833.029297   clock uncertainty
                                  0.000000 20833.029297   clock reconvergence pessimism
                                           20833.029297 ^ _2063_/CLK (gf180mcu_fd_sc_mcu7t5v0__dffrnq_1)
                                 -0.218940 20832.810547   library setup time
                                           20832.810547   data required time
---------------------------------------------------------------------------------------------
                                           20832.810547   data required time
                                           -20763.281250   data arrival time
---------------------------------------------------------------------------------------------
                                             69.529556   slack (MET)


Startpoint: in_cic (input port clocked by clk)
Endpoint: _2062_ (rising edge-triggered flip-flop clocked by clk)
Path Group: clk
Path Type: max

Fanout         Cap        Slew       Delay        Time   Description
---------------------------------------------------------------------------------------------
                      0.000000    0.000000    0.000000   clock clk (rise edge)
                                  0.000000    0.000000   clock network delay (ideal)
                                 10.000000   10.000000 ^ input external delay
     4    0.017689    0.000000    0.000000   10.000000 ^ in_cic (in)
                                                         in_cic (net)
                      0.000000    0.000000   10.000000 ^ _1459_/A4 (gf180mcu_fd_sc_mcu7t5v0__and4_1)
     3    0.014595    0.225638    0.366517   10.366518 ^ _1459_/Z (gf180mcu_fd_sc_mcu7t5v0__and4_1)
                                                         _0851_ (net)
                      0.225638    0.000000   10.366518 ^ _1466_/A4 (gf180mcu_fd_sc_mcu7t5v0__and4_1)
     4    0.018768    0.268504    0.391240   10.757757 ^ _1466_/Z (gf180mcu_fd_sc_mcu7t5v0__and4_1)
                                                         _0855_ (net)
                      0.268504    0.000000   10.757757 ^ _1470_/A3 (gf180mcu_fd_sc_mcu7t5v0__and3_1)
     7    0.031729    0.393441    0.418424   11.176181 ^ _1470_/Z (gf180mcu_fd_sc_mcu7t5v0__and3_1)
                                                         _0857_ (net)
                      0.393441    0.000000   11.176181 ^ _1471_/A2 (gf180mcu_fd_sc_mcu7t5v0__nor2_1)
     1    0.003038    0.158875    0.097754   11.273935 v _1471_/ZN (gf180mcu_fd_sc_mcu7t5v0__nor2_1)
                                                         _0084_ (net)
                      0.158875    0.000000   11.273935 v _2062_/D (gf180mcu_fd_sc_mcu7t5v0__dffrnq_1)
                                             11.273935   data arrival time

                      0.000000   81.379997   81.379997   clock clk (rise edge)
                                  0.000000   81.379997   clock network delay (ideal)
                                 -0.250000   81.129997   clock uncertainty
                                  0.000000   81.129997   clock reconvergence pessimism
                                             81.129997 ^ _2062_/CLK (gf180mcu_fd_sc_mcu7t5v0__dffrnq_1)
                                 -0.125049   81.004951   library setup time
                                             81.004951   data required time
---------------------------------------------------------------------------------------------
                                             81.004951   data required time
                                            -11.273935   data arrival time
---------------------------------------------------------------------------------------------
                                             69.731018   slack (MET)


Startpoint: in_cic (input port clocked by clk)
Endpoint: _2062_ (rising edge-triggered flip-flop clocked by clk_div)
Path Group: clk_div
Path Type: max

Fanout         Cap        Slew       Delay        Time   Description
---------------------------------------------------------------------------------------------
                      0.000000 20751.898438 20751.898438   clock clk (rise edge)
                                  0.000000 20751.898438   clock network delay (ideal)
                                 10.000000 20761.900391 ^ input external delay
     4    0.017689    0.000000    0.000000 20761.900391 ^ in_cic (in)
                                                         in_cic (net)
                      0.000000    0.000000 20761.900391 ^ _1459_/A4 (gf180mcu_fd_sc_mcu7t5v0__and4_1)
     3    0.014595    0.225638    0.365617 20762.265625 ^ _1459_/Z (gf180mcu_fd_sc_mcu7t5v0__and4_1)
                                                         _0851_ (net)
                      0.225638    0.000000 20762.265625 ^ _1466_/A4 (gf180mcu_fd_sc_mcu7t5v0__and4_1)
     4    0.018768    0.268504    0.391083 20762.656250 ^ _1466_/Z (gf180mcu_fd_sc_mcu7t5v0__and4_1)
                                                         _0855_ (net)
                      0.268504    0.000000 20762.656250 ^ _1470_/A3 (gf180mcu_fd_sc_mcu7t5v0__and3_1)
     7    0.031729    0.393441    0.418368 20763.076172 ^ _1470_/Z (gf180mcu_fd_sc_mcu7t5v0__and3_1)
                                                         _0857_ (net)
                      0.393441    0.000000 20763.076172 ^ _1471_/A2 (gf180mcu_fd_sc_mcu7t5v0__nor2_1)
     1    0.003038    0.158875    0.098225 20763.173828 v _1471_/ZN (gf180mcu_fd_sc_mcu7t5v0__nor2_1)
                                                         _0084_ (net)
                      0.158875    0.000000 20763.173828 v _2062_/D (gf180mcu_fd_sc_mcu7t5v0__dffrnq_1)
                                           20763.173828   data arrival time

                      0.000000 20833.279297 20833.279297   clock clk_div (rise edge)
                                  0.000000 20833.279297   clock network delay (ideal)
                                 -0.250000 20833.029297   clock uncertainty
                                  0.000000 20833.029297   clock reconvergence pessimism
                                           20833.029297 ^ _2062_/CLK (gf180mcu_fd_sc_mcu7t5v0__dffrnq_1)
                                 -0.125049 20832.904297   library setup time
                                           20832.904297   data required time
---------------------------------------------------------------------------------------------
                                           20832.904297   data required time
                                           -20763.173828   data arrival time
---------------------------------------------------------------------------------------------
                                             69.731018   slack (MET)


Startpoint: in_cic (input port clocked by clk)
Endpoint: _2061_ (rising edge-triggered flip-flop clocked by clk)
Path Group: clk
Path Type: max

Fanout         Cap        Slew       Delay        Time   Description
---------------------------------------------------------------------------------------------
                      0.000000    0.000000    0.000000   clock clk (rise edge)
                                  0.000000    0.000000   clock network delay (ideal)
                                 10.000000   10.000000 ^ input external delay
     4    0.017689    0.000000    0.000000   10.000000 ^ in_cic (in)
                                                         in_cic (net)
                      0.000000    0.000000   10.000000 ^ _1459_/A4 (gf180mcu_fd_sc_mcu7t5v0__and4_1)
     3    0.014595    0.225638    0.366517   10.366518 ^ _1459_/Z (gf180mcu_fd_sc_mcu7t5v0__and4_1)
                                                         _0851_ (net)
                      0.225638    0.000000   10.366518 ^ _1466_/A4 (gf180mcu_fd_sc_mcu7t5v0__and4_1)
     4    0.018768    0.268504    0.391240   10.757757 ^ _1466_/Z (gf180mcu_fd_sc_mcu7t5v0__and4_1)
                                                         _0855_ (net)
                      0.268504    0.000000   10.757757 ^ _1468_/A2 (gf180mcu_fd_sc_mcu7t5v0__xor2_1)
     1    0.003038    0.184049    0.202298   10.960055 ^ _1468_/Z (gf180mcu_fd_sc_mcu7t5v0__xor2_1)
                                                         _0083_ (net)
                      0.184049    0.000000   10.960055 ^ _2061_/D (gf180mcu_fd_sc_mcu7t5v0__dffrnq_1)
                                             10.960055   data arrival time

                      0.000000   81.379997   81.379997   clock clk (rise edge)
                                  0.000000   81.379997   clock network delay (ideal)
                                 -0.250000   81.129997   clock uncertainty
                                  0.000000   81.129997   clock reconvergence pessimism
                                             81.129997 ^ _2061_/CLK (gf180mcu_fd_sc_mcu7t5v0__dffrnq_1)
                                 -0.216720   80.913277   library setup time
                                             80.913277   data required time
---------------------------------------------------------------------------------------------
                                             80.913277   data required time
                                            -10.960055   data arrival time
---------------------------------------------------------------------------------------------
                                             69.953217   slack (MET)


Startpoint: in_cic (input port clocked by clk)
Endpoint: _2061_ (rising edge-triggered flip-flop clocked by clk_div)
Path Group: clk_div
Path Type: max

Fanout         Cap        Slew       Delay        Time   Description
---------------------------------------------------------------------------------------------
                      0.000000 20751.898438 20751.898438   clock clk (rise edge)
                                  0.000000 20751.898438   clock network delay (ideal)
                                 10.000000 20761.900391 ^ input external delay
     4    0.017689    0.000000    0.000000 20761.900391 ^ in_cic (in)
                                                         in_cic (net)
                      0.000000    0.000000 20761.900391 ^ _1459_/A4 (gf180mcu_fd_sc_mcu7t5v0__and4_1)
     3    0.014595    0.225638    0.365617 20762.265625 ^ _1459_/Z (gf180mcu_fd_sc_mcu7t5v0__and4_1)
                                                         _0851_ (net)
                      0.225638    0.000000 20762.265625 ^ _1466_/A4 (gf180mcu_fd_sc_mcu7t5v0__and4_1)
     4    0.018768    0.268504    0.391083 20762.656250 ^ _1466_/Z (gf180mcu_fd_sc_mcu7t5v0__and4_1)
                                                         _0855_ (net)
                      0.268504    0.000000 20762.656250 ^ _1468_/A2 (gf180mcu_fd_sc_mcu7t5v0__xor2_1)
     1    0.003038    0.184049    0.201908 20762.859375 ^ _1468_/Z (gf180mcu_fd_sc_mcu7t5v0__xor2_1)
                                                         _0083_ (net)
                      0.184049    0.000000 20762.859375 ^ _2061_/D (gf180mcu_fd_sc_mcu7t5v0__dffrnq_1)
                                           20762.859375   data arrival time

                      0.000000 20833.279297 20833.279297   clock clk_div (rise edge)
                                  0.000000 20833.279297   clock network delay (ideal)
                                 -0.250000 20833.029297   clock uncertainty
                                  0.000000 20833.029297   clock reconvergence pessimism
                                           20833.029297 ^ _2061_/CLK (gf180mcu_fd_sc_mcu7t5v0__dffrnq_1)
                                 -0.216720 20832.812500   library setup time
                                           20832.812500   data required time
---------------------------------------------------------------------------------------------
                                           20832.812500   data required time
                                           -20762.859375   data arrival time
---------------------------------------------------------------------------------------------
                                             69.953217   slack (MET)


Startpoint: in_cic (input port clocked by clk)
Endpoint: _2060_ (rising edge-triggered flip-flop clocked by clk)
Path Group: clk
Path Type: max

Fanout         Cap        Slew       Delay        Time   Description
---------------------------------------------------------------------------------------------
                      0.000000    0.000000    0.000000   clock clk (rise edge)
                                  0.000000    0.000000   clock network delay (ideal)
                                 10.000000   10.000000 v input external delay
     4    0.017689    0.000000    0.000000   10.000000 v in_cic (in)
                                                         in_cic (net)
                      0.000000    0.000000   10.000000 v _1457_/A3 (gf180mcu_fd_sc_mcu7t5v0__and3_1)
     4    0.016625    0.166694    0.261007   10.261007 v _1457_/Z (gf180mcu_fd_sc_mcu7t5v0__and3_1)
                                                         _0850_ (net)
                      0.166694    0.000000   10.261007 v _1464_/A4 (gf180mcu_fd_sc_mcu7t5v0__nand4_1)
     1    0.007273    0.273091    0.208247   10.469254 ^ _1464_/ZN (gf180mcu_fd_sc_mcu7t5v0__nand4_1)
                                                         _0854_ (net)
                      0.273091    0.000000   10.469254 ^ _1467_/A2 (gf180mcu_fd_sc_mcu7t5v0__xnor2_1)
     1    0.003038    0.183252    0.242983   10.712236 ^ _1467_/ZN (gf180mcu_fd_sc_mcu7t5v0__xnor2_1)
                                                         _0082_ (net)
                      0.183252    0.000000   10.712236 ^ _2060_/D (gf180mcu_fd_sc_mcu7t5v0__dffrnq_1)
                                             10.712236   data arrival time

                      0.000000   81.379997   81.379997   clock clk (rise edge)
                                  0.000000   81.379997   clock network delay (ideal)
                                 -0.250000   81.129997   clock uncertainty
                                  0.000000   81.129997   clock reconvergence pessimism
                                             81.129997 ^ _2060_/CLK (gf180mcu_fd_sc_mcu7t5v0__dffrnq_1)
                                 -0.216523   80.913475   library setup time
                                             80.913475   data required time
---------------------------------------------------------------------------------------------
                                             80.913475   data required time
                                            -10.712236   data arrival time
---------------------------------------------------------------------------------------------
                                             70.201241   slack (MET)


Startpoint: in_cic (input port clocked by clk)
Endpoint: _2060_ (rising edge-triggered flip-flop clocked by clk_div)
Path Group: clk_div
Path Type: max

Fanout         Cap        Slew       Delay        Time   Description
---------------------------------------------------------------------------------------------
                      0.000000 20751.898438 20751.898438   clock clk (rise edge)
                                  0.000000 20751.898438   clock network delay (ideal)
                                 10.000000 20761.900391 v input external delay
     4    0.017689    0.000000    0.000000 20761.900391 v in_cic (in)
                                                         in_cic (net)
                      0.000000    0.000000 20761.900391 v _1457_/A3 (gf180mcu_fd_sc_mcu7t5v0__and3_1)
     4    0.016625    0.166694    0.260116 20762.160156 v _1457_/Z (gf180mcu_fd_sc_mcu7t5v0__and3_1)
                                                         _0850_ (net)
                      0.166694    0.000000 20762.160156 v _1464_/A4 (gf180mcu_fd_sc_mcu7t5v0__nand4_1)
     1    0.007273    0.273091    0.209184 20762.369141 ^ _1464_/ZN (gf180mcu_fd_sc_mcu7t5v0__nand4_1)
                                                         _0854_ (net)
                      0.273091    0.000000 20762.369141 ^ _1467_/A2 (gf180mcu_fd_sc_mcu7t5v0__xnor2_1)
     1    0.003038    0.183252    0.241926 20762.611328 ^ _1467_/ZN (gf180mcu_fd_sc_mcu7t5v0__xnor2_1)
                                                         _0082_ (net)
                      0.183252    0.000000 20762.611328 ^ _2060_/D (gf180mcu_fd_sc_mcu7t5v0__dffrnq_1)
                                           20762.611328   data arrival time

                      0.000000 20833.279297 20833.279297   clock clk_div (rise edge)
                                  0.000000 20833.279297   clock network delay (ideal)
                                 -0.250000 20833.029297   clock uncertainty
                                  0.000000 20833.029297   clock reconvergence pessimism
                                           20833.029297 ^ _2060_/CLK (gf180mcu_fd_sc_mcu7t5v0__dffrnq_1)
                                 -0.216523 20832.812500   library setup time
                                           20832.812500   data required time
---------------------------------------------------------------------------------------------
                                           20832.812500   data required time
                                           -20762.611328   data arrival time
---------------------------------------------------------------------------------------------
                                             70.201241   slack (MET)


Startpoint: in_cic (input port clocked by clk)
Endpoint: _2059_ (rising edge-triggered flip-flop clocked by clk)
Path Group: clk
Path Type: max

Fanout         Cap        Slew       Delay        Time   Description
---------------------------------------------------------------------------------------------
                      0.000000    0.000000    0.000000   clock clk (rise edge)
                                  0.000000    0.000000   clock network delay (ideal)
                                 10.000000   10.000000 v input external delay
     4    0.017689    0.000000    0.000000   10.000000 v in_cic (in)
                                                         in_cic (net)
                      0.000000    0.000000   10.000000 v _1457_/A3 (gf180mcu_fd_sc_mcu7t5v0__and3_1)
     4    0.016625    0.166694    0.261007   10.261007 v _1457_/Z (gf180mcu_fd_sc_mcu7t5v0__and3_1)
                                                         _0850_ (net)
                      0.166694    0.000000   10.261007 v _1462_/A3 (gf180mcu_fd_sc_mcu7t5v0__nand3_1)
     1    0.007273    0.210709    0.171208   10.432216 ^ _1462_/ZN (gf180mcu_fd_sc_mcu7t5v0__nand3_1)
                                                         _0853_ (net)
                      0.210709    0.000000   10.432216 ^ _1465_/A2 (gf180mcu_fd_sc_mcu7t5v0__xnor2_1)
     1    0.003038    0.184428    0.235530   10.667746 ^ _1465_/ZN (gf180mcu_fd_sc_mcu7t5v0__xnor2_1)
                                                         _0081_ (net)
                      0.184428    0.000000   10.667746 ^ _2059_/D (gf180mcu_fd_sc_mcu7t5v0__dffrnq_1)
                                             10.667746   data arrival time

                      0.000000   81.379997   81.379997   clock clk (rise edge)
                                  0.000000   81.379997   clock network delay (ideal)
                                 -0.250000   81.129997   clock uncertainty
                                  0.000000   81.129997   clock reconvergence pessimism
                                             81.129997 ^ _2059_/CLK (gf180mcu_fd_sc_mcu7t5v0__dffrnq_1)
                                 -0.216813   80.913185   library setup time
                                             80.913185   data required time
---------------------------------------------------------------------------------------------
                                             80.913185   data required time
                                            -10.667746   data arrival time
---------------------------------------------------------------------------------------------
                                             70.245438   slack (MET)


Startpoint: in_cic (input port clocked by clk)
Endpoint: _2059_ (rising edge-triggered flip-flop clocked by clk_div)
Path Group: clk_div
Path Type: max

Fanout         Cap        Slew       Delay        Time   Description
---------------------------------------------------------------------------------------------
                      0.000000 20751.898438 20751.898438   clock clk (rise edge)
                                  0.000000 20751.898438   clock network delay (ideal)
                                 10.000000 20761.900391 v input external delay
     4    0.017689    0.000000    0.000000 20761.900391 v in_cic (in)
                                                         in_cic (net)
                      0.000000    0.000000 20761.900391 v _1457_/A3 (gf180mcu_fd_sc_mcu7t5v0__and3_1)
     4    0.016625    0.166694    0.260116 20762.160156 v _1457_/Z (gf180mcu_fd_sc_mcu7t5v0__and3_1)
                                                         _0850_ (net)
                      0.166694    0.000000 20762.160156 v _1462_/A3 (gf180mcu_fd_sc_mcu7t5v0__nand3_1)
     1    0.007273    0.210709    0.170985 20762.332031 ^ _1462_/ZN (gf180mcu_fd_sc_mcu7t5v0__nand3_1)
                                                         _0853_ (net)
                      0.210709    0.000000 20762.332031 ^ _1465_/A2 (gf180mcu_fd_sc_mcu7t5v0__xnor2_1)
     1    0.003038    0.184428    0.236469 20762.568359 ^ _1465_/ZN (gf180mcu_fd_sc_mcu7t5v0__xnor2_1)
                                                         _0081_ (net)
                      0.184428    0.000000 20762.568359 ^ _2059_/D (gf180mcu_fd_sc_mcu7t5v0__dffrnq_1)
                                           20762.568359   data arrival time

                      0.000000 20833.279297 20833.279297   clock clk_div (rise edge)
                                  0.000000 20833.279297   clock network delay (ideal)
                                 -0.250000 20833.029297   clock uncertainty
                                  0.000000 20833.029297   clock reconvergence pessimism
                                           20833.029297 ^ _2059_/CLK (gf180mcu_fd_sc_mcu7t5v0__dffrnq_1)
                                 -0.216813 20832.812500   library setup time
                                           20832.812500   data required time
---------------------------------------------------------------------------------------------
                                           20832.812500   data required time
                                           -20762.568359   data arrival time
---------------------------------------------------------------------------------------------
                                             70.245438   slack (MET)


Startpoint: in_cic (input port clocked by clk)
Endpoint: _2058_ (rising edge-triggered flip-flop clocked by clk)
Path Group: clk
Path Type: max

Fanout         Cap        Slew       Delay        Time   Description
---------------------------------------------------------------------------------------------
                      0.000000    0.000000    0.000000   clock clk (rise edge)
                                  0.000000    0.000000   clock network delay (ideal)
                                 10.000000   10.000000 ^ input external delay
     4    0.017689    0.000000    0.000000   10.000000 ^ in_cic (in)
                                                         in_cic (net)
                      0.000000    0.000000   10.000000 ^ _1459_/A4 (gf180mcu_fd_sc_mcu7t5v0__and4_1)
     3    0.014595    0.225638    0.366517   10.366518 ^ _1459_/Z (gf180mcu_fd_sc_mcu7t5v0__and4_1)
                                                         _0851_ (net)
                      0.225638    0.000000   10.366518 ^ _1463_/A2 (gf180mcu_fd_sc_mcu7t5v0__xor2_1)
     1    0.003038    0.182255    0.201259   10.567778 ^ _1463_/Z (gf180mcu_fd_sc_mcu7t5v0__xor2_1)
                                                         _0080_ (net)
                      0.182255    0.000000   10.567778 ^ _2058_/D (gf180mcu_fd_sc_mcu7t5v0__dffrnq_1)
                                             10.567778   data arrival time

                      0.000000   81.379997   81.379997   clock clk (rise edge)
                                  0.000000   81.379997   clock network delay (ideal)
                                 -0.250000   81.129997   clock uncertainty
                                  0.000000   81.129997   clock reconvergence pessimism
                                             81.129997 ^ _2058_/CLK (gf180mcu_fd_sc_mcu7t5v0__dffrnq_1)
                                 -0.216278   80.913727   library setup time
                                             80.913727   data required time
---------------------------------------------------------------------------------------------
                                             80.913727   data required time
                                            -10.567778   data arrival time
---------------------------------------------------------------------------------------------
                                             70.345947   slack (MET)


Startpoint: in_cic (input port clocked by clk)
Endpoint: _2058_ (rising edge-triggered flip-flop clocked by clk_div)
Path Group: clk_div
Path Type: max

Fanout         Cap        Slew       Delay        Time   Description
---------------------------------------------------------------------------------------------
                      0.000000 20751.898438 20751.898438   clock clk (rise edge)
                                  0.000000 20751.898438   clock network delay (ideal)
                                 10.000000 20761.900391 ^ input external delay
     4    0.017689    0.000000    0.000000 20761.900391 ^ in_cic (in)
                                                         in_cic (net)
                      0.000000    0.000000 20761.900391 ^ _1459_/A4 (gf180mcu_fd_sc_mcu7t5v0__and4_1)
     3    0.014595    0.225638    0.365617 20762.265625 ^ _1459_/Z (gf180mcu_fd_sc_mcu7t5v0__and4_1)
                                                         _0851_ (net)
                      0.225638    0.000000 20762.265625 ^ _1463_/A2 (gf180mcu_fd_sc_mcu7t5v0__xor2_1)
     1    0.003038    0.182255    0.201908 20762.466797 ^ _1463_/Z (gf180mcu_fd_sc_mcu7t5v0__xor2_1)
                                                         _0080_ (net)
                      0.182255    0.000000 20762.466797 ^ _2058_/D (gf180mcu_fd_sc_mcu7t5v0__dffrnq_1)
                                           20762.466797   data arrival time

                      0.000000 20833.279297 20833.279297   clock clk_div (rise edge)
                                  0.000000 20833.279297   clock network delay (ideal)
                                 -0.250000 20833.029297   clock uncertainty
                                  0.000000 20833.029297   clock reconvergence pessimism
                                           20833.029297 ^ _2058_/CLK (gf180mcu_fd_sc_mcu7t5v0__dffrnq_1)
                                 -0.216278 20832.812500   library setup time
                                           20832.812500   data required time
---------------------------------------------------------------------------------------------
                                           20832.812500   data required time
                                           -20762.466797   data arrival time
---------------------------------------------------------------------------------------------
                                             70.345947   slack (MET)


Startpoint: in_cic (input port clocked by clk)
Endpoint: _2057_ (rising edge-triggered flip-flop clocked by clk)
Path Group: clk
Path Type: max

Fanout         Cap        Slew       Delay        Time   Description
---------------------------------------------------------------------------------------------
                      0.000000    0.000000    0.000000   clock clk (rise edge)
                                  0.000000    0.000000   clock network delay (ideal)
                                 10.000000   10.000000 ^ input external delay
     4    0.017689    0.000000    0.000000   10.000000 ^ in_cic (in)
                                                         in_cic (net)
                      0.000000    0.000000   10.000000 ^ _1457_/A3 (gf180mcu_fd_sc_mcu7t5v0__and3_1)
     4    0.016625    0.234564    0.317944   10.317945 ^ _1457_/Z (gf180mcu_fd_sc_mcu7t5v0__and3_1)
                                                         _0850_ (net)
                      0.234564    0.000000   10.317945 ^ _1460_/A2 (gf180mcu_fd_sc_mcu7t5v0__nor2_1)
     1    0.004220    0.141905    0.098717   10.416661 v _1460_/ZN (gf180mcu_fd_sc_mcu7t5v0__nor2_1)
                                                         _0852_ (net)
                      0.141905    0.000000   10.416661 v _1461_/A2 (gf180mcu_fd_sc_mcu7t5v0__nor2_1)
     1    0.003038    0.135398    0.112833   10.529495 ^ _1461_/ZN (gf180mcu_fd_sc_mcu7t5v0__nor2_1)
                                                         _0079_ (net)
                      0.135398    0.000000   10.529495 ^ _2057_/D (gf180mcu_fd_sc_mcu7t5v0__dffrnq_1)
                                             10.529495   data arrival time

                      0.000000   81.379997   81.379997   clock clk (rise edge)
                                  0.000000   81.379997   clock network delay (ideal)
                                 -0.250000   81.129997   clock uncertainty
                                  0.000000   81.129997   clock reconvergence pessimism
                                             81.129997 ^ _2057_/CLK (gf180mcu_fd_sc_mcu7t5v0__dffrnq_1)
                                 -0.204728   80.925270   library setup time
                                             80.925270   data required time
---------------------------------------------------------------------------------------------
                                             80.925270   data required time
                                            -10.529495   data arrival time
---------------------------------------------------------------------------------------------
                                             70.395775   slack (MET)


Startpoint: in_cic (input port clocked by clk)
Endpoint: _2057_ (rising edge-triggered flip-flop clocked by clk_div)
Path Group: clk_div
Path Type: max

Fanout         Cap        Slew       Delay        Time   Description
---------------------------------------------------------------------------------------------
                      0.000000 20751.898438 20751.898438   clock clk (rise edge)
                                  0.000000 20751.898438   clock network delay (ideal)
                                 10.000000 20761.900391 ^ input external delay
     4    0.017689    0.000000    0.000000 20761.900391 ^ in_cic (in)
                                                         in_cic (net)
                      0.000000    0.000000 20761.900391 ^ _1457_/A3 (gf180mcu_fd_sc_mcu7t5v0__and3_1)
     4    0.016625    0.234564    0.316504 20762.216797 ^ _1457_/Z (gf180mcu_fd_sc_mcu7t5v0__and3_1)
                                                         _0850_ (net)
                      0.234564    0.000000 20762.216797 ^ _1460_/A2 (gf180mcu_fd_sc_mcu7t5v0__nor2_1)
     1    0.004220    0.141905    0.100044 20762.316406 v _1460_/ZN (gf180mcu_fd_sc_mcu7t5v0__nor2_1)
                                                         _0852_ (net)
                      0.141905    0.000000 20762.316406 v _1461_/A2 (gf180mcu_fd_sc_mcu7t5v0__nor2_1)
     1    0.003038    0.135398    0.112777 20762.429688 ^ _1461_/ZN (gf180mcu_fd_sc_mcu7t5v0__nor2_1)
                                                         _0079_ (net)
                      0.135398    0.000000 20762.429688 ^ _2057_/D (gf180mcu_fd_sc_mcu7t5v0__dffrnq_1)
                                           20762.429688   data arrival time

                      0.000000 20833.279297 20833.279297   clock clk_div (rise edge)
                                  0.000000 20833.279297   clock network delay (ideal)
                                 -0.250000 20833.029297   clock uncertainty
                                  0.000000 20833.029297   clock reconvergence pessimism
                                           20833.029297 ^ _2057_/CLK (gf180mcu_fd_sc_mcu7t5v0__dffrnq_1)
                                 -0.204728 20832.824219   library setup time
                                           20832.824219   data required time
---------------------------------------------------------------------------------------------
                                           20832.824219   data required time
                                           -20762.429688   data arrival time
---------------------------------------------------------------------------------------------
                                             70.395775   slack (MET)


Startpoint: in_cic (input port clocked by clk)
Endpoint: _2056_ (rising edge-triggered flip-flop clocked by clk)
Path Group: clk
Path Type: max

Fanout         Cap        Slew       Delay        Time   Description
---------------------------------------------------------------------------------------------
                      0.000000    0.000000    0.000000   clock clk (rise edge)
                                  0.000000    0.000000   clock network delay (ideal)
                                 10.000000   10.000000 v input external delay
     4    0.017689    0.000000    0.000000   10.000000 v in_cic (in)
                                                         in_cic (net)
                      0.000000    0.000000   10.000000 v _1457_/A3 (gf180mcu_fd_sc_mcu7t5v0__and3_1)
     4    0.016625    0.166694    0.261007   10.261007 v _1457_/Z (gf180mcu_fd_sc_mcu7t5v0__and3_1)
                                                         _0850_ (net)
                      0.166694    0.000000   10.261007 v _1458_/A2 (gf180mcu_fd_sc_mcu7t5v0__nor2_1)
     1    0.003038    0.142905    0.117443   10.378450 ^ _1458_/ZN (gf180mcu_fd_sc_mcu7t5v0__nor2_1)
                                                         _0073_ (net)
                      0.142905    0.000000   10.378450 ^ _2056_/D (gf180mcu_fd_sc_mcu7t5v0__dffrnq_1)
                                             10.378450   data arrival time

                      0.000000   81.379997   81.379997   clock clk (rise edge)
                                  0.000000   81.379997   clock network delay (ideal)
                                 -0.250000   81.129997   clock uncertainty
                                  0.000000   81.129997   clock reconvergence pessimism
                                             81.129997 ^ _2056_/CLK (gf180mcu_fd_sc_mcu7t5v0__dffrnq_1)
                                 -0.206578   80.923424   library setup time
                                             80.923424   data required time
---------------------------------------------------------------------------------------------
                                             80.923424   data required time
                                            -10.378450   data arrival time
---------------------------------------------------------------------------------------------
                                             70.544975   slack (MET)


Startpoint: in_cic (input port clocked by clk)
Endpoint: _2056_ (rising edge-triggered flip-flop clocked by clk_div)
Path Group: clk_div
Path Type: max

Fanout         Cap        Slew       Delay        Time   Description
---------------------------------------------------------------------------------------------
                      0.000000 20751.898438 20751.898438   clock clk (rise edge)
                                  0.000000 20751.898438   clock network delay (ideal)
                                 10.000000 20761.900391 v input external delay
     4    0.017689    0.000000    0.000000 20761.900391 v in_cic (in)
                                                         in_cic (net)
                      0.000000    0.000000 20761.900391 v _1457_/A3 (gf180mcu_fd_sc_mcu7t5v0__and3_1)
     4    0.016625    0.166694    0.260116 20762.160156 v _1457_/Z (gf180mcu_fd_sc_mcu7t5v0__and3_1)
                                                         _0850_ (net)
                      0.166694    0.000000 20762.160156 v _1458_/A2 (gf180mcu_fd_sc_mcu7t5v0__nor2_1)
     1    0.003038    0.142905    0.118234 20762.279297 ^ _1458_/ZN (gf180mcu_fd_sc_mcu7t5v0__nor2_1)
                                                         _0073_ (net)
                      0.142905    0.000000 20762.279297 ^ _2056_/D (gf180mcu_fd_sc_mcu7t5v0__dffrnq_1)
                                           20762.279297   data arrival time

                      0.000000 20833.279297 20833.279297   clock clk_div (rise edge)
                                  0.000000 20833.279297   clock network delay (ideal)
                                 -0.250000 20833.029297   clock uncertainty
                                  0.000000 20833.029297   clock reconvergence pessimism
                                           20833.029297 ^ _2056_/CLK (gf180mcu_fd_sc_mcu7t5v0__dffrnq_1)
                                 -0.206578 20832.822266   library setup time
                                           20832.822266   data required time
---------------------------------------------------------------------------------------------
                                           20832.822266   data required time
                                           -20762.279297   data arrival time
---------------------------------------------------------------------------------------------
                                             70.544975   slack (MET)


Startpoint: in_cic (input port clocked by clk)
Endpoint: _2055_ (rising edge-triggered flip-flop clocked by clk)
Path Group: clk
Path Type: max

Fanout         Cap        Slew       Delay        Time   Description
---------------------------------------------------------------------------------------------
                      0.000000    0.000000    0.000000   clock clk (rise edge)
                                  0.000000    0.000000   clock network delay (ideal)
                                 10.000000   10.000000 ^ input external delay
     4    0.017689    0.000000    0.000000   10.000000 ^ in_cic (in)
                                                         in_cic (net)
                      0.000000    0.000000   10.000000 ^ _2000_/A2 (gf180mcu_fd_sc_mcu7t5v0__xor2_1)
     1    0.003038    0.179343    0.173340   10.173340 ^ _2000_/Z (gf180mcu_fd_sc_mcu7t5v0__xor2_1)
                                                         _0062_ (net)
                      0.179343    0.000000   10.173340 ^ _2055_/D (gf180mcu_fd_sc_mcu7t5v0__dffrnq_1)
                                             10.173340   data arrival time

                      0.000000   81.379997   81.379997   clock clk (rise edge)
                                  0.000000   81.379997   clock network delay (ideal)
                                 -0.250000   81.129997   clock uncertainty
                                  0.000000   81.129997   clock reconvergence pessimism
                                             81.129997 ^ _2055_/CLK (gf180mcu_fd_sc_mcu7t5v0__dffrnq_1)
                                 -0.215560   80.914444   library setup time
                                             80.914444   data required time
---------------------------------------------------------------------------------------------
                                             80.914444   data required time
                                            -10.173340   data arrival time
---------------------------------------------------------------------------------------------
                                             70.741104   slack (MET)


Startpoint: in_cic (input port clocked by clk)
Endpoint: _2055_ (rising edge-triggered flip-flop clocked by clk_div)
Path Group: clk_div
Path Type: max

Fanout         Cap        Slew       Delay        Time   Description
---------------------------------------------------------------------------------------------
                      0.000000 20751.898438 20751.898438   clock clk (rise edge)
                                  0.000000 20751.898438   clock network delay (ideal)
                                 10.000000 20761.900391 ^ input external delay
     4    0.017689    0.000000    0.000000 20761.900391 ^ in_cic (in)
                                                         in_cic (net)
                      0.000000    0.000000 20761.900391 ^ _2000_/A2 (gf180mcu_fd_sc_mcu7t5v0__xor2_1)
     1    0.003038    0.179343    0.172804 20762.072266 ^ _2000_/Z (gf180mcu_fd_sc_mcu7t5v0__xor2_1)
                                                         _0062_ (net)
                      0.179343    0.000000 20762.072266 ^ _2055_/D (gf180mcu_fd_sc_mcu7t5v0__dffrnq_1)
                                           20762.072266   data arrival time

                      0.000000 20833.279297 20833.279297   clock clk_div (rise edge)
                                  0.000000 20833.279297   clock network delay (ideal)
                                 -0.250000 20833.029297   clock uncertainty
                                  0.000000 20833.029297   clock reconvergence pessimism
                                           20833.029297 ^ _2055_/CLK (gf180mcu_fd_sc_mcu7t5v0__dffrnq_1)
                                 -0.215560 20832.812500   library setup time
                                           20832.812500   data required time
---------------------------------------------------------------------------------------------
                                           20832.812500   data required time
                                           -20762.072266   data arrival time
---------------------------------------------------------------------------------------------
                                             70.741104   slack (MET)


Startpoint: rst (input port clocked by clk)
Endpoint: _2005_ (recovery check against rising-edge clock clk)
Path Group: asynchronous
Path Type: max

Fanout         Cap        Slew       Delay        Time   Description
---------------------------------------------------------------------------------------------
                      0.000000    0.000000    0.000000   clock clk (rise edge)
                                  0.000000    0.000000   clock network delay (ideal)
                                 10.000000   10.000000 ^ input external delay
   220    1.606097    0.000000    0.000000   10.000000 ^ rst (in)
                                                         rst (net)
                      0.000000    0.000000   10.000000 ^ _2005_/RN (gf180mcu_fd_sc_mcu7t5v0__dffrnq_1)
                                             10.000000   data arrival time

                      0.000000   81.379997   81.379997   clock clk (rise edge)
                                  0.000000   81.379997   clock network delay (ideal)
                                 -0.250000   81.129997   clock uncertainty
                                  0.000000   81.129997   clock reconvergence pessimism
                                             81.129997 ^ _2005_/CLK (gf180mcu_fd_sc_mcu7t5v0__dffrnq_1)
                                  0.117310   81.247307   library recovery time
                                             81.247307   data required time
---------------------------------------------------------------------------------------------
                                             81.247307   data required time
                                            -10.000000   data arrival time
---------------------------------------------------------------------------------------------
                                             71.247307   slack (MET)


Startpoint: rst (input port clocked by clk)
Endpoint: _2006_ (recovery check against rising-edge clock clk)
Path Group: asynchronous
Path Type: max

Fanout         Cap        Slew       Delay        Time   Description
---------------------------------------------------------------------------------------------
                      0.000000    0.000000    0.000000   clock clk (rise edge)
                                  0.000000    0.000000   clock network delay (ideal)
                                 10.000000   10.000000 ^ input external delay
   220    1.606097    0.000000    0.000000   10.000000 ^ rst (in)
                                                         rst (net)
                      0.000000    0.000000   10.000000 ^ _2006_/RN (gf180mcu_fd_sc_mcu7t5v0__dffrnq_1)
                                             10.000000   data arrival time

                      0.000000   81.379997   81.379997   clock clk (rise edge)
                                  0.000000   81.379997   clock network delay (ideal)
                                 -0.250000   81.129997   clock uncertainty
                                  0.000000   81.129997   clock reconvergence pessimism
                                             81.129997 ^ _2006_/CLK (gf180mcu_fd_sc_mcu7t5v0__dffrnq_1)
                                  0.117310   81.247307   library recovery time
                                             81.247307   data required time
---------------------------------------------------------------------------------------------
                                             81.247307   data required time
                                            -10.000000   data arrival time
---------------------------------------------------------------------------------------------
                                             71.247307   slack (MET)


Startpoint: rst (input port clocked by clk)
Endpoint: _2007_ (recovery check against rising-edge clock clk)
Path Group: asynchronous
Path Type: max

Fanout         Cap        Slew       Delay        Time   Description
---------------------------------------------------------------------------------------------
                      0.000000    0.000000    0.000000   clock clk (rise edge)
                                  0.000000    0.000000   clock network delay (ideal)
                                 10.000000   10.000000 ^ input external delay
   220    1.606097    0.000000    0.000000   10.000000 ^ rst (in)
                                                         rst (net)
                      0.000000    0.000000   10.000000 ^ _2007_/RN (gf180mcu_fd_sc_mcu7t5v0__dffrnq_1)
                                             10.000000   data arrival time

                      0.000000   81.379997   81.379997   clock clk (rise edge)
                                  0.000000   81.379997   clock network delay (ideal)
                                 -0.250000   81.129997   clock uncertainty
                                  0.000000   81.129997   clock reconvergence pessimism
                                             81.129997 ^ _2007_/CLK (gf180mcu_fd_sc_mcu7t5v0__dffrnq_1)
                                  0.117310   81.247307   library recovery time
                                             81.247307   data required time
---------------------------------------------------------------------------------------------
                                             81.247307   data required time
                                            -10.000000   data arrival time
---------------------------------------------------------------------------------------------
                                             71.247307   slack (MET)


Startpoint: rst (input port clocked by clk)
Endpoint: _2008_ (recovery check against rising-edge clock clk)
Path Group: asynchronous
Path Type: max

Fanout         Cap        Slew       Delay        Time   Description
---------------------------------------------------------------------------------------------
                      0.000000    0.000000    0.000000   clock clk (rise edge)
                                  0.000000    0.000000   clock network delay (ideal)
                                 10.000000   10.000000 ^ input external delay
   220    1.606097    0.000000    0.000000   10.000000 ^ rst (in)
                                                         rst (net)
                      0.000000    0.000000   10.000000 ^ _2008_/RN (gf180mcu_fd_sc_mcu7t5v0__dffrnq_1)
                                             10.000000   data arrival time

                      0.000000   81.379997   81.379997   clock clk (rise edge)
                                  0.000000   81.379997   clock network delay (ideal)
                                 -0.250000   81.129997   clock uncertainty
                                  0.000000   81.129997   clock reconvergence pessimism
                                             81.129997 ^ _2008_/CLK (gf180mcu_fd_sc_mcu7t5v0__dffrnq_1)
                                  0.117310   81.247307   library recovery time
                                             81.247307   data required time
---------------------------------------------------------------------------------------------
                                             81.247307   data required time
                                            -10.000000   data arrival time
---------------------------------------------------------------------------------------------
                                             71.247307   slack (MET)


Startpoint: rst (input port clocked by clk)
Endpoint: _2009_ (recovery check against rising-edge clock clk)
Path Group: asynchronous
Path Type: max

Fanout         Cap        Slew       Delay        Time   Description
---------------------------------------------------------------------------------------------
                      0.000000    0.000000    0.000000   clock clk (rise edge)
                                  0.000000    0.000000   clock network delay (ideal)
                                 10.000000   10.000000 ^ input external delay
   220    1.606097    0.000000    0.000000   10.000000 ^ rst (in)
                                                         rst (net)
                      0.000000    0.000000   10.000000 ^ _2009_/RN (gf180mcu_fd_sc_mcu7t5v0__dffrnq_1)
                                             10.000000   data arrival time

                      0.000000   81.379997   81.379997   clock clk (rise edge)
                                  0.000000   81.379997   clock network delay (ideal)
                                 -0.250000   81.129997   clock uncertainty
                                  0.000000   81.129997   clock reconvergence pessimism
                                             81.129997 ^ _2009_/CLK (gf180mcu_fd_sc_mcu7t5v0__dffrnq_1)
                                  0.117310   81.247307   library recovery time
                                             81.247307   data required time
---------------------------------------------------------------------------------------------
                                             81.247307   data required time
                                            -10.000000   data arrival time
---------------------------------------------------------------------------------------------
                                             71.247307   slack (MET)


Startpoint: rst (input port clocked by clk)
Endpoint: _2010_ (recovery check against rising-edge clock clk)
Path Group: asynchronous
Path Type: max

Fanout         Cap        Slew       Delay        Time   Description
---------------------------------------------------------------------------------------------
                      0.000000    0.000000    0.000000   clock clk (rise edge)
                                  0.000000    0.000000   clock network delay (ideal)
                                 10.000000   10.000000 ^ input external delay
   220    1.606097    0.000000    0.000000   10.000000 ^ rst (in)
                                                         rst (net)
                      0.000000    0.000000   10.000000 ^ _2010_/RN (gf180mcu_fd_sc_mcu7t5v0__dffrnq_1)
                                             10.000000   data arrival time

                      0.000000   81.379997   81.379997   clock clk (rise edge)
                                  0.000000   81.379997   clock network delay (ideal)
                                 -0.250000   81.129997   clock uncertainty
                                  0.000000   81.129997   clock reconvergence pessimism
                                             81.129997 ^ _2010_/CLK (gf180mcu_fd_sc_mcu7t5v0__dffrnq_1)
                                  0.117310   81.247307   library recovery time
                                             81.247307   data required time
---------------------------------------------------------------------------------------------
                                             81.247307   data required time
                                            -10.000000   data arrival time
---------------------------------------------------------------------------------------------
                                             71.247307   slack (MET)


Startpoint: rst (input port clocked by clk)
Endpoint: _2011_ (recovery check against rising-edge clock clk)
Path Group: asynchronous
Path Type: max

Fanout         Cap        Slew       Delay        Time   Description
---------------------------------------------------------------------------------------------
                      0.000000    0.000000    0.000000   clock clk (rise edge)
                                  0.000000    0.000000   clock network delay (ideal)
                                 10.000000   10.000000 ^ input external delay
   220    1.606097    0.000000    0.000000   10.000000 ^ rst (in)
                                                         rst (net)
                      0.000000    0.000000   10.000000 ^ _2011_/RN (gf180mcu_fd_sc_mcu7t5v0__dffrnq_1)
                                             10.000000   data arrival time

                      0.000000   81.379997   81.379997   clock clk (rise edge)
                                  0.000000   81.379997   clock network delay (ideal)
                                 -0.250000   81.129997   clock uncertainty
                                  0.000000   81.129997   clock reconvergence pessimism
                                             81.129997 ^ _2011_/CLK (gf180mcu_fd_sc_mcu7t5v0__dffrnq_1)
                                  0.117310   81.247307   library recovery time
                                             81.247307   data required time
---------------------------------------------------------------------------------------------
                                             81.247307   data required time
                                            -10.000000   data arrival time
---------------------------------------------------------------------------------------------
                                             71.247307   slack (MET)


Startpoint: rst (input port clocked by clk)
Endpoint: _2012_ (recovery check against rising-edge clock clk)
Path Group: asynchronous
Path Type: max

Fanout         Cap        Slew       Delay        Time   Description
---------------------------------------------------------------------------------------------
                      0.000000    0.000000    0.000000   clock clk (rise edge)
                                  0.000000    0.000000   clock network delay (ideal)
                                 10.000000   10.000000 ^ input external delay
   220    1.606097    0.000000    0.000000   10.000000 ^ rst (in)
                                                         rst (net)
                      0.000000    0.000000   10.000000 ^ _2012_/RN (gf180mcu_fd_sc_mcu7t5v0__dffrnq_1)
                                             10.000000   data arrival time

                      0.000000   81.379997   81.379997   clock clk (rise edge)
                                  0.000000   81.379997   clock network delay (ideal)
                                 -0.250000   81.129997   clock uncertainty
                                  0.000000   81.129997   clock reconvergence pessimism
                                             81.129997 ^ _2012_/CLK (gf180mcu_fd_sc_mcu7t5v0__dffrnq_1)
                                  0.117310   81.247307   library recovery time
                                             81.247307   data required time
---------------------------------------------------------------------------------------------
                                             81.247307   data required time
                                            -10.000000   data arrival time
---------------------------------------------------------------------------------------------
                                             71.247307   slack (MET)


Startpoint: rst (input port clocked by clk)
Endpoint: _2013_ (recovery check against rising-edge clock clk)
Path Group: asynchronous
Path Type: max

Fanout         Cap        Slew       Delay        Time   Description
---------------------------------------------------------------------------------------------
                      0.000000    0.000000    0.000000   clock clk (rise edge)
                                  0.000000    0.000000   clock network delay (ideal)
                                 10.000000   10.000000 ^ input external delay
   220    1.606097    0.000000    0.000000   10.000000 ^ rst (in)
                                                         rst (net)
                      0.000000    0.000000   10.000000 ^ _2013_/RN (gf180mcu_fd_sc_mcu7t5v0__dffrnq_1)
                                             10.000000   data arrival time

                      0.000000   81.379997   81.379997   clock clk (rise edge)
                                  0.000000   81.379997   clock network delay (ideal)
                                 -0.250000   81.129997   clock uncertainty
                                  0.000000   81.129997   clock reconvergence pessimism
                                             81.129997 ^ _2013_/CLK (gf180mcu_fd_sc_mcu7t5v0__dffrnq_1)
                                  0.117310   81.247307   library recovery time
                                             81.247307   data required time
---------------------------------------------------------------------------------------------
                                             81.247307   data required time
                                            -10.000000   data arrival time
---------------------------------------------------------------------------------------------
                                             71.247307   slack (MET)


Startpoint: rst (input port clocked by clk)
Endpoint: _2014_ (recovery check against rising-edge clock clk)
Path Group: asynchronous
Path Type: max

Fanout         Cap        Slew       Delay        Time   Description
---------------------------------------------------------------------------------------------
                      0.000000    0.000000    0.000000   clock clk (rise edge)
                                  0.000000    0.000000   clock network delay (ideal)
                                 10.000000   10.000000 ^ input external delay
   220    1.606097    0.000000    0.000000   10.000000 ^ rst (in)
                                                         rst (net)
                      0.000000    0.000000   10.000000 ^ _2014_/RN (gf180mcu_fd_sc_mcu7t5v0__dffrnq_1)
                                             10.000000   data arrival time

                      0.000000   81.379997   81.379997   clock clk (rise edge)
                                  0.000000   81.379997   clock network delay (ideal)
                                 -0.250000   81.129997   clock uncertainty
                                  0.000000   81.129997   clock reconvergence pessimism
                                             81.129997 ^ _2014_/CLK (gf180mcu_fd_sc_mcu7t5v0__dffrnq_1)
                                  0.117310   81.247307   library recovery time
                                             81.247307   data required time
---------------------------------------------------------------------------------------------
                                             81.247307   data required time
                                            -10.000000   data arrival time
---------------------------------------------------------------------------------------------
                                             71.247307   slack (MET)


Startpoint: rst (input port clocked by clk)
Endpoint: _2015_ (recovery check against rising-edge clock clk)
Path Group: asynchronous
Path Type: max

Fanout         Cap        Slew       Delay        Time   Description
---------------------------------------------------------------------------------------------
                      0.000000    0.000000    0.000000   clock clk (rise edge)
                                  0.000000    0.000000   clock network delay (ideal)
                                 10.000000   10.000000 ^ input external delay
   220    1.606097    0.000000    0.000000   10.000000 ^ rst (in)
                                                         rst (net)
                      0.000000    0.000000   10.000000 ^ _2015_/RN (gf180mcu_fd_sc_mcu7t5v0__dffrnq_1)
                                             10.000000   data arrival time

                      0.000000   81.379997   81.379997   clock clk (rise edge)
                                  0.000000   81.379997   clock network delay (ideal)
                                 -0.250000   81.129997   clock uncertainty
                                  0.000000   81.129997   clock reconvergence pessimism
                                             81.129997 ^ _2015_/CLK (gf180mcu_fd_sc_mcu7t5v0__dffrnq_1)
                                  0.117310   81.247307   library recovery time
                                             81.247307   data required time
---------------------------------------------------------------------------------------------
                                             81.247307   data required time
                                            -10.000000   data arrival time
---------------------------------------------------------------------------------------------
                                             71.247307   slack (MET)


Startpoint: rst (input port clocked by clk)
Endpoint: _2016_ (recovery check against rising-edge clock clk)
Path Group: asynchronous
Path Type: max

Fanout         Cap        Slew       Delay        Time   Description
---------------------------------------------------------------------------------------------
                      0.000000    0.000000    0.000000   clock clk (rise edge)
                                  0.000000    0.000000   clock network delay (ideal)
                                 10.000000   10.000000 ^ input external delay
   220    1.606097    0.000000    0.000000   10.000000 ^ rst (in)
                                                         rst (net)
                      0.000000    0.000000   10.000000 ^ _2016_/RN (gf180mcu_fd_sc_mcu7t5v0__dffrnq_1)
                                             10.000000   data arrival time

                      0.000000   81.379997   81.379997   clock clk (rise edge)
                                  0.000000   81.379997   clock network delay (ideal)
                                 -0.250000   81.129997   clock uncertainty
                                  0.000000   81.129997   clock reconvergence pessimism
                                             81.129997 ^ _2016_/CLK (gf180mcu_fd_sc_mcu7t5v0__dffrnq_1)
                                  0.117310   81.247307   library recovery time
                                             81.247307   data required time
---------------------------------------------------------------------------------------------
                                             81.247307   data required time
                                            -10.000000   data arrival time
---------------------------------------------------------------------------------------------
                                             71.247307   slack (MET)


Startpoint: rst (input port clocked by clk)
Endpoint: _2017_ (recovery check against rising-edge clock clk)
Path Group: asynchronous
Path Type: max

Fanout         Cap        Slew       Delay        Time   Description
---------------------------------------------------------------------------------------------
                      0.000000    0.000000    0.000000   clock clk (rise edge)
                                  0.000000    0.000000   clock network delay (ideal)
                                 10.000000   10.000000 ^ input external delay
   220    1.606097    0.000000    0.000000   10.000000 ^ rst (in)
                                                         rst (net)
                      0.000000    0.000000   10.000000 ^ _2017_/RN (gf180mcu_fd_sc_mcu7t5v0__dffrnq_1)
                                             10.000000   data arrival time

                      0.000000   81.379997   81.379997   clock clk (rise edge)
                                  0.000000   81.379997   clock network delay (ideal)
                                 -0.250000   81.129997   clock uncertainty
                                  0.000000   81.129997   clock reconvergence pessimism
                                             81.129997 ^ _2017_/CLK (gf180mcu_fd_sc_mcu7t5v0__dffrnq_1)
                                  0.117310   81.247307   library recovery time
                                             81.247307   data required time
---------------------------------------------------------------------------------------------
                                             81.247307   data required time
                                            -10.000000   data arrival time
---------------------------------------------------------------------------------------------
                                             71.247307   slack (MET)


Startpoint: rst (input port clocked by clk)
Endpoint: _2018_ (recovery check against rising-edge clock clk)
Path Group: asynchronous
Path Type: max

Fanout         Cap        Slew       Delay        Time   Description
---------------------------------------------------------------------------------------------
                      0.000000    0.000000    0.000000   clock clk (rise edge)
                                  0.000000    0.000000   clock network delay (ideal)
                                 10.000000   10.000000 ^ input external delay
   220    1.606097    0.000000    0.000000   10.000000 ^ rst (in)
                                                         rst (net)
                      0.000000    0.000000   10.000000 ^ _2018_/RN (gf180mcu_fd_sc_mcu7t5v0__dffrnq_1)
                                             10.000000   data arrival time

                      0.000000   81.379997   81.379997   clock clk (rise edge)
                                  0.000000   81.379997   clock network delay (ideal)
                                 -0.250000   81.129997   clock uncertainty
                                  0.000000   81.129997   clock reconvergence pessimism
                                             81.129997 ^ _2018_/CLK (gf180mcu_fd_sc_mcu7t5v0__dffrnq_1)
                                  0.117310   81.247307   library recovery time
                                             81.247307   data required time
---------------------------------------------------------------------------------------------
                                             81.247307   data required time
                                            -10.000000   data arrival time
---------------------------------------------------------------------------------------------
                                             71.247307   slack (MET)


Startpoint: rst (input port clocked by clk)
Endpoint: _2019_ (recovery check against rising-edge clock clk)
Path Group: asynchronous
Path Type: max

Fanout         Cap        Slew       Delay        Time   Description
---------------------------------------------------------------------------------------------
                      0.000000    0.000000    0.000000   clock clk (rise edge)
                                  0.000000    0.000000   clock network delay (ideal)
                                 10.000000   10.000000 ^ input external delay
   220    1.606097    0.000000    0.000000   10.000000 ^ rst (in)
                                                         rst (net)
                      0.000000    0.000000   10.000000 ^ _2019_/RN (gf180mcu_fd_sc_mcu7t5v0__dffrnq_1)
                                             10.000000   data arrival time

                      0.000000   81.379997   81.379997   clock clk (rise edge)
                                  0.000000   81.379997   clock network delay (ideal)
                                 -0.250000   81.129997   clock uncertainty
                                  0.000000   81.129997   clock reconvergence pessimism
                                             81.129997 ^ _2019_/CLK (gf180mcu_fd_sc_mcu7t5v0__dffrnq_1)
                                  0.117310   81.247307   library recovery time
                                             81.247307   data required time
---------------------------------------------------------------------------------------------
                                             81.247307   data required time
                                            -10.000000   data arrival time
---------------------------------------------------------------------------------------------
                                             71.247307   slack (MET)


Startpoint: rst (input port clocked by clk)
Endpoint: _2020_ (recovery check against rising-edge clock clk)
Path Group: asynchronous
Path Type: max

Fanout         Cap        Slew       Delay        Time   Description
---------------------------------------------------------------------------------------------
                      0.000000    0.000000    0.000000   clock clk (rise edge)
                                  0.000000    0.000000   clock network delay (ideal)
                                 10.000000   10.000000 ^ input external delay
   220    1.606097    0.000000    0.000000   10.000000 ^ rst (in)
                                                         rst (net)
                      0.000000    0.000000   10.000000 ^ _2020_/RN (gf180mcu_fd_sc_mcu7t5v0__dffrnq_1)
                                             10.000000   data arrival time

                      0.000000   81.379997   81.379997   clock clk (rise edge)
                                  0.000000   81.379997   clock network delay (ideal)
                                 -0.250000   81.129997   clock uncertainty
                                  0.000000   81.129997   clock reconvergence pessimism
                                             81.129997 ^ _2020_/CLK (gf180mcu_fd_sc_mcu7t5v0__dffrnq_1)
                                  0.117310   81.247307   library recovery time
                                             81.247307   data required time
---------------------------------------------------------------------------------------------
                                             81.247307   data required time
                                            -10.000000   data arrival time
---------------------------------------------------------------------------------------------
                                             71.247307   slack (MET)


Startpoint: rst (input port clocked by clk)
Endpoint: _2021_ (recovery check against rising-edge clock clk)
Path Group: asynchronous
Path Type: max

Fanout         Cap        Slew       Delay        Time   Description
---------------------------------------------------------------------------------------------
                      0.000000    0.000000    0.000000   clock clk (rise edge)
                                  0.000000    0.000000   clock network delay (ideal)
                                 10.000000   10.000000 ^ input external delay
   220    1.606097    0.000000    0.000000   10.000000 ^ rst (in)
                                                         rst (net)
                      0.000000    0.000000   10.000000 ^ _2021_/RN (gf180mcu_fd_sc_mcu7t5v0__dffrnq_1)
                                             10.000000   data arrival time

                      0.000000   81.379997   81.379997   clock clk (rise edge)
                                  0.000000   81.379997   clock network delay (ideal)
                                 -0.250000   81.129997   clock uncertainty
                                  0.000000   81.129997   clock reconvergence pessimism
                                             81.129997 ^ _2021_/CLK (gf180mcu_fd_sc_mcu7t5v0__dffrnq_1)
                                  0.117310   81.247307   library recovery time
                                             81.247307   data required time
---------------------------------------------------------------------------------------------
                                             81.247307   data required time
                                            -10.000000   data arrival time
---------------------------------------------------------------------------------------------
                                             71.247307   slack (MET)


Startpoint: rst (input port clocked by clk)
Endpoint: _2022_ (recovery check against rising-edge clock clk)
Path Group: asynchronous
Path Type: max

Fanout         Cap        Slew       Delay        Time   Description
---------------------------------------------------------------------------------------------
                      0.000000    0.000000    0.000000   clock clk (rise edge)
                                  0.000000    0.000000   clock network delay (ideal)
                                 10.000000   10.000000 ^ input external delay
   220    1.606097    0.000000    0.000000   10.000000 ^ rst (in)
                                                         rst (net)
                      0.000000    0.000000   10.000000 ^ _2022_/RN (gf180mcu_fd_sc_mcu7t5v0__dffrnq_1)
                                             10.000000   data arrival time

                      0.000000   81.379997   81.379997   clock clk (rise edge)
                                  0.000000   81.379997   clock network delay (ideal)
                                 -0.250000   81.129997   clock uncertainty
                                  0.000000   81.129997   clock reconvergence pessimism
                                             81.129997 ^ _2022_/CLK (gf180mcu_fd_sc_mcu7t5v0__dffrnq_1)
                                  0.117310   81.247307   library recovery time
                                             81.247307   data required time
---------------------------------------------------------------------------------------------
                                             81.247307   data required time
                                            -10.000000   data arrival time
---------------------------------------------------------------------------------------------
                                             71.247307   slack (MET)


Startpoint: rst (input port clocked by clk)
Endpoint: _2023_ (recovery check against rising-edge clock clk)
Path Group: asynchronous
Path Type: max

Fanout         Cap        Slew       Delay        Time   Description
---------------------------------------------------------------------------------------------
                      0.000000    0.000000    0.000000   clock clk (rise edge)
                                  0.000000    0.000000   clock network delay (ideal)
                                 10.000000   10.000000 ^ input external delay
   220    1.606097    0.000000    0.000000   10.000000 ^ rst (in)
                                                         rst (net)
                      0.000000    0.000000   10.000000 ^ _2023_/RN (gf180mcu_fd_sc_mcu7t5v0__dffrnq_1)
                                             10.000000   data arrival time

                      0.000000   81.379997   81.379997   clock clk (rise edge)
                                  0.000000   81.379997   clock network delay (ideal)
                                 -0.250000   81.129997   clock uncertainty
                                  0.000000   81.129997   clock reconvergence pessimism
                                             81.129997 ^ _2023_/CLK (gf180mcu_fd_sc_mcu7t5v0__dffrnq_1)
                                  0.117310   81.247307   library recovery time
                                             81.247307   data required time
---------------------------------------------------------------------------------------------
                                             81.247307   data required time
                                            -10.000000   data arrival time
---------------------------------------------------------------------------------------------
                                             71.247307   slack (MET)


Startpoint: rst (input port clocked by clk)
Endpoint: _2024_ (recovery check against rising-edge clock clk)
Path Group: asynchronous
Path Type: max

Fanout         Cap        Slew       Delay        Time   Description
---------------------------------------------------------------------------------------------
                      0.000000    0.000000    0.000000   clock clk (rise edge)
                                  0.000000    0.000000   clock network delay (ideal)
                                 10.000000   10.000000 ^ input external delay
   220    1.606097    0.000000    0.000000   10.000000 ^ rst (in)
                                                         rst (net)
                      0.000000    0.000000   10.000000 ^ _2024_/RN (gf180mcu_fd_sc_mcu7t5v0__dffrnq_1)
                                             10.000000   data arrival time

                      0.000000   81.379997   81.379997   clock clk (rise edge)
                                  0.000000   81.379997   clock network delay (ideal)
                                 -0.250000   81.129997   clock uncertainty
                                  0.000000   81.129997   clock reconvergence pessimism
                                             81.129997 ^ _2024_/CLK (gf180mcu_fd_sc_mcu7t5v0__dffrnq_1)
                                  0.117310   81.247307   library recovery time
                                             81.247307   data required time
---------------------------------------------------------------------------------------------
                                             81.247307   data required time
                                            -10.000000   data arrival time
---------------------------------------------------------------------------------------------
                                             71.247307   slack (MET)


Startpoint: rst (input port clocked by clk)
Endpoint: _2025_ (recovery check against rising-edge clock clk)
Path Group: asynchronous
Path Type: max

Fanout         Cap        Slew       Delay        Time   Description
---------------------------------------------------------------------------------------------
                      0.000000    0.000000    0.000000   clock clk (rise edge)
                                  0.000000    0.000000   clock network delay (ideal)
                                 10.000000   10.000000 ^ input external delay
   220    1.606097    0.000000    0.000000   10.000000 ^ rst (in)
                                                         rst (net)
                      0.000000    0.000000   10.000000 ^ _2025_/RN (gf180mcu_fd_sc_mcu7t5v0__dffrnq_1)
                                             10.000000   data arrival time

                      0.000000   81.379997   81.379997   clock clk (rise edge)
                                  0.000000   81.379997   clock network delay (ideal)
                                 -0.250000   81.129997   clock uncertainty
                                  0.000000   81.129997   clock reconvergence pessimism
                                             81.129997 ^ _2025_/CLK (gf180mcu_fd_sc_mcu7t5v0__dffrnq_1)
                                  0.117310   81.247307   library recovery time
                                             81.247307   data required time
---------------------------------------------------------------------------------------------
                                             81.247307   data required time
                                            -10.000000   data arrival time
---------------------------------------------------------------------------------------------
                                             71.247307   slack (MET)


Startpoint: rst (input port clocked by clk)
Endpoint: _2026_ (recovery check against rising-edge clock clk)
Path Group: asynchronous
Path Type: max

Fanout         Cap        Slew       Delay        Time   Description
---------------------------------------------------------------------------------------------
                      0.000000    0.000000    0.000000   clock clk (rise edge)
                                  0.000000    0.000000   clock network delay (ideal)
                                 10.000000   10.000000 ^ input external delay
   220    1.606097    0.000000    0.000000   10.000000 ^ rst (in)
                                                         rst (net)
                      0.000000    0.000000   10.000000 ^ _2026_/RN (gf180mcu_fd_sc_mcu7t5v0__dffrnq_1)
                                             10.000000   data arrival time

                      0.000000   81.379997   81.379997   clock clk (rise edge)
                                  0.000000   81.379997   clock network delay (ideal)
                                 -0.250000   81.129997   clock uncertainty
                                  0.000000   81.129997   clock reconvergence pessimism
                                             81.129997 ^ _2026_/CLK (gf180mcu_fd_sc_mcu7t5v0__dffrnq_1)
                                  0.117310   81.247307   library recovery time
                                             81.247307   data required time
---------------------------------------------------------------------------------------------
                                             81.247307   data required time
                                            -10.000000   data arrival time
---------------------------------------------------------------------------------------------
                                             71.247307   slack (MET)


Startpoint: rst (input port clocked by clk)
Endpoint: _2027_ (recovery check against rising-edge clock clk)
Path Group: asynchronous
Path Type: max

Fanout         Cap        Slew       Delay        Time   Description
---------------------------------------------------------------------------------------------
                      0.000000    0.000000    0.000000   clock clk (rise edge)
                                  0.000000    0.000000   clock network delay (ideal)
                                 10.000000   10.000000 ^ input external delay
   220    1.606097    0.000000    0.000000   10.000000 ^ rst (in)
                                                         rst (net)
                      0.000000    0.000000   10.000000 ^ _2027_/RN (gf180mcu_fd_sc_mcu7t5v0__dffrnq_1)
                                             10.000000   data arrival time

                      0.000000   81.379997   81.379997   clock clk (rise edge)
                                  0.000000   81.379997   clock network delay (ideal)
                                 -0.250000   81.129997   clock uncertainty
                                  0.000000   81.129997   clock reconvergence pessimism
                                             81.129997 ^ _2027_/CLK (gf180mcu_fd_sc_mcu7t5v0__dffrnq_1)
                                  0.117310   81.247307   library recovery time
                                             81.247307   data required time
---------------------------------------------------------------------------------------------
                                             81.247307   data required time
                                            -10.000000   data arrival time
---------------------------------------------------------------------------------------------
                                             71.247307   slack (MET)


Startpoint: rst (input port clocked by clk)
Endpoint: _2028_ (recovery check against rising-edge clock clk)
Path Group: asynchronous
Path Type: max

Fanout         Cap        Slew       Delay        Time   Description
---------------------------------------------------------------------------------------------
                      0.000000    0.000000    0.000000   clock clk (rise edge)
                                  0.000000    0.000000   clock network delay (ideal)
                                 10.000000   10.000000 ^ input external delay
   220    1.606097    0.000000    0.000000   10.000000 ^ rst (in)
                                                         rst (net)
                      0.000000    0.000000   10.000000 ^ _2028_/RN (gf180mcu_fd_sc_mcu7t5v0__dffrnq_1)
                                             10.000000   data arrival time

                      0.000000   81.379997   81.379997   clock clk (rise edge)
                                  0.000000   81.379997   clock network delay (ideal)
                                 -0.250000   81.129997   clock uncertainty
                                  0.000000   81.129997   clock reconvergence pessimism
                                             81.129997 ^ _2028_/CLK (gf180mcu_fd_sc_mcu7t5v0__dffrnq_1)
                                  0.117310   81.247307   library recovery time
                                             81.247307   data required time
---------------------------------------------------------------------------------------------
                                             81.247307   data required time
                                            -10.000000   data arrival time
---------------------------------------------------------------------------------------------
                                             71.247307   slack (MET)


Startpoint: rst (input port clocked by clk)
Endpoint: _2029_ (recovery check against rising-edge clock clk)
Path Group: asynchronous
Path Type: max

Fanout         Cap        Slew       Delay        Time   Description
---------------------------------------------------------------------------------------------
                      0.000000    0.000000    0.000000   clock clk (rise edge)
                                  0.000000    0.000000   clock network delay (ideal)
                                 10.000000   10.000000 ^ input external delay
   220    1.606097    0.000000    0.000000   10.000000 ^ rst (in)
                                                         rst (net)
                      0.000000    0.000000   10.000000 ^ _2029_/RN (gf180mcu_fd_sc_mcu7t5v0__dffrnq_1)
                                             10.000000   data arrival time

                      0.000000   81.379997   81.379997   clock clk (rise edge)
                                  0.000000   81.379997   clock network delay (ideal)
                                 -0.250000   81.129997   clock uncertainty
                                  0.000000   81.129997   clock reconvergence pessimism
                                             81.129997 ^ _2029_/CLK (gf180mcu_fd_sc_mcu7t5v0__dffrnq_1)
                                  0.117310   81.247307   library recovery time
                                             81.247307   data required time
---------------------------------------------------------------------------------------------
                                             81.247307   data required time
                                            -10.000000   data arrival time
---------------------------------------------------------------------------------------------
                                             71.247307   slack (MET)


Startpoint: rst (input port clocked by clk)
Endpoint: _2030_ (recovery check against rising-edge clock clk)
Path Group: asynchronous
Path Type: max

Fanout         Cap        Slew       Delay        Time   Description
---------------------------------------------------------------------------------------------
                      0.000000    0.000000    0.000000   clock clk (rise edge)
                                  0.000000    0.000000   clock network delay (ideal)
                                 10.000000   10.000000 ^ input external delay
   220    1.606097    0.000000    0.000000   10.000000 ^ rst (in)
                                                         rst (net)
                      0.000000    0.000000   10.000000 ^ _2030_/RN (gf180mcu_fd_sc_mcu7t5v0__dffrnq_1)
                                             10.000000   data arrival time

                      0.000000   81.379997   81.379997   clock clk (rise edge)
                                  0.000000   81.379997   clock network delay (ideal)
                                 -0.250000   81.129997   clock uncertainty
                                  0.000000   81.129997   clock reconvergence pessimism
                                             81.129997 ^ _2030_/CLK (gf180mcu_fd_sc_mcu7t5v0__dffrnq_1)
                                  0.117310   81.247307   library recovery time
                                             81.247307   data required time
---------------------------------------------------------------------------------------------
                                             81.247307   data required time
                                            -10.000000   data arrival time
---------------------------------------------------------------------------------------------
                                             71.247307   slack (MET)


Startpoint: rst (input port clocked by clk)
Endpoint: _2031_ (recovery check against rising-edge clock clk)
Path Group: asynchronous
Path Type: max

Fanout         Cap        Slew       Delay        Time   Description
---------------------------------------------------------------------------------------------
                      0.000000    0.000000    0.000000   clock clk (rise edge)
                                  0.000000    0.000000   clock network delay (ideal)
                                 10.000000   10.000000 ^ input external delay
   220    1.606097    0.000000    0.000000   10.000000 ^ rst (in)
                                                         rst (net)
                      0.000000    0.000000   10.000000 ^ _2031_/RN (gf180mcu_fd_sc_mcu7t5v0__dffrnq_1)
                                             10.000000   data arrival time

                      0.000000   81.379997   81.379997   clock clk (rise edge)
                                  0.000000   81.379997   clock network delay (ideal)
                                 -0.250000   81.129997   clock uncertainty
                                  0.000000   81.129997   clock reconvergence pessimism
                                             81.129997 ^ _2031_/CLK (gf180mcu_fd_sc_mcu7t5v0__dffrnq_1)
                                  0.117310   81.247307   library recovery time
                                             81.247307   data required time
---------------------------------------------------------------------------------------------
                                             81.247307   data required time
                                            -10.000000   data arrival time
---------------------------------------------------------------------------------------------
                                             71.247307   slack (MET)


Startpoint: rst (input port clocked by clk)
Endpoint: _2032_ (recovery check against rising-edge clock clk)
Path Group: asynchronous
Path Type: max

Fanout         Cap        Slew       Delay        Time   Description
---------------------------------------------------------------------------------------------
                      0.000000    0.000000    0.000000   clock clk (rise edge)
                                  0.000000    0.000000   clock network delay (ideal)
                                 10.000000   10.000000 ^ input external delay
   220    1.606097    0.000000    0.000000   10.000000 ^ rst (in)
                                                         rst (net)
                      0.000000    0.000000   10.000000 ^ _2032_/RN (gf180mcu_fd_sc_mcu7t5v0__dffrnq_1)
                                             10.000000   data arrival time

                      0.000000   81.379997   81.379997   clock clk (rise edge)
                                  0.000000   81.379997   clock network delay (ideal)
                                 -0.250000   81.129997   clock uncertainty
                                  0.000000   81.129997   clock reconvergence pessimism
                                             81.129997 ^ _2032_/CLK (gf180mcu_fd_sc_mcu7t5v0__dffrnq_1)
                                  0.117310   81.247307   library recovery time
                                             81.247307   data required time
---------------------------------------------------------------------------------------------
                                             81.247307   data required time
                                            -10.000000   data arrival time
---------------------------------------------------------------------------------------------
                                             71.247307   slack (MET)


Startpoint: rst (input port clocked by clk)
Endpoint: _2033_ (recovery check against rising-edge clock clk)
Path Group: asynchronous
Path Type: max

Fanout         Cap        Slew       Delay        Time   Description
---------------------------------------------------------------------------------------------
                      0.000000    0.000000    0.000000   clock clk (rise edge)
                                  0.000000    0.000000   clock network delay (ideal)
                                 10.000000   10.000000 ^ input external delay
   220    1.606097    0.000000    0.000000   10.000000 ^ rst (in)
                                                         rst (net)
                      0.000000    0.000000   10.000000 ^ _2033_/RN (gf180mcu_fd_sc_mcu7t5v0__dffrnq_1)
                                             10.000000   data arrival time

                      0.000000   81.379997   81.379997   clock clk (rise edge)
                                  0.000000   81.379997   clock network delay (ideal)
                                 -0.250000   81.129997   clock uncertainty
                                  0.000000   81.129997   clock reconvergence pessimism
                                             81.129997 ^ _2033_/CLK (gf180mcu_fd_sc_mcu7t5v0__dffrnq_1)
                                  0.117310   81.247307   library recovery time
                                             81.247307   data required time
---------------------------------------------------------------------------------------------
                                             81.247307   data required time
                                            -10.000000   data arrival time
---------------------------------------------------------------------------------------------
                                             71.247307   slack (MET)


Startpoint: rst (input port clocked by clk)
Endpoint: _2034_ (recovery check against rising-edge clock clk)
Path Group: asynchronous
Path Type: max

Fanout         Cap        Slew       Delay        Time   Description
---------------------------------------------------------------------------------------------
                      0.000000    0.000000    0.000000   clock clk (rise edge)
                                  0.000000    0.000000   clock network delay (ideal)
                                 10.000000   10.000000 ^ input external delay
   220    1.606097    0.000000    0.000000   10.000000 ^ rst (in)
                                                         rst (net)
                      0.000000    0.000000   10.000000 ^ _2034_/RN (gf180mcu_fd_sc_mcu7t5v0__dffrnq_1)
                                             10.000000   data arrival time

                      0.000000   81.379997   81.379997   clock clk (rise edge)
                                  0.000000   81.379997   clock network delay (ideal)
                                 -0.250000   81.129997   clock uncertainty
                                  0.000000   81.129997   clock reconvergence pessimism
                                             81.129997 ^ _2034_/CLK (gf180mcu_fd_sc_mcu7t5v0__dffrnq_1)
                                  0.117310   81.247307   library recovery time
                                             81.247307   data required time
---------------------------------------------------------------------------------------------
                                             81.247307   data required time
                                            -10.000000   data arrival time
---------------------------------------------------------------------------------------------
                                             71.247307   slack (MET)


Startpoint: rst (input port clocked by clk)
Endpoint: _2035_ (recovery check against rising-edge clock clk)
Path Group: asynchronous
Path Type: max

Fanout         Cap        Slew       Delay        Time   Description
---------------------------------------------------------------------------------------------
                      0.000000    0.000000    0.000000   clock clk (rise edge)
                                  0.000000    0.000000   clock network delay (ideal)
                                 10.000000   10.000000 ^ input external delay
   220    1.606097    0.000000    0.000000   10.000000 ^ rst (in)
                                                         rst (net)
                      0.000000    0.000000   10.000000 ^ _2035_/RN (gf180mcu_fd_sc_mcu7t5v0__dffrnq_1)
                                             10.000000   data arrival time

                      0.000000   81.379997   81.379997   clock clk (rise edge)
                                  0.000000   81.379997   clock network delay (ideal)
                                 -0.250000   81.129997   clock uncertainty
                                  0.000000   81.129997   clock reconvergence pessimism
                                             81.129997 ^ _2035_/CLK (gf180mcu_fd_sc_mcu7t5v0__dffrnq_1)
                                  0.117310   81.247307   library recovery time
                                             81.247307   data required time
---------------------------------------------------------------------------------------------
                                             81.247307   data required time
                                            -10.000000   data arrival time
---------------------------------------------------------------------------------------------
                                             71.247307   slack (MET)


Startpoint: rst (input port clocked by clk)
Endpoint: _2036_ (recovery check against rising-edge clock clk)
Path Group: asynchronous
Path Type: max

Fanout         Cap        Slew       Delay        Time   Description
---------------------------------------------------------------------------------------------
                      0.000000    0.000000    0.000000   clock clk (rise edge)
                                  0.000000    0.000000   clock network delay (ideal)
                                 10.000000   10.000000 ^ input external delay
   220    1.606097    0.000000    0.000000   10.000000 ^ rst (in)
                                                         rst (net)
                      0.000000    0.000000   10.000000 ^ _2036_/RN (gf180mcu_fd_sc_mcu7t5v0__dffrnq_1)
                                             10.000000   data arrival time

                      0.000000   81.379997   81.379997   clock clk (rise edge)
                                  0.000000   81.379997   clock network delay (ideal)
                                 -0.250000   81.129997   clock uncertainty
                                  0.000000   81.129997   clock reconvergence pessimism
                                             81.129997 ^ _2036_/CLK (gf180mcu_fd_sc_mcu7t5v0__dffrnq_1)
                                  0.117310   81.247307   library recovery time
                                             81.247307   data required time
---------------------------------------------------------------------------------------------
                                             81.247307   data required time
                                            -10.000000   data arrival time
---------------------------------------------------------------------------------------------
                                             71.247307   slack (MET)


Startpoint: rst (input port clocked by clk)
Endpoint: _2037_ (recovery check against rising-edge clock clk)
Path Group: asynchronous
Path Type: max

Fanout         Cap        Slew       Delay        Time   Description
---------------------------------------------------------------------------------------------
                      0.000000    0.000000    0.000000   clock clk (rise edge)
                                  0.000000    0.000000   clock network delay (ideal)
                                 10.000000   10.000000 ^ input external delay
   220    1.606097    0.000000    0.000000   10.000000 ^ rst (in)
                                                         rst (net)
                      0.000000    0.000000   10.000000 ^ _2037_/RN (gf180mcu_fd_sc_mcu7t5v0__dffrnq_1)
                                             10.000000   data arrival time

                      0.000000   81.379997   81.379997   clock clk (rise edge)
                                  0.000000   81.379997   clock network delay (ideal)
                                 -0.250000   81.129997   clock uncertainty
                                  0.000000   81.129997   clock reconvergence pessimism
                                             81.129997 ^ _2037_/CLK (gf180mcu_fd_sc_mcu7t5v0__dffrnq_1)
                                  0.117310   81.247307   library recovery time
                                             81.247307   data required time
---------------------------------------------------------------------------------------------
                                             81.247307   data required time
                                            -10.000000   data arrival time
---------------------------------------------------------------------------------------------
                                             71.247307   slack (MET)


Startpoint: rst (input port clocked by clk)
Endpoint: _2038_ (recovery check against rising-edge clock clk)
Path Group: asynchronous
Path Type: max

Fanout         Cap        Slew       Delay        Time   Description
---------------------------------------------------------------------------------------------
                      0.000000    0.000000    0.000000   clock clk (rise edge)
                                  0.000000    0.000000   clock network delay (ideal)
                                 10.000000   10.000000 ^ input external delay
   220    1.606097    0.000000    0.000000   10.000000 ^ rst (in)
                                                         rst (net)
                      0.000000    0.000000   10.000000 ^ _2038_/RN (gf180mcu_fd_sc_mcu7t5v0__dffrnq_1)
                                             10.000000   data arrival time

                      0.000000   81.379997   81.379997   clock clk (rise edge)
                                  0.000000   81.379997   clock network delay (ideal)
                                 -0.250000   81.129997   clock uncertainty
                                  0.000000   81.129997   clock reconvergence pessimism
                                             81.129997 ^ _2038_/CLK (gf180mcu_fd_sc_mcu7t5v0__dffrnq_1)
                                  0.117310   81.247307   library recovery time
                                             81.247307   data required time
---------------------------------------------------------------------------------------------
                                             81.247307   data required time
                                            -10.000000   data arrival time
---------------------------------------------------------------------------------------------
                                             71.247307   slack (MET)


Startpoint: rst (input port clocked by clk)
Endpoint: _2039_ (recovery check against rising-edge clock clk)
Path Group: asynchronous
Path Type: max

Fanout         Cap        Slew       Delay        Time   Description
---------------------------------------------------------------------------------------------
                      0.000000    0.000000    0.000000   clock clk (rise edge)
                                  0.000000    0.000000   clock network delay (ideal)
                                 10.000000   10.000000 ^ input external delay
   220    1.606097    0.000000    0.000000   10.000000 ^ rst (in)
                                                         rst (net)
                      0.000000    0.000000   10.000000 ^ _2039_/RN (gf180mcu_fd_sc_mcu7t5v0__dffrnq_1)
                                             10.000000   data arrival time

                      0.000000   81.379997   81.379997   clock clk (rise edge)
                                  0.000000   81.379997   clock network delay (ideal)
                                 -0.250000   81.129997   clock uncertainty
                                  0.000000   81.129997   clock reconvergence pessimism
                                             81.129997 ^ _2039_/CLK (gf180mcu_fd_sc_mcu7t5v0__dffrnq_1)
                                  0.117310   81.247307   library recovery time
                                             81.247307   data required time
---------------------------------------------------------------------------------------------
                                             81.247307   data required time
                                            -10.000000   data arrival time
---------------------------------------------------------------------------------------------
                                             71.247307   slack (MET)


Startpoint: rst (input port clocked by clk)
Endpoint: _2040_ (recovery check against rising-edge clock clk)
Path Group: asynchronous
Path Type: max

Fanout         Cap        Slew       Delay        Time   Description
---------------------------------------------------------------------------------------------
                      0.000000    0.000000    0.000000   clock clk (rise edge)
                                  0.000000    0.000000   clock network delay (ideal)
                                 10.000000   10.000000 ^ input external delay
   220    1.606097    0.000000    0.000000   10.000000 ^ rst (in)
                                                         rst (net)
                      0.000000    0.000000   10.000000 ^ _2040_/RN (gf180mcu_fd_sc_mcu7t5v0__dffrnq_1)
                                             10.000000   data arrival time

                      0.000000   81.379997   81.379997   clock clk (rise edge)
                                  0.000000   81.379997   clock network delay (ideal)
                                 -0.250000   81.129997   clock uncertainty
                                  0.000000   81.129997   clock reconvergence pessimism
                                             81.129997 ^ _2040_/CLK (gf180mcu_fd_sc_mcu7t5v0__dffrnq_1)
                                  0.117310   81.247307   library recovery time
                                             81.247307   data required time
---------------------------------------------------------------------------------------------
                                             81.247307   data required time
                                            -10.000000   data arrival time
---------------------------------------------------------------------------------------------
                                             71.247307   slack (MET)


Startpoint: rst (input port clocked by clk)
Endpoint: _2041_ (recovery check against rising-edge clock clk)
Path Group: asynchronous
Path Type: max

Fanout         Cap        Slew       Delay        Time   Description
---------------------------------------------------------------------------------------------
                      0.000000    0.000000    0.000000   clock clk (rise edge)
                                  0.000000    0.000000   clock network delay (ideal)
                                 10.000000   10.000000 ^ input external delay
   220    1.606097    0.000000    0.000000   10.000000 ^ rst (in)
                                                         rst (net)
                      0.000000    0.000000   10.000000 ^ _2041_/RN (gf180mcu_fd_sc_mcu7t5v0__dffrnq_1)
                                             10.000000   data arrival time

                      0.000000   81.379997   81.379997   clock clk (rise edge)
                                  0.000000   81.379997   clock network delay (ideal)
                                 -0.250000   81.129997   clock uncertainty
                                  0.000000   81.129997   clock reconvergence pessimism
                                             81.129997 ^ _2041_/CLK (gf180mcu_fd_sc_mcu7t5v0__dffrnq_1)
                                  0.117310   81.247307   library recovery time
                                             81.247307   data required time
---------------------------------------------------------------------------------------------
                                             81.247307   data required time
                                            -10.000000   data arrival time
---------------------------------------------------------------------------------------------
                                             71.247307   slack (MET)


Startpoint: rst (input port clocked by clk)
Endpoint: _2042_ (recovery check against rising-edge clock clk)
Path Group: asynchronous
Path Type: max

Fanout         Cap        Slew       Delay        Time   Description
---------------------------------------------------------------------------------------------
                      0.000000    0.000000    0.000000   clock clk (rise edge)
                                  0.000000    0.000000   clock network delay (ideal)
                                 10.000000   10.000000 ^ input external delay
   220    1.606097    0.000000    0.000000   10.000000 ^ rst (in)
                                                         rst (net)
                      0.000000    0.000000   10.000000 ^ _2042_/RN (gf180mcu_fd_sc_mcu7t5v0__dffrnq_1)
                                             10.000000   data arrival time

                      0.000000   81.379997   81.379997   clock clk (rise edge)
                                  0.000000   81.379997   clock network delay (ideal)
                                 -0.250000   81.129997   clock uncertainty
                                  0.000000   81.129997   clock reconvergence pessimism
                                             81.129997 ^ _2042_/CLK (gf180mcu_fd_sc_mcu7t5v0__dffrnq_1)
                                  0.117310   81.247307   library recovery time
                                             81.247307   data required time
---------------------------------------------------------------------------------------------
                                             81.247307   data required time
                                            -10.000000   data arrival time
---------------------------------------------------------------------------------------------
                                             71.247307   slack (MET)


Startpoint: rst (input port clocked by clk)
Endpoint: _2043_ (recovery check against rising-edge clock clk)
Path Group: asynchronous
Path Type: max

Fanout         Cap        Slew       Delay        Time   Description
---------------------------------------------------------------------------------------------
                      0.000000    0.000000    0.000000   clock clk (rise edge)
                                  0.000000    0.000000   clock network delay (ideal)
                                 10.000000   10.000000 ^ input external delay
   220    1.606097    0.000000    0.000000   10.000000 ^ rst (in)
                                                         rst (net)
                      0.000000    0.000000   10.000000 ^ _2043_/RN (gf180mcu_fd_sc_mcu7t5v0__dffrnq_1)
                                             10.000000   data arrival time

                      0.000000   81.379997   81.379997   clock clk (rise edge)
                                  0.000000   81.379997   clock network delay (ideal)
                                 -0.250000   81.129997   clock uncertainty
                                  0.000000   81.129997   clock reconvergence pessimism
                                             81.129997 ^ _2043_/CLK (gf180mcu_fd_sc_mcu7t5v0__dffrnq_1)
                                  0.117310   81.247307   library recovery time
                                             81.247307   data required time
---------------------------------------------------------------------------------------------
                                             81.247307   data required time
                                            -10.000000   data arrival time
---------------------------------------------------------------------------------------------
                                             71.247307   slack (MET)


Startpoint: rst (input port clocked by clk)
Endpoint: _2044_ (recovery check against rising-edge clock clk)
Path Group: asynchronous
Path Type: max

Fanout         Cap        Slew       Delay        Time   Description
---------------------------------------------------------------------------------------------
                      0.000000    0.000000    0.000000   clock clk (rise edge)
                                  0.000000    0.000000   clock network delay (ideal)
                                 10.000000   10.000000 ^ input external delay
   220    1.606097    0.000000    0.000000   10.000000 ^ rst (in)
                                                         rst (net)
                      0.000000    0.000000   10.000000 ^ _2044_/RN (gf180mcu_fd_sc_mcu7t5v0__dffrnq_1)
                                             10.000000   data arrival time

                      0.000000   81.379997   81.379997   clock clk (rise edge)
                                  0.000000   81.379997   clock network delay (ideal)
                                 -0.250000   81.129997   clock uncertainty
                                  0.000000   81.129997   clock reconvergence pessimism
                                             81.129997 ^ _2044_/CLK (gf180mcu_fd_sc_mcu7t5v0__dffrnq_1)
                                  0.117310   81.247307   library recovery time
                                             81.247307   data required time
---------------------------------------------------------------------------------------------
                                             81.247307   data required time
                                            -10.000000   data arrival time
---------------------------------------------------------------------------------------------
                                             71.247307   slack (MET)


Startpoint: rst (input port clocked by clk)
Endpoint: _2045_ (recovery check against rising-edge clock clk)
Path Group: asynchronous
Path Type: max

Fanout         Cap        Slew       Delay        Time   Description
---------------------------------------------------------------------------------------------
                      0.000000    0.000000    0.000000   clock clk (rise edge)
                                  0.000000    0.000000   clock network delay (ideal)
                                 10.000000   10.000000 ^ input external delay
   220    1.606097    0.000000    0.000000   10.000000 ^ rst (in)
                                                         rst (net)
                      0.000000    0.000000   10.000000 ^ _2045_/RN (gf180mcu_fd_sc_mcu7t5v0__dffrnq_1)
                                             10.000000   data arrival time

                      0.000000   81.379997   81.379997   clock clk (rise edge)
                                  0.000000   81.379997   clock network delay (ideal)
                                 -0.250000   81.129997   clock uncertainty
                                  0.000000   81.129997   clock reconvergence pessimism
                                             81.129997 ^ _2045_/CLK (gf180mcu_fd_sc_mcu7t5v0__dffrnq_1)
                                  0.117310   81.247307   library recovery time
                                             81.247307   data required time
---------------------------------------------------------------------------------------------
                                             81.247307   data required time
                                            -10.000000   data arrival time
---------------------------------------------------------------------------------------------
                                             71.247307   slack (MET)


Startpoint: rst (input port clocked by clk)
Endpoint: _2046_ (recovery check against rising-edge clock clk)
Path Group: asynchronous
Path Type: max

Fanout         Cap        Slew       Delay        Time   Description
---------------------------------------------------------------------------------------------
                      0.000000    0.000000    0.000000   clock clk (rise edge)
                                  0.000000    0.000000   clock network delay (ideal)
                                 10.000000   10.000000 ^ input external delay
   220    1.606097    0.000000    0.000000   10.000000 ^ rst (in)
                                                         rst (net)
                      0.000000    0.000000   10.000000 ^ _2046_/RN (gf180mcu_fd_sc_mcu7t5v0__dffrnq_1)
                                             10.000000   data arrival time

                      0.000000   81.379997   81.379997   clock clk (rise edge)
                                  0.000000   81.379997   clock network delay (ideal)
                                 -0.250000   81.129997   clock uncertainty
                                  0.000000   81.129997   clock reconvergence pessimism
                                             81.129997 ^ _2046_/CLK (gf180mcu_fd_sc_mcu7t5v0__dffrnq_1)
                                  0.117310   81.247307   library recovery time
                                             81.247307   data required time
---------------------------------------------------------------------------------------------
                                             81.247307   data required time
                                            -10.000000   data arrival time
---------------------------------------------------------------------------------------------
                                             71.247307   slack (MET)


Startpoint: rst (input port clocked by clk)
Endpoint: _2047_ (recovery check against rising-edge clock clk)
Path Group: asynchronous
Path Type: max

Fanout         Cap        Slew       Delay        Time   Description
---------------------------------------------------------------------------------------------
                      0.000000    0.000000    0.000000   clock clk (rise edge)
                                  0.000000    0.000000   clock network delay (ideal)
                                 10.000000   10.000000 ^ input external delay
   220    1.606097    0.000000    0.000000   10.000000 ^ rst (in)
                                                         rst (net)
                      0.000000    0.000000   10.000000 ^ _2047_/RN (gf180mcu_fd_sc_mcu7t5v0__dffrnq_1)
                                             10.000000   data arrival time

                      0.000000   81.379997   81.379997   clock clk (rise edge)
                                  0.000000   81.379997   clock network delay (ideal)
                                 -0.250000   81.129997   clock uncertainty
                                  0.000000   81.129997   clock reconvergence pessimism
                                             81.129997 ^ _2047_/CLK (gf180mcu_fd_sc_mcu7t5v0__dffrnq_1)
                                  0.117310   81.247307   library recovery time
                                             81.247307   data required time
---------------------------------------------------------------------------------------------
                                             81.247307   data required time
                                            -10.000000   data arrival time
---------------------------------------------------------------------------------------------
                                             71.247307   slack (MET)


Startpoint: rst (input port clocked by clk)
Endpoint: _2048_ (recovery check against rising-edge clock clk)
Path Group: asynchronous
Path Type: max

Fanout         Cap        Slew       Delay        Time   Description
---------------------------------------------------------------------------------------------
                      0.000000    0.000000    0.000000   clock clk (rise edge)
                                  0.000000    0.000000   clock network delay (ideal)
                                 10.000000   10.000000 ^ input external delay
   220    1.606097    0.000000    0.000000   10.000000 ^ rst (in)
                                                         rst (net)
                      0.000000    0.000000   10.000000 ^ _2048_/RN (gf180mcu_fd_sc_mcu7t5v0__dffrnq_1)
                                             10.000000   data arrival time

                      0.000000   81.379997   81.379997   clock clk (rise edge)
                                  0.000000   81.379997   clock network delay (ideal)
                                 -0.250000   81.129997   clock uncertainty
                                  0.000000   81.129997   clock reconvergence pessimism
                                             81.129997 ^ _2048_/CLK (gf180mcu_fd_sc_mcu7t5v0__dffrnq_1)
                                  0.117310   81.247307   library recovery time
                                             81.247307   data required time
---------------------------------------------------------------------------------------------
                                             81.247307   data required time
                                            -10.000000   data arrival time
---------------------------------------------------------------------------------------------
                                             71.247307   slack (MET)


Startpoint: rst (input port clocked by clk)
Endpoint: _2049_ (recovery check against rising-edge clock clk)
Path Group: asynchronous
Path Type: max

Fanout         Cap        Slew       Delay        Time   Description
---------------------------------------------------------------------------------------------
                      0.000000    0.000000    0.000000   clock clk (rise edge)
                                  0.000000    0.000000   clock network delay (ideal)
                                 10.000000   10.000000 ^ input external delay
   220    1.606097    0.000000    0.000000   10.000000 ^ rst (in)
                                                         rst (net)
                      0.000000    0.000000   10.000000 ^ _2049_/RN (gf180mcu_fd_sc_mcu7t5v0__dffrnq_1)
                                             10.000000   data arrival time

                      0.000000   81.379997   81.379997   clock clk (rise edge)
                                  0.000000   81.379997   clock network delay (ideal)
                                 -0.250000   81.129997   clock uncertainty
                                  0.000000   81.129997   clock reconvergence pessimism
                                             81.129997 ^ _2049_/CLK (gf180mcu_fd_sc_mcu7t5v0__dffrnq_1)
                                  0.117310   81.247307   library recovery time
                                             81.247307   data required time
---------------------------------------------------------------------------------------------
                                             81.247307   data required time
                                            -10.000000   data arrival time
---------------------------------------------------------------------------------------------
                                             71.247307   slack (MET)


Startpoint: rst (input port clocked by clk)
Endpoint: _2050_ (recovery check against rising-edge clock clk)
Path Group: asynchronous
Path Type: max

Fanout         Cap        Slew       Delay        Time   Description
---------------------------------------------------------------------------------------------
                      0.000000    0.000000    0.000000   clock clk (rise edge)
                                  0.000000    0.000000   clock network delay (ideal)
                                 10.000000   10.000000 ^ input external delay
   220    1.606097    0.000000    0.000000   10.000000 ^ rst (in)
                                                         rst (net)
                      0.000000    0.000000   10.000000 ^ _2050_/RN (gf180mcu_fd_sc_mcu7t5v0__dffrnq_1)
                                             10.000000   data arrival time

                      0.000000   81.379997   81.379997   clock clk (rise edge)
                                  0.000000   81.379997   clock network delay (ideal)
                                 -0.250000   81.129997   clock uncertainty
                                  0.000000   81.129997   clock reconvergence pessimism
                                             81.129997 ^ _2050_/CLK (gf180mcu_fd_sc_mcu7t5v0__dffrnq_1)
                                  0.117310   81.247307   library recovery time
                                             81.247307   data required time
---------------------------------------------------------------------------------------------
                                             81.247307   data required time
                                            -10.000000   data arrival time
---------------------------------------------------------------------------------------------
                                             71.247307   slack (MET)


Startpoint: rst (input port clocked by clk)
Endpoint: _2051_ (recovery check against rising-edge clock clk)
Path Group: asynchronous
Path Type: max

Fanout         Cap        Slew       Delay        Time   Description
---------------------------------------------------------------------------------------------
                      0.000000    0.000000    0.000000   clock clk (rise edge)
                                  0.000000    0.000000   clock network delay (ideal)
                                 10.000000   10.000000 ^ input external delay
   220    1.606097    0.000000    0.000000   10.000000 ^ rst (in)
                                                         rst (net)
                      0.000000    0.000000   10.000000 ^ _2051_/RN (gf180mcu_fd_sc_mcu7t5v0__dffrnq_1)
                                             10.000000   data arrival time

                      0.000000   81.379997   81.379997   clock clk (rise edge)
                                  0.000000   81.379997   clock network delay (ideal)
                                 -0.250000   81.129997   clock uncertainty
                                  0.000000   81.129997   clock reconvergence pessimism
                                             81.129997 ^ _2051_/CLK (gf180mcu_fd_sc_mcu7t5v0__dffrnq_1)
                                  0.117310   81.247307   library recovery time
                                             81.247307   data required time
---------------------------------------------------------------------------------------------
                                             81.247307   data required time
                                            -10.000000   data arrival time
---------------------------------------------------------------------------------------------
                                             71.247307   slack (MET)


Startpoint: rst (input port clocked by clk)
Endpoint: _2052_ (recovery check against rising-edge clock clk)
Path Group: asynchronous
Path Type: max

Fanout         Cap        Slew       Delay        Time   Description
---------------------------------------------------------------------------------------------
                      0.000000    0.000000    0.000000   clock clk (rise edge)
                                  0.000000    0.000000   clock network delay (ideal)
                                 10.000000   10.000000 ^ input external delay
   220    1.606097    0.000000    0.000000   10.000000 ^ rst (in)
                                                         rst (net)
                      0.000000    0.000000   10.000000 ^ _2052_/RN (gf180mcu_fd_sc_mcu7t5v0__dffrnq_1)
                                             10.000000   data arrival time

                      0.000000   81.379997   81.379997   clock clk (rise edge)
                                  0.000000   81.379997   clock network delay (ideal)
                                 -0.250000   81.129997   clock uncertainty
                                  0.000000   81.129997   clock reconvergence pessimism
                                             81.129997 ^ _2052_/CLK (gf180mcu_fd_sc_mcu7t5v0__dffrnq_1)
                                  0.117310   81.247307   library recovery time
                                             81.247307   data required time
---------------------------------------------------------------------------------------------
                                             81.247307   data required time
                                            -10.000000   data arrival time
---------------------------------------------------------------------------------------------
                                             71.247307   slack (MET)


Startpoint: rst (input port clocked by clk)
Endpoint: _2053_ (recovery check against rising-edge clock clk)
Path Group: asynchronous
Path Type: max

Fanout         Cap        Slew       Delay        Time   Description
---------------------------------------------------------------------------------------------
                      0.000000    0.000000    0.000000   clock clk (rise edge)
                                  0.000000    0.000000   clock network delay (ideal)
                                 10.000000   10.000000 ^ input external delay
   220    1.606097    0.000000    0.000000   10.000000 ^ rst (in)
                                                         rst (net)
                      0.000000    0.000000   10.000000 ^ _2053_/RN (gf180mcu_fd_sc_mcu7t5v0__dffrnq_1)
                                             10.000000   data arrival time

                      0.000000   81.379997   81.379997   clock clk (rise edge)
                                  0.000000   81.379997   clock network delay (ideal)
                                 -0.250000   81.129997   clock uncertainty
                                  0.000000   81.129997   clock reconvergence pessimism
                                             81.129997 ^ _2053_/CLK (gf180mcu_fd_sc_mcu7t5v0__dffrnq_1)
                                  0.117310   81.247307   library recovery time
                                             81.247307   data required time
---------------------------------------------------------------------------------------------
                                             81.247307   data required time
                                            -10.000000   data arrival time
---------------------------------------------------------------------------------------------
                                             71.247307   slack (MET)


Startpoint: rst (input port clocked by clk)
Endpoint: _2054_ (recovery check against rising-edge clock clk)
Path Group: asynchronous
Path Type: max

Fanout         Cap        Slew       Delay        Time   Description
---------------------------------------------------------------------------------------------
                      0.000000    0.000000    0.000000   clock clk (rise edge)
                                  0.000000    0.000000   clock network delay (ideal)
                                 10.000000   10.000000 ^ input external delay
   220    1.606097    0.000000    0.000000   10.000000 ^ rst (in)
                                                         rst (net)
                      0.000000    0.000000   10.000000 ^ _2054_/RN (gf180mcu_fd_sc_mcu7t5v0__dffrnq_1)
                                             10.000000   data arrival time

                      0.000000   81.379997   81.379997   clock clk (rise edge)
                                  0.000000   81.379997   clock network delay (ideal)
                                 -0.250000   81.129997   clock uncertainty
                                  0.000000   81.129997   clock reconvergence pessimism
                                             81.129997 ^ _2054_/CLK (gf180mcu_fd_sc_mcu7t5v0__dffrnq_1)
                                  0.117310   81.247307   library recovery time
                                             81.247307   data required time
---------------------------------------------------------------------------------------------
                                             81.247307   data required time
                                            -10.000000   data arrival time
---------------------------------------------------------------------------------------------
                                             71.247307   slack (MET)


Startpoint: rst (input port clocked by clk)
Endpoint: _2055_ (recovery check against rising-edge clock clk)
Path Group: asynchronous
Path Type: max

Fanout         Cap        Slew       Delay        Time   Description
---------------------------------------------------------------------------------------------
                      0.000000    0.000000    0.000000   clock clk (rise edge)
                                  0.000000    0.000000   clock network delay (ideal)
                                 10.000000   10.000000 ^ input external delay
   220    1.606097    0.000000    0.000000   10.000000 ^ rst (in)
                                                         rst (net)
                      0.000000    0.000000   10.000000 ^ _2055_/RN (gf180mcu_fd_sc_mcu7t5v0__dffrnq_1)
                                             10.000000   data arrival time

                      0.000000   81.379997   81.379997   clock clk (rise edge)
                                  0.000000   81.379997   clock network delay (ideal)
                                 -0.250000   81.129997   clock uncertainty
                                  0.000000   81.129997   clock reconvergence pessimism
                                             81.129997 ^ _2055_/CLK (gf180mcu_fd_sc_mcu7t5v0__dffrnq_1)
                                  0.117310   81.247307   library recovery time
                                             81.247307   data required time
---------------------------------------------------------------------------------------------
                                             81.247307   data required time
                                            -10.000000   data arrival time
---------------------------------------------------------------------------------------------
                                             71.247307   slack (MET)


Startpoint: rst (input port clocked by clk)
Endpoint: _2056_ (recovery check against rising-edge clock clk)
Path Group: asynchronous
Path Type: max

Fanout         Cap        Slew       Delay        Time   Description
---------------------------------------------------------------------------------------------
                      0.000000    0.000000    0.000000   clock clk (rise edge)
                                  0.000000    0.000000   clock network delay (ideal)
                                 10.000000   10.000000 ^ input external delay
   220    1.606097    0.000000    0.000000   10.000000 ^ rst (in)
                                                         rst (net)
                      0.000000    0.000000   10.000000 ^ _2056_/RN (gf180mcu_fd_sc_mcu7t5v0__dffrnq_1)
                                             10.000000   data arrival time

                      0.000000   81.379997   81.379997   clock clk (rise edge)
                                  0.000000   81.379997   clock network delay (ideal)
                                 -0.250000   81.129997   clock uncertainty
                                  0.000000   81.129997   clock reconvergence pessimism
                                             81.129997 ^ _2056_/CLK (gf180mcu_fd_sc_mcu7t5v0__dffrnq_1)
                                  0.117310   81.247307   library recovery time
                                             81.247307   data required time
---------------------------------------------------------------------------------------------
                                             81.247307   data required time
                                            -10.000000   data arrival time
---------------------------------------------------------------------------------------------
                                             71.247307   slack (MET)


Startpoint: rst (input port clocked by clk)
Endpoint: _2057_ (recovery check against rising-edge clock clk)
Path Group: asynchronous
Path Type: max

Fanout         Cap        Slew       Delay        Time   Description
---------------------------------------------------------------------------------------------
                      0.000000    0.000000    0.000000   clock clk (rise edge)
                                  0.000000    0.000000   clock network delay (ideal)
                                 10.000000   10.000000 ^ input external delay
   220    1.606097    0.000000    0.000000   10.000000 ^ rst (in)
                                                         rst (net)
                      0.000000    0.000000   10.000000 ^ _2057_/RN (gf180mcu_fd_sc_mcu7t5v0__dffrnq_1)
                                             10.000000   data arrival time

                      0.000000   81.379997   81.379997   clock clk (rise edge)
                                  0.000000   81.379997   clock network delay (ideal)
                                 -0.250000   81.129997   clock uncertainty
                                  0.000000   81.129997   clock reconvergence pessimism
                                             81.129997 ^ _2057_/CLK (gf180mcu_fd_sc_mcu7t5v0__dffrnq_1)
                                  0.117310   81.247307   library recovery time
                                             81.247307   data required time
---------------------------------------------------------------------------------------------
                                             81.247307   data required time
                                            -10.000000   data arrival time
---------------------------------------------------------------------------------------------
                                             71.247307   slack (MET)


Startpoint: rst (input port clocked by clk)
Endpoint: _2058_ (recovery check against rising-edge clock clk)
Path Group: asynchronous
Path Type: max

Fanout         Cap        Slew       Delay        Time   Description
---------------------------------------------------------------------------------------------
                      0.000000    0.000000    0.000000   clock clk (rise edge)
                                  0.000000    0.000000   clock network delay (ideal)
                                 10.000000   10.000000 ^ input external delay
   220    1.606097    0.000000    0.000000   10.000000 ^ rst (in)
                                                         rst (net)
                      0.000000    0.000000   10.000000 ^ _2058_/RN (gf180mcu_fd_sc_mcu7t5v0__dffrnq_1)
                                             10.000000   data arrival time

                      0.000000   81.379997   81.379997   clock clk (rise edge)
                                  0.000000   81.379997   clock network delay (ideal)
                                 -0.250000   81.129997   clock uncertainty
                                  0.000000   81.129997   clock reconvergence pessimism
                                             81.129997 ^ _2058_/CLK (gf180mcu_fd_sc_mcu7t5v0__dffrnq_1)
                                  0.117310   81.247307   library recovery time
                                             81.247307   data required time
---------------------------------------------------------------------------------------------
                                             81.247307   data required time
                                            -10.000000   data arrival time
---------------------------------------------------------------------------------------------
                                             71.247307   slack (MET)


Startpoint: rst (input port clocked by clk)
Endpoint: _2059_ (recovery check against rising-edge clock clk)
Path Group: asynchronous
Path Type: max

Fanout         Cap        Slew       Delay        Time   Description
---------------------------------------------------------------------------------------------
                      0.000000    0.000000    0.000000   clock clk (rise edge)
                                  0.000000    0.000000   clock network delay (ideal)
                                 10.000000   10.000000 ^ input external delay
   220    1.606097    0.000000    0.000000   10.000000 ^ rst (in)
                                                         rst (net)
                      0.000000    0.000000   10.000000 ^ _2059_/RN (gf180mcu_fd_sc_mcu7t5v0__dffrnq_1)
                                             10.000000   data arrival time

                      0.000000   81.379997   81.379997   clock clk (rise edge)
                                  0.000000   81.379997   clock network delay (ideal)
                                 -0.250000   81.129997   clock uncertainty
                                  0.000000   81.129997   clock reconvergence pessimism
                                             81.129997 ^ _2059_/CLK (gf180mcu_fd_sc_mcu7t5v0__dffrnq_1)
                                  0.117310   81.247307   library recovery time
                                             81.247307   data required time
---------------------------------------------------------------------------------------------
                                             81.247307   data required time
                                            -10.000000   data arrival time
---------------------------------------------------------------------------------------------
                                             71.247307   slack (MET)


Startpoint: rst (input port clocked by clk)
Endpoint: _2060_ (recovery check against rising-edge clock clk)
Path Group: asynchronous
Path Type: max

Fanout         Cap        Slew       Delay        Time   Description
---------------------------------------------------------------------------------------------
                      0.000000    0.000000    0.000000   clock clk (rise edge)
                                  0.000000    0.000000   clock network delay (ideal)
                                 10.000000   10.000000 ^ input external delay
   220    1.606097    0.000000    0.000000   10.000000 ^ rst (in)
                                                         rst (net)
                      0.000000    0.000000   10.000000 ^ _2060_/RN (gf180mcu_fd_sc_mcu7t5v0__dffrnq_1)
                                             10.000000   data arrival time

                      0.000000   81.379997   81.379997   clock clk (rise edge)
                                  0.000000   81.379997   clock network delay (ideal)
                                 -0.250000   81.129997   clock uncertainty
                                  0.000000   81.129997   clock reconvergence pessimism
                                             81.129997 ^ _2060_/CLK (gf180mcu_fd_sc_mcu7t5v0__dffrnq_1)
                                  0.117310   81.247307   library recovery time
                                             81.247307   data required time
---------------------------------------------------------------------------------------------
                                             81.247307   data required time
                                            -10.000000   data arrival time
---------------------------------------------------------------------------------------------
                                             71.247307   slack (MET)


Startpoint: rst (input port clocked by clk)
Endpoint: _2061_ (recovery check against rising-edge clock clk)
Path Group: asynchronous
Path Type: max

Fanout         Cap        Slew       Delay        Time   Description
---------------------------------------------------------------------------------------------
                      0.000000    0.000000    0.000000   clock clk (rise edge)
                                  0.000000    0.000000   clock network delay (ideal)
                                 10.000000   10.000000 ^ input external delay
   220    1.606097    0.000000    0.000000   10.000000 ^ rst (in)
                                                         rst (net)
                      0.000000    0.000000   10.000000 ^ _2061_/RN (gf180mcu_fd_sc_mcu7t5v0__dffrnq_1)
                                             10.000000   data arrival time

                      0.000000   81.379997   81.379997   clock clk (rise edge)
                                  0.000000   81.379997   clock network delay (ideal)
                                 -0.250000   81.129997   clock uncertainty
                                  0.000000   81.129997   clock reconvergence pessimism
                                             81.129997 ^ _2061_/CLK (gf180mcu_fd_sc_mcu7t5v0__dffrnq_1)
                                  0.117310   81.247307   library recovery time
                                             81.247307   data required time
---------------------------------------------------------------------------------------------
                                             81.247307   data required time
                                            -10.000000   data arrival time
---------------------------------------------------------------------------------------------
                                             71.247307   slack (MET)


Startpoint: rst (input port clocked by clk)
Endpoint: _2062_ (recovery check against rising-edge clock clk)
Path Group: asynchronous
Path Type: max

Fanout         Cap        Slew       Delay        Time   Description
---------------------------------------------------------------------------------------------
                      0.000000    0.000000    0.000000   clock clk (rise edge)
                                  0.000000    0.000000   clock network delay (ideal)
                                 10.000000   10.000000 ^ input external delay
   220    1.606097    0.000000    0.000000   10.000000 ^ rst (in)
                                                         rst (net)
                      0.000000    0.000000   10.000000 ^ _2062_/RN (gf180mcu_fd_sc_mcu7t5v0__dffrnq_1)
                                             10.000000   data arrival time

                      0.000000   81.379997   81.379997   clock clk (rise edge)
                                  0.000000   81.379997   clock network delay (ideal)
                                 -0.250000   81.129997   clock uncertainty
                                  0.000000   81.129997   clock reconvergence pessimism
                                             81.129997 ^ _2062_/CLK (gf180mcu_fd_sc_mcu7t5v0__dffrnq_1)
                                  0.117310   81.247307   library recovery time
                                             81.247307   data required time
---------------------------------------------------------------------------------------------
                                             81.247307   data required time
                                            -10.000000   data arrival time
---------------------------------------------------------------------------------------------
                                             71.247307   slack (MET)


Startpoint: rst (input port clocked by clk)
Endpoint: _2063_ (recovery check against rising-edge clock clk)
Path Group: asynchronous
Path Type: max

Fanout         Cap        Slew       Delay        Time   Description
---------------------------------------------------------------------------------------------
                      0.000000    0.000000    0.000000   clock clk (rise edge)
                                  0.000000    0.000000   clock network delay (ideal)
                                 10.000000   10.000000 ^ input external delay
   220    1.606097    0.000000    0.000000   10.000000 ^ rst (in)
                                                         rst (net)
                      0.000000    0.000000   10.000000 ^ _2063_/RN (gf180mcu_fd_sc_mcu7t5v0__dffrnq_1)
                                             10.000000   data arrival time

                      0.000000   81.379997   81.379997   clock clk (rise edge)
                                  0.000000   81.379997   clock network delay (ideal)
                                 -0.250000   81.129997   clock uncertainty
                                  0.000000   81.129997   clock reconvergence pessimism
                                             81.129997 ^ _2063_/CLK (gf180mcu_fd_sc_mcu7t5v0__dffrnq_1)
                                  0.117310   81.247307   library recovery time
                                             81.247307   data required time
---------------------------------------------------------------------------------------------
                                             81.247307   data required time
                                            -10.000000   data arrival time
---------------------------------------------------------------------------------------------
                                             71.247307   slack (MET)


Startpoint: rst (input port clocked by clk)
Endpoint: _2064_ (recovery check against rising-edge clock clk)
Path Group: asynchronous
Path Type: max

Fanout         Cap        Slew       Delay        Time   Description
---------------------------------------------------------------------------------------------
                      0.000000    0.000000    0.000000   clock clk (rise edge)
                                  0.000000    0.000000   clock network delay (ideal)
                                 10.000000   10.000000 ^ input external delay
   220    1.606097    0.000000    0.000000   10.000000 ^ rst (in)
                                                         rst (net)
                      0.000000    0.000000   10.000000 ^ _2064_/RN (gf180mcu_fd_sc_mcu7t5v0__dffrnq_1)
                                             10.000000   data arrival time

                      0.000000   81.379997   81.379997   clock clk (rise edge)
                                  0.000000   81.379997   clock network delay (ideal)
                                 -0.250000   81.129997   clock uncertainty
                                  0.000000   81.129997   clock reconvergence pessimism
                                             81.129997 ^ _2064_/CLK (gf180mcu_fd_sc_mcu7t5v0__dffrnq_1)
                                  0.117310   81.247307   library recovery time
                                             81.247307   data required time
---------------------------------------------------------------------------------------------
                                             81.247307   data required time
                                            -10.000000   data arrival time
---------------------------------------------------------------------------------------------
                                             71.247307   slack (MET)


Startpoint: rst (input port clocked by clk)
Endpoint: _2065_ (recovery check against rising-edge clock clk)
Path Group: asynchronous
Path Type: max

Fanout         Cap        Slew       Delay        Time   Description
---------------------------------------------------------------------------------------------
                      0.000000    0.000000    0.000000   clock clk (rise edge)
                                  0.000000    0.000000   clock network delay (ideal)
                                 10.000000   10.000000 ^ input external delay
   220    1.606097    0.000000    0.000000   10.000000 ^ rst (in)
                                                         rst (net)
                      0.000000    0.000000   10.000000 ^ _2065_/RN (gf180mcu_fd_sc_mcu7t5v0__dffrnq_1)
                                             10.000000   data arrival time

                      0.000000   81.379997   81.379997   clock clk (rise edge)
                                  0.000000   81.379997   clock network delay (ideal)
                                 -0.250000   81.129997   clock uncertainty
                                  0.000000   81.129997   clock reconvergence pessimism
                                             81.129997 ^ _2065_/CLK (gf180mcu_fd_sc_mcu7t5v0__dffrnq_1)
                                  0.117310   81.247307   library recovery time
                                             81.247307   data required time
---------------------------------------------------------------------------------------------
                                             81.247307   data required time
                                            -10.000000   data arrival time
---------------------------------------------------------------------------------------------
                                             71.247307   slack (MET)


Startpoint: rst (input port clocked by clk)
Endpoint: _2066_ (recovery check against rising-edge clock clk)
Path Group: asynchronous
Path Type: max

Fanout         Cap        Slew       Delay        Time   Description
---------------------------------------------------------------------------------------------
                      0.000000    0.000000    0.000000   clock clk (rise edge)
                                  0.000000    0.000000   clock network delay (ideal)
                                 10.000000   10.000000 ^ input external delay
   220    1.606097    0.000000    0.000000   10.000000 ^ rst (in)
                                                         rst (net)
                      0.000000    0.000000   10.000000 ^ _2066_/RN (gf180mcu_fd_sc_mcu7t5v0__dffrnq_1)
                                             10.000000   data arrival time

                      0.000000   81.379997   81.379997   clock clk (rise edge)
                                  0.000000   81.379997   clock network delay (ideal)
                                 -0.250000   81.129997   clock uncertainty
                                  0.000000   81.129997   clock reconvergence pessimism
                                             81.129997 ^ _2066_/CLK (gf180mcu_fd_sc_mcu7t5v0__dffrnq_1)
                                  0.117310   81.247307   library recovery time
                                             81.247307   data required time
---------------------------------------------------------------------------------------------
                                             81.247307   data required time
                                            -10.000000   data arrival time
---------------------------------------------------------------------------------------------
                                             71.247307   slack (MET)


Startpoint: rst (input port clocked by clk)
Endpoint: _2067_ (recovery check against rising-edge clock clk)
Path Group: asynchronous
Path Type: max

Fanout         Cap        Slew       Delay        Time   Description
---------------------------------------------------------------------------------------------
                      0.000000    0.000000    0.000000   clock clk (rise edge)
                                  0.000000    0.000000   clock network delay (ideal)
                                 10.000000   10.000000 ^ input external delay
   220    1.606097    0.000000    0.000000   10.000000 ^ rst (in)
                                                         rst (net)
                      0.000000    0.000000   10.000000 ^ _2067_/RN (gf180mcu_fd_sc_mcu7t5v0__dffrnq_1)
                                             10.000000   data arrival time

                      0.000000   81.379997   81.379997   clock clk (rise edge)
                                  0.000000   81.379997   clock network delay (ideal)
                                 -0.250000   81.129997   clock uncertainty
                                  0.000000   81.129997   clock reconvergence pessimism
                                             81.129997 ^ _2067_/CLK (gf180mcu_fd_sc_mcu7t5v0__dffrnq_1)
                                  0.117310   81.247307   library recovery time
                                             81.247307   data required time
---------------------------------------------------------------------------------------------
                                             81.247307   data required time
                                            -10.000000   data arrival time
---------------------------------------------------------------------------------------------
                                             71.247307   slack (MET)


Startpoint: rst (input port clocked by clk)
Endpoint: _2068_ (recovery check against rising-edge clock clk)
Path Group: asynchronous
Path Type: max

Fanout         Cap        Slew       Delay        Time   Description
---------------------------------------------------------------------------------------------
                      0.000000    0.000000    0.000000   clock clk (rise edge)
                                  0.000000    0.000000   clock network delay (ideal)
                                 10.000000   10.000000 ^ input external delay
   220    1.606097    0.000000    0.000000   10.000000 ^ rst (in)
                                                         rst (net)
                      0.000000    0.000000   10.000000 ^ _2068_/RN (gf180mcu_fd_sc_mcu7t5v0__dffrnq_1)
                                             10.000000   data arrival time

                      0.000000   81.379997   81.379997   clock clk (rise edge)
                                  0.000000   81.379997   clock network delay (ideal)
                                 -0.250000   81.129997   clock uncertainty
                                  0.000000   81.129997   clock reconvergence pessimism
                                             81.129997 ^ _2068_/CLK (gf180mcu_fd_sc_mcu7t5v0__dffrnq_1)
                                  0.117310   81.247307   library recovery time
                                             81.247307   data required time
---------------------------------------------------------------------------------------------
                                             81.247307   data required time
                                            -10.000000   data arrival time
---------------------------------------------------------------------------------------------
                                             71.247307   slack (MET)


Startpoint: rst (input port clocked by clk)
Endpoint: _2069_ (recovery check against rising-edge clock clk)
Path Group: asynchronous
Path Type: max

Fanout         Cap        Slew       Delay        Time   Description
---------------------------------------------------------------------------------------------
                      0.000000    0.000000    0.000000   clock clk (rise edge)
                                  0.000000    0.000000   clock network delay (ideal)
                                 10.000000   10.000000 ^ input external delay
   220    1.606097    0.000000    0.000000   10.000000 ^ rst (in)
                                                         rst (net)
                      0.000000    0.000000   10.000000 ^ _2069_/RN (gf180mcu_fd_sc_mcu7t5v0__dffrnq_1)
                                             10.000000   data arrival time

                      0.000000   81.379997   81.379997   clock clk (rise edge)
                                  0.000000   81.379997   clock network delay (ideal)
                                 -0.250000   81.129997   clock uncertainty
                                  0.000000   81.129997   clock reconvergence pessimism
                                             81.129997 ^ _2069_/CLK (gf180mcu_fd_sc_mcu7t5v0__dffrnq_1)
                                  0.117310   81.247307   library recovery time
                                             81.247307   data required time
---------------------------------------------------------------------------------------------
                                             81.247307   data required time
                                            -10.000000   data arrival time
---------------------------------------------------------------------------------------------
                                             71.247307   slack (MET)


Startpoint: rst (input port clocked by clk)
Endpoint: _2070_ (recovery check against rising-edge clock clk)
Path Group: asynchronous
Path Type: max

Fanout         Cap        Slew       Delay        Time   Description
---------------------------------------------------------------------------------------------
                      0.000000    0.000000    0.000000   clock clk (rise edge)
                                  0.000000    0.000000   clock network delay (ideal)
                                 10.000000   10.000000 ^ input external delay
   220    1.606097    0.000000    0.000000   10.000000 ^ rst (in)
                                                         rst (net)
                      0.000000    0.000000   10.000000 ^ _2070_/RN (gf180mcu_fd_sc_mcu7t5v0__dffrnq_1)
                                             10.000000   data arrival time

                      0.000000   81.379997   81.379997   clock clk (rise edge)
                                  0.000000   81.379997   clock network delay (ideal)
                                 -0.250000   81.129997   clock uncertainty
                                  0.000000   81.129997   clock reconvergence pessimism
                                             81.129997 ^ _2070_/CLK (gf180mcu_fd_sc_mcu7t5v0__dffrnq_1)
                                  0.117310   81.247307   library recovery time
                                             81.247307   data required time
---------------------------------------------------------------------------------------------
                                             81.247307   data required time
                                            -10.000000   data arrival time
---------------------------------------------------------------------------------------------
                                             71.247307   slack (MET)


Startpoint: rst (input port clocked by clk)
Endpoint: _2071_ (recovery check against rising-edge clock clk)
Path Group: asynchronous
Path Type: max

Fanout         Cap        Slew       Delay        Time   Description
---------------------------------------------------------------------------------------------
                      0.000000    0.000000    0.000000   clock clk (rise edge)
                                  0.000000    0.000000   clock network delay (ideal)
                                 10.000000   10.000000 ^ input external delay
   220    1.606097    0.000000    0.000000   10.000000 ^ rst (in)
                                                         rst (net)
                      0.000000    0.000000   10.000000 ^ _2071_/RN (gf180mcu_fd_sc_mcu7t5v0__dffrnq_1)
                                             10.000000   data arrival time

                      0.000000   81.379997   81.379997   clock clk (rise edge)
                                  0.000000   81.379997   clock network delay (ideal)
                                 -0.250000   81.129997   clock uncertainty
                                  0.000000   81.129997   clock reconvergence pessimism
                                             81.129997 ^ _2071_/CLK (gf180mcu_fd_sc_mcu7t5v0__dffrnq_1)
                                  0.117310   81.247307   library recovery time
                                             81.247307   data required time
---------------------------------------------------------------------------------------------
                                             81.247307   data required time
                                            -10.000000   data arrival time
---------------------------------------------------------------------------------------------
                                             71.247307   slack (MET)


Startpoint: rst (input port clocked by clk)
Endpoint: _2072_ (recovery check against rising-edge clock clk)
Path Group: asynchronous
Path Type: max

Fanout         Cap        Slew       Delay        Time   Description
---------------------------------------------------------------------------------------------
                      0.000000    0.000000    0.000000   clock clk (rise edge)
                                  0.000000    0.000000   clock network delay (ideal)
                                 10.000000   10.000000 ^ input external delay
   220    1.606097    0.000000    0.000000   10.000000 ^ rst (in)
                                                         rst (net)
                      0.000000    0.000000   10.000000 ^ _2072_/RN (gf180mcu_fd_sc_mcu7t5v0__dffrnq_1)
                                             10.000000   data arrival time

                      0.000000   81.379997   81.379997   clock clk (rise edge)
                                  0.000000   81.379997   clock network delay (ideal)
                                 -0.250000   81.129997   clock uncertainty
                                  0.000000   81.129997   clock reconvergence pessimism
                                             81.129997 ^ _2072_/CLK (gf180mcu_fd_sc_mcu7t5v0__dffrnq_1)
                                  0.117310   81.247307   library recovery time
                                             81.247307   data required time
---------------------------------------------------------------------------------------------
                                             81.247307   data required time
                                            -10.000000   data arrival time
---------------------------------------------------------------------------------------------
                                             71.247307   slack (MET)


Startpoint: rst (input port clocked by clk)
Endpoint: _2073_ (recovery check against rising-edge clock clk)
Path Group: asynchronous
Path Type: max

Fanout         Cap        Slew       Delay        Time   Description
---------------------------------------------------------------------------------------------
                      0.000000    0.000000    0.000000   clock clk (rise edge)
                                  0.000000    0.000000   clock network delay (ideal)
                                 10.000000   10.000000 ^ input external delay
   220    1.606097    0.000000    0.000000   10.000000 ^ rst (in)
                                                         rst (net)
                      0.000000    0.000000   10.000000 ^ _2073_/RN (gf180mcu_fd_sc_mcu7t5v0__dffrnq_1)
                                             10.000000   data arrival time

                      0.000000   81.379997   81.379997   clock clk (rise edge)
                                  0.000000   81.379997   clock network delay (ideal)
                                 -0.250000   81.129997   clock uncertainty
                                  0.000000   81.129997   clock reconvergence pessimism
                                             81.129997 ^ _2073_/CLK (gf180mcu_fd_sc_mcu7t5v0__dffrnq_1)
                                  0.117310   81.247307   library recovery time
                                             81.247307   data required time
---------------------------------------------------------------------------------------------
                                             81.247307   data required time
                                            -10.000000   data arrival time
---------------------------------------------------------------------------------------------
                                             71.247307   slack (MET)


Startpoint: rst (input port clocked by clk)
Endpoint: _2074_ (recovery check against rising-edge clock clk)
Path Group: asynchronous
Path Type: max

Fanout         Cap        Slew       Delay        Time   Description
---------------------------------------------------------------------------------------------
                      0.000000    0.000000    0.000000   clock clk (rise edge)
                                  0.000000    0.000000   clock network delay (ideal)
                                 10.000000   10.000000 ^ input external delay
   220    1.606097    0.000000    0.000000   10.000000 ^ rst (in)
                                                         rst (net)
                      0.000000    0.000000   10.000000 ^ _2074_/RN (gf180mcu_fd_sc_mcu7t5v0__dffrnq_1)
                                             10.000000   data arrival time

                      0.000000   81.379997   81.379997   clock clk (rise edge)
                                  0.000000   81.379997   clock network delay (ideal)
                                 -0.250000   81.129997   clock uncertainty
                                  0.000000   81.129997   clock reconvergence pessimism
                                             81.129997 ^ _2074_/CLK (gf180mcu_fd_sc_mcu7t5v0__dffrnq_1)
                                  0.117310   81.247307   library recovery time
                                             81.247307   data required time
---------------------------------------------------------------------------------------------
                                             81.247307   data required time
                                            -10.000000   data arrival time
---------------------------------------------------------------------------------------------
                                             71.247307   slack (MET)


Startpoint: rst (input port clocked by clk)
Endpoint: _2075_ (recovery check against rising-edge clock clk)
Path Group: asynchronous
Path Type: max

Fanout         Cap        Slew       Delay        Time   Description
---------------------------------------------------------------------------------------------
                      0.000000    0.000000    0.000000   clock clk (rise edge)
                                  0.000000    0.000000   clock network delay (ideal)
                                 10.000000   10.000000 ^ input external delay
   220    1.606097    0.000000    0.000000   10.000000 ^ rst (in)
                                                         rst (net)
                      0.000000    0.000000   10.000000 ^ _2075_/RN (gf180mcu_fd_sc_mcu7t5v0__dffrnq_1)
                                             10.000000   data arrival time

                      0.000000   81.379997   81.379997   clock clk (rise edge)
                                  0.000000   81.379997   clock network delay (ideal)
                                 -0.250000   81.129997   clock uncertainty
                                  0.000000   81.129997   clock reconvergence pessimism
                                             81.129997 ^ _2075_/CLK (gf180mcu_fd_sc_mcu7t5v0__dffrnq_1)
                                  0.117310   81.247307   library recovery time
                                             81.247307   data required time
---------------------------------------------------------------------------------------------
                                             81.247307   data required time
                                            -10.000000   data arrival time
---------------------------------------------------------------------------------------------
                                             71.247307   slack (MET)


Startpoint: rst (input port clocked by clk)
Endpoint: _2076_ (recovery check against rising-edge clock clk)
Path Group: asynchronous
Path Type: max

Fanout         Cap        Slew       Delay        Time   Description
---------------------------------------------------------------------------------------------
                      0.000000    0.000000    0.000000   clock clk (rise edge)
                                  0.000000    0.000000   clock network delay (ideal)
                                 10.000000   10.000000 ^ input external delay
   220    1.606097    0.000000    0.000000   10.000000 ^ rst (in)
                                                         rst (net)
                      0.000000    0.000000   10.000000 ^ _2076_/RN (gf180mcu_fd_sc_mcu7t5v0__dffrnq_1)
                                             10.000000   data arrival time

                      0.000000   81.379997   81.379997   clock clk (rise edge)
                                  0.000000   81.379997   clock network delay (ideal)
                                 -0.250000   81.129997   clock uncertainty
                                  0.000000   81.129997   clock reconvergence pessimism
                                             81.129997 ^ _2076_/CLK (gf180mcu_fd_sc_mcu7t5v0__dffrnq_1)
                                  0.117310   81.247307   library recovery time
                                             81.247307   data required time
---------------------------------------------------------------------------------------------
                                             81.247307   data required time
                                            -10.000000   data arrival time
---------------------------------------------------------------------------------------------
                                             71.247307   slack (MET)


Startpoint: rst (input port clocked by clk)
Endpoint: _2077_ (recovery check against rising-edge clock clk)
Path Group: asynchronous
Path Type: max

Fanout         Cap        Slew       Delay        Time   Description
---------------------------------------------------------------------------------------------
                      0.000000    0.000000    0.000000   clock clk (rise edge)
                                  0.000000    0.000000   clock network delay (ideal)
                                 10.000000   10.000000 ^ input external delay
   220    1.606097    0.000000    0.000000   10.000000 ^ rst (in)
                                                         rst (net)
                      0.000000    0.000000   10.000000 ^ _2077_/RN (gf180mcu_fd_sc_mcu7t5v0__dffrnq_1)
                                             10.000000   data arrival time

                      0.000000   81.379997   81.379997   clock clk (rise edge)
                                  0.000000   81.379997   clock network delay (ideal)
                                 -0.250000   81.129997   clock uncertainty
                                  0.000000   81.129997   clock reconvergence pessimism
                                             81.129997 ^ _2077_/CLK (gf180mcu_fd_sc_mcu7t5v0__dffrnq_1)
                                  0.117310   81.247307   library recovery time
                                             81.247307   data required time
---------------------------------------------------------------------------------------------
                                             81.247307   data required time
                                            -10.000000   data arrival time
---------------------------------------------------------------------------------------------
                                             71.247307   slack (MET)


Startpoint: rst (input port clocked by clk)
Endpoint: _2078_ (recovery check against rising-edge clock clk)
Path Group: asynchronous
Path Type: max

Fanout         Cap        Slew       Delay        Time   Description
---------------------------------------------------------------------------------------------
                      0.000000    0.000000    0.000000   clock clk (rise edge)
                                  0.000000    0.000000   clock network delay (ideal)
                                 10.000000   10.000000 ^ input external delay
   220    1.606097    0.000000    0.000000   10.000000 ^ rst (in)
                                                         rst (net)
                      0.000000    0.000000   10.000000 ^ _2078_/RN (gf180mcu_fd_sc_mcu7t5v0__dffrnq_1)
                                             10.000000   data arrival time

                      0.000000   81.379997   81.379997   clock clk (rise edge)
                                  0.000000   81.379997   clock network delay (ideal)
                                 -0.250000   81.129997   clock uncertainty
                                  0.000000   81.129997   clock reconvergence pessimism
                                             81.129997 ^ _2078_/CLK (gf180mcu_fd_sc_mcu7t5v0__dffrnq_1)
                                  0.117310   81.247307   library recovery time
                                             81.247307   data required time
---------------------------------------------------------------------------------------------
                                             81.247307   data required time
                                            -10.000000   data arrival time
---------------------------------------------------------------------------------------------
                                             71.247307   slack (MET)


Startpoint: rst (input port clocked by clk)
Endpoint: _2079_ (recovery check against rising-edge clock clk)
Path Group: asynchronous
Path Type: max

Fanout         Cap        Slew       Delay        Time   Description
---------------------------------------------------------------------------------------------
                      0.000000    0.000000    0.000000   clock clk (rise edge)
                                  0.000000    0.000000   clock network delay (ideal)
                                 10.000000   10.000000 ^ input external delay
   220    1.606097    0.000000    0.000000   10.000000 ^ rst (in)
                                                         rst (net)
                      0.000000    0.000000   10.000000 ^ _2079_/RN (gf180mcu_fd_sc_mcu7t5v0__dffrnq_1)
                                             10.000000   data arrival time

                      0.000000   81.379997   81.379997   clock clk (rise edge)
                                  0.000000   81.379997   clock network delay (ideal)
                                 -0.250000   81.129997   clock uncertainty
                                  0.000000   81.129997   clock reconvergence pessimism
                                             81.129997 ^ _2079_/CLK (gf180mcu_fd_sc_mcu7t5v0__dffrnq_1)
                                  0.117310   81.247307   library recovery time
                                             81.247307   data required time
---------------------------------------------------------------------------------------------
                                             81.247307   data required time
                                            -10.000000   data arrival time
---------------------------------------------------------------------------------------------
                                             71.247307   slack (MET)


Startpoint: rst (input port clocked by clk)
Endpoint: _2080_ (recovery check against rising-edge clock clk)
Path Group: asynchronous
Path Type: max

Fanout         Cap        Slew       Delay        Time   Description
---------------------------------------------------------------------------------------------
                      0.000000    0.000000    0.000000   clock clk (rise edge)
                                  0.000000    0.000000   clock network delay (ideal)
                                 10.000000   10.000000 ^ input external delay
   220    1.606097    0.000000    0.000000   10.000000 ^ rst (in)
                                                         rst (net)
                      0.000000    0.000000   10.000000 ^ _2080_/RN (gf180mcu_fd_sc_mcu7t5v0__dffrnq_1)
                                             10.000000   data arrival time

                      0.000000   81.379997   81.379997   clock clk (rise edge)
                                  0.000000   81.379997   clock network delay (ideal)
                                 -0.250000   81.129997   clock uncertainty
                                  0.000000   81.129997   clock reconvergence pessimism
                                             81.129997 ^ _2080_/CLK (gf180mcu_fd_sc_mcu7t5v0__dffrnq_1)
                                  0.117310   81.247307   library recovery time
                                             81.247307   data required time
---------------------------------------------------------------------------------------------
                                             81.247307   data required time
                                            -10.000000   data arrival time
---------------------------------------------------------------------------------------------
                                             71.247307   slack (MET)


Startpoint: rst (input port clocked by clk)
Endpoint: _2081_ (recovery check against rising-edge clock clk)
Path Group: asynchronous
Path Type: max

Fanout         Cap        Slew       Delay        Time   Description
---------------------------------------------------------------------------------------------
                      0.000000    0.000000    0.000000   clock clk (rise edge)
                                  0.000000    0.000000   clock network delay (ideal)
                                 10.000000   10.000000 ^ input external delay
   220    1.606097    0.000000    0.000000   10.000000 ^ rst (in)
                                                         rst (net)
                      0.000000    0.000000   10.000000 ^ _2081_/RN (gf180mcu_fd_sc_mcu7t5v0__dffrnq_1)
                                             10.000000   data arrival time

                      0.000000   81.379997   81.379997   clock clk (rise edge)
                                  0.000000   81.379997   clock network delay (ideal)
                                 -0.250000   81.129997   clock uncertainty
                                  0.000000   81.129997   clock reconvergence pessimism
                                             81.129997 ^ _2081_/CLK (gf180mcu_fd_sc_mcu7t5v0__dffrnq_1)
                                  0.117310   81.247307   library recovery time
                                             81.247307   data required time
---------------------------------------------------------------------------------------------
                                             81.247307   data required time
                                            -10.000000   data arrival time
---------------------------------------------------------------------------------------------
                                             71.247307   slack (MET)


Startpoint: rst (input port clocked by clk)
Endpoint: _2082_ (recovery check against rising-edge clock clk)
Path Group: asynchronous
Path Type: max

Fanout         Cap        Slew       Delay        Time   Description
---------------------------------------------------------------------------------------------
                      0.000000    0.000000    0.000000   clock clk (rise edge)
                                  0.000000    0.000000   clock network delay (ideal)
                                 10.000000   10.000000 ^ input external delay
   220    1.606097    0.000000    0.000000   10.000000 ^ rst (in)
                                                         rst (net)
                      0.000000    0.000000   10.000000 ^ _2082_/RN (gf180mcu_fd_sc_mcu7t5v0__dffrnq_1)
                                             10.000000   data arrival time

                      0.000000   81.379997   81.379997   clock clk (rise edge)
                                  0.000000   81.379997   clock network delay (ideal)
                                 -0.250000   81.129997   clock uncertainty
                                  0.000000   81.129997   clock reconvergence pessimism
                                             81.129997 ^ _2082_/CLK (gf180mcu_fd_sc_mcu7t5v0__dffrnq_1)
                                  0.117310   81.247307   library recovery time
                                             81.247307   data required time
---------------------------------------------------------------------------------------------
                                             81.247307   data required time
                                            -10.000000   data arrival time
---------------------------------------------------------------------------------------------
                                             71.247307   slack (MET)


Startpoint: rst (input port clocked by clk)
Endpoint: _2083_ (recovery check against rising-edge clock clk)
Path Group: asynchronous
Path Type: max

Fanout         Cap        Slew       Delay        Time   Description
---------------------------------------------------------------------------------------------
                      0.000000    0.000000    0.000000   clock clk (rise edge)
                                  0.000000    0.000000   clock network delay (ideal)
                                 10.000000   10.000000 ^ input external delay
   220    1.606097    0.000000    0.000000   10.000000 ^ rst (in)
                                                         rst (net)
                      0.000000    0.000000   10.000000 ^ _2083_/RN (gf180mcu_fd_sc_mcu7t5v0__dffrnq_1)
                                             10.000000   data arrival time

                      0.000000   81.379997   81.379997   clock clk (rise edge)
                                  0.000000   81.379997   clock network delay (ideal)
                                 -0.250000   81.129997   clock uncertainty
                                  0.000000   81.129997   clock reconvergence pessimism
                                             81.129997 ^ _2083_/CLK (gf180mcu_fd_sc_mcu7t5v0__dffrnq_1)
                                  0.117310   81.247307   library recovery time
                                             81.247307   data required time
---------------------------------------------------------------------------------------------
                                             81.247307   data required time
                                            -10.000000   data arrival time
---------------------------------------------------------------------------------------------
                                             71.247307   slack (MET)


Startpoint: rst (input port clocked by clk)
Endpoint: _2084_ (recovery check against rising-edge clock clk)
Path Group: asynchronous
Path Type: max

Fanout         Cap        Slew       Delay        Time   Description
---------------------------------------------------------------------------------------------
                      0.000000    0.000000    0.000000   clock clk (rise edge)
                                  0.000000    0.000000   clock network delay (ideal)
                                 10.000000   10.000000 ^ input external delay
   220    1.606097    0.000000    0.000000   10.000000 ^ rst (in)
                                                         rst (net)
                      0.000000    0.000000   10.000000 ^ _2084_/RN (gf180mcu_fd_sc_mcu7t5v0__dffrnq_1)
                                             10.000000   data arrival time

                      0.000000   81.379997   81.379997   clock clk (rise edge)
                                  0.000000   81.379997   clock network delay (ideal)
                                 -0.250000   81.129997   clock uncertainty
                                  0.000000   81.129997   clock reconvergence pessimism
                                             81.129997 ^ _2084_/CLK (gf180mcu_fd_sc_mcu7t5v0__dffrnq_1)
                                  0.117310   81.247307   library recovery time
                                             81.247307   data required time
---------------------------------------------------------------------------------------------
                                             81.247307   data required time
                                            -10.000000   data arrival time
---------------------------------------------------------------------------------------------
                                             71.247307   slack (MET)


Startpoint: rst (input port clocked by clk)
Endpoint: _2085_ (recovery check against rising-edge clock clk)
Path Group: asynchronous
Path Type: max

Fanout         Cap        Slew       Delay        Time   Description
---------------------------------------------------------------------------------------------
                      0.000000    0.000000    0.000000   clock clk (rise edge)
                                  0.000000    0.000000   clock network delay (ideal)
                                 10.000000   10.000000 ^ input external delay
   220    1.606097    0.000000    0.000000   10.000000 ^ rst (in)
                                                         rst (net)
                      0.000000    0.000000   10.000000 ^ _2085_/RN (gf180mcu_fd_sc_mcu7t5v0__dffrnq_1)
                                             10.000000   data arrival time

                      0.000000   81.379997   81.379997   clock clk (rise edge)
                                  0.000000   81.379997   clock network delay (ideal)
                                 -0.250000   81.129997   clock uncertainty
                                  0.000000   81.129997   clock reconvergence pessimism
                                             81.129997 ^ _2085_/CLK (gf180mcu_fd_sc_mcu7t5v0__dffrnq_1)
                                  0.117310   81.247307   library recovery time
                                             81.247307   data required time
---------------------------------------------------------------------------------------------
                                             81.247307   data required time
                                            -10.000000   data arrival time
---------------------------------------------------------------------------------------------
                                             71.247307   slack (MET)


Startpoint: rst (input port clocked by clk)
Endpoint: _2086_ (recovery check against rising-edge clock clk)
Path Group: asynchronous
Path Type: max

Fanout         Cap        Slew       Delay        Time   Description
---------------------------------------------------------------------------------------------
                      0.000000    0.000000    0.000000   clock clk (rise edge)
                                  0.000000    0.000000   clock network delay (ideal)
                                 10.000000   10.000000 ^ input external delay
   220    1.606097    0.000000    0.000000   10.000000 ^ rst (in)
                                                         rst (net)
                      0.000000    0.000000   10.000000 ^ _2086_/RN (gf180mcu_fd_sc_mcu7t5v0__dffrnq_1)
                                             10.000000   data arrival time

                      0.000000   81.379997   81.379997   clock clk (rise edge)
                                  0.000000   81.379997   clock network delay (ideal)
                                 -0.250000   81.129997   clock uncertainty
                                  0.000000   81.129997   clock reconvergence pessimism
                                             81.129997 ^ _2086_/CLK (gf180mcu_fd_sc_mcu7t5v0__dffrnq_1)
                                  0.117310   81.247307   library recovery time
                                             81.247307   data required time
---------------------------------------------------------------------------------------------
                                             81.247307   data required time
                                            -10.000000   data arrival time
---------------------------------------------------------------------------------------------
                                             71.247307   slack (MET)


Startpoint: rst (input port clocked by clk)
Endpoint: _2087_ (recovery check against rising-edge clock clk)
Path Group: asynchronous
Path Type: max

Fanout         Cap        Slew       Delay        Time   Description
---------------------------------------------------------------------------------------------
                      0.000000    0.000000    0.000000   clock clk (rise edge)
                                  0.000000    0.000000   clock network delay (ideal)
                                 10.000000   10.000000 ^ input external delay
   220    1.606097    0.000000    0.000000   10.000000 ^ rst (in)
                                                         rst (net)
                      0.000000    0.000000   10.000000 ^ _2087_/RN (gf180mcu_fd_sc_mcu7t5v0__dffrnq_1)
                                             10.000000   data arrival time

                      0.000000   81.379997   81.379997   clock clk (rise edge)
                                  0.000000   81.379997   clock network delay (ideal)
                                 -0.250000   81.129997   clock uncertainty
                                  0.000000   81.129997   clock reconvergence pessimism
                                             81.129997 ^ _2087_/CLK (gf180mcu_fd_sc_mcu7t5v0__dffrnq_1)
                                  0.117310   81.247307   library recovery time
                                             81.247307   data required time
---------------------------------------------------------------------------------------------
                                             81.247307   data required time
                                            -10.000000   data arrival time
---------------------------------------------------------------------------------------------
                                             71.247307   slack (MET)


Startpoint: _2087_ (rising edge-triggered flip-flop clocked by clk)
Endpoint: _2087_ (rising edge-triggered flip-flop clocked by clk)
Path Group: clk
Path Type: max

Fanout         Cap        Slew       Delay        Time   Description
---------------------------------------------------------------------------------------------
                      0.000000    0.000000    0.000000   clock clk (rise edge)
                                  0.000000    0.000000   clock network delay (ideal)
                      0.000000    0.000000    0.000000 ^ _2087_/CLK (gf180mcu_fd_sc_mcu7t5v0__dffrnq_1)
   138    0.462431    5.121557    3.415224    3.415224 ^ _2087_/Q (gf180mcu_fd_sc_mcu7t5v0__dffrnq_1)
                                                         u_clock_div.counter[7] (net)
                      5.121557    0.000000    3.415224 ^ _1002_/I (gf180mcu_fd_sc_mcu7t5v0__clkinv_1)
     1    0.007442    0.814740    0.241481    3.656705 v _1002_/ZN (gf180mcu_fd_sc_mcu7t5v0__clkinv_1)
                                                         clk_div (net)
                      0.814740    0.000000    3.656705 v _1112_/A1 (gf180mcu_fd_sc_mcu7t5v0__xor2_1)
     1    0.003038    0.168288    0.456701    4.113406 v _1112_/Z (gf180mcu_fd_sc_mcu7t5v0__xor2_1)
                                                         _0144_ (net)
                      0.168288    0.000000    4.113406 v _2087_/D (gf180mcu_fd_sc_mcu7t5v0__dffrnq_1)
                                              4.113406   data arrival time

                      0.000000   81.379997   81.379997   clock clk (rise edge)
                                  0.000000   81.379997   clock network delay (ideal)
                                 -0.250000   81.129997   clock uncertainty
                                  0.000000   81.129997   clock reconvergence pessimism
                                             81.129997 ^ _2087_/CLK (gf180mcu_fd_sc_mcu7t5v0__dffrnq_1)
                                 -0.127964   81.002037   library setup time
                                             81.002037   data required time
---------------------------------------------------------------------------------------------
                                             81.002037   data required time
                                             -4.113406   data arrival time
---------------------------------------------------------------------------------------------
                                             76.888634   slack (MET)


Startpoint: _2087_ (rising edge-triggered flip-flop clocked by clk)
Endpoint: _2087_ (rising edge-triggered flip-flop clocked by clk_div)
Path Group: clk_div
Path Type: max

Fanout         Cap        Slew       Delay        Time   Description
---------------------------------------------------------------------------------------------
                      0.000000 20751.898438 20751.898438   clock clk (rise edge)
                                  0.000000 20751.898438   clock network delay (ideal)
                      0.000000    0.000000 20751.898438 ^ _2087_/CLK (gf180mcu_fd_sc_mcu7t5v0__dffrnq_1)
   138    0.462431    5.121557    3.416062 20755.314453 ^ _2087_/Q (gf180mcu_fd_sc_mcu7t5v0__dffrnq_1)
                                                         u_clock_div.counter[7] (net)
                      5.121557    0.000000 20755.314453 ^ _1002_/I (gf180mcu_fd_sc_mcu7t5v0__clkinv_1)
     1    0.007442    0.814740    0.240107 20755.554688 v _1002_/ZN (gf180mcu_fd_sc_mcu7t5v0__clkinv_1)
                                                         clk_div (net)
                      0.814740    0.000000 20755.554688 v _1112_/A1 (gf180mcu_fd_sc_mcu7t5v0__xor2_1)
     1    0.003038    0.168288    0.456566 20756.011719 v _1112_/Z (gf180mcu_fd_sc_mcu7t5v0__xor2_1)
                                                         _0144_ (net)
                      0.168288    0.000000 20756.011719 v _2087_/D (gf180mcu_fd_sc_mcu7t5v0__dffrnq_1)
                                           20756.011719   data arrival time

                      0.000000 20833.279297 20833.279297   clock clk_div (rise edge)
                                  0.000000 20833.279297   clock network delay (ideal)
                                 -0.250000 20833.029297   clock uncertainty
                                  0.000000 20833.029297   clock reconvergence pessimism
                                           20833.029297 ^ _2087_/CLK (gf180mcu_fd_sc_mcu7t5v0__dffrnq_1)
                                 -0.127964 20832.900391   library setup time
                                           20832.900391   data required time
---------------------------------------------------------------------------------------------
                                           20832.900391   data required time
                                           -20756.011719   data arrival time
---------------------------------------------------------------------------------------------
                                             76.888634   slack (MET)


Startpoint: _2005_ (rising edge-triggered flip-flop clocked by clk)
Endpoint: _2029_ (rising edge-triggered flip-flop clocked by clk)
Path Group: clk
Path Type: max

Fanout         Cap        Slew       Delay        Time   Description
---------------------------------------------------------------------------------------------
                      0.000000    0.000000    0.000000   clock clk (rise edge)
                                  0.000000    0.000000   clock network delay (ideal)
                      0.000000    0.000000    0.000000 ^ _2005_/CLK (gf180mcu_fd_sc_mcu7t5v0__dffrnq_1)
     7    0.035694    0.430621    0.721343    0.721343 ^ _2005_/Q (gf180mcu_fd_sc_mcu7t5v0__dffrnq_1)
                                                         out_cas_int[0] (net)
                      0.430621    0.000000    0.721343 ^ _1119_/C (gf180mcu_fd_sc_mcu7t5v0__oai211_1)
     2    0.008943    0.266087    0.185782    0.907126 v _1119_/ZN (gf180mcu_fd_sc_mcu7t5v0__oai211_1)
                                                         _0559_ (net)
                      0.266087    0.000000    0.907126 v _1121_/A2 (gf180mcu_fd_sc_mcu7t5v0__aoi211_1)
     2    0.007624    0.408386    0.277957    1.185083 ^ _1121_/ZN (gf180mcu_fd_sc_mcu7t5v0__aoi211_1)
                                                         _0561_ (net)
                      0.408386    0.000000    1.185083 ^ _1142_/A1 (gf180mcu_fd_sc_mcu7t5v0__oai211_1)
     2    0.007593    0.225858    0.154260    1.339343 v _1142_/ZN (gf180mcu_fd_sc_mcu7t5v0__oai211_1)
                                                         _0578_ (net)
                      0.225858    0.000000    1.339343 v _1155_/A1 (gf180mcu_fd_sc_mcu7t5v0__aoi21_1)
     4    0.021821    0.530055    0.332954    1.672297 ^ _1155_/ZN (gf180mcu_fd_sc_mcu7t5v0__aoi21_1)
                                                         _0589_ (net)
                      0.530055    0.000000    1.672297 ^ _1217_/A1 (gf180mcu_fd_sc_mcu7t5v0__aoi21_1)
     4    0.020000    0.312602    0.213298    1.885595 v _1217_/ZN (gf180mcu_fd_sc_mcu7t5v0__aoi21_1)
                                                         _0643_ (net)
                      0.312602    0.000000    1.885595 v _1242_/A1 (gf180mcu_fd_sc_mcu7t5v0__oai21_1)
     3    0.017087    0.409832    0.316638    2.202233 ^ _1242_/ZN (gf180mcu_fd_sc_mcu7t5v0__oai21_1)
                                                         _0664_ (net)
                      0.409832    0.000000    2.202233 ^ _1254_/A1 (gf180mcu_fd_sc_mcu7t5v0__aoi21_1)
     5    0.026905    0.364712    0.248470    2.450703 v _1254_/ZN (gf180mcu_fd_sc_mcu7t5v0__aoi21_1)
                                                         _0674_ (net)
                      0.364712    0.000000    2.450703 v _1269_/A1 (gf180mcu_fd_sc_mcu7t5v0__oai21_1)
     1    0.004734    0.212830    0.205788    2.656491 ^ _1269_/ZN (gf180mcu_fd_sc_mcu7t5v0__oai21_1)
                                                         _0687_ (net)
                      0.212830    0.000000    2.656491 ^ _1272_/A1 (gf180mcu_fd_sc_mcu7t5v0__nand2_1)
     1    0.004734    0.110575    0.082016    2.738506 v _1272_/ZN (gf180mcu_fd_sc_mcu7t5v0__nand2_1)
                                                         _0690_ (net)
                      0.110575    0.000000    2.738506 v _1274_/A1 (gf180mcu_fd_sc_mcu7t5v0__nand2_1)
     1    0.003038    0.128983    0.079582    2.818088 ^ _1274_/ZN (gf180mcu_fd_sc_mcu7t5v0__nand2_1)
                                                         _0128_ (net)
                      0.128983    0.000000    2.818088 ^ _2029_/D (gf180mcu_fd_sc_mcu7t5v0__dffrnq_1)
                                              2.818088   data arrival time

                      0.000000   81.379997   81.379997   clock clk (rise edge)
                                  0.000000   81.379997   clock network delay (ideal)
                                 -0.250000   81.129997   clock uncertainty
                                  0.000000   81.129997   clock reconvergence pessimism
                                             81.129997 ^ _2029_/CLK (gf180mcu_fd_sc_mcu7t5v0__dffrnq_1)
                                 -0.203147   80.926857   library setup time
                                             80.926857   data required time
---------------------------------------------------------------------------------------------
                                             80.926857   data required time
                                             -2.818088   data arrival time
---------------------------------------------------------------------------------------------
                                             78.108765   slack (MET)


Startpoint: _2005_ (rising edge-triggered flip-flop clocked by clk)
Endpoint: _2029_ (rising edge-triggered flip-flop clocked by clk_div)
Path Group: clk_div
Path Type: max

Fanout         Cap        Slew       Delay        Time   Description
---------------------------------------------------------------------------------------------
                      0.000000 20751.898438 20751.898438   clock clk (rise edge)
                                  0.000000 20751.898438   clock network delay (ideal)
                      0.000000    0.000000 20751.898438 ^ _2005_/CLK (gf180mcu_fd_sc_mcu7t5v0__dffrnq_1)
     7    0.035694    0.430621    0.722139 20752.621094 ^ _2005_/Q (gf180mcu_fd_sc_mcu7t5v0__dffrnq_1)
                                                         out_cas_int[0] (net)
                      0.430621    0.000000 20752.621094 ^ _1119_/C (gf180mcu_fd_sc_mcu7t5v0__oai211_1)
     2    0.008943    0.266087    0.185537 20752.806641 v _1119_/ZN (gf180mcu_fd_sc_mcu7t5v0__oai211_1)
                                                         _0559_ (net)
                      0.266087    0.000000 20752.806641 v _1121_/A2 (gf180mcu_fd_sc_mcu7t5v0__aoi211_1)
     2    0.007624    0.408386    0.278305 20753.085938 ^ _1121_/ZN (gf180mcu_fd_sc_mcu7t5v0__aoi211_1)
                                                         _0561_ (net)
                      0.408386    0.000000 20753.085938 ^ _1142_/A1 (gf180mcu_fd_sc_mcu7t5v0__oai211_1)
     2    0.007593    0.225858    0.152795 20753.238281 v _1142_/ZN (gf180mcu_fd_sc_mcu7t5v0__oai211_1)
                                                         _0578_ (net)
                      0.225858    0.000000 20753.238281 v _1155_/A1 (gf180mcu_fd_sc_mcu7t5v0__aoi21_1)
     4    0.021821    0.530055    0.332875 20753.570312 ^ _1155_/ZN (gf180mcu_fd_sc_mcu7t5v0__aoi21_1)
                                                         _0589_ (net)
                      0.530055    0.000000 20753.570312 ^ _1217_/A1 (gf180mcu_fd_sc_mcu7t5v0__aoi21_1)
     4    0.020000    0.312602    0.214641 20753.785156 v _1217_/ZN (gf180mcu_fd_sc_mcu7t5v0__aoi21_1)
                                                         _0643_ (net)
                      0.312602    0.000000 20753.785156 v _1242_/A1 (gf180mcu_fd_sc_mcu7t5v0__oai21_1)
     3    0.017087    0.409832    0.316504 20754.101562 ^ _1242_/ZN (gf180mcu_fd_sc_mcu7t5v0__oai21_1)
                                                         _0664_ (net)
                      0.409832    0.000000 20754.101562 ^ _1254_/A1 (gf180mcu_fd_sc_mcu7t5v0__aoi21_1)
     5    0.026905    0.364712    0.247383 20754.349609 v _1254_/ZN (gf180mcu_fd_sc_mcu7t5v0__aoi21_1)
                                                         _0674_ (net)
                      0.364712    0.000000 20754.349609 v _1269_/A1 (gf180mcu_fd_sc_mcu7t5v0__oai21_1)
     1    0.004734    0.212830    0.205546 20754.554688 ^ _1269_/ZN (gf180mcu_fd_sc_mcu7t5v0__oai21_1)
                                                         _0687_ (net)
                      0.212830    0.000000 20754.554688 ^ _1272_/A1 (gf180mcu_fd_sc_mcu7t5v0__nand2_1)
     1    0.004734    0.110575    0.083674 20754.638672 v _1272_/ZN (gf180mcu_fd_sc_mcu7t5v0__nand2_1)
                                                         _0690_ (net)
                      0.110575    0.000000 20754.638672 v _1274_/A1 (gf180mcu_fd_sc_mcu7t5v0__nand2_1)
     1    0.003038    0.128983    0.078217 20754.716797 ^ _1274_/ZN (gf180mcu_fd_sc_mcu7t5v0__nand2_1)
                                                         _0128_ (net)
                      0.128983    0.000000 20754.716797 ^ _2029_/D (gf180mcu_fd_sc_mcu7t5v0__dffrnq_1)
                                           20754.716797   data arrival time

                      0.000000 20833.279297 20833.279297   clock clk_div (rise edge)
                                  0.000000 20833.279297   clock network delay (ideal)
                                 -0.250000 20833.029297   clock uncertainty
                                  0.000000 20833.029297   clock reconvergence pessimism
                                           20833.029297 ^ _2029_/CLK (gf180mcu_fd_sc_mcu7t5v0__dffrnq_1)
                                 -0.203147 20832.826172   library setup time
                                           20832.826172   data required time
---------------------------------------------------------------------------------------------
                                           20832.826172   data required time
                                           -20754.716797   data arrival time
---------------------------------------------------------------------------------------------
                                             78.108765   slack (MET)


Startpoint: _2005_ (rising edge-triggered flip-flop clocked by clk)
Endpoint: _2028_ (rising edge-triggered flip-flop clocked by clk)
Path Group: clk
Path Type: max

Fanout         Cap        Slew       Delay        Time   Description
---------------------------------------------------------------------------------------------
                      0.000000    0.000000    0.000000   clock clk (rise edge)
                                  0.000000    0.000000   clock network delay (ideal)
                      0.000000    0.000000    0.000000 ^ _2005_/CLK (gf180mcu_fd_sc_mcu7t5v0__dffrnq_1)
     7    0.035694    0.430621    0.721343    0.721343 ^ _2005_/Q (gf180mcu_fd_sc_mcu7t5v0__dffrnq_1)
                                                         out_cas_int[0] (net)
                      0.430621    0.000000    0.721343 ^ _1119_/C (gf180mcu_fd_sc_mcu7t5v0__oai211_1)
     2    0.008943    0.266087    0.185782    0.907126 v _1119_/ZN (gf180mcu_fd_sc_mcu7t5v0__oai211_1)
                                                         _0559_ (net)
                      0.266087    0.000000    0.907126 v _1121_/A2 (gf180mcu_fd_sc_mcu7t5v0__aoi211_1)
     2    0.007624    0.408386    0.277957    1.185083 ^ _1121_/ZN (gf180mcu_fd_sc_mcu7t5v0__aoi211_1)
                                                         _0561_ (net)
                      0.408386    0.000000    1.185083 ^ _1142_/A1 (gf180mcu_fd_sc_mcu7t5v0__oai211_1)
     2    0.007593    0.225858    0.154260    1.339343 v _1142_/ZN (gf180mcu_fd_sc_mcu7t5v0__oai211_1)
                                                         _0578_ (net)
                      0.225858    0.000000    1.339343 v _1155_/A1 (gf180mcu_fd_sc_mcu7t5v0__aoi21_1)
     4    0.021821    0.530055    0.332954    1.672297 ^ _1155_/ZN (gf180mcu_fd_sc_mcu7t5v0__aoi21_1)
                                                         _0589_ (net)
                      0.530055    0.000000    1.672297 ^ _1217_/A1 (gf180mcu_fd_sc_mcu7t5v0__aoi21_1)
     4    0.020000    0.312602    0.213298    1.885595 v _1217_/ZN (gf180mcu_fd_sc_mcu7t5v0__aoi21_1)
                                                         _0643_ (net)
                      0.312602    0.000000    1.885595 v _1242_/A1 (gf180mcu_fd_sc_mcu7t5v0__oai21_1)
     3    0.017087    0.409832    0.316638    2.202233 ^ _1242_/ZN (gf180mcu_fd_sc_mcu7t5v0__oai21_1)
                                                         _0664_ (net)
                      0.409832    0.000000    2.202233 ^ _1254_/A1 (gf180mcu_fd_sc_mcu7t5v0__aoi21_1)
     5    0.026905    0.364712    0.248470    2.450703 v _1254_/ZN (gf180mcu_fd_sc_mcu7t5v0__aoi21_1)
                                                         _0674_ (net)
                      0.364712    0.000000    2.450703 v _1262_/A1 (gf180mcu_fd_sc_mcu7t5v0__oai21_1)
     1    0.004486    0.209629    0.202873    2.653576 ^ _1262_/ZN (gf180mcu_fd_sc_mcu7t5v0__oai21_1)
                                                         _0681_ (net)
                      0.209629    0.000000    2.653576 ^ _1263_/A2 (gf180mcu_fd_sc_mcu7t5v0__nand2_1)
     1    0.004734    0.113469    0.075428    2.729004 v _1263_/ZN (gf180mcu_fd_sc_mcu7t5v0__nand2_1)
                                                         _0682_ (net)
                      0.113469    0.000000    2.729004 v _1265_/A1 (gf180mcu_fd_sc_mcu7t5v0__nand2_1)
     1    0.003038    0.128983    0.080301    2.809304 ^ _1265_/ZN (gf180mcu_fd_sc_mcu7t5v0__nand2_1)
                                                         _0127_ (net)
                      0.128983    0.000000    2.809304 ^ _2028_/D (gf180mcu_fd_sc_mcu7t5v0__dffrnq_1)
                                              2.809304   data arrival time

                      0.000000   81.379997   81.379997   clock clk (rise edge)
                                  0.000000   81.379997   clock network delay (ideal)
                                 -0.250000   81.129997   clock uncertainty
                                  0.000000   81.129997   clock reconvergence pessimism
                                             81.129997 ^ _2028_/CLK (gf180mcu_fd_sc_mcu7t5v0__dffrnq_1)
                                 -0.203147   80.926857   library setup time
                                             80.926857   data required time
---------------------------------------------------------------------------------------------
                                             80.926857   data required time
                                             -2.809304   data arrival time
---------------------------------------------------------------------------------------------
                                             78.117554   slack (MET)


Startpoint: _2005_ (rising edge-triggered flip-flop clocked by clk)
Endpoint: _2028_ (rising edge-triggered flip-flop clocked by clk_div)
Path Group: clk_div
Path Type: max

Fanout         Cap        Slew       Delay        Time   Description
---------------------------------------------------------------------------------------------
                      0.000000 20751.898438 20751.898438   clock clk (rise edge)
                                  0.000000 20751.898438   clock network delay (ideal)
                      0.000000    0.000000 20751.898438 ^ _2005_/CLK (gf180mcu_fd_sc_mcu7t5v0__dffrnq_1)
     7    0.035694    0.430621    0.722139 20752.621094 ^ _2005_/Q (gf180mcu_fd_sc_mcu7t5v0__dffrnq_1)
                                                         out_cas_int[0] (net)
                      0.430621    0.000000 20752.621094 ^ _1119_/C (gf180mcu_fd_sc_mcu7t5v0__oai211_1)
     2    0.008943    0.266087    0.185537 20752.806641 v _1119_/ZN (gf180mcu_fd_sc_mcu7t5v0__oai211_1)
                                                         _0559_ (net)
                      0.266087    0.000000 20752.806641 v _1121_/A2 (gf180mcu_fd_sc_mcu7t5v0__aoi211_1)
     2    0.007624    0.408386    0.278305 20753.085938 ^ _1121_/ZN (gf180mcu_fd_sc_mcu7t5v0__aoi211_1)
                                                         _0561_ (net)
                      0.408386    0.000000 20753.085938 ^ _1142_/A1 (gf180mcu_fd_sc_mcu7t5v0__oai211_1)
     2    0.007593    0.225858    0.152795 20753.238281 v _1142_/ZN (gf180mcu_fd_sc_mcu7t5v0__oai211_1)
                                                         _0578_ (net)
                      0.225858    0.000000 20753.238281 v _1155_/A1 (gf180mcu_fd_sc_mcu7t5v0__aoi21_1)
     4    0.021821    0.530055    0.332875 20753.570312 ^ _1155_/ZN (gf180mcu_fd_sc_mcu7t5v0__aoi21_1)
                                                         _0589_ (net)
                      0.530055    0.000000 20753.570312 ^ _1217_/A1 (gf180mcu_fd_sc_mcu7t5v0__aoi21_1)
     4    0.020000    0.312602    0.214641 20753.785156 v _1217_/ZN (gf180mcu_fd_sc_mcu7t5v0__aoi21_1)
                                                         _0643_ (net)
                      0.312602    0.000000 20753.785156 v _1242_/A1 (gf180mcu_fd_sc_mcu7t5v0__oai21_1)
     3    0.017087    0.409832    0.316504 20754.101562 ^ _1242_/ZN (gf180mcu_fd_sc_mcu7t5v0__oai21_1)
                                                         _0664_ (net)
                      0.409832    0.000000 20754.101562 ^ _1254_/A1 (gf180mcu_fd_sc_mcu7t5v0__aoi21_1)
     5    0.026905    0.364712    0.247383 20754.349609 v _1254_/ZN (gf180mcu_fd_sc_mcu7t5v0__aoi21_1)
                                                         _0674_ (net)
                      0.364712    0.000000 20754.349609 v _1262_/A1 (gf180mcu_fd_sc_mcu7t5v0__oai21_1)
     1    0.004486    0.209629    0.203727 20754.552734 ^ _1262_/ZN (gf180mcu_fd_sc_mcu7t5v0__oai21_1)
                                                         _0681_ (net)
                      0.209629    0.000000 20754.552734 ^ _1263_/A2 (gf180mcu_fd_sc_mcu7t5v0__nand2_1)
     1    0.004734    0.113469    0.074579 20754.626953 v _1263_/ZN (gf180mcu_fd_sc_mcu7t5v0__nand2_1)
                                                         _0682_ (net)
                      0.113469    0.000000 20754.626953 v _1265_/A1 (gf180mcu_fd_sc_mcu7t5v0__nand2_1)
     1    0.003038    0.128983    0.080036 20754.707031 ^ _1265_/ZN (gf180mcu_fd_sc_mcu7t5v0__nand2_1)
                                                         _0127_ (net)
                      0.128983    0.000000 20754.707031 ^ _2028_/D (gf180mcu_fd_sc_mcu7t5v0__dffrnq_1)
                                           20754.707031   data arrival time

                      0.000000 20833.279297 20833.279297   clock clk_div (rise edge)
                                  0.000000 20833.279297   clock network delay (ideal)
                                 -0.250000 20833.029297   clock uncertainty
                                  0.000000 20833.029297   clock reconvergence pessimism
                                           20833.029297 ^ _2028_/CLK (gf180mcu_fd_sc_mcu7t5v0__dffrnq_1)
                                 -0.203147 20832.826172   library setup time
                                           20832.826172   data required time
---------------------------------------------------------------------------------------------
                                           20832.826172   data required time
                                           -20754.707031   data arrival time
---------------------------------------------------------------------------------------------
                                             78.117554   slack (MET)


Startpoint: _2034_ (rising edge-triggered flip-flop clocked by clk)
Endpoint: _2027_ (rising edge-triggered flip-flop clocked by clk)
Path Group: clk
Path Type: max

Fanout         Cap        Slew       Delay        Time   Description
---------------------------------------------------------------------------------------------
                      0.000000    0.000000    0.000000   clock clk (rise edge)
                                  0.000000    0.000000   clock network delay (ideal)
                      0.000000    0.000000    0.000000 ^ _2034_/CLK (gf180mcu_fd_sc_mcu7t5v0__dffrnq_1)
    11    0.044753    0.529443    0.778029    0.778029 ^ _2034_/Q (gf180mcu_fd_sc_mcu7t5v0__dffrnq_1)
                                                         u_cas_int.out_int2[4] (net)
                      0.529443    0.000000    0.778029 ^ _1128_/A1 (gf180mcu_fd_sc_mcu7t5v0__and2_1)
     2    0.008806    0.145443    0.258391    1.036420 ^ _1128_/Z (gf180mcu_fd_sc_mcu7t5v0__and2_1)
                                                         _0566_ (net)
                      0.145443    0.000000    1.036420 ^ _1141_/A3 (gf180mcu_fd_sc_mcu7t5v0__nor3_1)
     1    0.004489    0.146539    0.114762    1.151182 v _1141_/ZN (gf180mcu_fd_sc_mcu7t5v0__nor3_1)
                                                         _0577_ (net)
                      0.146539    0.000000    1.151182 v _1142_/B (gf180mcu_fd_sc_mcu7t5v0__oai211_1)
     2    0.007593    0.310867    0.200662    1.351844 ^ _1142_/ZN (gf180mcu_fd_sc_mcu7t5v0__oai211_1)
                                                         _0578_ (net)
                      0.310867    0.000000    1.351844 ^ _1155_/A1 (gf180mcu_fd_sc_mcu7t5v0__aoi21_1)
     4    0.021821    0.315477    0.203942    1.555786 v _1155_/ZN (gf180mcu_fd_sc_mcu7t5v0__aoi21_1)
                                                         _0589_ (net)
                      0.315477    0.000000    1.555786 v _1217_/A1 (gf180mcu_fd_sc_mcu7t5v0__aoi21_1)
     4    0.020000    0.495765    0.341636    1.897422 ^ _1217_/ZN (gf180mcu_fd_sc_mcu7t5v0__aoi21_1)
                                                         _0643_ (net)
                      0.495765    0.000000    1.897422 ^ _1242_/A1 (gf180mcu_fd_sc_mcu7t5v0__oai21_1)
     3    0.017087    0.283835    0.190615    2.088037 v _1242_/ZN (gf180mcu_fd_sc_mcu7t5v0__oai21_1)
                                                         _0664_ (net)
                      0.283835    0.000000    2.088037 v _1254_/A1 (gf180mcu_fd_sc_mcu7t5v0__aoi21_1)
     5    0.026905    0.625677    0.402631    2.490668 ^ _1254_/ZN (gf180mcu_fd_sc_mcu7t5v0__aoi21_1)
                                                         _0674_ (net)
                      0.625677    0.000000    2.490668 ^ _1258_/A3 (gf180mcu_fd_sc_mcu7t5v0__xor3_1)
     1    0.003038    0.192352    0.241289    2.731957 ^ _1258_/Z (gf180mcu_fd_sc_mcu7t5v0__xor3_1)
                                                         _0126_ (net)
                      0.192352    0.000000    2.731957 ^ _2027_/D (gf180mcu_fd_sc_mcu7t5v0__dffrnq_1)
                                              2.731957   data arrival time

                      0.000000   81.379997   81.379997   clock clk (rise edge)
                                  0.000000   81.379997   clock network delay (ideal)
                                 -0.250000   81.129997   clock uncertainty
                                  0.000000   81.129997   clock reconvergence pessimism
                                             81.129997 ^ _2027_/CLK (gf180mcu_fd_sc_mcu7t5v0__dffrnq_1)
                                 -0.218767   80.911232   library setup time
                                             80.911232   data required time
---------------------------------------------------------------------------------------------
                                             80.911232   data required time
                                             -2.731957   data arrival time
---------------------------------------------------------------------------------------------
                                             78.179268   slack (MET)


Startpoint: _2034_ (rising edge-triggered flip-flop clocked by clk)
Endpoint: _2027_ (rising edge-triggered flip-flop clocked by clk_div)
Path Group: clk_div
Path Type: max

Fanout         Cap        Slew       Delay        Time   Description
---------------------------------------------------------------------------------------------
                      0.000000 20751.898438 20751.898438   clock clk (rise edge)
                                  0.000000 20751.898438   clock network delay (ideal)
                      0.000000    0.000000 20751.898438 ^ _2034_/CLK (gf180mcu_fd_sc_mcu7t5v0__dffrnq_1)
    11    0.044753    0.529443    0.778527 20752.677734 ^ _2034_/Q (gf180mcu_fd_sc_mcu7t5v0__dffrnq_1)
                                                         u_cas_int.out_int2[4] (net)
                      0.529443    0.000000 20752.677734 ^ _1128_/A1 (gf180mcu_fd_sc_mcu7t5v0__and2_1)
     2    0.008806    0.145443    0.258296 20752.935547 ^ _1128_/Z (gf180mcu_fd_sc_mcu7t5v0__and2_1)
                                                         _0566_ (net)
                      0.145443    0.000000 20752.935547 ^ _1141_/A3 (gf180mcu_fd_sc_mcu7t5v0__nor3_1)
     1    0.004489    0.146539    0.114596 20753.050781 v _1141_/ZN (gf180mcu_fd_sc_mcu7t5v0__nor3_1)
                                                         _0577_ (net)
                      0.146539    0.000000 20753.050781 v _1142_/B (gf180mcu_fd_sc_mcu7t5v0__oai211_1)
     2    0.007593    0.310867    0.200089 20753.250000 ^ _1142_/ZN (gf180mcu_fd_sc_mcu7t5v0__oai211_1)
                                                         _0578_ (net)
                      0.310867    0.000000 20753.250000 ^ _1155_/A1 (gf180mcu_fd_sc_mcu7t5v0__aoi21_1)
     4    0.021821    0.315477    0.203727 20753.455078 v _1155_/ZN (gf180mcu_fd_sc_mcu7t5v0__aoi21_1)
                                                         _0589_ (net)
                      0.315477    0.000000 20753.455078 v _1217_/A1 (gf180mcu_fd_sc_mcu7t5v0__aoi21_1)
     4    0.020000    0.495765    0.341970 20753.796875 ^ _1217_/ZN (gf180mcu_fd_sc_mcu7t5v0__aoi21_1)
                                                         _0643_ (net)
                      0.495765    0.000000 20753.796875 ^ _1242_/A1 (gf180mcu_fd_sc_mcu7t5v0__oai21_1)
     3    0.017087    0.283835    0.190994 20753.988281 v _1242_/ZN (gf180mcu_fd_sc_mcu7t5v0__oai21_1)
                                                         _0664_ (net)
                      0.283835    0.000000 20753.988281 v _1254_/A1 (gf180mcu_fd_sc_mcu7t5v0__aoi21_1)
     5    0.026905    0.625677    0.401997 20754.388672 ^ _1254_/ZN (gf180mcu_fd_sc_mcu7t5v0__aoi21_1)
                                                         _0674_ (net)
                      0.625677    0.000000 20754.388672 ^ _1258_/A3 (gf180mcu_fd_sc_mcu7t5v0__xor3_1)
     1    0.003038    0.192352    0.241926 20754.630859 ^ _1258_/Z (gf180mcu_fd_sc_mcu7t5v0__xor3_1)
                                                         _0126_ (net)
                      0.192352    0.000000 20754.630859 ^ _2027_/D (gf180mcu_fd_sc_mcu7t5v0__dffrnq_1)
                                           20754.630859   data arrival time

                      0.000000 20833.279297 20833.279297   clock clk_div (rise edge)
                                  0.000000 20833.279297   clock network delay (ideal)
                                 -0.250000 20833.029297   clock uncertainty
                                  0.000000 20833.029297   clock reconvergence pessimism
                                           20833.029297 ^ _2027_/CLK (gf180mcu_fd_sc_mcu7t5v0__dffrnq_1)
                                 -0.218767 20832.810547   library setup time
                                           20832.810547   data required time
---------------------------------------------------------------------------------------------
                                           20832.810547   data required time
                                           -20754.630859   data arrival time
---------------------------------------------------------------------------------------------
                                             78.179268   slack (MET)


Startpoint: _2005_ (rising edge-triggered flip-flop clocked by clk)
Endpoint: _2020_ (rising edge-triggered flip-flop clocked by clk)
Path Group: clk
Path Type: max

Fanout         Cap        Slew       Delay        Time   Description
---------------------------------------------------------------------------------------------
                      0.000000    0.000000    0.000000   clock clk (rise edge)
                                  0.000000    0.000000   clock network delay (ideal)
                      0.000000    0.000000    0.000000 ^ _2005_/CLK (gf180mcu_fd_sc_mcu7t5v0__dffrnq_1)
     7    0.035694    0.430621    0.721343    0.721343 ^ _2005_/Q (gf180mcu_fd_sc_mcu7t5v0__dffrnq_1)
                                                         out_cas_int[0] (net)
                      0.430621    0.000000    0.721343 ^ _1119_/C (gf180mcu_fd_sc_mcu7t5v0__oai211_1)
     2    0.008943    0.266087    0.185782    0.907126 v _1119_/ZN (gf180mcu_fd_sc_mcu7t5v0__oai211_1)
                                                         _0559_ (net)
                      0.266087    0.000000    0.907126 v _1121_/A2 (gf180mcu_fd_sc_mcu7t5v0__aoi211_1)
     2    0.007624    0.408386    0.277957    1.185083 ^ _1121_/ZN (gf180mcu_fd_sc_mcu7t5v0__aoi211_1)
                                                         _0561_ (net)
                      0.408386    0.000000    1.185083 ^ _1142_/A1 (gf180mcu_fd_sc_mcu7t5v0__oai211_1)
     2    0.007593    0.225858    0.154260    1.339343 v _1142_/ZN (gf180mcu_fd_sc_mcu7t5v0__oai211_1)
                                                         _0578_ (net)
                      0.225858    0.000000    1.339343 v _1155_/A1 (gf180mcu_fd_sc_mcu7t5v0__aoi21_1)
     4    0.021821    0.530055    0.332954    1.672297 ^ _1155_/ZN (gf180mcu_fd_sc_mcu7t5v0__aoi21_1)
                                                         _0589_ (net)
                      0.530055    0.000000    1.672297 ^ _1167_/A1 (gf180mcu_fd_sc_mcu7t5v0__aoi21_1)
     3    0.017212    0.289973    0.191594    1.863891 v _1167_/ZN (gf180mcu_fd_sc_mcu7t5v0__aoi21_1)
                                                         _0599_ (net)
                      0.289973    0.000000    1.863891 v _1181_/A1 (gf180mcu_fd_sc_mcu7t5v0__oai22_1)
     3    0.017098    0.566865    0.319542    2.183434 ^ _1181_/ZN (gf180mcu_fd_sc_mcu7t5v0__oai22_1)
                                                         _0611_ (net)
                      0.566865    0.000000    2.183434 ^ _1193_/A1 (gf180mcu_fd_sc_mcu7t5v0__aoi21_1)
     3    0.016655    0.294637    0.188919    2.372352 v _1193_/ZN (gf180mcu_fd_sc_mcu7t5v0__aoi21_1)
                                                         _0621_ (net)
                      0.294637    0.000000    2.372352 v _1203_/A1 (gf180mcu_fd_sc_mcu7t5v0__oai21_1)
     1    0.004486    0.203014    0.182325    2.554677 ^ _1203_/ZN (gf180mcu_fd_sc_mcu7t5v0__oai21_1)
                                                         _0630_ (net)
                      0.203014    0.000000    2.554677 ^ _1204_/A2 (gf180mcu_fd_sc_mcu7t5v0__nand2_1)
     1    0.004734    0.102218    0.075149    2.629826 v _1204_/ZN (gf180mcu_fd_sc_mcu7t5v0__nand2_1)
                                                         _0631_ (net)
                      0.102218    0.000000    2.629826 v _1206_/A1 (gf180mcu_fd_sc_mcu7t5v0__nand2_1)
     1    0.003038    0.120279    0.077506    2.707332 ^ _1206_/ZN (gf180mcu_fd_sc_mcu7t5v0__nand2_1)
                                                         _0118_ (net)
                      0.120279    0.000000    2.707332 ^ _2020_/D (gf180mcu_fd_sc_mcu7t5v0__dffrnq_1)
                                              2.707332   data arrival time

                      0.000000   81.379997   81.379997   clock clk (rise edge)
                                  0.000000   81.379997   clock network delay (ideal)
                                 -0.250000   81.129997   clock uncertainty
                                  0.000000   81.129997   clock reconvergence pessimism
                                             81.129997 ^ _2020_/CLK (gf180mcu_fd_sc_mcu7t5v0__dffrnq_1)
                                 -0.201002   80.929001   library setup time
                                             80.929001   data required time
---------------------------------------------------------------------------------------------
                                             80.929001   data required time
                                             -2.707332   data arrival time
---------------------------------------------------------------------------------------------
                                             78.221672   slack (MET)


Startpoint: _2005_ (rising edge-triggered flip-flop clocked by clk)
Endpoint: _2020_ (rising edge-triggered flip-flop clocked by clk_div)
Path Group: clk_div
Path Type: max

Fanout         Cap        Slew       Delay        Time   Description
---------------------------------------------------------------------------------------------
                      0.000000 20751.898438 20751.898438   clock clk (rise edge)
                                  0.000000 20751.898438   clock network delay (ideal)
                      0.000000    0.000000 20751.898438 ^ _2005_/CLK (gf180mcu_fd_sc_mcu7t5v0__dffrnq_1)
     7    0.035694    0.430621    0.722139 20752.621094 ^ _2005_/Q (gf180mcu_fd_sc_mcu7t5v0__dffrnq_1)
                                                         out_cas_int[0] (net)
                      0.430621    0.000000 20752.621094 ^ _1119_/C (gf180mcu_fd_sc_mcu7t5v0__oai211_1)
     2    0.008943    0.266087    0.185537 20752.806641 v _1119_/ZN (gf180mcu_fd_sc_mcu7t5v0__oai211_1)
                                                         _0559_ (net)
                      0.266087    0.000000 20752.806641 v _1121_/A2 (gf180mcu_fd_sc_mcu7t5v0__aoi211_1)
     2    0.007624    0.408386    0.278305 20753.085938 ^ _1121_/ZN (gf180mcu_fd_sc_mcu7t5v0__aoi211_1)
                                                         _0561_ (net)
                      0.408386    0.000000 20753.085938 ^ _1142_/A1 (gf180mcu_fd_sc_mcu7t5v0__oai211_1)
     2    0.007593    0.225858    0.152795 20753.238281 v _1142_/ZN (gf180mcu_fd_sc_mcu7t5v0__oai211_1)
                                                         _0578_ (net)
                      0.225858    0.000000 20753.238281 v _1155_/A1 (gf180mcu_fd_sc_mcu7t5v0__aoi21_1)
     4    0.021821    0.530055    0.332875 20753.570312 ^ _1155_/ZN (gf180mcu_fd_sc_mcu7t5v0__aoi21_1)
                                                         _0589_ (net)
                      0.530055    0.000000 20753.570312 ^ _1167_/A1 (gf180mcu_fd_sc_mcu7t5v0__aoi21_1)
     3    0.017212    0.289973    0.192813 20753.763672 v _1167_/ZN (gf180mcu_fd_sc_mcu7t5v0__aoi21_1)
                                                         _0599_ (net)
                      0.289973    0.000000 20753.763672 v _1181_/A1 (gf180mcu_fd_sc_mcu7t5v0__oai22_1)
     3    0.017098    0.566865    0.318323 20754.082031 ^ _1181_/ZN (gf180mcu_fd_sc_mcu7t5v0__oai22_1)
                                                         _0611_ (net)
                      0.566865    0.000000 20754.082031 ^ _1193_/A1 (gf180mcu_fd_sc_mcu7t5v0__aoi21_1)
     3    0.016655    0.294637    0.189175 20754.271484 v _1193_/ZN (gf180mcu_fd_sc_mcu7t5v0__aoi21_1)
                                                         _0621_ (net)
                      0.294637    0.000000 20754.271484 v _1203_/A1 (gf180mcu_fd_sc_mcu7t5v0__oai21_1)
     1    0.004486    0.203014    0.181899 20754.453125 ^ _1203_/ZN (gf180mcu_fd_sc_mcu7t5v0__oai21_1)
                                                         _0630_ (net)
                      0.203014    0.000000 20754.453125 ^ _1204_/A2 (gf180mcu_fd_sc_mcu7t5v0__nand2_1)
     1    0.004734    0.102218    0.076398 20754.529297 v _1204_/ZN (gf180mcu_fd_sc_mcu7t5v0__nand2_1)
                                                         _0631_ (net)
                      0.102218    0.000000 20754.529297 v _1206_/A1 (gf180mcu_fd_sc_mcu7t5v0__nand2_1)
     1    0.003038    0.120279    0.076398 20754.605469 ^ _1206_/ZN (gf180mcu_fd_sc_mcu7t5v0__nand2_1)
                                                         _0118_ (net)
                      0.120279    0.000000 20754.605469 ^ _2020_/D (gf180mcu_fd_sc_mcu7t5v0__dffrnq_1)
                                           20754.605469   data arrival time

                      0.000000 20833.279297 20833.279297   clock clk_div (rise edge)
                                  0.000000 20833.279297   clock network delay (ideal)
                                 -0.250000 20833.029297   clock uncertainty
                                  0.000000 20833.029297   clock reconvergence pessimism
                                           20833.029297 ^ _2020_/CLK (gf180mcu_fd_sc_mcu7t5v0__dffrnq_1)
                                 -0.201002 20832.828125   library setup time
                                           20832.828125   data required time
---------------------------------------------------------------------------------------------
                                           20832.828125   data required time
                                           -20754.605469   data arrival time
---------------------------------------------------------------------------------------------
                                             78.221672   slack (MET)


Startpoint: _2057_ (rising edge-triggered flip-flop clocked by clk)
Endpoint: _2052_ (rising edge-triggered flip-flop clocked by clk)
Path Group: clk
Path Type: max

Fanout         Cap        Slew       Delay        Time   Description
---------------------------------------------------------------------------------------------
                      0.000000    0.000000    0.000000   clock clk (rise edge)
                                  0.000000    0.000000   clock network delay (ideal)
                      0.000000    0.000000    0.000000 ^ _2057_/CLK (gf180mcu_fd_sc_mcu7t5v0__dffrnq_1)
     8    0.032097    0.392715    0.698881    0.698881 ^ _2057_/Q (gf180mcu_fd_sc_mcu7t5v0__dffrnq_1)
                                                         u_cas_int.out_int1[2] (net)
                      0.392715    0.000000    0.698881 ^ _1281_/A2 (gf180mcu_fd_sc_mcu7t5v0__nor2_1)
     2    0.006832    0.190613    0.130251    0.829132 v _1281_/ZN (gf180mcu_fd_sc_mcu7t5v0__nor2_1)
                                                         _0697_ (net)
                      0.190613    0.000000    0.829132 v _1282_/A2 (gf180mcu_fd_sc_mcu7t5v0__or2_1)
     2    0.012070    0.150040    0.304025    1.133157 v _1282_/Z (gf180mcu_fd_sc_mcu7t5v0__or2_1)
                                                         _0698_ (net)
                      0.150040    0.000000    1.133157 v _1296_/A1 (gf180mcu_fd_sc_mcu7t5v0__oai31_1)
     3    0.016617    0.680574    0.406323    1.539480 ^ _1296_/ZN (gf180mcu_fd_sc_mcu7t5v0__oai31_1)
                                                         _0710_ (net)
                      0.680574    0.000000    1.539480 ^ _1332_/A1 (gf180mcu_fd_sc_mcu7t5v0__aoi21_1)
     1    0.004905    0.211534    0.080679    1.620159 v _1332_/ZN (gf180mcu_fd_sc_mcu7t5v0__aoi21_1)
                                                         _0742_ (net)
                      0.211534    0.000000    1.620159 v _1393_/A1 (gf180mcu_fd_sc_mcu7t5v0__oai21_1)
     4    0.021738    0.491103    0.333542    1.953701 ^ _1393_/ZN (gf180mcu_fd_sc_mcu7t5v0__oai21_1)
                                                         _0795_ (net)
                      0.491103    0.000000    1.953701 ^ _1422_/A1 (gf180mcu_fd_sc_mcu7t5v0__aoi21_1)
     1    0.004905    0.174311    0.086548    2.040250 v _1422_/ZN (gf180mcu_fd_sc_mcu7t5v0__aoi21_1)
                                                         _0820_ (net)
                      0.174311    0.000000    2.040250 v _1435_/A1 (gf180mcu_fd_sc_mcu7t5v0__oai21_1)
     5    0.026256    0.575825    0.371177    2.411427 ^ _1435_/ZN (gf180mcu_fd_sc_mcu7t5v0__oai21_1)
                                                         _0831_ (net)
                      0.575825    0.000000    2.411427 ^ _1439_/A3 (gf180mcu_fd_sc_mcu7t5v0__xor3_1)
     1    0.003038    0.192352    0.241026    2.652453 ^ _1439_/Z (gf180mcu_fd_sc_mcu7t5v0__xor3_1)
                                                         _0101_ (net)
                      0.192352    0.000000    2.652453 ^ _2052_/D (gf180mcu_fd_sc_mcu7t5v0__dffrnq_1)
                                              2.652453   data arrival time

                      0.000000   81.379997   81.379997   clock clk (rise edge)
                                  0.000000   81.379997   clock network delay (ideal)
                                 -0.250000   81.129997   clock uncertainty
                                  0.000000   81.129997   clock reconvergence pessimism
                                             81.129997 ^ _2052_/CLK (gf180mcu_fd_sc_mcu7t5v0__dffrnq_1)
                                 -0.218767   80.911232   library setup time
                                             80.911232   data required time
---------------------------------------------------------------------------------------------
                                             80.911232   data required time
                                             -2.652453   data arrival time
---------------------------------------------------------------------------------------------
                                             78.258774   slack (MET)


Startpoint: _2057_ (rising edge-triggered flip-flop clocked by clk)
Endpoint: _2052_ (rising edge-triggered flip-flop clocked by clk_div)
Path Group: clk_div
Path Type: max

Fanout         Cap        Slew       Delay        Time   Description
---------------------------------------------------------------------------------------------
                      0.000000 20751.898438 20751.898438   clock clk (rise edge)
                                  0.000000 20751.898438   clock network delay (ideal)
                      0.000000    0.000000 20751.898438 ^ _2057_/CLK (gf180mcu_fd_sc_mcu7t5v0__dffrnq_1)
     8    0.032097    0.392715    0.698492 20752.597656 ^ _2057_/Q (gf180mcu_fd_sc_mcu7t5v0__dffrnq_1)
                                                         u_cas_int.out_int1[2] (net)
                      0.392715    0.000000 20752.597656 ^ _1281_/A2 (gf180mcu_fd_sc_mcu7t5v0__nor2_1)
     2    0.006832    0.190613    0.130967 20752.728516 v _1281_/ZN (gf180mcu_fd_sc_mcu7t5v0__nor2_1)
                                                         _0697_ (net)
                      0.190613    0.000000 20752.728516 v _1282_/A2 (gf180mcu_fd_sc_mcu7t5v0__or2_1)
     2    0.012070    0.150040    0.303771 20753.033203 v _1282_/Z (gf180mcu_fd_sc_mcu7t5v0__or2_1)
                                                         _0698_ (net)
                      0.150040    0.000000 20753.033203 v _1296_/A1 (gf180mcu_fd_sc_mcu7t5v0__oai31_1)
     3    0.016617    0.680574    0.405635 20753.437500 ^ _1296_/ZN (gf180mcu_fd_sc_mcu7t5v0__oai31_1)
                                                         _0710_ (net)
                      0.680574    0.000000 20753.437500 ^ _1332_/A1 (gf180mcu_fd_sc_mcu7t5v0__aoi21_1)
     1    0.004905    0.211534    0.081855 20753.519531 v _1332_/ZN (gf180mcu_fd_sc_mcu7t5v0__aoi21_1)
                                                         _0742_ (net)
                      0.211534    0.000000 20753.519531 v _1393_/A1 (gf180mcu_fd_sc_mcu7t5v0__oai21_1)
     4    0.021738    0.491103    0.332875 20753.853516 ^ _1393_/ZN (gf180mcu_fd_sc_mcu7t5v0__oai21_1)
                                                         _0795_ (net)
                      0.491103    0.000000 20753.853516 ^ _1422_/A1 (gf180mcu_fd_sc_mcu7t5v0__aoi21_1)
     1    0.004905    0.174311    0.087311 20753.939453 v _1422_/ZN (gf180mcu_fd_sc_mcu7t5v0__aoi21_1)
                                                         _0820_ (net)
                      0.174311    0.000000 20753.939453 v _1435_/A1 (gf180mcu_fd_sc_mcu7t5v0__oai21_1)
     5    0.026256    0.575825    0.371074 20754.310547 ^ _1435_/ZN (gf180mcu_fd_sc_mcu7t5v0__oai21_1)
                                                         _0831_ (net)
                      0.575825    0.000000 20754.310547 ^ _1439_/A3 (gf180mcu_fd_sc_mcu7t5v0__xor3_1)
     1    0.003038    0.192352    0.240107 20754.550781 ^ _1439_/Z (gf180mcu_fd_sc_mcu7t5v0__xor3_1)
                                                         _0101_ (net)
                      0.192352    0.000000 20754.550781 ^ _2052_/D (gf180mcu_fd_sc_mcu7t5v0__dffrnq_1)
                                           20754.550781   data arrival time

                      0.000000 20833.279297 20833.279297   clock clk_div (rise edge)
                                  0.000000 20833.279297   clock network delay (ideal)
                                 -0.250000 20833.029297   clock uncertainty
                                  0.000000 20833.029297   clock reconvergence pessimism
                                           20833.029297 ^ _2052_/CLK (gf180mcu_fd_sc_mcu7t5v0__dffrnq_1)
                                 -0.218767 20832.810547   library setup time
                                           20832.810547   data required time
---------------------------------------------------------------------------------------------
                                           20832.810547   data required time
                                           -20754.550781   data arrival time
---------------------------------------------------------------------------------------------
                                             78.258774   slack (MET)


Startpoint: _2057_ (rising edge-triggered flip-flop clocked by clk)
Endpoint: _2053_ (rising edge-triggered flip-flop clocked by clk)
Path Group: clk
Path Type: max

Fanout         Cap        Slew       Delay        Time   Description
---------------------------------------------------------------------------------------------
                      0.000000    0.000000    0.000000   clock clk (rise edge)
                                  0.000000    0.000000   clock network delay (ideal)
                      0.000000    0.000000    0.000000 ^ _2057_/CLK (gf180mcu_fd_sc_mcu7t5v0__dffrnq_1)
     8    0.032097    0.392715    0.698881    0.698881 ^ _2057_/Q (gf180mcu_fd_sc_mcu7t5v0__dffrnq_1)
                                                         u_cas_int.out_int1[2] (net)
                      0.392715    0.000000    0.698881 ^ _1281_/A2 (gf180mcu_fd_sc_mcu7t5v0__nor2_1)
     2    0.006832    0.190613    0.130251    0.829132 v _1281_/ZN (gf180mcu_fd_sc_mcu7t5v0__nor2_1)
                                                         _0697_ (net)
                      0.190613    0.000000    0.829132 v _1282_/A2 (gf180mcu_fd_sc_mcu7t5v0__or2_1)
     2    0.012070    0.150040    0.304025    1.133157 v _1282_/Z (gf180mcu_fd_sc_mcu7t5v0__or2_1)
                                                         _0698_ (net)
                      0.150040    0.000000    1.133157 v _1296_/A1 (gf180mcu_fd_sc_mcu7t5v0__oai31_1)
     3    0.016617    0.680574    0.406323    1.539480 ^ _1296_/ZN (gf180mcu_fd_sc_mcu7t5v0__oai31_1)
                                                         _0710_ (net)
                      0.680574    0.000000    1.539480 ^ _1332_/A1 (gf180mcu_fd_sc_mcu7t5v0__aoi21_1)
     1    0.004905    0.211534    0.080679    1.620159 v _1332_/ZN (gf180mcu_fd_sc_mcu7t5v0__aoi21_1)
                                                         _0742_ (net)
                      0.211534    0.000000    1.620159 v _1393_/A1 (gf180mcu_fd_sc_mcu7t5v0__oai21_1)
     4    0.021738    0.491103    0.333542    1.953701 ^ _1393_/ZN (gf180mcu_fd_sc_mcu7t5v0__oai21_1)
                                                         _0795_ (net)
                      0.491103    0.000000    1.953701 ^ _1422_/A1 (gf180mcu_fd_sc_mcu7t5v0__aoi21_1)
     1    0.004905    0.174311    0.086548    2.040250 v _1422_/ZN (gf180mcu_fd_sc_mcu7t5v0__aoi21_1)
                                                         _0820_ (net)
                      0.174311    0.000000    2.040250 v _1435_/A1 (gf180mcu_fd_sc_mcu7t5v0__oai21_1)
     5    0.026256    0.575825    0.371177    2.411427 ^ _1435_/ZN (gf180mcu_fd_sc_mcu7t5v0__oai21_1)
                                                         _0831_ (net)
                      0.575825    0.000000    2.411427 ^ _1444_/A1 (gf180mcu_fd_sc_mcu7t5v0__aoi221_1)
     1    0.004447    0.236614    0.114079    2.525506 v _1444_/ZN (gf180mcu_fd_sc_mcu7t5v0__aoi221_1)
                                                         _0839_ (net)
                      0.236614    0.000000    2.525506 v _1446_/A1 (gf180mcu_fd_sc_mcu7t5v0__nor2_1)
     1    0.003038    0.146542    0.136940    2.662446 ^ _1446_/ZN (gf180mcu_fd_sc_mcu7t5v0__nor2_1)
                                                         _0102_ (net)
                      0.146542    0.000000    2.662446 ^ _2053_/D (gf180mcu_fd_sc_mcu7t5v0__dffrnq_1)
                                              2.662446   data arrival time

                      0.000000   81.379997   81.379997   clock clk (rise edge)
                                  0.000000   81.379997   clock network delay (ideal)
                                 -0.250000   81.129997   clock uncertainty
                                  0.000000   81.129997   clock reconvergence pessimism
                                             81.129997 ^ _2053_/CLK (gf180mcu_fd_sc_mcu7t5v0__dffrnq_1)
                                 -0.207475   80.922523   library setup time
                                             80.922523   data required time
---------------------------------------------------------------------------------------------
                                             80.922523   data required time
                                             -2.662446   data arrival time
---------------------------------------------------------------------------------------------
                                             78.260071   slack (MET)


Startpoint: _2057_ (rising edge-triggered flip-flop clocked by clk)
Endpoint: _2053_ (rising edge-triggered flip-flop clocked by clk_div)
Path Group: clk_div
Path Type: max

Fanout         Cap        Slew       Delay        Time   Description
---------------------------------------------------------------------------------------------
                      0.000000 20751.898438 20751.898438   clock clk (rise edge)
                                  0.000000 20751.898438   clock network delay (ideal)
                      0.000000    0.000000 20751.898438 ^ _2057_/CLK (gf180mcu_fd_sc_mcu7t5v0__dffrnq_1)
     8    0.032097    0.392715    0.698492 20752.597656 ^ _2057_/Q (gf180mcu_fd_sc_mcu7t5v0__dffrnq_1)
                                                         u_cas_int.out_int1[2] (net)
                      0.392715    0.000000 20752.597656 ^ _1281_/A2 (gf180mcu_fd_sc_mcu7t5v0__nor2_1)
     2    0.006832    0.190613    0.130967 20752.728516 v _1281_/ZN (gf180mcu_fd_sc_mcu7t5v0__nor2_1)
                                                         _0697_ (net)
                      0.190613    0.000000 20752.728516 v _1282_/A2 (gf180mcu_fd_sc_mcu7t5v0__or2_1)
     2    0.012070    0.150040    0.303771 20753.033203 v _1282_/Z (gf180mcu_fd_sc_mcu7t5v0__or2_1)
                                                         _0698_ (net)
                      0.150040    0.000000 20753.033203 v _1296_/A1 (gf180mcu_fd_sc_mcu7t5v0__oai31_1)
     3    0.016617    0.680574    0.405635 20753.437500 ^ _1296_/ZN (gf180mcu_fd_sc_mcu7t5v0__oai31_1)
                                                         _0710_ (net)
                      0.680574    0.000000 20753.437500 ^ _1332_/A1 (gf180mcu_fd_sc_mcu7t5v0__aoi21_1)
     1    0.004905    0.211534    0.081855 20753.519531 v _1332_/ZN (gf180mcu_fd_sc_mcu7t5v0__aoi21_1)
                                                         _0742_ (net)
                      0.211534    0.000000 20753.519531 v _1393_/A1 (gf180mcu_fd_sc_mcu7t5v0__oai21_1)
     4    0.021738    0.491103    0.332875 20753.853516 ^ _1393_/ZN (gf180mcu_fd_sc_mcu7t5v0__oai21_1)
                                                         _0795_ (net)
                      0.491103    0.000000 20753.853516 ^ _1422_/A1 (gf180mcu_fd_sc_mcu7t5v0__aoi21_1)
     1    0.004905    0.174311    0.087311 20753.939453 v _1422_/ZN (gf180mcu_fd_sc_mcu7t5v0__aoi21_1)
                                                         _0820_ (net)
                      0.174311    0.000000 20753.939453 v _1435_/A1 (gf180mcu_fd_sc_mcu7t5v0__oai21_1)
     5    0.026256    0.575825    0.371074 20754.310547 ^ _1435_/ZN (gf180mcu_fd_sc_mcu7t5v0__oai21_1)
                                                         _0831_ (net)
                      0.575825    0.000000 20754.310547 ^ _1444_/A1 (gf180mcu_fd_sc_mcu7t5v0__aoi221_1)
     1    0.004447    0.236614    0.112777 20754.423828 v _1444_/ZN (gf180mcu_fd_sc_mcu7t5v0__aoi221_1)
                                                         _0839_ (net)
                      0.236614    0.000000 20754.423828 v _1446_/A1 (gf180mcu_fd_sc_mcu7t5v0__nor2_1)
     1    0.003038    0.146542    0.138243 20754.562500 ^ _1446_/ZN (gf180mcu_fd_sc_mcu7t5v0__nor2_1)
                                                         _0102_ (net)
                      0.146542    0.000000 20754.562500 ^ _2053_/D (gf180mcu_fd_sc_mcu7t5v0__dffrnq_1)
                                           20754.562500   data arrival time

                      0.000000 20833.279297 20833.279297   clock clk_div (rise edge)
                                  0.000000 20833.279297   clock network delay (ideal)
                                 -0.250000 20833.029297   clock uncertainty
                                  0.000000 20833.029297   clock reconvergence pessimism
                                           20833.029297 ^ _2053_/CLK (gf180mcu_fd_sc_mcu7t5v0__dffrnq_1)
                                 -0.207475 20832.822266   library setup time
                                           20832.822266   data required time
---------------------------------------------------------------------------------------------
                                           20832.822266   data required time
                                           -20754.562500   data arrival time
---------------------------------------------------------------------------------------------
                                             78.260071   slack (MET)


Startpoint: _2057_ (rising edge-triggered flip-flop clocked by clk)
Endpoint: _2054_ (rising edge-triggered flip-flop clocked by clk)
Path Group: clk
Path Type: max

Fanout         Cap        Slew       Delay        Time   Description
---------------------------------------------------------------------------------------------
                      0.000000    0.000000    0.000000   clock clk (rise edge)
                                  0.000000    0.000000   clock network delay (ideal)
                      0.000000    0.000000    0.000000 ^ _2057_/CLK (gf180mcu_fd_sc_mcu7t5v0__dffrnq_1)
     8    0.032097    0.392715    0.698881    0.698881 ^ _2057_/Q (gf180mcu_fd_sc_mcu7t5v0__dffrnq_1)
                                                         u_cas_int.out_int1[2] (net)
                      0.392715    0.000000    0.698881 ^ _1281_/A2 (gf180mcu_fd_sc_mcu7t5v0__nor2_1)
     2    0.006832    0.190613    0.130251    0.829132 v _1281_/ZN (gf180mcu_fd_sc_mcu7t5v0__nor2_1)
                                                         _0697_ (net)
                      0.190613    0.000000    0.829132 v _1282_/A2 (gf180mcu_fd_sc_mcu7t5v0__or2_1)
     2    0.012070    0.150040    0.304025    1.133157 v _1282_/Z (gf180mcu_fd_sc_mcu7t5v0__or2_1)
                                                         _0698_ (net)
                      0.150040    0.000000    1.133157 v _1296_/A1 (gf180mcu_fd_sc_mcu7t5v0__oai31_1)
     3    0.016617    0.680574    0.406323    1.539480 ^ _1296_/ZN (gf180mcu_fd_sc_mcu7t5v0__oai31_1)
                                                         _0710_ (net)
                      0.680574    0.000000    1.539480 ^ _1332_/A1 (gf180mcu_fd_sc_mcu7t5v0__aoi21_1)
     1    0.004905    0.211534    0.080679    1.620159 v _1332_/ZN (gf180mcu_fd_sc_mcu7t5v0__aoi21_1)
                                                         _0742_ (net)
                      0.211534    0.000000    1.620159 v _1393_/A1 (gf180mcu_fd_sc_mcu7t5v0__oai21_1)
     4    0.021738    0.491103    0.333542    1.953701 ^ _1393_/ZN (gf180mcu_fd_sc_mcu7t5v0__oai21_1)
                                                         _0795_ (net)
                      0.491103    0.000000    1.953701 ^ _1422_/A1 (gf180mcu_fd_sc_mcu7t5v0__aoi21_1)
     1    0.004905    0.174311    0.086548    2.040250 v _1422_/ZN (gf180mcu_fd_sc_mcu7t5v0__aoi21_1)
                                                         _0820_ (net)
                      0.174311    0.000000    2.040250 v _1435_/A1 (gf180mcu_fd_sc_mcu7t5v0__oai21_1)
     5    0.026256    0.575825    0.371177    2.411427 ^ _1435_/ZN (gf180mcu_fd_sc_mcu7t5v0__oai21_1)
                                                         _0831_ (net)
                      0.575825    0.000000    2.411427 ^ _1449_/A1 (gf180mcu_fd_sc_mcu7t5v0__nand2_1)
     1    0.004828    0.183084    0.094377    2.505804 v _1449_/ZN (gf180mcu_fd_sc_mcu7t5v0__nand2_1)
                                                         _0843_ (net)
                      0.183084    0.000000    2.505804 v _1454_/A1 (gf180mcu_fd_sc_mcu7t5v0__aoi21_1)
     1    0.004220    0.203395    0.140774    2.646577 ^ _1454_/ZN (gf180mcu_fd_sc_mcu7t5v0__aoi21_1)
                                                         _0848_ (net)
                      0.203395    0.000000    2.646577 ^ _1455_/A2 (gf180mcu_fd_sc_mcu7t5v0__nor2_1)
     1    0.003038    0.111427    0.086903    2.733480 v _1455_/ZN (gf180mcu_fd_sc_mcu7t5v0__nor2_1)
                                                         _0103_ (net)
                      0.111427    0.000000    2.733480 v _2054_/D (gf180mcu_fd_sc_mcu7t5v0__dffrnq_1)
                                              2.733480   data arrival time

                      0.000000   81.379997   81.379997   clock clk (rise edge)
                                  0.000000   81.379997   clock network delay (ideal)
                                 -0.250000   81.129997   clock uncertainty
                                  0.000000   81.129997   clock reconvergence pessimism
                                             81.129997 ^ _2054_/CLK (gf180mcu_fd_sc_mcu7t5v0__dffrnq_1)
                                 -0.110352   81.019646   library setup time
                                             81.019646   data required time
---------------------------------------------------------------------------------------------
                                             81.019646   data required time
                                             -2.733480   data arrival time
---------------------------------------------------------------------------------------------
                                             78.286163   slack (MET)


Startpoint: _2057_ (rising edge-triggered flip-flop clocked by clk)
Endpoint: _2054_ (rising edge-triggered flip-flop clocked by clk_div)
Path Group: clk_div
Path Type: max

Fanout         Cap        Slew       Delay        Time   Description
---------------------------------------------------------------------------------------------
                      0.000000 20751.898438 20751.898438   clock clk (rise edge)
                                  0.000000 20751.898438   clock network delay (ideal)
                      0.000000    0.000000 20751.898438 ^ _2057_/CLK (gf180mcu_fd_sc_mcu7t5v0__dffrnq_1)
     8    0.032097    0.392715    0.698492 20752.597656 ^ _2057_/Q (gf180mcu_fd_sc_mcu7t5v0__dffrnq_1)
                                                         u_cas_int.out_int1[2] (net)
                      0.392715    0.000000 20752.597656 ^ _1281_/A2 (gf180mcu_fd_sc_mcu7t5v0__nor2_1)
     2    0.006832    0.190613    0.130967 20752.728516 v _1281_/ZN (gf180mcu_fd_sc_mcu7t5v0__nor2_1)
                                                         _0697_ (net)
                      0.190613    0.000000 20752.728516 v _1282_/A2 (gf180mcu_fd_sc_mcu7t5v0__or2_1)
     2    0.012070    0.150040    0.303771 20753.033203 v _1282_/Z (gf180mcu_fd_sc_mcu7t5v0__or2_1)
                                                         _0698_ (net)
                      0.150040    0.000000 20753.033203 v _1296_/A1 (gf180mcu_fd_sc_mcu7t5v0__oai31_1)
     3    0.016617    0.680574    0.405635 20753.437500 ^ _1296_/ZN (gf180mcu_fd_sc_mcu7t5v0__oai31_1)
                                                         _0710_ (net)
                      0.680574    0.000000 20753.437500 ^ _1332_/A1 (gf180mcu_fd_sc_mcu7t5v0__aoi21_1)
     1    0.004905    0.211534    0.081855 20753.519531 v _1332_/ZN (gf180mcu_fd_sc_mcu7t5v0__aoi21_1)
                                                         _0742_ (net)
                      0.211534    0.000000 20753.519531 v _1393_/A1 (gf180mcu_fd_sc_mcu7t5v0__oai21_1)
     4    0.021738    0.491103    0.332875 20753.853516 ^ _1393_/ZN (gf180mcu_fd_sc_mcu7t5v0__oai21_1)
                                                         _0795_ (net)
                      0.491103    0.000000 20753.853516 ^ _1422_/A1 (gf180mcu_fd_sc_mcu7t5v0__aoi21_1)
     1    0.004905    0.174311    0.087311 20753.939453 v _1422_/ZN (gf180mcu_fd_sc_mcu7t5v0__aoi21_1)
                                                         _0820_ (net)
                      0.174311    0.000000 20753.939453 v _1435_/A1 (gf180mcu_fd_sc_mcu7t5v0__oai21_1)
     5    0.026256    0.575825    0.371074 20754.310547 ^ _1435_/ZN (gf180mcu_fd_sc_mcu7t5v0__oai21_1)
                                                         _0831_ (net)
                      0.575825    0.000000 20754.310547 ^ _1449_/A1 (gf180mcu_fd_sc_mcu7t5v0__nand2_1)
     1    0.004828    0.183084    0.094587 20754.406250 v _1449_/ZN (gf180mcu_fd_sc_mcu7t5v0__nand2_1)
                                                         _0843_ (net)
                      0.183084    0.000000 20754.406250 v _1454_/A1 (gf180mcu_fd_sc_mcu7t5v0__aoi21_1)
     1    0.004220    0.203395    0.140062 20754.546875 ^ _1454_/ZN (gf180mcu_fd_sc_mcu7t5v0__aoi21_1)
                                                         _0848_ (net)
                      0.203395    0.000000 20754.546875 ^ _1455_/A2 (gf180mcu_fd_sc_mcu7t5v0__nor2_1)
     1    0.003038    0.111427    0.087311 20754.632812 v _1455_/ZN (gf180mcu_fd_sc_mcu7t5v0__nor2_1)
                                                         _0103_ (net)
                      0.111427    0.000000 20754.632812 v _2054_/D (gf180mcu_fd_sc_mcu7t5v0__dffrnq_1)
                                           20754.632812   data arrival time

                      0.000000 20833.279297 20833.279297   clock clk_div (rise edge)
                                  0.000000 20833.279297   clock network delay (ideal)
                                 -0.250000 20833.029297   clock uncertainty
                                  0.000000 20833.029297   clock reconvergence pessimism
                                           20833.029297 ^ _2054_/CLK (gf180mcu_fd_sc_mcu7t5v0__dffrnq_1)
                                 -0.110352 20832.919922   library setup time
                                           20832.919922   data required time
---------------------------------------------------------------------------------------------
                                           20832.919922   data required time
                                           -20754.632812   data arrival time
---------------------------------------------------------------------------------------------
                                             78.286163   slack (MET)


Startpoint: _2034_ (rising edge-triggered flip-flop clocked by clk)
Endpoint: _2019_ (rising edge-triggered flip-flop clocked by clk)
Path Group: clk
Path Type: max

Fanout         Cap        Slew       Delay        Time   Description
---------------------------------------------------------------------------------------------
                      0.000000    0.000000    0.000000   clock clk (rise edge)
                                  0.000000    0.000000   clock network delay (ideal)
                      0.000000    0.000000    0.000000 ^ _2034_/CLK (gf180mcu_fd_sc_mcu7t5v0__dffrnq_1)
    11    0.044753    0.529443    0.778029    0.778029 ^ _2034_/Q (gf180mcu_fd_sc_mcu7t5v0__dffrnq_1)
                                                         u_cas_int.out_int2[4] (net)
                      0.529443    0.000000    0.778029 ^ _1128_/A1 (gf180mcu_fd_sc_mcu7t5v0__and2_1)
     2    0.008806    0.145443    0.258391    1.036420 ^ _1128_/Z (gf180mcu_fd_sc_mcu7t5v0__and2_1)
                                                         _0566_ (net)
                      0.145443    0.000000    1.036420 ^ _1141_/A3 (gf180mcu_fd_sc_mcu7t5v0__nor3_1)
     1    0.004489    0.146539    0.114762    1.151182 v _1141_/ZN (gf180mcu_fd_sc_mcu7t5v0__nor3_1)
                                                         _0577_ (net)
                      0.146539    0.000000    1.151182 v _1142_/B (gf180mcu_fd_sc_mcu7t5v0__oai211_1)
     2    0.007593    0.310867    0.200662    1.351844 ^ _1142_/ZN (gf180mcu_fd_sc_mcu7t5v0__oai211_1)
                                                         _0578_ (net)
                      0.310867    0.000000    1.351844 ^ _1155_/A1 (gf180mcu_fd_sc_mcu7t5v0__aoi21_1)
     4    0.021821    0.315477    0.203942    1.555786 v _1155_/ZN (gf180mcu_fd_sc_mcu7t5v0__aoi21_1)
                                                         _0589_ (net)
                      0.315477    0.000000    1.555786 v _1167_/A1 (gf180mcu_fd_sc_mcu7t5v0__aoi21_1)
     3    0.017212    0.442873    0.313541    1.869327 ^ _1167_/ZN (gf180mcu_fd_sc_mcu7t5v0__aoi21_1)
                                                         _0599_ (net)
                      0.442873    0.000000    1.869327 ^ _1181_/A1 (gf180mcu_fd_sc_mcu7t5v0__oai22_1)
     3    0.017098    0.287494    0.208588    2.077915 v _1181_/ZN (gf180mcu_fd_sc_mcu7t5v0__oai22_1)
                                                         _0611_ (net)
                      0.287494    0.000000    2.077915 v _1193_/A1 (gf180mcu_fd_sc_mcu7t5v0__aoi21_1)
     3    0.016655    0.432356    0.299209    2.377124 ^ _1193_/ZN (gf180mcu_fd_sc_mcu7t5v0__aoi21_1)
                                                         _0621_ (net)
                      0.432356    0.000000    2.377124 ^ _1197_/A3 (gf180mcu_fd_sc_mcu7t5v0__xnor3_1)
     1    0.003038    0.188615    0.234414    2.611537 ^ _1197_/ZN (gf180mcu_fd_sc_mcu7t5v0__xnor3_1)
                                                         _0117_ (net)
                      0.188615    0.000000    2.611537 ^ _2019_/D (gf180mcu_fd_sc_mcu7t5v0__dffrnq_1)
                                              2.611537   data arrival time

                      0.000000   81.379997   81.379997   clock clk (rise edge)
                                  0.000000   81.379997   clock network delay (ideal)
                                 -0.250000   81.129997   clock uncertainty
                                  0.000000   81.129997   clock reconvergence pessimism
                                             81.129997 ^ _2019_/CLK (gf180mcu_fd_sc_mcu7t5v0__dffrnq_1)
                                 -0.217845   80.912155   library setup time
                                             80.912155   data required time
---------------------------------------------------------------------------------------------
                                             80.912155   data required time
                                             -2.611537   data arrival time
---------------------------------------------------------------------------------------------
                                             78.300621   slack (MET)


Startpoint: _2034_ (rising edge-triggered flip-flop clocked by clk)
Endpoint: _2019_ (rising edge-triggered flip-flop clocked by clk_div)
Path Group: clk_div
Path Type: max

Fanout         Cap        Slew       Delay        Time   Description
---------------------------------------------------------------------------------------------
                      0.000000 20751.898438 20751.898438   clock clk (rise edge)
                                  0.000000 20751.898438   clock network delay (ideal)
                      0.000000    0.000000 20751.898438 ^ _2034_/CLK (gf180mcu_fd_sc_mcu7t5v0__dffrnq_1)
    11    0.044753    0.529443    0.778527 20752.677734 ^ _2034_/Q (gf180mcu_fd_sc_mcu7t5v0__dffrnq_1)
                                                         u_cas_int.out_int2[4] (net)
                      0.529443    0.000000 20752.677734 ^ _1128_/A1 (gf180mcu_fd_sc_mcu7t5v0__and2_1)
     2    0.008806    0.145443    0.258296 20752.935547 ^ _1128_/Z (gf180mcu_fd_sc_mcu7t5v0__and2_1)
                                                         _0566_ (net)
                      0.145443    0.000000 20752.935547 ^ _1141_/A3 (gf180mcu_fd_sc_mcu7t5v0__nor3_1)
     1    0.004489    0.146539    0.114596 20753.050781 v _1141_/ZN (gf180mcu_fd_sc_mcu7t5v0__nor3_1)
                                                         _0577_ (net)
                      0.146539    0.000000 20753.050781 v _1142_/B (gf180mcu_fd_sc_mcu7t5v0__oai211_1)
     2    0.007593    0.310867    0.200089 20753.250000 ^ _1142_/ZN (gf180mcu_fd_sc_mcu7t5v0__oai211_1)
                                                         _0578_ (net)
                      0.310867    0.000000 20753.250000 ^ _1155_/A1 (gf180mcu_fd_sc_mcu7t5v0__aoi21_1)
     4    0.021821    0.315477    0.203727 20753.455078 v _1155_/ZN (gf180mcu_fd_sc_mcu7t5v0__aoi21_1)
                                                         _0589_ (net)
                      0.315477    0.000000 20753.455078 v _1167_/A1 (gf180mcu_fd_sc_mcu7t5v0__aoi21_1)
     3    0.017212    0.442873    0.314685 20753.769531 ^ _1167_/ZN (gf180mcu_fd_sc_mcu7t5v0__aoi21_1)
                                                         _0599_ (net)
                      0.442873    0.000000 20753.769531 ^ _1181_/A1 (gf180mcu_fd_sc_mcu7t5v0__oai22_1)
     3    0.017098    0.287494    0.207365 20753.976562 v _1181_/ZN (gf180mcu_fd_sc_mcu7t5v0__oai22_1)
                                                         _0611_ (net)
                      0.287494    0.000000 20753.976562 v _1193_/A1 (gf180mcu_fd_sc_mcu7t5v0__aoi21_1)
     3    0.016655    0.432356    0.300133 20754.277344 ^ _1193_/ZN (gf180mcu_fd_sc_mcu7t5v0__aoi21_1)
                                                         _0621_ (net)
                      0.432356    0.000000 20754.277344 ^ _1197_/A3 (gf180mcu_fd_sc_mcu7t5v0__xnor3_1)
     1    0.003038    0.188615    0.234650 20754.511719 ^ _1197_/ZN (gf180mcu_fd_sc_mcu7t5v0__xnor3_1)
                                                         _0117_ (net)
                      0.188615    0.000000 20754.511719 ^ _2019_/D (gf180mcu_fd_sc_mcu7t5v0__dffrnq_1)
                                           20754.511719   data arrival time

                      0.000000 20833.279297 20833.279297   clock clk_div (rise edge)
                                  0.000000 20833.279297   clock network delay (ideal)
                                 -0.250000 20833.029297   clock uncertainty
                                  0.000000 20833.029297   clock reconvergence pessimism
                                           20833.029297 ^ _2019_/CLK (gf180mcu_fd_sc_mcu7t5v0__dffrnq_1)
                                 -0.217845 20832.812500   library setup time
                                           20832.812500   data required time
---------------------------------------------------------------------------------------------
                                           20832.812500   data required time
                                           -20754.511719   data arrival time
---------------------------------------------------------------------------------------------
                                             78.300621   slack (MET)


Startpoint: _2057_ (rising edge-triggered flip-flop clocked by clk)
Endpoint: _2049_ (rising edge-triggered flip-flop clocked by clk)
Path Group: clk
Path Type: max

Fanout         Cap        Slew       Delay        Time   Description
---------------------------------------------------------------------------------------------
                      0.000000    0.000000    0.000000   clock clk (rise edge)
                                  0.000000    0.000000   clock network delay (ideal)
                      0.000000    0.000000    0.000000 ^ _2057_/CLK (gf180mcu_fd_sc_mcu7t5v0__dffrnq_1)
     8    0.032097    0.392715    0.698881    0.698881 ^ _2057_/Q (gf180mcu_fd_sc_mcu7t5v0__dffrnq_1)
                                                         u_cas_int.out_int1[2] (net)
                      0.392715    0.000000    0.698881 ^ _1281_/A2 (gf180mcu_fd_sc_mcu7t5v0__nor2_1)
     2    0.006832    0.190613    0.130251    0.829132 v _1281_/ZN (gf180mcu_fd_sc_mcu7t5v0__nor2_1)
                                                         _0697_ (net)
                      0.190613    0.000000    0.829132 v _1282_/A2 (gf180mcu_fd_sc_mcu7t5v0__or2_1)
     2    0.012070    0.150040    0.304025    1.133157 v _1282_/Z (gf180mcu_fd_sc_mcu7t5v0__or2_1)
                                                         _0698_ (net)
                      0.150040    0.000000    1.133157 v _1296_/A1 (gf180mcu_fd_sc_mcu7t5v0__oai31_1)
     3    0.016617    0.680574    0.406323    1.539480 ^ _1296_/ZN (gf180mcu_fd_sc_mcu7t5v0__oai31_1)
                                                         _0710_ (net)
                      0.680574    0.000000    1.539480 ^ _1332_/A1 (gf180mcu_fd_sc_mcu7t5v0__aoi21_1)
     1    0.004905    0.211534    0.080679    1.620159 v _1332_/ZN (gf180mcu_fd_sc_mcu7t5v0__aoi21_1)
                                                         _0742_ (net)
                      0.211534    0.000000    1.620159 v _1393_/A1 (gf180mcu_fd_sc_mcu7t5v0__oai21_1)
     4    0.021738    0.491103    0.333542    1.953701 ^ _1393_/ZN (gf180mcu_fd_sc_mcu7t5v0__oai21_1)
                                                         _0795_ (net)
                      0.491103    0.000000    1.953701 ^ _1396_/A1 (gf180mcu_fd_sc_mcu7t5v0__nand2_1)
     2    0.009314    0.210119    0.133774    2.087475 v _1396_/ZN (gf180mcu_fd_sc_mcu7t5v0__nand2_1)
                                                         _0798_ (net)
                      0.210119    0.000000    2.087475 v _1404_/A1 (gf180mcu_fd_sc_mcu7t5v0__aoi21_1)
     2    0.012259    0.350739    0.230468    2.317944 ^ _1404_/ZN (gf180mcu_fd_sc_mcu7t5v0__aoi21_1)
                                                         _0804_ (net)
                      0.350739    0.000000    2.317944 ^ _1412_/A1 (gf180mcu_fd_sc_mcu7t5v0__aoi21_1)
     1    0.007270    0.167764    0.107500    2.425444 v _1412_/ZN (gf180mcu_fd_sc_mcu7t5v0__aoi21_1)
                                                         _0811_ (net)
                      0.167764    0.000000    2.425444 v _1413_/A2 (gf180mcu_fd_sc_mcu7t5v0__xor2_1)
     1    0.003038    0.131064    0.280668    2.706112 v _1413_/Z (gf180mcu_fd_sc_mcu7t5v0__xor2_1)
                                                         _0097_ (net)
                      0.131064    0.000000    2.706112 v _2049_/D (gf180mcu_fd_sc_mcu7t5v0__dffrnq_1)
                                              2.706112   data arrival time

                      0.000000   81.379997   81.379997   clock clk (rise edge)
                                  0.000000   81.379997   clock network delay (ideal)
                                 -0.250000   81.129997   clock uncertainty
                                  0.000000   81.129997   clock reconvergence pessimism
                                             81.129997 ^ _2049_/CLK (gf180mcu_fd_sc_mcu7t5v0__dffrnq_1)
                                 -0.116435   81.013565   library setup time
                                             81.013565   data required time
---------------------------------------------------------------------------------------------
                                             81.013565   data required time
                                             -2.706112   data arrival time
---------------------------------------------------------------------------------------------
                                             78.307457   slack (MET)


Startpoint: _2057_ (rising edge-triggered flip-flop clocked by clk)
Endpoint: _2049_ (rising edge-triggered flip-flop clocked by clk_div)
Path Group: clk_div
Path Type: max

Fanout         Cap        Slew       Delay        Time   Description
---------------------------------------------------------------------------------------------
                      0.000000 20751.898438 20751.898438   clock clk (rise edge)
                                  0.000000 20751.898438   clock network delay (ideal)
                      0.000000    0.000000 20751.898438 ^ _2057_/CLK (gf180mcu_fd_sc_mcu7t5v0__dffrnq_1)
     8    0.032097    0.392715    0.698492 20752.597656 ^ _2057_/Q (gf180mcu_fd_sc_mcu7t5v0__dffrnq_1)
                                                         u_cas_int.out_int1[2] (net)
                      0.392715    0.000000 20752.597656 ^ _1281_/A2 (gf180mcu_fd_sc_mcu7t5v0__nor2_1)
     2    0.006832    0.190613    0.130967 20752.728516 v _1281_/ZN (gf180mcu_fd_sc_mcu7t5v0__nor2_1)
                                                         _0697_ (net)
                      0.190613    0.000000 20752.728516 v _1282_/A2 (gf180mcu_fd_sc_mcu7t5v0__or2_1)
     2    0.012070    0.150040    0.303771 20753.033203 v _1282_/Z (gf180mcu_fd_sc_mcu7t5v0__or2_1)
                                                         _0698_ (net)
                      0.150040    0.000000 20753.033203 v _1296_/A1 (gf180mcu_fd_sc_mcu7t5v0__oai31_1)
     3    0.016617    0.680574    0.405635 20753.437500 ^ _1296_/ZN (gf180mcu_fd_sc_mcu7t5v0__oai31_1)
                                                         _0710_ (net)
                      0.680574    0.000000 20753.437500 ^ _1332_/A1 (gf180mcu_fd_sc_mcu7t5v0__aoi21_1)
     1    0.004905    0.211534    0.081855 20753.519531 v _1332_/ZN (gf180mcu_fd_sc_mcu7t5v0__aoi21_1)
                                                         _0742_ (net)
                      0.211534    0.000000 20753.519531 v _1393_/A1 (gf180mcu_fd_sc_mcu7t5v0__oai21_1)
     4    0.021738    0.491103    0.332875 20753.853516 ^ _1393_/ZN (gf180mcu_fd_sc_mcu7t5v0__oai21_1)
                                                         _0795_ (net)
                      0.491103    0.000000 20753.853516 ^ _1396_/A1 (gf180mcu_fd_sc_mcu7t5v0__nand2_1)
     2    0.009314    0.210119    0.134605 20753.988281 v _1396_/ZN (gf180mcu_fd_sc_mcu7t5v0__nand2_1)
                                                         _0798_ (net)
                      0.210119    0.000000 20753.988281 v _1404_/A1 (gf180mcu_fd_sc_mcu7t5v0__aoi21_1)
     2    0.012259    0.350739    0.229193 20754.216797 ^ _1404_/ZN (gf180mcu_fd_sc_mcu7t5v0__aoi21_1)
                                                         _0804_ (net)
                      0.350739    0.000000 20754.216797 ^ _1412_/A1 (gf180mcu_fd_sc_mcu7t5v0__aoi21_1)
     1    0.007270    0.167764    0.107320 20754.324219 v _1412_/ZN (gf180mcu_fd_sc_mcu7t5v0__aoi21_1)
                                                         _0811_ (net)
                      0.167764    0.000000 20754.324219 v _1413_/A2 (gf180mcu_fd_sc_mcu7t5v0__xor2_1)
     1    0.003038    0.131064    0.281943 20754.605469 v _1413_/Z (gf180mcu_fd_sc_mcu7t5v0__xor2_1)
                                                         _0097_ (net)
                      0.131064    0.000000 20754.605469 v _2049_/D (gf180mcu_fd_sc_mcu7t5v0__dffrnq_1)
                                           20754.605469   data arrival time

                      0.000000 20833.279297 20833.279297   clock clk_div (rise edge)
                                  0.000000 20833.279297   clock network delay (ideal)
                                 -0.250000 20833.029297   clock uncertainty
                                  0.000000 20833.029297   clock reconvergence pessimism
                                           20833.029297 ^ _2049_/CLK (gf180mcu_fd_sc_mcu7t5v0__dffrnq_1)
                                 -0.116435 20832.914062   library setup time
                                           20832.914062   data required time
---------------------------------------------------------------------------------------------
                                           20832.914062   data required time
                                           -20754.605469   data arrival time
---------------------------------------------------------------------------------------------
                                             78.307457   slack (MET)


Startpoint: _2005_ (rising edge-triggered flip-flop clocked by clk)
Endpoint: _2024_ (rising edge-triggered flip-flop clocked by clk)
Path Group: clk
Path Type: max

Fanout         Cap        Slew       Delay        Time   Description
---------------------------------------------------------------------------------------------
                      0.000000    0.000000    0.000000   clock clk (rise edge)
                                  0.000000    0.000000   clock network delay (ideal)
                      0.000000    0.000000    0.000000 ^ _2005_/CLK (gf180mcu_fd_sc_mcu7t5v0__dffrnq_1)
     7    0.035694    0.430621    0.721343    0.721343 ^ _2005_/Q (gf180mcu_fd_sc_mcu7t5v0__dffrnq_1)
                                                         out_cas_int[0] (net)
                      0.430621    0.000000    0.721343 ^ _1119_/C (gf180mcu_fd_sc_mcu7t5v0__oai211_1)
     2    0.008943    0.266087    0.185782    0.907126 v _1119_/ZN (gf180mcu_fd_sc_mcu7t5v0__oai211_1)
                                                         _0559_ (net)
                      0.266087    0.000000    0.907126 v _1121_/A2 (gf180mcu_fd_sc_mcu7t5v0__aoi211_1)
     2    0.007624    0.408386    0.277957    1.185083 ^ _1121_/ZN (gf180mcu_fd_sc_mcu7t5v0__aoi211_1)
                                                         _0561_ (net)
                      0.408386    0.000000    1.185083 ^ _1142_/A1 (gf180mcu_fd_sc_mcu7t5v0__oai211_1)
     2    0.007593    0.225858    0.154260    1.339343 v _1142_/ZN (gf180mcu_fd_sc_mcu7t5v0__oai211_1)
                                                         _0578_ (net)
                      0.225858    0.000000    1.339343 v _1155_/A1 (gf180mcu_fd_sc_mcu7t5v0__aoi21_1)
     4    0.021821    0.530055    0.332954    1.672297 ^ _1155_/ZN (gf180mcu_fd_sc_mcu7t5v0__aoi21_1)
                                                         _0589_ (net)
                      0.530055    0.000000    1.672297 ^ _1217_/A1 (gf180mcu_fd_sc_mcu7t5v0__aoi21_1)
     4    0.020000    0.312602    0.213298    1.885595 v _1217_/ZN (gf180mcu_fd_sc_mcu7t5v0__aoi21_1)
                                                         _0643_ (net)
                      0.312602    0.000000    1.885595 v _1227_/A1 (gf180mcu_fd_sc_mcu7t5v0__oai21_1)
     1    0.004489    0.225445    0.187627    2.073222 ^ _1227_/ZN (gf180mcu_fd_sc_mcu7t5v0__oai21_1)
                                                         _0651_ (net)
                      0.225445    0.000000    2.073222 ^ _1229_/B (gf180mcu_fd_sc_mcu7t5v0__oai211_1)
     2    0.007500    0.274163    0.178578    2.251801 v _1229_/ZN (gf180mcu_fd_sc_mcu7t5v0__oai211_1)
                                                         _0653_ (net)
                      0.274163    0.000000    2.251801 v _1233_/A2 (gf180mcu_fd_sc_mcu7t5v0__and3_1)
     1    0.002920    0.083278    0.247627    2.499427 v _1233_/Z (gf180mcu_fd_sc_mcu7t5v0__and3_1)
                                                         _0656_ (net)
                      0.083278    0.000000    2.499427 v _1235_/A1 (gf180mcu_fd_sc_mcu7t5v0__or2_1)
     1    0.003038    0.091676    0.216498    2.715926 v _1235_/Z (gf180mcu_fd_sc_mcu7t5v0__or2_1)
                                                         _0122_ (net)
                      0.091676    0.000000    2.715926 v _2024_/D (gf180mcu_fd_sc_mcu7t5v0__dffrnq_1)
                                              2.715926   data arrival time

                      0.000000   81.379997   81.379997   clock clk (rise edge)
                                  0.000000   81.379997   clock network delay (ideal)
                                 -0.250000   81.129997   clock uncertainty
                                  0.000000   81.129997   clock reconvergence pessimism
                                             81.129997 ^ _2024_/CLK (gf180mcu_fd_sc_mcu7t5v0__dffrnq_1)
                                 -0.102478   81.027527   library setup time
                                             81.027527   data required time
---------------------------------------------------------------------------------------------
                                             81.027527   data required time
                                             -2.715926   data arrival time
---------------------------------------------------------------------------------------------
                                             78.311592   slack (MET)


Startpoint: _2005_ (rising edge-triggered flip-flop clocked by clk)
Endpoint: _2024_ (rising edge-triggered flip-flop clocked by clk_div)
Path Group: clk_div
Path Type: max

Fanout         Cap        Slew       Delay        Time   Description
---------------------------------------------------------------------------------------------
                      0.000000 20751.898438 20751.898438   clock clk (rise edge)
                                  0.000000 20751.898438   clock network delay (ideal)
                      0.000000    0.000000 20751.898438 ^ _2005_/CLK (gf180mcu_fd_sc_mcu7t5v0__dffrnq_1)
     7    0.035694    0.430621    0.722139 20752.621094 ^ _2005_/Q (gf180mcu_fd_sc_mcu7t5v0__dffrnq_1)
                                                         out_cas_int[0] (net)
                      0.430621    0.000000 20752.621094 ^ _1119_/C (gf180mcu_fd_sc_mcu7t5v0__oai211_1)
     2    0.008943    0.266087    0.185537 20752.806641 v _1119_/ZN (gf180mcu_fd_sc_mcu7t5v0__oai211_1)
                                                         _0559_ (net)
                      0.266087    0.000000 20752.806641 v _1121_/A2 (gf180mcu_fd_sc_mcu7t5v0__aoi211_1)
     2    0.007624    0.408386    0.278305 20753.085938 ^ _1121_/ZN (gf180mcu_fd_sc_mcu7t5v0__aoi211_1)
                                                         _0561_ (net)
                      0.408386    0.000000 20753.085938 ^ _1142_/A1 (gf180mcu_fd_sc_mcu7t5v0__oai211_1)
     2    0.007593    0.225858    0.152795 20753.238281 v _1142_/ZN (gf180mcu_fd_sc_mcu7t5v0__oai211_1)
                                                         _0578_ (net)
                      0.225858    0.000000 20753.238281 v _1155_/A1 (gf180mcu_fd_sc_mcu7t5v0__aoi21_1)
     4    0.021821    0.530055    0.332875 20753.570312 ^ _1155_/ZN (gf180mcu_fd_sc_mcu7t5v0__aoi21_1)
                                                         _0589_ (net)
                      0.530055    0.000000 20753.570312 ^ _1217_/A1 (gf180mcu_fd_sc_mcu7t5v0__aoi21_1)
     4    0.020000    0.312602    0.214641 20753.785156 v _1217_/ZN (gf180mcu_fd_sc_mcu7t5v0__aoi21_1)
                                                         _0643_ (net)
                      0.312602    0.000000 20753.785156 v _1227_/A1 (gf180mcu_fd_sc_mcu7t5v0__oai21_1)
     1    0.004489    0.225445    0.187356 20753.972656 ^ _1227_/ZN (gf180mcu_fd_sc_mcu7t5v0__oai21_1)
                                                         _0651_ (net)
                      0.225445    0.000000 20753.972656 ^ _1229_/B (gf180mcu_fd_sc_mcu7t5v0__oai211_1)
     2    0.007500    0.274163    0.178261 20754.150391 v _1229_/ZN (gf180mcu_fd_sc_mcu7t5v0__oai211_1)
                                                         _0653_ (net)
                      0.274163    0.000000 20754.150391 v _1233_/A2 (gf180mcu_fd_sc_mcu7t5v0__and3_1)
     1    0.002920    0.083278    0.247383 20754.398438 v _1233_/Z (gf180mcu_fd_sc_mcu7t5v0__and3_1)
                                                         _0656_ (net)
                      0.083278    0.000000 20754.398438 v _1235_/A1 (gf180mcu_fd_sc_mcu7t5v0__or2_1)
     1    0.003038    0.091676    0.216460 20754.615234 v _1235_/Z (gf180mcu_fd_sc_mcu7t5v0__or2_1)
                                                         _0122_ (net)
                      0.091676    0.000000 20754.615234 v _2024_/D (gf180mcu_fd_sc_mcu7t5v0__dffrnq_1)
                                           20754.615234   data arrival time

                      0.000000 20833.279297 20833.279297   clock clk_div (rise edge)
                                  0.000000 20833.279297   clock network delay (ideal)
                                 -0.250000 20833.029297   clock uncertainty
                                  0.000000 20833.029297   clock reconvergence pessimism
                                           20833.029297 ^ _2024_/CLK (gf180mcu_fd_sc_mcu7t5v0__dffrnq_1)
                                 -0.102478 20832.925781   library setup time
                                           20832.925781   data required time
---------------------------------------------------------------------------------------------
                                           20832.925781   data required time
                                           -20754.615234   data arrival time
---------------------------------------------------------------------------------------------
                                             78.311592   slack (MET)


Startpoint: _2005_ (rising edge-triggered flip-flop clocked by clk)
Endpoint: _2023_ (rising edge-triggered flip-flop clocked by clk)
Path Group: clk
Path Type: max

Fanout         Cap        Slew       Delay        Time   Description
---------------------------------------------------------------------------------------------
                      0.000000    0.000000    0.000000   clock clk (rise edge)
                                  0.000000    0.000000   clock network delay (ideal)
                      0.000000    0.000000    0.000000 ^ _2005_/CLK (gf180mcu_fd_sc_mcu7t5v0__dffrnq_1)
     7    0.035694    0.430621    0.721343    0.721343 ^ _2005_/Q (gf180mcu_fd_sc_mcu7t5v0__dffrnq_1)
                                                         out_cas_int[0] (net)
                      0.430621    0.000000    0.721343 ^ _1119_/C (gf180mcu_fd_sc_mcu7t5v0__oai211_1)
     2    0.008943    0.266087    0.185782    0.907126 v _1119_/ZN (gf180mcu_fd_sc_mcu7t5v0__oai211_1)
                                                         _0559_ (net)
                      0.266087    0.000000    0.907126 v _1121_/A2 (gf180mcu_fd_sc_mcu7t5v0__aoi211_1)
     2    0.007624    0.408386    0.277957    1.185083 ^ _1121_/ZN (gf180mcu_fd_sc_mcu7t5v0__aoi211_1)
                                                         _0561_ (net)
                      0.408386    0.000000    1.185083 ^ _1142_/A1 (gf180mcu_fd_sc_mcu7t5v0__oai211_1)
     2    0.007593    0.225858    0.154260    1.339343 v _1142_/ZN (gf180mcu_fd_sc_mcu7t5v0__oai211_1)
                                                         _0578_ (net)
                      0.225858    0.000000    1.339343 v _1155_/A1 (gf180mcu_fd_sc_mcu7t5v0__aoi21_1)
     4    0.021821    0.530055    0.332954    1.672297 ^ _1155_/ZN (gf180mcu_fd_sc_mcu7t5v0__aoi21_1)
                                                         _0589_ (net)
                      0.530055    0.000000    1.672297 ^ _1217_/A1 (gf180mcu_fd_sc_mcu7t5v0__aoi21_1)
     4    0.020000    0.312602    0.213298    1.885595 v _1217_/ZN (gf180mcu_fd_sc_mcu7t5v0__aoi21_1)
                                                         _0643_ (net)
                      0.312602    0.000000    1.885595 v _1218_/A1 (gf180mcu_fd_sc_mcu7t5v0__or2_1)
     2    0.009314    0.134604    0.334726    2.220321 v _1218_/Z (gf180mcu_fd_sc_mcu7t5v0__or2_1)
                                                         _0644_ (net)
                      0.134604    0.000000    2.220321 v _1228_/A1 (gf180mcu_fd_sc_mcu7t5v0__aoi21_1)
     1    0.007270    0.270175    0.157355    2.377676 ^ _1228_/ZN (gf180mcu_fd_sc_mcu7t5v0__aoi21_1)
                                                         _0652_ (net)
                      0.270175    0.000000    2.377676 ^ _1230_/A2 (gf180mcu_fd_sc_mcu7t5v0__xor2_1)
     1    0.003038    0.185393    0.202338    2.580014 ^ _1230_/Z (gf180mcu_fd_sc_mcu7t5v0__xor2_1)
                                                         _0121_ (net)
                      0.185393    0.000000    2.580014 ^ _2023_/D (gf180mcu_fd_sc_mcu7t5v0__dffrnq_1)
                                              2.580014   data arrival time

                      0.000000   81.379997   81.379997   clock clk (rise edge)
                                  0.000000   81.379997   clock network delay (ideal)
                                 -0.250000   81.129997   clock uncertainty
                                  0.000000   81.129997   clock reconvergence pessimism
                                             81.129997 ^ _2023_/CLK (gf180mcu_fd_sc_mcu7t5v0__dffrnq_1)
                                 -0.217051   80.912949   library setup time
                                             80.912949   data required time
---------------------------------------------------------------------------------------------
                                             80.912949   data required time
                                             -2.580014   data arrival time
---------------------------------------------------------------------------------------------
                                             78.332932   slack (MET)


Startpoint: _2005_ (rising edge-triggered flip-flop clocked by clk)
Endpoint: _2023_ (rising edge-triggered flip-flop clocked by clk_div)
Path Group: clk_div
Path Type: max

Fanout         Cap        Slew       Delay        Time   Description
---------------------------------------------------------------------------------------------
                      0.000000 20751.898438 20751.898438   clock clk (rise edge)
                                  0.000000 20751.898438   clock network delay (ideal)
                      0.000000    0.000000 20751.898438 ^ _2005_/CLK (gf180mcu_fd_sc_mcu7t5v0__dffrnq_1)
     7    0.035694    0.430621    0.722139 20752.621094 ^ _2005_/Q (gf180mcu_fd_sc_mcu7t5v0__dffrnq_1)
                                                         out_cas_int[0] (net)
                      0.430621    0.000000 20752.621094 ^ _1119_/C (gf180mcu_fd_sc_mcu7t5v0__oai211_1)
     2    0.008943    0.266087    0.185537 20752.806641 v _1119_/ZN (gf180mcu_fd_sc_mcu7t5v0__oai211_1)
                                                         _0559_ (net)
                      0.266087    0.000000 20752.806641 v _1121_/A2 (gf180mcu_fd_sc_mcu7t5v0__aoi211_1)
     2    0.007624    0.408386    0.278305 20753.085938 ^ _1121_/ZN (gf180mcu_fd_sc_mcu7t5v0__aoi211_1)
                                                         _0561_ (net)
                      0.408386    0.000000 20753.085938 ^ _1142_/A1 (gf180mcu_fd_sc_mcu7t5v0__oai211_1)
     2    0.007593    0.225858    0.152795 20753.238281 v _1142_/ZN (gf180mcu_fd_sc_mcu7t5v0__oai211_1)
                                                         _0578_ (net)
                      0.225858    0.000000 20753.238281 v _1155_/A1 (gf180mcu_fd_sc_mcu7t5v0__aoi21_1)
     4    0.021821    0.530055    0.332875 20753.570312 ^ _1155_/ZN (gf180mcu_fd_sc_mcu7t5v0__aoi21_1)
                                                         _0589_ (net)
                      0.530055    0.000000 20753.570312 ^ _1217_/A1 (gf180mcu_fd_sc_mcu7t5v0__aoi21_1)
     4    0.020000    0.312602    0.214641 20753.785156 v _1217_/ZN (gf180mcu_fd_sc_mcu7t5v0__aoi21_1)
                                                         _0643_ (net)
                      0.312602    0.000000 20753.785156 v _1218_/A1 (gf180mcu_fd_sc_mcu7t5v0__or2_1)
     2    0.009314    0.134604    0.334694 20754.121094 v _1218_/Z (gf180mcu_fd_sc_mcu7t5v0__or2_1)
                                                         _0644_ (net)
                      0.134604    0.000000 20754.121094 v _1228_/A1 (gf180mcu_fd_sc_mcu7t5v0__aoi21_1)
     1    0.007270    0.270175    0.156433 20754.277344 ^ _1228_/ZN (gf180mcu_fd_sc_mcu7t5v0__aoi21_1)
                                                         _0652_ (net)
                      0.270175    0.000000 20754.277344 ^ _1230_/A2 (gf180mcu_fd_sc_mcu7t5v0__xor2_1)
     1    0.003038    0.185393    0.201908 20754.478516 ^ _1230_/Z (gf180mcu_fd_sc_mcu7t5v0__xor2_1)
                                                         _0121_ (net)
                      0.185393    0.000000 20754.478516 ^ _2023_/D (gf180mcu_fd_sc_mcu7t5v0__dffrnq_1)
                                           20754.478516   data arrival time

                      0.000000 20833.279297 20833.279297   clock clk_div (rise edge)
                                  0.000000 20833.279297   clock network delay (ideal)
                                 -0.250000 20833.029297   clock uncertainty
                                  0.000000 20833.029297   clock reconvergence pessimism
                                           20833.029297 ^ _2023_/CLK (gf180mcu_fd_sc_mcu7t5v0__dffrnq_1)
                                 -0.217051 20832.812500   library setup time
                                           20832.812500   data required time
---------------------------------------------------------------------------------------------
                                           20832.812500   data required time
                                           -20754.478516   data arrival time
---------------------------------------------------------------------------------------------
                                             78.332932   slack (MET)


Startpoint: _2005_ (rising edge-triggered flip-flop clocked by clk)
Endpoint: _2022_ (rising edge-triggered flip-flop clocked by clk)
Path Group: clk
Path Type: max

Fanout         Cap        Slew       Delay        Time   Description
---------------------------------------------------------------------------------------------
                      0.000000    0.000000    0.000000   clock clk (rise edge)
                                  0.000000    0.000000   clock network delay (ideal)
                      0.000000    0.000000    0.000000 ^ _2005_/CLK (gf180mcu_fd_sc_mcu7t5v0__dffrnq_1)
     7    0.035694    0.430621    0.721343    0.721343 ^ _2005_/Q (gf180mcu_fd_sc_mcu7t5v0__dffrnq_1)
                                                         out_cas_int[0] (net)
                      0.430621    0.000000    0.721343 ^ _1119_/C (gf180mcu_fd_sc_mcu7t5v0__oai211_1)
     2    0.008943    0.266087    0.185782    0.907126 v _1119_/ZN (gf180mcu_fd_sc_mcu7t5v0__oai211_1)
                                                         _0559_ (net)
                      0.266087    0.000000    0.907126 v _1121_/A2 (gf180mcu_fd_sc_mcu7t5v0__aoi211_1)
     2    0.007624    0.408386    0.277957    1.185083 ^ _1121_/ZN (gf180mcu_fd_sc_mcu7t5v0__aoi211_1)
                                                         _0561_ (net)
                      0.408386    0.000000    1.185083 ^ _1142_/A1 (gf180mcu_fd_sc_mcu7t5v0__oai211_1)
     2    0.007593    0.225858    0.154260    1.339343 v _1142_/ZN (gf180mcu_fd_sc_mcu7t5v0__oai211_1)
                                                         _0578_ (net)
                      0.225858    0.000000    1.339343 v _1155_/A1 (gf180mcu_fd_sc_mcu7t5v0__aoi21_1)
     4    0.021821    0.530055    0.332954    1.672297 ^ _1155_/ZN (gf180mcu_fd_sc_mcu7t5v0__aoi21_1)
                                                         _0589_ (net)
                      0.530055    0.000000    1.672297 ^ _1217_/A1 (gf180mcu_fd_sc_mcu7t5v0__aoi21_1)
     4    0.020000    0.312602    0.213298    1.885595 v _1217_/ZN (gf180mcu_fd_sc_mcu7t5v0__aoi21_1)
                                                         _0643_ (net)
                      0.312602    0.000000    1.885595 v _1218_/A1 (gf180mcu_fd_sc_mcu7t5v0__or2_1)
     2    0.009314    0.134604    0.334726    2.220321 v _1218_/Z (gf180mcu_fd_sc_mcu7t5v0__or2_1)
                                                         _0644_ (net)
                      0.134604    0.000000    2.220321 v _1220_/A2 (gf180mcu_fd_sc_mcu7t5v0__nand2_1)
     1    0.007442    0.155477    0.129425    2.349746 ^ _1220_/ZN (gf180mcu_fd_sc_mcu7t5v0__nand2_1)
                                                         _0645_ (net)
                      0.155477    0.000000    2.349746 ^ _1223_/A1 (gf180mcu_fd_sc_mcu7t5v0__xor2_1)
     1    0.003038    0.190537    0.226089    2.575835 ^ _1223_/Z (gf180mcu_fd_sc_mcu7t5v0__xor2_1)
                                                         _0120_ (net)
                      0.190537    0.000000    2.575835 ^ _2022_/D (gf180mcu_fd_sc_mcu7t5v0__dffrnq_1)
                                              2.575835   data arrival time

                      0.000000   81.379997   81.379997   clock clk (rise edge)
                                  0.000000   81.379997   clock network delay (ideal)
                                 -0.250000   81.129997   clock uncertainty
                                  0.000000   81.129997   clock reconvergence pessimism
                                             81.129997 ^ _2022_/CLK (gf180mcu_fd_sc_mcu7t5v0__dffrnq_1)
                                 -0.218319   80.911674   library setup time
                                             80.911674   data required time
---------------------------------------------------------------------------------------------
                                             80.911674   data required time
                                             -2.575835   data arrival time
---------------------------------------------------------------------------------------------
                                             78.335838   slack (MET)


Startpoint: _2005_ (rising edge-triggered flip-flop clocked by clk)
Endpoint: _2022_ (rising edge-triggered flip-flop clocked by clk_div)
Path Group: clk_div
Path Type: max

Fanout         Cap        Slew       Delay        Time   Description
---------------------------------------------------------------------------------------------
                      0.000000 20751.898438 20751.898438   clock clk (rise edge)
                                  0.000000 20751.898438   clock network delay (ideal)
                      0.000000    0.000000 20751.898438 ^ _2005_/CLK (gf180mcu_fd_sc_mcu7t5v0__dffrnq_1)
     7    0.035694    0.430621    0.722139 20752.621094 ^ _2005_/Q (gf180mcu_fd_sc_mcu7t5v0__dffrnq_1)
                                                         out_cas_int[0] (net)
                      0.430621    0.000000 20752.621094 ^ _1119_/C (gf180mcu_fd_sc_mcu7t5v0__oai211_1)
     2    0.008943    0.266087    0.185537 20752.806641 v _1119_/ZN (gf180mcu_fd_sc_mcu7t5v0__oai211_1)
                                                         _0559_ (net)
                      0.266087    0.000000 20752.806641 v _1121_/A2 (gf180mcu_fd_sc_mcu7t5v0__aoi211_1)
     2    0.007624    0.408386    0.278305 20753.085938 ^ _1121_/ZN (gf180mcu_fd_sc_mcu7t5v0__aoi211_1)
                                                         _0561_ (net)
                      0.408386    0.000000 20753.085938 ^ _1142_/A1 (gf180mcu_fd_sc_mcu7t5v0__oai211_1)
     2    0.007593    0.225858    0.152795 20753.238281 v _1142_/ZN (gf180mcu_fd_sc_mcu7t5v0__oai211_1)
                                                         _0578_ (net)
                      0.225858    0.000000 20753.238281 v _1155_/A1 (gf180mcu_fd_sc_mcu7t5v0__aoi21_1)
     4    0.021821    0.530055    0.332875 20753.570312 ^ _1155_/ZN (gf180mcu_fd_sc_mcu7t5v0__aoi21_1)
                                                         _0589_ (net)
                      0.530055    0.000000 20753.570312 ^ _1217_/A1 (gf180mcu_fd_sc_mcu7t5v0__aoi21_1)
     4    0.020000    0.312602    0.214641 20753.785156 v _1217_/ZN (gf180mcu_fd_sc_mcu7t5v0__aoi21_1)
                                                         _0643_ (net)
                      0.312602    0.000000 20753.785156 v _1218_/A1 (gf180mcu_fd_sc_mcu7t5v0__or2_1)
     2    0.009314    0.134604    0.334694 20754.121094 v _1218_/Z (gf180mcu_fd_sc_mcu7t5v0__or2_1)
                                                         _0644_ (net)
                      0.134604    0.000000 20754.121094 v _1220_/A2 (gf180mcu_fd_sc_mcu7t5v0__nand2_1)
     1    0.007442    0.155477    0.129148 20754.250000 ^ _1220_/ZN (gf180mcu_fd_sc_mcu7t5v0__nand2_1)
                                                         _0645_ (net)
                      0.155477    0.000000 20754.250000 ^ _1223_/A1 (gf180mcu_fd_sc_mcu7t5v0__xor2_1)
     1    0.003038    0.190537    0.225555 20754.474609 ^ _1223_/Z (gf180mcu_fd_sc_mcu7t5v0__xor2_1)
                                                         _0120_ (net)
                      0.190537    0.000000 20754.474609 ^ _2022_/D (gf180mcu_fd_sc_mcu7t5v0__dffrnq_1)
                                           20754.474609   data arrival time

                      0.000000 20833.279297 20833.279297   clock clk_div (rise edge)
                                  0.000000 20833.279297   clock network delay (ideal)
                                 -0.250000 20833.029297   clock uncertainty
                                  0.000000 20833.029297   clock reconvergence pessimism
                                           20833.029297 ^ _2022_/CLK (gf180mcu_fd_sc_mcu7t5v0__dffrnq_1)
                                 -0.218319 20832.812500   library setup time
                                           20832.812500   data required time
---------------------------------------------------------------------------------------------
                                           20832.812500   data required time
                                           -20754.474609   data arrival time
---------------------------------------------------------------------------------------------
                                             78.335838   slack (MET)


Startpoint: _2057_ (rising edge-triggered flip-flop clocked by clk)
Endpoint: _2048_ (rising edge-triggered flip-flop clocked by clk)
Path Group: clk
Path Type: max

Fanout         Cap        Slew       Delay        Time   Description
---------------------------------------------------------------------------------------------
                      0.000000    0.000000    0.000000   clock clk (rise edge)
                                  0.000000    0.000000   clock network delay (ideal)
                      0.000000    0.000000    0.000000 ^ _2057_/CLK (gf180mcu_fd_sc_mcu7t5v0__dffrnq_1)
     8    0.032097    0.392715    0.698881    0.698881 ^ _2057_/Q (gf180mcu_fd_sc_mcu7t5v0__dffrnq_1)
                                                         u_cas_int.out_int1[2] (net)
                      0.392715    0.000000    0.698881 ^ _1281_/A2 (gf180mcu_fd_sc_mcu7t5v0__nor2_1)
     2    0.006832    0.190613    0.130251    0.829132 v _1281_/ZN (gf180mcu_fd_sc_mcu7t5v0__nor2_1)
                                                         _0697_ (net)
                      0.190613    0.000000    0.829132 v _1282_/A2 (gf180mcu_fd_sc_mcu7t5v0__or2_1)
     2    0.012070    0.150040    0.304025    1.133157 v _1282_/Z (gf180mcu_fd_sc_mcu7t5v0__or2_1)
                                                         _0698_ (net)
                      0.150040    0.000000    1.133157 v _1296_/A1 (gf180mcu_fd_sc_mcu7t5v0__oai31_1)
     3    0.016617    0.680574    0.406323    1.539480 ^ _1296_/ZN (gf180mcu_fd_sc_mcu7t5v0__oai31_1)
                                                         _0710_ (net)
                      0.680574    0.000000    1.539480 ^ _1332_/A1 (gf180mcu_fd_sc_mcu7t5v0__aoi21_1)
     1    0.004905    0.211534    0.080679    1.620159 v _1332_/ZN (gf180mcu_fd_sc_mcu7t5v0__aoi21_1)
                                                         _0742_ (net)
                      0.211534    0.000000    1.620159 v _1393_/A1 (gf180mcu_fd_sc_mcu7t5v0__oai21_1)
     4    0.021738    0.491103    0.333542    1.953701 ^ _1393_/ZN (gf180mcu_fd_sc_mcu7t5v0__oai21_1)
                                                         _0795_ (net)
                      0.491103    0.000000    1.953701 ^ _1396_/A1 (gf180mcu_fd_sc_mcu7t5v0__nand2_1)
     2    0.009314    0.210119    0.133774    2.087475 v _1396_/ZN (gf180mcu_fd_sc_mcu7t5v0__nand2_1)
                                                         _0798_ (net)
                      0.210119    0.000000    2.087475 v _1404_/A1 (gf180mcu_fd_sc_mcu7t5v0__aoi21_1)
     2    0.012259    0.350739    0.230468    2.317944 ^ _1404_/ZN (gf180mcu_fd_sc_mcu7t5v0__aoi21_1)
                                                         _0804_ (net)
                      0.350739    0.000000    2.317944 ^ _1408_/A3 (gf180mcu_fd_sc_mcu7t5v0__xor3_1)
     1    0.003038    0.192342    0.237539    2.555483 ^ _1408_/Z (gf180mcu_fd_sc_mcu7t5v0__xor3_1)
                                                         _0096_ (net)
                      0.192342    0.000000    2.555483 ^ _2048_/D (gf180mcu_fd_sc_mcu7t5v0__dffrnq_1)
                                              2.555483   data arrival time

                      0.000000   81.379997   81.379997   clock clk (rise edge)
                                  0.000000   81.379997   clock network delay (ideal)
                                 -0.250000   81.129997   clock uncertainty
                                  0.000000   81.129997   clock reconvergence pessimism
                                             81.129997 ^ _2048_/CLK (gf180mcu_fd_sc_mcu7t5v0__dffrnq_1)
                                 -0.218764   80.911240   library setup time
                                             80.911240   data required time
---------------------------------------------------------------------------------------------
                                             80.911240   data required time
                                             -2.555483   data arrival time
---------------------------------------------------------------------------------------------
                                             78.355759   slack (MET)


Startpoint: _2057_ (rising edge-triggered flip-flop clocked by clk)
Endpoint: _2048_ (rising edge-triggered flip-flop clocked by clk_div)
Path Group: clk_div
Path Type: max

Fanout         Cap        Slew       Delay        Time   Description
---------------------------------------------------------------------------------------------
                      0.000000 20751.898438 20751.898438   clock clk (rise edge)
                                  0.000000 20751.898438   clock network delay (ideal)
                      0.000000    0.000000 20751.898438 ^ _2057_/CLK (gf180mcu_fd_sc_mcu7t5v0__dffrnq_1)
     8    0.032097    0.392715    0.698492 20752.597656 ^ _2057_/Q (gf180mcu_fd_sc_mcu7t5v0__dffrnq_1)
                                                         u_cas_int.out_int1[2] (net)
                      0.392715    0.000000 20752.597656 ^ _1281_/A2 (gf180mcu_fd_sc_mcu7t5v0__nor2_1)
     2    0.006832    0.190613    0.130967 20752.728516 v _1281_/ZN (gf180mcu_fd_sc_mcu7t5v0__nor2_1)
                                                         _0697_ (net)
                      0.190613    0.000000 20752.728516 v _1282_/A2 (gf180mcu_fd_sc_mcu7t5v0__or2_1)
     2    0.012070    0.150040    0.303771 20753.033203 v _1282_/Z (gf180mcu_fd_sc_mcu7t5v0__or2_1)
                                                         _0698_ (net)
                      0.150040    0.000000 20753.033203 v _1296_/A1 (gf180mcu_fd_sc_mcu7t5v0__oai31_1)
     3    0.016617    0.680574    0.405635 20753.437500 ^ _1296_/ZN (gf180mcu_fd_sc_mcu7t5v0__oai31_1)
                                                         _0710_ (net)
                      0.680574    0.000000 20753.437500 ^ _1332_/A1 (gf180mcu_fd_sc_mcu7t5v0__aoi21_1)
     1    0.004905    0.211534    0.081855 20753.519531 v _1332_/ZN (gf180mcu_fd_sc_mcu7t5v0__aoi21_1)
                                                         _0742_ (net)
                      0.211534    0.000000 20753.519531 v _1393_/A1 (gf180mcu_fd_sc_mcu7t5v0__oai21_1)
     4    0.021738    0.491103    0.332875 20753.853516 ^ _1393_/ZN (gf180mcu_fd_sc_mcu7t5v0__oai21_1)
                                                         _0795_ (net)
                      0.491103    0.000000 20753.853516 ^ _1396_/A1 (gf180mcu_fd_sc_mcu7t5v0__nand2_1)
     2    0.009314    0.210119    0.134605 20753.988281 v _1396_/ZN (gf180mcu_fd_sc_mcu7t5v0__nand2_1)
                                                         _0798_ (net)
                      0.210119    0.000000 20753.988281 v _1404_/A1 (gf180mcu_fd_sc_mcu7t5v0__aoi21_1)
     2    0.012259    0.350739    0.229193 20754.216797 ^ _1404_/ZN (gf180mcu_fd_sc_mcu7t5v0__aoi21_1)
                                                         _0804_ (net)
                      0.350739    0.000000 20754.216797 ^ _1408_/A3 (gf180mcu_fd_sc_mcu7t5v0__xor3_1)
     1    0.003038    0.192342    0.238288 20754.455078 ^ _1408_/Z (gf180mcu_fd_sc_mcu7t5v0__xor3_1)
                                                         _0096_ (net)
                      0.192342    0.000000 20754.455078 ^ _2048_/D (gf180mcu_fd_sc_mcu7t5v0__dffrnq_1)
                                           20754.455078   data arrival time

                      0.000000 20833.279297 20833.279297   clock clk_div (rise edge)
                                  0.000000 20833.279297   clock network delay (ideal)
                                 -0.250000 20833.029297   clock uncertainty
                                  0.000000 20833.029297   clock reconvergence pessimism
                                           20833.029297 ^ _2048_/CLK (gf180mcu_fd_sc_mcu7t5v0__dffrnq_1)
                                 -0.218764 20832.810547   library setup time
                                           20832.810547   data required time
---------------------------------------------------------------------------------------------
                                           20832.810547   data required time
                                           -20754.455078   data arrival time
---------------------------------------------------------------------------------------------
                                             78.355759   slack (MET)


Startpoint: _2034_ (rising edge-triggered flip-flop clocked by clk)
Endpoint: _2026_ (rising edge-triggered flip-flop clocked by clk)
Path Group: clk
Path Type: max

Fanout         Cap        Slew       Delay        Time   Description
---------------------------------------------------------------------------------------------
                      0.000000    0.000000    0.000000   clock clk (rise edge)
                                  0.000000    0.000000   clock network delay (ideal)
                      0.000000    0.000000    0.000000 ^ _2034_/CLK (gf180mcu_fd_sc_mcu7t5v0__dffrnq_1)
    11    0.044753    0.529443    0.778029    0.778029 ^ _2034_/Q (gf180mcu_fd_sc_mcu7t5v0__dffrnq_1)
                                                         u_cas_int.out_int2[4] (net)
                      0.529443    0.000000    0.778029 ^ _1128_/A1 (gf180mcu_fd_sc_mcu7t5v0__and2_1)
     2    0.008806    0.145443    0.258391    1.036420 ^ _1128_/Z (gf180mcu_fd_sc_mcu7t5v0__and2_1)
                                                         _0566_ (net)
                      0.145443    0.000000    1.036420 ^ _1141_/A3 (gf180mcu_fd_sc_mcu7t5v0__nor3_1)
     1    0.004489    0.146539    0.114762    1.151182 v _1141_/ZN (gf180mcu_fd_sc_mcu7t5v0__nor3_1)
                                                         _0577_ (net)
                      0.146539    0.000000    1.151182 v _1142_/B (gf180mcu_fd_sc_mcu7t5v0__oai211_1)
     2    0.007593    0.310867    0.200662    1.351844 ^ _1142_/ZN (gf180mcu_fd_sc_mcu7t5v0__oai211_1)
                                                         _0578_ (net)
                      0.310867    0.000000    1.351844 ^ _1155_/A1 (gf180mcu_fd_sc_mcu7t5v0__aoi21_1)
     4    0.021821    0.315477    0.203942    1.555786 v _1155_/ZN (gf180mcu_fd_sc_mcu7t5v0__aoi21_1)
                                                         _0589_ (net)
                      0.315477    0.000000    1.555786 v _1217_/A1 (gf180mcu_fd_sc_mcu7t5v0__aoi21_1)
     4    0.020000    0.495765    0.341636    1.897422 ^ _1217_/ZN (gf180mcu_fd_sc_mcu7t5v0__aoi21_1)
                                                         _0643_ (net)
                      0.495765    0.000000    1.897422 ^ _1242_/A1 (gf180mcu_fd_sc_mcu7t5v0__oai21_1)
     3    0.017087    0.283835    0.190615    2.088037 v _1242_/ZN (gf180mcu_fd_sc_mcu7t5v0__oai21_1)
                                                         _0664_ (net)
                      0.283835    0.000000    2.088037 v _1247_/A1 (gf180mcu_fd_sc_mcu7t5v0__aoi21_1)
     1    0.007431    0.258231    0.204318    2.292354 ^ _1247_/ZN (gf180mcu_fd_sc_mcu7t5v0__aoi21_1)
                                                         _0668_ (net)
                      0.258231    0.000000    2.292354 ^ _1250_/A3 (gf180mcu_fd_sc_mcu7t5v0__xor3_1)
     1    0.003038    0.192124    0.233179    2.525533 ^ _1250_/Z (gf180mcu_fd_sc_mcu7t5v0__xor3_1)
                                                         _0125_ (net)
                      0.192124    0.000000    2.525533 ^ _2026_/D (gf180mcu_fd_sc_mcu7t5v0__dffrnq_1)
                                              2.525533   data arrival time

                      0.000000   81.379997   81.379997   clock clk (rise edge)
                                  0.000000   81.379997   clock network delay (ideal)
                                 -0.250000   81.129997   clock uncertainty
                                  0.000000   81.129997   clock reconvergence pessimism
                                             81.129997 ^ _2026_/CLK (gf180mcu_fd_sc_mcu7t5v0__dffrnq_1)
                                 -0.218710   80.911285   library setup time
                                             80.911285   data required time
---------------------------------------------------------------------------------------------
                                             80.911285   data required time
                                             -2.525533   data arrival time
---------------------------------------------------------------------------------------------
                                             78.385757   slack (MET)


Startpoint: _2034_ (rising edge-triggered flip-flop clocked by clk)
Endpoint: _2026_ (rising edge-triggered flip-flop clocked by clk_div)
Path Group: clk_div
Path Type: max

Fanout         Cap        Slew       Delay        Time   Description
---------------------------------------------------------------------------------------------
                      0.000000 20751.898438 20751.898438   clock clk (rise edge)
                                  0.000000 20751.898438   clock network delay (ideal)
                      0.000000    0.000000 20751.898438 ^ _2034_/CLK (gf180mcu_fd_sc_mcu7t5v0__dffrnq_1)
    11    0.044753    0.529443    0.778527 20752.677734 ^ _2034_/Q (gf180mcu_fd_sc_mcu7t5v0__dffrnq_1)
                                                         u_cas_int.out_int2[4] (net)
                      0.529443    0.000000 20752.677734 ^ _1128_/A1 (gf180mcu_fd_sc_mcu7t5v0__and2_1)
     2    0.008806    0.145443    0.258296 20752.935547 ^ _1128_/Z (gf180mcu_fd_sc_mcu7t5v0__and2_1)
                                                         _0566_ (net)
                      0.145443    0.000000 20752.935547 ^ _1141_/A3 (gf180mcu_fd_sc_mcu7t5v0__nor3_1)
     1    0.004489    0.146539    0.114596 20753.050781 v _1141_/ZN (gf180mcu_fd_sc_mcu7t5v0__nor3_1)
                                                         _0577_ (net)
                      0.146539    0.000000 20753.050781 v _1142_/B (gf180mcu_fd_sc_mcu7t5v0__oai211_1)
     2    0.007593    0.310867    0.200089 20753.250000 ^ _1142_/ZN (gf180mcu_fd_sc_mcu7t5v0__oai211_1)
                                                         _0578_ (net)
                      0.310867    0.000000 20753.250000 ^ _1155_/A1 (gf180mcu_fd_sc_mcu7t5v0__aoi21_1)
     4    0.021821    0.315477    0.203727 20753.455078 v _1155_/ZN (gf180mcu_fd_sc_mcu7t5v0__aoi21_1)
                                                         _0589_ (net)
                      0.315477    0.000000 20753.455078 v _1217_/A1 (gf180mcu_fd_sc_mcu7t5v0__aoi21_1)
     4    0.020000    0.495765    0.341970 20753.796875 ^ _1217_/ZN (gf180mcu_fd_sc_mcu7t5v0__aoi21_1)
                                                         _0643_ (net)
                      0.495765    0.000000 20753.796875 ^ _1242_/A1 (gf180mcu_fd_sc_mcu7t5v0__oai21_1)
     3    0.017087    0.283835    0.190994 20753.988281 v _1242_/ZN (gf180mcu_fd_sc_mcu7t5v0__oai21_1)
                                                         _0664_ (net)
                      0.283835    0.000000 20753.988281 v _1247_/A1 (gf180mcu_fd_sc_mcu7t5v0__aoi21_1)
     1    0.007431    0.258231    0.203727 20754.191406 ^ _1247_/ZN (gf180mcu_fd_sc_mcu7t5v0__aoi21_1)
                                                         _0668_ (net)
                      0.258231    0.000000 20754.191406 ^ _1250_/A3 (gf180mcu_fd_sc_mcu7t5v0__xor3_1)
     1    0.003038    0.192124    0.232831 20754.423828 ^ _1250_/Z (gf180mcu_fd_sc_mcu7t5v0__xor3_1)
                                                         _0125_ (net)
                      0.192124    0.000000 20754.423828 ^ _2026_/D (gf180mcu_fd_sc_mcu7t5v0__dffrnq_1)
                                           20754.423828   data arrival time

                      0.000000 20833.279297 20833.279297   clock clk_div (rise edge)
                                  0.000000 20833.279297   clock network delay (ideal)
                                 -0.250000 20833.029297   clock uncertainty
                                  0.000000 20833.029297   clock reconvergence pessimism
                                           20833.029297 ^ _2026_/CLK (gf180mcu_fd_sc_mcu7t5v0__dffrnq_1)
                                 -0.218710 20832.810547   library setup time
                                           20832.810547   data required time
---------------------------------------------------------------------------------------------
                                           20832.810547   data required time
                                           -20754.423828   data arrival time
---------------------------------------------------------------------------------------------
                                             78.385757   slack (MET)


Startpoint: _2034_ (rising edge-triggered flip-flop clocked by clk)
Endpoint: _2018_ (rising edge-triggered flip-flop clocked by clk)
Path Group: clk
Path Type: max

Fanout         Cap        Slew       Delay        Time   Description
---------------------------------------------------------------------------------------------
                      0.000000    0.000000    0.000000   clock clk (rise edge)
                                  0.000000    0.000000   clock network delay (ideal)
                      0.000000    0.000000    0.000000 ^ _2034_/CLK (gf180mcu_fd_sc_mcu7t5v0__dffrnq_1)
    11    0.044753    0.529443    0.778029    0.778029 ^ _2034_/Q (gf180mcu_fd_sc_mcu7t5v0__dffrnq_1)
                                                         u_cas_int.out_int2[4] (net)
                      0.529443    0.000000    0.778029 ^ _1128_/A1 (gf180mcu_fd_sc_mcu7t5v0__and2_1)
     2    0.008806    0.145443    0.258391    1.036420 ^ _1128_/Z (gf180mcu_fd_sc_mcu7t5v0__and2_1)
                                                         _0566_ (net)
                      0.145443    0.000000    1.036420 ^ _1141_/A3 (gf180mcu_fd_sc_mcu7t5v0__nor3_1)
     1    0.004489    0.146539    0.114762    1.151182 v _1141_/ZN (gf180mcu_fd_sc_mcu7t5v0__nor3_1)
                                                         _0577_ (net)
                      0.146539    0.000000    1.151182 v _1142_/B (gf180mcu_fd_sc_mcu7t5v0__oai211_1)
     2    0.007593    0.310867    0.200662    1.351844 ^ _1142_/ZN (gf180mcu_fd_sc_mcu7t5v0__oai211_1)
                                                         _0578_ (net)
                      0.310867    0.000000    1.351844 ^ _1155_/A1 (gf180mcu_fd_sc_mcu7t5v0__aoi21_1)
     4    0.021821    0.315477    0.203942    1.555786 v _1155_/ZN (gf180mcu_fd_sc_mcu7t5v0__aoi21_1)
                                                         _0589_ (net)
                      0.315477    0.000000    1.555786 v _1167_/A1 (gf180mcu_fd_sc_mcu7t5v0__aoi21_1)
     3    0.017212    0.442873    0.313541    1.869327 ^ _1167_/ZN (gf180mcu_fd_sc_mcu7t5v0__aoi21_1)
                                                         _0599_ (net)
                      0.442873    0.000000    1.869327 ^ _1181_/A1 (gf180mcu_fd_sc_mcu7t5v0__oai22_1)
     3    0.017098    0.287494    0.208588    2.077915 v _1181_/ZN (gf180mcu_fd_sc_mcu7t5v0__oai22_1)
                                                         _0611_ (net)
                      0.287494    0.000000    2.077915 v _1186_/A1 (gf180mcu_fd_sc_mcu7t5v0__aoi21_1)
     1    0.006918    0.252411    0.200187    2.278101 ^ _1186_/ZN (gf180mcu_fd_sc_mcu7t5v0__aoi21_1)
                                                         _0615_ (net)
                      0.252411    0.000000    2.278101 ^ _1189_/A3 (gf180mcu_fd_sc_mcu7t5v0__xnor3_1)
     1    0.003038    0.182152    0.223470    2.501571 ^ _1189_/ZN (gf180mcu_fd_sc_mcu7t5v0__xnor3_1)
                                                         _0116_ (net)
                      0.182152    0.000000    2.501571 ^ _2018_/D (gf180mcu_fd_sc_mcu7t5v0__dffrnq_1)
                                              2.501571   data arrival time

                      0.000000   81.379997   81.379997   clock clk (rise edge)
                                  0.000000   81.379997   clock network delay (ideal)
                                 -0.250000   81.129997   clock uncertainty
                                  0.000000   81.129997   clock reconvergence pessimism
                                             81.129997 ^ _2018_/CLK (gf180mcu_fd_sc_mcu7t5v0__dffrnq_1)
                                 -0.216252   80.913742   library setup time
                                             80.913742   data required time
---------------------------------------------------------------------------------------------
                                             80.913742   data required time
                                             -2.501571   data arrival time
---------------------------------------------------------------------------------------------
                                             78.412170   slack (MET)


Startpoint: _2034_ (rising edge-triggered flip-flop clocked by clk)
Endpoint: _2018_ (rising edge-triggered flip-flop clocked by clk_div)
Path Group: clk_div
Path Type: max

Fanout         Cap        Slew       Delay        Time   Description
---------------------------------------------------------------------------------------------
                      0.000000 20751.898438 20751.898438   clock clk (rise edge)
                                  0.000000 20751.898438   clock network delay (ideal)
                      0.000000    0.000000 20751.898438 ^ _2034_/CLK (gf180mcu_fd_sc_mcu7t5v0__dffrnq_1)
    11    0.044753    0.529443    0.778527 20752.677734 ^ _2034_/Q (gf180mcu_fd_sc_mcu7t5v0__dffrnq_1)
                                                         u_cas_int.out_int2[4] (net)
                      0.529443    0.000000 20752.677734 ^ _1128_/A1 (gf180mcu_fd_sc_mcu7t5v0__and2_1)
     2    0.008806    0.145443    0.258296 20752.935547 ^ _1128_/Z (gf180mcu_fd_sc_mcu7t5v0__and2_1)
                                                         _0566_ (net)
                      0.145443    0.000000 20752.935547 ^ _1141_/A3 (gf180mcu_fd_sc_mcu7t5v0__nor3_1)
     1    0.004489    0.146539    0.114596 20753.050781 v _1141_/ZN (gf180mcu_fd_sc_mcu7t5v0__nor3_1)
                                                         _0577_ (net)
                      0.146539    0.000000 20753.050781 v _1142_/B (gf180mcu_fd_sc_mcu7t5v0__oai211_1)
     2    0.007593    0.310867    0.200089 20753.250000 ^ _1142_/ZN (gf180mcu_fd_sc_mcu7t5v0__oai211_1)
                                                         _0578_ (net)
                      0.310867    0.000000 20753.250000 ^ _1155_/A1 (gf180mcu_fd_sc_mcu7t5v0__aoi21_1)
     4    0.021821    0.315477    0.203727 20753.455078 v _1155_/ZN (gf180mcu_fd_sc_mcu7t5v0__aoi21_1)
                                                         _0589_ (net)
                      0.315477    0.000000 20753.455078 v _1167_/A1 (gf180mcu_fd_sc_mcu7t5v0__aoi21_1)
     3    0.017212    0.442873    0.314685 20753.769531 ^ _1167_/ZN (gf180mcu_fd_sc_mcu7t5v0__aoi21_1)
                                                         _0599_ (net)
                      0.442873    0.000000 20753.769531 ^ _1181_/A1 (gf180mcu_fd_sc_mcu7t5v0__oai22_1)
     3    0.017098    0.287494    0.207365 20753.976562 v _1181_/ZN (gf180mcu_fd_sc_mcu7t5v0__oai22_1)
                                                         _0611_ (net)
                      0.287494    0.000000 20753.976562 v _1186_/A1 (gf180mcu_fd_sc_mcu7t5v0__aoi21_1)
     1    0.006918    0.252411    0.200089 20754.175781 ^ _1186_/ZN (gf180mcu_fd_sc_mcu7t5v0__aoi21_1)
                                                         _0615_ (net)
                      0.252411    0.000000 20754.175781 ^ _1189_/A3 (gf180mcu_fd_sc_mcu7t5v0__xnor3_1)
     1    0.003038    0.182152    0.223736 20754.400391 ^ _1189_/ZN (gf180mcu_fd_sc_mcu7t5v0__xnor3_1)
                                                         _0116_ (net)
                      0.182152    0.000000 20754.400391 ^ _2018_/D (gf180mcu_fd_sc_mcu7t5v0__dffrnq_1)
                                           20754.400391   data arrival time

                      0.000000 20833.279297 20833.279297   clock clk_div (rise edge)
                                  0.000000 20833.279297   clock network delay (ideal)
                                 -0.250000 20833.029297   clock uncertainty
                                  0.000000 20833.029297   clock reconvergence pessimism
                                           20833.029297 ^ _2018_/CLK (gf180mcu_fd_sc_mcu7t5v0__dffrnq_1)
                                 -0.216252 20832.812500   library setup time
                                           20832.812500   data required time
---------------------------------------------------------------------------------------------
                                           20832.812500   data required time
                                           -20754.400391   data arrival time
---------------------------------------------------------------------------------------------
                                             78.412170   slack (MET)


Startpoint: _2037_ (rising edge-triggered flip-flop clocked by clk)
Endpoint: _2045_ (rising edge-triggered flip-flop clocked by clk)
Path Group: clk
Path Type: max

Fanout         Cap        Slew       Delay        Time   Description
---------------------------------------------------------------------------------------------
                      0.000000    0.000000    0.000000   clock clk (rise edge)
                                  0.000000    0.000000   clock network delay (ideal)
                      0.000000    0.000000    0.000000 ^ _2037_/CLK (gf180mcu_fd_sc_mcu7t5v0__dffrnq_1)
    10    0.044567    0.527414    0.776865    0.776865 ^ _2037_/Q (gf180mcu_fd_sc_mcu7t5v0__dffrnq_1)
                                                         u_cas_int.out_int2[7] (net)
                      0.527414    0.000000    0.776865 ^ _1321_/B2 (gf180mcu_fd_sc_mcu7t5v0__oai22_1)
     1    0.004215    0.224877    0.136558    0.913423 v _1321_/ZN (gf180mcu_fd_sc_mcu7t5v0__oai22_1)
                                                         _0731_ (net)
                      0.224877    0.000000    0.913423 v _1322_/A1 (gf180mcu_fd_sc_mcu7t5v0__nor3_1)
     3    0.012380    0.455444    0.295305    1.208728 ^ _1322_/ZN (gf180mcu_fd_sc_mcu7t5v0__nor3_1)
                                                         _0732_ (net)
                      0.455444    0.000000    1.208728 ^ _1327_/A1 (gf180mcu_fd_sc_mcu7t5v0__nand2_1)
     1    0.004749    0.160151    0.092018    1.300746 v _1327_/ZN (gf180mcu_fd_sc_mcu7t5v0__nand2_1)
                                                         _0737_ (net)
                      0.160151    0.000000    1.300746 v _1333_/A2 (gf180mcu_fd_sc_mcu7t5v0__oai21_1)
     5    0.026179    0.574396    0.369761    1.670507 ^ _1333_/ZN (gf180mcu_fd_sc_mcu7t5v0__oai21_1)
                                                         _0743_ (net)
                      0.574396    0.000000    1.670507 ^ _1362_/A1 (gf180mcu_fd_sc_mcu7t5v0__nand2_1)
     1    0.004828    0.182821    0.094358    1.764865 v _1362_/ZN (gf180mcu_fd_sc_mcu7t5v0__nand2_1)
                                                         _0768_ (net)
                      0.182821    0.000000    1.764865 v _1367_/A1 (gf180mcu_fd_sc_mcu7t5v0__aoi21_1)
     3    0.013734    0.377710    0.237988    2.002853 ^ _1367_/ZN (gf180mcu_fd_sc_mcu7t5v0__aoi21_1)
                                                         _0773_ (net)
                      0.377710    0.000000    2.002853 ^ _1379_/A1 (gf180mcu_fd_sc_mcu7t5v0__oai211_1)
     1    0.004486    0.185266    0.123071    2.125923 v _1379_/ZN (gf180mcu_fd_sc_mcu7t5v0__oai211_1)
                                                         _0783_ (net)
                      0.185266    0.000000    2.125923 v _1384_/A2 (gf180mcu_fd_sc_mcu7t5v0__nand2_1)
     1    0.007431    0.161734    0.145217    2.271140 ^ _1384_/ZN (gf180mcu_fd_sc_mcu7t5v0__nand2_1)
                                                         _0787_ (net)
                      0.161734    0.000000    2.271140 ^ _1385_/A3 (gf180mcu_fd_sc_mcu7t5v0__xor3_1)
     1    0.003038    0.193074    0.226477    2.497617 ^ _1385_/Z (gf180mcu_fd_sc_mcu7t5v0__xor3_1)
                                                         _0093_ (net)
                      0.193074    0.000000    2.497617 ^ _2045_/D (gf180mcu_fd_sc_mcu7t5v0__dffrnq_1)
                                              2.497617   data arrival time

                      0.000000   81.379997   81.379997   clock clk (rise edge)
                                  0.000000   81.379997   clock network delay (ideal)
                                 -0.250000   81.129997   clock uncertainty
                                  0.000000   81.129997   clock reconvergence pessimism
                                             81.129997 ^ _2045_/CLK (gf180mcu_fd_sc_mcu7t5v0__dffrnq_1)
                                 -0.218945   80.911049   library setup time
                                             80.911049   data required time
---------------------------------------------------------------------------------------------
                                             80.911049   data required time
                                             -2.497617   data arrival time
---------------------------------------------------------------------------------------------
                                             78.413437   slack (MET)


Startpoint: _2037_ (rising edge-triggered flip-flop clocked by clk)
Endpoint: _2045_ (rising edge-triggered flip-flop clocked by clk_div)
Path Group: clk_div
Path Type: max

Fanout         Cap        Slew       Delay        Time   Description
---------------------------------------------------------------------------------------------
                      0.000000 20751.898438 20751.898438   clock clk (rise edge)
                                  0.000000 20751.898438   clock network delay (ideal)
                      0.000000    0.000000 20751.898438 ^ _2037_/CLK (gf180mcu_fd_sc_mcu7t5v0__dffrnq_1)
    10    0.044567    0.527414    0.776708 20752.675781 ^ _2037_/Q (gf180mcu_fd_sc_mcu7t5v0__dffrnq_1)
                                                         u_cas_int.out_int2[7] (net)
                      0.527414    0.000000 20752.675781 ^ _1321_/B2 (gf180mcu_fd_sc_mcu7t5v0__oai22_1)
     1    0.004215    0.224877    0.136424 20752.812500 v _1321_/ZN (gf180mcu_fd_sc_mcu7t5v0__oai22_1)
                                                         _0731_ (net)
                      0.224877    0.000000 20752.812500 v _1322_/A1 (gf180mcu_fd_sc_mcu7t5v0__nor3_1)
     3    0.012380    0.455444    0.296495 20753.109375 ^ _1322_/ZN (gf180mcu_fd_sc_mcu7t5v0__nor3_1)
                                                         _0732_ (net)
                      0.455444    0.000000 20753.109375 ^ _1327_/A1 (gf180mcu_fd_sc_mcu7t5v0__nand2_1)
     1    0.004749    0.160151    0.090949 20753.199219 v _1327_/ZN (gf180mcu_fd_sc_mcu7t5v0__nand2_1)
                                                         _0737_ (net)
                      0.160151    0.000000 20753.199219 v _1333_/A2 (gf180mcu_fd_sc_mcu7t5v0__oai21_1)
     5    0.026179    0.574396    0.369255 20753.568359 ^ _1333_/ZN (gf180mcu_fd_sc_mcu7t5v0__oai21_1)
                                                         _0743_ (net)
                      0.574396    0.000000 20753.568359 ^ _1362_/A1 (gf180mcu_fd_sc_mcu7t5v0__nand2_1)
     1    0.004828    0.182821    0.094587 20753.664062 v _1362_/ZN (gf180mcu_fd_sc_mcu7t5v0__nand2_1)
                                                         _0768_ (net)
                      0.182821    0.000000 20753.664062 v _1367_/A1 (gf180mcu_fd_sc_mcu7t5v0__aoi21_1)
     3    0.013734    0.377710    0.238288 20753.902344 ^ _1367_/ZN (gf180mcu_fd_sc_mcu7t5v0__aoi21_1)
                                                         _0773_ (net)
                      0.377710    0.000000 20753.902344 ^ _1379_/A1 (gf180mcu_fd_sc_mcu7t5v0__oai211_1)
     1    0.004486    0.185266    0.123691 20754.025391 v _1379_/ZN (gf180mcu_fd_sc_mcu7t5v0__oai211_1)
                                                         _0783_ (net)
                      0.185266    0.000000 20754.025391 v _1384_/A2 (gf180mcu_fd_sc_mcu7t5v0__nand2_1)
     1    0.007431    0.161734    0.145519 20754.171875 ^ _1384_/ZN (gf180mcu_fd_sc_mcu7t5v0__nand2_1)
                                                         _0787_ (net)
                      0.161734    0.000000 20754.171875 ^ _1385_/A3 (gf180mcu_fd_sc_mcu7t5v0__xor3_1)
     1    0.003038    0.193074    0.225555 20754.396484 ^ _1385_/Z (gf180mcu_fd_sc_mcu7t5v0__xor3_1)
                                                         _0093_ (net)
                      0.193074    0.000000 20754.396484 ^ _2045_/D (gf180mcu_fd_sc_mcu7t5v0__dffrnq_1)
                                           20754.396484   data arrival time

                      0.000000 20833.279297 20833.279297   clock clk_div (rise edge)
                                  0.000000 20833.279297   clock network delay (ideal)
                                 -0.250000 20833.029297   clock uncertainty
                                  0.000000 20833.029297   clock reconvergence pessimism
                                           20833.029297 ^ _2045_/CLK (gf180mcu_fd_sc_mcu7t5v0__dffrnq_1)
                                 -0.218945 20832.810547   library setup time
                                           20832.810547   data required time
---------------------------------------------------------------------------------------------
                                           20832.810547   data required time
                                           -20754.396484   data arrival time
---------------------------------------------------------------------------------------------
                                             78.413437   slack (MET)


Startpoint: _2057_ (rising edge-triggered flip-flop clocked by clk)
Endpoint: _2047_ (rising edge-triggered flip-flop clocked by clk)
Path Group: clk
Path Type: max

Fanout         Cap        Slew       Delay        Time   Description
---------------------------------------------------------------------------------------------
                      0.000000    0.000000    0.000000   clock clk (rise edge)
                                  0.000000    0.000000   clock network delay (ideal)
                      0.000000    0.000000    0.000000 ^ _2057_/CLK (gf180mcu_fd_sc_mcu7t5v0__dffrnq_1)
     8    0.032097    0.392715    0.698881    0.698881 ^ _2057_/Q (gf180mcu_fd_sc_mcu7t5v0__dffrnq_1)
                                                         u_cas_int.out_int1[2] (net)
                      0.392715    0.000000    0.698881 ^ _1281_/A2 (gf180mcu_fd_sc_mcu7t5v0__nor2_1)
     2    0.006832    0.190613    0.130251    0.829132 v _1281_/ZN (gf180mcu_fd_sc_mcu7t5v0__nor2_1)
                                                         _0697_ (net)
                      0.190613    0.000000    0.829132 v _1282_/A2 (gf180mcu_fd_sc_mcu7t5v0__or2_1)
     2    0.012070    0.150040    0.304025    1.133157 v _1282_/Z (gf180mcu_fd_sc_mcu7t5v0__or2_1)
                                                         _0698_ (net)
                      0.150040    0.000000    1.133157 v _1296_/A1 (gf180mcu_fd_sc_mcu7t5v0__oai31_1)
     3    0.016617    0.680574    0.406323    1.539480 ^ _1296_/ZN (gf180mcu_fd_sc_mcu7t5v0__oai31_1)
                                                         _0710_ (net)
                      0.680574    0.000000    1.539480 ^ _1332_/A1 (gf180mcu_fd_sc_mcu7t5v0__aoi21_1)
     1    0.004905    0.211534    0.080679    1.620159 v _1332_/ZN (gf180mcu_fd_sc_mcu7t5v0__aoi21_1)
                                                         _0742_ (net)
                      0.211534    0.000000    1.620159 v _1393_/A1 (gf180mcu_fd_sc_mcu7t5v0__oai21_1)
     4    0.021738    0.491103    0.333542    1.953701 ^ _1393_/ZN (gf180mcu_fd_sc_mcu7t5v0__oai21_1)
                                                         _0795_ (net)
                      0.491103    0.000000    1.953701 ^ _1396_/A1 (gf180mcu_fd_sc_mcu7t5v0__nand2_1)
     2    0.009314    0.210119    0.133774    2.087475 v _1396_/ZN (gf180mcu_fd_sc_mcu7t5v0__nand2_1)
                                                         _0798_ (net)
                      0.210119    0.000000    2.087475 v _1398_/A2 (gf180mcu_fd_sc_mcu7t5v0__nand2_1)
     1    0.007431    0.164862    0.153000    2.240475 ^ _1398_/ZN (gf180mcu_fd_sc_mcu7t5v0__nand2_1)
                                                         _0799_ (net)
                      0.164862    0.000000    2.240475 ^ _1402_/A3 (gf180mcu_fd_sc_mcu7t5v0__xor3_1)
     1    0.003038    0.193657    0.226741    2.467216 ^ _1402_/Z (gf180mcu_fd_sc_mcu7t5v0__xor3_1)
                                                         _0095_ (net)
                      0.193657    0.000000    2.467216 ^ _2047_/D (gf180mcu_fd_sc_mcu7t5v0__dffrnq_1)
                                              2.467216   data arrival time

                      0.000000   81.379997   81.379997   clock clk (rise edge)
                                  0.000000   81.379997   clock network delay (ideal)
                                 -0.250000   81.129997   clock uncertainty
                                  0.000000   81.129997   clock reconvergence pessimism
                                             81.129997 ^ _2047_/CLK (gf180mcu_fd_sc_mcu7t5v0__dffrnq_1)
                                 -0.219088   80.910912   library setup time
                                             80.910912   data required time
---------------------------------------------------------------------------------------------
                                             80.910912   data required time
                                             -2.467216   data arrival time
---------------------------------------------------------------------------------------------
                                             78.443695   slack (MET)


Startpoint: _2057_ (rising edge-triggered flip-flop clocked by clk)
Endpoint: _2047_ (rising edge-triggered flip-flop clocked by clk_div)
Path Group: clk_div
Path Type: max

Fanout         Cap        Slew       Delay        Time   Description
---------------------------------------------------------------------------------------------
                      0.000000 20751.898438 20751.898438   clock clk (rise edge)
                                  0.000000 20751.898438   clock network delay (ideal)
                      0.000000    0.000000 20751.898438 ^ _2057_/CLK (gf180mcu_fd_sc_mcu7t5v0__dffrnq_1)
     8    0.032097    0.392715    0.698492 20752.597656 ^ _2057_/Q (gf180mcu_fd_sc_mcu7t5v0__dffrnq_1)
                                                         u_cas_int.out_int1[2] (net)
                      0.392715    0.000000 20752.597656 ^ _1281_/A2 (gf180mcu_fd_sc_mcu7t5v0__nor2_1)
     2    0.006832    0.190613    0.130967 20752.728516 v _1281_/ZN (gf180mcu_fd_sc_mcu7t5v0__nor2_1)
                                                         _0697_ (net)
                      0.190613    0.000000 20752.728516 v _1282_/A2 (gf180mcu_fd_sc_mcu7t5v0__or2_1)
     2    0.012070    0.150040    0.303771 20753.033203 v _1282_/Z (gf180mcu_fd_sc_mcu7t5v0__or2_1)
                                                         _0698_ (net)
                      0.150040    0.000000 20753.033203 v _1296_/A1 (gf180mcu_fd_sc_mcu7t5v0__oai31_1)
     3    0.016617    0.680574    0.405635 20753.437500 ^ _1296_/ZN (gf180mcu_fd_sc_mcu7t5v0__oai31_1)
                                                         _0710_ (net)
                      0.680574    0.000000 20753.437500 ^ _1332_/A1 (gf180mcu_fd_sc_mcu7t5v0__aoi21_1)
     1    0.004905    0.211534    0.081855 20753.519531 v _1332_/ZN (gf180mcu_fd_sc_mcu7t5v0__aoi21_1)
                                                         _0742_ (net)
                      0.211534    0.000000 20753.519531 v _1393_/A1 (gf180mcu_fd_sc_mcu7t5v0__oai21_1)
     4    0.021738    0.491103    0.332875 20753.853516 ^ _1393_/ZN (gf180mcu_fd_sc_mcu7t5v0__oai21_1)
                                                         _0795_ (net)
                      0.491103    0.000000 20753.853516 ^ _1396_/A1 (gf180mcu_fd_sc_mcu7t5v0__nand2_1)
     2    0.009314    0.210119    0.134605 20753.988281 v _1396_/ZN (gf180mcu_fd_sc_mcu7t5v0__nand2_1)
                                                         _0798_ (net)
                      0.210119    0.000000 20753.988281 v _1398_/A2 (gf180mcu_fd_sc_mcu7t5v0__nand2_1)
     1    0.007431    0.164862    0.152795 20754.140625 ^ _1398_/ZN (gf180mcu_fd_sc_mcu7t5v0__nand2_1)
                                                         _0799_ (net)
                      0.164862    0.000000 20754.140625 ^ _1402_/A3 (gf180mcu_fd_sc_mcu7t5v0__xor3_1)
     1    0.003038    0.193657    0.225555 20754.365234 ^ _1402_/Z (gf180mcu_fd_sc_mcu7t5v0__xor3_1)
                                                         _0095_ (net)
                      0.193657    0.000000 20754.365234 ^ _2047_/D (gf180mcu_fd_sc_mcu7t5v0__dffrnq_1)
                                           20754.365234   data arrival time

                      0.000000 20833.279297 20833.279297   clock clk_div (rise edge)
                                  0.000000 20833.279297   clock network delay (ideal)
                                 -0.250000 20833.029297   clock uncertainty
                                  0.000000 20833.029297   clock reconvergence pessimism
                                           20833.029297 ^ _2047_/CLK (gf180mcu_fd_sc_mcu7t5v0__dffrnq_1)
                                 -0.219088 20832.810547   library setup time
                                           20832.810547   data required time
---------------------------------------------------------------------------------------------
                                           20832.810547   data required time
                                           -20754.365234   data arrival time
---------------------------------------------------------------------------------------------
                                             78.443695   slack (MET)


Startpoint: _2057_ (rising edge-triggered flip-flop clocked by clk)
Endpoint: _2051_ (rising edge-triggered flip-flop clocked by clk)
Path Group: clk
Path Type: max

Fanout         Cap        Slew       Delay        Time   Description
---------------------------------------------------------------------------------------------
                      0.000000    0.000000    0.000000   clock clk (rise edge)
                                  0.000000    0.000000   clock network delay (ideal)
                      0.000000    0.000000    0.000000 ^ _2057_/CLK (gf180mcu_fd_sc_mcu7t5v0__dffrnq_1)
     8    0.032097    0.392715    0.698881    0.698881 ^ _2057_/Q (gf180mcu_fd_sc_mcu7t5v0__dffrnq_1)
                                                         u_cas_int.out_int1[2] (net)
                      0.392715    0.000000    0.698881 ^ _1281_/A2 (gf180mcu_fd_sc_mcu7t5v0__nor2_1)
     2    0.006832    0.190613    0.130251    0.829132 v _1281_/ZN (gf180mcu_fd_sc_mcu7t5v0__nor2_1)
                                                         _0697_ (net)
                      0.190613    0.000000    0.829132 v _1282_/A2 (gf180mcu_fd_sc_mcu7t5v0__or2_1)
     2    0.012070    0.150040    0.304025    1.133157 v _1282_/Z (gf180mcu_fd_sc_mcu7t5v0__or2_1)
                                                         _0698_ (net)
                      0.150040    0.000000    1.133157 v _1296_/A1 (gf180mcu_fd_sc_mcu7t5v0__oai31_1)
     3    0.016617    0.680574    0.406323    1.539480 ^ _1296_/ZN (gf180mcu_fd_sc_mcu7t5v0__oai31_1)
                                                         _0710_ (net)
                      0.680574    0.000000    1.539480 ^ _1332_/A1 (gf180mcu_fd_sc_mcu7t5v0__aoi21_1)
     1    0.004905    0.211534    0.080679    1.620159 v _1332_/ZN (gf180mcu_fd_sc_mcu7t5v0__aoi21_1)
                                                         _0742_ (net)
                      0.211534    0.000000    1.620159 v _1393_/A1 (gf180mcu_fd_sc_mcu7t5v0__oai21_1)
     4    0.021738    0.491103    0.333542    1.953701 ^ _1393_/ZN (gf180mcu_fd_sc_mcu7t5v0__oai21_1)
                                                         _0795_ (net)
                      0.491103    0.000000    1.953701 ^ _1416_/A1 (gf180mcu_fd_sc_mcu7t5v0__nand2_1)
     1    0.004734    0.166533    0.092323    2.046025 v _1416_/ZN (gf180mcu_fd_sc_mcu7t5v0__nand2_1)
                                                         _0814_ (net)
                      0.166533    0.000000    2.046025 v _1423_/A1 (gf180mcu_fd_sc_mcu7t5v0__nand2_1)
     2    0.012270    0.208360    0.158407    2.204432 ^ _1423_/ZN (gf180mcu_fd_sc_mcu7t5v0__nand2_1)
                                                         _0821_ (net)
                      0.208360    0.000000    2.204432 ^ _1430_/A1 (gf180mcu_fd_sc_mcu7t5v0__aoi21_1)
     1    0.006918    0.171357    0.099022    2.303454 v _1430_/ZN (gf180mcu_fd_sc_mcu7t5v0__aoi21_1)
                                                         _0827_ (net)
                      0.171357    0.000000    2.303454 v _1431_/A3 (gf180mcu_fd_sc_mcu7t5v0__xnor3_1)
     1    0.003038    0.186368    0.235385    2.538839 v _1431_/ZN (gf180mcu_fd_sc_mcu7t5v0__xnor3_1)
                                                         _0100_ (net)
                      0.186368    0.000000    2.538839 v _2051_/D (gf180mcu_fd_sc_mcu7t5v0__dffrnq_1)
                                              2.538839   data arrival time

                      0.000000   81.379997   81.379997   clock clk (rise edge)
                                  0.000000   81.379997   clock network delay (ideal)
                                 -0.250000   81.129997   clock uncertainty
                                  0.000000   81.129997   clock reconvergence pessimism
                                             81.129997 ^ _2051_/CLK (gf180mcu_fd_sc_mcu7t5v0__dffrnq_1)
                                 -0.133564   80.996429   library setup time
                                             80.996429   data required time
---------------------------------------------------------------------------------------------
                                             80.996429   data required time
                                             -2.538839   data arrival time
---------------------------------------------------------------------------------------------
                                             78.457588   slack (MET)


Startpoint: _2057_ (rising edge-triggered flip-flop clocked by clk)
Endpoint: _2051_ (rising edge-triggered flip-flop clocked by clk_div)
Path Group: clk_div
Path Type: max

Fanout         Cap        Slew       Delay        Time   Description
---------------------------------------------------------------------------------------------
                      0.000000 20751.898438 20751.898438   clock clk (rise edge)
                                  0.000000 20751.898438   clock network delay (ideal)
                      0.000000    0.000000 20751.898438 ^ _2057_/CLK (gf180mcu_fd_sc_mcu7t5v0__dffrnq_1)
     8    0.032097    0.392715    0.698492 20752.597656 ^ _2057_/Q (gf180mcu_fd_sc_mcu7t5v0__dffrnq_1)
                                                         u_cas_int.out_int1[2] (net)
                      0.392715    0.000000 20752.597656 ^ _1281_/A2 (gf180mcu_fd_sc_mcu7t5v0__nor2_1)
     2    0.006832    0.190613    0.130967 20752.728516 v _1281_/ZN (gf180mcu_fd_sc_mcu7t5v0__nor2_1)
                                                         _0697_ (net)
                      0.190613    0.000000 20752.728516 v _1282_/A2 (gf180mcu_fd_sc_mcu7t5v0__or2_1)
     2    0.012070    0.150040    0.303771 20753.033203 v _1282_/Z (gf180mcu_fd_sc_mcu7t5v0__or2_1)
                                                         _0698_ (net)
                      0.150040    0.000000 20753.033203 v _1296_/A1 (gf180mcu_fd_sc_mcu7t5v0__oai31_1)
     3    0.016617    0.680574    0.405635 20753.437500 ^ _1296_/ZN (gf180mcu_fd_sc_mcu7t5v0__oai31_1)
                                                         _0710_ (net)
                      0.680574    0.000000 20753.437500 ^ _1332_/A1 (gf180mcu_fd_sc_mcu7t5v0__aoi21_1)
     1    0.004905    0.211534    0.081855 20753.519531 v _1332_/ZN (gf180mcu_fd_sc_mcu7t5v0__aoi21_1)
                                                         _0742_ (net)
                      0.211534    0.000000 20753.519531 v _1393_/A1 (gf180mcu_fd_sc_mcu7t5v0__oai21_1)
     4    0.021738    0.491103    0.332875 20753.853516 ^ _1393_/ZN (gf180mcu_fd_sc_mcu7t5v0__oai21_1)
                                                         _0795_ (net)
                      0.491103    0.000000 20753.853516 ^ _1416_/A1 (gf180mcu_fd_sc_mcu7t5v0__nand2_1)
     1    0.004734    0.166533    0.092768 20753.945312 v _1416_/ZN (gf180mcu_fd_sc_mcu7t5v0__nand2_1)
                                                         _0814_ (net)
                      0.166533    0.000000 20753.945312 v _1423_/A1 (gf180mcu_fd_sc_mcu7t5v0__nand2_1)
     2    0.012270    0.208360    0.158252 20754.103516 ^ _1423_/ZN (gf180mcu_fd_sc_mcu7t5v0__nand2_1)
                                                         _0821_ (net)
                      0.208360    0.000000 20754.103516 ^ _1430_/A1 (gf180mcu_fd_sc_mcu7t5v0__aoi21_1)
     1    0.006918    0.171357    0.098225 20754.203125 v _1430_/ZN (gf180mcu_fd_sc_mcu7t5v0__aoi21_1)
                                                         _0827_ (net)
                      0.171357    0.000000 20754.203125 v _1431_/A3 (gf180mcu_fd_sc_mcu7t5v0__xnor3_1)
     1    0.003038    0.186368    0.236469 20754.439453 v _1431_/ZN (gf180mcu_fd_sc_mcu7t5v0__xnor3_1)
                                                         _0100_ (net)
                      0.186368    0.000000 20754.439453 v _2051_/D (gf180mcu_fd_sc_mcu7t5v0__dffrnq_1)
                                           20754.439453   data arrival time

                      0.000000 20833.279297 20833.279297   clock clk_div (rise edge)
                                  0.000000 20833.279297   clock network delay (ideal)
                                 -0.250000 20833.029297   clock uncertainty
                                  0.000000 20833.029297   clock reconvergence pessimism
                                           20833.029297 ^ _2051_/CLK (gf180mcu_fd_sc_mcu7t5v0__dffrnq_1)
                                 -0.133564 20832.894531   library setup time
                                           20832.894531   data required time
---------------------------------------------------------------------------------------------
                                           20832.894531   data required time
                                           -20754.439453   data arrival time
---------------------------------------------------------------------------------------------
                                             78.457588   slack (MET)


Startpoint: _2005_ (rising edge-triggered flip-flop clocked by clk)
Endpoint: _2025_ (rising edge-triggered flip-flop clocked by clk)
Path Group: clk
Path Type: max

Fanout         Cap        Slew       Delay        Time   Description
---------------------------------------------------------------------------------------------
                      0.000000    0.000000    0.000000   clock clk (rise edge)
                                  0.000000    0.000000   clock network delay (ideal)
                      0.000000    0.000000    0.000000 ^ _2005_/CLK (gf180mcu_fd_sc_mcu7t5v0__dffrnq_1)
     7    0.035694    0.430621    0.721343    0.721343 ^ _2005_/Q (gf180mcu_fd_sc_mcu7t5v0__dffrnq_1)
                                                         out_cas_int[0] (net)
                      0.430621    0.000000    0.721343 ^ _1119_/C (gf180mcu_fd_sc_mcu7t5v0__oai211_1)
     2    0.008943    0.266087    0.185782    0.907126 v _1119_/ZN (gf180mcu_fd_sc_mcu7t5v0__oai211_1)
                                                         _0559_ (net)
                      0.266087    0.000000    0.907126 v _1121_/A2 (gf180mcu_fd_sc_mcu7t5v0__aoi211_1)
     2    0.007624    0.408386    0.277957    1.185083 ^ _1121_/ZN (gf180mcu_fd_sc_mcu7t5v0__aoi211_1)
                                                         _0561_ (net)
                      0.408386    0.000000    1.185083 ^ _1142_/A1 (gf180mcu_fd_sc_mcu7t5v0__oai211_1)
     2    0.007593    0.225858    0.154260    1.339343 v _1142_/ZN (gf180mcu_fd_sc_mcu7t5v0__oai211_1)
                                                         _0578_ (net)
                      0.225858    0.000000    1.339343 v _1155_/A1 (gf180mcu_fd_sc_mcu7t5v0__aoi21_1)
     4    0.021821    0.530055    0.332954    1.672297 ^ _1155_/ZN (gf180mcu_fd_sc_mcu7t5v0__aoi21_1)
                                                         _0589_ (net)
                      0.530055    0.000000    1.672297 ^ _1217_/A1 (gf180mcu_fd_sc_mcu7t5v0__aoi21_1)
     4    0.020000    0.312602    0.213298    1.885595 v _1217_/ZN (gf180mcu_fd_sc_mcu7t5v0__aoi21_1)
                                                         _0643_ (net)
                      0.312602    0.000000    1.885595 v _1242_/A1 (gf180mcu_fd_sc_mcu7t5v0__oai21_1)
     3    0.017087    0.409832    0.316638    2.202233 ^ _1242_/ZN (gf180mcu_fd_sc_mcu7t5v0__oai21_1)
                                                         _0664_ (net)
                      0.409832    0.000000    2.202233 ^ _1246_/A3 (gf180mcu_fd_sc_mcu7t5v0__xor3_1)
     1    0.003038    0.192072    0.240151    2.442384 ^ _1246_/Z (gf180mcu_fd_sc_mcu7t5v0__xor3_1)
                                                         _0124_ (net)
                      0.192072    0.000000    2.442384 ^ _2025_/D (gf180mcu_fd_sc_mcu7t5v0__dffrnq_1)
                                              2.442384   data arrival time

                      0.000000   81.379997   81.379997   clock clk (rise edge)
                                  0.000000   81.379997   clock network delay (ideal)
                                 -0.250000   81.129997   clock uncertainty
                                  0.000000   81.129997   clock reconvergence pessimism
                                             81.129997 ^ _2025_/CLK (gf180mcu_fd_sc_mcu7t5v0__dffrnq_1)
                                 -0.218698   80.911301   library setup time
                                             80.911301   data required time
---------------------------------------------------------------------------------------------
                                             80.911301   data required time
                                             -2.442384   data arrival time
---------------------------------------------------------------------------------------------
                                             78.468918   slack (MET)


Startpoint: _2005_ (rising edge-triggered flip-flop clocked by clk)
Endpoint: _2025_ (rising edge-triggered flip-flop clocked by clk_div)
Path Group: clk_div
Path Type: max

Fanout         Cap        Slew       Delay        Time   Description
---------------------------------------------------------------------------------------------
                      0.000000 20751.898438 20751.898438   clock clk (rise edge)
                                  0.000000 20751.898438   clock network delay (ideal)
                      0.000000    0.000000 20751.898438 ^ _2005_/CLK (gf180mcu_fd_sc_mcu7t5v0__dffrnq_1)
     7    0.035694    0.430621    0.722139 20752.621094 ^ _2005_/Q (gf180mcu_fd_sc_mcu7t5v0__dffrnq_1)
                                                         out_cas_int[0] (net)
                      0.430621    0.000000 20752.621094 ^ _1119_/C (gf180mcu_fd_sc_mcu7t5v0__oai211_1)
     2    0.008943    0.266087    0.185537 20752.806641 v _1119_/ZN (gf180mcu_fd_sc_mcu7t5v0__oai211_1)
                                                         _0559_ (net)
                      0.266087    0.000000 20752.806641 v _1121_/A2 (gf180mcu_fd_sc_mcu7t5v0__aoi211_1)
     2    0.007624    0.408386    0.278305 20753.085938 ^ _1121_/ZN (gf180mcu_fd_sc_mcu7t5v0__aoi211_1)
                                                         _0561_ (net)
                      0.408386    0.000000 20753.085938 ^ _1142_/A1 (gf180mcu_fd_sc_mcu7t5v0__oai211_1)
     2    0.007593    0.225858    0.152795 20753.238281 v _1142_/ZN (gf180mcu_fd_sc_mcu7t5v0__oai211_1)
                                                         _0578_ (net)
                      0.225858    0.000000 20753.238281 v _1155_/A1 (gf180mcu_fd_sc_mcu7t5v0__aoi21_1)
     4    0.021821    0.530055    0.332875 20753.570312 ^ _1155_/ZN (gf180mcu_fd_sc_mcu7t5v0__aoi21_1)
                                                         _0589_ (net)
                      0.530055    0.000000 20753.570312 ^ _1217_/A1 (gf180mcu_fd_sc_mcu7t5v0__aoi21_1)
     4    0.020000    0.312602    0.214641 20753.785156 v _1217_/ZN (gf180mcu_fd_sc_mcu7t5v0__aoi21_1)
                                                         _0643_ (net)
                      0.312602    0.000000 20753.785156 v _1242_/A1 (gf180mcu_fd_sc_mcu7t5v0__oai21_1)
     3    0.017087    0.409832    0.316504 20754.101562 ^ _1242_/ZN (gf180mcu_fd_sc_mcu7t5v0__oai21_1)
                                                         _0664_ (net)
                      0.409832    0.000000 20754.101562 ^ _1246_/A3 (gf180mcu_fd_sc_mcu7t5v0__xor3_1)
     1    0.003038    0.192072    0.240107 20754.341797 ^ _1246_/Z (gf180mcu_fd_sc_mcu7t5v0__xor3_1)
                                                         _0124_ (net)
                      0.192072    0.000000 20754.341797 ^ _2025_/D (gf180mcu_fd_sc_mcu7t5v0__dffrnq_1)
                                           20754.341797   data arrival time

                      0.000000 20833.279297 20833.279297   clock clk_div (rise edge)
                                  0.000000 20833.279297   clock network delay (ideal)
                                 -0.250000 20833.029297   clock uncertainty
                                  0.000000 20833.029297   clock reconvergence pessimism
                                           20833.029297 ^ _2025_/CLK (gf180mcu_fd_sc_mcu7t5v0__dffrnq_1)
                                 -0.218698 20832.810547   library setup time
                                           20832.810547   data required time
---------------------------------------------------------------------------------------------
                                           20832.810547   data required time
                                           -20754.341797   data arrival time
---------------------------------------------------------------------------------------------
                                             78.468918   slack (MET)


Startpoint: _2057_ (rising edge-triggered flip-flop clocked by clk)
Endpoint: _2050_ (rising edge-triggered flip-flop clocked by clk)
Path Group: clk
Path Type: max

Fanout         Cap        Slew       Delay        Time   Description
---------------------------------------------------------------------------------------------
                      0.000000    0.000000    0.000000   clock clk (rise edge)
                                  0.000000    0.000000   clock network delay (ideal)
                      0.000000    0.000000    0.000000 ^ _2057_/CLK (gf180mcu_fd_sc_mcu7t5v0__dffrnq_1)
     8    0.032097    0.392715    0.698881    0.698881 ^ _2057_/Q (gf180mcu_fd_sc_mcu7t5v0__dffrnq_1)
                                                         u_cas_int.out_int1[2] (net)
                      0.392715    0.000000    0.698881 ^ _1281_/A2 (gf180mcu_fd_sc_mcu7t5v0__nor2_1)
     2    0.006832    0.190613    0.130251    0.829132 v _1281_/ZN (gf180mcu_fd_sc_mcu7t5v0__nor2_1)
                                                         _0697_ (net)
                      0.190613    0.000000    0.829132 v _1282_/A2 (gf180mcu_fd_sc_mcu7t5v0__or2_1)
     2    0.012070    0.150040    0.304025    1.133157 v _1282_/Z (gf180mcu_fd_sc_mcu7t5v0__or2_1)
                                                         _0698_ (net)
                      0.150040    0.000000    1.133157 v _1296_/A1 (gf180mcu_fd_sc_mcu7t5v0__oai31_1)
     3    0.016617    0.680574    0.406323    1.539480 ^ _1296_/ZN (gf180mcu_fd_sc_mcu7t5v0__oai31_1)
                                                         _0710_ (net)
                      0.680574    0.000000    1.539480 ^ _1332_/A1 (gf180mcu_fd_sc_mcu7t5v0__aoi21_1)
     1    0.004905    0.211534    0.080679    1.620159 v _1332_/ZN (gf180mcu_fd_sc_mcu7t5v0__aoi21_1)
                                                         _0742_ (net)
                      0.211534    0.000000    1.620159 v _1393_/A1 (gf180mcu_fd_sc_mcu7t5v0__oai21_1)
     4    0.021738    0.491103    0.333542    1.953701 ^ _1393_/ZN (gf180mcu_fd_sc_mcu7t5v0__oai21_1)
                                                         _0795_ (net)
                      0.491103    0.000000    1.953701 ^ _1416_/A1 (gf180mcu_fd_sc_mcu7t5v0__nand2_1)
     1    0.004734    0.166533    0.092323    2.046025 v _1416_/ZN (gf180mcu_fd_sc_mcu7t5v0__nand2_1)
                                                         _0814_ (net)
                      0.166533    0.000000    2.046025 v _1423_/A1 (gf180mcu_fd_sc_mcu7t5v0__nand2_1)
     2    0.012270    0.208360    0.158407    2.204432 ^ _1423_/ZN (gf180mcu_fd_sc_mcu7t5v0__nand2_1)
                                                         _0821_ (net)
                      0.208360    0.000000    2.204432 ^ _1427_/A1 (gf180mcu_fd_sc_mcu7t5v0__xor2_1)
     1    0.003038    0.185929    0.230674    2.435106 ^ _1427_/Z (gf180mcu_fd_sc_mcu7t5v0__xor2_1)
                                                         _0099_ (net)
                      0.185929    0.000000    2.435106 ^ _2050_/D (gf180mcu_fd_sc_mcu7t5v0__dffrnq_1)
                                              2.435106   data arrival time

                      0.000000   81.379997   81.379997   clock clk (rise edge)
                                  0.000000   81.379997   clock network delay (ideal)
                                 -0.250000   81.129997   clock uncertainty
                                  0.000000   81.129997   clock reconvergence pessimism
                                             81.129997 ^ _2050_/CLK (gf180mcu_fd_sc_mcu7t5v0__dffrnq_1)
                                 -0.217183   80.912811   library setup time
                                             80.912811   data required time
---------------------------------------------------------------------------------------------
                                             80.912811   data required time
                                             -2.435106   data arrival time
---------------------------------------------------------------------------------------------
                                             78.477707   slack (MET)


Startpoint: _2057_ (rising edge-triggered flip-flop clocked by clk)
Endpoint: _2050_ (rising edge-triggered flip-flop clocked by clk_div)
Path Group: clk_div
Path Type: max

Fanout         Cap        Slew       Delay        Time   Description
---------------------------------------------------------------------------------------------
                      0.000000 20751.898438 20751.898438   clock clk (rise edge)
                                  0.000000 20751.898438   clock network delay (ideal)
                      0.000000    0.000000 20751.898438 ^ _2057_/CLK (gf180mcu_fd_sc_mcu7t5v0__dffrnq_1)
     8    0.032097    0.392715    0.698492 20752.597656 ^ _2057_/Q (gf180mcu_fd_sc_mcu7t5v0__dffrnq_1)
                                                         u_cas_int.out_int1[2] (net)
                      0.392715    0.000000 20752.597656 ^ _1281_/A2 (gf180mcu_fd_sc_mcu7t5v0__nor2_1)
     2    0.006832    0.190613    0.130967 20752.728516 v _1281_/ZN (gf180mcu_fd_sc_mcu7t5v0__nor2_1)
                                                         _0697_ (net)
                      0.190613    0.000000 20752.728516 v _1282_/A2 (gf180mcu_fd_sc_mcu7t5v0__or2_1)
     2    0.012070    0.150040    0.303771 20753.033203 v _1282_/Z (gf180mcu_fd_sc_mcu7t5v0__or2_1)
                                                         _0698_ (net)
                      0.150040    0.000000 20753.033203 v _1296_/A1 (gf180mcu_fd_sc_mcu7t5v0__oai31_1)
     3    0.016617    0.680574    0.405635 20753.437500 ^ _1296_/ZN (gf180mcu_fd_sc_mcu7t5v0__oai31_1)
                                                         _0710_ (net)
                      0.680574    0.000000 20753.437500 ^ _1332_/A1 (gf180mcu_fd_sc_mcu7t5v0__aoi21_1)
     1    0.004905    0.211534    0.081855 20753.519531 v _1332_/ZN (gf180mcu_fd_sc_mcu7t5v0__aoi21_1)
                                                         _0742_ (net)
                      0.211534    0.000000 20753.519531 v _1393_/A1 (gf180mcu_fd_sc_mcu7t5v0__oai21_1)
     4    0.021738    0.491103    0.332875 20753.853516 ^ _1393_/ZN (gf180mcu_fd_sc_mcu7t5v0__oai21_1)
                                                         _0795_ (net)
                      0.491103    0.000000 20753.853516 ^ _1416_/A1 (gf180mcu_fd_sc_mcu7t5v0__nand2_1)
     1    0.004734    0.166533    0.092768 20753.945312 v _1416_/ZN (gf180mcu_fd_sc_mcu7t5v0__nand2_1)
                                                         _0814_ (net)
                      0.166533    0.000000 20753.945312 v _1423_/A1 (gf180mcu_fd_sc_mcu7t5v0__nand2_1)
     2    0.012270    0.208360    0.158252 20754.103516 ^ _1423_/ZN (gf180mcu_fd_sc_mcu7t5v0__nand2_1)
                                                         _0821_ (net)
                      0.208360    0.000000 20754.103516 ^ _1427_/A1 (gf180mcu_fd_sc_mcu7t5v0__xor2_1)
     1    0.003038    0.185929    0.231012 20754.335938 ^ _1427_/Z (gf180mcu_fd_sc_mcu7t5v0__xor2_1)
                                                         _0099_ (net)
                      0.185929    0.000000 20754.335938 ^ _2050_/D (gf180mcu_fd_sc_mcu7t5v0__dffrnq_1)
                                           20754.335938   data arrival time

                      0.000000 20833.279297 20833.279297   clock clk_div (rise edge)
                                  0.000000 20833.279297   clock network delay (ideal)
                                 -0.250000 20833.029297   clock uncertainty
                                  0.000000 20833.029297   clock reconvergence pessimism
                                           20833.029297 ^ _2050_/CLK (gf180mcu_fd_sc_mcu7t5v0__dffrnq_1)
                                 -0.217183 20832.812500   library setup time
                                           20832.812500   data required time
---------------------------------------------------------------------------------------------
                                           20832.812500   data required time
                                           -20754.335938   data arrival time
---------------------------------------------------------------------------------------------
                                             78.477707   slack (MET)


Startpoint: _2005_ (rising edge-triggered flip-flop clocked by clk)
Endpoint: _2017_ (rising edge-triggered flip-flop clocked by clk)
Path Group: clk
Path Type: max

Fanout         Cap        Slew       Delay        Time   Description
---------------------------------------------------------------------------------------------
                      0.000000    0.000000    0.000000   clock clk (rise edge)
                                  0.000000    0.000000   clock network delay (ideal)
                      0.000000    0.000000    0.000000 ^ _2005_/CLK (gf180mcu_fd_sc_mcu7t5v0__dffrnq_1)
     7    0.035694    0.430621    0.721343    0.721343 ^ _2005_/Q (gf180mcu_fd_sc_mcu7t5v0__dffrnq_1)
                                                         out_cas_int[0] (net)
                      0.430621    0.000000    0.721343 ^ _1119_/C (gf180mcu_fd_sc_mcu7t5v0__oai211_1)
     2    0.008943    0.266087    0.185782    0.907126 v _1119_/ZN (gf180mcu_fd_sc_mcu7t5v0__oai211_1)
                                                         _0559_ (net)
                      0.266087    0.000000    0.907126 v _1121_/A2 (gf180mcu_fd_sc_mcu7t5v0__aoi211_1)
     2    0.007624    0.408386    0.277957    1.185083 ^ _1121_/ZN (gf180mcu_fd_sc_mcu7t5v0__aoi211_1)
                                                         _0561_ (net)
                      0.408386    0.000000    1.185083 ^ _1142_/A1 (gf180mcu_fd_sc_mcu7t5v0__oai211_1)
     2    0.007593    0.225858    0.154260    1.339343 v _1142_/ZN (gf180mcu_fd_sc_mcu7t5v0__oai211_1)
                                                         _0578_ (net)
                      0.225858    0.000000    1.339343 v _1155_/A1 (gf180mcu_fd_sc_mcu7t5v0__aoi21_1)
     4    0.021821    0.530055    0.332954    1.672297 ^ _1155_/ZN (gf180mcu_fd_sc_mcu7t5v0__aoi21_1)
                                                         _0589_ (net)
                      0.530055    0.000000    1.672297 ^ _1167_/A1 (gf180mcu_fd_sc_mcu7t5v0__aoi21_1)
     3    0.017212    0.289973    0.191594    1.863891 v _1167_/ZN (gf180mcu_fd_sc_mcu7t5v0__aoi21_1)
                                                         _0599_ (net)
                      0.289973    0.000000    1.863891 v _1181_/A1 (gf180mcu_fd_sc_mcu7t5v0__oai22_1)
     3    0.017098    0.566865    0.319542    2.183434 ^ _1181_/ZN (gf180mcu_fd_sc_mcu7t5v0__oai22_1)
                                                         _0611_ (net)
                      0.566865    0.000000    2.183434 ^ _1185_/A1 (gf180mcu_fd_sc_mcu7t5v0__xor2_1)
     1    0.003038    0.188425    0.241719    2.425153 ^ _1185_/Z (gf180mcu_fd_sc_mcu7t5v0__xor2_1)
                                                         _0115_ (net)
                      0.188425    0.000000    2.425153 ^ _2017_/D (gf180mcu_fd_sc_mcu7t5v0__dffrnq_1)
                                              2.425153   data arrival time

                      0.000000   81.379997   81.379997   clock clk (rise edge)
                                  0.000000   81.379997   clock network delay (ideal)
                                 -0.250000   81.129997   clock uncertainty
                                  0.000000   81.129997   clock reconvergence pessimism
                                             81.129997 ^ _2017_/CLK (gf180mcu_fd_sc_mcu7t5v0__dffrnq_1)
                                 -0.217799   80.912201   library setup time
                                             80.912201   data required time
---------------------------------------------------------------------------------------------
                                             80.912201   data required time
                                             -2.425153   data arrival time
---------------------------------------------------------------------------------------------
                                             78.487053   slack (MET)


Startpoint: _2005_ (rising edge-triggered flip-flop clocked by clk)
Endpoint: _2017_ (rising edge-triggered flip-flop clocked by clk_div)
Path Group: clk_div
Path Type: max

Fanout         Cap        Slew       Delay        Time   Description
---------------------------------------------------------------------------------------------
                      0.000000 20751.898438 20751.898438   clock clk (rise edge)
                                  0.000000 20751.898438   clock network delay (ideal)
                      0.000000    0.000000 20751.898438 ^ _2005_/CLK (gf180mcu_fd_sc_mcu7t5v0__dffrnq_1)
     7    0.035694    0.430621    0.722139 20752.621094 ^ _2005_/Q (gf180mcu_fd_sc_mcu7t5v0__dffrnq_1)
                                                         out_cas_int[0] (net)
                      0.430621    0.000000 20752.621094 ^ _1119_/C (gf180mcu_fd_sc_mcu7t5v0__oai211_1)
     2    0.008943    0.266087    0.185537 20752.806641 v _1119_/ZN (gf180mcu_fd_sc_mcu7t5v0__oai211_1)
                                                         _0559_ (net)
                      0.266087    0.000000 20752.806641 v _1121_/A2 (gf180mcu_fd_sc_mcu7t5v0__aoi211_1)
     2    0.007624    0.408386    0.278305 20753.085938 ^ _1121_/ZN (gf180mcu_fd_sc_mcu7t5v0__aoi211_1)
                                                         _0561_ (net)
                      0.408386    0.000000 20753.085938 ^ _1142_/A1 (gf180mcu_fd_sc_mcu7t5v0__oai211_1)
     2    0.007593    0.225858    0.152795 20753.238281 v _1142_/ZN (gf180mcu_fd_sc_mcu7t5v0__oai211_1)
                                                         _0578_ (net)
                      0.225858    0.000000 20753.238281 v _1155_/A1 (gf180mcu_fd_sc_mcu7t5v0__aoi21_1)
     4    0.021821    0.530055    0.332875 20753.570312 ^ _1155_/ZN (gf180mcu_fd_sc_mcu7t5v0__aoi21_1)
                                                         _0589_ (net)
                      0.530055    0.000000 20753.570312 ^ _1167_/A1 (gf180mcu_fd_sc_mcu7t5v0__aoi21_1)
     3    0.017212    0.289973    0.192813 20753.763672 v _1167_/ZN (gf180mcu_fd_sc_mcu7t5v0__aoi21_1)
                                                         _0599_ (net)
                      0.289973    0.000000 20753.763672 v _1181_/A1 (gf180mcu_fd_sc_mcu7t5v0__oai22_1)
     3    0.017098    0.566865    0.318323 20754.082031 ^ _1181_/ZN (gf180mcu_fd_sc_mcu7t5v0__oai22_1)
                                                         _0611_ (net)
                      0.566865    0.000000 20754.082031 ^ _1185_/A1 (gf180mcu_fd_sc_mcu7t5v0__xor2_1)
     1    0.003038    0.188425    0.241926 20754.324219 ^ _1185_/Z (gf180mcu_fd_sc_mcu7t5v0__xor2_1)
                                                         _0115_ (net)
                      0.188425    0.000000 20754.324219 ^ _2017_/D (gf180mcu_fd_sc_mcu7t5v0__dffrnq_1)
                                           20754.324219   data arrival time

                      0.000000 20833.279297 20833.279297   clock clk_div (rise edge)
                                  0.000000 20833.279297   clock network delay (ideal)
                                 -0.250000 20833.029297   clock uncertainty
                                  0.000000 20833.029297   clock reconvergence pessimism
                                           20833.029297 ^ _2017_/CLK (gf180mcu_fd_sc_mcu7t5v0__dffrnq_1)
                                 -0.217799 20832.812500   library setup time
                                           20832.812500   data required time
---------------------------------------------------------------------------------------------
                                           20832.812500   data required time
                                           -20754.324219   data arrival time
---------------------------------------------------------------------------------------------
                                             78.487053   slack (MET)


Startpoint: _2037_ (rising edge-triggered flip-flop clocked by clk)
Endpoint: _2043_ (rising edge-triggered flip-flop clocked by clk)
Path Group: clk
Path Type: max

Fanout         Cap        Slew       Delay        Time   Description
---------------------------------------------------------------------------------------------
                      0.000000    0.000000    0.000000   clock clk (rise edge)
                                  0.000000    0.000000   clock network delay (ideal)
                      0.000000    0.000000    0.000000 ^ _2037_/CLK (gf180mcu_fd_sc_mcu7t5v0__dffrnq_1)
    10    0.044567    0.527414    0.776865    0.776865 ^ _2037_/Q (gf180mcu_fd_sc_mcu7t5v0__dffrnq_1)
                                                         u_cas_int.out_int2[7] (net)
                      0.527414    0.000000    0.776865 ^ _1321_/B2 (gf180mcu_fd_sc_mcu7t5v0__oai22_1)
     1    0.004215    0.224877    0.136558    0.913423 v _1321_/ZN (gf180mcu_fd_sc_mcu7t5v0__oai22_1)
                                                         _0731_ (net)
                      0.224877    0.000000    0.913423 v _1322_/A1 (gf180mcu_fd_sc_mcu7t5v0__nor3_1)
     3    0.012380    0.455444    0.295305    1.208728 ^ _1322_/ZN (gf180mcu_fd_sc_mcu7t5v0__nor3_1)
                                                         _0732_ (net)
                      0.455444    0.000000    1.208728 ^ _1327_/A1 (gf180mcu_fd_sc_mcu7t5v0__nand2_1)
     1    0.004749    0.160151    0.092018    1.300746 v _1327_/ZN (gf180mcu_fd_sc_mcu7t5v0__nand2_1)
                                                         _0737_ (net)
                      0.160151    0.000000    1.300746 v _1333_/A2 (gf180mcu_fd_sc_mcu7t5v0__oai21_1)
     5    0.026179    0.574396    0.369761    1.670507 ^ _1333_/ZN (gf180mcu_fd_sc_mcu7t5v0__oai21_1)
                                                         _0743_ (net)
                      0.574396    0.000000    1.670507 ^ _1362_/A1 (gf180mcu_fd_sc_mcu7t5v0__nand2_1)
     1    0.004828    0.182821    0.094358    1.764865 v _1362_/ZN (gf180mcu_fd_sc_mcu7t5v0__nand2_1)
                                                         _0768_ (net)
                      0.182821    0.000000    1.764865 v _1367_/A1 (gf180mcu_fd_sc_mcu7t5v0__aoi21_1)
     3    0.013734    0.377710    0.237988    2.002853 ^ _1367_/ZN (gf180mcu_fd_sc_mcu7t5v0__aoi21_1)
                                                         _0773_ (net)
                      0.377710    0.000000    2.002853 ^ _1371_/B (gf180mcu_fd_sc_mcu7t5v0__aoi21_1)
     1    0.006918    0.235337    0.174176    2.177029 v _1371_/ZN (gf180mcu_fd_sc_mcu7t5v0__aoi21_1)
                                                         _0776_ (net)
                      0.235337    0.000000    2.177029 v _1372_/A3 (gf180mcu_fd_sc_mcu7t5v0__xnor3_1)
     1    0.003038    0.186373    0.254680    2.431709 v _1372_/ZN (gf180mcu_fd_sc_mcu7t5v0__xnor3_1)
                                                         _0091_ (net)
                      0.186373    0.000000    2.431709 v _2043_/D (gf180mcu_fd_sc_mcu7t5v0__dffrnq_1)
                                              2.431709   data arrival time

                      0.000000   81.379997   81.379997   clock clk (rise edge)
                                  0.000000   81.379997   clock network delay (ideal)
                                 -0.250000   81.129997   clock uncertainty
                                  0.000000   81.129997   clock reconvergence pessimism
                                             81.129997 ^ _2043_/CLK (gf180mcu_fd_sc_mcu7t5v0__dffrnq_1)
                                 -0.133566   80.996429   library setup time
                                             80.996429   data required time
---------------------------------------------------------------------------------------------
                                             80.996429   data required time
                                             -2.431709   data arrival time
---------------------------------------------------------------------------------------------
                                             78.564720   slack (MET)


Startpoint: _2037_ (rising edge-triggered flip-flop clocked by clk)
Endpoint: _2043_ (rising edge-triggered flip-flop clocked by clk_div)
Path Group: clk_div
Path Type: max

Fanout         Cap        Slew       Delay        Time   Description
---------------------------------------------------------------------------------------------
                      0.000000 20751.898438 20751.898438   clock clk (rise edge)
                                  0.000000 20751.898438   clock network delay (ideal)
                      0.000000    0.000000 20751.898438 ^ _2037_/CLK (gf180mcu_fd_sc_mcu7t5v0__dffrnq_1)
    10    0.044567    0.527414    0.776708 20752.675781 ^ _2037_/Q (gf180mcu_fd_sc_mcu7t5v0__dffrnq_1)
                                                         u_cas_int.out_int2[7] (net)
                      0.527414    0.000000 20752.675781 ^ _1321_/B2 (gf180mcu_fd_sc_mcu7t5v0__oai22_1)
     1    0.004215    0.224877    0.136424 20752.812500 v _1321_/ZN (gf180mcu_fd_sc_mcu7t5v0__oai22_1)
                                                         _0731_ (net)
                      0.224877    0.000000 20752.812500 v _1322_/A1 (gf180mcu_fd_sc_mcu7t5v0__nor3_1)
     3    0.012380    0.455444    0.296495 20753.109375 ^ _1322_/ZN (gf180mcu_fd_sc_mcu7t5v0__nor3_1)
                                                         _0732_ (net)
                      0.455444    0.000000 20753.109375 ^ _1327_/A1 (gf180mcu_fd_sc_mcu7t5v0__nand2_1)
     1    0.004749    0.160151    0.090949 20753.199219 v _1327_/ZN (gf180mcu_fd_sc_mcu7t5v0__nand2_1)
                                                         _0737_ (net)
                      0.160151    0.000000 20753.199219 v _1333_/A2 (gf180mcu_fd_sc_mcu7t5v0__oai21_1)
     5    0.026179    0.574396    0.369255 20753.568359 ^ _1333_/ZN (gf180mcu_fd_sc_mcu7t5v0__oai21_1)
                                                         _0743_ (net)
                      0.574396    0.000000 20753.568359 ^ _1362_/A1 (gf180mcu_fd_sc_mcu7t5v0__nand2_1)
     1    0.004828    0.182821    0.094587 20753.664062 v _1362_/ZN (gf180mcu_fd_sc_mcu7t5v0__nand2_1)
                                                         _0768_ (net)
                      0.182821    0.000000 20753.664062 v _1367_/A1 (gf180mcu_fd_sc_mcu7t5v0__aoi21_1)
     3    0.013734    0.377710    0.238288 20753.902344 ^ _1367_/ZN (gf180mcu_fd_sc_mcu7t5v0__aoi21_1)
                                                         _0773_ (net)
                      0.377710    0.000000 20753.902344 ^ _1371_/B (gf180mcu_fd_sc_mcu7t5v0__aoi21_1)
     1    0.006918    0.235337    0.174623 20754.076172 v _1371_/ZN (gf180mcu_fd_sc_mcu7t5v0__aoi21_1)
                                                         _0776_ (net)
                      0.235337    0.000000 20754.076172 v _1372_/A3 (gf180mcu_fd_sc_mcu7t5v0__xnor3_1)
     1    0.003038    0.186373    0.254659 20754.332031 v _1372_/ZN (gf180mcu_fd_sc_mcu7t5v0__xnor3_1)
                                                         _0091_ (net)
                      0.186373    0.000000 20754.332031 v _2043_/D (gf180mcu_fd_sc_mcu7t5v0__dffrnq_1)
                                           20754.332031   data arrival time

                      0.000000 20833.279297 20833.279297   clock clk_div (rise edge)
                                  0.000000 20833.279297   clock network delay (ideal)
                                 -0.250000 20833.029297   clock uncertainty
                                  0.000000 20833.029297   clock reconvergence pessimism
                                           20833.029297 ^ _2043_/CLK (gf180mcu_fd_sc_mcu7t5v0__dffrnq_1)
                                 -0.133566 20832.894531   library setup time
                                           20832.894531   data required time
---------------------------------------------------------------------------------------------
                                           20832.894531   data required time
                                           -20754.332031   data arrival time
---------------------------------------------------------------------------------------------
                                             78.564720   slack (MET)


Startpoint: _2036_ (rising edge-triggered flip-flop clocked by clk)
Endpoint: _2044_ (rising edge-triggered flip-flop clocked by clk)
Path Group: clk
Path Type: max

Fanout         Cap        Slew       Delay        Time   Description
---------------------------------------------------------------------------------------------
                      0.000000    0.000000    0.000000   clock clk (rise edge)
                                  0.000000    0.000000   clock network delay (ideal)
                      0.000000    0.000000    0.000000 ^ _2036_/CLK (gf180mcu_fd_sc_mcu7t5v0__dffrnq_1)
    10    0.043568    0.516515    0.770614    0.770614 ^ _2036_/Q (gf180mcu_fd_sc_mcu7t5v0__dffrnq_1)
                                                         u_cas_int.out_int2[6] (net)
                      0.516515    0.000000    0.770614 ^ _1309_/A1 (gf180mcu_fd_sc_mcu7t5v0__and2_1)
     2    0.008083    0.138384    0.252733    1.023347 ^ _1309_/Z (gf180mcu_fd_sc_mcu7t5v0__and2_1)
                                                         _0721_ (net)
                      0.138384    0.000000    1.023347 ^ _1322_/A3 (gf180mcu_fd_sc_mcu7t5v0__nor3_1)
     3    0.012380    0.222757    0.168537    1.191884 v _1322_/ZN (gf180mcu_fd_sc_mcu7t5v0__nor3_1)
                                                         _0732_ (net)
                      0.222757    0.000000    1.191884 v _1330_/A1 (gf180mcu_fd_sc_mcu7t5v0__aoi21_1)
     1    0.004744    0.209511    0.158518    1.350401 ^ _1330_/ZN (gf180mcu_fd_sc_mcu7t5v0__aoi21_1)
                                                         _0740_ (net)
                      0.209511    0.000000    1.350401 ^ _1333_/B (gf180mcu_fd_sc_mcu7t5v0__oai21_1)
     5    0.026179    0.315985    0.236919    1.587320 v _1333_/ZN (gf180mcu_fd_sc_mcu7t5v0__oai21_1)
                                                         _0743_ (net)
                      0.315985    0.000000    1.587320 v _1362_/A1 (gf180mcu_fd_sc_mcu7t5v0__nand2_1)
     1    0.004828    0.144397    0.141792    1.729113 ^ _1362_/ZN (gf180mcu_fd_sc_mcu7t5v0__nand2_1)
                                                         _0768_ (net)
                      0.144397    0.000000    1.729113 ^ _1367_/A1 (gf180mcu_fd_sc_mcu7t5v0__aoi21_1)
     3    0.013734    0.241107    0.132702    1.861814 v _1367_/ZN (gf180mcu_fd_sc_mcu7t5v0__aoi21_1)
                                                         _0773_ (net)
                      0.241107    0.000000    1.861814 v _1378_/A1 (gf180mcu_fd_sc_mcu7t5v0__oai22_1)
     1    0.007273    0.381513    0.203615    2.065430 ^ _1378_/ZN (gf180mcu_fd_sc_mcu7t5v0__oai22_1)
                                                         _0782_ (net)
                      0.381513    0.000000    2.065430 ^ _1380_/A2 (gf180mcu_fd_sc_mcu7t5v0__xnor2_1)
     1    0.003038    0.175126    0.255411    2.320841 ^ _1380_/ZN (gf180mcu_fd_sc_mcu7t5v0__xnor2_1)
                                                         _0092_ (net)
                      0.175126    0.000000    2.320841 ^ _2044_/D (gf180mcu_fd_sc_mcu7t5v0__dffrnq_1)
                                              2.320841   data arrival time

                      0.000000   81.379997   81.379997   clock clk (rise edge)
                                  0.000000   81.379997   clock network delay (ideal)
                                 -0.250000   81.129997   clock uncertainty
                                  0.000000   81.129997   clock reconvergence pessimism
                                             81.129997 ^ _2044_/CLK (gf180mcu_fd_sc_mcu7t5v0__dffrnq_1)
                                 -0.214521   80.915482   library setup time
                                             80.915482   data required time
---------------------------------------------------------------------------------------------
                                             80.915482   data required time
                                             -2.320841   data arrival time
---------------------------------------------------------------------------------------------
                                             78.594643   slack (MET)


Startpoint: _2036_ (rising edge-triggered flip-flop clocked by clk)
Endpoint: _2044_ (rising edge-triggered flip-flop clocked by clk_div)
Path Group: clk_div
Path Type: max

Fanout         Cap        Slew       Delay        Time   Description
---------------------------------------------------------------------------------------------
                      0.000000 20751.898438 20751.898438   clock clk (rise edge)
                                  0.000000 20751.898438   clock network delay (ideal)
                      0.000000    0.000000 20751.898438 ^ _2036_/CLK (gf180mcu_fd_sc_mcu7t5v0__dffrnq_1)
    10    0.043568    0.516515    0.771251 20752.669922 ^ _2036_/Q (gf180mcu_fd_sc_mcu7t5v0__dffrnq_1)
                                                         u_cas_int.out_int2[6] (net)
                      0.516515    0.000000 20752.669922 ^ _1309_/A1 (gf180mcu_fd_sc_mcu7t5v0__and2_1)
     2    0.008083    0.138384    0.252840 20752.923828 ^ _1309_/Z (gf180mcu_fd_sc_mcu7t5v0__and2_1)
                                                         _0721_ (net)
                      0.138384    0.000000 20752.923828 ^ _1322_/A3 (gf180mcu_fd_sc_mcu7t5v0__nor3_1)
     3    0.012380    0.222757    0.167347 20753.089844 v _1322_/ZN (gf180mcu_fd_sc_mcu7t5v0__nor3_1)
                                                         _0732_ (net)
                      0.222757    0.000000 20753.089844 v _1330_/A1 (gf180mcu_fd_sc_mcu7t5v0__aoi21_1)
     1    0.004744    0.209511    0.158252 20753.250000 ^ _1330_/ZN (gf180mcu_fd_sc_mcu7t5v0__aoi21_1)
                                                         _0740_ (net)
                      0.209511    0.000000 20753.250000 ^ _1333_/B (gf180mcu_fd_sc_mcu7t5v0__oai21_1)
     5    0.026179    0.315985    0.238288 20753.488281 v _1333_/ZN (gf180mcu_fd_sc_mcu7t5v0__oai21_1)
                                                         _0743_ (net)
                      0.315985    0.000000 20753.488281 v _1362_/A1 (gf180mcu_fd_sc_mcu7t5v0__nand2_1)
     1    0.004828    0.144397    0.141881 20753.628906 ^ _1362_/ZN (gf180mcu_fd_sc_mcu7t5v0__nand2_1)
                                                         _0768_ (net)
                      0.144397    0.000000 20753.628906 ^ _1367_/A1 (gf180mcu_fd_sc_mcu7t5v0__aoi21_1)
     3    0.013734    0.241107    0.132786 20753.761719 v _1367_/ZN (gf180mcu_fd_sc_mcu7t5v0__aoi21_1)
                                                         _0773_ (net)
                      0.241107    0.000000 20753.761719 v _1378_/A1 (gf180mcu_fd_sc_mcu7t5v0__oai22_1)
     1    0.007273    0.381513    0.201908 20753.964844 ^ _1378_/ZN (gf180mcu_fd_sc_mcu7t5v0__oai22_1)
                                                         _0782_ (net)
                      0.381513    0.000000 20753.964844 ^ _1380_/A2 (gf180mcu_fd_sc_mcu7t5v0__xnor2_1)
     1    0.003038    0.175126    0.256478 20754.220703 ^ _1380_/ZN (gf180mcu_fd_sc_mcu7t5v0__xnor2_1)
                                                         _0092_ (net)
                      0.175126    0.000000 20754.220703 ^ _2044_/D (gf180mcu_fd_sc_mcu7t5v0__dffrnq_1)
                                           20754.220703   data arrival time

                      0.000000 20833.279297 20833.279297   clock clk_div (rise edge)
                                  0.000000 20833.279297   clock network delay (ideal)
                                 -0.250000 20833.029297   clock uncertainty
                                  0.000000 20833.029297   clock reconvergence pessimism
                                           20833.029297 ^ _2044_/CLK (gf180mcu_fd_sc_mcu7t5v0__dffrnq_1)
                                 -0.214521 20832.814453   library setup time
                                           20832.814453   data required time
---------------------------------------------------------------------------------------------
                                           20832.814453   data required time
                                           -20754.220703   data arrival time
---------------------------------------------------------------------------------------------
                                             78.594643   slack (MET)


Startpoint: _2005_ (rising edge-triggered flip-flop clocked by clk)
Endpoint: _2016_ (rising edge-triggered flip-flop clocked by clk)
Path Group: clk
Path Type: max

Fanout         Cap        Slew       Delay        Time   Description
---------------------------------------------------------------------------------------------
                      0.000000    0.000000    0.000000   clock clk (rise edge)
                                  0.000000    0.000000   clock network delay (ideal)
                      0.000000    0.000000    0.000000 ^ _2005_/CLK (gf180mcu_fd_sc_mcu7t5v0__dffrnq_1)
     7    0.035694    0.430621    0.721343    0.721343 ^ _2005_/Q (gf180mcu_fd_sc_mcu7t5v0__dffrnq_1)
                                                         out_cas_int[0] (net)
                      0.430621    0.000000    0.721343 ^ _1119_/C (gf180mcu_fd_sc_mcu7t5v0__oai211_1)
     2    0.008943    0.266087    0.185782    0.907126 v _1119_/ZN (gf180mcu_fd_sc_mcu7t5v0__oai211_1)
                                                         _0559_ (net)
                      0.266087    0.000000    0.907126 v _1121_/A2 (gf180mcu_fd_sc_mcu7t5v0__aoi211_1)
     2    0.007624    0.408386    0.277957    1.185083 ^ _1121_/ZN (gf180mcu_fd_sc_mcu7t5v0__aoi211_1)
                                                         _0561_ (net)
                      0.408386    0.000000    1.185083 ^ _1142_/A1 (gf180mcu_fd_sc_mcu7t5v0__oai211_1)
     2    0.007593    0.225858    0.154260    1.339343 v _1142_/ZN (gf180mcu_fd_sc_mcu7t5v0__oai211_1)
                                                         _0578_ (net)
                      0.225858    0.000000    1.339343 v _1155_/A1 (gf180mcu_fd_sc_mcu7t5v0__aoi21_1)
     4    0.021821    0.530055    0.332954    1.672297 ^ _1155_/ZN (gf180mcu_fd_sc_mcu7t5v0__aoi21_1)
                                                         _0589_ (net)
                      0.530055    0.000000    1.672297 ^ _1167_/A1 (gf180mcu_fd_sc_mcu7t5v0__aoi21_1)
     3    0.017212    0.289973    0.191594    1.863891 v _1167_/ZN (gf180mcu_fd_sc_mcu7t5v0__aoi21_1)
                                                         _0599_ (net)
                      0.289973    0.000000    1.863891 v _1174_/A1 (gf180mcu_fd_sc_mcu7t5v0__oai21_1)
     1    0.007431    0.239009    0.211635    2.075526 ^ _1174_/ZN (gf180mcu_fd_sc_mcu7t5v0__oai21_1)
                                                         _0605_ (net)
                      0.239009    0.000000    2.075526 ^ _1175_/A3 (gf180mcu_fd_sc_mcu7t5v0__xor3_1)
     1    0.003038    0.193760    0.232273    2.307800 ^ _1175_/Z (gf180mcu_fd_sc_mcu7t5v0__xor3_1)
                                                         _0114_ (net)
                      0.193760    0.000000    2.307800 ^ _2016_/D (gf180mcu_fd_sc_mcu7t5v0__dffrnq_1)
                                              2.307800   data arrival time

                      0.000000   81.379997   81.379997   clock clk (rise edge)
                                  0.000000   81.379997   clock network delay (ideal)
                                 -0.250000   81.129997   clock uncertainty
                                  0.000000   81.129997   clock reconvergence pessimism
                                             81.129997 ^ _2016_/CLK (gf180mcu_fd_sc_mcu7t5v0__dffrnq_1)
                                 -0.219114   80.910881   library setup time
                                             80.910881   data required time
---------------------------------------------------------------------------------------------
                                             80.910881   data required time
                                             -2.307800   data arrival time
---------------------------------------------------------------------------------------------
                                             78.603081   slack (MET)


Startpoint: _2005_ (rising edge-triggered flip-flop clocked by clk)
Endpoint: _2016_ (rising edge-triggered flip-flop clocked by clk_div)
Path Group: clk_div
Path Type: max

Fanout         Cap        Slew       Delay        Time   Description
---------------------------------------------------------------------------------------------
                      0.000000 20751.898438 20751.898438   clock clk (rise edge)
                                  0.000000 20751.898438   clock network delay (ideal)
                      0.000000    0.000000 20751.898438 ^ _2005_/CLK (gf180mcu_fd_sc_mcu7t5v0__dffrnq_1)
     7    0.035694    0.430621    0.722139 20752.621094 ^ _2005_/Q (gf180mcu_fd_sc_mcu7t5v0__dffrnq_1)
                                                         out_cas_int[0] (net)
                      0.430621    0.000000 20752.621094 ^ _1119_/C (gf180mcu_fd_sc_mcu7t5v0__oai211_1)
     2    0.008943    0.266087    0.185537 20752.806641 v _1119_/ZN (gf180mcu_fd_sc_mcu7t5v0__oai211_1)
                                                         _0559_ (net)
                      0.266087    0.000000 20752.806641 v _1121_/A2 (gf180mcu_fd_sc_mcu7t5v0__aoi211_1)
     2    0.007624    0.408386    0.278305 20753.085938 ^ _1121_/ZN (gf180mcu_fd_sc_mcu7t5v0__aoi211_1)
                                                         _0561_ (net)
                      0.408386    0.000000 20753.085938 ^ _1142_/A1 (gf180mcu_fd_sc_mcu7t5v0__oai211_1)
     2    0.007593    0.225858    0.152795 20753.238281 v _1142_/ZN (gf180mcu_fd_sc_mcu7t5v0__oai211_1)
                                                         _0578_ (net)
                      0.225858    0.000000 20753.238281 v _1155_/A1 (gf180mcu_fd_sc_mcu7t5v0__aoi21_1)
     4    0.021821    0.530055    0.332875 20753.570312 ^ _1155_/ZN (gf180mcu_fd_sc_mcu7t5v0__aoi21_1)
                                                         _0589_ (net)
                      0.530055    0.000000 20753.570312 ^ _1167_/A1 (gf180mcu_fd_sc_mcu7t5v0__aoi21_1)
     3    0.017212    0.289973    0.192813 20753.763672 v _1167_/ZN (gf180mcu_fd_sc_mcu7t5v0__aoi21_1)
                                                         _0599_ (net)
                      0.289973    0.000000 20753.763672 v _1174_/A1 (gf180mcu_fd_sc_mcu7t5v0__oai21_1)
     1    0.007431    0.239009    0.211003 20753.974609 ^ _1174_/ZN (gf180mcu_fd_sc_mcu7t5v0__oai21_1)
                                                         _0605_ (net)
                      0.239009    0.000000 20753.974609 ^ _1175_/A3 (gf180mcu_fd_sc_mcu7t5v0__xor3_1)
     1    0.003038    0.193760    0.232831 20754.207031 ^ _1175_/Z (gf180mcu_fd_sc_mcu7t5v0__xor3_1)
                                                         _0114_ (net)
                      0.193760    0.000000 20754.207031 ^ _2016_/D (gf180mcu_fd_sc_mcu7t5v0__dffrnq_1)
                                           20754.207031   data arrival time

                      0.000000 20833.279297 20833.279297   clock clk_div (rise edge)
                                  0.000000 20833.279297   clock network delay (ideal)
                                 -0.250000 20833.029297   clock uncertainty
                                  0.000000 20833.029297   clock reconvergence pessimism
                                           20833.029297 ^ _2016_/CLK (gf180mcu_fd_sc_mcu7t5v0__dffrnq_1)
                                 -0.219114 20832.810547   library setup time
                                           20832.810547   data required time
---------------------------------------------------------------------------------------------
                                           20832.810547   data required time
                                           -20754.207031   data arrival time
---------------------------------------------------------------------------------------------
                                             78.603081   slack (MET)


Startpoint: _2037_ (rising edge-triggered flip-flop clocked by clk)
Endpoint: _2041_ (rising edge-triggered flip-flop clocked by clk)
Path Group: clk
Path Type: max

Fanout         Cap        Slew       Delay        Time   Description
---------------------------------------------------------------------------------------------
                      0.000000    0.000000    0.000000   clock clk (rise edge)
                                  0.000000    0.000000   clock network delay (ideal)
                      0.000000    0.000000    0.000000 ^ _2037_/CLK (gf180mcu_fd_sc_mcu7t5v0__dffrnq_1)
    10    0.044567    0.527414    0.776865    0.776865 ^ _2037_/Q (gf180mcu_fd_sc_mcu7t5v0__dffrnq_1)
                                                         u_cas_int.out_int2[7] (net)
                      0.527414    0.000000    0.776865 ^ _1321_/B2 (gf180mcu_fd_sc_mcu7t5v0__oai22_1)
     1    0.004215    0.224877    0.136558    0.913423 v _1321_/ZN (gf180mcu_fd_sc_mcu7t5v0__oai22_1)
                                                         _0731_ (net)
                      0.224877    0.000000    0.913423 v _1322_/A1 (gf180mcu_fd_sc_mcu7t5v0__nor3_1)
     3    0.012380    0.455444    0.295305    1.208728 ^ _1322_/ZN (gf180mcu_fd_sc_mcu7t5v0__nor3_1)
                                                         _0732_ (net)
                      0.455444    0.000000    1.208728 ^ _1327_/A1 (gf180mcu_fd_sc_mcu7t5v0__nand2_1)
     1    0.004749    0.160151    0.092018    1.300746 v _1327_/ZN (gf180mcu_fd_sc_mcu7t5v0__nand2_1)
                                                         _0737_ (net)
                      0.160151    0.000000    1.300746 v _1333_/A2 (gf180mcu_fd_sc_mcu7t5v0__oai21_1)
     5    0.026179    0.574396    0.369761    1.670507 ^ _1333_/ZN (gf180mcu_fd_sc_mcu7t5v0__oai21_1)
                                                         _0743_ (net)
                      0.574396    0.000000    1.670507 ^ _1346_/A1 (gf180mcu_fd_sc_mcu7t5v0__aoi21_1)
     2    0.012347    0.261076    0.154662    1.825169 v _1346_/ZN (gf180mcu_fd_sc_mcu7t5v0__aoi21_1)
                                                         _0754_ (net)
                      0.261076    0.000000    1.825169 v _1351_/A1 (gf180mcu_fd_sc_mcu7t5v0__oai21_1)
     1    0.007431    0.239035    0.202834    2.028003 ^ _1351_/ZN (gf180mcu_fd_sc_mcu7t5v0__oai21_1)
                                                         _0758_ (net)
                      0.239035    0.000000    2.028003 ^ _1354_/A3 (gf180mcu_fd_sc_mcu7t5v0__xor3_1)
     1    0.003038    0.192561    0.232274    2.260277 ^ _1354_/Z (gf180mcu_fd_sc_mcu7t5v0__xor3_1)
                                                         _0089_ (net)
                      0.192561    0.000000    2.260277 ^ _2041_/D (gf180mcu_fd_sc_mcu7t5v0__dffrnq_1)
                                              2.260277   data arrival time

                      0.000000   81.379997   81.379997   clock clk (rise edge)
                                  0.000000   81.379997   clock network delay (ideal)
                                 -0.250000   81.129997   clock uncertainty
                                  0.000000   81.129997   clock reconvergence pessimism
                                             81.129997 ^ _2041_/CLK (gf180mcu_fd_sc_mcu7t5v0__dffrnq_1)
                                 -0.218818   80.911179   library setup time
                                             80.911179   data required time
---------------------------------------------------------------------------------------------
                                             80.911179   data required time
                                             -2.260277   data arrival time
---------------------------------------------------------------------------------------------
                                             78.650902   slack (MET)


Startpoint: _2037_ (rising edge-triggered flip-flop clocked by clk)
Endpoint: _2041_ (rising edge-triggered flip-flop clocked by clk_div)
Path Group: clk_div
Path Type: max

Fanout         Cap        Slew       Delay        Time   Description
---------------------------------------------------------------------------------------------
                      0.000000 20751.898438 20751.898438   clock clk (rise edge)
                                  0.000000 20751.898438   clock network delay (ideal)
                      0.000000    0.000000 20751.898438 ^ _2037_/CLK (gf180mcu_fd_sc_mcu7t5v0__dffrnq_1)
    10    0.044567    0.527414    0.776708 20752.675781 ^ _2037_/Q (gf180mcu_fd_sc_mcu7t5v0__dffrnq_1)
                                                         u_cas_int.out_int2[7] (net)
                      0.527414    0.000000 20752.675781 ^ _1321_/B2 (gf180mcu_fd_sc_mcu7t5v0__oai22_1)
     1    0.004215    0.224877    0.136424 20752.812500 v _1321_/ZN (gf180mcu_fd_sc_mcu7t5v0__oai22_1)
                                                         _0731_ (net)
                      0.224877    0.000000 20752.812500 v _1322_/A1 (gf180mcu_fd_sc_mcu7t5v0__nor3_1)
     3    0.012380    0.455444    0.296495 20753.109375 ^ _1322_/ZN (gf180mcu_fd_sc_mcu7t5v0__nor3_1)
                                                         _0732_ (net)
                      0.455444    0.000000 20753.109375 ^ _1327_/A1 (gf180mcu_fd_sc_mcu7t5v0__nand2_1)
     1    0.004749    0.160151    0.090949 20753.199219 v _1327_/ZN (gf180mcu_fd_sc_mcu7t5v0__nand2_1)
                                                         _0737_ (net)
                      0.160151    0.000000 20753.199219 v _1333_/A2 (gf180mcu_fd_sc_mcu7t5v0__oai21_1)
     5    0.026179    0.574396    0.369255 20753.568359 ^ _1333_/ZN (gf180mcu_fd_sc_mcu7t5v0__oai21_1)
                                                         _0743_ (net)
                      0.574396    0.000000 20753.568359 ^ _1346_/A1 (gf180mcu_fd_sc_mcu7t5v0__aoi21_1)
     2    0.012347    0.261076    0.154614 20753.724609 v _1346_/ZN (gf180mcu_fd_sc_mcu7t5v0__aoi21_1)
                                                         _0754_ (net)
                      0.261076    0.000000 20753.724609 v _1351_/A1 (gf180mcu_fd_sc_mcu7t5v0__oai21_1)
     1    0.007431    0.239035    0.203727 20753.927734 ^ _1351_/ZN (gf180mcu_fd_sc_mcu7t5v0__oai21_1)
                                                         _0758_ (net)
                      0.239035    0.000000 20753.927734 ^ _1354_/A3 (gf180mcu_fd_sc_mcu7t5v0__xor3_1)
     1    0.003038    0.192561    0.232831 20754.160156 ^ _1354_/Z (gf180mcu_fd_sc_mcu7t5v0__xor3_1)
                                                         _0089_ (net)
                      0.192561    0.000000 20754.160156 ^ _2041_/D (gf180mcu_fd_sc_mcu7t5v0__dffrnq_1)
                                           20754.160156   data arrival time

                      0.000000 20833.279297 20833.279297   clock clk_div (rise edge)
                                  0.000000 20833.279297   clock network delay (ideal)
                                 -0.250000 20833.029297   clock uncertainty
                                  0.000000 20833.029297   clock reconvergence pessimism
                                           20833.029297 ^ _2041_/CLK (gf180mcu_fd_sc_mcu7t5v0__dffrnq_1)
                                 -0.218818 20832.810547   library setup time
                                           20832.810547   data required time
---------------------------------------------------------------------------------------------
                                           20832.810547   data required time
                                           -20754.160156   data arrival time
---------------------------------------------------------------------------------------------
                                             78.650902   slack (MET)


Startpoint: _2057_ (rising edge-triggered flip-flop clocked by clk)
Endpoint: _2037_ (rising edge-triggered flip-flop clocked by clk)
Path Group: clk
Path Type: max

Fanout         Cap        Slew       Delay        Time   Description
---------------------------------------------------------------------------------------------
                      0.000000    0.000000    0.000000   clock clk (rise edge)
                                  0.000000    0.000000   clock network delay (ideal)
                      0.000000    0.000000    0.000000 ^ _2057_/CLK (gf180mcu_fd_sc_mcu7t5v0__dffrnq_1)
     8    0.032097    0.392715    0.698881    0.698881 ^ _2057_/Q (gf180mcu_fd_sc_mcu7t5v0__dffrnq_1)
                                                         u_cas_int.out_int1[2] (net)
                      0.392715    0.000000    0.698881 ^ _1281_/A2 (gf180mcu_fd_sc_mcu7t5v0__nor2_1)
     2    0.006832    0.190613    0.130251    0.829132 v _1281_/ZN (gf180mcu_fd_sc_mcu7t5v0__nor2_1)
                                                         _0697_ (net)
                      0.190613    0.000000    0.829132 v _1282_/A2 (gf180mcu_fd_sc_mcu7t5v0__or2_1)
     2    0.012070    0.150040    0.304025    1.133157 v _1282_/Z (gf180mcu_fd_sc_mcu7t5v0__or2_1)
                                                         _0698_ (net)
                      0.150040    0.000000    1.133157 v _1296_/A1 (gf180mcu_fd_sc_mcu7t5v0__oai31_1)
     3    0.016617    0.680574    0.406323    1.539480 ^ _1296_/ZN (gf180mcu_fd_sc_mcu7t5v0__oai31_1)
                                                         _0710_ (net)
                      0.680574    0.000000    1.539480 ^ _1301_/A1 (gf180mcu_fd_sc_mcu7t5v0__nand3_1)
     2    0.009318    0.290988    0.182353    1.721832 v _1301_/ZN (gf180mcu_fd_sc_mcu7t5v0__nand3_1)
                                                         _0715_ (net)
                      0.290988    0.000000    1.721832 v _1314_/A1 (gf180mcu_fd_sc_mcu7t5v0__oai211_1)
     2    0.012259    0.384454    0.271993    1.993825 ^ _1314_/ZN (gf180mcu_fd_sc_mcu7t5v0__oai211_1)
                                                         _0726_ (net)
                      0.384454    0.000000    1.993825 ^ _1316_/A1 (gf180mcu_fd_sc_mcu7t5v0__aoi21_1)
     1    0.006918    0.171673    0.105790    2.099615 v _1316_/ZN (gf180mcu_fd_sc_mcu7t5v0__aoi21_1)
                                                         _0727_ (net)
                      0.171673    0.000000    2.099615 v _1320_/A3 (gf180mcu_fd_sc_mcu7t5v0__xnor3_1)
     1    0.003038    0.186635    0.235481    2.335096 v _1320_/ZN (gf180mcu_fd_sc_mcu7t5v0__xnor3_1)
                                                         _0109_ (net)
                      0.186635    0.000000    2.335096 v _2037_/D (gf180mcu_fd_sc_mcu7t5v0__dffrnq_1)
                                              2.335096   data arrival time

                      0.000000   81.379997   81.379997   clock clk (rise edge)
                                  0.000000   81.379997   clock network delay (ideal)
                                 -0.250000   81.129997   clock uncertainty
                                  0.000000   81.129997   clock reconvergence pessimism
                                             81.129997 ^ _2037_/CLK (gf180mcu_fd_sc_mcu7t5v0__dffrnq_1)
                                 -0.133647   80.996353   library setup time
                                             80.996353   data required time
---------------------------------------------------------------------------------------------
                                             80.996353   data required time
                                             -2.335096   data arrival time
---------------------------------------------------------------------------------------------
                                             78.661255   slack (MET)


Startpoint: _2057_ (rising edge-triggered flip-flop clocked by clk)
Endpoint: _2037_ (rising edge-triggered flip-flop clocked by clk_div)
Path Group: clk_div
Path Type: max

Fanout         Cap        Slew       Delay        Time   Description
---------------------------------------------------------------------------------------------
                      0.000000 20751.898438 20751.898438   clock clk (rise edge)
                                  0.000000 20751.898438   clock network delay (ideal)
                      0.000000    0.000000 20751.898438 ^ _2057_/CLK (gf180mcu_fd_sc_mcu7t5v0__dffrnq_1)
     8    0.032097    0.392715    0.698492 20752.597656 ^ _2057_/Q (gf180mcu_fd_sc_mcu7t5v0__dffrnq_1)
                                                         u_cas_int.out_int1[2] (net)
                      0.392715    0.000000 20752.597656 ^ _1281_/A2 (gf180mcu_fd_sc_mcu7t5v0__nor2_1)
     2    0.006832    0.190613    0.130967 20752.728516 v _1281_/ZN (gf180mcu_fd_sc_mcu7t5v0__nor2_1)
                                                         _0697_ (net)
                      0.190613    0.000000 20752.728516 v _1282_/A2 (gf180mcu_fd_sc_mcu7t5v0__or2_1)
     2    0.012070    0.150040    0.303771 20753.033203 v _1282_/Z (gf180mcu_fd_sc_mcu7t5v0__or2_1)
                                                         _0698_ (net)
                      0.150040    0.000000 20753.033203 v _1296_/A1 (gf180mcu_fd_sc_mcu7t5v0__oai31_1)
     3    0.016617    0.680574    0.405635 20753.437500 ^ _1296_/ZN (gf180mcu_fd_sc_mcu7t5v0__oai31_1)
                                                         _0710_ (net)
                      0.680574    0.000000 20753.437500 ^ _1301_/A1 (gf180mcu_fd_sc_mcu7t5v0__nand3_1)
     2    0.009318    0.290988    0.183718 20753.621094 v _1301_/ZN (gf180mcu_fd_sc_mcu7t5v0__nand3_1)
                                                         _0715_ (net)
                      0.290988    0.000000 20753.621094 v _1314_/A1 (gf180mcu_fd_sc_mcu7t5v0__oai211_1)
     2    0.012259    0.384454    0.271029 20753.892578 ^ _1314_/ZN (gf180mcu_fd_sc_mcu7t5v0__oai211_1)
                                                         _0726_ (net)
                      0.384454    0.000000 20753.892578 ^ _1316_/A1 (gf180mcu_fd_sc_mcu7t5v0__aoi21_1)
     1    0.006918    0.171673    0.105501 20753.998047 v _1316_/ZN (gf180mcu_fd_sc_mcu7t5v0__aoi21_1)
                                                         _0727_ (net)
                      0.171673    0.000000 20753.998047 v _1320_/A3 (gf180mcu_fd_sc_mcu7t5v0__xnor3_1)
     1    0.003038    0.186635    0.236469 20754.234375 v _1320_/ZN (gf180mcu_fd_sc_mcu7t5v0__xnor3_1)
                                                         _0109_ (net)
                      0.186635    0.000000 20754.234375 v _2037_/D (gf180mcu_fd_sc_mcu7t5v0__dffrnq_1)
                                           20754.234375   data arrival time

                      0.000000 20833.279297 20833.279297   clock clk_div (rise edge)
                                  0.000000 20833.279297   clock network delay (ideal)
                                 -0.250000 20833.029297   clock uncertainty
                                  0.000000 20833.029297   clock reconvergence pessimism
                                           20833.029297 ^ _2037_/CLK (gf180mcu_fd_sc_mcu7t5v0__dffrnq_1)
                                 -0.133647 20832.894531   library setup time
                                           20832.894531   data required time
---------------------------------------------------------------------------------------------
                                           20832.894531   data required time
                                           -20754.234375   data arrival time
---------------------------------------------------------------------------------------------
                                             78.661255   slack (MET)


Startpoint: _2057_ (rising edge-triggered flip-flop clocked by clk)
Endpoint: _2036_ (rising edge-triggered flip-flop clocked by clk)
Path Group: clk
Path Type: max

Fanout         Cap        Slew       Delay        Time   Description
---------------------------------------------------------------------------------------------
                      0.000000    0.000000    0.000000   clock clk (rise edge)
                                  0.000000    0.000000   clock network delay (ideal)
                      0.000000    0.000000    0.000000 ^ _2057_/CLK (gf180mcu_fd_sc_mcu7t5v0__dffrnq_1)
     8    0.032097    0.392715    0.698881    0.698881 ^ _2057_/Q (gf180mcu_fd_sc_mcu7t5v0__dffrnq_1)
                                                         u_cas_int.out_int1[2] (net)
                      0.392715    0.000000    0.698881 ^ _1281_/A2 (gf180mcu_fd_sc_mcu7t5v0__nor2_1)
     2    0.006832    0.190613    0.130251    0.829132 v _1281_/ZN (gf180mcu_fd_sc_mcu7t5v0__nor2_1)
                                                         _0697_ (net)
                      0.190613    0.000000    0.829132 v _1282_/A2 (gf180mcu_fd_sc_mcu7t5v0__or2_1)
     2    0.012070    0.150040    0.304025    1.133157 v _1282_/Z (gf180mcu_fd_sc_mcu7t5v0__or2_1)
                                                         _0698_ (net)
                      0.150040    0.000000    1.133157 v _1296_/A1 (gf180mcu_fd_sc_mcu7t5v0__oai31_1)
     3    0.016617    0.680574    0.406323    1.539480 ^ _1296_/ZN (gf180mcu_fd_sc_mcu7t5v0__oai31_1)
                                                         _0710_ (net)
                      0.680574    0.000000    1.539480 ^ _1301_/A1 (gf180mcu_fd_sc_mcu7t5v0__nand3_1)
     2    0.009318    0.290988    0.182353    1.721832 v _1301_/ZN (gf180mcu_fd_sc_mcu7t5v0__nand3_1)
                                                         _0715_ (net)
                      0.290988    0.000000    1.721832 v _1314_/A1 (gf180mcu_fd_sc_mcu7t5v0__oai211_1)
     2    0.012259    0.384454    0.271993    1.993825 ^ _1314_/ZN (gf180mcu_fd_sc_mcu7t5v0__oai211_1)
                                                         _0726_ (net)
                      0.384454    0.000000    1.993825 ^ _1315_/A3 (gf180mcu_fd_sc_mcu7t5v0__xor3_1)
     1    0.003038    0.193882    0.239128    2.232953 ^ _1315_/Z (gf180mcu_fd_sc_mcu7t5v0__xor3_1)
                                                         _0108_ (net)
                      0.193882    0.000000    2.232953 ^ _2036_/D (gf180mcu_fd_sc_mcu7t5v0__dffrnq_1)
                                              2.232953   data arrival time

                      0.000000   81.379997   81.379997   clock clk (rise edge)
                                  0.000000   81.379997   clock network delay (ideal)
                                 -0.250000   81.129997   clock uncertainty
                                  0.000000   81.129997   clock reconvergence pessimism
                                             81.129997 ^ _2036_/CLK (gf180mcu_fd_sc_mcu7t5v0__dffrnq_1)
                                 -0.219144   80.910851   library setup time
                                             80.910851   data required time
---------------------------------------------------------------------------------------------
                                             80.910851   data required time
                                             -2.232953   data arrival time
---------------------------------------------------------------------------------------------
                                             78.677902   slack (MET)


Startpoint: _2057_ (rising edge-triggered flip-flop clocked by clk)
Endpoint: _2036_ (rising edge-triggered flip-flop clocked by clk_div)
Path Group: clk_div
Path Type: max

Fanout         Cap        Slew       Delay        Time   Description
---------------------------------------------------------------------------------------------
                      0.000000 20751.898438 20751.898438   clock clk (rise edge)
                                  0.000000 20751.898438   clock network delay (ideal)
                      0.000000    0.000000 20751.898438 ^ _2057_/CLK (gf180mcu_fd_sc_mcu7t5v0__dffrnq_1)
     8    0.032097    0.392715    0.698492 20752.597656 ^ _2057_/Q (gf180mcu_fd_sc_mcu7t5v0__dffrnq_1)
                                                         u_cas_int.out_int1[2] (net)
                      0.392715    0.000000 20752.597656 ^ _1281_/A2 (gf180mcu_fd_sc_mcu7t5v0__nor2_1)
     2    0.006832    0.190613    0.130967 20752.728516 v _1281_/ZN (gf180mcu_fd_sc_mcu7t5v0__nor2_1)
                                                         _0697_ (net)
                      0.190613    0.000000 20752.728516 v _1282_/A2 (gf180mcu_fd_sc_mcu7t5v0__or2_1)
     2    0.012070    0.150040    0.303771 20753.033203 v _1282_/Z (gf180mcu_fd_sc_mcu7t5v0__or2_1)
                                                         _0698_ (net)
                      0.150040    0.000000 20753.033203 v _1296_/A1 (gf180mcu_fd_sc_mcu7t5v0__oai31_1)
     3    0.016617    0.680574    0.405635 20753.437500 ^ _1296_/ZN (gf180mcu_fd_sc_mcu7t5v0__oai31_1)
                                                         _0710_ (net)
                      0.680574    0.000000 20753.437500 ^ _1301_/A1 (gf180mcu_fd_sc_mcu7t5v0__nand3_1)
     2    0.009318    0.290988    0.183718 20753.621094 v _1301_/ZN (gf180mcu_fd_sc_mcu7t5v0__nand3_1)
                                                         _0715_ (net)
                      0.290988    0.000000 20753.621094 v _1314_/A1 (gf180mcu_fd_sc_mcu7t5v0__oai211_1)
     2    0.012259    0.384454    0.271029 20753.892578 ^ _1314_/ZN (gf180mcu_fd_sc_mcu7t5v0__oai211_1)
                                                         _0726_ (net)
                      0.384454    0.000000 20753.892578 ^ _1315_/A3 (gf180mcu_fd_sc_mcu7t5v0__xor3_1)
     1    0.003038    0.193882    0.240107 20754.132812 ^ _1315_/Z (gf180mcu_fd_sc_mcu7t5v0__xor3_1)
                                                         _0108_ (net)
                      0.193882    0.000000 20754.132812 ^ _2036_/D (gf180mcu_fd_sc_mcu7t5v0__dffrnq_1)
                                           20754.132812   data arrival time

                      0.000000 20833.279297 20833.279297   clock clk_div (rise edge)
                                  0.000000 20833.279297   clock network delay (ideal)
                                 -0.250000 20833.029297   clock uncertainty
                                  0.000000 20833.029297   clock reconvergence pessimism
                                           20833.029297 ^ _2036_/CLK (gf180mcu_fd_sc_mcu7t5v0__dffrnq_1)
                                 -0.219144 20832.810547   library setup time
                                           20832.810547   data required time
---------------------------------------------------------------------------------------------
                                           20832.810547   data required time
                                           -20754.132812   data arrival time
---------------------------------------------------------------------------------------------
                                             78.677902   slack (MET)


Startpoint: _2057_ (rising edge-triggered flip-flop clocked by clk)
Endpoint: _2046_ (rising edge-triggered flip-flop clocked by clk)
Path Group: clk
Path Type: max

Fanout         Cap        Slew       Delay        Time   Description
---------------------------------------------------------------------------------------------
                      0.000000    0.000000    0.000000   clock clk (rise edge)
                                  0.000000    0.000000   clock network delay (ideal)
                      0.000000    0.000000    0.000000 ^ _2057_/CLK (gf180mcu_fd_sc_mcu7t5v0__dffrnq_1)
     8    0.032097    0.392715    0.698881    0.698881 ^ _2057_/Q (gf180mcu_fd_sc_mcu7t5v0__dffrnq_1)
                                                         u_cas_int.out_int1[2] (net)
                      0.392715    0.000000    0.698881 ^ _1281_/A2 (gf180mcu_fd_sc_mcu7t5v0__nor2_1)
     2    0.006832    0.190613    0.130251    0.829132 v _1281_/ZN (gf180mcu_fd_sc_mcu7t5v0__nor2_1)
                                                         _0697_ (net)
                      0.190613    0.000000    0.829132 v _1282_/A2 (gf180mcu_fd_sc_mcu7t5v0__or2_1)
     2    0.012070    0.150040    0.304025    1.133157 v _1282_/Z (gf180mcu_fd_sc_mcu7t5v0__or2_1)
                                                         _0698_ (net)
                      0.150040    0.000000    1.133157 v _1296_/A1 (gf180mcu_fd_sc_mcu7t5v0__oai31_1)
     3    0.016617    0.680574    0.406323    1.539480 ^ _1296_/ZN (gf180mcu_fd_sc_mcu7t5v0__oai31_1)
                                                         _0710_ (net)
                      0.680574    0.000000    1.539480 ^ _1332_/A1 (gf180mcu_fd_sc_mcu7t5v0__aoi21_1)
     1    0.004905    0.211534    0.080679    1.620159 v _1332_/ZN (gf180mcu_fd_sc_mcu7t5v0__aoi21_1)
                                                         _0742_ (net)
                      0.211534    0.000000    1.620159 v _1393_/A1 (gf180mcu_fd_sc_mcu7t5v0__oai21_1)
     4    0.021738    0.491103    0.333542    1.953701 ^ _1393_/ZN (gf180mcu_fd_sc_mcu7t5v0__oai21_1)
                                                         _0795_ (net)
                      0.491103    0.000000    1.953701 ^ _1397_/A1 (gf180mcu_fd_sc_mcu7t5v0__xor2_1)
     1    0.003038    0.190588    0.241259    2.194960 ^ _1397_/Z (gf180mcu_fd_sc_mcu7t5v0__xor2_1)
                                                         _0094_ (net)
                      0.190588    0.000000    2.194960 ^ _2046_/D (gf180mcu_fd_sc_mcu7t5v0__dffrnq_1)
                                              2.194960   data arrival time

                      0.000000   81.379997   81.379997   clock clk (rise edge)
                                  0.000000   81.379997   clock network delay (ideal)
                                 -0.250000   81.129997   clock uncertainty
                                  0.000000   81.129997   clock reconvergence pessimism
                                             81.129997 ^ _2046_/CLK (gf180mcu_fd_sc_mcu7t5v0__dffrnq_1)
                                 -0.218332   80.911674   library setup time
                                             80.911674   data required time
---------------------------------------------------------------------------------------------
                                             80.911674   data required time
                                             -2.194960   data arrival time
---------------------------------------------------------------------------------------------
                                             78.716713   slack (MET)


Startpoint: _2057_ (rising edge-triggered flip-flop clocked by clk)
Endpoint: _2046_ (rising edge-triggered flip-flop clocked by clk_div)
Path Group: clk_div
Path Type: max

Fanout         Cap        Slew       Delay        Time   Description
---------------------------------------------------------------------------------------------
                      0.000000 20751.898438 20751.898438   clock clk (rise edge)
                                  0.000000 20751.898438   clock network delay (ideal)
                      0.000000    0.000000 20751.898438 ^ _2057_/CLK (gf180mcu_fd_sc_mcu7t5v0__dffrnq_1)
     8    0.032097    0.392715    0.698492 20752.597656 ^ _2057_/Q (gf180mcu_fd_sc_mcu7t5v0__dffrnq_1)
                                                         u_cas_int.out_int1[2] (net)
                      0.392715    0.000000 20752.597656 ^ _1281_/A2 (gf180mcu_fd_sc_mcu7t5v0__nor2_1)
     2    0.006832    0.190613    0.130967 20752.728516 v _1281_/ZN (gf180mcu_fd_sc_mcu7t5v0__nor2_1)
                                                         _0697_ (net)
                      0.190613    0.000000 20752.728516 v _1282_/A2 (gf180mcu_fd_sc_mcu7t5v0__or2_1)
     2    0.012070    0.150040    0.303771 20753.033203 v _1282_/Z (gf180mcu_fd_sc_mcu7t5v0__or2_1)
                                                         _0698_ (net)
                      0.150040    0.000000 20753.033203 v _1296_/A1 (gf180mcu_fd_sc_mcu7t5v0__oai31_1)
     3    0.016617    0.680574    0.405635 20753.437500 ^ _1296_/ZN (gf180mcu_fd_sc_mcu7t5v0__oai31_1)
                                                         _0710_ (net)
                      0.680574    0.000000 20753.437500 ^ _1332_/A1 (gf180mcu_fd_sc_mcu7t5v0__aoi21_1)
     1    0.004905    0.211534    0.081855 20753.519531 v _1332_/ZN (gf180mcu_fd_sc_mcu7t5v0__aoi21_1)
                                                         _0742_ (net)
                      0.211534    0.000000 20753.519531 v _1393_/A1 (gf180mcu_fd_sc_mcu7t5v0__oai21_1)
     4    0.021738    0.491103    0.332875 20753.853516 ^ _1393_/ZN (gf180mcu_fd_sc_mcu7t5v0__oai21_1)
                                                         _0795_ (net)
                      0.491103    0.000000 20753.853516 ^ _1397_/A1 (gf180mcu_fd_sc_mcu7t5v0__xor2_1)
     1    0.003038    0.190588    0.241926 20754.095703 ^ _1397_/Z (gf180mcu_fd_sc_mcu7t5v0__xor2_1)
                                                         _0094_ (net)
                      0.190588    0.000000 20754.095703 ^ _2046_/D (gf180mcu_fd_sc_mcu7t5v0__dffrnq_1)
                                           20754.095703   data arrival time

                      0.000000 20833.279297 20833.279297   clock clk_div (rise edge)
                                  0.000000 20833.279297   clock network delay (ideal)
                                 -0.250000 20833.029297   clock uncertainty
                                  0.000000 20833.029297   clock reconvergence pessimism
                                           20833.029297 ^ _2046_/CLK (gf180mcu_fd_sc_mcu7t5v0__dffrnq_1)
                                 -0.218332 20832.812500   library setup time
                                           20832.812500   data required time
---------------------------------------------------------------------------------------------
                                           20832.812500   data required time
                                           -20754.095703   data arrival time
---------------------------------------------------------------------------------------------
                                             78.716713   slack (MET)


Startpoint: _2037_ (rising edge-triggered flip-flop clocked by clk)
Endpoint: _2039_ (rising edge-triggered flip-flop clocked by clk)
Path Group: clk
Path Type: max

Fanout         Cap        Slew       Delay        Time   Description
---------------------------------------------------------------------------------------------
                      0.000000    0.000000    0.000000   clock clk (rise edge)
                                  0.000000    0.000000   clock network delay (ideal)
                      0.000000    0.000000    0.000000 ^ _2037_/CLK (gf180mcu_fd_sc_mcu7t5v0__dffrnq_1)
    10    0.044567    0.527414    0.776865    0.776865 ^ _2037_/Q (gf180mcu_fd_sc_mcu7t5v0__dffrnq_1)
                                                         u_cas_int.out_int2[7] (net)
                      0.527414    0.000000    0.776865 ^ _1321_/B2 (gf180mcu_fd_sc_mcu7t5v0__oai22_1)
     1    0.004215    0.224877    0.136558    0.913423 v _1321_/ZN (gf180mcu_fd_sc_mcu7t5v0__oai22_1)
                                                         _0731_ (net)
                      0.224877    0.000000    0.913423 v _1322_/A1 (gf180mcu_fd_sc_mcu7t5v0__nor3_1)
     3    0.012380    0.455444    0.295305    1.208728 ^ _1322_/ZN (gf180mcu_fd_sc_mcu7t5v0__nor3_1)
                                                         _0732_ (net)
                      0.455444    0.000000    1.208728 ^ _1327_/A1 (gf180mcu_fd_sc_mcu7t5v0__nand2_1)
     1    0.004749    0.160151    0.092018    1.300746 v _1327_/ZN (gf180mcu_fd_sc_mcu7t5v0__nand2_1)
                                                         _0737_ (net)
                      0.160151    0.000000    1.300746 v _1333_/A2 (gf180mcu_fd_sc_mcu7t5v0__oai21_1)
     5    0.026179    0.574396    0.369761    1.670507 ^ _1333_/ZN (gf180mcu_fd_sc_mcu7t5v0__oai21_1)
                                                         _0743_ (net)
                      0.574396    0.000000    1.670507 ^ _1336_/A1 (gf180mcu_fd_sc_mcu7t5v0__nand3_1)
     1    0.004486    0.212221    0.124414    1.794921 v _1336_/ZN (gf180mcu_fd_sc_mcu7t5v0__nand3_1)
                                                         _0746_ (net)
                      0.212221    0.000000    1.794921 v _1338_/A2 (gf180mcu_fd_sc_mcu7t5v0__nand2_1)
     1    0.007431    0.165127    0.153658    1.948579 ^ _1338_/ZN (gf180mcu_fd_sc_mcu7t5v0__nand2_1)
                                                         _0747_ (net)
                      0.165127    0.000000    1.948579 ^ _1341_/A3 (gf180mcu_fd_sc_mcu7t5v0__xor3_1)
     1    0.003038    0.192630    0.226763    2.175342 ^ _1341_/Z (gf180mcu_fd_sc_mcu7t5v0__xor3_1)
                                                         _0111_ (net)
                      0.192630    0.000000    2.175342 ^ _2039_/D (gf180mcu_fd_sc_mcu7t5v0__dffrnq_1)
                                              2.175342   data arrival time

                      0.000000   81.379997   81.379997   clock clk (rise edge)
                                  0.000000   81.379997   clock network delay (ideal)
                                 -0.250000   81.129997   clock uncertainty
                                  0.000000   81.129997   clock reconvergence pessimism
                                             81.129997 ^ _2039_/CLK (gf180mcu_fd_sc_mcu7t5v0__dffrnq_1)
                                 -0.218835   80.911163   library setup time
                                             80.911163   data required time
---------------------------------------------------------------------------------------------
                                             80.911163   data required time
                                             -2.175342   data arrival time
---------------------------------------------------------------------------------------------
                                             78.735825   slack (MET)


Startpoint: _2037_ (rising edge-triggered flip-flop clocked by clk)
Endpoint: _2039_ (rising edge-triggered flip-flop clocked by clk_div)
Path Group: clk_div
Path Type: max

Fanout         Cap        Slew       Delay        Time   Description
---------------------------------------------------------------------------------------------
                      0.000000 20751.898438 20751.898438   clock clk (rise edge)
                                  0.000000 20751.898438   clock network delay (ideal)
                      0.000000    0.000000 20751.898438 ^ _2037_/CLK (gf180mcu_fd_sc_mcu7t5v0__dffrnq_1)
    10    0.044567    0.527414    0.776708 20752.675781 ^ _2037_/Q (gf180mcu_fd_sc_mcu7t5v0__dffrnq_1)
                                                         u_cas_int.out_int2[7] (net)
                      0.527414    0.000000 20752.675781 ^ _1321_/B2 (gf180mcu_fd_sc_mcu7t5v0__oai22_1)
     1    0.004215    0.224877    0.136424 20752.812500 v _1321_/ZN (gf180mcu_fd_sc_mcu7t5v0__oai22_1)
                                                         _0731_ (net)
                      0.224877    0.000000 20752.812500 v _1322_/A1 (gf180mcu_fd_sc_mcu7t5v0__nor3_1)
     3    0.012380    0.455444    0.296495 20753.109375 ^ _1322_/ZN (gf180mcu_fd_sc_mcu7t5v0__nor3_1)
                                                         _0732_ (net)
                      0.455444    0.000000 20753.109375 ^ _1327_/A1 (gf180mcu_fd_sc_mcu7t5v0__nand2_1)
     1    0.004749    0.160151    0.090949 20753.199219 v _1327_/ZN (gf180mcu_fd_sc_mcu7t5v0__nand2_1)
                                                         _0737_ (net)
                      0.160151    0.000000 20753.199219 v _1333_/A2 (gf180mcu_fd_sc_mcu7t5v0__oai21_1)
     5    0.026179    0.574396    0.369255 20753.568359 ^ _1333_/ZN (gf180mcu_fd_sc_mcu7t5v0__oai21_1)
                                                         _0743_ (net)
                      0.574396    0.000000 20753.568359 ^ _1336_/A1 (gf180mcu_fd_sc_mcu7t5v0__nand3_1)
     1    0.004486    0.212221    0.125510 20753.695312 v _1336_/ZN (gf180mcu_fd_sc_mcu7t5v0__nand3_1)
                                                         _0746_ (net)
                      0.212221    0.000000 20753.695312 v _1338_/A2 (gf180mcu_fd_sc_mcu7t5v0__nand2_1)
     1    0.007431    0.165127    0.152795 20753.847656 ^ _1338_/ZN (gf180mcu_fd_sc_mcu7t5v0__nand2_1)
                                                         _0747_ (net)
                      0.165127    0.000000 20753.847656 ^ _1341_/A3 (gf180mcu_fd_sc_mcu7t5v0__xor3_1)
     1    0.003038    0.192630    0.227374 20754.074219 ^ _1341_/Z (gf180mcu_fd_sc_mcu7t5v0__xor3_1)
                                                         _0111_ (net)
                      0.192630    0.000000 20754.074219 ^ _2039_/D (gf180mcu_fd_sc_mcu7t5v0__dffrnq_1)
                                           20754.074219   data arrival time

                      0.000000 20833.279297 20833.279297   clock clk_div (rise edge)
                                  0.000000 20833.279297   clock network delay (ideal)
                                 -0.250000 20833.029297   clock uncertainty
                                  0.000000 20833.029297   clock reconvergence pessimism
                                           20833.029297 ^ _2039_/CLK (gf180mcu_fd_sc_mcu7t5v0__dffrnq_1)
                                 -0.218835 20832.810547   library setup time
                                           20832.810547   data required time
---------------------------------------------------------------------------------------------
                                           20832.810547   data required time
                                           -20754.074219   data arrival time
---------------------------------------------------------------------------------------------
                                             78.735825   slack (MET)


Startpoint: _2005_ (rising edge-triggered flip-flop clocked by clk)
Endpoint: _2014_ (rising edge-triggered flip-flop clocked by clk)
Path Group: clk
Path Type: max

Fanout         Cap        Slew       Delay        Time   Description
---------------------------------------------------------------------------------------------
                      0.000000    0.000000    0.000000   clock clk (rise edge)
                                  0.000000    0.000000   clock network delay (ideal)
                      0.000000    0.000000    0.000000 ^ _2005_/CLK (gf180mcu_fd_sc_mcu7t5v0__dffrnq_1)
     7    0.035694    0.430621    0.721343    0.721343 ^ _2005_/Q (gf180mcu_fd_sc_mcu7t5v0__dffrnq_1)
                                                         out_cas_int[0] (net)
                      0.430621    0.000000    0.721343 ^ _1119_/C (gf180mcu_fd_sc_mcu7t5v0__oai211_1)
     2    0.008943    0.266087    0.185782    0.907126 v _1119_/ZN (gf180mcu_fd_sc_mcu7t5v0__oai211_1)
                                                         _0559_ (net)
                      0.266087    0.000000    0.907126 v _1121_/A2 (gf180mcu_fd_sc_mcu7t5v0__aoi211_1)
     2    0.007624    0.408386    0.277957    1.185083 ^ _1121_/ZN (gf180mcu_fd_sc_mcu7t5v0__aoi211_1)
                                                         _0561_ (net)
                      0.408386    0.000000    1.185083 ^ _1142_/A1 (gf180mcu_fd_sc_mcu7t5v0__oai211_1)
     2    0.007593    0.225858    0.154260    1.339343 v _1142_/ZN (gf180mcu_fd_sc_mcu7t5v0__oai211_1)
                                                         _0578_ (net)
                      0.225858    0.000000    1.339343 v _1155_/A1 (gf180mcu_fd_sc_mcu7t5v0__aoi21_1)
     4    0.021821    0.530055    0.332954    1.672297 ^ _1155_/ZN (gf180mcu_fd_sc_mcu7t5v0__aoi21_1)
                                                         _0589_ (net)
                      0.530055    0.000000    1.672297 ^ _1158_/A1 (gf180mcu_fd_sc_mcu7t5v0__nand2_1)
     1    0.004486    0.171035    0.090295    1.762592 v _1158_/ZN (gf180mcu_fd_sc_mcu7t5v0__nand2_1)
                                                         _0592_ (net)
                      0.171035    0.000000    1.762592 v _1160_/A2 (gf180mcu_fd_sc_mcu7t5v0__nand2_1)
     1    0.007431    0.159943    0.140760    1.903352 ^ _1160_/ZN (gf180mcu_fd_sc_mcu7t5v0__nand2_1)
                                                         _0593_ (net)
                      0.159943    0.000000    1.903352 ^ _1163_/A3 (gf180mcu_fd_sc_mcu7t5v0__xor3_1)
     1    0.003038    0.192630    0.226326    2.129678 ^ _1163_/Z (gf180mcu_fd_sc_mcu7t5v0__xor3_1)
                                                         _0136_ (net)
                      0.192630    0.000000    2.129678 ^ _2014_/D (gf180mcu_fd_sc_mcu7t5v0__dffrnq_1)
                                              2.129678   data arrival time

                      0.000000   81.379997   81.379997   clock clk (rise edge)
                                  0.000000   81.379997   clock network delay (ideal)
                                 -0.250000   81.129997   clock uncertainty
                                  0.000000   81.129997   clock reconvergence pessimism
                                             81.129997 ^ _2014_/CLK (gf180mcu_fd_sc_mcu7t5v0__dffrnq_1)
                                 -0.218835   80.911163   library setup time
                                             80.911163   data required time
---------------------------------------------------------------------------------------------
                                             80.911163   data required time
                                             -2.129678   data arrival time
---------------------------------------------------------------------------------------------
                                             78.781487   slack (MET)


Startpoint: _2005_ (rising edge-triggered flip-flop clocked by clk)
Endpoint: _2014_ (rising edge-triggered flip-flop clocked by clk_div)
Path Group: clk_div
Path Type: max

Fanout         Cap        Slew       Delay        Time   Description
---------------------------------------------------------------------------------------------
                      0.000000 20751.898438 20751.898438   clock clk (rise edge)
                                  0.000000 20751.898438   clock network delay (ideal)
                      0.000000    0.000000 20751.898438 ^ _2005_/CLK (gf180mcu_fd_sc_mcu7t5v0__dffrnq_1)
     7    0.035694    0.430621    0.722139 20752.621094 ^ _2005_/Q (gf180mcu_fd_sc_mcu7t5v0__dffrnq_1)
                                                         out_cas_int[0] (net)
                      0.430621    0.000000 20752.621094 ^ _1119_/C (gf180mcu_fd_sc_mcu7t5v0__oai211_1)
     2    0.008943    0.266087    0.185537 20752.806641 v _1119_/ZN (gf180mcu_fd_sc_mcu7t5v0__oai211_1)
                                                         _0559_ (net)
                      0.266087    0.000000 20752.806641 v _1121_/A2 (gf180mcu_fd_sc_mcu7t5v0__aoi211_1)
     2    0.007624    0.408386    0.278305 20753.085938 ^ _1121_/ZN (gf180mcu_fd_sc_mcu7t5v0__aoi211_1)
                                                         _0561_ (net)
                      0.408386    0.000000 20753.085938 ^ _1142_/A1 (gf180mcu_fd_sc_mcu7t5v0__oai211_1)
     2    0.007593    0.225858    0.152795 20753.238281 v _1142_/ZN (gf180mcu_fd_sc_mcu7t5v0__oai211_1)
                                                         _0578_ (net)
                      0.225858    0.000000 20753.238281 v _1155_/A1 (gf180mcu_fd_sc_mcu7t5v0__aoi21_1)
     4    0.021821    0.530055    0.332875 20753.570312 ^ _1155_/ZN (gf180mcu_fd_sc_mcu7t5v0__aoi21_1)
                                                         _0589_ (net)
                      0.530055    0.000000 20753.570312 ^ _1158_/A1 (gf180mcu_fd_sc_mcu7t5v0__nand2_1)
     1    0.004486    0.171035    0.090949 20753.662109 v _1158_/ZN (gf180mcu_fd_sc_mcu7t5v0__nand2_1)
                                                         _0592_ (net)
                      0.171035    0.000000 20753.662109 v _1160_/A2 (gf180mcu_fd_sc_mcu7t5v0__nand2_1)
     1    0.007431    0.159943    0.140062 20753.802734 ^ _1160_/ZN (gf180mcu_fd_sc_mcu7t5v0__nand2_1)
                                                         _0593_ (net)
                      0.159943    0.000000 20753.802734 ^ _1163_/A3 (gf180mcu_fd_sc_mcu7t5v0__xor3_1)
     1    0.003038    0.192630    0.227374 20754.029297 ^ _1163_/Z (gf180mcu_fd_sc_mcu7t5v0__xor3_1)
                                                         _0136_ (net)
                      0.192630    0.000000 20754.029297 ^ _2014_/D (gf180mcu_fd_sc_mcu7t5v0__dffrnq_1)
                                           20754.029297   data arrival time

                      0.000000 20833.279297 20833.279297   clock clk_div (rise edge)
                                  0.000000 20833.279297   clock network delay (ideal)
                                 -0.250000 20833.029297   clock uncertainty
                                  0.000000 20833.029297   clock reconvergence pessimism
                                           20833.029297 ^ _2014_/CLK (gf180mcu_fd_sc_mcu7t5v0__dffrnq_1)
                                 -0.218835 20832.810547   library setup time
                                           20832.810547   data required time
---------------------------------------------------------------------------------------------
                                           20832.810547   data required time
                                           -20754.029297   data arrival time
---------------------------------------------------------------------------------------------
                                             78.781487   slack (MET)


Startpoint: _2057_ (rising edge-triggered flip-flop clocked by clk)
Endpoint: _2035_ (rising edge-triggered flip-flop clocked by clk)
Path Group: clk
Path Type: max

Fanout         Cap        Slew       Delay        Time   Description
---------------------------------------------------------------------------------------------
                      0.000000    0.000000    0.000000   clock clk (rise edge)
                                  0.000000    0.000000   clock network delay (ideal)
                      0.000000    0.000000    0.000000 ^ _2057_/CLK (gf180mcu_fd_sc_mcu7t5v0__dffrnq_1)
     8    0.032097    0.392715    0.698881    0.698881 ^ _2057_/Q (gf180mcu_fd_sc_mcu7t5v0__dffrnq_1)
                                                         u_cas_int.out_int1[2] (net)
                      0.392715    0.000000    0.698881 ^ _1281_/A2 (gf180mcu_fd_sc_mcu7t5v0__nor2_1)
     2    0.006832    0.190613    0.130251    0.829132 v _1281_/ZN (gf180mcu_fd_sc_mcu7t5v0__nor2_1)
                                                         _0697_ (net)
                      0.190613    0.000000    0.829132 v _1282_/A2 (gf180mcu_fd_sc_mcu7t5v0__or2_1)
     2    0.012070    0.150040    0.304025    1.133157 v _1282_/Z (gf180mcu_fd_sc_mcu7t5v0__or2_1)
                                                         _0698_ (net)
                      0.150040    0.000000    1.133157 v _1296_/A1 (gf180mcu_fd_sc_mcu7t5v0__oai31_1)
     3    0.016617    0.680574    0.406323    1.539480 ^ _1296_/ZN (gf180mcu_fd_sc_mcu7t5v0__oai31_1)
                                                         _0710_ (net)
                      0.680574    0.000000    1.539480 ^ _1301_/A1 (gf180mcu_fd_sc_mcu7t5v0__nand3_1)
     2    0.009318    0.290988    0.182353    1.721832 v _1301_/ZN (gf180mcu_fd_sc_mcu7t5v0__nand3_1)
                                                         _0715_ (net)
                      0.290988    0.000000    1.721832 v _1303_/A2 (gf180mcu_fd_sc_mcu7t5v0__nand2_1)
     1    0.007431    0.181588    0.176115    1.897947 ^ _1303_/ZN (gf180mcu_fd_sc_mcu7t5v0__nand2_1)
                                                         _0716_ (net)
                      0.181588    0.000000    1.897947 ^ _1307_/A3 (gf180mcu_fd_sc_mcu7t5v0__xor3_1)
     1    0.003038    0.194394    0.228150    2.126098 ^ _1307_/Z (gf180mcu_fd_sc_mcu7t5v0__xor3_1)
                                                         _0107_ (net)
                      0.194394    0.000000    2.126098 ^ _2035_/D (gf180mcu_fd_sc_mcu7t5v0__dffrnq_1)
                                              2.126098   data arrival time

                      0.000000   81.379997   81.379997   clock clk (rise edge)
                                  0.000000   81.379997   clock network delay (ideal)
                                 -0.250000   81.129997   clock uncertainty
                                  0.000000   81.129997   clock reconvergence pessimism
                                             81.129997 ^ _2035_/CLK (gf180mcu_fd_sc_mcu7t5v0__dffrnq_1)
                                 -0.219270   80.910736   library setup time
                                             80.910736   data required time
---------------------------------------------------------------------------------------------
                                             80.910736   data required time
                                             -2.126098   data arrival time
---------------------------------------------------------------------------------------------
                                             78.784630   slack (MET)


Startpoint: _2057_ (rising edge-triggered flip-flop clocked by clk)
Endpoint: _2035_ (rising edge-triggered flip-flop clocked by clk_div)
Path Group: clk_div
Path Type: max

Fanout         Cap        Slew       Delay        Time   Description
---------------------------------------------------------------------------------------------
                      0.000000 20751.898438 20751.898438   clock clk (rise edge)
                                  0.000000 20751.898438   clock network delay (ideal)
                      0.000000    0.000000 20751.898438 ^ _2057_/CLK (gf180mcu_fd_sc_mcu7t5v0__dffrnq_1)
     8    0.032097    0.392715    0.698492 20752.597656 ^ _2057_/Q (gf180mcu_fd_sc_mcu7t5v0__dffrnq_1)
                                                         u_cas_int.out_int1[2] (net)
                      0.392715    0.000000 20752.597656 ^ _1281_/A2 (gf180mcu_fd_sc_mcu7t5v0__nor2_1)
     2    0.006832    0.190613    0.130967 20752.728516 v _1281_/ZN (gf180mcu_fd_sc_mcu7t5v0__nor2_1)
                                                         _0697_ (net)
                      0.190613    0.000000 20752.728516 v _1282_/A2 (gf180mcu_fd_sc_mcu7t5v0__or2_1)
     2    0.012070    0.150040    0.303771 20753.033203 v _1282_/Z (gf180mcu_fd_sc_mcu7t5v0__or2_1)
                                                         _0698_ (net)
                      0.150040    0.000000 20753.033203 v _1296_/A1 (gf180mcu_fd_sc_mcu7t5v0__oai31_1)
     3    0.016617    0.680574    0.405635 20753.437500 ^ _1296_/ZN (gf180mcu_fd_sc_mcu7t5v0__oai31_1)
                                                         _0710_ (net)
                      0.680574    0.000000 20753.437500 ^ _1301_/A1 (gf180mcu_fd_sc_mcu7t5v0__nand3_1)
     2    0.009318    0.290988    0.183718 20753.621094 v _1301_/ZN (gf180mcu_fd_sc_mcu7t5v0__nand3_1)
                                                         _0715_ (net)
                      0.290988    0.000000 20753.621094 v _1303_/A2 (gf180mcu_fd_sc_mcu7t5v0__nand2_1)
     1    0.007431    0.181588    0.174623 20753.796875 ^ _1303_/ZN (gf180mcu_fd_sc_mcu7t5v0__nand2_1)
                                                         _0716_ (net)
                      0.181588    0.000000 20753.796875 ^ _1307_/A3 (gf180mcu_fd_sc_mcu7t5v0__xor3_1)
     1    0.003038    0.194394    0.229193 20754.025391 ^ _1307_/Z (gf180mcu_fd_sc_mcu7t5v0__xor3_1)
                                                         _0107_ (net)
                      0.194394    0.000000 20754.025391 ^ _2035_/D (gf180mcu_fd_sc_mcu7t5v0__dffrnq_1)
                                           20754.025391   data arrival time

                      0.000000 20833.279297 20833.279297   clock clk_div (rise edge)
                                  0.000000 20833.279297   clock network delay (ideal)
                                 -0.250000 20833.029297   clock uncertainty
                                  0.000000 20833.029297   clock reconvergence pessimism
                                           20833.029297 ^ _2035_/CLK (gf180mcu_fd_sc_mcu7t5v0__dffrnq_1)
                                 -0.219270 20832.810547   library setup time
                                           20832.810547   data required time
---------------------------------------------------------------------------------------------
                                           20832.810547   data required time
                                           -20754.025391   data arrival time
---------------------------------------------------------------------------------------------
                                             78.784630   slack (MET)


Startpoint: _2005_ (rising edge-triggered flip-flop clocked by clk)
Endpoint: _2021_ (rising edge-triggered flip-flop clocked by clk)
Path Group: clk
Path Type: max

Fanout         Cap        Slew       Delay        Time   Description
---------------------------------------------------------------------------------------------
                      0.000000    0.000000    0.000000   clock clk (rise edge)
                                  0.000000    0.000000   clock network delay (ideal)
                      0.000000    0.000000    0.000000 ^ _2005_/CLK (gf180mcu_fd_sc_mcu7t5v0__dffrnq_1)
     7    0.035694    0.430621    0.721343    0.721343 ^ _2005_/Q (gf180mcu_fd_sc_mcu7t5v0__dffrnq_1)
                                                         out_cas_int[0] (net)
                      0.430621    0.000000    0.721343 ^ _1119_/C (gf180mcu_fd_sc_mcu7t5v0__oai211_1)
     2    0.008943    0.266087    0.185782    0.907126 v _1119_/ZN (gf180mcu_fd_sc_mcu7t5v0__oai211_1)
                                                         _0559_ (net)
                      0.266087    0.000000    0.907126 v _1121_/A2 (gf180mcu_fd_sc_mcu7t5v0__aoi211_1)
     2    0.007624    0.408386    0.277957    1.185083 ^ _1121_/ZN (gf180mcu_fd_sc_mcu7t5v0__aoi211_1)
                                                         _0561_ (net)
                      0.408386    0.000000    1.185083 ^ _1142_/A1 (gf180mcu_fd_sc_mcu7t5v0__oai211_1)
     2    0.007593    0.225858    0.154260    1.339343 v _1142_/ZN (gf180mcu_fd_sc_mcu7t5v0__oai211_1)
                                                         _0578_ (net)
                      0.225858    0.000000    1.339343 v _1155_/A1 (gf180mcu_fd_sc_mcu7t5v0__aoi21_1)
     4    0.021821    0.530055    0.332954    1.672297 ^ _1155_/ZN (gf180mcu_fd_sc_mcu7t5v0__aoi21_1)
                                                         _0589_ (net)
                      0.530055    0.000000    1.672297 ^ _1217_/A1 (gf180mcu_fd_sc_mcu7t5v0__aoi21_1)
     4    0.020000    0.312602    0.213298    1.885595 v _1217_/ZN (gf180mcu_fd_sc_mcu7t5v0__aoi21_1)
                                                         _0643_ (net)
                      0.312602    0.000000    1.885595 v _1219_/A2 (gf180mcu_fd_sc_mcu7t5v0__xor2_1)
     1    0.003038    0.151057    0.331656    2.217252 v _1219_/Z (gf180mcu_fd_sc_mcu7t5v0__xor2_1)
                                                         _0119_ (net)
                      0.151057    0.000000    2.217252 v _2021_/D (gf180mcu_fd_sc_mcu7t5v0__dffrnq_1)
                                              2.217252   data arrival time

                      0.000000   81.379997   81.379997   clock clk (rise edge)
                                  0.000000   81.379997   clock network delay (ideal)
                                 -0.250000   81.129997   clock uncertainty
                                  0.000000   81.129997   clock reconvergence pessimism
                                             81.129997 ^ _2021_/CLK (gf180mcu_fd_sc_mcu7t5v0__dffrnq_1)
                                 -0.122627   81.007370   library setup time
                                             81.007370   data required time
---------------------------------------------------------------------------------------------
                                             81.007370   data required time
                                             -2.217252   data arrival time
---------------------------------------------------------------------------------------------
                                             78.790123   slack (MET)


Startpoint: _2005_ (rising edge-triggered flip-flop clocked by clk)
Endpoint: _2021_ (rising edge-triggered flip-flop clocked by clk_div)
Path Group: clk_div
Path Type: max

Fanout         Cap        Slew       Delay        Time   Description
---------------------------------------------------------------------------------------------
                      0.000000 20751.898438 20751.898438   clock clk (rise edge)
                                  0.000000 20751.898438   clock network delay (ideal)
                      0.000000    0.000000 20751.898438 ^ _2005_/CLK (gf180mcu_fd_sc_mcu7t5v0__dffrnq_1)
     7    0.035694    0.430621    0.722139 20752.621094 ^ _2005_/Q (gf180mcu_fd_sc_mcu7t5v0__dffrnq_1)
                                                         out_cas_int[0] (net)
                      0.430621    0.000000 20752.621094 ^ _1119_/C (gf180mcu_fd_sc_mcu7t5v0__oai211_1)
     2    0.008943    0.266087    0.185537 20752.806641 v _1119_/ZN (gf180mcu_fd_sc_mcu7t5v0__oai211_1)
                                                         _0559_ (net)
                      0.266087    0.000000 20752.806641 v _1121_/A2 (gf180mcu_fd_sc_mcu7t5v0__aoi211_1)
     2    0.007624    0.408386    0.278305 20753.085938 ^ _1121_/ZN (gf180mcu_fd_sc_mcu7t5v0__aoi211_1)
                                                         _0561_ (net)
                      0.408386    0.000000 20753.085938 ^ _1142_/A1 (gf180mcu_fd_sc_mcu7t5v0__oai211_1)
     2    0.007593    0.225858    0.152795 20753.238281 v _1142_/ZN (gf180mcu_fd_sc_mcu7t5v0__oai211_1)
                                                         _0578_ (net)
                      0.225858    0.000000 20753.238281 v _1155_/A1 (gf180mcu_fd_sc_mcu7t5v0__aoi21_1)
     4    0.021821    0.530055    0.332875 20753.570312 ^ _1155_/ZN (gf180mcu_fd_sc_mcu7t5v0__aoi21_1)
                                                         _0589_ (net)
                      0.530055    0.000000 20753.570312 ^ _1217_/A1 (gf180mcu_fd_sc_mcu7t5v0__aoi21_1)
     4    0.020000    0.312602    0.214641 20753.785156 v _1217_/ZN (gf180mcu_fd_sc_mcu7t5v0__aoi21_1)
                                                         _0643_ (net)
                      0.312602    0.000000 20753.785156 v _1219_/A2 (gf180mcu_fd_sc_mcu7t5v0__xor2_1)
     1    0.003038    0.151057    0.331056 20754.117188 v _1219_/Z (gf180mcu_fd_sc_mcu7t5v0__xor2_1)
                                                         _0119_ (net)
                      0.151057    0.000000 20754.117188 v _2021_/D (gf180mcu_fd_sc_mcu7t5v0__dffrnq_1)
                                           20754.117188   data arrival time

                      0.000000 20833.279297 20833.279297   clock clk_div (rise edge)
                                  0.000000 20833.279297   clock network delay (ideal)
                                 -0.250000 20833.029297   clock uncertainty
                                  0.000000 20833.029297   clock reconvergence pessimism
                                           20833.029297 ^ _2021_/CLK (gf180mcu_fd_sc_mcu7t5v0__dffrnq_1)
                                 -0.122627 20832.906250   library setup time
                                           20832.906250   data required time
---------------------------------------------------------------------------------------------
                                           20832.906250   data required time
                                           -20754.117188   data arrival time
---------------------------------------------------------------------------------------------
                                             78.790123   slack (MET)


Startpoint: _2034_ (rising edge-triggered flip-flop clocked by clk)
Endpoint: _2015_ (rising edge-triggered flip-flop clocked by clk)
Path Group: clk
Path Type: max

Fanout         Cap        Slew       Delay        Time   Description
---------------------------------------------------------------------------------------------
                      0.000000    0.000000    0.000000   clock clk (rise edge)
                                  0.000000    0.000000   clock network delay (ideal)
                      0.000000    0.000000    0.000000 ^ _2034_/CLK (gf180mcu_fd_sc_mcu7t5v0__dffrnq_1)
    11    0.044753    0.529443    0.778029    0.778029 ^ _2034_/Q (gf180mcu_fd_sc_mcu7t5v0__dffrnq_1)
                                                         u_cas_int.out_int2[4] (net)
                      0.529443    0.000000    0.778029 ^ _1128_/A1 (gf180mcu_fd_sc_mcu7t5v0__and2_1)
     2    0.008806    0.145443    0.258391    1.036420 ^ _1128_/Z (gf180mcu_fd_sc_mcu7t5v0__and2_1)
                                                         _0566_ (net)
                      0.145443    0.000000    1.036420 ^ _1141_/A3 (gf180mcu_fd_sc_mcu7t5v0__nor3_1)
     1    0.004489    0.146539    0.114762    1.151182 v _1141_/ZN (gf180mcu_fd_sc_mcu7t5v0__nor3_1)
                                                         _0577_ (net)
                      0.146539    0.000000    1.151182 v _1142_/B (gf180mcu_fd_sc_mcu7t5v0__oai211_1)
     2    0.007593    0.310867    0.200662    1.351844 ^ _1142_/ZN (gf180mcu_fd_sc_mcu7t5v0__oai211_1)
                                                         _0578_ (net)
                      0.310867    0.000000    1.351844 ^ _1155_/A1 (gf180mcu_fd_sc_mcu7t5v0__aoi21_1)
     4    0.021821    0.315477    0.203942    1.555786 v _1155_/ZN (gf180mcu_fd_sc_mcu7t5v0__aoi21_1)
                                                         _0589_ (net)
                      0.315477    0.000000    1.555786 v _1167_/A1 (gf180mcu_fd_sc_mcu7t5v0__aoi21_1)
     3    0.017212    0.442873    0.313541    1.869327 ^ _1167_/ZN (gf180mcu_fd_sc_mcu7t5v0__aoi21_1)
                                                         _0599_ (net)
                      0.442873    0.000000    1.869327 ^ _1171_/A3 (gf180mcu_fd_sc_mcu7t5v0__xor3_1)
     1    0.003038    0.193099    0.240325    2.109652 ^ _1171_/Z (gf180mcu_fd_sc_mcu7t5v0__xor3_1)
                                                         _0113_ (net)
                      0.193099    0.000000    2.109652 ^ _2015_/D (gf180mcu_fd_sc_mcu7t5v0__dffrnq_1)
                                              2.109652   data arrival time

                      0.000000   81.379997   81.379997   clock clk (rise edge)
                                  0.000000   81.379997   clock network delay (ideal)
                                 -0.250000   81.129997   clock uncertainty
                                  0.000000   81.129997   clock reconvergence pessimism
                                             81.129997 ^ _2015_/CLK (gf180mcu_fd_sc_mcu7t5v0__dffrnq_1)
                                 -0.218951   80.911049   library setup time
                                             80.911049   data required time
---------------------------------------------------------------------------------------------
                                             80.911049   data required time
                                             -2.109652   data arrival time
---------------------------------------------------------------------------------------------
                                             78.801392   slack (MET)


Startpoint: _2034_ (rising edge-triggered flip-flop clocked by clk)
Endpoint: _2015_ (rising edge-triggered flip-flop clocked by clk_div)
Path Group: clk_div
Path Type: max

Fanout         Cap        Slew       Delay        Time   Description
---------------------------------------------------------------------------------------------
                      0.000000 20751.898438 20751.898438   clock clk (rise edge)
                                  0.000000 20751.898438   clock network delay (ideal)
                      0.000000    0.000000 20751.898438 ^ _2034_/CLK (gf180mcu_fd_sc_mcu7t5v0__dffrnq_1)
    11    0.044753    0.529443    0.778527 20752.677734 ^ _2034_/Q (gf180mcu_fd_sc_mcu7t5v0__dffrnq_1)
                                                         u_cas_int.out_int2[4] (net)
                      0.529443    0.000000 20752.677734 ^ _1128_/A1 (gf180mcu_fd_sc_mcu7t5v0__and2_1)
     2    0.008806    0.145443    0.258296 20752.935547 ^ _1128_/Z (gf180mcu_fd_sc_mcu7t5v0__and2_1)
                                                         _0566_ (net)
                      0.145443    0.000000 20752.935547 ^ _1141_/A3 (gf180mcu_fd_sc_mcu7t5v0__nor3_1)
     1    0.004489    0.146539    0.114596 20753.050781 v _1141_/ZN (gf180mcu_fd_sc_mcu7t5v0__nor3_1)
                                                         _0577_ (net)
                      0.146539    0.000000 20753.050781 v _1142_/B (gf180mcu_fd_sc_mcu7t5v0__oai211_1)
     2    0.007593    0.310867    0.200089 20753.250000 ^ _1142_/ZN (gf180mcu_fd_sc_mcu7t5v0__oai211_1)
                                                         _0578_ (net)
                      0.310867    0.000000 20753.250000 ^ _1155_/A1 (gf180mcu_fd_sc_mcu7t5v0__aoi21_1)
     4    0.021821    0.315477    0.203727 20753.455078 v _1155_/ZN (gf180mcu_fd_sc_mcu7t5v0__aoi21_1)
                                                         _0589_ (net)
                      0.315477    0.000000 20753.455078 v _1167_/A1 (gf180mcu_fd_sc_mcu7t5v0__aoi21_1)
     3    0.017212    0.442873    0.314685 20753.769531 ^ _1167_/ZN (gf180mcu_fd_sc_mcu7t5v0__aoi21_1)
                                                         _0599_ (net)
                      0.442873    0.000000 20753.769531 ^ _1171_/A3 (gf180mcu_fd_sc_mcu7t5v0__xor3_1)
     1    0.003038    0.193099    0.240107 20754.009766 ^ _1171_/Z (gf180mcu_fd_sc_mcu7t5v0__xor3_1)
                                                         _0113_ (net)
                      0.193099    0.000000 20754.009766 ^ _2015_/D (gf180mcu_fd_sc_mcu7t5v0__dffrnq_1)
                                           20754.009766   data arrival time

                      0.000000 20833.279297 20833.279297   clock clk_div (rise edge)
                                  0.000000 20833.279297   clock network delay (ideal)
                                 -0.250000 20833.029297   clock uncertainty
                                  0.000000 20833.029297   clock reconvergence pessimism
                                           20833.029297 ^ _2015_/CLK (gf180mcu_fd_sc_mcu7t5v0__dffrnq_1)
                                 -0.218951 20832.810547   library setup time
                                           20832.810547   data required time
---------------------------------------------------------------------------------------------
                                           20832.810547   data required time
                                           -20754.009766   data arrival time
---------------------------------------------------------------------------------------------
                                             78.801392   slack (MET)


Startpoint: _2036_ (rising edge-triggered flip-flop clocked by clk)
Endpoint: _2040_ (rising edge-triggered flip-flop clocked by clk)
Path Group: clk
Path Type: max

Fanout         Cap        Slew       Delay        Time   Description
---------------------------------------------------------------------------------------------
                      0.000000    0.000000    0.000000   clock clk (rise edge)
                                  0.000000    0.000000   clock network delay (ideal)
                      0.000000    0.000000    0.000000 ^ _2036_/CLK (gf180mcu_fd_sc_mcu7t5v0__dffrnq_1)
    10    0.043568    0.516515    0.770614    0.770614 ^ _2036_/Q (gf180mcu_fd_sc_mcu7t5v0__dffrnq_1)
                                                         u_cas_int.out_int2[6] (net)
                      0.516515    0.000000    0.770614 ^ _1309_/A1 (gf180mcu_fd_sc_mcu7t5v0__and2_1)
     2    0.008083    0.138384    0.252733    1.023347 ^ _1309_/Z (gf180mcu_fd_sc_mcu7t5v0__and2_1)
                                                         _0721_ (net)
                      0.138384    0.000000    1.023347 ^ _1322_/A3 (gf180mcu_fd_sc_mcu7t5v0__nor3_1)
     3    0.012380    0.222757    0.168537    1.191884 v _1322_/ZN (gf180mcu_fd_sc_mcu7t5v0__nor3_1)
                                                         _0732_ (net)
                      0.222757    0.000000    1.191884 v _1330_/A1 (gf180mcu_fd_sc_mcu7t5v0__aoi21_1)
     1    0.004744    0.209511    0.158518    1.350401 ^ _1330_/ZN (gf180mcu_fd_sc_mcu7t5v0__aoi21_1)
                                                         _0740_ (net)
                      0.209511    0.000000    1.350401 ^ _1333_/B (gf180mcu_fd_sc_mcu7t5v0__oai21_1)
     5    0.026179    0.315985    0.236919    1.587320 v _1333_/ZN (gf180mcu_fd_sc_mcu7t5v0__oai21_1)
                                                         _0743_ (net)
                      0.315985    0.000000    1.587320 v _1346_/A1 (gf180mcu_fd_sc_mcu7t5v0__aoi21_1)
     2    0.012347    0.351524    0.264678    1.851998 ^ _1346_/ZN (gf180mcu_fd_sc_mcu7t5v0__aoi21_1)
                                                         _0754_ (net)
                      0.351524    0.000000    1.851998 ^ _1350_/A1 (gf180mcu_fd_sc_mcu7t5v0__xor2_1)
     1    0.003038    0.183370    0.238095    2.090093 ^ _1350_/Z (gf180mcu_fd_sc_mcu7t5v0__xor2_1)
                                                         _0088_ (net)
                      0.183370    0.000000    2.090093 ^ _2040_/D (gf180mcu_fd_sc_mcu7t5v0__dffrnq_1)
                                              2.090093   data arrival time

                      0.000000   81.379997   81.379997   clock clk (rise edge)
                                  0.000000   81.379997   clock network delay (ideal)
                                 -0.250000   81.129997   clock uncertainty
                                  0.000000   81.129997   clock reconvergence pessimism
                                             81.129997 ^ _2040_/CLK (gf180mcu_fd_sc_mcu7t5v0__dffrnq_1)
                                 -0.216553   80.913445   library setup time
                                             80.913445   data required time
---------------------------------------------------------------------------------------------
                                             80.913445   data required time
                                             -2.090093   data arrival time
---------------------------------------------------------------------------------------------
                                             78.823357   slack (MET)


Startpoint: _2036_ (rising edge-triggered flip-flop clocked by clk)
Endpoint: _2040_ (rising edge-triggered flip-flop clocked by clk_div)
Path Group: clk_div
Path Type: max

Fanout         Cap        Slew       Delay        Time   Description
---------------------------------------------------------------------------------------------
                      0.000000 20751.898438 20751.898438   clock clk (rise edge)
                                  0.000000 20751.898438   clock network delay (ideal)
                      0.000000    0.000000 20751.898438 ^ _2036_/CLK (gf180mcu_fd_sc_mcu7t5v0__dffrnq_1)
    10    0.043568    0.516515    0.771251 20752.669922 ^ _2036_/Q (gf180mcu_fd_sc_mcu7t5v0__dffrnq_1)
                                                         u_cas_int.out_int2[6] (net)
                      0.516515    0.000000 20752.669922 ^ _1309_/A1 (gf180mcu_fd_sc_mcu7t5v0__and2_1)
     2    0.008083    0.138384    0.252840 20752.923828 ^ _1309_/Z (gf180mcu_fd_sc_mcu7t5v0__and2_1)
                                                         _0721_ (net)
                      0.138384    0.000000 20752.923828 ^ _1322_/A3 (gf180mcu_fd_sc_mcu7t5v0__nor3_1)
     3    0.012380    0.222757    0.167347 20753.089844 v _1322_/ZN (gf180mcu_fd_sc_mcu7t5v0__nor3_1)
                                                         _0732_ (net)
                      0.222757    0.000000 20753.089844 v _1330_/A1 (gf180mcu_fd_sc_mcu7t5v0__aoi21_1)
     1    0.004744    0.209511    0.158252 20753.250000 ^ _1330_/ZN (gf180mcu_fd_sc_mcu7t5v0__aoi21_1)
                                                         _0740_ (net)
                      0.209511    0.000000 20753.250000 ^ _1333_/B (gf180mcu_fd_sc_mcu7t5v0__oai21_1)
     5    0.026179    0.315985    0.238288 20753.488281 v _1333_/ZN (gf180mcu_fd_sc_mcu7t5v0__oai21_1)
                                                         _0743_ (net)
                      0.315985    0.000000 20753.488281 v _1346_/A1 (gf180mcu_fd_sc_mcu7t5v0__aoi21_1)
     2    0.012347    0.351524    0.263753 20753.751953 ^ _1346_/ZN (gf180mcu_fd_sc_mcu7t5v0__aoi21_1)
                                                         _0754_ (net)
                      0.351524    0.000000 20753.751953 ^ _1350_/A1 (gf180mcu_fd_sc_mcu7t5v0__xor2_1)
     1    0.003038    0.183370    0.238288 20753.990234 ^ _1350_/Z (gf180mcu_fd_sc_mcu7t5v0__xor2_1)
                                                         _0088_ (net)
                      0.183370    0.000000 20753.990234 ^ _2040_/D (gf180mcu_fd_sc_mcu7t5v0__dffrnq_1)
                                           20753.990234   data arrival time

                      0.000000 20833.279297 20833.279297   clock clk_div (rise edge)
                                  0.000000 20833.279297   clock network delay (ideal)
                                 -0.250000 20833.029297   clock uncertainty
                                  0.000000 20833.029297   clock reconvergence pessimism
                                           20833.029297 ^ _2040_/CLK (gf180mcu_fd_sc_mcu7t5v0__dffrnq_1)
                                 -0.216553 20832.812500   library setup time
                                           20832.812500   data required time
---------------------------------------------------------------------------------------------
                                           20832.812500   data required time
                                           -20753.990234   data arrival time
---------------------------------------------------------------------------------------------
                                             78.823357   slack (MET)


Startpoint: _2036_ (rising edge-triggered flip-flop clocked by clk)
Endpoint: _2042_ (rising edge-triggered flip-flop clocked by clk)
Path Group: clk
Path Type: max

Fanout         Cap        Slew       Delay        Time   Description
---------------------------------------------------------------------------------------------
                      0.000000    0.000000    0.000000   clock clk (rise edge)
                                  0.000000    0.000000   clock network delay (ideal)
                      0.000000    0.000000    0.000000 ^ _2036_/CLK (gf180mcu_fd_sc_mcu7t5v0__dffrnq_1)
    10    0.043568    0.516515    0.770614    0.770614 ^ _2036_/Q (gf180mcu_fd_sc_mcu7t5v0__dffrnq_1)
                                                         u_cas_int.out_int2[6] (net)
                      0.516515    0.000000    0.770614 ^ _1309_/A1 (gf180mcu_fd_sc_mcu7t5v0__and2_1)
     2    0.008083    0.138384    0.252733    1.023347 ^ _1309_/Z (gf180mcu_fd_sc_mcu7t5v0__and2_1)
                                                         _0721_ (net)
                      0.138384    0.000000    1.023347 ^ _1322_/A3 (gf180mcu_fd_sc_mcu7t5v0__nor3_1)
     3    0.012380    0.222757    0.168537    1.191884 v _1322_/ZN (gf180mcu_fd_sc_mcu7t5v0__nor3_1)
                                                         _0732_ (net)
                      0.222757    0.000000    1.191884 v _1330_/A1 (gf180mcu_fd_sc_mcu7t5v0__aoi21_1)
     1    0.004744    0.209511    0.158518    1.350401 ^ _1330_/ZN (gf180mcu_fd_sc_mcu7t5v0__aoi21_1)
                                                         _0740_ (net)
                      0.209511    0.000000    1.350401 ^ _1333_/B (gf180mcu_fd_sc_mcu7t5v0__oai21_1)
     5    0.026179    0.315985    0.236919    1.587320 v _1333_/ZN (gf180mcu_fd_sc_mcu7t5v0__oai21_1)
                                                         _0743_ (net)
                      0.315985    0.000000    1.587320 v _1363_/A1 (gf180mcu_fd_sc_mcu7t5v0__aoi21_1)
     1    0.007442    0.265754    0.214307    1.801628 ^ _1363_/ZN (gf180mcu_fd_sc_mcu7t5v0__aoi21_1)
                                                         _0769_ (net)
                      0.265754    0.000000    1.801628 ^ _1368_/A1 (gf180mcu_fd_sc_mcu7t5v0__xor2_1)
     1    0.003038    0.183197    0.233906    2.035534 ^ _1368_/Z (gf180mcu_fd_sc_mcu7t5v0__xor2_1)
                                                         _0090_ (net)
                      0.183197    0.000000    2.035534 ^ _2042_/D (gf180mcu_fd_sc_mcu7t5v0__dffrnq_1)
                                              2.035534   data arrival time

                      0.000000   81.379997   81.379997   clock clk (rise edge)
                                  0.000000   81.379997   clock network delay (ideal)
                                 -0.250000   81.129997   clock uncertainty
                                  0.000000   81.129997   clock reconvergence pessimism
                                             81.129997 ^ _2042_/CLK (gf180mcu_fd_sc_mcu7t5v0__dffrnq_1)
                                 -0.216510   80.913490   library setup time
                                             80.913490   data required time
---------------------------------------------------------------------------------------------
                                             80.913490   data required time
                                             -2.035534   data arrival time
---------------------------------------------------------------------------------------------
                                             78.877953   slack (MET)


Startpoint: _2036_ (rising edge-triggered flip-flop clocked by clk)
Endpoint: _2042_ (rising edge-triggered flip-flop clocked by clk_div)
Path Group: clk_div
Path Type: max

Fanout         Cap        Slew       Delay        Time   Description
---------------------------------------------------------------------------------------------
                      0.000000 20751.898438 20751.898438   clock clk (rise edge)
                                  0.000000 20751.898438   clock network delay (ideal)
                      0.000000    0.000000 20751.898438 ^ _2036_/CLK (gf180mcu_fd_sc_mcu7t5v0__dffrnq_1)
    10    0.043568    0.516515    0.771251 20752.669922 ^ _2036_/Q (gf180mcu_fd_sc_mcu7t5v0__dffrnq_1)
                                                         u_cas_int.out_int2[6] (net)
                      0.516515    0.000000 20752.669922 ^ _1309_/A1 (gf180mcu_fd_sc_mcu7t5v0__and2_1)
     2    0.008083    0.138384    0.252840 20752.923828 ^ _1309_/Z (gf180mcu_fd_sc_mcu7t5v0__and2_1)
                                                         _0721_ (net)
                      0.138384    0.000000 20752.923828 ^ _1322_/A3 (gf180mcu_fd_sc_mcu7t5v0__nor3_1)
     3    0.012380    0.222757    0.167347 20753.089844 v _1322_/ZN (gf180mcu_fd_sc_mcu7t5v0__nor3_1)
                                                         _0732_ (net)
                      0.222757    0.000000 20753.089844 v _1330_/A1 (gf180mcu_fd_sc_mcu7t5v0__aoi21_1)
     1    0.004744    0.209511    0.158252 20753.250000 ^ _1330_/ZN (gf180mcu_fd_sc_mcu7t5v0__aoi21_1)
                                                         _0740_ (net)
                      0.209511    0.000000 20753.250000 ^ _1333_/B (gf180mcu_fd_sc_mcu7t5v0__oai21_1)
     5    0.026179    0.315985    0.238288 20753.488281 v _1333_/ZN (gf180mcu_fd_sc_mcu7t5v0__oai21_1)
                                                         _0743_ (net)
                      0.315985    0.000000 20753.488281 v _1363_/A1 (gf180mcu_fd_sc_mcu7t5v0__aoi21_1)
     1    0.007442    0.265754    0.212822 20753.699219 ^ _1363_/ZN (gf180mcu_fd_sc_mcu7t5v0__aoi21_1)
                                                         _0769_ (net)
                      0.265754    0.000000 20753.699219 ^ _1368_/A1 (gf180mcu_fd_sc_mcu7t5v0__xor2_1)
     1    0.003038    0.183197    0.234650 20753.935547 ^ _1368_/Z (gf180mcu_fd_sc_mcu7t5v0__xor2_1)
                                                         _0090_ (net)
                      0.183197    0.000000 20753.935547 ^ _2042_/D (gf180mcu_fd_sc_mcu7t5v0__dffrnq_1)
                                           20753.935547   data arrival time

                      0.000000 20833.279297 20833.279297   clock clk_div (rise edge)
                                  0.000000 20833.279297   clock network delay (ideal)
                                 -0.250000 20833.029297   clock uncertainty
                                  0.000000 20833.029297   clock reconvergence pessimism
                                           20833.029297 ^ _2042_/CLK (gf180mcu_fd_sc_mcu7t5v0__dffrnq_1)
                                 -0.216510 20832.812500   library setup time
                                           20832.812500   data required time
---------------------------------------------------------------------------------------------
                                           20832.812500   data required time
                                           -20753.935547   data arrival time
---------------------------------------------------------------------------------------------
                                             78.877953   slack (MET)


Startpoint: _2005_ (rising edge-triggered flip-flop clocked by clk)
Endpoint: _2012_ (rising edge-triggered flip-flop clocked by clk)
Path Group: clk
Path Type: max

Fanout         Cap        Slew       Delay        Time   Description
---------------------------------------------------------------------------------------------
                      0.000000    0.000000    0.000000   clock clk (rise edge)
                                  0.000000    0.000000   clock network delay (ideal)
                      0.000000    0.000000    0.000000 ^ _2005_/CLK (gf180mcu_fd_sc_mcu7t5v0__dffrnq_1)
     7    0.035694    0.430621    0.721343    0.721343 ^ _2005_/Q (gf180mcu_fd_sc_mcu7t5v0__dffrnq_1)
                                                         out_cas_int[0] (net)
                      0.430621    0.000000    0.721343 ^ _1119_/C (gf180mcu_fd_sc_mcu7t5v0__oai211_1)
     2    0.008943    0.266087    0.185782    0.907126 v _1119_/ZN (gf180mcu_fd_sc_mcu7t5v0__oai211_1)
                                                         _0559_ (net)
                      0.266087    0.000000    0.907126 v _1121_/A2 (gf180mcu_fd_sc_mcu7t5v0__aoi211_1)
     2    0.007624    0.408386    0.277957    1.185083 ^ _1121_/ZN (gf180mcu_fd_sc_mcu7t5v0__aoi211_1)
                                                         _0561_ (net)
                      0.408386    0.000000    1.185083 ^ _1142_/A1 (gf180mcu_fd_sc_mcu7t5v0__oai211_1)
     2    0.007593    0.225858    0.154260    1.339343 v _1142_/ZN (gf180mcu_fd_sc_mcu7t5v0__oai211_1)
                                                         _0578_ (net)
                      0.225858    0.000000    1.339343 v _1144_/A2 (gf180mcu_fd_sc_mcu7t5v0__and3_1)
     2    0.012336    0.143041    0.285831    1.625175 v _1144_/Z (gf180mcu_fd_sc_mcu7t5v0__and3_1)
                                                         _0580_ (net)
                      0.143041    0.000000    1.625175 v _1148_/A1 (gf180mcu_fd_sc_mcu7t5v0__oai21_1)
     1    0.007431    0.230557    0.167685    1.792859 ^ _1148_/ZN (gf180mcu_fd_sc_mcu7t5v0__oai21_1)
                                                         _0583_ (net)
                      0.230557    0.000000    1.792859 ^ _1150_/A3 (gf180mcu_fd_sc_mcu7t5v0__xor3_1)
     1    0.003038    0.193852    0.231875    2.024734 ^ _1150_/Z (gf180mcu_fd_sc_mcu7t5v0__xor3_1)
                                                         _0134_ (net)
                      0.193852    0.000000    2.024734 ^ _2012_/D (gf180mcu_fd_sc_mcu7t5v0__dffrnq_1)
                                              2.024734   data arrival time

                      0.000000   81.379997   81.379997   clock clk (rise edge)
                                  0.000000   81.379997   clock network delay (ideal)
                                 -0.250000   81.129997   clock uncertainty
                                  0.000000   81.129997   clock reconvergence pessimism
                                             81.129997 ^ _2012_/CLK (gf180mcu_fd_sc_mcu7t5v0__dffrnq_1)
                                 -0.219136   80.910858   library setup time
                                             80.910858   data required time
---------------------------------------------------------------------------------------------
                                             80.910858   data required time
                                             -2.024734   data arrival time
---------------------------------------------------------------------------------------------
                                             78.886124   slack (MET)


Startpoint: _2005_ (rising edge-triggered flip-flop clocked by clk)
Endpoint: _2012_ (rising edge-triggered flip-flop clocked by clk_div)
Path Group: clk_div
Path Type: max

Fanout         Cap        Slew       Delay        Time   Description
---------------------------------------------------------------------------------------------
                      0.000000 20751.898438 20751.898438   clock clk (rise edge)
                                  0.000000 20751.898438   clock network delay (ideal)
                      0.000000    0.000000 20751.898438 ^ _2005_/CLK (gf180mcu_fd_sc_mcu7t5v0__dffrnq_1)
     7    0.035694    0.430621    0.722139 20752.621094 ^ _2005_/Q (gf180mcu_fd_sc_mcu7t5v0__dffrnq_1)
                                                         out_cas_int[0] (net)
                      0.430621    0.000000 20752.621094 ^ _1119_/C (gf180mcu_fd_sc_mcu7t5v0__oai211_1)
     2    0.008943    0.266087    0.185537 20752.806641 v _1119_/ZN (gf180mcu_fd_sc_mcu7t5v0__oai211_1)
                                                         _0559_ (net)
                      0.266087    0.000000 20752.806641 v _1121_/A2 (gf180mcu_fd_sc_mcu7t5v0__aoi211_1)
     2    0.007624    0.408386    0.278305 20753.085938 ^ _1121_/ZN (gf180mcu_fd_sc_mcu7t5v0__aoi211_1)
                                                         _0561_ (net)
                      0.408386    0.000000 20753.085938 ^ _1142_/A1 (gf180mcu_fd_sc_mcu7t5v0__oai211_1)
     2    0.007593    0.225858    0.152795 20753.238281 v _1142_/ZN (gf180mcu_fd_sc_mcu7t5v0__oai211_1)
                                                         _0578_ (net)
                      0.225858    0.000000 20753.238281 v _1144_/A2 (gf180mcu_fd_sc_mcu7t5v0__and3_1)
     2    0.012336    0.143041    0.285581 20753.523438 v _1144_/Z (gf180mcu_fd_sc_mcu7t5v0__and3_1)
                                                         _0580_ (net)
                      0.143041    0.000000 20753.523438 v _1148_/A1 (gf180mcu_fd_sc_mcu7t5v0__oai21_1)
     1    0.007431    0.230557    0.169166 20753.693359 ^ _1148_/ZN (gf180mcu_fd_sc_mcu7t5v0__oai21_1)
                                                         _0583_ (net)
                      0.230557    0.000000 20753.693359 ^ _1150_/A3 (gf180mcu_fd_sc_mcu7t5v0__xor3_1)
     1    0.003038    0.193852    0.231012 20753.923828 ^ _1150_/Z (gf180mcu_fd_sc_mcu7t5v0__xor3_1)
                                                         _0134_ (net)
                      0.193852    0.000000 20753.923828 ^ _2012_/D (gf180mcu_fd_sc_mcu7t5v0__dffrnq_1)
                                           20753.923828   data arrival time

                      0.000000 20833.279297 20833.279297   clock clk_div (rise edge)
                                  0.000000 20833.279297   clock network delay (ideal)
                                 -0.250000 20833.029297   clock uncertainty
                                  0.000000 20833.029297   clock reconvergence pessimism
                                           20833.029297 ^ _2012_/CLK (gf180mcu_fd_sc_mcu7t5v0__dffrnq_1)
                                 -0.219136 20832.810547   library setup time
                                           20832.810547   data required time
---------------------------------------------------------------------------------------------
                                           20832.810547   data required time
                                           -20753.923828   data arrival time
---------------------------------------------------------------------------------------------
                                             78.886124   slack (MET)


Startpoint: _2005_ (rising edge-triggered flip-flop clocked by clk)
Endpoint: _2013_ (rising edge-triggered flip-flop clocked by clk)
Path Group: clk
Path Type: max

Fanout         Cap        Slew       Delay        Time   Description
---------------------------------------------------------------------------------------------
                      0.000000    0.000000    0.000000   clock clk (rise edge)
                                  0.000000    0.000000   clock network delay (ideal)
                      0.000000    0.000000    0.000000 ^ _2005_/CLK (gf180mcu_fd_sc_mcu7t5v0__dffrnq_1)
     7    0.035694    0.430621    0.721343    0.721343 ^ _2005_/Q (gf180mcu_fd_sc_mcu7t5v0__dffrnq_1)
                                                         out_cas_int[0] (net)
                      0.430621    0.000000    0.721343 ^ _1119_/C (gf180mcu_fd_sc_mcu7t5v0__oai211_1)
     2    0.008943    0.266087    0.185782    0.907126 v _1119_/ZN (gf180mcu_fd_sc_mcu7t5v0__oai211_1)
                                                         _0559_ (net)
                      0.266087    0.000000    0.907126 v _1121_/A2 (gf180mcu_fd_sc_mcu7t5v0__aoi211_1)
     2    0.007624    0.408386    0.277957    1.185083 ^ _1121_/ZN (gf180mcu_fd_sc_mcu7t5v0__aoi211_1)
                                                         _0561_ (net)
                      0.408386    0.000000    1.185083 ^ _1142_/A1 (gf180mcu_fd_sc_mcu7t5v0__oai211_1)
     2    0.007593    0.225858    0.154260    1.339343 v _1142_/ZN (gf180mcu_fd_sc_mcu7t5v0__oai211_1)
                                                         _0578_ (net)
                      0.225858    0.000000    1.339343 v _1155_/A1 (gf180mcu_fd_sc_mcu7t5v0__aoi21_1)
     4    0.021821    0.530055    0.332954    1.672297 ^ _1155_/ZN (gf180mcu_fd_sc_mcu7t5v0__aoi21_1)
                                                         _0589_ (net)
                      0.530055    0.000000    1.672297 ^ _1159_/A3 (gf180mcu_fd_sc_mcu7t5v0__xor3_1)
     1    0.003038    0.193498    0.240785    1.913082 ^ _1159_/Z (gf180mcu_fd_sc_mcu7t5v0__xor3_1)
                                                         _0135_ (net)
                      0.193498    0.000000    1.913082 ^ _2013_/D (gf180mcu_fd_sc_mcu7t5v0__dffrnq_1)
                                              1.913082   data arrival time

                      0.000000   81.379997   81.379997   clock clk (rise edge)
                                  0.000000   81.379997   clock network delay (ideal)
                                 -0.250000   81.129997   clock uncertainty
                                  0.000000   81.129997   clock reconvergence pessimism
                                             81.129997 ^ _2013_/CLK (gf180mcu_fd_sc_mcu7t5v0__dffrnq_1)
                                 -0.219049   80.910950   library setup time
                                             80.910950   data required time
---------------------------------------------------------------------------------------------
                                             80.910950   data required time
                                             -1.913082   data arrival time
---------------------------------------------------------------------------------------------
                                             78.997871   slack (MET)


Startpoint: _2005_ (rising edge-triggered flip-flop clocked by clk)
Endpoint: _2013_ (rising edge-triggered flip-flop clocked by clk_div)
Path Group: clk_div
Path Type: max

Fanout         Cap        Slew       Delay        Time   Description
---------------------------------------------------------------------------------------------
                      0.000000 20751.898438 20751.898438   clock clk (rise edge)
                                  0.000000 20751.898438   clock network delay (ideal)
                      0.000000    0.000000 20751.898438 ^ _2005_/CLK (gf180mcu_fd_sc_mcu7t5v0__dffrnq_1)
     7    0.035694    0.430621    0.722139 20752.621094 ^ _2005_/Q (gf180mcu_fd_sc_mcu7t5v0__dffrnq_1)
                                                         out_cas_int[0] (net)
                      0.430621    0.000000 20752.621094 ^ _1119_/C (gf180mcu_fd_sc_mcu7t5v0__oai211_1)
     2    0.008943    0.266087    0.185537 20752.806641 v _1119_/ZN (gf180mcu_fd_sc_mcu7t5v0__oai211_1)
                                                         _0559_ (net)
                      0.266087    0.000000 20752.806641 v _1121_/A2 (gf180mcu_fd_sc_mcu7t5v0__aoi211_1)
     2    0.007624    0.408386    0.278305 20753.085938 ^ _1121_/ZN (gf180mcu_fd_sc_mcu7t5v0__aoi211_1)
                                                         _0561_ (net)
                      0.408386    0.000000 20753.085938 ^ _1142_/A1 (gf180mcu_fd_sc_mcu7t5v0__oai211_1)
     2    0.007593    0.225858    0.152795 20753.238281 v _1142_/ZN (gf180mcu_fd_sc_mcu7t5v0__oai211_1)
                                                         _0578_ (net)
                      0.225858    0.000000 20753.238281 v _1155_/A1 (gf180mcu_fd_sc_mcu7t5v0__aoi21_1)
     4    0.021821    0.530055    0.332875 20753.570312 ^ _1155_/ZN (gf180mcu_fd_sc_mcu7t5v0__aoi21_1)
                                                         _0589_ (net)
                      0.530055    0.000000 20753.570312 ^ _1159_/A3 (gf180mcu_fd_sc_mcu7t5v0__xor3_1)
     1    0.003038    0.193498    0.241926 20753.812500 ^ _1159_/Z (gf180mcu_fd_sc_mcu7t5v0__xor3_1)
                                                         _0135_ (net)
                      0.193498    0.000000 20753.812500 ^ _2013_/D (gf180mcu_fd_sc_mcu7t5v0__dffrnq_1)
                                           20753.812500   data arrival time

                      0.000000 20833.279297 20833.279297   clock clk_div (rise edge)
                                  0.000000 20833.279297   clock network delay (ideal)
                                 -0.250000 20833.029297   clock uncertainty
                                  0.000000 20833.029297   clock reconvergence pessimism
                                           20833.029297 ^ _2013_/CLK (gf180mcu_fd_sc_mcu7t5v0__dffrnq_1)
                                 -0.219049 20832.810547   library setup time
                                           20832.810547   data required time
---------------------------------------------------------------------------------------------
                                           20832.810547   data required time
                                           -20753.812500   data arrival time
---------------------------------------------------------------------------------------------
                                             78.997871   slack (MET)


Startpoint: _2037_ (rising edge-triggered flip-flop clocked by clk)
Endpoint: _2038_ (rising edge-triggered flip-flop clocked by clk)
Path Group: clk
Path Type: max

Fanout         Cap        Slew       Delay        Time   Description
---------------------------------------------------------------------------------------------
                      0.000000    0.000000    0.000000   clock clk (rise edge)
                                  0.000000    0.000000   clock network delay (ideal)
                      0.000000    0.000000    0.000000 ^ _2037_/CLK (gf180mcu_fd_sc_mcu7t5v0__dffrnq_1)
    10    0.044567    0.527414    0.776865    0.776865 ^ _2037_/Q (gf180mcu_fd_sc_mcu7t5v0__dffrnq_1)
                                                         u_cas_int.out_int2[7] (net)
                      0.527414    0.000000    0.776865 ^ _1321_/B2 (gf180mcu_fd_sc_mcu7t5v0__oai22_1)
     1    0.004215    0.224877    0.136558    0.913423 v _1321_/ZN (gf180mcu_fd_sc_mcu7t5v0__oai22_1)
                                                         _0731_ (net)
                      0.224877    0.000000    0.913423 v _1322_/A1 (gf180mcu_fd_sc_mcu7t5v0__nor3_1)
     3    0.012380    0.455444    0.295305    1.208728 ^ _1322_/ZN (gf180mcu_fd_sc_mcu7t5v0__nor3_1)
                                                         _0732_ (net)
                      0.455444    0.000000    1.208728 ^ _1327_/A1 (gf180mcu_fd_sc_mcu7t5v0__nand2_1)
     1    0.004749    0.160151    0.092018    1.300746 v _1327_/ZN (gf180mcu_fd_sc_mcu7t5v0__nand2_1)
                                                         _0737_ (net)
                      0.160151    0.000000    1.300746 v _1333_/A2 (gf180mcu_fd_sc_mcu7t5v0__oai21_1)
     5    0.026179    0.574396    0.369761    1.670507 ^ _1333_/ZN (gf180mcu_fd_sc_mcu7t5v0__oai21_1)
                                                         _0743_ (net)
                      0.574396    0.000000    1.670507 ^ _1337_/A3 (gf180mcu_fd_sc_mcu7t5v0__xor3_1)
     1    0.003038    0.192580    0.241019    1.911526 ^ _1337_/Z (gf180mcu_fd_sc_mcu7t5v0__xor3_1)
                                                         _0110_ (net)
                      0.192580    0.000000    1.911526 ^ _2038_/D (gf180mcu_fd_sc_mcu7t5v0__dffrnq_1)
                                              1.911526   data arrival time

                      0.000000   81.379997   81.379997   clock clk (rise edge)
                                  0.000000   81.379997   clock network delay (ideal)
                                 -0.250000   81.129997   clock uncertainty
                                  0.000000   81.129997   clock reconvergence pessimism
                                             81.129997 ^ _2038_/CLK (gf180mcu_fd_sc_mcu7t5v0__dffrnq_1)
                                 -0.218823   80.911171   library setup time
                                             80.911171   data required time
---------------------------------------------------------------------------------------------
                                             80.911171   data required time
                                             -1.911526   data arrival time
---------------------------------------------------------------------------------------------
                                             78.999649   slack (MET)


Startpoint: _2037_ (rising edge-triggered flip-flop clocked by clk)
Endpoint: _2038_ (rising edge-triggered flip-flop clocked by clk_div)
Path Group: clk_div
Path Type: max

Fanout         Cap        Slew       Delay        Time   Description
---------------------------------------------------------------------------------------------
                      0.000000 20751.898438 20751.898438   clock clk (rise edge)
                                  0.000000 20751.898438   clock network delay (ideal)
                      0.000000    0.000000 20751.898438 ^ _2037_/CLK (gf180mcu_fd_sc_mcu7t5v0__dffrnq_1)
    10    0.044567    0.527414    0.776708 20752.675781 ^ _2037_/Q (gf180mcu_fd_sc_mcu7t5v0__dffrnq_1)
                                                         u_cas_int.out_int2[7] (net)
                      0.527414    0.000000 20752.675781 ^ _1321_/B2 (gf180mcu_fd_sc_mcu7t5v0__oai22_1)
     1    0.004215    0.224877    0.136424 20752.812500 v _1321_/ZN (gf180mcu_fd_sc_mcu7t5v0__oai22_1)
                                                         _0731_ (net)
                      0.224877    0.000000 20752.812500 v _1322_/A1 (gf180mcu_fd_sc_mcu7t5v0__nor3_1)
     3    0.012380    0.455444    0.296495 20753.109375 ^ _1322_/ZN (gf180mcu_fd_sc_mcu7t5v0__nor3_1)
                                                         _0732_ (net)
                      0.455444    0.000000 20753.109375 ^ _1327_/A1 (gf180mcu_fd_sc_mcu7t5v0__nand2_1)
     1    0.004749    0.160151    0.090949 20753.199219 v _1327_/ZN (gf180mcu_fd_sc_mcu7t5v0__nand2_1)
                                                         _0737_ (net)
                      0.160151    0.000000 20753.199219 v _1333_/A2 (gf180mcu_fd_sc_mcu7t5v0__oai21_1)
     5    0.026179    0.574396    0.369255 20753.568359 ^ _1333_/ZN (gf180mcu_fd_sc_mcu7t5v0__oai21_1)
                                                         _0743_ (net)
                      0.574396    0.000000 20753.568359 ^ _1337_/A3 (gf180mcu_fd_sc_mcu7t5v0__xor3_1)
     1    0.003038    0.192580    0.241926 20753.810547 ^ _1337_/Z (gf180mcu_fd_sc_mcu7t5v0__xor3_1)
                                                         _0110_ (net)
                      0.192580    0.000000 20753.810547 ^ _2038_/D (gf180mcu_fd_sc_mcu7t5v0__dffrnq_1)
                                           20753.810547   data arrival time

                      0.000000 20833.279297 20833.279297   clock clk_div (rise edge)
                                  0.000000 20833.279297   clock network delay (ideal)
                                 -0.250000 20833.029297   clock uncertainty
                                  0.000000 20833.029297   clock reconvergence pessimism
                                           20833.029297 ^ _2038_/CLK (gf180mcu_fd_sc_mcu7t5v0__dffrnq_1)
                                 -0.218823 20832.810547   library setup time
                                           20832.810547   data required time
---------------------------------------------------------------------------------------------
                                           20832.810547   data required time
                                           -20753.810547   data arrival time
---------------------------------------------------------------------------------------------
                                             78.999649   slack (MET)


Startpoint: _2034_ (rising edge-triggered flip-flop clocked by clk)
Endpoint: _2011_ (rising edge-triggered flip-flop clocked by clk)
Path Group: clk
Path Type: max

Fanout         Cap        Slew       Delay        Time   Description
---------------------------------------------------------------------------------------------
                      0.000000    0.000000    0.000000   clock clk (rise edge)
                                  0.000000    0.000000   clock network delay (ideal)
                      0.000000    0.000000    0.000000 ^ _2034_/CLK (gf180mcu_fd_sc_mcu7t5v0__dffrnq_1)
    11    0.044753    0.529443    0.778029    0.778029 ^ _2034_/Q (gf180mcu_fd_sc_mcu7t5v0__dffrnq_1)
                                                         u_cas_int.out_int2[4] (net)
                      0.529443    0.000000    0.778029 ^ _1128_/A1 (gf180mcu_fd_sc_mcu7t5v0__and2_1)
     2    0.008806    0.145443    0.258391    1.036420 ^ _1128_/Z (gf180mcu_fd_sc_mcu7t5v0__and2_1)
                                                         _0566_ (net)
                      0.145443    0.000000    1.036420 ^ _1141_/A3 (gf180mcu_fd_sc_mcu7t5v0__nor3_1)
     1    0.004489    0.146539    0.114762    1.151182 v _1141_/ZN (gf180mcu_fd_sc_mcu7t5v0__nor3_1)
                                                         _0577_ (net)
                      0.146539    0.000000    1.151182 v _1142_/B (gf180mcu_fd_sc_mcu7t5v0__oai211_1)
     2    0.007593    0.310867    0.200662    1.351844 ^ _1142_/ZN (gf180mcu_fd_sc_mcu7t5v0__oai211_1)
                                                         _0578_ (net)
                      0.310867    0.000000    1.351844 ^ _1144_/A2 (gf180mcu_fd_sc_mcu7t5v0__and3_1)
     2    0.012336    0.190164    0.307411    1.659255 ^ _1144_/Z (gf180mcu_fd_sc_mcu7t5v0__and3_1)
                                                         _0580_ (net)
                      0.190164    0.000000    1.659255 ^ _1147_/A3 (gf180mcu_fd_sc_mcu7t5v0__xor3_1)
     1    0.003038    0.193725    0.228873    1.888128 ^ _1147_/Z (gf180mcu_fd_sc_mcu7t5v0__xor3_1)
                                                         _0133_ (net)
                      0.193725    0.000000    1.888128 ^ _2011_/D (gf180mcu_fd_sc_mcu7t5v0__dffrnq_1)
                                              1.888128   data arrival time

                      0.000000   81.379997   81.379997   clock clk (rise edge)
                                  0.000000   81.379997   clock network delay (ideal)
                                 -0.250000   81.129997   clock uncertainty
                                  0.000000   81.129997   clock reconvergence pessimism
                                             81.129997 ^ _2011_/CLK (gf180mcu_fd_sc_mcu7t5v0__dffrnq_1)
                                 -0.219105   80.910896   library setup time
                                             80.910896   data required time
---------------------------------------------------------------------------------------------
                                             80.910896   data required time
                                             -1.888128   data arrival time
---------------------------------------------------------------------------------------------
                                             79.022774   slack (MET)


Startpoint: _2034_ (rising edge-triggered flip-flop clocked by clk)
Endpoint: _2011_ (rising edge-triggered flip-flop clocked by clk_div)
Path Group: clk_div
Path Type: max

Fanout         Cap        Slew       Delay        Time   Description
---------------------------------------------------------------------------------------------
                      0.000000 20751.898438 20751.898438   clock clk (rise edge)
                                  0.000000 20751.898438   clock network delay (ideal)
                      0.000000    0.000000 20751.898438 ^ _2034_/CLK (gf180mcu_fd_sc_mcu7t5v0__dffrnq_1)
    11    0.044753    0.529443    0.778527 20752.677734 ^ _2034_/Q (gf180mcu_fd_sc_mcu7t5v0__dffrnq_1)
                                                         u_cas_int.out_int2[4] (net)
                      0.529443    0.000000 20752.677734 ^ _1128_/A1 (gf180mcu_fd_sc_mcu7t5v0__and2_1)
     2    0.008806    0.145443    0.258296 20752.935547 ^ _1128_/Z (gf180mcu_fd_sc_mcu7t5v0__and2_1)
                                                         _0566_ (net)
                      0.145443    0.000000 20752.935547 ^ _1141_/A3 (gf180mcu_fd_sc_mcu7t5v0__nor3_1)
     1    0.004489    0.146539    0.114596 20753.050781 v _1141_/ZN (gf180mcu_fd_sc_mcu7t5v0__nor3_1)
                                                         _0577_ (net)
                      0.146539    0.000000 20753.050781 v _1142_/B (gf180mcu_fd_sc_mcu7t5v0__oai211_1)
     2    0.007593    0.310867    0.200089 20753.250000 ^ _1142_/ZN (gf180mcu_fd_sc_mcu7t5v0__oai211_1)
                                                         _0578_ (net)
                      0.310867    0.000000 20753.250000 ^ _1144_/A2 (gf180mcu_fd_sc_mcu7t5v0__and3_1)
     2    0.012336    0.190164    0.307409 20753.558594 ^ _1144_/Z (gf180mcu_fd_sc_mcu7t5v0__and3_1)
                                                         _0580_ (net)
                      0.190164    0.000000 20753.558594 ^ _1147_/A3 (gf180mcu_fd_sc_mcu7t5v0__xor3_1)
     1    0.003038    0.193725    0.229193 20753.787109 ^ _1147_/Z (gf180mcu_fd_sc_mcu7t5v0__xor3_1)
                                                         _0133_ (net)
                      0.193725    0.000000 20753.787109 ^ _2011_/D (gf180mcu_fd_sc_mcu7t5v0__dffrnq_1)
                                           20753.787109   data arrival time

                      0.000000 20833.279297 20833.279297   clock clk_div (rise edge)
                                  0.000000 20833.279297   clock network delay (ideal)
                                 -0.250000 20833.029297   clock uncertainty
                                  0.000000 20833.029297   clock reconvergence pessimism
                                           20833.029297 ^ _2011_/CLK (gf180mcu_fd_sc_mcu7t5v0__dffrnq_1)
                                 -0.219105 20832.810547   library setup time
                                           20832.810547   data required time
---------------------------------------------------------------------------------------------
                                           20832.810547   data required time
                                           -20753.787109   data arrival time
---------------------------------------------------------------------------------------------
                                             79.022774   slack (MET)


Startpoint: _2057_ (rising edge-triggered flip-flop clocked by clk)
Endpoint: _2034_ (rising edge-triggered flip-flop clocked by clk)
Path Group: clk
Path Type: max

Fanout         Cap        Slew       Delay        Time   Description
---------------------------------------------------------------------------------------------
                      0.000000    0.000000    0.000000   clock clk (rise edge)
                                  0.000000    0.000000   clock network delay (ideal)
                      0.000000    0.000000    0.000000 ^ _2057_/CLK (gf180mcu_fd_sc_mcu7t5v0__dffrnq_1)
     8    0.032097    0.392715    0.698881    0.698881 ^ _2057_/Q (gf180mcu_fd_sc_mcu7t5v0__dffrnq_1)
                                                         u_cas_int.out_int1[2] (net)
                      0.392715    0.000000    0.698881 ^ _1281_/A2 (gf180mcu_fd_sc_mcu7t5v0__nor2_1)
     2    0.006832    0.190613    0.130251    0.829132 v _1281_/ZN (gf180mcu_fd_sc_mcu7t5v0__nor2_1)
                                                         _0697_ (net)
                      0.190613    0.000000    0.829132 v _1282_/A2 (gf180mcu_fd_sc_mcu7t5v0__or2_1)
     2    0.012070    0.150040    0.304025    1.133157 v _1282_/Z (gf180mcu_fd_sc_mcu7t5v0__or2_1)
                                                         _0698_ (net)
                      0.150040    0.000000    1.133157 v _1296_/A1 (gf180mcu_fd_sc_mcu7t5v0__oai31_1)
     3    0.016617    0.680574    0.406323    1.539480 ^ _1296_/ZN (gf180mcu_fd_sc_mcu7t5v0__oai31_1)
                                                         _0710_ (net)
                      0.680574    0.000000    1.539480 ^ _1302_/A3 (gf180mcu_fd_sc_mcu7t5v0__xor3_1)
     1    0.003038    0.193875    0.241063    1.780543 ^ _1302_/Z (gf180mcu_fd_sc_mcu7t5v0__xor3_1)
                                                         _0106_ (net)
                      0.193875    0.000000    1.780543 ^ _2034_/D (gf180mcu_fd_sc_mcu7t5v0__dffrnq_1)
                                              1.780543   data arrival time

                      0.000000   81.379997   81.379997   clock clk (rise edge)
                                  0.000000   81.379997   clock network delay (ideal)
                                 -0.250000   81.129997   clock uncertainty
                                  0.000000   81.129997   clock reconvergence pessimism
                                             81.129997 ^ _2034_/CLK (gf180mcu_fd_sc_mcu7t5v0__dffrnq_1)
                                 -0.219142   80.910858   library setup time
                                             80.910858   data required time
---------------------------------------------------------------------------------------------
                                             80.910858   data required time
                                             -1.780543   data arrival time
---------------------------------------------------------------------------------------------
                                             79.130318   slack (MET)


Startpoint: _2057_ (rising edge-triggered flip-flop clocked by clk)
Endpoint: _2034_ (rising edge-triggered flip-flop clocked by clk_div)
Path Group: clk_div
Path Type: max

Fanout         Cap        Slew       Delay        Time   Description
---------------------------------------------------------------------------------------------
                      0.000000 20751.898438 20751.898438   clock clk (rise edge)
                                  0.000000 20751.898438   clock network delay (ideal)
                      0.000000    0.000000 20751.898438 ^ _2057_/CLK (gf180mcu_fd_sc_mcu7t5v0__dffrnq_1)
     8    0.032097    0.392715    0.698492 20752.597656 ^ _2057_/Q (gf180mcu_fd_sc_mcu7t5v0__dffrnq_1)
                                                         u_cas_int.out_int1[2] (net)
                      0.392715    0.000000 20752.597656 ^ _1281_/A2 (gf180mcu_fd_sc_mcu7t5v0__nor2_1)
     2    0.006832    0.190613    0.130967 20752.728516 v _1281_/ZN (gf180mcu_fd_sc_mcu7t5v0__nor2_1)
                                                         _0697_ (net)
                      0.190613    0.000000 20752.728516 v _1282_/A2 (gf180mcu_fd_sc_mcu7t5v0__or2_1)
     2    0.012070    0.150040    0.303771 20753.033203 v _1282_/Z (gf180mcu_fd_sc_mcu7t5v0__or2_1)
                                                         _0698_ (net)
                      0.150040    0.000000 20753.033203 v _1296_/A1 (gf180mcu_fd_sc_mcu7t5v0__oai31_1)
     3    0.016617    0.680574    0.405635 20753.437500 ^ _1296_/ZN (gf180mcu_fd_sc_mcu7t5v0__oai31_1)
                                                         _0710_ (net)
                      0.680574    0.000000 20753.437500 ^ _1302_/A3 (gf180mcu_fd_sc_mcu7t5v0__xor3_1)
     1    0.003038    0.193875    0.241926 20753.679688 ^ _1302_/Z (gf180mcu_fd_sc_mcu7t5v0__xor3_1)
                                                         _0106_ (net)
                      0.193875    0.000000 20753.679688 ^ _2034_/D (gf180mcu_fd_sc_mcu7t5v0__dffrnq_1)
                                           20753.679688   data arrival time

                      0.000000 20833.279297 20833.279297   clock clk_div (rise edge)
                                  0.000000 20833.279297   clock network delay (ideal)
                                 -0.250000 20833.029297   clock uncertainty
                                  0.000000 20833.029297   clock reconvergence pessimism
                                           20833.029297 ^ _2034_/CLK (gf180mcu_fd_sc_mcu7t5v0__dffrnq_1)
                                 -0.219142 20832.810547   library setup time
                                           20832.810547   data required time
---------------------------------------------------------------------------------------------
                                           20832.810547   data required time
                                           -20753.679688   data arrival time
---------------------------------------------------------------------------------------------
                                             79.130318   slack (MET)


Startpoint: _2032_ (rising edge-triggered flip-flop clocked by clk)
Endpoint: _2010_ (rising edge-triggered flip-flop clocked by clk)
Path Group: clk
Path Type: max

Fanout         Cap        Slew       Delay        Time   Description
---------------------------------------------------------------------------------------------
                      0.000000    0.000000    0.000000   clock clk (rise edge)
                                  0.000000    0.000000   clock network delay (ideal)
                      0.000000    0.000000    0.000000 ^ _2032_/CLK (gf180mcu_fd_sc_mcu7t5v0__dffrnq_1)
     7    0.028820    0.358182    0.678417    0.678417 ^ _2032_/Q (gf180mcu_fd_sc_mcu7t5v0__dffrnq_1)
                                                         u_cas_int.out_int2[2] (net)
                      0.358182    0.000000    0.678417 ^ _1117_/A1 (gf180mcu_fd_sc_mcu7t5v0__and2_1)
     3    0.011180    0.166944    0.256892    0.935308 ^ _1117_/Z (gf180mcu_fd_sc_mcu7t5v0__and2_1)
                                                         _0557_ (net)
                      0.166944    0.000000    0.935308 ^ _1118_/A2 (gf180mcu_fd_sc_mcu7t5v0__nor2_1)
     2    0.012176    0.173116    0.138993    1.074301 v _1118_/ZN (gf180mcu_fd_sc_mcu7t5v0__nor2_1)
                                                         _0558_ (net)
                      0.173116    0.000000    1.074301 v _1122_/A1 (gf180mcu_fd_sc_mcu7t5v0__nand2_1)
     1    0.004828    0.135446    0.108391    1.182691 ^ _1122_/ZN (gf180mcu_fd_sc_mcu7t5v0__nand2_1)
                                                         _0562_ (net)
                      0.135446    0.000000    1.182691 ^ _1134_/A1 (gf180mcu_fd_sc_mcu7t5v0__aoi21_1)
     2    0.012178    0.224408    0.122443    1.305134 v _1134_/ZN (gf180mcu_fd_sc_mcu7t5v0__aoi21_1)
                                                         _0572_ (net)
                      0.224408    0.000000    1.305134 v _1136_/A1 (gf180mcu_fd_sc_mcu7t5v0__oai21_1)
     1    0.006918    0.220759    0.186503    1.491638 ^ _1136_/ZN (gf180mcu_fd_sc_mcu7t5v0__oai21_1)
                                                         _0573_ (net)
                      0.220759    0.000000    1.491638 ^ _1139_/A3 (gf180mcu_fd_sc_mcu7t5v0__xnor3_1)
     1    0.003038    0.185247    0.221413    1.713051 ^ _1139_/ZN (gf180mcu_fd_sc_mcu7t5v0__xnor3_1)
                                                         _0132_ (net)
                      0.185247    0.000000    1.713051 ^ _2010_/D (gf180mcu_fd_sc_mcu7t5v0__dffrnq_1)
                                              1.713051   data arrival time

                      0.000000   81.379997   81.379997   clock clk (rise edge)
                                  0.000000   81.379997   clock network delay (ideal)
                                 -0.250000   81.129997   clock uncertainty
                                  0.000000   81.129997   clock reconvergence pessimism
                                             81.129997 ^ _2010_/CLK (gf180mcu_fd_sc_mcu7t5v0__dffrnq_1)
                                 -0.217015   80.912987   library setup time
                                             80.912987   data required time
---------------------------------------------------------------------------------------------
                                             80.912987   data required time
                                             -1.713051   data arrival time
---------------------------------------------------------------------------------------------
                                             79.199936   slack (MET)


Startpoint: _2032_ (rising edge-triggered flip-flop clocked by clk)
Endpoint: _2010_ (rising edge-triggered flip-flop clocked by clk_div)
Path Group: clk_div
Path Type: max

Fanout         Cap        Slew       Delay        Time   Description
---------------------------------------------------------------------------------------------
                      0.000000 20751.898438 20751.898438   clock clk (rise edge)
                                  0.000000 20751.898438   clock network delay (ideal)
                      0.000000    0.000000 20751.898438 ^ _2032_/CLK (gf180mcu_fd_sc_mcu7t5v0__dffrnq_1)
     7    0.028820    0.358182    0.678483 20752.578125 ^ _2032_/Q (gf180mcu_fd_sc_mcu7t5v0__dffrnq_1)
                                                         u_cas_int.out_int2[2] (net)
                      0.358182    0.000000 20752.578125 ^ _1117_/A1 (gf180mcu_fd_sc_mcu7t5v0__and2_1)
     3    0.011180    0.166944    0.256478 20752.833984 ^ _1117_/Z (gf180mcu_fd_sc_mcu7t5v0__and2_1)
                                                         _0557_ (net)
                      0.166944    0.000000 20752.833984 ^ _1118_/A2 (gf180mcu_fd_sc_mcu7t5v0__nor2_1)
     2    0.012176    0.173116    0.140062 20752.974609 v _1118_/ZN (gf180mcu_fd_sc_mcu7t5v0__nor2_1)
                                                         _0558_ (net)
                      0.173116    0.000000 20752.974609 v _1122_/A1 (gf180mcu_fd_sc_mcu7t5v0__nand2_1)
     1    0.004828    0.135446    0.107320 20753.082031 ^ _1122_/ZN (gf180mcu_fd_sc_mcu7t5v0__nand2_1)
                                                         _0562_ (net)
                      0.135446    0.000000 20753.082031 ^ _1134_/A1 (gf180mcu_fd_sc_mcu7t5v0__aoi21_1)
     2    0.012178    0.224408    0.123691 20753.205078 v _1134_/ZN (gf180mcu_fd_sc_mcu7t5v0__aoi21_1)
                                                         _0572_ (net)
                      0.224408    0.000000 20753.205078 v _1136_/A1 (gf180mcu_fd_sc_mcu7t5v0__oai21_1)
     1    0.006918    0.220759    0.185537 20753.390625 ^ _1136_/ZN (gf180mcu_fd_sc_mcu7t5v0__oai21_1)
                                                         _0573_ (net)
                      0.220759    0.000000 20753.390625 ^ _1139_/A3 (gf180mcu_fd_sc_mcu7t5v0__xnor3_1)
     1    0.003038    0.185247    0.221917 20753.613281 ^ _1139_/ZN (gf180mcu_fd_sc_mcu7t5v0__xnor3_1)
                                                         _0132_ (net)
                      0.185247    0.000000 20753.613281 ^ _2010_/D (gf180mcu_fd_sc_mcu7t5v0__dffrnq_1)
                                           20753.613281   data arrival time

                      0.000000 20833.279297 20833.279297   clock clk_div (rise edge)
                                  0.000000 20833.279297   clock network delay (ideal)
                                 -0.250000 20833.029297   clock uncertainty
                                  0.000000 20833.029297   clock reconvergence pessimism
                                           20833.029297 ^ _2010_/CLK (gf180mcu_fd_sc_mcu7t5v0__dffrnq_1)
                                 -0.217015 20832.812500   library setup time
                                           20832.812500   data required time
---------------------------------------------------------------------------------------------
                                           20832.812500   data required time
                                           -20753.613281   data arrival time
---------------------------------------------------------------------------------------------
                                             79.199936   slack (MET)


Startpoint: _2005_ (rising edge-triggered flip-flop clocked by clk)
Endpoint: _2009_ (rising edge-triggered flip-flop clocked by clk)
Path Group: clk
Path Type: max

Fanout         Cap        Slew       Delay        Time   Description
---------------------------------------------------------------------------------------------
                      0.000000    0.000000    0.000000   clock clk (rise edge)
                                  0.000000    0.000000   clock network delay (ideal)
                      0.000000    0.000000    0.000000 ^ _2005_/CLK (gf180mcu_fd_sc_mcu7t5v0__dffrnq_1)
     7    0.035694    0.430621    0.721343    0.721343 ^ _2005_/Q (gf180mcu_fd_sc_mcu7t5v0__dffrnq_1)
                                                         out_cas_int[0] (net)
                      0.430621    0.000000    0.721343 ^ _1119_/C (gf180mcu_fd_sc_mcu7t5v0__oai211_1)
     2    0.008943    0.266087    0.185782    0.907126 v _1119_/ZN (gf180mcu_fd_sc_mcu7t5v0__oai211_1)
                                                         _0559_ (net)
                      0.266087    0.000000    0.907126 v _1120_/A2 (gf180mcu_fd_sc_mcu7t5v0__nand2_1)
     2    0.011756    0.220382    0.197939    1.105065 ^ _1120_/ZN (gf180mcu_fd_sc_mcu7t5v0__nand2_1)
                                                         _0560_ (net)
                      0.220382    0.000000    1.105065 ^ _1122_/A2 (gf180mcu_fd_sc_mcu7t5v0__nand2_1)
     1    0.004828    0.129415    0.076493    1.181558 v _1122_/ZN (gf180mcu_fd_sc_mcu7t5v0__nand2_1)
                                                         _0562_ (net)
                      0.129415    0.000000    1.181558 v _1134_/A1 (gf180mcu_fd_sc_mcu7t5v0__aoi21_1)
     2    0.012178    0.350357    0.206820    1.388379 ^ _1134_/ZN (gf180mcu_fd_sc_mcu7t5v0__aoi21_1)
                                                         _0572_ (net)
                      0.350357    0.000000    1.388379 ^ _1135_/A2 (gf180mcu_fd_sc_mcu7t5v0__xnor2_1)
     1    0.003038    0.178704    0.251840    1.640218 ^ _1135_/ZN (gf180mcu_fd_sc_mcu7t5v0__xnor2_1)
                                                         _0131_ (net)
                      0.178704    0.000000    1.640218 ^ _2009_/D (gf180mcu_fd_sc_mcu7t5v0__dffrnq_1)
                                              1.640218   data arrival time

                      0.000000   81.379997   81.379997   clock clk (rise edge)
                                  0.000000   81.379997   clock network delay (ideal)
                                 -0.250000   81.129997   clock uncertainty
                                  0.000000   81.129997   clock reconvergence pessimism
                                             81.129997 ^ _2009_/CLK (gf180mcu_fd_sc_mcu7t5v0__dffrnq_1)
                                 -0.215402   80.914597   library setup time
                                             80.914597   data required time
---------------------------------------------------------------------------------------------
                                             80.914597   data required time
                                             -1.640218   data arrival time
---------------------------------------------------------------------------------------------
                                             79.274384   slack (MET)


Startpoint: _2005_ (rising edge-triggered flip-flop clocked by clk)
Endpoint: _2009_ (rising edge-triggered flip-flop clocked by clk_div)
Path Group: clk_div
Path Type: max

Fanout         Cap        Slew       Delay        Time   Description
---------------------------------------------------------------------------------------------
                      0.000000 20751.898438 20751.898438   clock clk (rise edge)
                                  0.000000 20751.898438   clock network delay (ideal)
                      0.000000    0.000000 20751.898438 ^ _2005_/CLK (gf180mcu_fd_sc_mcu7t5v0__dffrnq_1)
     7    0.035694    0.430621    0.722139 20752.621094 ^ _2005_/Q (gf180mcu_fd_sc_mcu7t5v0__dffrnq_1)
                                                         out_cas_int[0] (net)
                      0.430621    0.000000 20752.621094 ^ _1119_/C (gf180mcu_fd_sc_mcu7t5v0__oai211_1)
     2    0.008943    0.266087    0.185537 20752.806641 v _1119_/ZN (gf180mcu_fd_sc_mcu7t5v0__oai211_1)
                                                         _0559_ (net)
                      0.266087    0.000000 20752.806641 v _1120_/A2 (gf180mcu_fd_sc_mcu7t5v0__nand2_1)
     2    0.011756    0.220382    0.198270 20753.005859 ^ _1120_/ZN (gf180mcu_fd_sc_mcu7t5v0__nand2_1)
                                                         _0560_ (net)
                      0.220382    0.000000 20753.005859 ^ _1122_/A2 (gf180mcu_fd_sc_mcu7t5v0__nand2_1)
     1    0.004828    0.129415    0.076398 20753.082031 v _1122_/ZN (gf180mcu_fd_sc_mcu7t5v0__nand2_1)
                                                         _0562_ (net)
                      0.129415    0.000000 20753.082031 v _1134_/A1 (gf180mcu_fd_sc_mcu7t5v0__aoi21_1)
     2    0.012178    0.350357    0.205546 20753.287109 ^ _1134_/ZN (gf180mcu_fd_sc_mcu7t5v0__aoi21_1)
                                                         _0572_ (net)
                      0.350357    0.000000 20753.287109 ^ _1135_/A2 (gf180mcu_fd_sc_mcu7t5v0__xnor2_1)
     1    0.003038    0.178704    0.252840 20753.541016 ^ _1135_/ZN (gf180mcu_fd_sc_mcu7t5v0__xnor2_1)
                                                         _0131_ (net)
                      0.178704    0.000000 20753.541016 ^ _2009_/D (gf180mcu_fd_sc_mcu7t5v0__dffrnq_1)
                                           20753.541016   data arrival time

                      0.000000 20833.279297 20833.279297   clock clk_div (rise edge)
                                  0.000000 20833.279297   clock network delay (ideal)
                                 -0.250000 20833.029297   clock uncertainty
                                  0.000000 20833.029297   clock reconvergence pessimism
                                           20833.029297 ^ _2009_/CLK (gf180mcu_fd_sc_mcu7t5v0__dffrnq_1)
                                 -0.215402 20832.812500   library setup time
                                           20832.812500   data required time
---------------------------------------------------------------------------------------------
                                           20832.812500   data required time
                                           -20753.541016   data arrival time
---------------------------------------------------------------------------------------------
                                             79.274384   slack (MET)


Startpoint: _2005_ (rising edge-triggered flip-flop clocked by clk)
Endpoint: _2008_ (rising edge-triggered flip-flop clocked by clk)
Path Group: clk
Path Type: max

Fanout         Cap        Slew       Delay        Time   Description
---------------------------------------------------------------------------------------------
                      0.000000    0.000000    0.000000   clock clk (rise edge)
                                  0.000000    0.000000   clock network delay (ideal)
                      0.000000    0.000000    0.000000 ^ _2005_/CLK (gf180mcu_fd_sc_mcu7t5v0__dffrnq_1)
     7    0.035694    0.430621    0.721343    0.721343 ^ _2005_/Q (gf180mcu_fd_sc_mcu7t5v0__dffrnq_1)
                                                         out_cas_int[0] (net)
                      0.430621    0.000000    0.721343 ^ _1119_/C (gf180mcu_fd_sc_mcu7t5v0__oai211_1)
     2    0.008943    0.266087    0.185782    0.907126 v _1119_/ZN (gf180mcu_fd_sc_mcu7t5v0__oai211_1)
                                                         _0559_ (net)
                      0.266087    0.000000    0.907126 v _1121_/A2 (gf180mcu_fd_sc_mcu7t5v0__aoi211_1)
     2    0.007624    0.408386    0.277957    1.185083 ^ _1121_/ZN (gf180mcu_fd_sc_mcu7t5v0__aoi211_1)
                                                         _0561_ (net)
                      0.408386    0.000000    1.185083 ^ _1124_/A2 (gf180mcu_fd_sc_mcu7t5v0__or2_1)
     1    0.007431    0.122226    0.206589    1.391672 ^ _1124_/Z (gf180mcu_fd_sc_mcu7t5v0__or2_1)
                                                         _0563_ (net)
                      0.122226    0.000000    1.391672 ^ _1127_/A3 (gf180mcu_fd_sc_mcu7t5v0__xor3_1)
     1    0.003038    0.192974    0.223147    1.614819 ^ _1127_/Z (gf180mcu_fd_sc_mcu7t5v0__xor3_1)
                                                         _0130_ (net)
                      0.192974    0.000000    1.614819 ^ _2008_/D (gf180mcu_fd_sc_mcu7t5v0__dffrnq_1)
                                              1.614819   data arrival time

                      0.000000   81.379997   81.379997   clock clk (rise edge)
                                  0.000000   81.379997   clock network delay (ideal)
                                 -0.250000   81.129997   clock uncertainty
                                  0.000000   81.129997   clock reconvergence pessimism
                                             81.129997 ^ _2008_/CLK (gf180mcu_fd_sc_mcu7t5v0__dffrnq_1)
                                 -0.218920   80.911079   library setup time
                                             80.911079   data required time
---------------------------------------------------------------------------------------------
                                             80.911079   data required time
                                             -1.614819   data arrival time
---------------------------------------------------------------------------------------------
                                             79.296257   slack (MET)


Startpoint: _2005_ (rising edge-triggered flip-flop clocked by clk)
Endpoint: _2008_ (rising edge-triggered flip-flop clocked by clk_div)
Path Group: clk_div
Path Type: max

Fanout         Cap        Slew       Delay        Time   Description
---------------------------------------------------------------------------------------------
                      0.000000 20751.898438 20751.898438   clock clk (rise edge)
                                  0.000000 20751.898438   clock network delay (ideal)
                      0.000000    0.000000 20751.898438 ^ _2005_/CLK (gf180mcu_fd_sc_mcu7t5v0__dffrnq_1)
     7    0.035694    0.430621    0.722139 20752.621094 ^ _2005_/Q (gf180mcu_fd_sc_mcu7t5v0__dffrnq_1)
                                                         out_cas_int[0] (net)
                      0.430621    0.000000 20752.621094 ^ _1119_/C (gf180mcu_fd_sc_mcu7t5v0__oai211_1)
     2    0.008943    0.266087    0.185537 20752.806641 v _1119_/ZN (gf180mcu_fd_sc_mcu7t5v0__oai211_1)
                                                         _0559_ (net)
                      0.266087    0.000000 20752.806641 v _1121_/A2 (gf180mcu_fd_sc_mcu7t5v0__aoi211_1)
     2    0.007624    0.408386    0.278305 20753.085938 ^ _1121_/ZN (gf180mcu_fd_sc_mcu7t5v0__aoi211_1)
                                                         _0561_ (net)
                      0.408386    0.000000 20753.085938 ^ _1124_/A2 (gf180mcu_fd_sc_mcu7t5v0__or2_1)
     1    0.007431    0.122226    0.205546 20753.291016 ^ _1124_/Z (gf180mcu_fd_sc_mcu7t5v0__or2_1)
                                                         _0563_ (net)
                      0.122226    0.000000 20753.291016 ^ _1127_/A3 (gf180mcu_fd_sc_mcu7t5v0__xor3_1)
     1    0.003038    0.192974    0.223736 20753.513672 ^ _1127_/Z (gf180mcu_fd_sc_mcu7t5v0__xor3_1)
                                                         _0130_ (net)
                      0.192974    0.000000 20753.513672 ^ _2008_/D (gf180mcu_fd_sc_mcu7t5v0__dffrnq_1)
                                           20753.513672   data arrival time

                      0.000000 20833.279297 20833.279297   clock clk_div (rise edge)
                                  0.000000 20833.279297   clock network delay (ideal)
                                 -0.250000 20833.029297   clock uncertainty
                                  0.000000 20833.029297   clock reconvergence pessimism
                                           20833.029297 ^ _2008_/CLK (gf180mcu_fd_sc_mcu7t5v0__dffrnq_1)
                                 -0.218920 20832.810547   library setup time
                                           20832.810547   data required time
---------------------------------------------------------------------------------------------
                                           20832.810547   data required time
                                           -20753.513672   data arrival time
---------------------------------------------------------------------------------------------
                                             79.296257   slack (MET)


Startpoint: _2057_ (rising edge-triggered flip-flop clocked by clk)
Endpoint: _2033_ (rising edge-triggered flip-flop clocked by clk)
Path Group: clk
Path Type: max

Fanout         Cap        Slew       Delay        Time   Description
---------------------------------------------------------------------------------------------
                      0.000000    0.000000    0.000000   clock clk (rise edge)
                                  0.000000    0.000000   clock network delay (ideal)
                      0.000000    0.000000    0.000000 ^ _2057_/CLK (gf180mcu_fd_sc_mcu7t5v0__dffrnq_1)
     8    0.032097    0.392715    0.698881    0.698881 ^ _2057_/Q (gf180mcu_fd_sc_mcu7t5v0__dffrnq_1)
                                                         u_cas_int.out_int1[2] (net)
                      0.392715    0.000000    0.698881 ^ _1280_/A2 (gf180mcu_fd_sc_mcu7t5v0__and2_1)
     2    0.006818    0.123046    0.214237    0.913118 ^ _1280_/Z (gf180mcu_fd_sc_mcu7t5v0__and2_1)
                                                         _0696_ (net)
                      0.123046    0.000000    0.913118 ^ _1285_/C (gf180mcu_fd_sc_mcu7t5v0__aoi211_1)
     2    0.008854    0.227373    0.171415    1.084533 v _1285_/ZN (gf180mcu_fd_sc_mcu7t5v0__aoi211_1)
                                                         _0701_ (net)
                      0.227373    0.000000    1.084533 v _1287_/B (gf180mcu_fd_sc_mcu7t5v0__aoi21_1)
     1    0.007442    0.264574    0.213164    1.297697 ^ _1287_/ZN (gf180mcu_fd_sc_mcu7t5v0__aoi21_1)
                                                         _0702_ (net)
                      0.264574    0.000000    1.297697 ^ _1292_/A1 (gf180mcu_fd_sc_mcu7t5v0__xor2_1)
     1    0.003038    0.183041    0.233848    1.531545 ^ _1292_/Z (gf180mcu_fd_sc_mcu7t5v0__xor2_1)
                                                         _0105_ (net)
                      0.183041    0.000000    1.531545 ^ _2033_/D (gf180mcu_fd_sc_mcu7t5v0__dffrnq_1)
                                              1.531545   data arrival time

                      0.000000   81.379997   81.379997   clock clk (rise edge)
                                  0.000000   81.379997   clock network delay (ideal)
                                 -0.250000   81.129997   clock uncertainty
                                  0.000000   81.129997   clock reconvergence pessimism
                                             81.129997 ^ _2033_/CLK (gf180mcu_fd_sc_mcu7t5v0__dffrnq_1)
                                 -0.216472   80.913528   library setup time
                                             80.913528   data required time
---------------------------------------------------------------------------------------------
                                             80.913528   data required time
                                             -1.531545   data arrival time
---------------------------------------------------------------------------------------------
                                             79.381981   slack (MET)


Startpoint: _2057_ (rising edge-triggered flip-flop clocked by clk)
Endpoint: _2033_ (rising edge-triggered flip-flop clocked by clk_div)
Path Group: clk_div
Path Type: max

Fanout         Cap        Slew       Delay        Time   Description
---------------------------------------------------------------------------------------------
                      0.000000 20751.898438 20751.898438   clock clk (rise edge)
                                  0.000000 20751.898438   clock network delay (ideal)
                      0.000000    0.000000 20751.898438 ^ _2057_/CLK (gf180mcu_fd_sc_mcu7t5v0__dffrnq_1)
     8    0.032097    0.392715    0.698492 20752.597656 ^ _2057_/Q (gf180mcu_fd_sc_mcu7t5v0__dffrnq_1)
                                                         u_cas_int.out_int1[2] (net)
                      0.392715    0.000000 20752.597656 ^ _1280_/A2 (gf180mcu_fd_sc_mcu7t5v0__and2_1)
     2    0.006818    0.123046    0.214641 20752.812500 ^ _1280_/Z (gf180mcu_fd_sc_mcu7t5v0__and2_1)
                                                         _0696_ (net)
                      0.123046    0.000000 20752.812500 ^ _1285_/C (gf180mcu_fd_sc_mcu7t5v0__aoi211_1)
     2    0.008854    0.227373    0.170985 20752.984375 v _1285_/ZN (gf180mcu_fd_sc_mcu7t5v0__aoi211_1)
                                                         _0701_ (net)
                      0.227373    0.000000 20752.984375 v _1287_/B (gf180mcu_fd_sc_mcu7t5v0__aoi21_1)
     1    0.007442    0.264574    0.212822 20753.197266 ^ _1287_/ZN (gf180mcu_fd_sc_mcu7t5v0__aoi21_1)
                                                         _0702_ (net)
                      0.264574    0.000000 20753.197266 ^ _1292_/A1 (gf180mcu_fd_sc_mcu7t5v0__xor2_1)
     1    0.003038    0.183041    0.234650 20753.431641 ^ _1292_/Z (gf180mcu_fd_sc_mcu7t5v0__xor2_1)
                                                         _0105_ (net)
                      0.183041    0.000000 20753.431641 ^ _2033_/D (gf180mcu_fd_sc_mcu7t5v0__dffrnq_1)
                                           20753.431641   data arrival time

                      0.000000 20833.279297 20833.279297   clock clk_div (rise edge)
                                  0.000000 20833.279297   clock network delay (ideal)
                                 -0.250000 20833.029297   clock uncertainty
                                  0.000000 20833.029297   clock reconvergence pessimism
                                           20833.029297 ^ _2033_/CLK (gf180mcu_fd_sc_mcu7t5v0__dffrnq_1)
                                 -0.216472 20832.812500   library setup time
                                           20832.812500   data required time
---------------------------------------------------------------------------------------------
                                           20832.812500   data required time
                                           -20753.431641   data arrival time
---------------------------------------------------------------------------------------------
                                             79.381981   slack (MET)


Startpoint: _2057_ (rising edge-triggered flip-flop clocked by clk)
Endpoint: _2032_ (rising edge-triggered flip-flop clocked by clk)
Path Group: clk
Path Type: max

Fanout         Cap        Slew       Delay        Time   Description
---------------------------------------------------------------------------------------------
                      0.000000    0.000000    0.000000   clock clk (rise edge)
                                  0.000000    0.000000   clock network delay (ideal)
                      0.000000    0.000000    0.000000 ^ _2057_/CLK (gf180mcu_fd_sc_mcu7t5v0__dffrnq_1)
     8    0.032097    0.392715    0.698881    0.698881 ^ _2057_/Q (gf180mcu_fd_sc_mcu7t5v0__dffrnq_1)
                                                         u_cas_int.out_int1[2] (net)
                      0.392715    0.000000    0.698881 ^ _1280_/A2 (gf180mcu_fd_sc_mcu7t5v0__and2_1)
     2    0.006818    0.123046    0.214237    0.913118 ^ _1280_/Z (gf180mcu_fd_sc_mcu7t5v0__and2_1)
                                                         _0696_ (net)
                      0.123046    0.000000    0.913118 ^ _1282_/A1 (gf180mcu_fd_sc_mcu7t5v0__or2_1)
     2    0.012070    0.168706    0.195632    1.108749 ^ _1282_/Z (gf180mcu_fd_sc_mcu7t5v0__or2_1)
                                                         _0698_ (net)
                      0.168706    0.000000    1.108749 ^ _1286_/A1 (gf180mcu_fd_sc_mcu7t5v0__xor2_1)
     1    0.003038    0.186465    0.227236    1.335985 ^ _1286_/Z (gf180mcu_fd_sc_mcu7t5v0__xor2_1)
                                                         _0104_ (net)
                      0.186465    0.000000    1.335985 ^ _2032_/D (gf180mcu_fd_sc_mcu7t5v0__dffrnq_1)
                                              1.335985   data arrival time

                      0.000000   81.379997   81.379997   clock clk (rise edge)
                                  0.000000   81.379997   clock network delay (ideal)
                                 -0.250000   81.129997   clock uncertainty
                                  0.000000   81.129997   clock reconvergence pessimism
                                             81.129997 ^ _2032_/CLK (gf180mcu_fd_sc_mcu7t5v0__dffrnq_1)
                                 -0.217315   80.912689   library setup time
                                             80.912689   data required time
---------------------------------------------------------------------------------------------
                                             80.912689   data required time
                                             -1.335985   data arrival time
---------------------------------------------------------------------------------------------
                                             79.576706   slack (MET)


Startpoint: _2057_ (rising edge-triggered flip-flop clocked by clk)
Endpoint: _2032_ (rising edge-triggered flip-flop clocked by clk_div)
Path Group: clk_div
Path Type: max

Fanout         Cap        Slew       Delay        Time   Description
---------------------------------------------------------------------------------------------
                      0.000000 20751.898438 20751.898438   clock clk (rise edge)
                                  0.000000 20751.898438   clock network delay (ideal)
                      0.000000    0.000000 20751.898438 ^ _2057_/CLK (gf180mcu_fd_sc_mcu7t5v0__dffrnq_1)
     8    0.032097    0.392715    0.698492 20752.597656 ^ _2057_/Q (gf180mcu_fd_sc_mcu7t5v0__dffrnq_1)
                                                         u_cas_int.out_int1[2] (net)
                      0.392715    0.000000 20752.597656 ^ _1280_/A2 (gf180mcu_fd_sc_mcu7t5v0__and2_1)
     2    0.006818    0.123046    0.214641 20752.812500 ^ _1280_/Z (gf180mcu_fd_sc_mcu7t5v0__and2_1)
                                                         _0696_ (net)
                      0.123046    0.000000 20752.812500 ^ _1282_/A1 (gf180mcu_fd_sc_mcu7t5v0__or2_1)
     2    0.012070    0.168706    0.196451 20753.009766 ^ _1282_/Z (gf180mcu_fd_sc_mcu7t5v0__or2_1)
                                                         _0698_ (net)
                      0.168706    0.000000 20753.009766 ^ _1286_/A1 (gf180mcu_fd_sc_mcu7t5v0__xor2_1)
     1    0.003038    0.186465    0.225555 20753.234375 ^ _1286_/Z (gf180mcu_fd_sc_mcu7t5v0__xor2_1)
                                                         _0104_ (net)
                      0.186465    0.000000 20753.234375 ^ _2032_/D (gf180mcu_fd_sc_mcu7t5v0__dffrnq_1)
                                           20753.234375   data arrival time

                      0.000000 20833.279297 20833.279297   clock clk_div (rise edge)
                                  0.000000 20833.279297   clock network delay (ideal)
                                 -0.250000 20833.029297   clock uncertainty
                                  0.000000 20833.029297   clock reconvergence pessimism
                                           20833.029297 ^ _2032_/CLK (gf180mcu_fd_sc_mcu7t5v0__dffrnq_1)
                                 -0.217315 20832.812500   library setup time
                                           20832.812500   data required time
---------------------------------------------------------------------------------------------
                                           20832.812500   data required time
                                           -20753.234375   data arrival time
---------------------------------------------------------------------------------------------
                                             79.576706   slack (MET)


Startpoint: _2080_ (rising edge-triggered flip-flop clocked by clk)
Endpoint: _2086_ (rising edge-triggered flip-flop clocked by clk)
Path Group: clk
Path Type: max

Fanout         Cap        Slew       Delay        Time   Description
---------------------------------------------------------------------------------------------
                      0.000000    0.000000    0.000000   clock clk (rise edge)
                                  0.000000    0.000000   clock network delay (ideal)
                      0.000000    0.000000    0.000000 ^ _2080_/CLK (gf180mcu_fd_sc_mcu7t5v0__dffrnq_1)
     5    0.023486    0.301972    0.645107    0.645107 ^ _2080_/Q (gf180mcu_fd_sc_mcu7t5v0__dffrnq_1)
                                                         u_clock_div.counter[0] (net)
                      0.301972    0.000000    0.645107 ^ _1105_/A3 (gf180mcu_fd_sc_mcu7t5v0__and4_1)
     4    0.019941    0.278984    0.405193    1.050300 ^ _1105_/Z (gf180mcu_fd_sc_mcu7t5v0__and4_1)
                                                         _0550_ (net)
                      0.278984    0.000000    1.050300 ^ _1108_/A3 (gf180mcu_fd_sc_mcu7t5v0__nand3_1)
     1    0.007273    0.182372    0.119161    1.169461 v _1108_/ZN (gf180mcu_fd_sc_mcu7t5v0__nand3_1)
                                                         _0552_ (net)
                      0.182372    0.000000    1.169461 v _1111_/A2 (gf180mcu_fd_sc_mcu7t5v0__xnor2_1)
     1    0.003038    0.174215    0.150876    1.320337 ^ _1111_/ZN (gf180mcu_fd_sc_mcu7t5v0__xnor2_1)
                                                         _0143_ (net)
                      0.174215    0.000000    1.320337 ^ _2086_/D (gf180mcu_fd_sc_mcu7t5v0__dffrnq_1)
                                              1.320337   data arrival time

                      0.000000   81.379997   81.379997   clock clk (rise edge)
                                  0.000000   81.379997   clock network delay (ideal)
                                 -0.250000   81.129997   clock uncertainty
                                  0.000000   81.129997   clock reconvergence pessimism
                                             81.129997 ^ _2086_/CLK (gf180mcu_fd_sc_mcu7t5v0__dffrnq_1)
                                 -0.214296   80.915710   library setup time
                                             80.915710   data required time
---------------------------------------------------------------------------------------------
                                             80.915710   data required time
                                             -1.320337   data arrival time
---------------------------------------------------------------------------------------------
                                             79.595367   slack (MET)


Startpoint: _2080_ (rising edge-triggered flip-flop clocked by clk)
Endpoint: _2086_ (rising edge-triggered flip-flop clocked by clk_div)
Path Group: clk_div
Path Type: max

Fanout         Cap        Slew       Delay        Time   Description
---------------------------------------------------------------------------------------------
                      0.000000 20751.898438 20751.898438   clock clk (rise edge)
                                  0.000000 20751.898438   clock network delay (ideal)
                      0.000000    0.000000 20751.898438 ^ _2080_/CLK (gf180mcu_fd_sc_mcu7t5v0__dffrnq_1)
     5    0.023486    0.301972    0.645741 20752.544922 ^ _2080_/Q (gf180mcu_fd_sc_mcu7t5v0__dffrnq_1)
                                                         u_clock_div.counter[0] (net)
                      0.301972    0.000000 20752.544922 ^ _1105_/A3 (gf180mcu_fd_sc_mcu7t5v0__and4_1)
     4    0.019941    0.278984    0.403816 20752.949219 ^ _1105_/Z (gf180mcu_fd_sc_mcu7t5v0__and4_1)
                                                         _0550_ (net)
                      0.278984    0.000000 20752.949219 ^ _1108_/A3 (gf180mcu_fd_sc_mcu7t5v0__nand3_1)
     1    0.007273    0.182372    0.120053 20753.068359 v _1108_/ZN (gf180mcu_fd_sc_mcu7t5v0__nand3_1)
                                                         _0552_ (net)
                      0.182372    0.000000 20753.068359 v _1111_/A2 (gf180mcu_fd_sc_mcu7t5v0__xnor2_1)
     1    0.003038    0.174215    0.150976 20753.220703 ^ _1111_/ZN (gf180mcu_fd_sc_mcu7t5v0__xnor2_1)
                                                         _0143_ (net)
                      0.174215    0.000000 20753.220703 ^ _2086_/D (gf180mcu_fd_sc_mcu7t5v0__dffrnq_1)
                                           20753.220703   data arrival time

                      0.000000 20833.279297 20833.279297   clock clk_div (rise edge)
                                  0.000000 20833.279297   clock network delay (ideal)
                                 -0.250000 20833.029297   clock uncertainty
                                  0.000000 20833.029297   clock reconvergence pessimism
                                           20833.029297 ^ _2086_/CLK (gf180mcu_fd_sc_mcu7t5v0__dffrnq_1)
                                 -0.214296 20832.814453   library setup time
                                           20832.814453   data required time
---------------------------------------------------------------------------------------------
                                           20832.814453   data required time
                                           -20753.220703   data arrival time
---------------------------------------------------------------------------------------------
                                             79.595367   slack (MET)


Startpoint: _2005_ (rising edge-triggered flip-flop clocked by clk)
Endpoint: _2007_ (rising edge-triggered flip-flop clocked by clk)
Path Group: clk
Path Type: max

Fanout         Cap        Slew       Delay        Time   Description
---------------------------------------------------------------------------------------------
                      0.000000    0.000000    0.000000   clock clk (rise edge)
                                  0.000000    0.000000   clock network delay (ideal)
                      0.000000    0.000000    0.000000 ^ _2005_/CLK (gf180mcu_fd_sc_mcu7t5v0__dffrnq_1)
     7    0.035694    0.430621    0.721343    0.721343 ^ _2005_/Q (gf180mcu_fd_sc_mcu7t5v0__dffrnq_1)
                                                         out_cas_int[0] (net)
                      0.430621    0.000000    0.721343 ^ _1119_/C (gf180mcu_fd_sc_mcu7t5v0__oai211_1)
     2    0.008943    0.266087    0.185782    0.907126 v _1119_/ZN (gf180mcu_fd_sc_mcu7t5v0__oai211_1)
                                                         _0559_ (net)
                      0.266087    0.000000    0.907126 v _1120_/A2 (gf180mcu_fd_sc_mcu7t5v0__nand2_1)
     2    0.011756    0.220382    0.197939    1.105065 ^ _1120_/ZN (gf180mcu_fd_sc_mcu7t5v0__nand2_1)
                                                         _0560_ (net)
                      0.220382    0.000000    1.105065 ^ _1123_/A2 (gf180mcu_fd_sc_mcu7t5v0__xor2_1)
     1    0.003038    0.184376    0.201132    1.306197 ^ _1123_/Z (gf180mcu_fd_sc_mcu7t5v0__xor2_1)
                                                         _0129_ (net)
                      0.184376    0.000000    1.306197 ^ _2007_/D (gf180mcu_fd_sc_mcu7t5v0__dffrnq_1)
                                              1.306197   data arrival time

                      0.000000   81.379997   81.379997   clock clk (rise edge)
                                  0.000000   81.379997   clock network delay (ideal)
                                 -0.250000   81.129997   clock uncertainty
                                  0.000000   81.129997   clock reconvergence pessimism
                                             81.129997 ^ _2007_/CLK (gf180mcu_fd_sc_mcu7t5v0__dffrnq_1)
                                 -0.216800   80.913200   library setup time
                                             80.913200   data required time
---------------------------------------------------------------------------------------------
                                             80.913200   data required time
                                             -1.306197   data arrival time
---------------------------------------------------------------------------------------------
                                             79.607002   slack (MET)


Startpoint: _2005_ (rising edge-triggered flip-flop clocked by clk)
Endpoint: _2007_ (rising edge-triggered flip-flop clocked by clk_div)
Path Group: clk_div
Path Type: max

Fanout         Cap        Slew       Delay        Time   Description
---------------------------------------------------------------------------------------------
                      0.000000 20751.898438 20751.898438   clock clk (rise edge)
                                  0.000000 20751.898438   clock network delay (ideal)
                      0.000000    0.000000 20751.898438 ^ _2005_/CLK (gf180mcu_fd_sc_mcu7t5v0__dffrnq_1)
     7    0.035694    0.430621    0.722139 20752.621094 ^ _2005_/Q (gf180mcu_fd_sc_mcu7t5v0__dffrnq_1)
                                                         out_cas_int[0] (net)
                      0.430621    0.000000 20752.621094 ^ _1119_/C (gf180mcu_fd_sc_mcu7t5v0__oai211_1)
     2    0.008943    0.266087    0.185537 20752.806641 v _1119_/ZN (gf180mcu_fd_sc_mcu7t5v0__oai211_1)
                                                         _0559_ (net)
                      0.266087    0.000000 20752.806641 v _1120_/A2 (gf180mcu_fd_sc_mcu7t5v0__nand2_1)
     2    0.011756    0.220382    0.198270 20753.005859 ^ _1120_/ZN (gf180mcu_fd_sc_mcu7t5v0__nand2_1)
                                                         _0560_ (net)
                      0.220382    0.000000 20753.005859 ^ _1123_/A2 (gf180mcu_fd_sc_mcu7t5v0__xor2_1)
     1    0.003038    0.184376    0.200089 20753.205078 ^ _1123_/Z (gf180mcu_fd_sc_mcu7t5v0__xor2_1)
                                                         _0129_ (net)
                      0.184376    0.000000 20753.205078 ^ _2007_/D (gf180mcu_fd_sc_mcu7t5v0__dffrnq_1)
                                           20753.205078   data arrival time

                      0.000000 20833.279297 20833.279297   clock clk_div (rise edge)
                                  0.000000 20833.279297   clock network delay (ideal)
                                 -0.250000 20833.029297   clock uncertainty
                                  0.000000 20833.029297   clock reconvergence pessimism
                                           20833.029297 ^ _2007_/CLK (gf180mcu_fd_sc_mcu7t5v0__dffrnq_1)
                                 -0.216800 20832.812500   library setup time
                                           20832.812500   data required time
---------------------------------------------------------------------------------------------
                                           20832.812500   data required time
                                           -20753.205078   data arrival time
---------------------------------------------------------------------------------------------
                                             79.607002   slack (MET)


Startpoint: _2031_ (rising edge-triggered flip-flop clocked by clk)
Endpoint: _2006_ (rising edge-triggered flip-flop clocked by clk)
Path Group: clk
Path Type: max

Fanout         Cap        Slew       Delay        Time   Description
---------------------------------------------------------------------------------------------
                      0.000000    0.000000    0.000000   clock clk (rise edge)
                                  0.000000    0.000000   clock network delay (ideal)
                      0.000000    0.000000    0.000000 ^ _2031_/CLK (gf180mcu_fd_sc_mcu7t5v0__dffrnq_1)
     8    0.035025    0.423571    0.717166    0.717166 ^ _2031_/Q (gf180mcu_fd_sc_mcu7t5v0__dffrnq_1)
                                                         u_cas_int.out_int2[1] (net)
                      0.423571    0.000000    0.717166 ^ _1115_/A1 (gf180mcu_fd_sc_mcu7t5v0__xnor3_1)
     1    0.003038    0.182869    0.589110    1.306275 ^ _1115_/ZN (gf180mcu_fd_sc_mcu7t5v0__xnor3_1)
                                                         _0123_ (net)
                      0.182869    0.000000    1.306275 ^ _2006_/D (gf180mcu_fd_sc_mcu7t5v0__dffrnq_1)
                                              1.306275   data arrival time

                      0.000000   81.379997   81.379997   clock clk (rise edge)
                                  0.000000   81.379997   clock network delay (ideal)
                                 -0.250000   81.129997   clock uncertainty
                                  0.000000   81.129997   clock reconvergence pessimism
                                             81.129997 ^ _2006_/CLK (gf180mcu_fd_sc_mcu7t5v0__dffrnq_1)
                                 -0.216429   80.913567   library setup time
                                             80.913567   data required time
---------------------------------------------------------------------------------------------
                                             80.913567   data required time
                                             -1.306275   data arrival time
---------------------------------------------------------------------------------------------
                                             79.607292   slack (MET)


Startpoint: _2031_ (rising edge-triggered flip-flop clocked by clk)
Endpoint: _2006_ (rising edge-triggered flip-flop clocked by clk_div)
Path Group: clk_div
Path Type: max

Fanout         Cap        Slew       Delay        Time   Description
---------------------------------------------------------------------------------------------
                      0.000000 20751.898438 20751.898438   clock clk (rise edge)
                                  0.000000 20751.898438   clock network delay (ideal)
                      0.000000    0.000000 20751.898438 ^ _2031_/CLK (gf180mcu_fd_sc_mcu7t5v0__dffrnq_1)
     8    0.035025    0.423571    0.716682 20752.615234 ^ _2031_/Q (gf180mcu_fd_sc_mcu7t5v0__dffrnq_1)
                                                         u_cas_int.out_int2[1] (net)
                      0.423571    0.000000 20752.615234 ^ _1115_/A1 (gf180mcu_fd_sc_mcu7t5v0__xnor3_1)
     1    0.003038    0.182869    0.589353 20753.205078 ^ _1115_/ZN (gf180mcu_fd_sc_mcu7t5v0__xnor3_1)
                                                         _0123_ (net)
                      0.182869    0.000000 20753.205078 ^ _2006_/D (gf180mcu_fd_sc_mcu7t5v0__dffrnq_1)
                                           20753.205078   data arrival time

                      0.000000 20833.279297 20833.279297   clock clk_div (rise edge)
                                  0.000000 20833.279297   clock network delay (ideal)
                                 -0.250000 20833.029297   clock uncertainty
                                  0.000000 20833.029297   clock reconvergence pessimism
                                           20833.029297 ^ _2006_/CLK (gf180mcu_fd_sc_mcu7t5v0__dffrnq_1)
                                 -0.216429 20832.812500   library setup time
                                           20832.812500   data required time
---------------------------------------------------------------------------------------------
                                           20832.812500   data required time
                                           -20753.205078   data arrival time
---------------------------------------------------------------------------------------------
                                             79.607292   slack (MET)


Startpoint: _2080_ (rising edge-triggered flip-flop clocked by clk)
Endpoint: _2085_ (rising edge-triggered flip-flop clocked by clk)
Path Group: clk
Path Type: max

Fanout         Cap        Slew       Delay        Time   Description
---------------------------------------------------------------------------------------------
                      0.000000    0.000000    0.000000   clock clk (rise edge)
                                  0.000000    0.000000   clock network delay (ideal)
                      0.000000    0.000000    0.000000 ^ _2080_/CLK (gf180mcu_fd_sc_mcu7t5v0__dffrnq_1)
     5    0.023486    0.301972    0.645107    0.645107 ^ _2080_/Q (gf180mcu_fd_sc_mcu7t5v0__dffrnq_1)
                                                         u_clock_div.counter[0] (net)
                      0.301972    0.000000    0.645107 ^ _1105_/A3 (gf180mcu_fd_sc_mcu7t5v0__and4_1)
     4    0.019941    0.278984    0.405193    1.050300 ^ _1105_/Z (gf180mcu_fd_sc_mcu7t5v0__and4_1)
                                                         _0550_ (net)
                      0.278984    0.000000    1.050300 ^ _1106_/A2 (gf180mcu_fd_sc_mcu7t5v0__nand2_1)
     1    0.007273    0.145067    0.094524    1.144824 v _1106_/ZN (gf180mcu_fd_sc_mcu7t5v0__nand2_1)
                                                         _0551_ (net)
                      0.145067    0.000000    1.144824 v _1109_/A2 (gf180mcu_fd_sc_mcu7t5v0__xnor2_1)
     1    0.003038    0.170570    0.143535    1.288359 ^ _1109_/ZN (gf180mcu_fd_sc_mcu7t5v0__xnor2_1)
                                                         _0142_ (net)
                      0.170570    0.000000    1.288359 ^ _2085_/D (gf180mcu_fd_sc_mcu7t5v0__dffrnq_1)
                                              1.288359   data arrival time

                      0.000000   81.379997   81.379997   clock clk (rise edge)
                                  0.000000   81.379997   clock network delay (ideal)
                                 -0.250000   81.129997   clock uncertainty
                                  0.000000   81.129997   clock reconvergence pessimism
                                             81.129997 ^ _2085_/CLK (gf180mcu_fd_sc_mcu7t5v0__dffrnq_1)
                                 -0.213398   80.916603   library setup time
                                             80.916603   data required time
---------------------------------------------------------------------------------------------
                                             80.916603   data required time
                                             -1.288359   data arrival time
---------------------------------------------------------------------------------------------
                                             79.628242   slack (MET)


Startpoint: _2080_ (rising edge-triggered flip-flop clocked by clk)
Endpoint: _2085_ (rising edge-triggered flip-flop clocked by clk_div)
Path Group: clk_div
Path Type: max

Fanout         Cap        Slew       Delay        Time   Description
---------------------------------------------------------------------------------------------
                      0.000000 20751.898438 20751.898438   clock clk (rise edge)
                                  0.000000 20751.898438   clock network delay (ideal)
                      0.000000    0.000000 20751.898438 ^ _2080_/CLK (gf180mcu_fd_sc_mcu7t5v0__dffrnq_1)
     5    0.023486    0.301972    0.645741 20752.544922 ^ _2080_/Q (gf180mcu_fd_sc_mcu7t5v0__dffrnq_1)
                                                         u_clock_div.counter[0] (net)
                      0.301972    0.000000 20752.544922 ^ _1105_/A3 (gf180mcu_fd_sc_mcu7t5v0__and4_1)
     4    0.019941    0.278984    0.403816 20752.949219 ^ _1105_/Z (gf180mcu_fd_sc_mcu7t5v0__and4_1)
                                                         _0550_ (net)
                      0.278984    0.000000 20752.949219 ^ _1106_/A2 (gf180mcu_fd_sc_mcu7t5v0__nand2_1)
     1    0.007273    0.145067    0.094587 20753.042969 v _1106_/ZN (gf180mcu_fd_sc_mcu7t5v0__nand2_1)
                                                         _0551_ (net)
                      0.145067    0.000000 20753.042969 v _1109_/A2 (gf180mcu_fd_sc_mcu7t5v0__xnor2_1)
     1    0.003038    0.170570    0.143700 20753.187500 ^ _1109_/ZN (gf180mcu_fd_sc_mcu7t5v0__xnor2_1)
                                                         _0142_ (net)
                      0.170570    0.000000 20753.187500 ^ _2085_/D (gf180mcu_fd_sc_mcu7t5v0__dffrnq_1)
                                           20753.187500   data arrival time

                      0.000000 20833.279297 20833.279297   clock clk_div (rise edge)
                                  0.000000 20833.279297   clock network delay (ideal)
                                 -0.250000 20833.029297   clock uncertainty
                                  0.000000 20833.029297   clock reconvergence pessimism
                                           20833.029297 ^ _2085_/CLK (gf180mcu_fd_sc_mcu7t5v0__dffrnq_1)
                                 -0.213398 20832.814453   library setup time
                                           20832.814453   data required time
---------------------------------------------------------------------------------------------
                                           20832.814453   data required time
                                           -20753.187500   data arrival time
---------------------------------------------------------------------------------------------
                                             79.628242   slack (MET)


Startpoint: _2080_ (rising edge-triggered flip-flop clocked by clk)
Endpoint: _2084_ (rising edge-triggered flip-flop clocked by clk)
Path Group: clk
Path Type: max

Fanout         Cap        Slew       Delay        Time   Description
---------------------------------------------------------------------------------------------
                      0.000000    0.000000    0.000000   clock clk (rise edge)
                                  0.000000    0.000000   clock network delay (ideal)
                      0.000000    0.000000    0.000000 ^ _2080_/CLK (gf180mcu_fd_sc_mcu7t5v0__dffrnq_1)
     5    0.023486    0.301972    0.645107    0.645107 ^ _2080_/Q (gf180mcu_fd_sc_mcu7t5v0__dffrnq_1)
                                                         u_clock_div.counter[0] (net)
                      0.301972    0.000000    0.645107 ^ _1105_/A3 (gf180mcu_fd_sc_mcu7t5v0__and4_1)
     4    0.019941    0.278984    0.405193    1.050300 ^ _1105_/Z (gf180mcu_fd_sc_mcu7t5v0__and4_1)
                                                         _0550_ (net)
                      0.278984    0.000000    1.050300 ^ _1107_/A2 (gf180mcu_fd_sc_mcu7t5v0__xor2_1)
     1    0.003038    0.184557    0.202552    1.252852 ^ _1107_/Z (gf180mcu_fd_sc_mcu7t5v0__xor2_1)
                                                         _0141_ (net)
                      0.184557    0.000000    1.252852 ^ _2084_/D (gf180mcu_fd_sc_mcu7t5v0__dffrnq_1)
                                              1.252852   data arrival time

                      0.000000   81.379997   81.379997   clock clk (rise edge)
                                  0.000000   81.379997   clock network delay (ideal)
                                 -0.250000   81.129997   clock uncertainty
                                  0.000000   81.129997   clock reconvergence pessimism
                                             81.129997 ^ _2084_/CLK (gf180mcu_fd_sc_mcu7t5v0__dffrnq_1)
                                 -0.216845   80.913155   library setup time
                                             80.913155   data required time
---------------------------------------------------------------------------------------------
                                             80.913155   data required time
                                             -1.252852   data arrival time
---------------------------------------------------------------------------------------------
                                             79.660309   slack (MET)


Startpoint: _2080_ (rising edge-triggered flip-flop clocked by clk)
Endpoint: _2084_ (rising edge-triggered flip-flop clocked by clk_div)
Path Group: clk_div
Path Type: max

Fanout         Cap        Slew       Delay        Time   Description
---------------------------------------------------------------------------------------------
                      0.000000 20751.898438 20751.898438   clock clk (rise edge)
                                  0.000000 20751.898438   clock network delay (ideal)
                      0.000000    0.000000 20751.898438 ^ _2080_/CLK (gf180mcu_fd_sc_mcu7t5v0__dffrnq_1)
     5    0.023486    0.301972    0.645741 20752.544922 ^ _2080_/Q (gf180mcu_fd_sc_mcu7t5v0__dffrnq_1)
                                                         u_clock_div.counter[0] (net)
                      0.301972    0.000000 20752.544922 ^ _1105_/A3 (gf180mcu_fd_sc_mcu7t5v0__and4_1)
     4    0.019941    0.278984    0.403816 20752.949219 ^ _1105_/Z (gf180mcu_fd_sc_mcu7t5v0__and4_1)
                                                         _0550_ (net)
                      0.278984    0.000000 20752.949219 ^ _1107_/A2 (gf180mcu_fd_sc_mcu7t5v0__xor2_1)
     1    0.003038    0.184557    0.203727 20753.152344 ^ _1107_/Z (gf180mcu_fd_sc_mcu7t5v0__xor2_1)
                                                         _0141_ (net)
                      0.184557    0.000000 20753.152344 ^ _2084_/D (gf180mcu_fd_sc_mcu7t5v0__dffrnq_1)
                                           20753.152344   data arrival time

                      0.000000 20833.279297 20833.279297   clock clk_div (rise edge)
                                  0.000000 20833.279297   clock network delay (ideal)
                                 -0.250000 20833.029297   clock uncertainty
                                  0.000000 20833.029297   clock reconvergence pessimism
                                           20833.029297 ^ _2084_/CLK (gf180mcu_fd_sc_mcu7t5v0__dffrnq_1)
                                 -0.216845 20832.812500   library setup time
                                           20832.812500   data required time
---------------------------------------------------------------------------------------------
                                           20832.812500   data required time
                                           -20753.152344   data arrival time
---------------------------------------------------------------------------------------------
                                             79.660309   slack (MET)


Startpoint: _2031_ (rising edge-triggered flip-flop clocked by clk)
Endpoint: _2031_ (rising edge-triggered flip-flop clocked by clk)
Path Group: clk
Path Type: max

Fanout         Cap        Slew       Delay        Time   Description
---------------------------------------------------------------------------------------------
                      0.000000    0.000000    0.000000   clock clk (rise edge)
                                  0.000000    0.000000   clock network delay (ideal)
                      0.000000    0.000000    0.000000 ^ _2031_/CLK (gf180mcu_fd_sc_mcu7t5v0__dffrnq_1)
     8    0.035025    0.423571    0.717166    0.717166 ^ _2031_/Q (gf180mcu_fd_sc_mcu7t5v0__dffrnq_1)
                                                         u_cas_int.out_int2[1] (net)
                      0.423571    0.000000    0.717166 ^ _1279_/A1 (gf180mcu_fd_sc_mcu7t5v0__xor3_1)
     1    0.003038    0.192641    0.526187    1.243352 ^ _1279_/Z (gf180mcu_fd_sc_mcu7t5v0__xor3_1)
                                                         _0098_ (net)
                      0.192641    0.000000    1.243352 ^ _2031_/D (gf180mcu_fd_sc_mcu7t5v0__dffrnq_1)
                                              1.243352   data arrival time

                      0.000000   81.379997   81.379997   clock clk (rise edge)
                                  0.000000   81.379997   clock network delay (ideal)
                                 -0.250000   81.129997   clock uncertainty
                                  0.000000   81.129997   clock reconvergence pessimism
                                             81.129997 ^ _2031_/CLK (gf180mcu_fd_sc_mcu7t5v0__dffrnq_1)
                                 -0.218838   80.911156   library setup time
                                             80.911156   data required time
---------------------------------------------------------------------------------------------
                                             80.911156   data required time
                                             -1.243352   data arrival time
---------------------------------------------------------------------------------------------
                                             79.667809   slack (MET)


Startpoint: _2031_ (rising edge-triggered flip-flop clocked by clk)
Endpoint: _2031_ (rising edge-triggered flip-flop clocked by clk_div)
Path Group: clk_div
Path Type: max

Fanout         Cap        Slew       Delay        Time   Description
---------------------------------------------------------------------------------------------
                      0.000000 20751.898438 20751.898438   clock clk (rise edge)
                                  0.000000 20751.898438   clock network delay (ideal)
                      0.000000    0.000000 20751.898438 ^ _2031_/CLK (gf180mcu_fd_sc_mcu7t5v0__dffrnq_1)
     8    0.035025    0.423571    0.716682 20752.615234 ^ _2031_/Q (gf180mcu_fd_sc_mcu7t5v0__dffrnq_1)
                                                         u_cas_int.out_int2[1] (net)
                      0.423571    0.000000 20752.615234 ^ _1279_/A1 (gf180mcu_fd_sc_mcu7t5v0__xor3_1)
     1    0.003038    0.192641    0.527507 20753.142578 ^ _1279_/Z (gf180mcu_fd_sc_mcu7t5v0__xor3_1)
                                                         _0098_ (net)
                      0.192641    0.000000 20753.142578 ^ _2031_/D (gf180mcu_fd_sc_mcu7t5v0__dffrnq_1)
                                           20753.142578   data arrival time

                      0.000000 20833.279297 20833.279297   clock clk_div (rise edge)
                                  0.000000 20833.279297   clock network delay (ideal)
                                 -0.250000 20833.029297   clock uncertainty
                                  0.000000 20833.029297   clock reconvergence pessimism
                                           20833.029297 ^ _2031_/CLK (gf180mcu_fd_sc_mcu7t5v0__dffrnq_1)
                                 -0.218838 20832.810547   library setup time
                                           20832.810547   data required time
---------------------------------------------------------------------------------------------
                                           20832.810547   data required time
                                           -20753.142578   data arrival time
---------------------------------------------------------------------------------------------
                                             79.667809   slack (MET)


Startpoint: _2005_ (rising edge-triggered flip-flop clocked by clk)
Endpoint: _2005_ (rising edge-triggered flip-flop clocked by clk)
Path Group: clk
Path Type: max

Fanout         Cap        Slew       Delay        Time   Description
---------------------------------------------------------------------------------------------
                      0.000000    0.000000    0.000000   clock clk (rise edge)
                                  0.000000    0.000000   clock network delay (ideal)
                      0.000000    0.000000    0.000000 ^ _2005_/CLK (gf180mcu_fd_sc_mcu7t5v0__dffrnq_1)
     7    0.035694    0.430621    0.721343    0.721343 ^ _2005_/Q (gf180mcu_fd_sc_mcu7t5v0__dffrnq_1)
                                                         out_cas_int[0] (net)
                      0.430621    0.000000    0.721343 ^ _1996_/A2 (gf180mcu_fd_sc_mcu7t5v0__xor2_1)
     1    0.003038    0.193290    0.204932    0.926275 ^ _1996_/Z (gf180mcu_fd_sc_mcu7t5v0__xor2_1)
                                                         _0112_ (net)
                      0.193290    0.000000    0.926275 ^ _2005_/D (gf180mcu_fd_sc_mcu7t5v0__dffrnq_1)
                                              0.926275   data arrival time

                      0.000000   81.379997   81.379997   clock clk (rise edge)
                                  0.000000   81.379997   clock network delay (ideal)
                                 -0.250000   81.129997   clock uncertainty
                                  0.000000   81.129997   clock reconvergence pessimism
                                             81.129997 ^ _2005_/CLK (gf180mcu_fd_sc_mcu7t5v0__dffrnq_1)
                                 -0.218998   80.911003   library setup time
                                             80.911003   data required time
---------------------------------------------------------------------------------------------
                                             80.911003   data required time
                                             -0.926275   data arrival time
---------------------------------------------------------------------------------------------
                                             79.984726   slack (MET)


Startpoint: _2005_ (rising edge-triggered flip-flop clocked by clk)
Endpoint: _2005_ (rising edge-triggered flip-flop clocked by clk_div)
Path Group: clk_div
Path Type: max

Fanout         Cap        Slew       Delay        Time   Description
---------------------------------------------------------------------------------------------
                      0.000000 20751.898438 20751.898438   clock clk (rise edge)
                                  0.000000 20751.898438   clock network delay (ideal)
                      0.000000    0.000000 20751.898438 ^ _2005_/CLK (gf180mcu_fd_sc_mcu7t5v0__dffrnq_1)
     7    0.035694    0.430621    0.722139 20752.621094 ^ _2005_/Q (gf180mcu_fd_sc_mcu7t5v0__dffrnq_1)
                                                         out_cas_int[0] (net)
                      0.430621    0.000000 20752.621094 ^ _1996_/A2 (gf180mcu_fd_sc_mcu7t5v0__xor2_1)
     1    0.003038    0.193290    0.203727 20752.826172 ^ _1996_/Z (gf180mcu_fd_sc_mcu7t5v0__xor2_1)
                                                         _0112_ (net)
                      0.193290    0.000000 20752.826172 ^ _2005_/D (gf180mcu_fd_sc_mcu7t5v0__dffrnq_1)
                                           20752.826172   data arrival time

                      0.000000 20833.279297 20833.279297   clock clk_div (rise edge)
                                  0.000000 20833.279297   clock network delay (ideal)
                                 -0.250000 20833.029297   clock uncertainty
                                  0.000000 20833.029297   clock reconvergence pessimism
                                           20833.029297 ^ _2005_/CLK (gf180mcu_fd_sc_mcu7t5v0__dffrnq_1)
                                 -0.218998 20832.810547   library setup time
                                           20832.810547   data required time
---------------------------------------------------------------------------------------------
                                           20832.810547   data required time
                                           -20752.826172   data arrival time
---------------------------------------------------------------------------------------------
                                             79.984726   slack (MET)


Startpoint: _2030_ (rising edge-triggered flip-flop clocked by clk)
Endpoint: _2030_ (rising edge-triggered flip-flop clocked by clk)
Path Group: clk
Path Type: max

Fanout         Cap        Slew       Delay        Time   Description
---------------------------------------------------------------------------------------------
                      0.000000    0.000000    0.000000   clock clk (rise edge)
                                  0.000000    0.000000   clock network delay (ideal)
                      0.000000    0.000000    0.000000 ^ _2030_/CLK (gf180mcu_fd_sc_mcu7t5v0__dffrnq_1)
     6    0.028516    0.354979    0.676518    0.676518 ^ _2030_/Q (gf180mcu_fd_sc_mcu7t5v0__dffrnq_1)
                                                         u_cas_int.out_int2[0] (net)
                      0.354979    0.000000    0.676518 ^ _1278_/A1 (gf180mcu_fd_sc_mcu7t5v0__and2_1)
     3    0.016613    0.223080    0.290387    0.966905 ^ _1278_/Z (gf180mcu_fd_sc_mcu7t5v0__and2_1)
                                                         _0695_ (net)
                      0.223080    0.000000    0.966905 ^ _2002_/A1 (gf180mcu_fd_sc_mcu7t5v0__nor2_1)
     1    0.003038    0.101227    0.068900    1.035805 v _2002_/ZN (gf180mcu_fd_sc_mcu7t5v0__nor2_1)
                                                         _0087_ (net)
                      0.101227    0.000000    1.035805 v _2030_/D (gf180mcu_fd_sc_mcu7t5v0__dffrnq_1)
                                              1.035805   data arrival time

                      0.000000   81.379997   81.379997   clock clk (rise edge)
                                  0.000000   81.379997   clock network delay (ideal)
                                 -0.250000   81.129997   clock uncertainty
                                  0.000000   81.129997   clock reconvergence pessimism
                                             81.129997 ^ _2030_/CLK (gf180mcu_fd_sc_mcu7t5v0__dffrnq_1)
                                 -0.107193   81.022804   library setup time
                                             81.022804   data required time
---------------------------------------------------------------------------------------------
                                             81.022804   data required time
                                             -1.035805   data arrival time
---------------------------------------------------------------------------------------------
                                             79.987000   slack (MET)


Startpoint: _2030_ (rising edge-triggered flip-flop clocked by clk)
Endpoint: _2030_ (rising edge-triggered flip-flop clocked by clk_div)
Path Group: clk_div
Path Type: max

Fanout         Cap        Slew       Delay        Time   Description
---------------------------------------------------------------------------------------------
                      0.000000 20751.898438 20751.898438   clock clk (rise edge)
                                  0.000000 20751.898438   clock network delay (ideal)
                      0.000000    0.000000 20751.898438 ^ _2030_/CLK (gf180mcu_fd_sc_mcu7t5v0__dffrnq_1)
     6    0.028516    0.354979    0.676664 20752.576172 ^ _2030_/Q (gf180mcu_fd_sc_mcu7t5v0__dffrnq_1)
                                                         u_cas_int.out_int2[0] (net)
                      0.354979    0.000000 20752.576172 ^ _1278_/A1 (gf180mcu_fd_sc_mcu7t5v0__and2_1)
     3    0.016613    0.223080    0.291038 20752.867188 ^ _1278_/Z (gf180mcu_fd_sc_mcu7t5v0__and2_1)
                                                         _0695_ (net)
                      0.223080    0.000000 20752.867188 ^ _2002_/A1 (gf180mcu_fd_sc_mcu7t5v0__nor2_1)
     1    0.003038    0.101227    0.067303 20752.933594 v _2002_/ZN (gf180mcu_fd_sc_mcu7t5v0__nor2_1)
                                                         _0087_ (net)
                      0.101227    0.000000 20752.933594 v _2030_/D (gf180mcu_fd_sc_mcu7t5v0__dffrnq_1)
                                           20752.933594   data arrival time

                      0.000000 20833.279297 20833.279297   clock clk_div (rise edge)
                                  0.000000 20833.279297   clock network delay (ideal)
                                 -0.250000 20833.029297   clock uncertainty
                                  0.000000 20833.029297   clock reconvergence pessimism
                                           20833.029297 ^ _2030_/CLK (gf180mcu_fd_sc_mcu7t5v0__dffrnq_1)
                                 -0.107193 20832.921875   library setup time
                                           20832.921875   data required time
---------------------------------------------------------------------------------------------
                                           20832.921875   data required time
                                           -20752.933594   data arrival time
---------------------------------------------------------------------------------------------
                                             79.987000   slack (MET)


Startpoint: _2080_ (rising edge-triggered flip-flop clocked by clk)
Endpoint: _2083_ (rising edge-triggered flip-flop clocked by clk)
Path Group: clk
Path Type: max

Fanout         Cap        Slew       Delay        Time   Description
---------------------------------------------------------------------------------------------
                      0.000000    0.000000    0.000000   clock clk (rise edge)
                                  0.000000    0.000000   clock network delay (ideal)
                      0.000000    0.000000    0.000000 ^ _2080_/CLK (gf180mcu_fd_sc_mcu7t5v0__dffrnq_1)
     5    0.023486    0.301972    0.645107    0.645107 ^ _2080_/Q (gf180mcu_fd_sc_mcu7t5v0__dffrnq_1)
                                                         u_clock_div.counter[0] (net)
                      0.301972    0.000000    0.645107 ^ _1104_/A2 (gf180mcu_fd_sc_mcu7t5v0__nand3_1)
     1    0.007273    0.184525    0.129032    0.774139 v _1104_/ZN (gf180mcu_fd_sc_mcu7t5v0__nand3_1)
                                                         _0549_ (net)
                      0.184525    0.000000    0.774139 v _1995_/A2 (gf180mcu_fd_sc_mcu7t5v0__xnor2_1)
     1    0.003038    0.174425    0.151300    0.925439 ^ _1995_/ZN (gf180mcu_fd_sc_mcu7t5v0__xnor2_1)
                                                         _0140_ (net)
                      0.174425    0.000000    0.925439 ^ _2083_/D (gf180mcu_fd_sc_mcu7t5v0__dffrnq_1)
                                              0.925439   data arrival time

                      0.000000   81.379997   81.379997   clock clk (rise edge)
                                  0.000000   81.379997   clock network delay (ideal)
                                 -0.250000   81.129997   clock uncertainty
                                  0.000000   81.129997   clock reconvergence pessimism
                                             81.129997 ^ _2083_/CLK (gf180mcu_fd_sc_mcu7t5v0__dffrnq_1)
                                 -0.214348   80.915649   library setup time
                                             80.915649   data required time
---------------------------------------------------------------------------------------------
                                             80.915649   data required time
                                             -0.925439   data arrival time
---------------------------------------------------------------------------------------------
                                             79.990211   slack (MET)


Startpoint: _2080_ (rising edge-triggered flip-flop clocked by clk)
Endpoint: _2083_ (rising edge-triggered flip-flop clocked by clk_div)
Path Group: clk_div
Path Type: max

Fanout         Cap        Slew       Delay        Time   Description
---------------------------------------------------------------------------------------------
                      0.000000 20751.898438 20751.898438   clock clk (rise edge)
                                  0.000000 20751.898438   clock network delay (ideal)
                      0.000000    0.000000 20751.898438 ^ _2080_/CLK (gf180mcu_fd_sc_mcu7t5v0__dffrnq_1)
     5    0.023486    0.301972    0.645741 20752.544922 ^ _2080_/Q (gf180mcu_fd_sc_mcu7t5v0__dffrnq_1)
                                                         u_clock_div.counter[0] (net)
                      0.301972    0.000000 20752.544922 ^ _1104_/A2 (gf180mcu_fd_sc_mcu7t5v0__nand3_1)
     1    0.007273    0.184525    0.129148 20752.673828 v _1104_/ZN (gf180mcu_fd_sc_mcu7t5v0__nand3_1)
                                                         _0549_ (net)
                      0.184525    0.000000 20752.673828 v _1995_/A2 (gf180mcu_fd_sc_mcu7t5v0__xnor2_1)
     1    0.003038    0.174425    0.150976 20752.826172 ^ _1995_/ZN (gf180mcu_fd_sc_mcu7t5v0__xnor2_1)
                                                         _0140_ (net)
                      0.174425    0.000000 20752.826172 ^ _2083_/D (gf180mcu_fd_sc_mcu7t5v0__dffrnq_1)
                                           20752.826172   data arrival time

                      0.000000 20833.279297 20833.279297   clock clk_div (rise edge)
                                  0.000000 20833.279297   clock network delay (ideal)
                                 -0.250000 20833.029297   clock uncertainty
                                  0.000000 20833.029297   clock reconvergence pessimism
                                           20833.029297 ^ _2083_/CLK (gf180mcu_fd_sc_mcu7t5v0__dffrnq_1)
                                 -0.214348 20832.814453   library setup time
                                           20832.814453   data required time
---------------------------------------------------------------------------------------------
                                           20832.814453   data required time
                                           -20752.826172   data arrival time
---------------------------------------------------------------------------------------------
                                             79.990211   slack (MET)


Startpoint: _2080_ (rising edge-triggered flip-flop clocked by clk)
Endpoint: _2082_ (rising edge-triggered flip-flop clocked by clk)
Path Group: clk
Path Type: max

Fanout         Cap        Slew       Delay        Time   Description
---------------------------------------------------------------------------------------------
                      0.000000    0.000000    0.000000   clock clk (rise edge)
                                  0.000000    0.000000   clock network delay (ideal)
                      0.000000    0.000000    0.000000 ^ _2080_/CLK (gf180mcu_fd_sc_mcu7t5v0__dffrnq_1)
     5    0.023486    0.301972    0.645107    0.645107 ^ _2080_/Q (gf180mcu_fd_sc_mcu7t5v0__dffrnq_1)
                                                         u_clock_div.counter[0] (net)
                      0.301972    0.000000    0.645107 ^ _1103_/A1 (gf180mcu_fd_sc_mcu7t5v0__nand2_1)
     1    0.007273    0.151971    0.107503    0.752610 v _1103_/ZN (gf180mcu_fd_sc_mcu7t5v0__nand2_1)
                                                         _0548_ (net)
                      0.151971    0.000000    0.752610 v _1997_/A2 (gf180mcu_fd_sc_mcu7t5v0__xnor2_1)
     1    0.003038    0.171245    0.144893    0.897504 ^ _1997_/ZN (gf180mcu_fd_sc_mcu7t5v0__xnor2_1)
                                                         _0139_ (net)
                      0.171245    0.000000    0.897504 ^ _2082_/D (gf180mcu_fd_sc_mcu7t5v0__dffrnq_1)
                                              0.897504   data arrival time

                      0.000000   81.379997   81.379997   clock clk (rise edge)
                                  0.000000   81.379997   clock network delay (ideal)
                                 -0.250000   81.129997   clock uncertainty
                                  0.000000   81.129997   clock reconvergence pessimism
                                             81.129997 ^ _2082_/CLK (gf180mcu_fd_sc_mcu7t5v0__dffrnq_1)
                                 -0.213564   80.916435   library setup time
                                             80.916435   data required time
---------------------------------------------------------------------------------------------
                                             80.916435   data required time
                                             -0.897504   data arrival time
---------------------------------------------------------------------------------------------
                                             80.018936   slack (MET)


Startpoint: _2080_ (rising edge-triggered flip-flop clocked by clk)
Endpoint: _2082_ (rising edge-triggered flip-flop clocked by clk_div)
Path Group: clk_div
Path Type: max

Fanout         Cap        Slew       Delay        Time   Description
---------------------------------------------------------------------------------------------
                      0.000000 20751.898438 20751.898438   clock clk (rise edge)
                                  0.000000 20751.898438   clock network delay (ideal)
                      0.000000    0.000000 20751.898438 ^ _2080_/CLK (gf180mcu_fd_sc_mcu7t5v0__dffrnq_1)
     5    0.023486    0.301972    0.645741 20752.544922 ^ _2080_/Q (gf180mcu_fd_sc_mcu7t5v0__dffrnq_1)
                                                         u_clock_div.counter[0] (net)
                      0.301972    0.000000 20752.544922 ^ _1103_/A1 (gf180mcu_fd_sc_mcu7t5v0__nand2_1)
     1    0.007273    0.151971    0.107320 20752.652344 v _1103_/ZN (gf180mcu_fd_sc_mcu7t5v0__nand2_1)
                                                         _0548_ (net)
                      0.151971    0.000000 20752.652344 v _1997_/A2 (gf180mcu_fd_sc_mcu7t5v0__xnor2_1)
     1    0.003038    0.171245    0.143700 20752.796875 ^ _1997_/ZN (gf180mcu_fd_sc_mcu7t5v0__xnor2_1)
                                                         _0139_ (net)
                      0.171245    0.000000 20752.796875 ^ _2082_/D (gf180mcu_fd_sc_mcu7t5v0__dffrnq_1)
                                           20752.796875   data arrival time

                      0.000000 20833.279297 20833.279297   clock clk_div (rise edge)
                                  0.000000 20833.279297   clock network delay (ideal)
                                 -0.250000 20833.029297   clock uncertainty
                                  0.000000 20833.029297   clock reconvergence pessimism
                                           20833.029297 ^ _2082_/CLK (gf180mcu_fd_sc_mcu7t5v0__dffrnq_1)
                                 -0.213564 20832.814453   library setup time
                                           20832.814453   data required time
---------------------------------------------------------------------------------------------
                                           20832.814453   data required time
                                           -20752.796875   data arrival time
---------------------------------------------------------------------------------------------
                                             80.018936   slack (MET)


Startpoint: _2080_ (rising edge-triggered flip-flop clocked by clk)
Endpoint: _2081_ (rising edge-triggered flip-flop clocked by clk)
Path Group: clk
Path Type: max

Fanout         Cap        Slew       Delay        Time   Description
---------------------------------------------------------------------------------------------
                      0.000000    0.000000    0.000000   clock clk (rise edge)
                                  0.000000    0.000000   clock network delay (ideal)
                      0.000000    0.000000    0.000000 ^ _2080_/CLK (gf180mcu_fd_sc_mcu7t5v0__dffrnq_1)
     5    0.023486    0.301972    0.645107    0.645107 ^ _2080_/Q (gf180mcu_fd_sc_mcu7t5v0__dffrnq_1)
                                                         u_clock_div.counter[0] (net)
                      0.301972    0.000000    0.645107 ^ _1999_/A1 (gf180mcu_fd_sc_mcu7t5v0__xor2_1)
     1    0.003038    0.182468    0.235675    0.880782 ^ _1999_/Z (gf180mcu_fd_sc_mcu7t5v0__xor2_1)
                                                         _0138_ (net)
                      0.182468    0.000000    0.880782 ^ _2081_/D (gf180mcu_fd_sc_mcu7t5v0__dffrnq_1)
                                              0.880782   data arrival time

                      0.000000   81.379997   81.379997   clock clk (rise edge)
                                  0.000000   81.379997   clock network delay (ideal)
                                 -0.250000   81.129997   clock uncertainty
                                  0.000000   81.129997   clock reconvergence pessimism
                                             81.129997 ^ _2081_/CLK (gf180mcu_fd_sc_mcu7t5v0__dffrnq_1)
                                 -0.216330   80.913666   library setup time
                                             80.913666   data required time
---------------------------------------------------------------------------------------------
                                             80.913666   data required time
                                             -0.880782   data arrival time
---------------------------------------------------------------------------------------------
                                             80.032883   slack (MET)


Startpoint: _2080_ (rising edge-triggered flip-flop clocked by clk)
Endpoint: _2081_ (rising edge-triggered flip-flop clocked by clk_div)
Path Group: clk_div
Path Type: max

Fanout         Cap        Slew       Delay        Time   Description
---------------------------------------------------------------------------------------------
                      0.000000 20751.898438 20751.898438   clock clk (rise edge)
                                  0.000000 20751.898438   clock network delay (ideal)
                      0.000000    0.000000 20751.898438 ^ _2080_/CLK (gf180mcu_fd_sc_mcu7t5v0__dffrnq_1)
     5    0.023486    0.301972    0.645741 20752.544922 ^ _2080_/Q (gf180mcu_fd_sc_mcu7t5v0__dffrnq_1)
                                                         u_clock_div.counter[0] (net)
                      0.301972    0.000000 20752.544922 ^ _1999_/A1 (gf180mcu_fd_sc_mcu7t5v0__xor2_1)
     1    0.003038    0.182468    0.234650 20752.779297 ^ _1999_/Z (gf180mcu_fd_sc_mcu7t5v0__xor2_1)
                                                         _0138_ (net)
                      0.182468    0.000000 20752.779297 ^ _2081_/D (gf180mcu_fd_sc_mcu7t5v0__dffrnq_1)
                                           20752.779297   data arrival time

                      0.000000 20833.279297 20833.279297   clock clk_div (rise edge)
                                  0.000000 20833.279297   clock network delay (ideal)
                                 -0.250000 20833.029297   clock uncertainty
                                  0.000000 20833.029297   clock reconvergence pessimism
                                           20833.029297 ^ _2081_/CLK (gf180mcu_fd_sc_mcu7t5v0__dffrnq_1)
                                 -0.216330 20832.812500   library setup time
                                           20832.812500   data required time
---------------------------------------------------------------------------------------------
                                           20832.812500   data required time
                                           -20752.779297   data arrival time
---------------------------------------------------------------------------------------------
                                             80.032883   slack (MET)


Startpoint: _2080_ (rising edge-triggered flip-flop clocked by clk)
Endpoint: _2080_ (rising edge-triggered flip-flop clocked by clk)
Path Group: clk
Path Type: max

Fanout         Cap        Slew       Delay        Time   Description
---------------------------------------------------------------------------------------------
                      0.000000    0.000000    0.000000   clock clk (rise edge)
                                  0.000000    0.000000   clock network delay (ideal)
                      0.000000    0.000000    0.000000 ^ _2080_/CLK (gf180mcu_fd_sc_mcu7t5v0__dffrnq_1)
     5    0.023486    0.301972    0.645107    0.645107 ^ _2080_/Q (gf180mcu_fd_sc_mcu7t5v0__dffrnq_1)
                                                         u_clock_div.counter[0] (net)
                      0.301972    0.000000    0.645107 ^ _1102_/I (gf180mcu_fd_sc_mcu7t5v0__clkinv_1)
     1    0.003038    0.109023    0.082205    0.727312 v _1102_/ZN (gf180mcu_fd_sc_mcu7t5v0__clkinv_1)
                                                         _0137_ (net)
                      0.109023    0.000000    0.727312 v _2080_/D (gf180mcu_fd_sc_mcu7t5v0__dffrnq_1)
                                              0.727312   data arrival time

                      0.000000   81.379997   81.379997   clock clk (rise edge)
                                  0.000000   81.379997   clock network delay (ideal)
                                 -0.250000   81.129997   clock uncertainty
                                  0.000000   81.129997   clock reconvergence pessimism
                                             81.129997 ^ _2080_/CLK (gf180mcu_fd_sc_mcu7t5v0__dffrnq_1)
                                 -0.109608   81.020393   library setup time
                                             81.020393   data required time
---------------------------------------------------------------------------------------------
                                             81.020393   data required time
                                             -0.727312   data arrival time
---------------------------------------------------------------------------------------------
                                             80.293076   slack (MET)


Startpoint: _2080_ (rising edge-triggered flip-flop clocked by clk)
Endpoint: _2080_ (rising edge-triggered flip-flop clocked by clk_div)
Path Group: clk_div
Path Type: max

Fanout         Cap        Slew       Delay        Time   Description
---------------------------------------------------------------------------------------------
                      0.000000 20751.898438 20751.898438   clock clk (rise edge)
                                  0.000000 20751.898438   clock network delay (ideal)
                      0.000000    0.000000 20751.898438 ^ _2080_/CLK (gf180mcu_fd_sc_mcu7t5v0__dffrnq_1)
     5    0.023486    0.301972    0.645741 20752.544922 ^ _2080_/Q (gf180mcu_fd_sc_mcu7t5v0__dffrnq_1)
                                                         u_clock_div.counter[0] (net)
                      0.301972    0.000000 20752.544922 ^ _1102_/I (gf180mcu_fd_sc_mcu7t5v0__clkinv_1)
     1    0.003038    0.109023    0.081855 20752.626953 v _1102_/ZN (gf180mcu_fd_sc_mcu7t5v0__clkinv_1)
                                                         _0137_ (net)
                      0.109023    0.000000 20752.626953 v _2080_/D (gf180mcu_fd_sc_mcu7t5v0__dffrnq_1)
                                           20752.626953   data arrival time

                      0.000000 20833.279297 20833.279297   clock clk_div (rise edge)
                                  0.000000 20833.279297   clock network delay (ideal)
                                 -0.250000 20833.029297   clock uncertainty
                                  0.000000 20833.029297   clock reconvergence pessimism
                                           20833.029297 ^ _2080_/CLK (gf180mcu_fd_sc_mcu7t5v0__dffrnq_1)
                                 -0.109608 20832.919922   library setup time
                                           20832.919922   data required time
---------------------------------------------------------------------------------------------
                                           20832.919922   data required time
                                           -20752.626953   data arrival time
---------------------------------------------------------------------------------------------
                                             80.293076   slack (MET)



