Reading timing models for corner nom_tt_025C_5v00…
Reading timing library for the 'nom_tt_025C_5v00' corner at '/foss/pdks/gf180mcuD/libs.ref/gf180mcu_fd_sc_mcu7t5v0/lib/gf180mcu_fd_sc_mcu7t5v0__tt_025C_5v00.lib'…
Reading OpenROAD database at '/foss/designs/low-power-12b-first-order-delta-sigma-adc/src/clock/runs/RUN_2026-08-17_02-21-49/35-openroad-cts/andig_clock.odb'…
Reading design constraints file at '/foss/designs/low-power-12b-first-order-delta-sigma-adc/src/clock/constraint.sdc'…
[WARNING STA-0345] resistance scale 1e+03 does not match library scale 1e+00.
[INFO] No information on clock propagation in input SDC file-- propagating all clocks.
%OL_CREATE_REPORT min.rpt

===========================================================================
report_checks -path_delay min (Hold)
============================================================================
======================= nom_tt_025C_5v00 Corner ===================================

Startpoint: _33_ (rising edge-triggered flip-flop clocked by in_clk)
Endpoint: _33_ (rising edge-triggered flip-flop clocked by in_clk)
Path Group: in_clk
Path Type: min

Fanout         Cap        Slew       Delay        Time   Description
---------------------------------------------------------------------------------------------
                                  0.000000    0.000000   clock in_clk (rise edge)
                                  0.000000    0.000000   clock source latency
     1    0.026698    0.000013    0.000342    0.000342 ^ in_clk (in)
                                                         in_clk (net)
                      0.000816    0.000000    0.000342 ^ clkbuf_0_in_clk/I (gf180mcu_fd_sc_mcu7t5v0__clkbuf_16)
     2    0.046493    0.111878    0.224257    0.224598 ^ clkbuf_0_in_clk/Z (gf180mcu_fd_sc_mcu7t5v0__clkbuf_16)
                                                         clknet_0_in_clk (net)
                      0.111878    0.000201    0.224799 ^ clkbuf_1_1__f_in_clk/I (gf180mcu_fd_sc_mcu7t5v0__clkbuf_16)
     3    0.012912    0.081858    0.219746    0.444545 ^ clkbuf_1_1__f_in_clk/Z (gf180mcu_fd_sc_mcu7t5v0__clkbuf_16)
                                                         clknet_1_1__leaf_in_clk (net)
                      0.081858    0.000016    0.444561 ^ _33_/CLK (gf180mcu_fd_sc_mcu7t5v0__dffrnq_1)
     2    0.008491    0.148792    0.710762    1.155323 v _33_/Q (gf180mcu_fd_sc_mcu7t5v0__dffrnq_1)
                                                         net5 (net)
                      0.148792    0.000013    1.155336 v _17_/I (gf180mcu_fd_sc_mcu7t5v0__clkinv_1)
     1    0.006437    0.154716    0.130410    1.285746 ^ _17_/ZN (gf180mcu_fd_sc_mcu7t5v0__clkinv_1)
                                                         _07_ (net)
                      0.154716    0.000038    1.285784 ^ _30_/A1 (gf180mcu_fd_sc_mcu7t5v0__aoi21_1)
     1    0.003666    0.124012    0.108211    1.393995 v _30_/ZN (gf180mcu_fd_sc_mcu7t5v0__aoi21_1)
                                                         _05_ (net)
                      0.124012    0.000009    1.394004 v _33_/D (gf180mcu_fd_sc_mcu7t5v0__dffrnq_1)
                                              1.394004   data arrival time

                                  0.000000    0.000000   clock in_clk (rise edge)
                                  0.000000    0.000000   clock source latency
     1    0.026698    0.000013    0.000342    0.000342 ^ in_clk (in)
                                                         in_clk (net)
                      0.000816    0.000000    0.000342 ^ clkbuf_0_in_clk/I (gf180mcu_fd_sc_mcu7t5v0__clkbuf_16)
     2    0.046493    0.111878    0.224257    0.224598 ^ clkbuf_0_in_clk/Z (gf180mcu_fd_sc_mcu7t5v0__clkbuf_16)
                                                         clknet_0_in_clk (net)
                      0.111878    0.000201    0.224799 ^ clkbuf_1_1__f_in_clk/I (gf180mcu_fd_sc_mcu7t5v0__clkbuf_16)
     3    0.012912    0.081858    0.219746    0.444545 ^ clkbuf_1_1__f_in_clk/Z (gf180mcu_fd_sc_mcu7t5v0__clkbuf_16)
                                                         clknet_1_1__leaf_in_clk (net)
                      0.081858    0.000016    0.444561 ^ _33_/CLK (gf180mcu_fd_sc_mcu7t5v0__dffrnq_1)
                                  0.200000    0.644561   clock uncertainty
                                  0.000000    0.644561   clock reconvergence pessimism
                                  0.128069    0.772630   library hold time
                                              0.772630   data required time
---------------------------------------------------------------------------------------------
                                              0.772630   data required time
                                             -1.394004   data arrival time
---------------------------------------------------------------------------------------------
                                              0.621374   slack (MET)


Startpoint: _32_ (rising edge-triggered flip-flop clocked by in_clk)
Endpoint: _32_ (rising edge-triggered flip-flop clocked by in_clk)
Path Group: in_clk
Path Type: min

Fanout         Cap        Slew       Delay        Time   Description
---------------------------------------------------------------------------------------------
                                  0.000000    0.000000   clock in_clk (rise edge)
                                  0.000000    0.000000   clock source latency
     1    0.026698    0.000013    0.000342    0.000342 ^ in_clk (in)
                                                         in_clk (net)
                      0.000816    0.000000    0.000342 ^ clkbuf_0_in_clk/I (gf180mcu_fd_sc_mcu7t5v0__clkbuf_16)
     2    0.046493    0.111878    0.224257    0.224598 ^ clkbuf_0_in_clk/Z (gf180mcu_fd_sc_mcu7t5v0__clkbuf_16)
                                                         clknet_0_in_clk (net)
                      0.111878    0.000201    0.224799 ^ clkbuf_1_1__f_in_clk/I (gf180mcu_fd_sc_mcu7t5v0__clkbuf_16)
     3    0.012912    0.081858    0.219746    0.444545 ^ clkbuf_1_1__f_in_clk/Z (gf180mcu_fd_sc_mcu7t5v0__clkbuf_16)
                                                         clknet_1_1__leaf_in_clk (net)
                      0.081858    0.000020    0.444566 ^ _32_/CLK (gf180mcu_fd_sc_mcu7t5v0__dffrnq_1)
     2    0.007903    0.143388    0.706151    1.150717 v _32_/Q (gf180mcu_fd_sc_mcu7t5v0__dffrnq_1)
                                                         net3 (net)
                      0.143388    0.000016    1.150733 v _16_/I (gf180mcu_fd_sc_mcu7t5v0__clkinv_1)
     2    0.009029    0.195948    0.153307    1.304040 ^ _16_/ZN (gf180mcu_fd_sc_mcu7t5v0__clkinv_1)
                                                         net4 (net)
                      0.195948    0.000020    1.304059 ^ _29_/B1 (gf180mcu_fd_sc_mcu7t5v0__aoi22_1)
     1    0.003521    0.124115    0.150780    1.454839 v _29_/ZN (gf180mcu_fd_sc_mcu7t5v0__aoi22_1)
                                                         _04_ (net)
                      0.124115    0.000007    1.454847 v _32_/D (gf180mcu_fd_sc_mcu7t5v0__dffrnq_1)
                                              1.454847   data arrival time

                                  0.000000    0.000000   clock in_clk (rise edge)
                                  0.000000    0.000000   clock source latency
     1    0.026698    0.000013    0.000342    0.000342 ^ in_clk (in)
                                                         in_clk (net)
                      0.000816    0.000000    0.000342 ^ clkbuf_0_in_clk/I (gf180mcu_fd_sc_mcu7t5v0__clkbuf_16)
     2    0.046493    0.111878    0.224257    0.224598 ^ clkbuf_0_in_clk/Z (gf180mcu_fd_sc_mcu7t5v0__clkbuf_16)
                                                         clknet_0_in_clk (net)
                      0.111878    0.000201    0.224799 ^ clkbuf_1_1__f_in_clk/I (gf180mcu_fd_sc_mcu7t5v0__clkbuf_16)
     3    0.012912    0.081858    0.219746    0.444545 ^ clkbuf_1_1__f_in_clk/Z (gf180mcu_fd_sc_mcu7t5v0__clkbuf_16)
                                                         clknet_1_1__leaf_in_clk (net)
                      0.081858    0.000020    0.444566 ^ _32_/CLK (gf180mcu_fd_sc_mcu7t5v0__dffrnq_1)
                                  0.200000    0.644566   clock uncertainty
                                  0.000000    0.644566   clock reconvergence pessimism
                                  0.128048    0.772614   library hold time
                                              0.772614   data required time
---------------------------------------------------------------------------------------------
                                              0.772614   data required time
                                             -1.454847   data arrival time
---------------------------------------------------------------------------------------------
                                              0.682233   slack (MET)


Startpoint: rst (input port clocked by in_clk)
Endpoint: _35_ (removal check against rising-edge clock in_clk)
Path Group: asynchronous
Path Type: min

Fanout         Cap        Slew       Delay        Time   Description
---------------------------------------------------------------------------------------------
                                  0.000000    0.000000   clock in_clk (rise edge)
                                  0.000000    0.000000   clock network delay (propagated)
                                  0.500000    0.500000 ^ input external delay
     1    0.003307    0.000002    0.000007    0.500007 ^ rst (in)
                                                         rst (net)
                      0.000015    0.000000    0.500007 ^ input1/I (gf180mcu_fd_sc_mcu7t5v0__dlyb_1)
     6    0.048949    0.865544    1.269517    1.769525 ^ input1/Z (gf180mcu_fd_sc_mcu7t5v0__dlyb_1)
                                                         net1 (net)
                      0.865544    0.000128    1.769653 ^ _35_/RN (gf180mcu_fd_sc_mcu7t5v0__dffrnq_1)
                                              1.769653   data arrival time

                                  0.000000    0.000000   clock in_clk (rise edge)
                                  0.000000    0.000000   clock source latency
     1    0.026698    0.000013    0.000342    0.000342 ^ in_clk (in)
                                                         in_clk (net)
                      0.000816    0.000000    0.000342 ^ clkbuf_0_in_clk/I (gf180mcu_fd_sc_mcu7t5v0__clkbuf_16)
     2    0.046493    0.111878    0.224257    0.224598 ^ clkbuf_0_in_clk/Z (gf180mcu_fd_sc_mcu7t5v0__clkbuf_16)
                                                         clknet_0_in_clk (net)
                      0.111878    0.000172    0.224770 ^ clkbuf_1_0__f_in_clk/I (gf180mcu_fd_sc_mcu7t5v0__clkbuf_16)
     4    0.016850    0.085540    0.223048    0.447818 ^ clkbuf_1_0__f_in_clk/Z (gf180mcu_fd_sc_mcu7t5v0__clkbuf_16)
                                                         clknet_1_0__leaf_in_clk (net)
                      0.085540    0.000010    0.447828 ^ _35_/CLK (gf180mcu_fd_sc_mcu7t5v0__dffrnq_1)
                                  0.200000    0.647828   clock uncertainty
                                  0.000000    0.647828   clock reconvergence pessimism
                                  0.398717    1.046545   library removal time
                                              1.046545   data required time
---------------------------------------------------------------------------------------------
                                              1.046545   data required time
                                             -1.769653   data arrival time
---------------------------------------------------------------------------------------------
                                              0.723108   slack (MET)


Startpoint: rst (input port clocked by in_clk)
Endpoint: _36_ (removal check against rising-edge clock in_clk)
Path Group: asynchronous
Path Type: min

Fanout         Cap        Slew       Delay        Time   Description
---------------------------------------------------------------------------------------------
                                  0.000000    0.000000   clock in_clk (rise edge)
                                  0.000000    0.000000   clock network delay (propagated)
                                  0.500000    0.500000 ^ input external delay
     1    0.003307    0.000002    0.000007    0.500007 ^ rst (in)
                                                         rst (net)
                      0.000015    0.000000    0.500007 ^ input1/I (gf180mcu_fd_sc_mcu7t5v0__dlyb_1)
     6    0.048949    0.865544    1.269517    1.769525 ^ input1/Z (gf180mcu_fd_sc_mcu7t5v0__dlyb_1)
                                                         net1 (net)
                      0.865544    0.000185    1.769710 ^ _36_/RN (gf180mcu_fd_sc_mcu7t5v0__dffrnq_1)
                                              1.769710   data arrival time

                                  0.000000    0.000000   clock in_clk (rise edge)
                                  0.000000    0.000000   clock source latency
     1    0.026698    0.000013    0.000342    0.000342 ^ in_clk (in)
                                                         in_clk (net)
                      0.000816    0.000000    0.000342 ^ clkbuf_0_in_clk/I (gf180mcu_fd_sc_mcu7t5v0__clkbuf_16)
     2    0.046493    0.111878    0.224257    0.224598 ^ clkbuf_0_in_clk/Z (gf180mcu_fd_sc_mcu7t5v0__clkbuf_16)
                                                         clknet_0_in_clk (net)
                      0.111878    0.000172    0.224770 ^ clkbuf_1_0__f_in_clk/I (gf180mcu_fd_sc_mcu7t5v0__clkbuf_16)
     4    0.016850    0.085540    0.223048    0.447818 ^ clkbuf_1_0__f_in_clk/Z (gf180mcu_fd_sc_mcu7t5v0__clkbuf_16)
                                                         clknet_1_0__leaf_in_clk (net)
                      0.085540    0.000026    0.447845 ^ _36_/CLK (gf180mcu_fd_sc_mcu7t5v0__dffrnq_1)
                                  0.200000    0.647845   clock uncertainty
                                  0.000000    0.647845   clock reconvergence pessimism
                                  0.398717    1.046562   library removal time
                                              1.046562   data required time
---------------------------------------------------------------------------------------------
                                              1.046562   data required time
                                             -1.769710   data arrival time
---------------------------------------------------------------------------------------------
                                              0.723148   slack (MET)


Startpoint: rst (input port clocked by in_clk)
Endpoint: _34_ (removal check against rising-edge clock in_clk)
Path Group: asynchronous
Path Type: min

Fanout         Cap        Slew       Delay        Time   Description
---------------------------------------------------------------------------------------------
                                  0.000000    0.000000   clock in_clk (rise edge)
                                  0.000000    0.000000   clock network delay (propagated)
                                  0.500000    0.500000 ^ input external delay
     1    0.003307    0.000002    0.000007    0.500007 ^ rst (in)
                                                         rst (net)
                      0.000015    0.000000    0.500007 ^ input1/I (gf180mcu_fd_sc_mcu7t5v0__dlyb_1)
     6    0.048949    0.865544    1.269517    1.769525 ^ input1/Z (gf180mcu_fd_sc_mcu7t5v0__dlyb_1)
                                                         net1 (net)
                      0.865544    0.000209    1.769734 ^ _34_/RN (gf180mcu_fd_sc_mcu7t5v0__dffrnq_1)
                                              1.769734   data arrival time

                                  0.000000    0.000000   clock in_clk (rise edge)
                                  0.000000    0.000000   clock source latency
     1    0.026698    0.000013    0.000342    0.000342 ^ in_clk (in)
                                                         in_clk (net)
                      0.000816    0.000000    0.000342 ^ clkbuf_0_in_clk/I (gf180mcu_fd_sc_mcu7t5v0__clkbuf_16)
     2    0.046493    0.111878    0.224257    0.224598 ^ clkbuf_0_in_clk/Z (gf180mcu_fd_sc_mcu7t5v0__clkbuf_16)
                                                         clknet_0_in_clk (net)
                      0.111878    0.000172    0.224770 ^ clkbuf_1_0__f_in_clk/I (gf180mcu_fd_sc_mcu7t5v0__clkbuf_16)
     4    0.016850    0.085540    0.223048    0.447818 ^ clkbuf_1_0__f_in_clk/Z (gf180mcu_fd_sc_mcu7t5v0__clkbuf_16)
                                                         clknet_1_0__leaf_in_clk (net)
                      0.085540    0.000040    0.447859 ^ _34_/CLK (gf180mcu_fd_sc_mcu7t5v0__dffrnq_1)
                                  0.200000    0.647859   clock uncertainty
                                  0.000000    0.647859   clock reconvergence pessimism
                                  0.398717    1.046576   library removal time
                                              1.046576   data required time
---------------------------------------------------------------------------------------------
                                              1.046576   data required time
                                             -1.769734   data arrival time
---------------------------------------------------------------------------------------------
                                              0.723158   slack (MET)


Startpoint: rst (input port clocked by in_clk)
Endpoint: _33_ (removal check against rising-edge clock in_clk)
Path Group: asynchronous
Path Type: min

Fanout         Cap        Slew       Delay        Time   Description
---------------------------------------------------------------------------------------------
                                  0.000000    0.000000   clock in_clk (rise edge)
                                  0.000000    0.000000   clock network delay (propagated)
                                  0.500000    0.500000 ^ input external delay
     1    0.003307    0.000002    0.000007    0.500007 ^ rst (in)
                                                         rst (net)
                      0.000015    0.000000    0.500007 ^ input1/I (gf180mcu_fd_sc_mcu7t5v0__dlyb_1)
     6    0.048949    0.865544    1.269517    1.769525 ^ input1/Z (gf180mcu_fd_sc_mcu7t5v0__dlyb_1)
                                                         net1 (net)
                      0.865544    0.000051    1.769575 ^ _33_/RN (gf180mcu_fd_sc_mcu7t5v0__dffrnq_1)
                                              1.769575   data arrival time

                                  0.000000    0.000000   clock in_clk (rise edge)
                                  0.000000    0.000000   clock source latency
     1    0.026698    0.000013    0.000342    0.000342 ^ in_clk (in)
                                                         in_clk (net)
                      0.000816    0.000000    0.000342 ^ clkbuf_0_in_clk/I (gf180mcu_fd_sc_mcu7t5v0__clkbuf_16)
     2    0.046493    0.111878    0.224257    0.224598 ^ clkbuf_0_in_clk/Z (gf180mcu_fd_sc_mcu7t5v0__clkbuf_16)
                                                         clknet_0_in_clk (net)
                      0.111878    0.000201    0.224799 ^ clkbuf_1_1__f_in_clk/I (gf180mcu_fd_sc_mcu7t5v0__clkbuf_16)
     3    0.012912    0.081858    0.219746    0.444545 ^ clkbuf_1_1__f_in_clk/Z (gf180mcu_fd_sc_mcu7t5v0__clkbuf_16)
                                                         clknet_1_1__leaf_in_clk (net)
                      0.081858    0.000016    0.444561 ^ _33_/CLK (gf180mcu_fd_sc_mcu7t5v0__dffrnq_1)
                                  0.200000    0.644561   clock uncertainty
                                  0.000000    0.644561   clock reconvergence pessimism
                                  0.398040    1.042601   library removal time
                                              1.042601   data required time
---------------------------------------------------------------------------------------------
                                              1.042601   data required time
                                             -1.769575   data arrival time
---------------------------------------------------------------------------------------------
                                              0.726974   slack (MET)


Startpoint: rst (input port clocked by in_clk)
Endpoint: _32_ (removal check against rising-edge clock in_clk)
Path Group: asynchronous
Path Type: min

Fanout         Cap        Slew       Delay        Time   Description
---------------------------------------------------------------------------------------------
                                  0.000000    0.000000   clock in_clk (rise edge)
                                  0.000000    0.000000   clock network delay (propagated)
                                  0.500000    0.500000 ^ input external delay
     1    0.003307    0.000002    0.000007    0.500007 ^ rst (in)
                                                         rst (net)
                      0.000015    0.000000    0.500007 ^ input1/I (gf180mcu_fd_sc_mcu7t5v0__dlyb_1)
     6    0.048949    0.865544    1.269517    1.769525 ^ input1/Z (gf180mcu_fd_sc_mcu7t5v0__dlyb_1)
                                                         net1 (net)
                      0.865544    0.000090    1.769615 ^ _32_/RN (gf180mcu_fd_sc_mcu7t5v0__dffrnq_1)
                                              1.769615   data arrival time

                                  0.000000    0.000000   clock in_clk (rise edge)
                                  0.000000    0.000000   clock source latency
     1    0.026698    0.000013    0.000342    0.000342 ^ in_clk (in)
                                                         in_clk (net)
                      0.000816    0.000000    0.000342 ^ clkbuf_0_in_clk/I (gf180mcu_fd_sc_mcu7t5v0__clkbuf_16)
     2    0.046493    0.111878    0.224257    0.224598 ^ clkbuf_0_in_clk/Z (gf180mcu_fd_sc_mcu7t5v0__clkbuf_16)
                                                         clknet_0_in_clk (net)
                      0.111878    0.000201    0.224799 ^ clkbuf_1_1__f_in_clk/I (gf180mcu_fd_sc_mcu7t5v0__clkbuf_16)
     3    0.012912    0.081858    0.219746    0.444545 ^ clkbuf_1_1__f_in_clk/Z (gf180mcu_fd_sc_mcu7t5v0__clkbuf_16)
                                                         clknet_1_1__leaf_in_clk (net)
                      0.081858    0.000020    0.444566 ^ _32_/CLK (gf180mcu_fd_sc_mcu7t5v0__dffrnq_1)
                                  0.200000    0.644566   clock uncertainty
                                  0.000000    0.644566   clock reconvergence pessimism
                                  0.398040    1.042605   library removal time
                                              1.042605   data required time
---------------------------------------------------------------------------------------------
                                              1.042605   data required time
                                             -1.769615   data arrival time
---------------------------------------------------------------------------------------------
                                              0.727010   slack (MET)


Startpoint: _31_ (rising edge-triggered flip-flop clocked by in_clk)
Endpoint: _31_ (rising edge-triggered flip-flop clocked by in_clk)
Path Group: in_clk
Path Type: min

Fanout         Cap        Slew       Delay        Time   Description
---------------------------------------------------------------------------------------------
                                  0.000000    0.000000   clock in_clk (rise edge)
                                  0.000000    0.000000   clock source latency
     1    0.026698    0.000013    0.000342    0.000342 ^ in_clk (in)
                                                         in_clk (net)
                      0.000816    0.000000    0.000342 ^ clkbuf_0_in_clk/I (gf180mcu_fd_sc_mcu7t5v0__clkbuf_16)
     2    0.046493    0.111878    0.224257    0.224598 ^ clkbuf_0_in_clk/Z (gf180mcu_fd_sc_mcu7t5v0__clkbuf_16)
                                                         clknet_0_in_clk (net)
                      0.111878    0.000201    0.224799 ^ clkbuf_1_1__f_in_clk/I (gf180mcu_fd_sc_mcu7t5v0__clkbuf_16)
     3    0.012912    0.081858    0.219746    0.444545 ^ clkbuf_1_1__f_in_clk/Z (gf180mcu_fd_sc_mcu7t5v0__clkbuf_16)
                                                         clknet_1_1__leaf_in_clk (net)
                      0.081858    0.000037    0.444583 ^ _31_/CLK (gf180mcu_fd_sc_mcu7t5v0__dffsnq_1)
     2    0.008353    0.160886    0.785721    1.230304 v _31_/Q (gf180mcu_fd_sc_mcu7t5v0__dffsnq_1)
                                                         net2 (net)
                      0.160886    0.000034    1.230338 v _26_/A3 (gf180mcu_fd_sc_mcu7t5v0__nand3_1)
     1    0.004959    0.255883    0.206956    1.437293 ^ _26_/ZN (gf180mcu_fd_sc_mcu7t5v0__nand3_1)
                                                         _13_ (net)
                      0.255883    0.000004    1.437297 ^ _27_/B (gf180mcu_fd_sc_mcu7t5v0__oai21_1)
     1    0.003049    0.135634    0.122060    1.559357 v _27_/ZN (gf180mcu_fd_sc_mcu7t5v0__oai21_1)
                                                         _03_ (net)
                      0.135634    0.000005    1.559362 v _31_/D (gf180mcu_fd_sc_mcu7t5v0__dffsnq_1)
                                              1.559362   data arrival time

                                  0.000000    0.000000   clock in_clk (rise edge)
                                  0.000000    0.000000   clock source latency
     1    0.026698    0.000013    0.000342    0.000342 ^ in_clk (in)
                                                         in_clk (net)
                      0.000816    0.000000    0.000342 ^ clkbuf_0_in_clk/I (gf180mcu_fd_sc_mcu7t5v0__clkbuf_16)
     2    0.046493    0.111878    0.224257    0.224598 ^ clkbuf_0_in_clk/Z (gf180mcu_fd_sc_mcu7t5v0__clkbuf_16)
                                                         clknet_0_in_clk (net)
                      0.111878    0.000201    0.224799 ^ clkbuf_1_1__f_in_clk/I (gf180mcu_fd_sc_mcu7t5v0__clkbuf_16)
     3    0.012912    0.081858    0.219746    0.444545 ^ clkbuf_1_1__f_in_clk/Z (gf180mcu_fd_sc_mcu7t5v0__clkbuf_16)
                                                         clknet_1_1__leaf_in_clk (net)
                      0.081858    0.000037    0.444583 ^ _31_/CLK (gf180mcu_fd_sc_mcu7t5v0__dffsnq_1)
                                  0.200000    0.644583   clock uncertainty
                                  0.000000    0.644583   clock reconvergence pessimism
                                  0.023118    0.667701   library hold time
                                              0.667701   data required time
---------------------------------------------------------------------------------------------
                                              0.667701   data required time
                                             -1.559362   data arrival time
---------------------------------------------------------------------------------------------
                                              0.891661   slack (MET)


Startpoint: _34_ (rising edge-triggered flip-flop clocked by in_clk)
Endpoint: _34_ (rising edge-triggered flip-flop clocked by in_clk)
Path Group: in_clk
Path Type: min

Fanout         Cap        Slew       Delay        Time   Description
---------------------------------------------------------------------------------------------
                                  0.000000    0.000000   clock in_clk (rise edge)
                                  0.000000    0.000000   clock source latency
     1    0.026698    0.000013    0.000342    0.000342 ^ in_clk (in)
                                                         in_clk (net)
                      0.000816    0.000000    0.000342 ^ clkbuf_0_in_clk/I (gf180mcu_fd_sc_mcu7t5v0__clkbuf_16)
     2    0.046493    0.111878    0.224257    0.224598 ^ clkbuf_0_in_clk/Z (gf180mcu_fd_sc_mcu7t5v0__clkbuf_16)
                                                         clknet_0_in_clk (net)
                      0.111878    0.000172    0.224770 ^ clkbuf_1_0__f_in_clk/I (gf180mcu_fd_sc_mcu7t5v0__clkbuf_16)
     4    0.016850    0.085540    0.223048    0.447818 ^ clkbuf_1_0__f_in_clk/Z (gf180mcu_fd_sc_mcu7t5v0__clkbuf_16)
                                                         clknet_1_0__leaf_in_clk (net)
                      0.085540    0.000040    0.447859 ^ _34_/CLK (gf180mcu_fd_sc_mcu7t5v0__dffrnq_1)
     6    0.028178    0.324286    0.838566    1.286425 v _34_/Q (gf180mcu_fd_sc_mcu7t5v0__dffrnq_1)
                                                         counter[0] (net)
                      0.324286    0.000090    1.286515 v _19_/B (gf180mcu_fd_sc_mcu7t5v0__aoi21_1)
     1    0.003372    0.242844    0.211104    1.497619 ^ _19_/ZN (gf180mcu_fd_sc_mcu7t5v0__aoi21_1)
                                                         _00_ (net)
                      0.242844    0.000005    1.497624 ^ _34_/D (gf180mcu_fd_sc_mcu7t5v0__dffrnq_1)
                                              1.497624   data arrival time

                                  0.000000    0.000000   clock in_clk (rise edge)
                                  0.000000    0.000000   clock source latency
     1    0.026698    0.000013    0.000342    0.000342 ^ in_clk (in)
                                                         in_clk (net)
                      0.000816    0.000000    0.000342 ^ clkbuf_0_in_clk/I (gf180mcu_fd_sc_mcu7t5v0__clkbuf_16)
     2    0.046493    0.111878    0.224257    0.224598 ^ clkbuf_0_in_clk/Z (gf180mcu_fd_sc_mcu7t5v0__clkbuf_16)
                                                         clknet_0_in_clk (net)
                      0.111878    0.000172    0.224770 ^ clkbuf_1_0__f_in_clk/I (gf180mcu_fd_sc_mcu7t5v0__clkbuf_16)
     4    0.016850    0.085540    0.223048    0.447818 ^ clkbuf_1_0__f_in_clk/Z (gf180mcu_fd_sc_mcu7t5v0__clkbuf_16)
                                                         clknet_1_0__leaf_in_clk (net)
                      0.085540    0.000040    0.447859 ^ _34_/CLK (gf180mcu_fd_sc_mcu7t5v0__dffrnq_1)
                                  0.200000    0.647859   clock uncertainty
                                  0.000000    0.647859   clock reconvergence pessimism
                                 -0.117475    0.530384   library hold time
                                              0.530384   data required time
---------------------------------------------------------------------------------------------
                                              0.530384   data required time
                                             -1.497624   data arrival time
---------------------------------------------------------------------------------------------
                                              0.967240   slack (MET)


Startpoint: rst (input port clocked by in_clk)
Endpoint: _31_ (removal check against rising-edge clock in_clk)
Path Group: asynchronous
Path Type: min

Fanout         Cap        Slew       Delay        Time   Description
---------------------------------------------------------------------------------------------
                                  0.000000    0.000000   clock in_clk (rise edge)
                                  0.000000    0.000000   clock network delay (propagated)
                                  0.500000    0.500000 ^ input external delay
     1    0.003307    0.000002    0.000007    0.500007 ^ rst (in)
                                                         rst (net)
                      0.000015    0.000000    0.500007 ^ input1/I (gf180mcu_fd_sc_mcu7t5v0__dlyb_1)
     6    0.048949    0.865544    1.269517    1.769525 ^ input1/Z (gf180mcu_fd_sc_mcu7t5v0__dlyb_1)
                                                         net1 (net)
                      0.865544    0.000051    1.769575 ^ _31_/SETN (gf180mcu_fd_sc_mcu7t5v0__dffsnq_1)
                                              1.769575   data arrival time

                                  0.000000    0.000000   clock in_clk (rise edge)
                                  0.000000    0.000000   clock source latency
     1    0.026698    0.000013    0.000342    0.000342 ^ in_clk (in)
                                                         in_clk (net)
                      0.000816    0.000000    0.000342 ^ clkbuf_0_in_clk/I (gf180mcu_fd_sc_mcu7t5v0__clkbuf_16)
     2    0.046493    0.111878    0.224257    0.224598 ^ clkbuf_0_in_clk/Z (gf180mcu_fd_sc_mcu7t5v0__clkbuf_16)
                                                         clknet_0_in_clk (net)
                      0.111878    0.000201    0.224799 ^ clkbuf_1_1__f_in_clk/I (gf180mcu_fd_sc_mcu7t5v0__clkbuf_16)
     3    0.012912    0.081858    0.219746    0.444545 ^ clkbuf_1_1__f_in_clk/Z (gf180mcu_fd_sc_mcu7t5v0__clkbuf_16)
                                                         clknet_1_1__leaf_in_clk (net)
                      0.081858    0.000037    0.444583 ^ _31_/CLK (gf180mcu_fd_sc_mcu7t5v0__dffsnq_1)
                                  0.200000    0.644583   clock uncertainty
                                  0.000000    0.644583   clock reconvergence pessimism
                                  0.119276    0.763859   library removal time
                                              0.763859   data required time
---------------------------------------------------------------------------------------------
                                              0.763859   data required time
                                             -1.769575   data arrival time
---------------------------------------------------------------------------------------------
                                              1.005716   slack (MET)


Startpoint: _36_ (rising edge-triggered flip-flop clocked by in_clk)
Endpoint: _36_ (rising edge-triggered flip-flop clocked by in_clk)
Path Group: in_clk
Path Type: min

Fanout         Cap        Slew       Delay        Time   Description
---------------------------------------------------------------------------------------------
                                  0.000000    0.000000   clock in_clk (rise edge)
                                  0.000000    0.000000   clock source latency
     1    0.026698    0.000013    0.000342    0.000342 ^ in_clk (in)
                                                         in_clk (net)
                      0.000816    0.000000    0.000342 ^ clkbuf_0_in_clk/I (gf180mcu_fd_sc_mcu7t5v0__clkbuf_16)
     2    0.046493    0.111878    0.224257    0.224598 ^ clkbuf_0_in_clk/Z (gf180mcu_fd_sc_mcu7t5v0__clkbuf_16)
                                                         clknet_0_in_clk (net)
                      0.111878    0.000172    0.224770 ^ clkbuf_1_0__f_in_clk/I (gf180mcu_fd_sc_mcu7t5v0__clkbuf_16)
     4    0.016850    0.085540    0.223048    0.447818 ^ clkbuf_1_0__f_in_clk/Z (gf180mcu_fd_sc_mcu7t5v0__clkbuf_16)
                                                         clknet_1_0__leaf_in_clk (net)
                      0.085540    0.000026    0.447845 ^ _36_/CLK (gf180mcu_fd_sc_mcu7t5v0__dffrnq_1)
     8    0.044878    0.480304    0.939054    1.386899 v _36_/Q (gf180mcu_fd_sc_mcu7t5v0__dffrnq_1)
                                                         counter[2] (net)
                      0.480304    0.000151    1.387049 v _25_/S (gf180mcu_fd_sc_mcu7t5v0__mux2_2)
     1    0.004343    0.118102    0.402843    1.789893 v _25_/Z (gf180mcu_fd_sc_mcu7t5v0__mux2_2)
                                                         _02_ (net)
                      0.118102    0.000020    1.789912 v _36_/D (gf180mcu_fd_sc_mcu7t5v0__dffrnq_1)
                                              1.789912   data arrival time

                                  0.000000    0.000000   clock in_clk (rise edge)
                                  0.000000    0.000000   clock source latency
     1    0.026698    0.000013    0.000342    0.000342 ^ in_clk (in)
                                                         in_clk (net)
                      0.000816    0.000000    0.000342 ^ clkbuf_0_in_clk/I (gf180mcu_fd_sc_mcu7t5v0__clkbuf_16)
     2    0.046493    0.111878    0.224257    0.224598 ^ clkbuf_0_in_clk/Z (gf180mcu_fd_sc_mcu7t5v0__clkbuf_16)
                                                         clknet_0_in_clk (net)
                      0.111878    0.000172    0.224770 ^ clkbuf_1_0__f_in_clk/I (gf180mcu_fd_sc_mcu7t5v0__clkbuf_16)
     4    0.016850    0.085540    0.223048    0.447818 ^ clkbuf_1_0__f_in_clk/Z (gf180mcu_fd_sc_mcu7t5v0__clkbuf_16)
                                                         clknet_1_0__leaf_in_clk (net)
                      0.085540    0.000026    0.447845 ^ _36_/CLK (gf180mcu_fd_sc_mcu7t5v0__dffrnq_1)
                                  0.200000    0.647845   clock uncertainty
                                  0.000000    0.647845   clock reconvergence pessimism
                                  0.129950    0.777794   library hold time
                                              0.777794   data required time
---------------------------------------------------------------------------------------------
                                              0.777794   data required time
                                             -1.789912   data arrival time
---------------------------------------------------------------------------------------------
                                              1.012118   slack (MET)


Startpoint: _34_ (rising edge-triggered flip-flop clocked by in_clk)
Endpoint: _35_ (rising edge-triggered flip-flop clocked by in_clk)
Path Group: in_clk
Path Type: min

Fanout         Cap        Slew       Delay        Time   Description
---------------------------------------------------------------------------------------------
                                  0.000000    0.000000   clock in_clk (rise edge)
                                  0.000000    0.000000   clock source latency
     1    0.026698    0.000013    0.000342    0.000342 ^ in_clk (in)
                                                         in_clk (net)
                      0.000816    0.000000    0.000342 ^ clkbuf_0_in_clk/I (gf180mcu_fd_sc_mcu7t5v0__clkbuf_16)
     2    0.046493    0.111878    0.224257    0.224598 ^ clkbuf_0_in_clk/Z (gf180mcu_fd_sc_mcu7t5v0__clkbuf_16)
                                                         clknet_0_in_clk (net)
                      0.111878    0.000172    0.224770 ^ clkbuf_1_0__f_in_clk/I (gf180mcu_fd_sc_mcu7t5v0__clkbuf_16)
     4    0.016850    0.085540    0.223048    0.447818 ^ clkbuf_1_0__f_in_clk/Z (gf180mcu_fd_sc_mcu7t5v0__clkbuf_16)
                                                         clknet_1_0__leaf_in_clk (net)
                      0.085540    0.000040    0.447859 ^ _34_/CLK (gf180mcu_fd_sc_mcu7t5v0__dffrnq_1)
     6    0.028178    0.324286    0.838566    1.286425 v _34_/Q (gf180mcu_fd_sc_mcu7t5v0__dffrnq_1)
                                                         counter[0] (net)
                      0.324286    0.000092    1.286517 v _23_/A1 (gf180mcu_fd_sc_mcu7t5v0__nor2_1)
     2    0.010060    0.422097    0.321616    1.608133 ^ _23_/ZN (gf180mcu_fd_sc_mcu7t5v0__nor2_1)
                                                         _12_ (net)
                      0.422097    0.000012    1.608144 ^ _24_/A3 (gf180mcu_fd_sc_mcu7t5v0__nor3_1)
     1    0.003301    0.175198    0.195783    1.803927 v _24_/ZN (gf180mcu_fd_sc_mcu7t5v0__nor3_1)
                                                         _01_ (net)
                      0.175198    0.000004    1.803931 v _35_/D (gf180mcu_fd_sc_mcu7t5v0__dffrnq_1)
                                              1.803931   data arrival time

                                  0.000000    0.000000   clock in_clk (rise edge)
                                  0.000000    0.000000   clock source latency
     1    0.026698    0.000013    0.000342    0.000342 ^ in_clk (in)
                                                         in_clk (net)
                      0.000816    0.000000    0.000342 ^ clkbuf_0_in_clk/I (gf180mcu_fd_sc_mcu7t5v0__clkbuf_16)
     2    0.046493    0.111878    0.224257    0.224598 ^ clkbuf_0_in_clk/Z (gf180mcu_fd_sc_mcu7t5v0__clkbuf_16)
                                                         clknet_0_in_clk (net)
                      0.111878    0.000172    0.224770 ^ clkbuf_1_0__f_in_clk/I (gf180mcu_fd_sc_mcu7t5v0__clkbuf_16)
     4    0.016850    0.085540    0.223048    0.447818 ^ clkbuf_1_0__f_in_clk/Z (gf180mcu_fd_sc_mcu7t5v0__clkbuf_16)
                                                         clknet_1_0__leaf_in_clk (net)
                      0.085540    0.000010    0.447828 ^ _35_/CLK (gf180mcu_fd_sc_mcu7t5v0__dffrnq_1)
                                  0.200000    0.647828   clock uncertainty
                                  0.000000    0.647828   clock reconvergence pessimism
                                  0.118180    0.766008   library hold time
                                              0.766008   data required time
---------------------------------------------------------------------------------------------
                                              0.766008   data required time
                                             -1.803931   data arrival time
---------------------------------------------------------------------------------------------
                                              1.037923   slack (MET)


Startpoint: _32_ (rising edge-triggered flip-flop clocked by in_clk)
Endpoint: out_clk2 (output port clocked by in_clk)
Path Group: in_clk
Path Type: min

Fanout         Cap        Slew       Delay        Time   Description
---------------------------------------------------------------------------------------------
                                  0.000000    0.000000   clock in_clk (rise edge)
                                  0.000000    0.000000   clock source latency
     1    0.026698    0.000013    0.000342    0.000342 ^ in_clk (in)
                                                         in_clk (net)
                      0.000816    0.000000    0.000342 ^ clkbuf_0_in_clk/I (gf180mcu_fd_sc_mcu7t5v0__clkbuf_16)
     2    0.046493    0.111878    0.224257    0.224598 ^ clkbuf_0_in_clk/Z (gf180mcu_fd_sc_mcu7t5v0__clkbuf_16)
                                                         clknet_0_in_clk (net)
                      0.111878    0.000201    0.224799 ^ clkbuf_1_1__f_in_clk/I (gf180mcu_fd_sc_mcu7t5v0__clkbuf_16)
     3    0.012912    0.081858    0.219746    0.444545 ^ clkbuf_1_1__f_in_clk/Z (gf180mcu_fd_sc_mcu7t5v0__clkbuf_16)
                                                         clknet_1_1__leaf_in_clk (net)
                      0.081858    0.000020    0.444566 ^ _32_/CLK (gf180mcu_fd_sc_mcu7t5v0__dffrnq_1)
     2    0.007903    0.143388    0.706151    1.150717 v _32_/Q (gf180mcu_fd_sc_mcu7t5v0__dffrnq_1)
                                                         net3 (net)
                      0.143388    0.000021    1.150738 v output3/I (gf180mcu_fd_sc_mcu7t5v0__dlyb_1)
     1    0.035946    0.500575    1.242936    2.393674 v output3/Z (gf180mcu_fd_sc_mcu7t5v0__dlyb_1)
                                                         out_clk2 (net)
                      0.500575    0.000155    2.393829 v out_clk2 (out)
                                              2.393829   data arrival time

                                  0.000000    0.000000   clock in_clk (rise edge)
                                  0.000000    0.000000   clock network delay (propagated)
                                  0.200000    0.200000   clock uncertainty
                                  0.000000    0.200000   clock reconvergence pessimism
                                 -0.500000   -0.300000   output external delay
                                             -0.300000   data required time
---------------------------------------------------------------------------------------------
                                             -0.300000   data required time
                                             -2.393829   data arrival time
---------------------------------------------------------------------------------------------
                                              2.693829   slack (MET)


Startpoint: _33_ (rising edge-triggered flip-flop clocked by in_clk)
Endpoint: out_clk_cic (output port clocked by in_clk)
Path Group: in_clk
Path Type: min

Fanout         Cap        Slew       Delay        Time   Description
---------------------------------------------------------------------------------------------
                                  0.000000    0.000000   clock in_clk (rise edge)
                                  0.000000    0.000000   clock source latency
     1    0.026698    0.000013    0.000342    0.000342 ^ in_clk (in)
                                                         in_clk (net)
                      0.000816    0.000000    0.000342 ^ clkbuf_0_in_clk/I (gf180mcu_fd_sc_mcu7t5v0__clkbuf_16)
     2    0.046493    0.111878    0.224257    0.224598 ^ clkbuf_0_in_clk/Z (gf180mcu_fd_sc_mcu7t5v0__clkbuf_16)
                                                         clknet_0_in_clk (net)
                      0.111878    0.000201    0.224799 ^ clkbuf_1_1__f_in_clk/I (gf180mcu_fd_sc_mcu7t5v0__clkbuf_16)
     3    0.012912    0.081858    0.219746    0.444545 ^ clkbuf_1_1__f_in_clk/Z (gf180mcu_fd_sc_mcu7t5v0__clkbuf_16)
                                                         clknet_1_1__leaf_in_clk (net)
                      0.081858    0.000016    0.444561 ^ _33_/CLK (gf180mcu_fd_sc_mcu7t5v0__dffrnq_1)
     2    0.008491    0.148792    0.710762    1.155323 v _33_/Q (gf180mcu_fd_sc_mcu7t5v0__dffrnq_1)
                                                         net5 (net)
                      0.148792    0.000022    1.155345 v output5/I (gf180mcu_fd_sc_mcu7t5v0__dlyb_1)
     1    0.036262    0.487113    1.247063    2.402409 v output5/Z (gf180mcu_fd_sc_mcu7t5v0__dlyb_1)
                                                         out_clk_cic (net)
                      0.487113    0.000200    2.402609 v out_clk_cic (out)
                                              2.402609   data arrival time

                                  0.000000    0.000000   clock in_clk (rise edge)
                                  0.000000    0.000000   clock network delay (propagated)
                                  0.200000    0.200000   clock uncertainty
                                  0.000000    0.200000   clock reconvergence pessimism
                                 -0.500000   -0.300000   output external delay
                                             -0.300000   data required time
---------------------------------------------------------------------------------------------
                                             -0.300000   data required time
                                             -2.402609   data arrival time
---------------------------------------------------------------------------------------------
                                              2.702609   slack (MET)


Startpoint: _31_ (rising edge-triggered flip-flop clocked by in_clk)
Endpoint: out_clk1 (output port clocked by in_clk)
Path Group: in_clk
Path Type: min

Fanout         Cap        Slew       Delay        Time   Description
---------------------------------------------------------------------------------------------
                                  0.000000    0.000000   clock in_clk (rise edge)
                                  0.000000    0.000000   clock source latency
     1    0.026698    0.000013    0.000342    0.000342 ^ in_clk (in)
                                                         in_clk (net)
                      0.000816    0.000000    0.000342 ^ clkbuf_0_in_clk/I (gf180mcu_fd_sc_mcu7t5v0__clkbuf_16)
     2    0.046493    0.111878    0.224257    0.224598 ^ clkbuf_0_in_clk/Z (gf180mcu_fd_sc_mcu7t5v0__clkbuf_16)
                                                         clknet_0_in_clk (net)
                      0.111878    0.000201    0.224799 ^ clkbuf_1_1__f_in_clk/I (gf180mcu_fd_sc_mcu7t5v0__clkbuf_16)
     3    0.012912    0.081858    0.219746    0.444545 ^ clkbuf_1_1__f_in_clk/Z (gf180mcu_fd_sc_mcu7t5v0__clkbuf_16)
                                                         clknet_1_1__leaf_in_clk (net)
                      0.081858    0.000037    0.444583 ^ _31_/CLK (gf180mcu_fd_sc_mcu7t5v0__dffsnq_1)
     2    0.008353    0.206789    0.779370    1.223953 ^ _31_/Q (gf180mcu_fd_sc_mcu7t5v0__dffsnq_1)
                                                         net2 (net)
                      0.206789    0.000038    1.223991 ^ output2/I (gf180mcu_fd_sc_mcu7t5v0__dlyb_1)
     1    0.036098    0.656173    1.182214    2.406205 ^ output2/Z (gf180mcu_fd_sc_mcu7t5v0__dlyb_1)
                                                         out_clk1 (net)
                      0.656173    0.000179    2.406384 ^ out_clk1 (out)
                                              2.406384   data arrival time

                                  0.000000    0.000000   clock in_clk (rise edge)
                                  0.000000    0.000000   clock network delay (propagated)
                                  0.200000    0.200000   clock uncertainty
                                  0.000000    0.200000   clock reconvergence pessimism
                                 -0.500000   -0.300000   output external delay
                                             -0.300000   data required time
---------------------------------------------------------------------------------------------
                                             -0.300000   data required time
                                             -2.406384   data arrival time
---------------------------------------------------------------------------------------------
                                              2.706384   slack (MET)


Startpoint: _32_ (rising edge-triggered flip-flop clocked by in_clk)
Endpoint: out_clk2B (output port clocked by in_clk)
Path Group: in_clk
Path Type: min

Fanout         Cap        Slew       Delay        Time   Description
---------------------------------------------------------------------------------------------
                                  0.000000    0.000000   clock in_clk (rise edge)
                                  0.000000    0.000000   clock source latency
     1    0.026698    0.000013    0.000342    0.000342 ^ in_clk (in)
                                                         in_clk (net)
                      0.000816    0.000000    0.000342 ^ clkbuf_0_in_clk/I (gf180mcu_fd_sc_mcu7t5v0__clkbuf_16)
     2    0.046493    0.111878    0.224257    0.224598 ^ clkbuf_0_in_clk/Z (gf180mcu_fd_sc_mcu7t5v0__clkbuf_16)
                                                         clknet_0_in_clk (net)
                      0.111878    0.000201    0.224799 ^ clkbuf_1_1__f_in_clk/I (gf180mcu_fd_sc_mcu7t5v0__clkbuf_16)
     3    0.012912    0.081858    0.219746    0.444545 ^ clkbuf_1_1__f_in_clk/Z (gf180mcu_fd_sc_mcu7t5v0__clkbuf_16)
                                                         clknet_1_1__leaf_in_clk (net)
                      0.081858    0.000020    0.444566 ^ _32_/CLK (gf180mcu_fd_sc_mcu7t5v0__dffrnq_1)
     2    0.007903    0.143388    0.706151    1.150717 v _32_/Q (gf180mcu_fd_sc_mcu7t5v0__dffrnq_1)
                                                         net3 (net)
                      0.143388    0.000016    1.150733 v _16_/I (gf180mcu_fd_sc_mcu7t5v0__clkinv_1)
     2    0.009029    0.195948    0.153307    1.304040 ^ _16_/ZN (gf180mcu_fd_sc_mcu7t5v0__clkinv_1)
                                                         net4 (net)
                      0.195948    0.000017    1.304056 ^ output4/I (gf180mcu_fd_sc_mcu7t5v0__dlyb_1)
     1    0.036393    0.660826    1.183750    2.487807 ^ output4/Z (gf180mcu_fd_sc_mcu7t5v0__dlyb_1)
                                                         out_clk2B (net)
                      0.660826    0.000210    2.488017 ^ out_clk2B (out)
                                              2.488017   data arrival time

                                  0.000000    0.000000   clock in_clk (rise edge)
                                  0.000000    0.000000   clock network delay (propagated)
                                  0.200000    0.200000   clock uncertainty
                                  0.000000    0.200000   clock reconvergence pessimism
                                 -0.500000   -0.300000   output external delay
                                             -0.300000   data required time
---------------------------------------------------------------------------------------------
                                             -0.300000   data required time
                                             -2.488017   data arrival time
---------------------------------------------------------------------------------------------
                                              2.788017   slack (MET)



%OL_END_REPORT
%OL_CREATE_REPORT max.rpt

===========================================================================
report_checks -path_delay max (Setup)
============================================================================
======================= nom_tt_025C_5v00 Corner ===================================

Startpoint: _32_ (rising edge-triggered flip-flop clocked by in_clk)
Endpoint: out_clk2B (output port clocked by in_clk)
Path Group: in_clk
Path Type: max

Fanout         Cap        Slew       Delay        Time   Description
---------------------------------------------------------------------------------------------
                                  0.000000    0.000000   clock in_clk (rise edge)
                                  0.000000    0.000000   clock source latency
     1    0.026698    0.000013    0.000342    0.000342 ^ in_clk (in)
                                                         in_clk (net)
                      0.000816    0.000000    0.000342 ^ clkbuf_0_in_clk/I (gf180mcu_fd_sc_mcu7t5v0__clkbuf_16)
     2    0.046493    0.111878    0.224257    0.224598 ^ clkbuf_0_in_clk/Z (gf180mcu_fd_sc_mcu7t5v0__clkbuf_16)
                                                         clknet_0_in_clk (net)
                      0.111878    0.000201    0.224799 ^ clkbuf_1_1__f_in_clk/I (gf180mcu_fd_sc_mcu7t5v0__clkbuf_16)
     3    0.012912    0.081858    0.219746    0.444545 ^ clkbuf_1_1__f_in_clk/Z (gf180mcu_fd_sc_mcu7t5v0__clkbuf_16)
                                                         clknet_1_1__leaf_in_clk (net)
                      0.081858    0.000020    0.444566 ^ _32_/CLK (gf180mcu_fd_sc_mcu7t5v0__dffrnq_1)
     2    0.007903    0.222010    0.906870    1.351436 ^ _32_/Q (gf180mcu_fd_sc_mcu7t5v0__dffrnq_1)
                                                         net3 (net)
                      0.222010    0.000016    1.351452 ^ _16_/I (gf180mcu_fd_sc_mcu7t5v0__clkinv_1)
     2    0.009029    0.201335    0.169548    1.520999 v _16_/ZN (gf180mcu_fd_sc_mcu7t5v0__clkinv_1)
                                                         net4 (net)
                      0.201335    0.000017    1.521016 v output4/I (gf180mcu_fd_sc_mcu7t5v0__dlyb_1)
     1    0.036393    0.488369    1.266871    2.787888 v output4/Z (gf180mcu_fd_sc_mcu7t5v0__dlyb_1)
                                                         out_clk2B (net)
                      0.488369    0.000210    2.788097 v out_clk2B (out)
                                              2.788097   data arrival time

                                 13.563000   13.563000   clock in_clk (rise edge)
                                  0.000000   13.563000   clock network delay (propagated)
                                 -0.200000   13.363000   clock uncertainty
                                  0.000000   13.363000   clock reconvergence pessimism
                                 -2.500000   10.863000   output external delay
                                             10.863000   data required time
---------------------------------------------------------------------------------------------
                                             10.863000   data required time
                                             -2.788097   data arrival time
---------------------------------------------------------------------------------------------
                                              8.074903   slack (MET)


Startpoint: _33_ (rising edge-triggered flip-flop clocked by in_clk)
Endpoint: out_clk_cic (output port clocked by in_clk)
Path Group: in_clk
Path Type: max

Fanout         Cap        Slew       Delay        Time   Description
---------------------------------------------------------------------------------------------
                                  0.000000    0.000000   clock in_clk (rise edge)
                                  0.000000    0.000000   clock source latency
     1    0.026698    0.000013    0.000342    0.000342 ^ in_clk (in)
                                                         in_clk (net)
                      0.000816    0.000000    0.000342 ^ clkbuf_0_in_clk/I (gf180mcu_fd_sc_mcu7t5v0__clkbuf_16)
     2    0.046493    0.111878    0.224257    0.224598 ^ clkbuf_0_in_clk/Z (gf180mcu_fd_sc_mcu7t5v0__clkbuf_16)
                                                         clknet_0_in_clk (net)
                      0.111878    0.000201    0.224799 ^ clkbuf_1_1__f_in_clk/I (gf180mcu_fd_sc_mcu7t5v0__clkbuf_16)
     3    0.012912    0.081858    0.219746    0.444545 ^ clkbuf_1_1__f_in_clk/Z (gf180mcu_fd_sc_mcu7t5v0__clkbuf_16)
                                                         clknet_1_1__leaf_in_clk (net)
                      0.081858    0.000016    0.444561 ^ _33_/CLK (gf180mcu_fd_sc_mcu7t5v0__dffrnq_1)
     2    0.008491    0.231035    0.913190    1.357751 ^ _33_/Q (gf180mcu_fd_sc_mcu7t5v0__dffrnq_1)
                                                         net5 (net)
                      0.231035    0.000022    1.357773 ^ output5/I (gf180mcu_fd_sc_mcu7t5v0__dlyb_1)
     1    0.036262    0.658957    1.186359    2.544132 ^ output5/Z (gf180mcu_fd_sc_mcu7t5v0__dlyb_1)
                                                         out_clk_cic (net)
                      0.658957    0.000200    2.544333 ^ out_clk_cic (out)
                                              2.544333   data arrival time

                                 13.563000   13.563000   clock in_clk (rise edge)
                                  0.000000   13.563000   clock network delay (propagated)
                                 -0.200000   13.363000   clock uncertainty
                                  0.000000   13.363000   clock reconvergence pessimism
                                 -2.500000   10.863000   output external delay
                                             10.863000   data required time
---------------------------------------------------------------------------------------------
                                             10.863000   data required time
                                             -2.544333   data arrival time
---------------------------------------------------------------------------------------------
                                              8.318666   slack (MET)


Startpoint: _32_ (rising edge-triggered flip-flop clocked by in_clk)
Endpoint: out_clk2 (output port clocked by in_clk)
Path Group: in_clk
Path Type: max

Fanout         Cap        Slew       Delay        Time   Description
---------------------------------------------------------------------------------------------
                                  0.000000    0.000000   clock in_clk (rise edge)
                                  0.000000    0.000000   clock source latency
     1    0.026698    0.000013    0.000342    0.000342 ^ in_clk (in)
                                                         in_clk (net)
                      0.000816    0.000000    0.000342 ^ clkbuf_0_in_clk/I (gf180mcu_fd_sc_mcu7t5v0__clkbuf_16)
     2    0.046493    0.111878    0.224257    0.224598 ^ clkbuf_0_in_clk/Z (gf180mcu_fd_sc_mcu7t5v0__clkbuf_16)
                                                         clknet_0_in_clk (net)
                      0.111878    0.000201    0.224799 ^ clkbuf_1_1__f_in_clk/I (gf180mcu_fd_sc_mcu7t5v0__clkbuf_16)
     3    0.012912    0.081858    0.219746    0.444545 ^ clkbuf_1_1__f_in_clk/Z (gf180mcu_fd_sc_mcu7t5v0__clkbuf_16)
                                                         clknet_1_1__leaf_in_clk (net)
                      0.081858    0.000020    0.444566 ^ _32_/CLK (gf180mcu_fd_sc_mcu7t5v0__dffrnq_1)
     2    0.007903    0.222010    0.906870    1.351436 ^ _32_/Q (gf180mcu_fd_sc_mcu7t5v0__dffrnq_1)
                                                         net3 (net)
                      0.222010    0.000021    1.351457 ^ output3/I (gf180mcu_fd_sc_mcu7t5v0__dlyb_1)
     1    0.035946    0.653826    1.182465    2.533922 ^ output3/Z (gf180mcu_fd_sc_mcu7t5v0__dlyb_1)
                                                         out_clk2 (net)
                      0.653826    0.000155    2.534077 ^ out_clk2 (out)
                                              2.534077   data arrival time

                                 13.563000   13.563000   clock in_clk (rise edge)
                                  0.000000   13.563000   clock network delay (propagated)
                                 -0.200000   13.363000   clock uncertainty
                                  0.000000   13.363000   clock reconvergence pessimism
                                 -2.500000   10.863000   output external delay
                                             10.863000   data required time
---------------------------------------------------------------------------------------------
                                             10.863000   data required time
                                             -2.534077   data arrival time
---------------------------------------------------------------------------------------------
                                              8.328923   slack (MET)


Startpoint: _31_ (rising edge-triggered flip-flop clocked by in_clk)
Endpoint: out_clk1 (output port clocked by in_clk)
Path Group: in_clk
Path Type: max

Fanout         Cap        Slew       Delay        Time   Description
---------------------------------------------------------------------------------------------
                                  0.000000    0.000000   clock in_clk (rise edge)
                                  0.000000    0.000000   clock source latency
     1    0.026698    0.000013    0.000342    0.000342 ^ in_clk (in)
                                                         in_clk (net)
                      0.000816    0.000000    0.000342 ^ clkbuf_0_in_clk/I (gf180mcu_fd_sc_mcu7t5v0__clkbuf_16)
     2    0.046493    0.111878    0.224257    0.224598 ^ clkbuf_0_in_clk/Z (gf180mcu_fd_sc_mcu7t5v0__clkbuf_16)
                                                         clknet_0_in_clk (net)
                      0.111878    0.000201    0.224799 ^ clkbuf_1_1__f_in_clk/I (gf180mcu_fd_sc_mcu7t5v0__clkbuf_16)
     3    0.012912    0.081858    0.219746    0.444545 ^ clkbuf_1_1__f_in_clk/Z (gf180mcu_fd_sc_mcu7t5v0__clkbuf_16)
                                                         clknet_1_1__leaf_in_clk (net)
                      0.081858    0.000037    0.444583 ^ _31_/CLK (gf180mcu_fd_sc_mcu7t5v0__dffsnq_1)
     2    0.008353    0.160886    0.785721    1.230304 v _31_/Q (gf180mcu_fd_sc_mcu7t5v0__dffsnq_1)
                                                         net2 (net)
                      0.160886    0.000038    1.230342 v output2/I (gf180mcu_fd_sc_mcu7t5v0__dlyb_1)
     1    0.036098    0.485475    1.250177    2.480520 v output2/Z (gf180mcu_fd_sc_mcu7t5v0__dlyb_1)
                                                         out_clk1 (net)
                      0.485475    0.000179    2.480699 v out_clk1 (out)
                                              2.480699   data arrival time

                                 13.563000   13.563000   clock in_clk (rise edge)
                                  0.000000   13.563000   clock network delay (propagated)
                                 -0.200000   13.363000   clock uncertainty
                                  0.000000   13.363000   clock reconvergence pessimism
                                 -2.500000   10.863000   output external delay
                                             10.863000   data required time
---------------------------------------------------------------------------------------------
                                             10.863000   data required time
                                             -2.480699   data arrival time
---------------------------------------------------------------------------------------------
                                              8.382300   slack (MET)


Startpoint: rst (input port clocked by in_clk)
Endpoint: _31_ (recovery check against rising-edge clock in_clk)
Path Group: asynchronous
Path Type: max

Fanout         Cap        Slew       Delay        Time   Description
---------------------------------------------------------------------------------------------
                                  0.000000    0.000000   clock in_clk (rise edge)
                                  0.000000    0.000000   clock network delay (propagated)
                                  2.000000    2.000000 ^ input external delay
     1    0.003307    0.000002    0.000007    2.000007 ^ rst (in)
                                                         rst (net)
                      0.000015    0.000000    2.000007 ^ input1/I (gf180mcu_fd_sc_mcu7t5v0__dlyb_1)
     6    0.048949    0.865544    1.269517    3.269525 ^ input1/Z (gf180mcu_fd_sc_mcu7t5v0__dlyb_1)
                                                         net1 (net)
                      0.865544    0.000051    3.269575 ^ _31_/SETN (gf180mcu_fd_sc_mcu7t5v0__dffsnq_1)
                                              3.269575   data arrival time

                                 13.563000   13.563000   clock in_clk (rise edge)
                                  0.000000   13.563000   clock source latency
     1    0.026698    0.000013    0.000342   13.563342 ^ in_clk (in)
                                                         in_clk (net)
                      0.000816    0.000000   13.563342 ^ clkbuf_0_in_clk/I (gf180mcu_fd_sc_mcu7t5v0__clkbuf_16)
     2    0.046493    0.111878    0.224256   13.787598 ^ clkbuf_0_in_clk/Z (gf180mcu_fd_sc_mcu7t5v0__clkbuf_16)
                                                         clknet_0_in_clk (net)
                      0.111878    0.000201   13.787799 ^ clkbuf_1_1__f_in_clk/I (gf180mcu_fd_sc_mcu7t5v0__clkbuf_16)
     3    0.012912    0.081858    0.219747   14.007545 ^ clkbuf_1_1__f_in_clk/Z (gf180mcu_fd_sc_mcu7t5v0__clkbuf_16)
                                                         clknet_1_1__leaf_in_clk (net)
                      0.081858    0.000036   14.007582 ^ _31_/CLK (gf180mcu_fd_sc_mcu7t5v0__dffsnq_1)
                                 -0.200000   13.807582   clock uncertainty
                                  0.000000   13.807582   clock reconvergence pessimism
                                 -0.108599   13.698983   library recovery time
                                             13.698983   data required time
---------------------------------------------------------------------------------------------
                                             13.698983   data required time
                                             -3.269575   data arrival time
---------------------------------------------------------------------------------------------
                                             10.429407   slack (MET)


Startpoint: rst (input port clocked by in_clk)
Endpoint: _32_ (recovery check against rising-edge clock in_clk)
Path Group: asynchronous
Path Type: max

Fanout         Cap        Slew       Delay        Time   Description
---------------------------------------------------------------------------------------------
                                  0.000000    0.000000   clock in_clk (rise edge)
                                  0.000000    0.000000   clock network delay (propagated)
                                  2.000000    2.000000 ^ input external delay
     1    0.003307    0.000002    0.000007    2.000007 ^ rst (in)
                                                         rst (net)
                      0.000015    0.000000    2.000007 ^ input1/I (gf180mcu_fd_sc_mcu7t5v0__dlyb_1)
     6    0.048949    0.865544    1.269517    3.269525 ^ input1/Z (gf180mcu_fd_sc_mcu7t5v0__dlyb_1)
                                                         net1 (net)
                      0.865544    0.000090    3.269615 ^ _32_/RN (gf180mcu_fd_sc_mcu7t5v0__dffrnq_1)
                                              3.269615   data arrival time

                                 13.563000   13.563000   clock in_clk (rise edge)
                                  0.000000   13.563000   clock source latency
     1    0.026698    0.000013    0.000342   13.563342 ^ in_clk (in)
                                                         in_clk (net)
                      0.000816    0.000000   13.563342 ^ clkbuf_0_in_clk/I (gf180mcu_fd_sc_mcu7t5v0__clkbuf_16)
     2    0.046493    0.111878    0.224256   13.787598 ^ clkbuf_0_in_clk/Z (gf180mcu_fd_sc_mcu7t5v0__clkbuf_16)
                                                         clknet_0_in_clk (net)
                      0.111878    0.000201   13.787799 ^ clkbuf_1_1__f_in_clk/I (gf180mcu_fd_sc_mcu7t5v0__clkbuf_16)
     3    0.012912    0.081858    0.219747   14.007545 ^ clkbuf_1_1__f_in_clk/Z (gf180mcu_fd_sc_mcu7t5v0__clkbuf_16)
                                                         clknet_1_1__leaf_in_clk (net)
                      0.081858    0.000020   14.007565 ^ _32_/CLK (gf180mcu_fd_sc_mcu7t5v0__dffrnq_1)
                                 -0.200000   13.807566   clock uncertainty
                                  0.000000   13.807566   clock reconvergence pessimism
                                  0.092282   13.899848   library recovery time
                                             13.899848   data required time
---------------------------------------------------------------------------------------------
                                             13.899848   data required time
                                             -3.269615   data arrival time
---------------------------------------------------------------------------------------------
                                             10.630233   slack (MET)


Startpoint: rst (input port clocked by in_clk)
Endpoint: _33_ (recovery check against rising-edge clock in_clk)
Path Group: asynchronous
Path Type: max

Fanout         Cap        Slew       Delay        Time   Description
---------------------------------------------------------------------------------------------
                                  0.000000    0.000000   clock in_clk (rise edge)
                                  0.000000    0.000000   clock network delay (propagated)
                                  2.000000    2.000000 ^ input external delay
     1    0.003307    0.000002    0.000007    2.000007 ^ rst (in)
                                                         rst (net)
                      0.000015    0.000000    2.000007 ^ input1/I (gf180mcu_fd_sc_mcu7t5v0__dlyb_1)
     6    0.048949    0.865544    1.269517    3.269525 ^ input1/Z (gf180mcu_fd_sc_mcu7t5v0__dlyb_1)
                                                         net1 (net)
                      0.865544    0.000051    3.269575 ^ _33_/RN (gf180mcu_fd_sc_mcu7t5v0__dffrnq_1)
                                              3.269575   data arrival time

                                 13.563000   13.563000   clock in_clk (rise edge)
                                  0.000000   13.563000   clock source latency
     1    0.026698    0.000013    0.000342   13.563342 ^ in_clk (in)
                                                         in_clk (net)
                      0.000816    0.000000   13.563342 ^ clkbuf_0_in_clk/I (gf180mcu_fd_sc_mcu7t5v0__clkbuf_16)
     2    0.046493    0.111878    0.224256   13.787598 ^ clkbuf_0_in_clk/Z (gf180mcu_fd_sc_mcu7t5v0__clkbuf_16)
                                                         clknet_0_in_clk (net)
                      0.111878    0.000201   13.787799 ^ clkbuf_1_1__f_in_clk/I (gf180mcu_fd_sc_mcu7t5v0__clkbuf_16)
     3    0.012912    0.081858    0.219747   14.007545 ^ clkbuf_1_1__f_in_clk/Z (gf180mcu_fd_sc_mcu7t5v0__clkbuf_16)
                                                         clknet_1_1__leaf_in_clk (net)
                      0.081858    0.000015   14.007561 ^ _33_/CLK (gf180mcu_fd_sc_mcu7t5v0__dffrnq_1)
                                 -0.200000   13.807561   clock uncertainty
                                  0.000000   13.807561   clock reconvergence pessimism
                                  0.092282   13.899843   library recovery time
                                             13.899843   data required time
---------------------------------------------------------------------------------------------
                                             13.899843   data required time
                                             -3.269575   data arrival time
---------------------------------------------------------------------------------------------
                                             10.630268   slack (MET)


Startpoint: rst (input port clocked by in_clk)
Endpoint: _34_ (recovery check against rising-edge clock in_clk)
Path Group: asynchronous
Path Type: max

Fanout         Cap        Slew       Delay        Time   Description
---------------------------------------------------------------------------------------------
                                  0.000000    0.000000   clock in_clk (rise edge)
                                  0.000000    0.000000   clock network delay (propagated)
                                  2.000000    2.000000 ^ input external delay
     1    0.003307    0.000002    0.000007    2.000007 ^ rst (in)
                                                         rst (net)
                      0.000015    0.000000    2.000007 ^ input1/I (gf180mcu_fd_sc_mcu7t5v0__dlyb_1)
     6    0.048949    0.865544    1.269517    3.269525 ^ input1/Z (gf180mcu_fd_sc_mcu7t5v0__dlyb_1)
                                                         net1 (net)
                      0.865544    0.000209    3.269734 ^ _34_/RN (gf180mcu_fd_sc_mcu7t5v0__dffrnq_1)
                                              3.269734   data arrival time

                                 13.563000   13.563000   clock in_clk (rise edge)
                                  0.000000   13.563000   clock source latency
     1    0.026698    0.000013    0.000342   13.563342 ^ in_clk (in)
                                                         in_clk (net)
                      0.000816    0.000000   13.563342 ^ clkbuf_0_in_clk/I (gf180mcu_fd_sc_mcu7t5v0__clkbuf_16)
     2    0.046493    0.111878    0.224256   13.787598 ^ clkbuf_0_in_clk/Z (gf180mcu_fd_sc_mcu7t5v0__clkbuf_16)
                                                         clknet_0_in_clk (net)
                      0.111878    0.000172   13.787770 ^ clkbuf_1_0__f_in_clk/I (gf180mcu_fd_sc_mcu7t5v0__clkbuf_16)
     4    0.016850    0.085540    0.223048   14.010818 ^ clkbuf_1_0__f_in_clk/Z (gf180mcu_fd_sc_mcu7t5v0__clkbuf_16)
                                                         clknet_1_0__leaf_in_clk (net)
                      0.085540    0.000040   14.010859 ^ _34_/CLK (gf180mcu_fd_sc_mcu7t5v0__dffrnq_1)
                                 -0.200000   13.810859   clock uncertainty
                                  0.000000   13.810859   clock reconvergence pessimism
                                  0.092774   13.903632   library recovery time
                                             13.903632   data required time
---------------------------------------------------------------------------------------------
                                             13.903632   data required time
                                             -3.269734   data arrival time
---------------------------------------------------------------------------------------------
                                             10.633899   slack (MET)


Startpoint: rst (input port clocked by in_clk)
Endpoint: _36_ (recovery check against rising-edge clock in_clk)
Path Group: asynchronous
Path Type: max

Fanout         Cap        Slew       Delay        Time   Description
---------------------------------------------------------------------------------------------
                                  0.000000    0.000000   clock in_clk (rise edge)
                                  0.000000    0.000000   clock network delay (propagated)
                                  2.000000    2.000000 ^ input external delay
     1    0.003307    0.000002    0.000007    2.000007 ^ rst (in)
                                                         rst (net)
                      0.000015    0.000000    2.000007 ^ input1/I (gf180mcu_fd_sc_mcu7t5v0__dlyb_1)
     6    0.048949    0.865544    1.269517    3.269525 ^ input1/Z (gf180mcu_fd_sc_mcu7t5v0__dlyb_1)
                                                         net1 (net)
                      0.865544    0.000185    3.269710 ^ _36_/RN (gf180mcu_fd_sc_mcu7t5v0__dffrnq_1)
                                              3.269710   data arrival time

                                 13.563000   13.563000   clock in_clk (rise edge)
                                  0.000000   13.563000   clock source latency
     1    0.026698    0.000013    0.000342   13.563342 ^ in_clk (in)
                                                         in_clk (net)
                      0.000816    0.000000   13.563342 ^ clkbuf_0_in_clk/I (gf180mcu_fd_sc_mcu7t5v0__clkbuf_16)
     2    0.046493    0.111878    0.224256   13.787598 ^ clkbuf_0_in_clk/Z (gf180mcu_fd_sc_mcu7t5v0__clkbuf_16)
                                                         clknet_0_in_clk (net)
                      0.111878    0.000172   13.787770 ^ clkbuf_1_0__f_in_clk/I (gf180mcu_fd_sc_mcu7t5v0__clkbuf_16)
     4    0.016850    0.085540    0.223048   14.010818 ^ clkbuf_1_0__f_in_clk/Z (gf180mcu_fd_sc_mcu7t5v0__clkbuf_16)
                                                         clknet_1_0__leaf_in_clk (net)
                      0.085540    0.000026   14.010844 ^ _36_/CLK (gf180mcu_fd_sc_mcu7t5v0__dffrnq_1)
                                 -0.200000   13.810844   clock uncertainty
                                  0.000000   13.810844   clock reconvergence pessimism
                                  0.092774   13.903618   library recovery time
                                             13.903618   data required time
---------------------------------------------------------------------------------------------
                                             13.903618   data required time
                                             -3.269710   data arrival time
---------------------------------------------------------------------------------------------
                                             10.633908   slack (MET)


Startpoint: rst (input port clocked by in_clk)
Endpoint: _35_ (recovery check against rising-edge clock in_clk)
Path Group: asynchronous
Path Type: max

Fanout         Cap        Slew       Delay        Time   Description
---------------------------------------------------------------------------------------------
                                  0.000000    0.000000   clock in_clk (rise edge)
                                  0.000000    0.000000   clock network delay (propagated)
                                  2.000000    2.000000 ^ input external delay
     1    0.003307    0.000002    0.000007    2.000007 ^ rst (in)
                                                         rst (net)
                      0.000015    0.000000    2.000007 ^ input1/I (gf180mcu_fd_sc_mcu7t5v0__dlyb_1)
     6    0.048949    0.865544    1.269517    3.269525 ^ input1/Z (gf180mcu_fd_sc_mcu7t5v0__dlyb_1)
                                                         net1 (net)
                      0.865544    0.000128    3.269653 ^ _35_/RN (gf180mcu_fd_sc_mcu7t5v0__dffrnq_1)
                                              3.269653   data arrival time

                                 13.563000   13.563000   clock in_clk (rise edge)
                                  0.000000   13.563000   clock source latency
     1    0.026698    0.000013    0.000342   13.563342 ^ in_clk (in)
                                                         in_clk (net)
                      0.000816    0.000000   13.563342 ^ clkbuf_0_in_clk/I (gf180mcu_fd_sc_mcu7t5v0__clkbuf_16)
     2    0.046493    0.111878    0.224256   13.787598 ^ clkbuf_0_in_clk/Z (gf180mcu_fd_sc_mcu7t5v0__clkbuf_16)
                                                         clknet_0_in_clk (net)
                      0.111878    0.000172   13.787770 ^ clkbuf_1_0__f_in_clk/I (gf180mcu_fd_sc_mcu7t5v0__clkbuf_16)
     4    0.016850    0.085540    0.223048   14.010818 ^ clkbuf_1_0__f_in_clk/Z (gf180mcu_fd_sc_mcu7t5v0__clkbuf_16)
                                                         clknet_1_0__leaf_in_clk (net)
                      0.085540    0.000010   14.010828 ^ _35_/CLK (gf180mcu_fd_sc_mcu7t5v0__dffrnq_1)
                                 -0.200000   13.810828   clock uncertainty
                                  0.000000   13.810828   clock reconvergence pessimism
                                  0.092774   13.903603   library recovery time
                                             13.903603   data required time
---------------------------------------------------------------------------------------------
                                             13.903603   data required time
                                             -3.269653   data arrival time
---------------------------------------------------------------------------------------------
                                             10.633949   slack (MET)


Startpoint: _36_ (rising edge-triggered flip-flop clocked by in_clk)
Endpoint: _33_ (rising edge-triggered flip-flop clocked by in_clk)
Path Group: in_clk
Path Type: max

Fanout         Cap        Slew       Delay        Time   Description
---------------------------------------------------------------------------------------------
                                  0.000000    0.000000   clock in_clk (rise edge)
                                  0.000000    0.000000   clock source latency
     1    0.026698    0.000013    0.000342    0.000342 ^ in_clk (in)
                                                         in_clk (net)
                      0.000816    0.000000    0.000342 ^ clkbuf_0_in_clk/I (gf180mcu_fd_sc_mcu7t5v0__clkbuf_16)
     2    0.046493    0.111878    0.224257    0.224598 ^ clkbuf_0_in_clk/Z (gf180mcu_fd_sc_mcu7t5v0__clkbuf_16)
                                                         clknet_0_in_clk (net)
                      0.111878    0.000172    0.224770 ^ clkbuf_1_0__f_in_clk/I (gf180mcu_fd_sc_mcu7t5v0__clkbuf_16)
     4    0.016850    0.085540    0.223048    0.447818 ^ clkbuf_1_0__f_in_clk/Z (gf180mcu_fd_sc_mcu7t5v0__clkbuf_16)
                                                         clknet_1_0__leaf_in_clk (net)
                      0.085540    0.000026    0.447845 ^ _36_/CLK (gf180mcu_fd_sc_mcu7t5v0__dffrnq_1)
     8    0.044878    0.803717    1.259004    1.706848 ^ _36_/Q (gf180mcu_fd_sc_mcu7t5v0__dffrnq_1)
                                                         counter[2] (net)
                      0.803717    0.000168    1.707016 ^ _22_/B (gf180mcu_fd_sc_mcu7t5v0__aoi21_1)
     1    0.004754    0.390541    0.267899    1.974915 v _22_/ZN (gf180mcu_fd_sc_mcu7t5v0__aoi21_1)
                                                         _11_ (net)
                      0.390541    0.000013    1.974928 v _30_/B (gf180mcu_fd_sc_mcu7t5v0__aoi21_1)
     1    0.003666    0.326209    0.288192    2.263120 ^ _30_/ZN (gf180mcu_fd_sc_mcu7t5v0__aoi21_1)
                                                         _05_ (net)
                      0.326209    0.000009    2.263129 ^ _33_/D (gf180mcu_fd_sc_mcu7t5v0__dffrnq_1)
                                              2.263129   data arrival time

                                 13.563000   13.563000   clock in_clk (rise edge)
                                  0.000000   13.563000   clock source latency
     1    0.026698    0.000013    0.000342   13.563342 ^ in_clk (in)
                                                         in_clk (net)
                      0.000816    0.000000   13.563342 ^ clkbuf_0_in_clk/I (gf180mcu_fd_sc_mcu7t5v0__clkbuf_16)
     2    0.046493    0.111878    0.224256   13.787598 ^ clkbuf_0_in_clk/Z (gf180mcu_fd_sc_mcu7t5v0__clkbuf_16)
                                                         clknet_0_in_clk (net)
                      0.111878    0.000201   13.787799 ^ clkbuf_1_1__f_in_clk/I (gf180mcu_fd_sc_mcu7t5v0__clkbuf_16)
     3    0.012912    0.081858    0.219747   14.007545 ^ clkbuf_1_1__f_in_clk/Z (gf180mcu_fd_sc_mcu7t5v0__clkbuf_16)
                                                         clknet_1_1__leaf_in_clk (net)
                      0.081858    0.000015   14.007561 ^ _33_/CLK (gf180mcu_fd_sc_mcu7t5v0__dffrnq_1)
                                 -0.200000   13.807561   clock uncertainty
                                  0.000000   13.807561   clock reconvergence pessimism
                                 -0.344044   13.463517   library setup time
                                             13.463517   data required time
---------------------------------------------------------------------------------------------
                                             13.463517   data required time
                                             -2.263129   data arrival time
---------------------------------------------------------------------------------------------
                                             11.200388   slack (MET)


Startpoint: _35_ (rising edge-triggered flip-flop clocked by in_clk)
Endpoint: _36_ (rising edge-triggered flip-flop clocked by in_clk)
Path Group: in_clk
Path Type: max

Fanout         Cap        Slew       Delay        Time   Description
---------------------------------------------------------------------------------------------
                                  0.000000    0.000000   clock in_clk (rise edge)
                                  0.000000    0.000000   clock source latency
     1    0.026698    0.000013    0.000342    0.000342 ^ in_clk (in)
                                                         in_clk (net)
                      0.000816    0.000000    0.000342 ^ clkbuf_0_in_clk/I (gf180mcu_fd_sc_mcu7t5v0__clkbuf_16)
     2    0.046493    0.111878    0.224257    0.224598 ^ clkbuf_0_in_clk/Z (gf180mcu_fd_sc_mcu7t5v0__clkbuf_16)
                                                         clknet_0_in_clk (net)
                      0.111878    0.000172    0.224770 ^ clkbuf_1_0__f_in_clk/I (gf180mcu_fd_sc_mcu7t5v0__clkbuf_16)
     4    0.016850    0.085540    0.223048    0.447818 ^ clkbuf_1_0__f_in_clk/Z (gf180mcu_fd_sc_mcu7t5v0__clkbuf_16)
                                                         clknet_1_0__leaf_in_clk (net)
                      0.085540    0.000010    0.447828 ^ _35_/CLK (gf180mcu_fd_sc_mcu7t5v0__dffrnq_1)
     8    0.037020    0.675910    1.186290    1.634118 ^ _35_/Q (gf180mcu_fd_sc_mcu7t5v0__dffrnq_1)
                                                         counter[1] (net)
                      0.675910    0.000185    1.634303 ^ _20_/A2 (gf180mcu_fd_sc_mcu7t5v0__and2_1)
     2    0.009835    0.239592    0.374933    2.009236 ^ _20_/Z (gf180mcu_fd_sc_mcu7t5v0__and2_1)
                                                         _09_ (net)
                      0.239592    0.000006    2.009242 ^ _25_/I0 (gf180mcu_fd_sc_mcu7t5v0__mux2_2)
     1    0.004343    0.112318    0.274471    2.283713 ^ _25_/Z (gf180mcu_fd_sc_mcu7t5v0__mux2_2)
                                                         _02_ (net)
                      0.112318    0.000020    2.283733 ^ _36_/D (gf180mcu_fd_sc_mcu7t5v0__dffrnq_1)
                                              2.283733   data arrival time

                                 13.563000   13.563000   clock in_clk (rise edge)
                                  0.000000   13.563000   clock source latency
     1    0.026698    0.000013    0.000342   13.563342 ^ in_clk (in)
                                                         in_clk (net)
                      0.000816    0.000000   13.563342 ^ clkbuf_0_in_clk/I (gf180mcu_fd_sc_mcu7t5v0__clkbuf_16)
     2    0.046493    0.111878    0.224256   13.787598 ^ clkbuf_0_in_clk/Z (gf180mcu_fd_sc_mcu7t5v0__clkbuf_16)
                                                         clknet_0_in_clk (net)
                      0.111878    0.000172   13.787770 ^ clkbuf_1_0__f_in_clk/I (gf180mcu_fd_sc_mcu7t5v0__clkbuf_16)
     4    0.016850    0.085540    0.223048   14.010818 ^ clkbuf_1_0__f_in_clk/Z (gf180mcu_fd_sc_mcu7t5v0__clkbuf_16)
                                                         clknet_1_0__leaf_in_clk (net)
                      0.085540    0.000026   14.010844 ^ _36_/CLK (gf180mcu_fd_sc_mcu7t5v0__dffrnq_1)
                                 -0.200000   13.810844   clock uncertainty
                                  0.000000   13.810844   clock reconvergence pessimism
                                 -0.304225   13.506619   library setup time
                                             13.506619   data required time
---------------------------------------------------------------------------------------------
                                             13.506619   data required time
                                             -2.283733   data arrival time
---------------------------------------------------------------------------------------------
                                             11.222887   slack (MET)


Startpoint: _35_ (rising edge-triggered flip-flop clocked by in_clk)
Endpoint: _35_ (rising edge-triggered flip-flop clocked by in_clk)
Path Group: in_clk
Path Type: max

Fanout         Cap        Slew       Delay        Time   Description
---------------------------------------------------------------------------------------------
                                  0.000000    0.000000   clock in_clk (rise edge)
                                  0.000000    0.000000   clock source latency
     1    0.026698    0.000013    0.000342    0.000342 ^ in_clk (in)
                                                         in_clk (net)
                      0.000816    0.000000    0.000342 ^ clkbuf_0_in_clk/I (gf180mcu_fd_sc_mcu7t5v0__clkbuf_16)
     2    0.046493    0.111878    0.224257    0.224598 ^ clkbuf_0_in_clk/Z (gf180mcu_fd_sc_mcu7t5v0__clkbuf_16)
                                                         clknet_0_in_clk (net)
                      0.111878    0.000172    0.224770 ^ clkbuf_1_0__f_in_clk/I (gf180mcu_fd_sc_mcu7t5v0__clkbuf_16)
     4    0.016850    0.085540    0.223048    0.447818 ^ clkbuf_1_0__f_in_clk/Z (gf180mcu_fd_sc_mcu7t5v0__clkbuf_16)
                                                         clknet_1_0__leaf_in_clk (net)
                      0.085540    0.000010    0.447828 ^ _35_/CLK (gf180mcu_fd_sc_mcu7t5v0__dffrnq_1)
     8    0.037020    0.675910    1.186290    1.634118 ^ _35_/Q (gf180mcu_fd_sc_mcu7t5v0__dffrnq_1)
                                                         counter[1] (net)
                      0.675910    0.000202    1.634320 ^ _23_/A2 (gf180mcu_fd_sc_mcu7t5v0__nor2_1)
     2    0.010060    0.341657    0.249734    1.884054 v _23_/ZN (gf180mcu_fd_sc_mcu7t5v0__nor2_1)
                                                         _12_ (net)
                      0.341657    0.000012    1.884066 v _24_/A3 (gf180mcu_fd_sc_mcu7t5v0__nor3_1)
     1    0.003301    0.377307    0.299885    2.183951 ^ _24_/ZN (gf180mcu_fd_sc_mcu7t5v0__nor3_1)
                                                         _01_ (net)
                      0.377307    0.000004    2.183955 ^ _35_/D (gf180mcu_fd_sc_mcu7t5v0__dffrnq_1)
                                              2.183955   data arrival time

                                 13.563000   13.563000   clock in_clk (rise edge)
                                  0.000000   13.563000   clock source latency
     1    0.026698    0.000013    0.000342   13.563342 ^ in_clk (in)
                                                         in_clk (net)
                      0.000816    0.000000   13.563342 ^ clkbuf_0_in_clk/I (gf180mcu_fd_sc_mcu7t5v0__clkbuf_16)
     2    0.046493    0.111878    0.224256   13.787598 ^ clkbuf_0_in_clk/Z (gf180mcu_fd_sc_mcu7t5v0__clkbuf_16)
                                                         clknet_0_in_clk (net)
                      0.111878    0.000172   13.787770 ^ clkbuf_1_0__f_in_clk/I (gf180mcu_fd_sc_mcu7t5v0__clkbuf_16)
     4    0.016850    0.085540    0.223048   14.010818 ^ clkbuf_1_0__f_in_clk/Z (gf180mcu_fd_sc_mcu7t5v0__clkbuf_16)
                                                         clknet_1_0__leaf_in_clk (net)
                      0.085540    0.000010   14.010828 ^ _35_/CLK (gf180mcu_fd_sc_mcu7t5v0__dffrnq_1)
                                 -0.200000   13.810828   clock uncertainty
                                  0.000000   13.810828   clock reconvergence pessimism
                                 -0.351642   13.459187   library setup time
                                             13.459187   data required time
---------------------------------------------------------------------------------------------
                                             13.459187   data required time
                                             -2.183955   data arrival time
---------------------------------------------------------------------------------------------
                                             11.275230   slack (MET)


Startpoint: _36_ (rising edge-triggered flip-flop clocked by in_clk)
Endpoint: _32_ (rising edge-triggered flip-flop clocked by in_clk)
Path Group: in_clk
Path Type: max

Fanout         Cap        Slew       Delay        Time   Description
---------------------------------------------------------------------------------------------
                                  0.000000    0.000000   clock in_clk (rise edge)
                                  0.000000    0.000000   clock source latency
     1    0.026698    0.000013    0.000342    0.000342 ^ in_clk (in)
                                                         in_clk (net)
                      0.000816    0.000000    0.000342 ^ clkbuf_0_in_clk/I (gf180mcu_fd_sc_mcu7t5v0__clkbuf_16)
     2    0.046493    0.111878    0.224257    0.224598 ^ clkbuf_0_in_clk/Z (gf180mcu_fd_sc_mcu7t5v0__clkbuf_16)
                                                         clknet_0_in_clk (net)
                      0.111878    0.000172    0.224770 ^ clkbuf_1_0__f_in_clk/I (gf180mcu_fd_sc_mcu7t5v0__clkbuf_16)
     4    0.016850    0.085540    0.223048    0.447818 ^ clkbuf_1_0__f_in_clk/Z (gf180mcu_fd_sc_mcu7t5v0__clkbuf_16)
                                                         clknet_1_0__leaf_in_clk (net)
                      0.085540    0.000026    0.447845 ^ _36_/CLK (gf180mcu_fd_sc_mcu7t5v0__dffrnq_1)
     8    0.044878    0.803717    1.259004    1.706848 ^ _36_/Q (gf180mcu_fd_sc_mcu7t5v0__dffrnq_1)
                                                         counter[2] (net)
                      0.803717    0.000192    1.707040 ^ _18_/A1 (gf180mcu_fd_sc_mcu7t5v0__and2_1)
     2    0.009971    0.244200    0.420914    2.127954 ^ _18_/Z (gf180mcu_fd_sc_mcu7t5v0__and2_1)
                                                         _08_ (net)
                      0.244200    0.000015    2.127969 ^ _29_/B2 (gf180mcu_fd_sc_mcu7t5v0__aoi22_1)
     1    0.003521    0.231825    0.174635    2.302604 v _29_/ZN (gf180mcu_fd_sc_mcu7t5v0__aoi22_1)
                                                         _04_ (net)
                      0.231825    0.000007    2.302611 v _32_/D (gf180mcu_fd_sc_mcu7t5v0__dffrnq_1)
                                              2.302611   data arrival time

                                 13.563000   13.563000   clock in_clk (rise edge)
                                  0.000000   13.563000   clock source latency
     1    0.026698    0.000013    0.000342   13.563342 ^ in_clk (in)
                                                         in_clk (net)
                      0.000816    0.000000   13.563342 ^ clkbuf_0_in_clk/I (gf180mcu_fd_sc_mcu7t5v0__clkbuf_16)
     2    0.046493    0.111878    0.224256   13.787598 ^ clkbuf_0_in_clk/Z (gf180mcu_fd_sc_mcu7t5v0__clkbuf_16)
                                                         clknet_0_in_clk (net)
                      0.111878    0.000201   13.787799 ^ clkbuf_1_1__f_in_clk/I (gf180mcu_fd_sc_mcu7t5v0__clkbuf_16)
     3    0.012912    0.081858    0.219747   14.007545 ^ clkbuf_1_1__f_in_clk/Z (gf180mcu_fd_sc_mcu7t5v0__clkbuf_16)
                                                         clknet_1_1__leaf_in_clk (net)
                      0.081858    0.000020   14.007565 ^ _32_/CLK (gf180mcu_fd_sc_mcu7t5v0__dffrnq_1)
                                 -0.200000   13.807566   clock uncertainty
                                  0.000000   13.807566   clock reconvergence pessimism
                                 -0.176217   13.631349   library setup time
                                             13.631349   data required time
---------------------------------------------------------------------------------------------
                                             13.631349   data required time
                                             -2.302611   data arrival time
---------------------------------------------------------------------------------------------
                                             11.328737   slack (MET)


Startpoint: _36_ (rising edge-triggered flip-flop clocked by in_clk)
Endpoint: _31_ (rising edge-triggered flip-flop clocked by in_clk)
Path Group: in_clk
Path Type: max

Fanout         Cap        Slew       Delay        Time   Description
---------------------------------------------------------------------------------------------
                                  0.000000    0.000000   clock in_clk (rise edge)
                                  0.000000    0.000000   clock source latency
     1    0.026698    0.000013    0.000342    0.000342 ^ in_clk (in)
                                                         in_clk (net)
                      0.000816    0.000000    0.000342 ^ clkbuf_0_in_clk/I (gf180mcu_fd_sc_mcu7t5v0__clkbuf_16)
     2    0.046493    0.111878    0.224257    0.224598 ^ clkbuf_0_in_clk/Z (gf180mcu_fd_sc_mcu7t5v0__clkbuf_16)
                                                         clknet_0_in_clk (net)
                      0.111878    0.000172    0.224770 ^ clkbuf_1_0__f_in_clk/I (gf180mcu_fd_sc_mcu7t5v0__clkbuf_16)
     4    0.016850    0.085540    0.223048    0.447818 ^ clkbuf_1_0__f_in_clk/Z (gf180mcu_fd_sc_mcu7t5v0__clkbuf_16)
                                                         clknet_1_0__leaf_in_clk (net)
                      0.085540    0.000026    0.447845 ^ _36_/CLK (gf180mcu_fd_sc_mcu7t5v0__dffrnq_1)
     8    0.044878    0.803717    1.259004    1.706848 ^ _36_/Q (gf180mcu_fd_sc_mcu7t5v0__dffrnq_1)
                                                         counter[2] (net)
                      0.803717    0.000135    1.706984 ^ _26_/A1 (gf180mcu_fd_sc_mcu7t5v0__nand3_1)
     1    0.004959    0.322989    0.205706    1.912690 v _26_/ZN (gf180mcu_fd_sc_mcu7t5v0__nand3_1)
                                                         _13_ (net)
                      0.322989    0.000004    1.912694 v _27_/B (gf180mcu_fd_sc_mcu7t5v0__oai21_1)
     1    0.003049    0.278605    0.240109    2.152803 ^ _27_/ZN (gf180mcu_fd_sc_mcu7t5v0__oai21_1)
                                                         _03_ (net)
                      0.278605    0.000005    2.152808 ^ _31_/D (gf180mcu_fd_sc_mcu7t5v0__dffsnq_1)
                                              2.152808   data arrival time

                                 13.563000   13.563000   clock in_clk (rise edge)
                                  0.000000   13.563000   clock source latency
     1    0.026698    0.000013    0.000342   13.563342 ^ in_clk (in)
                                                         in_clk (net)
                      0.000816    0.000000   13.563342 ^ clkbuf_0_in_clk/I (gf180mcu_fd_sc_mcu7t5v0__clkbuf_16)
     2    0.046493    0.111878    0.224256   13.787598 ^ clkbuf_0_in_clk/Z (gf180mcu_fd_sc_mcu7t5v0__clkbuf_16)
                                                         clknet_0_in_clk (net)
                      0.111878    0.000201   13.787799 ^ clkbuf_1_1__f_in_clk/I (gf180mcu_fd_sc_mcu7t5v0__clkbuf_16)
     3    0.012912    0.081858    0.219747   14.007545 ^ clkbuf_1_1__f_in_clk/Z (gf180mcu_fd_sc_mcu7t5v0__clkbuf_16)
                                                         clknet_1_1__leaf_in_clk (net)
                      0.081858    0.000036   14.007582 ^ _31_/CLK (gf180mcu_fd_sc_mcu7t5v0__dffsnq_1)
                                 -0.200000   13.807582   clock uncertainty
                                  0.000000   13.807582   clock reconvergence pessimism
                                 -0.261083   13.546499   library setup time
                                             13.546499   data required time
---------------------------------------------------------------------------------------------
                                             13.546499   data required time
                                             -2.152808   data arrival time
---------------------------------------------------------------------------------------------
                                             11.393692   slack (MET)


Startpoint: _36_ (rising edge-triggered flip-flop clocked by in_clk)
Endpoint: _34_ (rising edge-triggered flip-flop clocked by in_clk)
Path Group: in_clk
Path Type: max

Fanout         Cap        Slew       Delay        Time   Description
---------------------------------------------------------------------------------------------
                                  0.000000    0.000000   clock in_clk (rise edge)
                                  0.000000    0.000000   clock source latency
     1    0.026698    0.000013    0.000342    0.000342 ^ in_clk (in)
                                                         in_clk (net)
                      0.000816    0.000000    0.000342 ^ clkbuf_0_in_clk/I (gf180mcu_fd_sc_mcu7t5v0__clkbuf_16)
     2    0.046493    0.111878    0.224257    0.224598 ^ clkbuf_0_in_clk/Z (gf180mcu_fd_sc_mcu7t5v0__clkbuf_16)
                                                         clknet_0_in_clk (net)
                      0.111878    0.000172    0.224770 ^ clkbuf_1_0__f_in_clk/I (gf180mcu_fd_sc_mcu7t5v0__clkbuf_16)
     4    0.016850    0.085540    0.223048    0.447818 ^ clkbuf_1_0__f_in_clk/Z (gf180mcu_fd_sc_mcu7t5v0__clkbuf_16)
                                                         clknet_1_0__leaf_in_clk (net)
                      0.085540    0.000026    0.447845 ^ _36_/CLK (gf180mcu_fd_sc_mcu7t5v0__dffrnq_1)
     8    0.044878    0.803717    1.259004    1.706848 ^ _36_/Q (gf180mcu_fd_sc_mcu7t5v0__dffrnq_1)
                                                         counter[2] (net)
                      0.803717    0.000152    1.707000 ^ _19_/A1 (gf180mcu_fd_sc_mcu7t5v0__aoi21_1)
     1    0.003372    0.302470    0.115915    1.822915 v _19_/ZN (gf180mcu_fd_sc_mcu7t5v0__aoi21_1)
                                                         _00_ (net)
                      0.302470    0.000005    1.822920 v _34_/D (gf180mcu_fd_sc_mcu7t5v0__dffrnq_1)
                                              1.822920   data arrival time

                                 13.563000   13.563000   clock in_clk (rise edge)
                                  0.000000   13.563000   clock source latency
     1    0.026698    0.000013    0.000342   13.563342 ^ in_clk (in)
                                                         in_clk (net)
                      0.000816    0.000000   13.563342 ^ clkbuf_0_in_clk/I (gf180mcu_fd_sc_mcu7t5v0__clkbuf_16)
     2    0.046493    0.111878    0.224256   13.787598 ^ clkbuf_0_in_clk/Z (gf180mcu_fd_sc_mcu7t5v0__clkbuf_16)
                                                         clknet_0_in_clk (net)
                      0.111878    0.000172   13.787770 ^ clkbuf_1_0__f_in_clk/I (gf180mcu_fd_sc_mcu7t5v0__clkbuf_16)
     4    0.016850    0.085540    0.223048   14.010818 ^ clkbuf_1_0__f_in_clk/Z (gf180mcu_fd_sc_mcu7t5v0__clkbuf_16)
                                                         clknet_1_0__leaf_in_clk (net)
                      0.085540    0.000040   14.010859 ^ _34_/CLK (gf180mcu_fd_sc_mcu7t5v0__dffrnq_1)
                                 -0.200000   13.810859   clock uncertainty
                                  0.000000   13.810859   clock reconvergence pessimism
                                 -0.195780   13.615079   library setup time
                                             13.615079   data required time
---------------------------------------------------------------------------------------------
                                             13.615079   data required time
                                             -1.822920   data arrival time
---------------------------------------------------------------------------------------------
                                             11.792160   slack (MET)



%OL_END_REPORT
%OL_CREATE_REPORT checks.rpt

===========================================================================
report_checks -unconstrained
===========================================================================
======================= nom_tt_025C_5v00 Corner ===================================

Startpoint: rst (input port clocked by in_clk)
Endpoint: _31_ (recovery check against rising-edge clock in_clk)
Path Group: asynchronous
Path Type: max

Fanout         Cap        Slew       Delay        Time   Description
---------------------------------------------------------------------------------------------
                                  0.000000    0.000000   clock in_clk (rise edge)
                                  0.000000    0.000000   clock network delay (propagated)
                                  2.000000    2.000000 ^ input external delay
     1    0.003307    0.000002    0.000007    2.000007 ^ rst (in)
                                                         rst (net)
                      0.000015    0.000000    2.000007 ^ input1/I (gf180mcu_fd_sc_mcu7t5v0__dlyb_1)
     6    0.048949    0.865544    1.269517    3.269525 ^ input1/Z (gf180mcu_fd_sc_mcu7t5v0__dlyb_1)
                                                         net1 (net)
                      0.865544    0.000051    3.269575 ^ _31_/SETN (gf180mcu_fd_sc_mcu7t5v0__dffsnq_1)
                                              3.269575   data arrival time

                                 13.563000   13.563000   clock in_clk (rise edge)
                                  0.000000   13.563000   clock source latency
     1    0.026698    0.000013    0.000342   13.563342 ^ in_clk (in)
                                                         in_clk (net)
                      0.000816    0.000000   13.563342 ^ clkbuf_0_in_clk/I (gf180mcu_fd_sc_mcu7t5v0__clkbuf_16)
     2    0.046493    0.111878    0.224256   13.787598 ^ clkbuf_0_in_clk/Z (gf180mcu_fd_sc_mcu7t5v0__clkbuf_16)
                                                         clknet_0_in_clk (net)
                      0.111878    0.000201   13.787799 ^ clkbuf_1_1__f_in_clk/I (gf180mcu_fd_sc_mcu7t5v0__clkbuf_16)
     3    0.012912    0.081858    0.219747   14.007545 ^ clkbuf_1_1__f_in_clk/Z (gf180mcu_fd_sc_mcu7t5v0__clkbuf_16)
                                                         clknet_1_1__leaf_in_clk (net)
                      0.081858    0.000036   14.007582 ^ _31_/CLK (gf180mcu_fd_sc_mcu7t5v0__dffsnq_1)
                                 -0.200000   13.807582   clock uncertainty
                                  0.000000   13.807582   clock reconvergence pessimism
                                 -0.108599   13.698983   library recovery time
                                             13.698983   data required time
---------------------------------------------------------------------------------------------
                                             13.698983   data required time
                                             -3.269575   data arrival time
---------------------------------------------------------------------------------------------
                                             10.429407   slack (MET)


Startpoint: _32_ (rising edge-triggered flip-flop clocked by in_clk)
Endpoint: out_clk2B (output port clocked by in_clk)
Path Group: in_clk
Path Type: max

Fanout         Cap        Slew       Delay        Time   Description
---------------------------------------------------------------------------------------------
                                  0.000000    0.000000   clock in_clk (rise edge)
                                  0.000000    0.000000   clock source latency
     1    0.026698    0.000013    0.000342    0.000342 ^ in_clk (in)
                                                         in_clk (net)
                      0.000816    0.000000    0.000342 ^ clkbuf_0_in_clk/I (gf180mcu_fd_sc_mcu7t5v0__clkbuf_16)
     2    0.046493    0.111878    0.224257    0.224598 ^ clkbuf_0_in_clk/Z (gf180mcu_fd_sc_mcu7t5v0__clkbuf_16)
                                                         clknet_0_in_clk (net)
                      0.111878    0.000201    0.224799 ^ clkbuf_1_1__f_in_clk/I (gf180mcu_fd_sc_mcu7t5v0__clkbuf_16)
     3    0.012912    0.081858    0.219746    0.444545 ^ clkbuf_1_1__f_in_clk/Z (gf180mcu_fd_sc_mcu7t5v0__clkbuf_16)
                                                         clknet_1_1__leaf_in_clk (net)
                      0.081858    0.000020    0.444566 ^ _32_/CLK (gf180mcu_fd_sc_mcu7t5v0__dffrnq_1)
     2    0.007903    0.222010    0.906870    1.351436 ^ _32_/Q (gf180mcu_fd_sc_mcu7t5v0__dffrnq_1)
                                                         net3 (net)
                      0.222010    0.000016    1.351452 ^ _16_/I (gf180mcu_fd_sc_mcu7t5v0__clkinv_1)
     2    0.009029    0.201335    0.169548    1.520999 v _16_/ZN (gf180mcu_fd_sc_mcu7t5v0__clkinv_1)
                                                         net4 (net)
                      0.201335    0.000017    1.521016 v output4/I (gf180mcu_fd_sc_mcu7t5v0__dlyb_1)
     1    0.036393    0.488369    1.266871    2.787888 v output4/Z (gf180mcu_fd_sc_mcu7t5v0__dlyb_1)
                                                         out_clk2B (net)
                      0.488369    0.000210    2.788097 v out_clk2B (out)
                                              2.788097   data arrival time

                                 13.563000   13.563000   clock in_clk (rise edge)
                                  0.000000   13.563000   clock network delay (propagated)
                                 -0.200000   13.363000   clock uncertainty
                                  0.000000   13.363000   clock reconvergence pessimism
                                 -2.500000   10.863000   output external delay
                                             10.863000   data required time
---------------------------------------------------------------------------------------------
                                             10.863000   data required time
                                             -2.788097   data arrival time
---------------------------------------------------------------------------------------------
                                              8.074903   slack (MET)




===========================================================================
report_checks --slack_max -0.01
============================================================================
======================= nom_tt_025C_5v00 Corner ===================================

No paths found.


===========================================================================
 report_check_types -max_slew -max_cap -max_fanout -violators
============================================================================
======================= nom_tt_025C_5v00 Corner ===================================



===========================================================================
report_parasitic_annotation -report_unannotated
============================================================================
Found 1 unannotated drivers.
 clkload0/Z
Found 0 partially unannotated drivers.

===========================================================================
max slew violation count 0
Writing metric design__max_slew_violation__count__corner:nom_tt_025C_5v00: 0
max fanout violation count 0
Writing metric design__max_fanout_violation__count__corner:nom_tt_025C_5v00: 0
max cap violation count 0
Writing metric design__max_cap_violation__count__corner:nom_tt_025C_5v00: 0
============================================================================

===========================================================================
check_setup -verbose -unconstrained_endpoints -multiple_clock -no_clock -no_input_delay -loops -generated_clocks
===========================================================================
%OL_END_REPORT
%OL_CREATE_REPORT power.rpt

===========================================================================
 report_power
============================================================================
======================= nom_tt_025C_5v00 Corner ===================================

Group                    Internal    Switching      Leakage        Total
                            Power        Power        Power        Power (Watts)
------------------------------------------------------------------------
Sequential           2.730175e-04 0.000000e+00 2.816607e-09 2.730203e-04  22.8%
Combinational        2.436824e-06 4.511251e-06 2.531933e-09 6.950607e-06   0.6%
Clock                7.753570e-04 1.405581e-04 5.682283e-09 9.159207e-04  76.6%
Macro                0.000000e+00 0.000000e+00 0.000000e+00 0.000000e+00   0.0%
Pad                  0.000000e+00 0.000000e+00 0.000000e+00 0.000000e+00   0.0%
------------------------------------------------------------------------
Total                1.050811e-03 1.450693e-04 1.103082e-08 1.195892e-03 100.0%
                            87.9%        12.1%         0.0%
Writing metric power__internal__total: 0.0010508113773539662
Writing metric power__switching__total: 0.00014506929437629879
Writing metric power__leakage__total: 1.1030823365842934e-8
Writing metric power__total: 0.001195891760289669

%OL_END_REPORT
%OL_CREATE_REPORT skew.min.rpt

===========================================================================
Clock Skew (Hold)
============================================================================
Writing metric clock__skew__worst_hold__corner:nom_tt_025C_5v00: -0.200030497827349
======================= nom_tt_025C_5v00 Corner ===================================

Clock in_clk
0.447828 source latency _35_/CLK ^
-0.447859 target latency _34_/CLK ^
-0.200000 clock uncertainty
0.000000 CRPR
--------------
-0.200030 hold skew

%OL_END_REPORT
%OL_CREATE_REPORT skew.max.rpt

===========================================================================
Clock Skew (Setup)
============================================================================
Writing metric clock__skew__worst_setup__corner:nom_tt_025C_5v00: 0.20329768999219403
======================= nom_tt_025C_5v00 Corner ===================================

Clock in_clk
0.447859 source latency _34_/CLK ^
-0.444561 target latency _33_/CLK ^
0.200000 clock uncertainty
0.000000 CRPR
--------------
0.203298 setup skew

%OL_END_REPORT
%OL_CREATE_REPORT ws.min.rpt

===========================================================================
Worst Slack (Hold)
============================================================================
Writing metric timing__hold__ws__corner:nom_tt_025C_5v00: 0.6213739698656596
nom_tt_025C_5v00: 0.6213739698656596
%OL_END_REPORT
%OL_CREATE_REPORT ws.max.rpt

===========================================================================
Worst Slack (Setup)
============================================================================
Writing metric timing__setup__ws__corner:nom_tt_025C_5v00: 8.074902752786965
nom_tt_025C_5v00: 8.074902752786965
%OL_END_REPORT
%OL_CREATE_REPORT tns.min.rpt

===========================================================================
Total Negative Slack (Hold)
============================================================================
Writing metric timing__hold__tns__corner:nom_tt_025C_5v00: 0.0
nom_tt_025C_5v00: 0.0
%OL_END_REPORT
%OL_CREATE_REPORT tns.max.rpt

===========================================================================
Total Negative Slack (Setup)
============================================================================
Writing metric timing__setup__tns__corner:nom_tt_025C_5v00: 0.0
nom_tt_025C_5v00: 0.0
%OL_END_REPORT
%OL_CREATE_REPORT wns.min.rpt

===========================================================================
Worst Negative Slack (Hold)
============================================================================
Writing metric timing__hold__wns__corner:nom_tt_025C_5v00: 0
nom_tt_025C_5v00: 0
%OL_END_REPORT
%OL_CREATE_REPORT wns.max.rpt

===========================================================================
Worst Negative Slack (Setup)
============================================================================
Writing metric timing__setup__wns__corner:nom_tt_025C_5v00: 0.0
nom_tt_025C_5v00: 0.0
%OL_END_REPORT
%OL_CREATE_REPORT violator_list.rpt

===========================================================================
Violator List
============================================================================
Writing metric timing__hold_vio__count__corner:nom_tt_025C_5v00: 0
Writing metric timing__hold_r2r__ws__corner:nom_tt_025C_5v00: 0.621374
Writing metric timing__hold_r2r_vio__count__corner:nom_tt_025C_5v00: 0
Writing metric timing__setup_vio__count__corner:nom_tt_025C_5v00: 0
Writing metric timing__setup_r2r__ws__corner:nom_tt_025C_5v00: 11.200388
Writing metric timing__setup_r2r_vio__count__corner:nom_tt_025C_5v00: 0
%OL_END_REPORT
%OL_CREATE_REPORT unpropagated.rpt
%OL_END_REPORT
%OL_CREATE_REPORT clock.rpt
Clock: in_clk
Sources: in_clk 
Generated: no
Virtual: yes
Propagated: no
Period: 13.563000

===========================================================================
report_clock_properties
============================================================================
Clock                   Period          Waveform
----------------------------------------------------
in_clk               13.563000    0.000000  6.781500

===========================================================================
report_clock_latency
============================================================================
Clock in_clk
rise -> rise
    min     max
0.000000 0.000000 source latency
0.444561         network latency _33_/CLK
        0.447859 network latency _34_/CLK
---------------
0.444561 0.447859 latency
        0.003298 skew

fall -> fall
    min     max
0.000000 0.000000 source latency
0.431363         network latency _33_/CLK
        0.434926 network latency _34_/CLK
---------------
0.431363 0.434926 latency
        0.003563 skew



===========================================================================
report_clock_min_period
============================================================================
in_clk period_min = 2.36 fmax = 423.26
%OL_END_REPORT
