Instance,Terminal,Layer,X location,Y location,Voltage
FILLER_49_376,VSS,Metal1,219.0130,211.2180,0.000000
FILLER_49_357,VSS,Metal1,206.9200,211.6800,0.000000
FILLER_49_339,VSS,Metal1,196.8400,211.6800,0.000000
FILLER_49_337,VSS,Metal1,196.0000,211.6800,0.000000
FILLER_49_322,VSS,Metal1,187.6000,211.6800,0.000000
FILLER_49_274,VSS,Metal1,160.4400,211.6800,0.000000
FILLER_49_271,VSS,Metal1,158.7600,211.6800,0.000000
FILLER_49_240,VSS,Metal1,141.6800,211.6800,0.000000
FILLER_49_232,VSS,Metal1,137.2000,211.6800,0.000000
FILLER_49_228,VSS,Metal1,135.1400,211.3310,0.000000
FILLER_49_212,VSS,Metal1,129.3120,211.1320,0.000000
FILLER_49_203,VSS,Metal1,120.6800,211.6800,0.000000
FILLER_49_190,VSS,Metal1,113.4000,211.6800,0.000000
FILLER_49_188,VSS,Metal1,112.5600,211.6800,0.000000
FILLER_49_172,VSS,Metal1,106.9120,211.1320,0.000000
FILLER_49_158,VSS,Metal1,96.9330,211.2180,0.000000
FILLER_49_153,VSS,Metal1,92.6800,211.6800,0.000000
FILLER_49_147,VSS,Metal1,89.6000,211.6800,0.000000
FILLER_49_125,VSS,Metal1,77.2800,211.6800,0.000000
FILLER_49_108,VSS,Metal1,67.4800,211.6800,0.000000
FILLER_49_104,VSS,Metal1,65.7000,211.3310,0.000000
FILLER_49_93,VSS,Metal1,59.0800,211.6800,0.000000
FILLER_49_91,VSS,Metal1,58.2400,211.6800,0.000000
FILLER_49_87,VSS,Metal1,56.1800,211.3310,0.000000
FILLER_49_67,VSS,Metal1,44.5200,211.6800,0.000000
FILLER_49_65,VSS,Metal1,43.6800,211.6800,0.000000
FILLER_49_56,VSS,Metal1,38.3600,211.6800,0.000000
FILLER_49_42,VSS,Metal1,30.5200,211.6800,0.000000
FILLER_49_40,VSS,Metal1,29.6800,211.6800,0.000000
FILLER_49_36,VSS,Metal1,27.6200,211.3310,0.000000
FILLER_49_33,VSS,Metal1,25.4800,211.6800,0.000000
FILLER_49_17,VSS,Metal1,20.1120,211.1320,0.000000
FILLER_49_8,VSS,Metal1,11.4800,211.6800,0.000000
FILLER_49_6,VSS,Metal1,10.6400,211.6800,0.000000
FILLER_49_2,VSS,Metal1,8.5800,211.3310,0.000000
FILLER_48_356,VSS,Metal1,206.3600,203.8400,0.000000
FILLER_48_244,VSS,Metal1,143.6400,203.8400,0.000000
FILLER_48_206,VSS,Metal1,122.8200,204.1885,0.000000
FILLER_48_170,VSS,Metal1,102.2000,203.8400,0.000000
FILLER_48_168,VSS,Metal1,101.3600,203.8400,0.000000
FILLER_48_133,VSS,Metal1,81.4800,203.8400,0.000000
FILLER_48_131,VSS,Metal1,80.6400,203.8400,0.000000
FILLER_48_104,VSS,Metal1,65.2400,203.8400,0.000000
FILLER_48_98,VSS,Metal1,61.8800,203.8400,0.000000
FILLER_48_53,VSS,Metal1,36.6800,203.8400,0.000000
FILLER_48_51,VSS,Metal1,35.8400,203.8400,0.000000
FILLER_48_37,VSS,Metal1,27.7200,203.8400,0.000000
FILLER_48_29,VSS,Metal1,23.2400,203.8400,0.000000
FILLER_48_27,VSS,Metal1,22.4000,203.8400,0.000000
FILLER_48_23,VSS,Metal1,20.3400,204.1885,0.000000
FILLER_47_352,VSS,Metal1,204.4000,203.8400,0.000000
FILLER_47_294,VSS,Metal1,171.9200,203.8400,0.000000
FILLER_47_279,VSS,Metal1,163.2400,203.8400,0.000000
FILLER_47_277,VSS,Metal1,162.4000,203.8400,0.000000
FILLER_47_218,VSS,Metal1,129.0800,203.8400,0.000000
FILLER_47_208,VSS,Metal1,123.7600,203.8400,0.000000
FILLER_47_196,VSS,Metal1,117.0400,203.8400,0.000000
FILLER_47_92,VSS,Metal1,58.5200,203.8400,0.000000
FILLER_47_88,VSS,Metal1,56.7400,203.4910,0.000000
FILLER_47_74,VSS,Metal1,48.4400,203.8400,0.000000
FILLER_47_72,VSS,Metal1,47.6000,203.8400,0.000000
FILLER_46_337,VSS,Metal1,195.7200,196.0000,0.000000
FILLER_46_210,VSS,Metal1,124.6000,196.0000,0.000000
FILLER_46_208,VSS,Metal1,123.7600,196.0000,0.000000
FILLER_46_166,VSS,Metal1,99.9600,196.0000,0.000000
FILLER_46_117,VSS,Metal1,72.8000,196.0000,0.000000
FILLER_46_103,VSS,Metal1,64.9600,196.0000,0.000000
FILLER_46_68,VSS,Metal1,45.0800,196.0000,0.000000
FILLER_46_66,VSS,Metal1,44.2400,196.0000,0.000000
FILLER_46_23,VSS,Metal1,20.3400,196.3485,0.000000
FILLER_46_2,VSS,Metal1,8.4000,196.0000,0.000000
FILLER_45_352,VSS,Metal1,204.1200,196.0000,0.000000
FILLER_45_349,VSS,Metal1,202.4400,196.0000,0.000000
FILLER_45_340,VSS,Metal1,197.4000,196.0000,0.000000
FILLER_45_338,VSS,Metal1,196.5600,196.0000,0.000000
FILLER_45_278,VSS,Metal1,162.9600,196.0000,0.000000
FILLER_45_198,VSS,Metal1,118.1600,196.0000,0.000000
FILLER_45_127,VSS,Metal1,78.1200,196.0000,0.000000
FILLER_45_125,VSS,Metal1,77.2800,196.0000,0.000000
FILLER_45_69,VSS,Metal1,45.6400,196.0000,0.000000
FILLER_45_63,VSS,Metal1,42.2800,196.0000,0.000000
FILLER_45_4,VSS,Metal1,9.2400,196.0000,0.000000
FILLER_45_2,VSS,Metal1,8.4000,196.0000,0.000000
FILLER_44_383,VSS,Metal1,221.4800,188.1600,0.000000
FILLER_44_183,VSS,Metal1,109.7600,188.1600,0.000000
FILLER_44_140,VSS,Metal1,85.4000,188.1600,0.000000
FILLER_44_107,VSS,Metal1,67.2000,188.1600,0.000000
FILLER_44_86,VSS,Metal1,55.1600,188.1600,0.000000
FILLER_44_82,VSS,Metal1,53.3800,188.5085,0.000000
FILLER_44_58,VSS,Metal1,39.4800,188.1600,0.000000
FILLER_44_56,VSS,Metal1,38.6400,188.1600,0.000000
FILLER_44_34,VSS,Metal1,26.0400,188.1600,0.000000
FILLER_44_18,VSS,Metal1,20.6720,188.7080,0.000000
FILLER_44_2,VSS,Metal1,8.5800,188.5085,0.000000
FILLER_43_367,VSS,Metal1,212.5200,188.1600,0.000000
FILLER_43_357,VSS,Metal1,207.2000,188.1600,0.000000
FILLER_43_348,VSS,Metal1,202.1600,188.1600,0.000000
FILLER_43_335,VSS,Metal1,194.6000,188.1600,0.000000
FILLER_43_288,VSS,Metal1,168.2800,188.1600,0.000000
FILLER_43_279,VSS,Metal1,163.2400,188.1600,0.000000
FILLER_43_277,VSS,Metal1,162.4000,188.1600,0.000000
FILLER_43_212,VSS,Metal1,127.1730,187.6980,0.000000
FILLER_43_197,VSS,Metal1,117.3200,188.1600,0.000000
FILLER_43_191,VSS,Metal1,113.9600,188.1600,0.000000
FILLER_43_189,VSS,Metal1,113.1200,188.1600,0.000000
FILLER_43_105,VSS,Metal1,66.0800,188.1600,0.000000
FILLER_43_95,VSS,Metal1,60.4800,188.1600,0.000000
FILLER_43_80,VSS,Metal1,52.2600,187.8110,0.000000
FILLER_43_72,VSS,Metal1,48.7730,187.6980,0.000000
FILLER_43_69,VSS,Metal1,45.6400,188.1600,0.000000
FILLER_43_48,VSS,Metal1,33.8800,188.1600,0.000000
FILLER_43_36,VSS,Metal1,27.6200,187.8110,0.000000
FILLER_42_383,VSS,Metal1,221.4800,180.3200,0.000000
FILLER_42_381,VSS,Metal1,220.6400,180.3200,0.000000
FILLER_42_377,VSS,Metal1,218.5800,180.6685,0.000000
FILLER_42_333,VSS,Metal1,193.7600,180.3200,0.000000
FILLER_42_239,VSS,Metal1,140.8400,180.3200,0.000000
FILLER_42_203,VSS,Metal1,120.9600,180.3200,0.000000
FILLER_42_179,VSS,Metal1,107.2400,180.3200,0.000000
FILLER_42_177,VSS,Metal1,106.4000,180.3200,0.000000
FILLER_42_174,VSS,Metal1,104.4400,180.3200,0.000000
FILLER_42_170,VSS,Metal1,102.6600,180.6685,0.000000
FILLER_42_162,VSS,Metal1,98.1800,180.6685,0.000000
FILLER_42_120,VSS,Metal1,74.4800,180.3200,0.000000
FILLER_42_116,VSS,Metal1,72.4200,180.6685,0.000000
FILLER_42_107,VSS,Metal1,66.9200,180.3200,0.000000
FILLER_42_104,VSS,Metal1,65.2400,180.3200,0.000000
FILLER_42_102,VSS,Metal1,64.4000,180.3200,0.000000
FILLER_42_45,VSS,Metal1,32.4800,180.3200,0.000000
FILLER_42_26,VSS,Metal1,21.8400,180.3200,0.000000
FILLER_42_2,VSS,Metal1,8.1200,180.3200,0.000000
FILLER_41_292,VSS,Metal1,170.5200,180.3200,0.000000
FILLER_41_290,VSS,Metal1,169.6800,180.3200,0.000000
FILLER_41_218,VSS,Metal1,129.0800,180.3200,0.000000
FILLER_41_216,VSS,Metal1,128.2400,180.3200,0.000000
FILLER_41_212,VSS,Metal1,126.1800,179.9710,0.000000
FILLER_41_189,VSS,Metal1,112.8400,180.3200,0.000000
FILLER_41_84,VSS,Metal1,54.0400,180.3200,0.000000
FILLER_41_80,VSS,Metal1,52.2600,179.9710,0.000000
FILLER_41_72,VSS,Metal1,48.7730,179.8580,0.000000
FILLER_41_68,VSS,Metal1,45.3600,180.3200,0.000000
FILLER_41_23,VSS,Metal1,19.8800,180.3200,0.000000
FILLER_41_21,VSS,Metal1,19.0400,180.3200,0.000000
FILLER_41_17,VSS,Metal1,16.9800,179.9710,0.000000
FILLER_41_8,VSS,Metal1,11.4800,180.3200,0.000000
FILLER_41_6,VSS,Metal1,10.6400,180.3200,0.000000
FILLER_41_2,VSS,Metal1,8.5800,179.9710,0.000000
FILLER_40_349,VSS,Metal1,202.4400,172.4800,0.000000
FILLER_40_347,VSS,Metal1,201.6000,172.4800,0.000000
FILLER_40_314,VSS,Metal1,182.8400,172.4800,0.000000
FILLER_40_239,VSS,Metal1,140.8400,172.4800,0.000000
FILLER_40_204,VSS,Metal1,121.2400,172.4800,0.000000
FILLER_40_202,VSS,Metal1,120.4000,172.4800,0.000000
FILLER_40_192,VSS,Metal1,114.8000,172.4800,0.000000
FILLER_40_184,VSS,Metal1,110.3200,172.4800,0.000000
FILLER_40_166,VSS,Metal1,99.9600,172.4800,0.000000
FILLER_40_130,VSS,Metal1,80.0800,172.4800,0.000000
FILLER_40_103,VSS,Metal1,64.9600,172.4800,0.000000
FILLER_40_21,VSS,Metal1,18.7600,172.4800,0.000000
FILLER_40_19,VSS,Metal1,17.9200,172.4800,0.000000
FILLER_40_15,VSS,Metal1,15.8600,172.8285,0.000000
FILLER_40_2,VSS,Metal1,8.1200,172.4800,0.000000
FILLER_39_354,VSS,Metal1,205.2400,172.4800,0.000000
FILLER_39_352,VSS,Metal1,204.4000,172.4800,0.000000
FILLER_39_348,VSS,Metal1,202.1600,172.4800,0.000000
FILLER_39_298,VSS,Metal1,174.1600,172.4800,0.000000
FILLER_39_257,VSS,Metal1,150.9200,172.4800,0.000000
FILLER_39_216,VSS,Metal1,127.9600,172.4800,0.000000
FILLER_39_203,VSS,Metal1,120.6800,172.4800,0.000000
FILLER_39_201,VSS,Metal1,119.8400,172.4800,0.000000
FILLER_39_197,VSS,Metal1,117.7800,172.1310,0.000000
FILLER_39_146,VSS,Metal1,88.7600,172.4800,0.000000
FILLER_39_142,VSS,Metal1,86.9800,172.1310,0.000000
FILLER_39_72,VSS,Metal1,47.3200,172.4800,0.000000
FILLER_39_46,VSS,Metal1,33.2200,172.1310,0.000000
FILLER_39_38,VSS,Metal1,28.2800,172.4800,0.000000
FILLER_39_36,VSS,Metal1,27.4400,172.4800,0.000000
FILLER_38_336,VSS,Metal1,195.4400,164.6400,0.000000
FILLER_38_326,VSS,Metal1,189.5600,164.6400,0.000000
FILLER_38_319,VSS,Metal1,185.6400,164.6400,0.000000
FILLER_38_317,VSS,Metal1,184.8000,164.6400,0.000000
FILLER_38_233,VSS,Metal1,138.9330,165.1015,0.000000
FILLER_38_190,VSS,Metal1,113.6800,164.6400,0.000000
FILLER_38_177,VSS,Metal1,106.1200,164.6400,0.000000
FILLER_38_169,VSS,Metal1,101.6400,164.6400,0.000000
FILLER_38_167,VSS,Metal1,100.8000,164.6400,0.000000
FILLER_38_160,VSS,Metal1,96.8800,164.6400,0.000000
FILLER_38_109,VSS,Metal1,68.0400,164.6400,0.000000
FILLER_38_107,VSS,Metal1,67.2000,164.6400,0.000000
FILLER_38_37,VSS,Metal1,27.7200,164.6400,0.000000
FILLER_38_24,VSS,Metal1,20.4400,164.6400,0.000000
FILLER_38_2,VSS,Metal1,8.5800,164.9885,0.000000
FILLER_37_363,VSS,Metal1,210.2800,164.6400,0.000000
FILLER_37_354,VSS,Metal1,205.2400,164.6400,0.000000
FILLER_37_352,VSS,Metal1,204.4000,164.6400,0.000000
FILLER_37_349,VSS,Metal1,202.4400,164.6400,0.000000
FILLER_37_330,VSS,Metal1,191.8000,164.6400,0.000000
FILLER_37_282,VSS,Metal1,164.9200,164.6400,0.000000
FILLER_37_254,VSS,Metal1,149.2400,164.6400,0.000000
FILLER_37_252,VSS,Metal1,148.4000,164.6400,0.000000
FILLER_37_217,VSS,Metal1,128.5200,164.6400,0.000000
FILLER_37_197,VSS,Metal1,117.3200,164.6400,0.000000
FILLER_37_185,VSS,Metal1,110.6000,164.6400,0.000000
FILLER_37_183,VSS,Metal1,109.7600,164.6400,0.000000
FILLER_37_147,VSS,Metal1,89.6000,164.6400,0.000000
FILLER_37_100,VSS,Metal1,63.0000,164.6400,0.000000
FILLER_37_80,VSS,Metal1,51.8000,164.6400,0.000000
FILLER_37_68,VSS,Metal1,45.3600,164.6400,0.000000
FILLER_36_383,VSS,Metal1,221.4800,156.8000,0.000000
FILLER_36_381,VSS,Metal1,220.6400,156.8000,0.000000
FILLER_36_249,VSS,Metal1,146.4400,156.8000,0.000000
FILLER_36_247,VSS,Metal1,145.6000,156.8000,0.000000
FILLER_36_201,VSS,Metal1,119.8400,156.8000,0.000000
FILLER_36_197,VSS,Metal1,117.7800,157.1485,0.000000
FILLER_36_165,VSS,Metal1,99.4000,156.8000,0.000000
FILLER_36_107,VSS,Metal1,67.2000,156.8000,0.000000
FILLER_36_94,VSS,Metal1,59.6400,156.8000,0.000000
FILLER_36_92,VSS,Metal1,58.8000,156.8000,0.000000
FILLER_36_57,VSS,Metal1,38.9200,156.8000,0.000000
FILLER_36_39,VSS,Metal1,28.8400,156.8000,0.000000
FILLER_36_37,VSS,Metal1,28.0000,156.8000,0.000000
FILLER_36_6,VSS,Metal1,10.3600,156.8000,0.000000
FILLER_36_2,VSS,Metal1,8.5800,157.1485,0.000000
FILLER_35_383,VSS,Metal1,221.4800,156.8000,0.000000
FILLER_35_349,VSS,Metal1,202.4400,156.8000,0.000000
FILLER_35_330,VSS,Metal1,191.8000,156.8000,0.000000
FILLER_35_282,VSS,Metal1,165.2000,156.8000,0.000000
FILLER_35_208,VSS,Metal1,123.7600,156.8000,0.000000
FILLER_35_204,VSS,Metal1,121.7000,156.4510,0.000000
FILLER_35_192,VSS,Metal1,114.8000,156.8000,0.000000
FILLER_35_188,VSS,Metal1,112.7400,156.4510,0.000000
FILLER_35_114,VSS,Metal1,70.8400,156.8000,0.000000
FILLER_35_112,VSS,Metal1,70.0000,156.8000,0.000000
FILLER_35_86,VSS,Metal1,55.1600,156.8000,0.000000
FILLER_35_84,VSS,Metal1,54.3200,156.8000,0.000000
FILLER_35_69,VSS,Metal1,45.6400,156.8000,0.000000
FILLER_35_67,VSS,Metal1,44.8000,156.8000,0.000000
FILLER_34_366,VSS,Metal1,212.2400,148.9600,0.000000
FILLER_34_314,VSS,Metal1,182.8400,148.9600,0.000000
FILLER_34_306,VSS,Metal1,179.8130,149.4215,0.000000
FILLER_34_287,VSS,Metal1,167.7200,148.9600,0.000000
FILLER_34_276,VSS,Metal1,161.5600,148.9600,0.000000
FILLER_34_274,VSS,Metal1,160.7200,148.9600,0.000000
FILLER_34_257,VSS,Metal1,150.9200,148.9600,0.000000
FILLER_34_255,VSS,Metal1,150.0800,148.9600,0.000000
FILLER_34_247,VSS,Metal1,146.7730,149.4215,0.000000
FILLER_34_210,VSS,Metal1,124.6000,148.9600,0.000000
FILLER_34_185,VSS,Metal1,110.6000,148.9600,0.000000
FILLER_34_181,VSS,Metal1,108.8200,149.3085,0.000000
FILLER_34_168,VSS,Metal1,101.0800,148.9600,0.000000
FILLER_34_166,VSS,Metal1,100.2400,148.9600,0.000000
FILLER_34_123,VSS,Metal1,76.3400,149.3085,0.000000
FILLER_34_92,VSS,Metal1,58.5200,148.9600,0.000000
FILLER_34_57,VSS,Metal1,38.9200,148.9600,0.000000
FILLER_34_17,VSS,Metal1,16.5200,148.9600,0.000000
FILLER_34_2,VSS,Metal1,8.5800,149.3085,0.000000
FILLER_33_359,VSS,Metal1,208.0400,148.9600,0.000000
FILLER_33_304,VSS,Metal1,177.7000,148.6110,0.000000
FILLER_33_290,VSS,Metal1,169.6800,148.9600,0.000000
FILLER_33_282,VSS,Metal1,165.2000,148.9600,0.000000
FILLER_33_278,VSS,Metal1,162.9600,148.9600,0.000000
FILLER_33_256,VSS,Metal1,150.3600,148.9600,0.000000
FILLER_33_254,VSS,Metal1,149.5200,148.9600,0.000000
FILLER_33_246,VSS,Metal1,146.2130,148.4980,0.000000
FILLER_33_208,VSS,Metal1,123.7600,148.9600,0.000000
FILLER_33_204,VSS,Metal1,121.7000,148.6110,0.000000
FILLER_33_189,VSS,Metal1,113.1200,148.9600,0.000000
FILLER_33_149,VSS,Metal1,90.4400,148.9600,0.000000
FILLER_33_147,VSS,Metal1,89.6000,148.9600,0.000000
FILLER_33_139,VSS,Metal1,84.8400,148.9600,0.000000
FILLER_33_137,VSS,Metal1,84.0000,148.9600,0.000000
FILLER_33_106,VSS,Metal1,66.6400,148.9600,0.000000
FILLER_33_55,VSS,Metal1,38.0800,148.9600,0.000000
FILLER_33_36,VSS,Metal1,27.6200,148.6110,0.000000
FILLER_32_325,VSS,Metal1,189.2800,141.1200,0.000000
FILLER_32_317,VSS,Metal1,185.9730,141.5815,0.000000
FILLER_32_314,VSS,Metal1,182.8400,141.1200,0.000000
FILLER_32_306,VSS,Metal1,179.8130,141.5815,0.000000
FILLER_32_277,VSS,Metal1,162.1200,141.1200,0.000000
FILLER_32_273,VSS,Metal1,160.3400,141.4685,0.000000
FILLER_32_247,VSS,Metal1,148.9120,141.6680,0.000000
FILLER_32_244,VSS,Metal1,143.6400,141.1200,0.000000
FILLER_32_240,VSS,Metal1,141.8600,141.4685,0.000000
FILLER_32_232,VSS,Metal1,138.3730,141.5815,0.000000
FILLER_32_225,VSS,Metal1,133.2800,141.1200,0.000000
FILLER_32_217,VSS,Metal1,129.9730,141.5815,0.000000
FILLER_32_211,VSS,Metal1,125.1600,141.1200,0.000000
FILLER_32_207,VSS,Metal1,123.3800,141.4685,0.000000
FILLER_32_198,VSS,Metal1,117.8800,141.1200,0.000000
FILLER_32_196,VSS,Metal1,117.0400,141.1200,0.000000
FILLER_32_181,VSS,Metal1,108.6400,141.1200,0.000000
FILLER_32_177,VSS,Metal1,106.5800,141.4685,0.000000
FILLER_32_159,VSS,Metal1,99.6320,141.6680,0.000000
FILLER_32_107,VSS,Metal1,67.2000,141.1200,0.000000
FILLER_32_90,VSS,Metal1,57.4000,141.1200,0.000000
FILLER_32_39,VSS,Metal1,28.8400,141.1200,0.000000
FILLER_32_37,VSS,Metal1,28.0000,141.1200,0.000000
FILLER_32_2,VSS,Metal1,8.1200,141.1200,0.000000
FILLER_31_296,VSS,Metal1,173.0400,141.1200,0.000000
FILLER_31_292,VSS,Metal1,170.9800,140.7710,0.000000
FILLER_31_274,VSS,Metal1,160.7200,141.1200,0.000000
FILLER_31_270,VSS,Metal1,158.6600,140.7710,0.000000
FILLER_31_234,VSS,Metal1,138.3200,141.1200,0.000000
FILLER_31_225,VSS,Metal1,133.0000,141.1200,0.000000
FILLER_31_223,VSS,Metal1,132.1600,141.1200,0.000000
FILLER_31_214,VSS,Metal1,126.8400,141.1200,0.000000
FILLER_31_212,VSS,Metal1,126.0000,141.1200,0.000000
FILLER_31_208,VSS,Metal1,123.7600,141.1200,0.000000
FILLER_31_196,VSS,Metal1,117.0400,141.1200,0.000000
FILLER_31_155,VSS,Metal1,94.0800,141.1200,0.000000
FILLER_31_142,VSS,Metal1,86.5200,141.1200,0.000000
FILLER_31_136,VSS,Metal1,83.6200,140.7710,0.000000
FILLER_31_108,VSS,Metal1,67.4800,141.1200,0.000000
FILLER_31_106,VSS,Metal1,66.6400,141.1200,0.000000
FILLER_31_69,VSS,Metal1,45.6400,141.1200,0.000000
FILLER_31_67,VSS,Metal1,44.8000,141.1200,0.000000
FILLER_31_38,VSS,Metal1,28.2800,141.1200,0.000000
FILLER_31_36,VSS,Metal1,27.4400,141.1200,0.000000
FILLER_30_344,VSS,Metal1,199.6400,133.2800,0.000000
FILLER_30_342,VSS,Metal1,198.8000,133.2800,0.000000
FILLER_30_338,VSS,Metal1,196.7400,133.6285,0.000000
FILLER_30_322,VSS,Metal1,190.9120,133.8280,0.000000
FILLER_30_313,VSS,Metal1,182.5600,133.2800,0.000000
FILLER_30_298,VSS,Metal1,173.8800,133.2800,0.000000
FILLER_30_249,VSS,Metal1,146.4400,133.2800,0.000000
FILLER_30_247,VSS,Metal1,145.6000,133.2800,0.000000
FILLER_30_244,VSS,Metal1,143.6400,133.2800,0.000000
FILLER_30_221,VSS,Metal1,131.0400,133.2800,0.000000
FILLER_30_213,VSS,Metal1,127.7330,133.7415,0.000000
FILLER_30_207,VSS,Metal1,122.9200,133.2800,0.000000
FILLER_30_205,VSS,Metal1,122.0800,133.2800,0.000000
FILLER_30_195,VSS,Metal1,116.2000,133.2800,0.000000
FILLER_30_191,VSS,Metal1,114.4200,133.6285,0.000000
FILLER_30_127,VSS,Metal1,78.1200,133.2800,0.000000
FILLER_30_104,VSS,Metal1,65.2400,133.2800,0.000000
FILLER_30_102,VSS,Metal1,64.4000,133.2800,0.000000
FILLER_30_67,VSS,Metal1,44.5200,133.2800,0.000000
FILLER_30_37,VSS,Metal1,27.7200,133.2800,0.000000
FILLER_30_29,VSS,Metal1,23.2400,133.2800,0.000000
FILLER_30_27,VSS,Metal1,22.4000,133.2800,0.000000
FILLER_30_23,VSS,Metal1,20.3400,133.6285,0.000000
FILLER_30_2,VSS,Metal1,8.1200,133.2800,0.000000
FILLER_29_354,VSS,Metal1,205.2400,133.2800,0.000000
FILLER_29_352,VSS,Metal1,204.4000,133.2800,0.000000
FILLER_29_299,VSS,Metal1,174.4400,133.2800,0.000000
FILLER_29_282,VSS,Metal1,165.2000,133.2800,0.000000
FILLER_29_274,VSS,Metal1,160.7200,133.2800,0.000000
FILLER_29_270,VSS,Metal1,158.6600,132.9310,0.000000
FILLER_29_235,VSS,Metal1,138.6000,133.2800,0.000000
FILLER_29_231,VSS,Metal1,136.8200,132.9310,0.000000
FILLER_29_212,VSS,Metal1,126.0000,133.2800,0.000000
FILLER_29_209,VSS,Metal1,124.0400,133.2800,0.000000
FILLER_29_207,VSS,Metal1,123.2000,133.2800,0.000000
FILLER_29_185,VSS,Metal1,110.8800,133.2800,0.000000
FILLER_29_150,VSS,Metal1,91.0000,133.2800,0.000000
FILLER_29_136,VSS,Metal1,83.6200,132.9310,0.000000
FILLER_29_127,VSS,Metal1,78.1200,133.2800,0.000000
FILLER_29_125,VSS,Metal1,77.2800,133.2800,0.000000
FILLER_29_105,VSS,Metal1,66.0800,133.2800,0.000000
FILLER_29_85,VSS,Metal1,54.8800,133.2800,0.000000
FILLER_29_61,VSS,Metal1,41.6200,132.9310,0.000000
FILLER_29_54,VSS,Metal1,37.5200,133.2800,0.000000
FILLER_28_383,VSS,Metal1,221.4800,125.4400,0.000000
FILLER_28_304,VSS,Metal1,177.2400,125.4400,0.000000
FILLER_28_302,VSS,Metal1,176.4000,125.4400,0.000000
FILLER_28_247,VSS,Metal1,145.7800,125.7885,0.000000
FILLER_28_229,VSS,Metal1,135.7000,125.7885,0.000000
FILLER_28_221,VSS,Metal1,132.2130,125.9015,0.000000
FILLER_28_186,VSS,Metal1,111.4400,125.4400,0.000000
FILLER_28_174,VSS,Metal1,104.4400,125.4400,0.000000
FILLER_28_166,VSS,Metal1,101.4130,125.9015,0.000000
FILLER_28_135,VSS,Metal1,83.0600,125.7885,0.000000
FILLER_28_126,VSS,Metal1,77.5600,125.4400,0.000000
FILLER_28_115,VSS,Metal1,71.4000,125.4400,0.000000
FILLER_28_98,VSS,Metal1,61.8800,125.4400,0.000000
FILLER_28_56,VSS,Metal1,39.8130,125.9015,0.000000
FILLER_28_37,VSS,Metal1,28.0000,125.4400,0.000000
FILLER_28_31,VSS,Metal1,24.8200,125.7885,0.000000
FILLER_28_23,VSS,Metal1,21.3330,125.9015,0.000000
FILLER_28_2,VSS,Metal1,8.1200,125.4400,0.000000
FILLER_27_291,VSS,Metal1,170.2400,125.4400,0.000000
FILLER_27_276,VSS,Metal1,162.0200,125.0910,0.000000
FILLER_27_236,VSS,Metal1,139.1600,125.4400,0.000000
FILLER_27_232,VSS,Metal1,137.3800,125.0910,0.000000
FILLER_27_212,VSS,Metal1,125.7200,125.4400,0.000000
FILLER_27_206,VSS,Metal1,122.8200,125.0910,0.000000
FILLER_27_194,VSS,Metal1,115.6400,125.4400,0.000000
FILLER_27_192,VSS,Metal1,114.8000,125.4400,0.000000
FILLER_27_188,VSS,Metal1,112.7400,125.0910,0.000000
FILLER_27_182,VSS,Metal1,108.9200,125.4400,0.000000
FILLER_27_146,VSS,Metal1,89.0400,125.4400,0.000000
FILLER_27_142,VSS,Metal1,86.9800,125.0910,0.000000
FILLER_27_139,VSS,Metal1,84.8400,125.4400,0.000000
FILLER_27_114,VSS,Metal1,71.3000,125.0910,0.000000
FILLER_27_46,VSS,Metal1,33.2200,125.0910,0.000000
FILLER_27_37,VSS,Metal1,28.1800,125.0910,0.000000
FILLER_27_2,VSS,Metal1,8.1200,125.4400,0.000000
FILLER_26_365,VSS,Metal1,211.6800,117.6000,0.000000
FILLER_26_329,VSS,Metal1,191.5200,117.6000,0.000000
FILLER_26_325,VSS,Metal1,189.4600,117.9485,0.000000
FILLER_26_317,VSS,Metal1,185.9730,118.0615,0.000000
FILLER_26_305,VSS,Metal1,178.0800,117.6000,0.000000
FILLER_26_233,VSS,Metal1,138.9330,118.0615,0.000000
FILLER_26_216,VSS,Metal1,127.9600,117.6000,0.000000
FILLER_26_212,VSS,Metal1,126.1800,117.9485,0.000000
FILLER_26_204,VSS,Metal1,122.6930,118.0615,0.000000
FILLER_26_140,VSS,Metal1,85.4000,117.6000,0.000000
FILLER_26_138,VSS,Metal1,84.5600,117.6000,0.000000
FILLER_26_93,VSS,Metal1,59.5400,117.9485,0.000000
FILLER_26_60,VSS,Metal1,41.0600,117.9485,0.000000
FILLER_26_45,VSS,Metal1,32.4800,117.6000,0.000000
FILLER_26_37,VSS,Metal1,29.1730,118.0615,0.000000
FILLER_26_34,VSS,Metal1,26.0400,117.6000,0.000000
FILLER_26_32,VSS,Metal1,25.2000,117.6000,0.000000
FILLER_26_4,VSS,Metal1,9.2400,117.6000,0.000000
FILLER_26_2,VSS,Metal1,8.4000,117.6000,0.000000
FILLER_25_382,VSS,Metal1,221.2000,117.6000,0.000000
FILLER_25_352,VSS,Metal1,204.1200,117.6000,0.000000
FILLER_25_298,VSS,Metal1,174.1600,117.6000,0.000000
FILLER_25_294,VSS,Metal1,172.1000,117.2510,0.000000
FILLER_25_284,VSS,Metal1,166.0400,117.6000,0.000000
FILLER_25_282,VSS,Metal1,165.2000,117.6000,0.000000
FILLER_25_279,VSS,Metal1,163.2400,117.6000,0.000000
FILLER_25_260,VSS,Metal1,152.6000,117.6000,0.000000
FILLER_25_222,VSS,Metal1,131.7800,117.2510,0.000000
FILLER_25_212,VSS,Metal1,126.0000,117.6000,0.000000
FILLER_25_208,VSS,Metal1,123.7600,117.6000,0.000000
FILLER_25_194,VSS,Metal1,115.9200,117.6000,0.000000
FILLER_25_139,VSS,Metal1,84.8400,117.6000,0.000000
FILLER_25_63,VSS,Metal1,42.5600,117.6000,0.000000
FILLER_25_59,VSS,Metal1,40.5000,117.2510,0.000000
FILLER_25_2,VSS,Metal1,8.5800,117.2510,0.000000
FILLER_24_362,VSS,Metal1,209.7200,109.7600,0.000000
FILLER_24_360,VSS,Metal1,208.8800,109.7600,0.000000
FILLER_24_317,VSS,Metal1,184.5200,109.7600,0.000000
FILLER_24_293,VSS,Metal1,171.3600,109.7600,0.000000
FILLER_24_281,VSS,Metal1,164.3600,109.7600,0.000000
FILLER_24_244,VSS,Metal1,143.6400,109.7600,0.000000
FILLER_24_240,VSS,Metal1,141.8600,110.1085,0.000000
FILLER_24_232,VSS,Metal1,138.3730,110.2215,0.000000
FILLER_24_207,VSS,Metal1,123.2000,109.7600,0.000000
FILLER_24_203,VSS,Metal1,121.1400,110.1085,0.000000
FILLER_24_177,VSS,Metal1,107.5730,110.2215,0.000000
FILLER_24_116,VSS,Metal1,72.2400,109.7600,0.000000
FILLER_24_88,VSS,Metal1,56.2800,109.7600,0.000000
FILLER_24_86,VSS,Metal1,55.4400,109.7600,0.000000
FILLER_24_74,VSS,Metal1,48.9000,110.1085,0.000000
FILLER_24_51,VSS,Metal1,35.8400,109.7600,0.000000
FILLER_24_37,VSS,Metal1,28.1800,110.1085,0.000000
FILLER_24_34,VSS,Metal1,26.0400,109.7600,0.000000
FILLER_24_32,VSS,Metal1,25.2000,109.7600,0.000000
FILLER_24_28,VSS,Metal1,23.1400,110.1085,0.000000
FILLER_24_2,VSS,Metal1,8.1200,109.7600,0.000000
FILLER_23_382,VSS,Metal1,221.2000,109.7600,0.000000
FILLER_23_364,VSS,Metal1,210.8400,109.7600,0.000000
FILLER_23_352,VSS,Metal1,204.4000,109.7600,0.000000
FILLER_23_312,VSS,Metal1,182.1800,109.4110,0.000000
FILLER_23_302,VSS,Metal1,176.4000,109.7600,0.000000
FILLER_23_282,VSS,Metal1,165.3800,109.4110,0.000000
FILLER_23_278,VSS,Metal1,162.9600,109.7600,0.000000
FILLER_23_223,VSS,Metal1,131.8800,109.7600,0.000000
FILLER_23_214,VSS,Metal1,126.8400,109.7600,0.000000
FILLER_23_212,VSS,Metal1,126.0000,109.7600,0.000000
FILLER_23_209,VSS,Metal1,124.0400,109.7600,0.000000
FILLER_23_199,VSS,Metal1,118.4400,109.7600,0.000000
FILLER_23_197,VSS,Metal1,117.6000,109.7600,0.000000
FILLER_23_189,VSS,Metal1,114.2930,109.2980,0.000000
FILLER_23_147,VSS,Metal1,90.7730,109.2980,0.000000
FILLER_23_136,VSS,Metal1,83.6200,109.4110,0.000000
FILLER_23_124,VSS,Metal1,76.7200,109.7600,0.000000
FILLER_23_115,VSS,Metal1,71.4000,109.7600,0.000000
FILLER_23_69,VSS,Metal1,45.6400,109.7600,0.000000
FILLER_23_61,VSS,Metal1,42.6130,109.2980,0.000000
FILLER_23_55,VSS,Metal1,37.8000,109.7600,0.000000
FILLER_23_43,VSS,Metal1,31.0800,109.7600,0.000000
FILLER_23_2,VSS,Metal1,8.1200,109.7600,0.000000
FILLER_22_329,VSS,Metal1,191.2400,101.9200,0.000000
FILLER_22_293,VSS,Metal1,171.3600,101.9200,0.000000
FILLER_22_277,VSS,Metal1,162.4000,101.9200,0.000000
FILLER_22_267,VSS,Metal1,156.5200,101.9200,0.000000
FILLER_22_265,VSS,Metal1,155.6800,101.9200,0.000000
FILLER_22_247,VSS,Metal1,145.7800,102.2685,0.000000
FILLER_22_244,VSS,Metal1,143.6400,101.9200,0.000000
FILLER_22_242,VSS,Metal1,142.8000,101.9200,0.000000
FILLER_22_226,VSS,Metal1,137.1520,102.4680,0.000000
FILLER_22_208,VSS,Metal1,123.7600,101.9200,0.000000
FILLER_22_204,VSS,Metal1,121.7000,102.2685,0.000000
FILLER_22_188,VSS,Metal1,112.5600,101.9200,0.000000
FILLER_22_174,VSS,Metal1,104.4400,101.9200,0.000000
FILLER_22_117,VSS,Metal1,72.5200,101.9200,0.000000
FILLER_22_115,VSS,Metal1,71.6800,101.9200,0.000000
FILLER_22_91,VSS,Metal1,57.9600,101.9200,0.000000
FILLER_22_85,VSS,Metal1,54.6000,101.9200,0.000000
FILLER_22_77,VSS,Metal1,51.5730,102.3815,0.000000
FILLER_22_70,VSS,Metal1,46.4800,101.9200,0.000000
FILLER_22_66,VSS,Metal1,44.4200,102.2685,0.000000
FILLER_22_58,VSS,Metal1,40.9330,102.3815,0.000000
FILLER_22_21,VSS,Metal1,19.2200,102.2685,0.000000
FILLER_22_2,VSS,Metal1,8.4000,101.9200,0.000000
FILLER_21_382,VSS,Metal1,221.2000,101.9200,0.000000
FILLER_21_306,VSS,Metal1,178.3600,101.9200,0.000000
FILLER_21_284,VSS,Metal1,166.0400,101.9200,0.000000
FILLER_21_282,VSS,Metal1,165.2000,101.9200,0.000000
FILLER_21_256,VSS,Metal1,150.3600,101.9200,0.000000
FILLER_21_220,VSS,Metal1,130.4800,101.9200,0.000000
FILLER_21_208,VSS,Metal1,123.7600,101.9200,0.000000
FILLER_21_204,VSS,Metal1,121.7000,101.5710,0.000000
FILLER_21_188,VSS,Metal1,113.7330,101.4580,0.000000
FILLER_21_178,VSS,Metal1,106.6800,101.9200,0.000000
FILLER_21_171,VSS,Metal1,103.0400,101.9200,0.000000
FILLER_21_160,VSS,Metal1,96.6000,101.9200,0.000000
FILLER_21_150,VSS,Metal1,91.2800,101.9200,0.000000
FILLER_21_142,VSS,Metal1,87.9730,101.4580,0.000000
FILLER_21_139,VSS,Metal1,84.8400,101.9200,0.000000
FILLER_21_105,VSS,Metal1,66.0800,101.9200,0.000000
FILLER_21_96,VSS,Metal1,61.2200,101.5710,0.000000
FILLER_21_74,VSS,Metal1,48.4400,101.9200,0.000000
FILLER_21_72,VSS,Metal1,47.6000,101.9200,0.000000
FILLER_21_36,VSS,Metal1,27.1600,101.9200,0.000000
FILLER_20_366,VSS,Metal1,212.2400,94.0800,0.000000
FILLER_20_351,VSS,Metal1,203.8400,94.0800,0.000000
FILLER_20_302,VSS,Metal1,176.1200,94.0800,0.000000
FILLER_20_249,VSS,Metal1,146.4400,94.0800,0.000000
FILLER_20_247,VSS,Metal1,145.6000,94.0800,0.000000
FILLER_20_240,VSS,Metal1,141.4000,94.0800,0.000000
FILLER_20_238,VSS,Metal1,140.5600,94.0800,0.000000
FILLER_20_230,VSS,Metal1,137.2530,94.5415,0.000000
FILLER_20_200,VSS,Metal1,119.0000,94.0800,0.000000
FILLER_20_173,VSS,Metal1,104.1600,94.0800,0.000000
FILLER_20_167,VSS,Metal1,100.5200,94.0800,0.000000
FILLER_20_132,VSS,Metal1,80.9200,94.0800,0.000000
FILLER_20_130,VSS,Metal1,80.0800,94.0800,0.000000
FILLER_20_107,VSS,Metal1,67.2000,94.0800,0.000000
FILLER_20_104,VSS,Metal1,65.2400,94.0800,0.000000
FILLER_20_56,VSS,Metal1,38.3600,94.0800,0.000000
FILLER_20_54,VSS,Metal1,37.5200,94.0800,0.000000
FILLER_20_37,VSS,Metal1,27.7200,94.0800,0.000000
FILLER_19_356,VSS,Metal1,206.6400,94.0800,0.000000
FILLER_19_352,VSS,Metal1,204.5800,93.7310,0.000000
FILLER_19_348,VSS,Metal1,202.1600,94.0800,0.000000
FILLER_19_344,VSS,Metal1,200.1000,93.7310,0.000000
FILLER_19_278,VSS,Metal1,162.9600,94.0800,0.000000
FILLER_19_263,VSS,Metal1,154.2800,94.0800,0.000000
FILLER_19_227,VSS,Metal1,134.4000,94.0800,0.000000
FILLER_19_223,VSS,Metal1,132.3400,93.7310,0.000000
FILLER_19_214,VSS,Metal1,126.8400,94.0800,0.000000
FILLER_19_212,VSS,Metal1,126.0000,94.0800,0.000000
FILLER_19_176,VSS,Metal1,105.5600,94.0800,0.000000
FILLER_19_138,VSS,Metal1,84.5600,94.0800,0.000000
FILLER_19_103,VSS,Metal1,65.1400,93.7310,0.000000
FILLER_19_45,VSS,Metal1,32.2000,94.0800,0.000000
FILLER_18_365,VSS,Metal1,211.6800,86.2400,0.000006
FILLER_18_361,VSS,Metal1,209.6200,86.5885,0.000006
FILLER_18_353,VSS,Metal1,206.1330,86.7015,0.000006
FILLER_18_317,VSS,Metal1,184.8000,86.2400,0.000006
FILLER_18_240,VSS,Metal1,141.4000,86.2400,0.000007
FILLER_18_238,VSS,Metal1,140.5600,86.2400,0.000007
FILLER_18_234,VSS,Metal1,138.5000,86.5885,0.000007
FILLER_18_226,VSS,Metal1,135.0130,86.7015,0.000007
FILLER_18_212,VSS,Metal1,126.0000,86.2400,0.000007
FILLER_18_189,VSS,Metal1,114.2930,86.7015,0.000008
FILLER_18_183,VSS,Metal1,109.4800,86.2400,0.000008
FILLER_18_181,VSS,Metal1,108.6400,86.2400,0.000008
FILLER_18_177,VSS,Metal1,106.5800,86.5885,0.000008
FILLER_18_165,VSS,Metal1,99.4000,86.2400,0.000008
FILLER_18_163,VSS,Metal1,98.5600,86.2400,0.000008
FILLER_18_128,VSS,Metal1,78.6800,86.2400,0.000008
FILLER_18_126,VSS,Metal1,77.8400,86.2400,0.000008
FILLER_18_57,VSS,Metal1,39.2000,86.2400,0.000010
FILLER_18_47,VSS,Metal1,33.6000,86.2400,0.000010
FILLER_18_4,VSS,Metal1,9.2400,86.2400,0.000012
FILLER_18_2,VSS,Metal1,8.4000,86.2400,0.000012
FILLER_17_354,VSS,Metal1,205.2400,86.2400,0.000006
FILLER_17_352,VSS,Metal1,204.4000,86.2400,0.000006
FILLER_17_279,VSS,Metal1,163.2400,86.2400,0.000006
FILLER_17_219,VSS,Metal1,129.6400,86.2400,0.000007
FILLER_17_217,VSS,Metal1,128.8000,86.2400,0.000007
FILLER_17_208,VSS,Metal1,123.7600,86.2400,0.000007
FILLER_17_149,VSS,Metal1,90.7200,86.2400,0.000008
FILLER_17_136,VSS,Metal1,83.6200,85.8910,0.000008
FILLER_17_109,VSS,Metal1,68.5000,85.8910,0.000008
FILLER_17_82,VSS,Metal1,53.2000,86.2400,0.000010
FILLER_17_72,VSS,Metal1,47.7800,85.8910,0.000010
FILLER_17_69,VSS,Metal1,45.6400,86.2400,0.000010
FILLER_17_22,VSS,Metal1,19.3200,86.2400,0.000012
FILLER_17_20,VSS,Metal1,18.4800,86.2400,0.000012
FILLER_17_2,VSS,Metal1,8.4000,86.2400,0.000012
FILLER_16_382,VSS,Metal1,221.2000,78.4000,0.000000
FILLER_16_368,VSS,Metal1,213.3600,78.4000,0.000000
FILLER_16_210,VSS,Metal1,124.6000,78.4000,0.000000
FILLER_16_208,VSS,Metal1,123.7600,78.4000,0.000000
FILLER_16_204,VSS,Metal1,121.7000,78.7485,0.000000
FILLER_16_191,VSS,Metal1,113.9600,78.4000,0.000000
FILLER_16_189,VSS,Metal1,113.1200,78.4000,0.000000
FILLER_16_174,VSS,Metal1,104.4400,78.4000,0.000000
FILLER_16_170,VSS,Metal1,102.6600,78.7485,0.000000
FILLER_16_107,VSS,Metal1,66.9200,78.4000,0.000000
FILLER_16_45,VSS,Metal1,32.4800,78.4000,0.000000
FILLER_16_4,VSS,Metal1,9.2400,78.4000,0.000000
FILLER_16_2,VSS,Metal1,8.4000,78.4000,0.000000
FILLER_15_356,VSS,Metal1,206.3600,78.4000,0.000000
FILLER_15_352,VSS,Metal1,204.5800,78.0510,0.000000
FILLER_15_348,VSS,Metal1,202.1600,78.4000,0.000000
FILLER_15_307,VSS,Metal1,179.2000,78.4000,0.000000
FILLER_15_282,VSS,Metal1,165.2000,78.4000,0.000000
FILLER_15_255,VSS,Metal1,149.8000,78.4000,0.000000
FILLER_15_212,VSS,Metal1,125.7200,78.4000,0.000000
FILLER_15_204,VSS,Metal1,121.2400,78.4000,0.000000
FILLER_15_202,VSS,Metal1,120.4000,78.4000,0.000000
FILLER_15_191,VSS,Metal1,113.9600,78.4000,0.000000
FILLER_15_156,VSS,Metal1,94.3600,78.4000,0.000000
FILLER_15_154,VSS,Metal1,93.5200,78.4000,0.000000
FILLER_15_144,VSS,Metal1,87.6400,78.4000,0.000000
FILLER_15_142,VSS,Metal1,86.8000,78.4000,0.000000
FILLER_15_97,VSS,Metal1,61.3200,78.4000,0.000000
FILLER_15_95,VSS,Metal1,60.4800,78.4000,0.000000
FILLER_15_68,VSS,Metal1,45.3600,78.4000,0.000000
FILLER_15_36,VSS,Metal1,27.1600,78.4000,0.000000
FILLER_14_371,VSS,Metal1,214.7600,70.5600,0.000003
FILLER_14_369,VSS,Metal1,213.9200,70.5600,0.000003
FILLER_14_359,VSS,Metal1,208.3200,70.5600,0.000003
FILLER_14_240,VSS,Metal1,141.4000,70.5600,0.000003
FILLER_14_234,VSS,Metal1,138.3200,70.5600,0.000003
FILLER_14_198,VSS,Metal1,118.3400,70.9085,0.000004
FILLER_14_173,VSS,Metal1,104.1600,70.5600,0.000004
FILLER_14_107,VSS,Metal1,67.3800,70.9085,0.000005
FILLER_14_104,VSS,Metal1,65.2400,70.5600,0.000005
FILLER_14_102,VSS,Metal1,64.4000,70.5600,0.000005
FILLER_14_16,VSS,Metal1,15.9600,70.5600,0.000005
FILLER_14_2,VSS,Metal1,8.4000,70.5600,0.000005
FILLER_13_383,VSS,Metal1,221.4800,70.5600,0.000003
FILLER_13_366,VSS,Metal1,211.9600,70.5600,0.000003
FILLER_13_216,VSS,Metal1,127.9600,70.5600,0.000003
FILLER_13_197,VSS,Metal1,117.6000,70.5600,0.000004
FILLER_13_155,VSS,Metal1,93.8000,70.5600,0.000004
FILLER_13_142,VSS,Metal1,86.8000,70.5600,0.000004
FILLER_13_122,VSS,Metal1,75.3200,70.5600,0.000004
FILLER_13_2,VSS,Metal1,8.4000,70.5600,0.000005
FILLER_12_383,VSS,Metal1,221.4800,62.7200,0.000000
FILLER_12_211,VSS,Metal1,125.1600,62.7200,0.000000
FILLER_12_113,VSS,Metal1,70.2800,62.7200,0.000001
FILLER_12_95,VSS,Metal1,60.4800,62.7200,0.000001
FILLER_12_60,VSS,Metal1,40.6000,62.7200,0.000001
FILLER_11_382,VSS,Metal1,221.2000,62.7200,0.000000
FILLER_11_236,VSS,Metal1,139.4400,62.7200,0.000000
FILLER_11_221,VSS,Metal1,131.0400,62.7200,0.000000
FILLER_11_209,VSS,Metal1,124.0400,62.7200,0.000000
FILLER_11_199,VSS,Metal1,118.4400,62.7200,0.000000
FILLER_11_197,VSS,Metal1,117.6000,62.7200,0.000000
FILLER_11_142,VSS,Metal1,86.9800,62.3710,0.000000
FILLER_11_72,VSS,Metal1,47.6000,62.7200,0.000001
FILLER_11_45,VSS,Metal1,32.2000,62.7200,0.000001
FILLER_10_345,VSS,Metal1,200.2000,54.8800,0.000466
FILLER_10_197,VSS,Metal1,117.3200,54.8800,0.000361
FILLER_10_195,VSS,Metal1,116.4800,54.8800,0.000361
FILLER_10_183,VSS,Metal1,109.4800,54.8800,0.000361
FILLER_10_104,VSS,Metal1,65.2400,54.8800,0.000335
FILLER_10_102,VSS,Metal1,64.4000,54.8800,0.000335
FILLER_10_18,VSS,Metal1,17.0800,54.8800,0.000169
FILLER_10_16,VSS,Metal1,16.2400,54.8800,0.000169
FILLER_10_2,VSS,Metal1,8.4000,54.8800,0.000169
FILLER_9_362,VSS,Metal1,209.7200,54.8800,0.000508
FILLER_9_222,VSS,Metal1,131.3200,54.8800,0.000390
FILLER_9_212,VSS,Metal1,126.0000,54.8800,0.000387
FILLER_9_204,VSS,Metal1,121.2400,54.8800,0.000362
FILLER_9_169,VSS,Metal1,101.6400,54.8800,0.000350
FILLER_9_142,VSS,Metal1,86.5200,54.8800,0.000345
FILLER_9_84,VSS,Metal1,54.3200,54.8800,0.000334
FILLER_9_69,VSS,Metal1,45.6400,54.8800,0.000334
FILLER_9_49,VSS,Metal1,34.7200,54.8800,0.000187
FILLER_8_314,VSS,Metal1,182.8400,47.0400,0.000001
FILLER_8_312,VSS,Metal1,182.0000,47.0400,0.000001
FILLER_8_211,VSS,Metal1,125.4400,47.0400,0.000001
FILLER_8_140,VSS,Metal1,85.4000,47.0400,0.000001
FILLER_8_138,VSS,Metal1,84.5600,47.0400,0.000001
FILLER_8_119,VSS,Metal1,73.6400,47.0400,0.000002
FILLER_8_71,VSS,Metal1,47.2200,47.3885,0.000002
FILLER_7_238,VSS,Metal1,140.5600,47.0400,0.000001
FILLER_7_214,VSS,Metal1,126.8400,47.0400,0.000001
FILLER_7_212,VSS,Metal1,126.0000,47.0400,0.000001
FILLER_6_383,VSS,Metal1,221.4800,39.2000,0.000001
FILLER_6_381,VSS,Metal1,220.6400,39.2000,0.000001
FILLER_6_345,VSS,Metal1,200.4800,39.2000,0.000001
FILLER_6_305,VSS,Metal1,177.8000,39.2000,0.000001
FILLER_6_303,VSS,Metal1,176.9600,39.2000,0.000001
FILLER_6_254,VSS,Metal1,149.2400,39.2000,0.000001
FILLER_6_252,VSS,Metal1,148.4000,39.2000,0.000001
FILLER_6_98,VSS,Metal1,61.8800,39.2000,0.000001
FILLER_6_74,VSS,Metal1,48.4400,39.2000,0.000002
FILLER_6_39,VSS,Metal1,28.8400,39.2000,0.000002
FILLER_6_37,VSS,Metal1,28.0000,39.2000,0.000002
FILLER_5_383,VSS,Metal1,221.4800,39.2000,0.000001
FILLER_5_381,VSS,Metal1,220.6400,39.2000,0.000001
FILLER_5_359,VSS,Metal1,208.0400,39.2000,0.000001
FILLER_5_357,VSS,Metal1,207.2000,39.2000,0.000001
FILLER_5_269,VSS,Metal1,157.9200,39.2000,0.000001
FILLER_5_199,VSS,Metal1,118.7200,39.2000,0.000001
FILLER_4_383,VSS,Metal1,221.4800,31.3600,0.000006
FILLER_4_369,VSS,Metal1,213.6400,31.3600,0.000006
FILLER_4_282,VSS,Metal1,164.9200,31.3600,0.000006
FILLER_4_247,VSS,Metal1,145.3200,31.3600,0.000006
FILLER_4_244,VSS,Metal1,143.6400,31.3600,0.000006
FILLER_4_242,VSS,Metal1,142.8000,31.3600,0.000007
FILLER_4_193,VSS,Metal1,115.0800,31.3600,0.000007
FILLER_4_22,VSS,Metal1,19.3200,31.3600,0.000007
FILLER_4_20,VSS,Metal1,18.4800,31.3600,0.000007
FILLER_3_383,VSS,Metal1,221.4800,31.3600,0.000006
FILLER_3_381,VSS,Metal1,220.6400,31.3600,0.000006
FILLER_3_357,VSS,Metal1,207.2000,31.3600,0.000006
FILLER_3_236,VSS,Metal1,139.4400,31.3600,0.000007
FILLER_3_212,VSS,Metal1,125.7200,31.3600,0.000007
FILLER_3_105,VSS,Metal1,65.8000,31.3600,0.000008
FILLER_3_72,VSS,Metal1,47.3200,31.3600,0.000008
FILLER_2_244,VSS,Metal1,143.6400,23.5200,0.001638
FILLER_2_242,VSS,Metal1,142.8000,23.5200,0.001638
FILLER_2_202,VSS,Metal1,120.1200,23.5200,0.001636
FILLER_2_200,VSS,Metal1,119.2800,23.5200,0.001636
FILLER_2_187,VSS,Metal1,111.7200,23.5200,0.001636
FILLER_2_185,VSS,Metal1,110.8800,23.5200,0.001636
FILLER_2_151,VSS,Metal1,91.5600,23.5200,0.001612
FILLER_2_149,VSS,Metal1,90.7200,23.5200,0.001608
FILLER_2_20,VSS,Metal1,18.4800,23.5200,0.001197
FILLER_1_359,VSS,Metal1,208.0400,23.5200,0.001659
FILLER_1_357,VSS,Metal1,207.2000,23.5200,0.001659
FILLER_1_348,VSS,Metal1,202.1600,23.5200,0.001659
FILLER_0_203,VSS,Metal1,120.6800,15.6800,0.000042
FILLER_0_169,VSS,Metal1,101.6400,15.6800,0.000051
FILLER_0_140,VSS,Metal1,85.4000,15.6800,0.000060
FILLER_0_138,VSS,Metal1,84.5600,15.6800,0.000060
FILLER_0_127,VSS,Metal1,78.1200,15.6800,0.000065
FILLER_0_20,VSS,Metal1,18.2000,15.6800,0.000087
FILLER_0_18,VSS,Metal1,17.3600,15.6800,0.000101
clkload6,VSS,Metal1,70.7100,157.2525,0.000000
clkload5,VSS,Metal1,72.6330,140.5750,0.000000
clkload4,VSS,Metal1,34.5965,180.7365,0.000000
clkload3,VSS,Metal1,31.7700,148.5075,0.000000
clkload2,VSS,Metal1,76.0100,71.0125,0.000004
clkload1,VSS,Metal1,55.5730,62.2730,0.000001
clkload0,VSS,Metal1,35.6900,85.7875,0.000010
clkbuf_3_7__f_clk,VSS,Metal1,83.2935,165.2380,0.000000
clkbuf_3_6__f_clk,VSS,Metal1,82.7335,141.7180,0.000000
clkbuf_3_5__f_clk,VSS,Metal1,46.6260,165.2380,0.000000
clkbuf_3_4__f_clk,VSS,Metal1,42.1460,141.7180,0.000000
clkbuf_3_3__f_clk,VSS,Metal1,88.8935,78.9980,0.000000
clkbuf_3_2__f_clk,VSS,Metal1,84.4135,55.4780,0.000345
clkbuf_3_1__f_clk,VSS,Metal1,46.0660,78.9980,0.000000
clkbuf_3_0__f_clk,VSS,Metal1,48.8660,55.4780,0.000334
clkbuf_0_clk,VSS,Metal1,71.5335,117.0015,0.000000
load_slew21,VSS,Metal1,207.9455,23.9980,0.001659
load_slew20,VSS,Metal1,211.3015,55.3515,0.000508
load_slew19,VSS,Metal1,175.4615,23.0480,0.001642
load_slew18,VSS,Metal1,141.8250,22.9070,0.001638
load_slew17,VSS,Metal1,97.0615,23.0480,0.001612
load_slew16,VSS,Metal1,116.8650,23.0540,0.001636
load_slew15,VSS,Metal1,195.2650,47.5055,0.000001
output14,VSS,Metal1,217.1565,195.6790,0.000000
output13,VSS,Metal1,217.1565,187.8390,0.000000
output12,VSS,Metal1,217.1565,179.9990,0.000000
output11,VSS,Metal1,217.1565,204.1605,0.000000
output10,VSS,Metal1,217.1565,149.2805,0.000000
output9,VSS,Metal1,217.1565,148.6390,0.000000
output8,VSS,Metal1,217.1565,140.7990,0.000000
output7,VSS,Metal1,217.1565,132.9590,0.000000
output6,VSS,Metal1,217.1565,125.1190,0.000000
output5,VSS,Metal1,217.1565,203.5190,0.000000
output4,VSS,Metal1,211.5565,211.3590,0.000000
output3,VSS,Metal1,217.1565,94.4005,0.000000
input2,VSS,Metal1,218.0000,23.0940,0.001659
input1,VSS,Metal1,12.1965,16.0005,0.000102
TAP_TAPCELL_ROW_49_361,VSS,Metal1,216.7200,211.2105,0.000000
TAP_TAPCELL_ROW_49_360,VSS,Metal1,197.6800,211.2105,0.000000
TAP_TAPCELL_ROW_49_359,VSS,Metal1,178.6400,211.2105,0.000000
TAP_TAPCELL_ROW_49_358,VSS,Metal1,159.6000,211.2105,0.000000
TAP_TAPCELL_ROW_49_357,VSS,Metal1,140.5600,211.2105,0.000000
TAP_TAPCELL_ROW_49_356,VSS,Metal1,121.5200,211.2105,0.000000
TAP_TAPCELL_ROW_49_355,VSS,Metal1,102.4800,211.2105,0.000000
TAP_TAPCELL_ROW_49_354,VSS,Metal1,83.4400,211.2105,0.000000
TAP_TAPCELL_ROW_49_353,VSS,Metal1,64.4000,211.2105,0.000000
TAP_TAPCELL_ROW_49_352,VSS,Metal1,45.3600,211.2105,0.000000
TAP_TAPCELL_ROW_49_351,VSS,Metal1,26.3200,211.2105,0.000000
TAP_TAPCELL_ROW_48_350,VSS,Metal1,183.6800,204.3090,0.000000
TAP_TAPCELL_ROW_48_349,VSS,Metal1,144.4800,204.3090,0.000000
TAP_TAPCELL_ROW_48_348,VSS,Metal1,105.2800,204.3090,0.000000
TAP_TAPCELL_ROW_48_347,VSS,Metal1,66.0800,204.3090,0.000000
TAP_TAPCELL_ROW_48_346,VSS,Metal1,26.8800,204.3090,0.000000
TAP_TAPCELL_ROW_47_345,VSS,Metal1,203.2800,203.3705,0.000000
TAP_TAPCELL_ROW_47_344,VSS,Metal1,164.0800,203.3705,0.000000
TAP_TAPCELL_ROW_47_343,VSS,Metal1,124.8800,203.3705,0.000000
TAP_TAPCELL_ROW_47_342,VSS,Metal1,85.6800,203.3705,0.000000
TAP_TAPCELL_ROW_47_341,VSS,Metal1,46.4800,203.3705,0.000000
TAP_TAPCELL_ROW_46_340,VSS,Metal1,183.6800,196.4690,0.000000
TAP_TAPCELL_ROW_46_339,VSS,Metal1,144.4800,196.4690,0.000000
TAP_TAPCELL_ROW_46_338,VSS,Metal1,105.2800,196.4690,0.000000
TAP_TAPCELL_ROW_46_337,VSS,Metal1,66.0800,196.4690,0.000000
TAP_TAPCELL_ROW_46_336,VSS,Metal1,26.8800,196.4690,0.000000
TAP_TAPCELL_ROW_45_335,VSS,Metal1,203.2800,195.5305,0.000000
TAP_TAPCELL_ROW_45_334,VSS,Metal1,164.0800,195.5305,0.000000
TAP_TAPCELL_ROW_45_333,VSS,Metal1,124.8800,195.5305,0.000000
TAP_TAPCELL_ROW_45_332,VSS,Metal1,85.6800,195.5305,0.000000
TAP_TAPCELL_ROW_45_331,VSS,Metal1,46.4800,195.5305,0.000000
TAP_TAPCELL_ROW_44_330,VSS,Metal1,183.6800,188.6290,0.000000
TAP_TAPCELL_ROW_44_329,VSS,Metal1,144.4800,188.6290,0.000000
TAP_TAPCELL_ROW_44_328,VSS,Metal1,105.2800,188.6290,0.000000
TAP_TAPCELL_ROW_44_327,VSS,Metal1,66.0800,188.6290,0.000000
TAP_TAPCELL_ROW_44_326,VSS,Metal1,26.8800,188.6290,0.000000
TAP_TAPCELL_ROW_43_325,VSS,Metal1,203.2800,187.6905,0.000000
TAP_TAPCELL_ROW_43_324,VSS,Metal1,164.0800,187.6905,0.000000
TAP_TAPCELL_ROW_43_323,VSS,Metal1,124.8800,187.6905,0.000000
TAP_TAPCELL_ROW_43_322,VSS,Metal1,85.6800,187.6905,0.000000
TAP_TAPCELL_ROW_43_321,VSS,Metal1,46.4800,187.6905,0.000000
TAP_TAPCELL_ROW_42_320,VSS,Metal1,183.6800,180.7890,0.000000
TAP_TAPCELL_ROW_42_319,VSS,Metal1,144.4800,180.7890,0.000000
TAP_TAPCELL_ROW_42_318,VSS,Metal1,105.2800,180.7890,0.000000
TAP_TAPCELL_ROW_42_317,VSS,Metal1,66.0800,180.7890,0.000000
TAP_TAPCELL_ROW_42_316,VSS,Metal1,26.8800,180.7890,0.000000
TAP_TAPCELL_ROW_41_315,VSS,Metal1,203.2800,179.8505,0.000000
TAP_TAPCELL_ROW_41_314,VSS,Metal1,164.0800,179.8505,0.000000
TAP_TAPCELL_ROW_41_313,VSS,Metal1,124.8800,179.8505,0.000000
TAP_TAPCELL_ROW_41_312,VSS,Metal1,85.6800,179.8505,0.000000
TAP_TAPCELL_ROW_41_311,VSS,Metal1,46.4800,179.8505,0.000000
TAP_TAPCELL_ROW_40_310,VSS,Metal1,183.6800,172.9490,0.000000
TAP_TAPCELL_ROW_40_309,VSS,Metal1,144.4800,172.9490,0.000000
TAP_TAPCELL_ROW_40_308,VSS,Metal1,105.2800,172.9490,0.000000
TAP_TAPCELL_ROW_40_307,VSS,Metal1,66.0800,172.9490,0.000000
TAP_TAPCELL_ROW_40_306,VSS,Metal1,26.8800,172.9490,0.000000
TAP_TAPCELL_ROW_39_305,VSS,Metal1,203.2800,172.0105,0.000000
TAP_TAPCELL_ROW_39_304,VSS,Metal1,164.0800,172.0105,0.000000
TAP_TAPCELL_ROW_39_303,VSS,Metal1,124.8800,172.0105,0.000000
TAP_TAPCELL_ROW_39_302,VSS,Metal1,85.6800,172.0105,0.000000
TAP_TAPCELL_ROW_39_301,VSS,Metal1,46.4800,172.0105,0.000000
TAP_TAPCELL_ROW_38_300,VSS,Metal1,183.6800,165.1090,0.000000
TAP_TAPCELL_ROW_38_299,VSS,Metal1,144.4800,165.1090,0.000000
TAP_TAPCELL_ROW_38_298,VSS,Metal1,105.2800,165.1090,0.000000
TAP_TAPCELL_ROW_38_297,VSS,Metal1,66.0800,165.1090,0.000000
TAP_TAPCELL_ROW_38_296,VSS,Metal1,26.8800,165.1090,0.000000
TAP_TAPCELL_ROW_37_295,VSS,Metal1,203.2800,164.1705,0.000000
TAP_TAPCELL_ROW_37_294,VSS,Metal1,164.0800,164.1705,0.000000
TAP_TAPCELL_ROW_37_293,VSS,Metal1,124.8800,164.1705,0.000000
TAP_TAPCELL_ROW_37_292,VSS,Metal1,85.6800,164.1705,0.000000
TAP_TAPCELL_ROW_37_291,VSS,Metal1,46.4800,164.1705,0.000000
TAP_TAPCELL_ROW_36_290,VSS,Metal1,183.6800,157.2690,0.000000
TAP_TAPCELL_ROW_36_289,VSS,Metal1,144.4800,157.2690,0.000000
TAP_TAPCELL_ROW_36_288,VSS,Metal1,105.2800,157.2690,0.000000
TAP_TAPCELL_ROW_36_287,VSS,Metal1,66.0800,157.2690,0.000000
TAP_TAPCELL_ROW_36_286,VSS,Metal1,26.8800,157.2690,0.000000
TAP_TAPCELL_ROW_35_285,VSS,Metal1,203.2800,156.3305,0.000000
TAP_TAPCELL_ROW_35_284,VSS,Metal1,164.0800,156.3305,0.000000
TAP_TAPCELL_ROW_35_283,VSS,Metal1,124.8800,156.3305,0.000000
TAP_TAPCELL_ROW_35_282,VSS,Metal1,85.6800,156.3305,0.000000
TAP_TAPCELL_ROW_35_281,VSS,Metal1,46.4800,156.3305,0.000000
TAP_TAPCELL_ROW_34_280,VSS,Metal1,183.6800,149.4290,0.000000
TAP_TAPCELL_ROW_34_279,VSS,Metal1,144.4800,149.4290,0.000000
TAP_TAPCELL_ROW_34_278,VSS,Metal1,105.2800,149.4290,0.000000
TAP_TAPCELL_ROW_34_277,VSS,Metal1,66.0800,149.4290,0.000000
TAP_TAPCELL_ROW_34_276,VSS,Metal1,26.8800,149.4290,0.000000
TAP_TAPCELL_ROW_33_275,VSS,Metal1,203.2800,148.4905,0.000000
TAP_TAPCELL_ROW_33_274,VSS,Metal1,164.0800,148.4905,0.000000
TAP_TAPCELL_ROW_33_273,VSS,Metal1,124.8800,148.4905,0.000000
TAP_TAPCELL_ROW_33_272,VSS,Metal1,85.6800,148.4905,0.000000
TAP_TAPCELL_ROW_33_271,VSS,Metal1,46.4800,148.4905,0.000000
TAP_TAPCELL_ROW_32_270,VSS,Metal1,183.6800,141.5890,0.000000
TAP_TAPCELL_ROW_32_269,VSS,Metal1,144.4800,141.5890,0.000000
TAP_TAPCELL_ROW_32_268,VSS,Metal1,105.2800,141.5890,0.000000
TAP_TAPCELL_ROW_32_267,VSS,Metal1,66.0800,141.5890,0.000000
TAP_TAPCELL_ROW_32_266,VSS,Metal1,26.8800,141.5890,0.000000
TAP_TAPCELL_ROW_31_265,VSS,Metal1,203.2800,140.6505,0.000000
TAP_TAPCELL_ROW_31_264,VSS,Metal1,164.0800,140.6505,0.000000
TAP_TAPCELL_ROW_31_263,VSS,Metal1,124.8800,140.6505,0.000000
TAP_TAPCELL_ROW_31_262,VSS,Metal1,85.6800,140.6505,0.000000
TAP_TAPCELL_ROW_31_261,VSS,Metal1,46.4800,140.6505,0.000000
TAP_TAPCELL_ROW_30_260,VSS,Metal1,183.6800,133.7490,0.000000
TAP_TAPCELL_ROW_30_259,VSS,Metal1,144.4800,133.7490,0.000000
TAP_TAPCELL_ROW_30_258,VSS,Metal1,105.2800,133.7490,0.000000
TAP_TAPCELL_ROW_30_257,VSS,Metal1,66.0800,133.7490,0.000000
TAP_TAPCELL_ROW_30_256,VSS,Metal1,26.8800,133.7490,0.000000
TAP_TAPCELL_ROW_29_255,VSS,Metal1,203.2800,132.8105,0.000000
TAP_TAPCELL_ROW_29_254,VSS,Metal1,164.0800,132.8105,0.000000
TAP_TAPCELL_ROW_29_253,VSS,Metal1,124.8800,132.8105,0.000000
TAP_TAPCELL_ROW_29_252,VSS,Metal1,85.6800,132.8105,0.000000
TAP_TAPCELL_ROW_29_251,VSS,Metal1,46.4800,132.8105,0.000000
TAP_TAPCELL_ROW_28_250,VSS,Metal1,183.6800,125.9090,0.000000
TAP_TAPCELL_ROW_28_249,VSS,Metal1,144.4800,125.9090,0.000000
TAP_TAPCELL_ROW_28_248,VSS,Metal1,105.2800,125.9090,0.000000
TAP_TAPCELL_ROW_28_247,VSS,Metal1,66.0800,125.9090,0.000000
TAP_TAPCELL_ROW_28_246,VSS,Metal1,26.8800,125.9090,0.000000
TAP_TAPCELL_ROW_27_245,VSS,Metal1,203.2800,124.9705,0.000000
TAP_TAPCELL_ROW_27_244,VSS,Metal1,164.0800,124.9705,0.000000
TAP_TAPCELL_ROW_27_243,VSS,Metal1,124.8800,124.9705,0.000000
TAP_TAPCELL_ROW_27_242,VSS,Metal1,85.6800,124.9705,0.000000
TAP_TAPCELL_ROW_27_241,VSS,Metal1,46.4800,124.9705,0.000000
TAP_TAPCELL_ROW_26_240,VSS,Metal1,183.6800,118.0690,0.000000
TAP_TAPCELL_ROW_26_239,VSS,Metal1,144.4800,118.0690,0.000000
TAP_TAPCELL_ROW_26_238,VSS,Metal1,105.2800,118.0690,0.000000
TAP_TAPCELL_ROW_26_237,VSS,Metal1,66.0800,118.0690,0.000000
TAP_TAPCELL_ROW_26_236,VSS,Metal1,26.8800,118.0690,0.000000
TAP_TAPCELL_ROW_25_235,VSS,Metal1,203.2800,117.1305,0.000000
TAP_TAPCELL_ROW_25_234,VSS,Metal1,164.0800,117.1305,0.000000
TAP_TAPCELL_ROW_25_233,VSS,Metal1,124.8800,117.1305,0.000000
TAP_TAPCELL_ROW_25_232,VSS,Metal1,85.6800,117.1305,0.000000
TAP_TAPCELL_ROW_25_231,VSS,Metal1,46.4800,117.1305,0.000000
TAP_TAPCELL_ROW_24_230,VSS,Metal1,183.6800,110.2290,0.000000
TAP_TAPCELL_ROW_24_229,VSS,Metal1,144.4800,110.2290,0.000000
TAP_TAPCELL_ROW_24_228,VSS,Metal1,105.2800,110.2290,0.000000
TAP_TAPCELL_ROW_24_227,VSS,Metal1,66.0800,110.2290,0.000000
TAP_TAPCELL_ROW_24_226,VSS,Metal1,26.8800,110.2290,0.000000
TAP_TAPCELL_ROW_23_225,VSS,Metal1,203.2800,109.2905,0.000000
TAP_TAPCELL_ROW_23_224,VSS,Metal1,164.0800,109.2905,0.000000
TAP_TAPCELL_ROW_23_223,VSS,Metal1,124.8800,109.2905,0.000000
TAP_TAPCELL_ROW_23_222,VSS,Metal1,85.6800,109.2905,0.000000
TAP_TAPCELL_ROW_23_221,VSS,Metal1,46.4800,109.2905,0.000000
TAP_TAPCELL_ROW_22_220,VSS,Metal1,183.6800,102.3890,0.000000
TAP_TAPCELL_ROW_22_219,VSS,Metal1,144.4800,102.3890,0.000000
TAP_TAPCELL_ROW_22_218,VSS,Metal1,105.2800,102.3890,0.000000
TAP_TAPCELL_ROW_22_217,VSS,Metal1,66.0800,102.3890,0.000000
TAP_TAPCELL_ROW_22_216,VSS,Metal1,26.8800,102.3890,0.000000
TAP_TAPCELL_ROW_21_215,VSS,Metal1,203.2800,101.4505,0.000000
TAP_TAPCELL_ROW_21_214,VSS,Metal1,164.0800,101.4505,0.000000
TAP_TAPCELL_ROW_21_213,VSS,Metal1,124.8800,101.4505,0.000000
TAP_TAPCELL_ROW_21_212,VSS,Metal1,85.6800,101.4505,0.000000
TAP_TAPCELL_ROW_21_211,VSS,Metal1,46.4800,101.4505,0.000000
TAP_TAPCELL_ROW_20_210,VSS,Metal1,183.6800,94.5490,0.000000
TAP_TAPCELL_ROW_20_209,VSS,Metal1,144.4800,94.5490,0.000000
TAP_TAPCELL_ROW_20_208,VSS,Metal1,105.2800,94.5490,0.000000
TAP_TAPCELL_ROW_20_207,VSS,Metal1,66.0800,94.5490,0.000000
TAP_TAPCELL_ROW_20_206,VSS,Metal1,26.8800,94.5490,0.000000
TAP_TAPCELL_ROW_19_205,VSS,Metal1,203.2800,93.6105,0.000000
TAP_TAPCELL_ROW_19_204,VSS,Metal1,164.0800,93.6105,0.000000
TAP_TAPCELL_ROW_19_203,VSS,Metal1,124.8800,93.6105,0.000000
TAP_TAPCELL_ROW_19_202,VSS,Metal1,85.6800,93.6105,0.000000
TAP_TAPCELL_ROW_19_201,VSS,Metal1,46.4800,93.6105,0.000000
TAP_TAPCELL_ROW_18_200,VSS,Metal1,183.6800,86.7090,0.000006
TAP_TAPCELL_ROW_18_199,VSS,Metal1,144.4800,86.7090,0.000007
TAP_TAPCELL_ROW_18_198,VSS,Metal1,105.2800,86.7090,0.000008
TAP_TAPCELL_ROW_18_197,VSS,Metal1,66.0800,86.7090,0.000009
TAP_TAPCELL_ROW_18_196,VSS,Metal1,26.8800,86.7090,0.000011
TAP_TAPCELL_ROW_17_195,VSS,Metal1,203.2800,85.7705,0.000006
TAP_TAPCELL_ROW_17_194,VSS,Metal1,164.0800,85.7705,0.000006
TAP_TAPCELL_ROW_17_193,VSS,Metal1,124.8800,85.7705,0.000007
TAP_TAPCELL_ROW_17_192,VSS,Metal1,85.6800,85.7705,0.000008
TAP_TAPCELL_ROW_17_191,VSS,Metal1,46.4800,85.7705,0.000010
TAP_TAPCELL_ROW_16_190,VSS,Metal1,183.6800,78.8690,0.000000
TAP_TAPCELL_ROW_16_189,VSS,Metal1,144.4800,78.8690,0.000000
TAP_TAPCELL_ROW_16_188,VSS,Metal1,105.2800,78.8690,0.000000
TAP_TAPCELL_ROW_16_187,VSS,Metal1,66.0800,78.8690,0.000000
TAP_TAPCELL_ROW_16_186,VSS,Metal1,26.8800,78.8690,0.000000
TAP_TAPCELL_ROW_15_185,VSS,Metal1,203.2800,77.9305,0.000000
TAP_TAPCELL_ROW_15_184,VSS,Metal1,164.0800,77.9305,0.000000
TAP_TAPCELL_ROW_15_183,VSS,Metal1,124.8800,77.9305,0.000000
TAP_TAPCELL_ROW_15_182,VSS,Metal1,85.6800,77.9305,0.000000
TAP_TAPCELL_ROW_15_181,VSS,Metal1,46.4800,77.9305,0.000000
TAP_TAPCELL_ROW_14_180,VSS,Metal1,183.6800,71.0290,0.000003
TAP_TAPCELL_ROW_14_179,VSS,Metal1,144.4800,71.0290,0.000003
TAP_TAPCELL_ROW_14_178,VSS,Metal1,105.2800,71.0290,0.000004
TAP_TAPCELL_ROW_14_177,VSS,Metal1,66.0800,71.0290,0.000005
TAP_TAPCELL_ROW_14_176,VSS,Metal1,26.8800,71.0290,0.000005
TAP_TAPCELL_ROW_13_175,VSS,Metal1,203.2800,70.0905,0.000003
TAP_TAPCELL_ROW_13_174,VSS,Metal1,164.0800,70.0905,0.000003
TAP_TAPCELL_ROW_13_173,VSS,Metal1,124.8800,70.0905,0.000003
TAP_TAPCELL_ROW_13_172,VSS,Metal1,85.6800,70.0905,0.000004
TAP_TAPCELL_ROW_13_171,VSS,Metal1,46.4800,70.0905,0.000005
TAP_TAPCELL_ROW_12_170,VSS,Metal1,183.6800,63.1890,0.000000
TAP_TAPCELL_ROW_12_169,VSS,Metal1,144.4800,63.1890,0.000000
TAP_TAPCELL_ROW_12_168,VSS,Metal1,105.2800,63.1890,0.000000
TAP_TAPCELL_ROW_12_167,VSS,Metal1,66.0800,63.1890,0.000001
TAP_TAPCELL_ROW_12_166,VSS,Metal1,26.8800,63.1890,0.000001
TAP_TAPCELL_ROW_11_165,VSS,Metal1,203.2800,62.2505,0.000000
TAP_TAPCELL_ROW_11_164,VSS,Metal1,164.0800,62.2505,0.000000
TAP_TAPCELL_ROW_11_163,VSS,Metal1,124.8800,62.2505,0.000000
TAP_TAPCELL_ROW_11_162,VSS,Metal1,85.6800,62.2505,0.000000
TAP_TAPCELL_ROW_11_161,VSS,Metal1,46.4800,62.2505,0.000001
TAP_TAPCELL_ROW_10_160,VSS,Metal1,183.6800,55.3490,0.000442
TAP_TAPCELL_ROW_10_159,VSS,Metal1,144.4800,55.3490,0.000394
TAP_TAPCELL_ROW_10_158,VSS,Metal1,105.2800,55.3490,0.000361
TAP_TAPCELL_ROW_10_157,VSS,Metal1,66.0800,55.3490,0.000335
TAP_TAPCELL_ROW_10_156,VSS,Metal1,26.8800,55.3490,0.000172
TAP_TAPCELL_ROW_9_155,VSS,Metal1,203.2800,54.4105,0.000508
TAP_TAPCELL_ROW_9_154,VSS,Metal1,164.0800,54.4105,0.000409
TAP_TAPCELL_ROW_9_153,VSS,Metal1,124.8800,54.4105,0.000382
TAP_TAPCELL_ROW_9_152,VSS,Metal1,85.6800,54.4105,0.000345
TAP_TAPCELL_ROW_9_151,VSS,Metal1,46.4800,54.4105,0.000334
TAP_TAPCELL_ROW_8_150,VSS,Metal1,183.6800,47.5090,0.000001
TAP_TAPCELL_ROW_8_149,VSS,Metal1,144.4800,47.5090,0.000001
TAP_TAPCELL_ROW_8_148,VSS,Metal1,105.2800,47.5090,0.000001
TAP_TAPCELL_ROW_8_147,VSS,Metal1,66.0800,47.5090,0.000002
TAP_TAPCELL_ROW_8_146,VSS,Metal1,26.8800,47.5090,0.000002
TAP_TAPCELL_ROW_7_145,VSS,Metal1,203.2800,46.5705,0.000001
TAP_TAPCELL_ROW_7_144,VSS,Metal1,164.0800,46.5705,0.000001
TAP_TAPCELL_ROW_7_143,VSS,Metal1,124.8800,46.5705,0.000001
TAP_TAPCELL_ROW_7_142,VSS,Metal1,85.6800,46.5705,0.000001
TAP_TAPCELL_ROW_7_141,VSS,Metal1,46.4800,46.5705,0.000002
TAP_TAPCELL_ROW_6_140,VSS,Metal1,183.6800,39.6690,0.000001
TAP_TAPCELL_ROW_6_139,VSS,Metal1,144.4800,39.6690,0.000001
TAP_TAPCELL_ROW_6_138,VSS,Metal1,105.2800,39.6690,0.000001
TAP_TAPCELL_ROW_6_137,VSS,Metal1,66.0800,39.6690,0.000001
TAP_TAPCELL_ROW_6_136,VSS,Metal1,26.8800,39.6690,0.000002
TAP_TAPCELL_ROW_5_135,VSS,Metal1,203.2800,38.7305,0.000001
TAP_TAPCELL_ROW_5_134,VSS,Metal1,164.0800,38.7305,0.000001
TAP_TAPCELL_ROW_5_133,VSS,Metal1,124.8800,38.7305,0.000001
TAP_TAPCELL_ROW_5_132,VSS,Metal1,85.6800,38.7305,0.000001
TAP_TAPCELL_ROW_5_131,VSS,Metal1,46.4800,38.7305,0.000002
TAP_TAPCELL_ROW_4_130,VSS,Metal1,183.6800,31.8290,0.000006
TAP_TAPCELL_ROW_4_129,VSS,Metal1,144.4800,31.8290,0.000006
TAP_TAPCELL_ROW_4_128,VSS,Metal1,105.2800,31.8290,0.000007
TAP_TAPCELL_ROW_4_127,VSS,Metal1,66.0800,31.8290,0.000008
TAP_TAPCELL_ROW_4_126,VSS,Metal1,26.8800,31.8290,0.000008
TAP_TAPCELL_ROW_3_125,VSS,Metal1,203.2800,30.8905,0.000006
TAP_TAPCELL_ROW_3_124,VSS,Metal1,164.0800,30.8905,0.000006
TAP_TAPCELL_ROW_3_123,VSS,Metal1,124.8800,30.8905,0.000007
TAP_TAPCELL_ROW_3_122,VSS,Metal1,85.6800,30.8905,0.000007
TAP_TAPCELL_ROW_3_121,VSS,Metal1,46.4800,30.8905,0.000008
TAP_TAPCELL_ROW_2_120,VSS,Metal1,183.6800,23.9890,0.001643
TAP_TAPCELL_ROW_2_119,VSS,Metal1,144.4800,23.9890,0.001638
TAP_TAPCELL_ROW_2_118,VSS,Metal1,105.2800,23.9890,0.001612
TAP_TAPCELL_ROW_2_117,VSS,Metal1,66.0800,23.9890,0.001452
TAP_TAPCELL_ROW_2_116,VSS,Metal1,26.8800,23.9890,0.001245
TAP_TAPCELL_ROW_1_115,VSS,Metal1,203.2800,23.0505,0.001659
TAP_TAPCELL_ROW_1_114,VSS,Metal1,164.0800,23.0505,0.001639
TAP_TAPCELL_ROW_1_113,VSS,Metal1,124.8800,23.0505,0.001637
TAP_TAPCELL_ROW_1_112,VSS,Metal1,85.6800,23.0505,0.001610
TAP_TAPCELL_ROW_1_111,VSS,Metal1,46.4800,23.0505,0.001353
TAP_TAPCELL_ROW_0_110,VSS,Metal1,216.7200,16.1490,0.000025
TAP_TAPCELL_ROW_0_109,VSS,Metal1,197.6800,16.1490,0.000025
TAP_TAPCELL_ROW_0_108,VSS,Metal1,178.6400,16.1490,0.000026
TAP_TAPCELL_ROW_0_107,VSS,Metal1,159.6000,16.1490,0.000027
TAP_TAPCELL_ROW_0_106,VSS,Metal1,140.5600,16.1490,0.000029
TAP_TAPCELL_ROW_0_105,VSS,Metal1,121.5200,16.1490,0.000039
TAP_TAPCELL_ROW_0_104,VSS,Metal1,102.4800,16.1490,0.000048
TAP_TAPCELL_ROW_0_103,VSS,Metal1,83.4400,16.1490,0.000060
TAP_TAPCELL_ROW_0_102,VSS,Metal1,64.4000,16.1490,0.000071
TAP_TAPCELL_ROW_0_101,VSS,Metal1,45.3600,16.1490,0.000074
TAP_TAPCELL_ROW_0_100,VSS,Metal1,26.3200,16.1490,0.000075
PHY_EDGE_ROW_49_Left_99,VSS,Metal1,7.2730,211.2100,0.000000
PHY_EDGE_ROW_48_Left_98,VSS,Metal1,7.2730,204.3100,0.000000
PHY_EDGE_ROW_47_Left_97,VSS,Metal1,7.2730,203.3700,0.000000
PHY_EDGE_ROW_46_Left_96,VSS,Metal1,7.2730,196.4700,0.000000
PHY_EDGE_ROW_45_Left_95,VSS,Metal1,7.2730,195.5300,0.000000
PHY_EDGE_ROW_44_Left_94,VSS,Metal1,7.2730,188.6300,0.000000
PHY_EDGE_ROW_43_Left_93,VSS,Metal1,7.2730,187.6900,0.000000
PHY_EDGE_ROW_42_Left_92,VSS,Metal1,7.2730,180.7900,0.000000
PHY_EDGE_ROW_41_Left_91,VSS,Metal1,7.2730,179.8500,0.000000
PHY_EDGE_ROW_40_Left_90,VSS,Metal1,7.2730,172.9500,0.000000
PHY_EDGE_ROW_39_Left_89,VSS,Metal1,7.2730,172.0100,0.000000
PHY_EDGE_ROW_38_Left_88,VSS,Metal1,7.2730,165.1100,0.000000
PHY_EDGE_ROW_37_Left_87,VSS,Metal1,7.2730,164.1700,0.000000
PHY_EDGE_ROW_36_Left_86,VSS,Metal1,7.2730,157.2700,0.000000
PHY_EDGE_ROW_35_Left_85,VSS,Metal1,7.2730,156.3300,0.000000
PHY_EDGE_ROW_34_Left_84,VSS,Metal1,7.2730,149.4300,0.000000
PHY_EDGE_ROW_33_Left_83,VSS,Metal1,7.2730,148.4900,0.000000
PHY_EDGE_ROW_32_Left_82,VSS,Metal1,7.2730,141.5900,0.000000
PHY_EDGE_ROW_31_Left_81,VSS,Metal1,7.2730,140.6500,0.000000
PHY_EDGE_ROW_30_Left_80,VSS,Metal1,7.2730,133.7500,0.000000
PHY_EDGE_ROW_29_Left_79,VSS,Metal1,7.2730,132.8100,0.000000
PHY_EDGE_ROW_28_Left_78,VSS,Metal1,7.2730,125.9100,0.000000
PHY_EDGE_ROW_27_Left_77,VSS,Metal1,7.2730,124.9700,0.000000
PHY_EDGE_ROW_26_Left_76,VSS,Metal1,7.2730,118.0700,0.000000
PHY_EDGE_ROW_25_Left_75,VSS,Metal1,7.2730,117.1300,0.000000
PHY_EDGE_ROW_24_Left_74,VSS,Metal1,7.2730,110.2300,0.000000
PHY_EDGE_ROW_23_Left_73,VSS,Metal1,7.2730,109.2900,0.000000
PHY_EDGE_ROW_22_Left_72,VSS,Metal1,7.2730,102.3900,0.000000
PHY_EDGE_ROW_21_Left_71,VSS,Metal1,7.2730,101.4500,0.000000
PHY_EDGE_ROW_20_Left_70,VSS,Metal1,7.2730,94.5500,0.000000
PHY_EDGE_ROW_19_Left_69,VSS,Metal1,7.2730,93.6100,0.000000
PHY_EDGE_ROW_18_Left_68,VSS,Metal1,7.2730,86.7100,0.000012
PHY_EDGE_ROW_17_Left_67,VSS,Metal1,7.2730,85.7700,0.000012
PHY_EDGE_ROW_16_Left_66,VSS,Metal1,7.2730,78.8700,0.000000
PHY_EDGE_ROW_15_Left_65,VSS,Metal1,7.2730,77.9300,0.000000
PHY_EDGE_ROW_14_Left_64,VSS,Metal1,7.2730,71.0300,0.000005
PHY_EDGE_ROW_13_Left_63,VSS,Metal1,7.2730,70.0900,0.000005
PHY_EDGE_ROW_12_Left_62,VSS,Metal1,7.2730,63.1900,0.000001
PHY_EDGE_ROW_11_Left_61,VSS,Metal1,7.2730,62.2500,0.000001
PHY_EDGE_ROW_10_Left_60,VSS,Metal1,7.2730,55.3500,0.000169
PHY_EDGE_ROW_9_Left_59,VSS,Metal1,7.2730,54.4100,0.000169
PHY_EDGE_ROW_8_Left_58,VSS,Metal1,7.2730,47.5100,0.000002
PHY_EDGE_ROW_7_Left_57,VSS,Metal1,7.2730,46.5700,0.000002
PHY_EDGE_ROW_6_Left_56,VSS,Metal1,7.2730,39.6700,0.000002
PHY_EDGE_ROW_5_Left_55,VSS,Metal1,7.2730,38.7300,0.000002
PHY_EDGE_ROW_4_Left_54,VSS,Metal1,7.2730,31.8300,0.000007
PHY_EDGE_ROW_3_Left_53,VSS,Metal1,7.2730,30.8900,0.000007
PHY_EDGE_ROW_2_Left_52,VSS,Metal1,7.2730,23.9900,0.001197
PHY_EDGE_ROW_1_Left_51,VSS,Metal1,7.2730,23.0500,0.001197
PHY_EDGE_ROW_0_Left_50,VSS,Metal1,7.2730,16.1500,0.000102
PHY_EDGE_ROW_49_Right_49,VSS,Metal1,222.3265,211.2100,0.000000
PHY_EDGE_ROW_48_Right_48,VSS,Metal1,222.3265,204.3100,0.000000
PHY_EDGE_ROW_47_Right_47,VSS,Metal1,222.3265,203.3700,0.000000
PHY_EDGE_ROW_46_Right_46,VSS,Metal1,222.3265,196.4700,0.000000
PHY_EDGE_ROW_45_Right_45,VSS,Metal1,222.3265,195.5300,0.000000
PHY_EDGE_ROW_44_Right_44,VSS,Metal1,222.3265,188.6300,0.000000
PHY_EDGE_ROW_43_Right_43,VSS,Metal1,222.3265,187.6900,0.000000
PHY_EDGE_ROW_42_Right_42,VSS,Metal1,222.3265,180.7900,0.000000
PHY_EDGE_ROW_41_Right_41,VSS,Metal1,222.3265,179.8500,0.000000
PHY_EDGE_ROW_40_Right_40,VSS,Metal1,222.3265,172.9500,0.000000
PHY_EDGE_ROW_39_Right_39,VSS,Metal1,222.3265,172.0100,0.000000
PHY_EDGE_ROW_38_Right_38,VSS,Metal1,222.3265,165.1100,0.000000
PHY_EDGE_ROW_37_Right_37,VSS,Metal1,222.3265,164.1700,0.000000
PHY_EDGE_ROW_36_Right_36,VSS,Metal1,222.3265,157.2700,0.000000
PHY_EDGE_ROW_35_Right_35,VSS,Metal1,222.3265,156.3300,0.000000
PHY_EDGE_ROW_34_Right_34,VSS,Metal1,222.3265,149.4300,0.000000
PHY_EDGE_ROW_33_Right_33,VSS,Metal1,222.3265,148.4900,0.000000
PHY_EDGE_ROW_32_Right_32,VSS,Metal1,222.3265,141.5900,0.000000
PHY_EDGE_ROW_31_Right_31,VSS,Metal1,222.3265,140.6500,0.000000
PHY_EDGE_ROW_30_Right_30,VSS,Metal1,222.3265,133.7500,0.000000
PHY_EDGE_ROW_29_Right_29,VSS,Metal1,222.3265,132.8100,0.000000
PHY_EDGE_ROW_28_Right_28,VSS,Metal1,222.3265,125.9100,0.000000
PHY_EDGE_ROW_27_Right_27,VSS,Metal1,222.3265,124.9700,0.000000
PHY_EDGE_ROW_26_Right_26,VSS,Metal1,222.3265,118.0700,0.000000
PHY_EDGE_ROW_25_Right_25,VSS,Metal1,222.3265,117.1300,0.000000
PHY_EDGE_ROW_24_Right_24,VSS,Metal1,222.3265,110.2300,0.000000
PHY_EDGE_ROW_23_Right_23,VSS,Metal1,222.3265,109.2900,0.000000
PHY_EDGE_ROW_22_Right_22,VSS,Metal1,222.3265,102.3900,0.000000
PHY_EDGE_ROW_21_Right_21,VSS,Metal1,222.3265,101.4500,0.000000
PHY_EDGE_ROW_20_Right_20,VSS,Metal1,222.3265,94.5500,0.000000
PHY_EDGE_ROW_19_Right_19,VSS,Metal1,222.3265,93.6100,0.000000
PHY_EDGE_ROW_18_Right_18,VSS,Metal1,222.3265,86.7100,0.000006
PHY_EDGE_ROW_17_Right_17,VSS,Metal1,222.3265,85.7700,0.000006
PHY_EDGE_ROW_16_Right_16,VSS,Metal1,222.3265,78.8700,0.000000
PHY_EDGE_ROW_15_Right_15,VSS,Metal1,222.3265,77.9300,0.000000
PHY_EDGE_ROW_14_Right_14,VSS,Metal1,222.3265,71.0300,0.000003
PHY_EDGE_ROW_13_Right_13,VSS,Metal1,222.3265,70.0900,0.000003
PHY_EDGE_ROW_12_Right_12,VSS,Metal1,222.3265,63.1900,0.000000
PHY_EDGE_ROW_11_Right_11,VSS,Metal1,222.3265,62.2500,0.000000
PHY_EDGE_ROW_10_Right_10,VSS,Metal1,222.3265,55.3500,0.000508
PHY_EDGE_ROW_9_Right_9,VSS,Metal1,222.3265,54.4100,0.000508
PHY_EDGE_ROW_8_Right_8,VSS,Metal1,222.3265,47.5100,0.000001
PHY_EDGE_ROW_7_Right_7,VSS,Metal1,222.3265,46.5700,0.000001
PHY_EDGE_ROW_6_Right_6,VSS,Metal1,222.3265,39.6700,0.000001
PHY_EDGE_ROW_5_Right_5,VSS,Metal1,222.3265,38.7300,0.000001
PHY_EDGE_ROW_4_Right_4,VSS,Metal1,222.3265,31.8300,0.000006
PHY_EDGE_ROW_3_Right_3,VSS,Metal1,222.3265,30.8900,0.000006
PHY_EDGE_ROW_2_Right_2,VSS,Metal1,222.3265,23.9900,0.001659
PHY_EDGE_ROW_1_Right_1,VSS,Metal1,222.3265,23.0500,0.001659
PHY_EDGE_ROW_0_Right_0,VSS,Metal1,222.3265,16.1500,0.000025
_2289_,VSS,Metal1,133.4430,204.3785,0.000000
_2288_,VSS,Metal1,134.0030,196.5385,0.000000
_2287_,VSS,Metal1,134.0030,188.6985,0.000000
_2286_,VSS,Metal1,130.6430,180.8585,0.000000
_2285_,VSS,Metal1,130.6430,173.0185,0.000000
_2284_,VSS,Metal1,137.3630,171.9410,0.000000
_2283_,VSS,Metal1,137.9230,164.1010,0.000000
_2282_,VSS,Metal1,134.5630,148.4210,0.000000
_2281_,VSS,Metal1,134.0030,149.4985,0.000000
_2280_,VSS,Metal1,148.0030,132.7410,0.000000
_2279_,VSS,Metal1,148.5630,124.9010,0.000000
_2278_,VSS,Metal1,142.4030,117.0610,0.000000
_2277_,VSS,Metal1,141.2830,109.2210,0.000000
_2276_,VSS,Metal1,139.0430,85.7010,0.000007
_2275_,VSS,Metal1,140.1630,101.3810,0.000000
_2274_,VSS,Metal1,139.6030,77.8610,0.000000
_2273_,VSS,Metal1,134.0030,78.9385,0.000000
_2272_,VSS,Metal1,149.1230,62.1810,0.000000
_2271_,VSS,Metal1,154.9565,55.4185,0.000402
_2270_,VSS,Metal1,150.2430,46.5010,0.000001
_2269_,VSS,Metal1,147.4430,38.6610,0.000001
_2268_,VSS,Metal1,149.1230,30.8210,0.000006
_2267_,VSS,Metal1,154.1630,24.0585,0.001638
_2266_,VSS,Metal1,173.2030,24.0585,0.001642
_2265_,VSS,Metal1,173.7630,38.6610,0.000001
_2264_,VSS,Metal1,106.5630,203.3010,0.000000
_2263_,VSS,Metal1,90.8830,204.3785,0.000000
_2262_,VSS,Metal1,95.3630,195.4610,0.000000
_2261_,VSS,Metal1,96.1565,187.6210,0.000000
_2260_,VSS,Metal1,95.3630,179.7810,0.000000
_2259_,VSS,Metal1,98.1630,171.9410,0.000000
_2258_,VSS,Metal1,99.2830,164.1010,0.000000
_2257_,VSS,Metal1,95.3630,156.2610,0.000000
_2256_,VSS,Metal1,102.6430,148.4210,0.000000
_2255_,VSS,Metal1,103.7630,140.5810,0.000000
_2254_,VSS,Metal1,100.4030,132.7410,0.000000
_2253_,VSS,Metal1,99.8430,117.0610,0.000000
_2252_,VSS,Metal1,102.6430,109.2210,0.000000
_2251_,VSS,Metal1,90.3230,94.6185,0.000000
_2250_,VSS,Metal1,95.3630,93.5410,0.000000
_2249_,VSS,Metal1,100.4030,85.7010,0.000008
_2248_,VSS,Metal1,103.7630,77.8610,0.000000
_2247_,VSS,Metal1,94.8030,63.2585,0.000000
_2246_,VSS,Metal1,104.3230,62.1810,0.000000
_2245_,VSS,Metal1,111.0430,54.3410,0.000361
_2244_,VSS,Metal1,114.9630,47.5785,0.000001
_2243_,VSS,Metal1,114.9630,39.7385,0.000001
_2242_,VSS,Metal1,114.4030,30.8210,0.000007
_2241_,VSS,Metal1,124.4830,31.8985,0.000007
_2240_,VSS,Metal1,129.5230,24.0585,0.001636
_2239_,VSS,Metal1,173.2030,204.3785,0.000000
_2238_,VSS,Metal1,182.3965,203.3010,0.000000
_2237_,VSS,Metal1,181.6030,195.4610,0.000000
_2236_,VSS,Metal1,173.2030,180.8585,0.000000
_2235_,VSS,Metal1,172.6430,173.0185,0.000000
_2234_,VSS,Metal1,183.8430,171.9410,0.000000
_2233_,VSS,Metal1,181.6030,164.1010,0.000000
_2232_,VSS,Metal1,182.7230,140.5810,0.000000
_2231_,VSS,Metal1,181.6030,156.2610,0.000000
_2230_,VSS,Metal1,192.8030,132.7410,0.000000
_2229_,VSS,Metal1,192.8030,124.9010,0.000000
_2228_,VSS,Metal1,190.5630,117.0610,0.000000
_2227_,VSS,Metal1,187.7630,101.3810,0.000000
_2226_,VSS,Metal1,189.4430,93.5410,0.000000
_2225_,VSS,Metal1,194.4830,86.7785,0.000006
_2224_,VSS,Metal1,193.3630,71.0985,0.000003
_2223_,VSS,Metal1,188.8830,77.8610,0.000000
_2222_,VSS,Metal1,192.8030,70.0210,0.000003
_2221_,VSS,Metal1,192.8030,62.1810,0.000000
_2220_,VSS,Metal1,192.8030,46.5010,0.000001
_2219_,VSS,Metal1,192.8030,38.6610,0.000001
_2218_,VSS,Metal1,174.5565,54.3410,0.000417
_2217_,VSS,Metal1,173.2030,55.4185,0.000416
_2216_,VSS,Metal1,173.9965,71.0985,0.000003
_2215_,VSS,Metal1,134.0030,39.7385,0.000001
_2214_,VSS,Metal1,154.1630,196.5385,0.000000
_2213_,VSS,Metal1,154.1630,204.3785,0.000000
_2212_,VSS,Metal1,141.5165,203.3010,0.000000
_2211_,VSS,Metal1,140.9565,195.4610,0.000000
_2210_,VSS,Metal1,139.0430,187.6210,0.000000
_2209_,VSS,Metal1,142.9630,179.7810,0.000000
_2208_,VSS,Metal1,134.0030,157.3385,0.000000
_2207_,VSS,Metal1,148.0030,140.5810,0.000000
_2206_,VSS,Metal1,145.7630,156.2610,0.000000
_2205_,VSS,Metal1,155.8430,133.8185,0.000000
_2204_,VSS,Metal1,156.4030,125.9785,0.000000
_2203_,VSS,Metal1,154.1630,118.1385,0.000000
_2202_,VSS,Metal1,154.9565,110.2985,0.000000
_2201_,VSS,Metal1,154.1630,86.7785,0.000007
_2200_,VSS,Metal1,144.8765,93.5410,0.000000
_2199_,VSS,Metal1,154.1630,78.9385,0.000000
_2198_,VSS,Metal1,151.0365,70.0210,0.000003
_2197_,VSS,Metal1,157.7565,63.2585,0.000000
_2196_,VSS,Metal1,154.3965,54.3410,0.000402
_2195_,VSS,Metal1,161.6765,47.5785,0.000001
_2194_,VSS,Metal1,161.4430,39.7385,0.000001
_2193_,VSS,Metal1,154.7230,31.8985,0.000006
_2192_,VSS,Metal1,174.5565,30.8210,0.000006
_2191_,VSS,Metal1,173.7630,46.5010,0.000001
_2190_,VSS,Metal1,192.8030,30.8210,0.000006
_2189_,VSS,Metal1,173.2030,157.3385,0.000000
_2188_,VSS,Metal1,154.1630,180.8585,0.000000
_2187_,VSS,Metal1,154.1630,188.6985,0.000000
_2186_,VSS,Metal1,173.2030,165.1785,0.000000
_2185_,VSS,Metal1,211.8430,196.5385,0.000000
_2184_,VSS,Metal1,173.2030,188.6985,0.000000
_2183_,VSS,Metal1,211.8430,173.0185,0.000000
_2182_,VSS,Metal1,211.8430,165.1785,0.000000
_2181_,VSS,Metal1,211.8430,141.6585,0.000000
_2180_,VSS,Metal1,211.8430,133.8185,0.000000
_2179_,VSS,Metal1,211.8430,102.4585,0.000000
_2178_,VSS,Metal1,192.8030,109.2210,0.000000
_2177_,VSS,Metal1,193.3630,204.3785,0.000000
_2176_,VSS,Metal1,173.2030,196.5385,0.000000
_2175_,VSS,Metal1,193.3630,188.6985,0.000000
_2174_,VSS,Metal1,184.4030,187.6210,0.000000
_2173_,VSS,Metal1,179.9230,179.7810,0.000000
_2172_,VSS,Metal1,207.9230,180.8585,0.000000
_2171_,VSS,Metal1,193.3630,157.3385,0.000000
_2170_,VSS,Metal1,188.3230,148.4210,0.000000
_2169_,VSS,Metal1,193.3630,149.4985,0.000000
_2168_,VSS,Metal1,199.5230,125.9785,0.000000
_2167_,VSS,Metal1,201.2030,118.1385,0.000000
_2166_,VSS,Metal1,193.9230,110.2985,0.000000
_2165_,VSS,Metal1,193.3630,94.6185,0.000000
_2164_,VSS,Metal1,202.8830,78.9385,0.000000
_2163_,VSS,Metal1,211.8430,47.5785,0.000001
_2162_,VSS,Metal1,202.8830,63.2585,0.000000
_2161_,VSS,Metal1,192.8030,85.7010,0.000006
_2160_,VSS,Metal1,210.1630,39.7385,0.000001
_2159_,VSS,Metal1,192.8030,54.3410,0.000466
_2158_,VSS,Metal1,173.7630,62.1810,0.000000
_2157_,VSS,Metal1,203.4430,31.8985,0.000006
_2156_,VSS,Metal1,173.7630,70.0210,0.000003
_2155_,VSS,Metal1,173.2030,78.9385,0.000000
_2154_,VSS,Metal1,173.7630,85.7010,0.000006
_2153_,VSS,Metal1,173.2030,86.7785,0.000006
_2152_,VSS,Metal1,80.6995,24.0590,0.001607
_2151_,VSS,Metal1,36.8175,46.4945,0.000002
_2150_,VSS,Metal1,36.8175,38.6545,0.000002
_2149_,VSS,Metal1,36.8175,30.8145,0.000008
_2148_,VSS,Metal1,16.9420,22.9745,0.001197
_2147_,VSS,Metal1,16.9420,30.8145,0.000007
_2146_,VSS,Metal1,16.9420,38.6545,0.000002
_2145_,VSS,Metal1,16.9420,46.4945,0.000002
_2144_,VSS,Metal1,35.9820,203.2945,0.000000
_2143_,VSS,Metal1,16.9420,203.2945,0.000000
_2142_,VSS,Metal1,18.6220,195.4545,0.000000
_2141_,VSS,Metal1,16.9420,187.6145,0.000000
_2140_,VSS,Metal1,16.9420,171.9345,0.000000
_2139_,VSS,Metal1,16.9420,164.0945,0.000000
_2138_,VSS,Metal1,16.9420,156.2545,0.000000
_2137_,VSS,Metal1,16.9420,148.4145,0.000000
_2136_,VSS,Metal1,16.9420,140.5745,0.000000
_2135_,VSS,Metal1,20.8620,109.2145,0.000000
_2134_,VSS,Metal1,16.9420,132.7345,0.000000
_2133_,VSS,Metal1,27.0220,117.0545,0.000000
_2132_,VSS,Metal1,17.5020,124.8945,0.000000
_2131_,VSS,Metal1,16.9420,101.3745,0.000000
_2130_,VSS,Metal1,16.9420,93.5345,0.000000
_2129_,VSS,Metal1,16.9420,77.8545,0.000000
_2128_,VSS,Metal1,18.0620,70.0145,0.000005
_2127_,VSS,Metal1,16.9420,62.1745,0.000001
_2126_,VSS,Metal1,16.9420,54.3345,0.000169
_2125_,VSS,Metal1,36.5420,47.5850,0.000002
_2124_,VSS,Metal1,38.2220,39.7450,0.000002
_2123_,VSS,Metal1,36.5420,31.9050,0.000008
_2122_,VSS,Metal1,36.5420,24.0650,0.001299
_2121_,VSS,Metal1,55.5820,24.0650,0.001402
_2120_,VSS,Metal1,36.8175,22.9745,0.001298
_2119_,VSS,Metal1,51.6620,204.3850,0.000000
_2118_,VSS,Metal1,54.4620,196.5450,0.000000
_2117_,VSS,Metal1,56.1420,195.4545,0.000000
_2116_,VSS,Metal1,49.9820,180.8650,0.000000
_2115_,VSS,Metal1,51.1020,173.0250,0.000000
_2114_,VSS,Metal1,48.3020,157.3450,0.000000
_2113_,VSS,Metal1,48.3020,149.5050,0.000000
_2112_,VSS,Metal1,56.1420,140.5745,0.000000
_2111_,VSS,Metal1,56.1420,148.4145,0.000000
_2110_,VSS,Metal1,51.6620,125.9850,0.000000
_2109_,VSS,Metal1,53.9020,133.8250,0.000000
_2108_,VSS,Metal1,60.6220,124.8945,0.000000
_2107_,VSS,Metal1,56.1420,109.2145,0.000000
_2106_,VSS,Metal1,50.5420,94.6250,0.000000
_2105_,VSS,Metal1,52.2220,86.7850,0.000010
_2104_,VSS,Metal1,49.4220,71.1050,0.000005
_2103_,VSS,Metal1,49.9820,63.2650,0.000001
_2102_,VSS,Metal1,65.1020,70.0145,0.000005
_2101_,VSS,Metal1,66.2220,62.1745,0.000001
_2100_,VSS,Metal1,63.9820,54.3345,0.000335
_2099_,VSS,Metal1,68.4620,46.4945,0.000002
_2098_,VSS,Metal1,72.3820,38.6545,0.000001
_2097_,VSS,Metal1,75.7420,31.9050,0.000008
_2096_,VSS,Metal1,75.1820,22.9745,0.001599
_2095_,VSS,Metal1,56.9775,22.9745,0.001403
_2094_,VSS,Metal1,75.1820,203.2945,0.000000
_2093_,VSS,Metal1,89.7420,196.5450,0.000000
_2092_,VSS,Metal1,94.7820,188.7050,0.000000
_2091_,VSS,Metal1,75.1820,179.7745,0.000000
_2090_,VSS,Metal1,75.1820,171.9345,0.000000
_2089_,VSS,Metal1,87.5020,180.8650,0.000000
_2088_,VSS,Metal1,89.7420,173.0250,0.000000
_2087_,VSS,Metal1,89.1820,157.3450,0.000000
_2086_,VSS,Metal1,86.9420,149.5050,0.000000
_2085_,VSS,Metal1,94.7820,133.8250,0.000000
_2084_,VSS,Metal1,98.7020,124.8945,0.000000
_2083_,VSS,Metal1,94.7820,118.1450,0.000000
_2082_,VSS,Metal1,94.7820,110.3050,0.000000
_2081_,VSS,Metal1,89.1820,102.4650,0.000000
_2080_,VSS,Metal1,88.0620,86.7850,0.000008
_2079_,VSS,Metal1,88.0620,71.1050,0.000004
_2078_,VSS,Metal1,75.1820,77.8545,0.000000
_2077_,VSS,Metal1,103.1820,70.0145,0.000004
_2076_,VSS,Metal1,94.7820,47.5850,0.000001
_2075_,VSS,Metal1,94.7820,39.7450,0.000001
_2074_,VSS,Metal1,99.8220,46.4945,0.000001
_2073_,VSS,Metal1,108.2220,38.6545,0.000001
_2072_,VSS,Metal1,96.1775,30.8145,0.000007
_2071_,VSS,Metal1,94.7820,31.9050,0.000007
_2070_,VSS,Metal1,75.1820,30.8145,0.000008
_2069_,VSS,Metal1,187.8500,23.9015,0.001650
_2068_,VSS,Metal1,60.2300,16.0615,0.000072
_2067_,VSS,Metal1,49.5300,16.0615,0.000074
_2066_,VSS,Metal1,12.5700,55.2615,0.000169
_2065_,VSS,Metal1,136.3900,16.0615,0.000030
_2064_,VSS,Metal1,12.0300,39.4650,0.000002
_2063_,VSS,Metal1,106.6500,16.0615,0.000047
_2062_,VSS,Metal1,18.7500,47.3050,0.000002
_2061_,VSS,Metal1,123.6265,211.2405,0.000000
_2060_,VSS,Metal1,119.8630,203.4590,0.000000
_2059_,VSS,Metal1,107.9530,204.1950,0.000000
_2058_,VSS,Metal1,117.8900,204.1050,0.000000
_2057_,VSS,Metal1,117.2900,211.2980,0.000000
_2056_,VSS,Metal1,87.7400,203.5325,0.000000
_2055_,VSS,Metal1,102.3530,196.3550,0.000000
_2054_,VSS,Metal1,109.6600,196.2975,0.000000
_2053_,VSS,Metal1,114.2630,195.6190,0.000000
_2052_,VSS,Metal1,117.2200,196.3075,0.000000
_2051_,VSS,Metal1,112.0530,204.2130,0.000000
_2050_,VSS,Metal1,126.9865,203.4005,0.000000
_2049_,VSS,Metal1,121.0865,196.3550,0.000000
_2048_,VSS,Metal1,122.0565,195.6190,0.000000
_2047_,VSS,Metal1,93.8300,203.4580,0.000000
_2046_,VSS,Metal1,108.3900,195.6180,0.000000
_2045_,VSS,Metal1,121.2700,188.5415,0.000000
_2044_,VSS,Metal1,116.6600,188.4675,0.000000
_2043_,VSS,Metal1,120.5800,187.8525,0.000000
_2042_,VSS,Metal1,123.5800,187.8250,0.000000
_2041_,VSS,Metal1,110.6425,187.8835,0.000000
_2040_,VSS,Metal1,107.0675,172.7560,0.000000
_2039_,VSS,Metal1,117.4730,172.8350,0.000000
_2038_,VSS,Metal1,109.0375,180.0000,0.000000
_2037_,VSS,Metal1,126.9865,195.5605,0.000000
_2036_,VSS,Metal1,111.8665,188.5990,0.000000
_2035_,VSS,Metal1,112.3225,196.2760,0.000000
_2034_,VSS,Metal1,107.3865,188.5990,0.000000
_2033_,VSS,Metal1,113.6965,180.7510,0.000000
_2032_,VSS,Metal1,107.1300,187.7805,0.000000
_2031_,VSS,Metal1,102.8025,164.9160,0.000000
_2030_,VSS,Metal1,114.6200,180.0125,0.000000
_2029_,VSS,Metal1,120.7100,179.9380,0.000000
_2028_,VSS,Metal1,116.6065,164.9950,0.000000
_2027_,VSS,Metal1,119.6600,141.4275,0.000000
_2026_,VSS,Metal1,118.6400,156.4525,0.000000
_2025_,VSS,Metal1,115.5400,172.1725,0.000000
_2024_,VSS,Metal1,113.3065,164.2800,0.000000
_2023_,VSS,Metal1,114.4830,157.1715,0.000000
_2022_,VSS,Metal1,122.7730,172.0405,0.000000
_2021_,VSS,Metal1,112.4265,172.9190,0.000000
_2020_,VSS,Metal1,109.5800,172.1725,0.000000
_2019_,VSS,Metal1,115.1225,187.8835,0.000000
_2018_,VSS,Metal1,102.0900,172.8590,0.000000
_2017_,VSS,Metal1,98.3225,164.9160,0.000000
_2016_,VSS,Metal1,128.5300,164.9050,0.000000
_2015_,VSS,Metal1,109.5100,165.0215,0.000000
_2014_,VSS,Metal1,135.7000,164.9475,0.000000
_2013_,VSS,Metal1,120.7100,164.2580,0.000000
_2012_,VSS,Metal1,121.8300,165.0215,0.000000
_2011_,VSS,Metal1,126.3225,164.3635,0.000000
_2010_,VSS,Metal1,134.2730,156.4450,0.000000
_2009_,VSS,Metal1,107.5600,157.1110,0.000000
_2008_,VSS,Metal1,122.8300,157.0660,0.000000
_2007_,VSS,Metal1,120.7100,149.3415,0.000000
_2006_,VSS,Metal1,116.6600,148.6525,0.000000
_2005_,VSS,Metal1,108.3900,156.4180,0.000000
_2004_,VSS,Metal1,102.9065,149.3990,0.000000
_2003_,VSS,Metal1,102.8025,157.0760,0.000000
_2002_,VSS,Metal1,129.0500,156.4180,0.000000
_2001_,VSS,Metal1,120.0775,148.6835,0.000000
_2000_,VSS,Metal1,130.1000,109.4525,0.000000
_1999_,VSS,Metal1,121.4200,140.8225,0.000000
_1998_,VSS,Metal1,130.5030,117.9805,0.000000
_1997_,VSS,Metal1,119.1175,132.9600,0.000000
_1996_,VSS,Metal1,130.3465,125.0005,0.000000
_1995_,VSS,Metal1,127.3000,102.2275,0.000000
_1994_,VSS,Metal1,118.4030,102.2915,0.000000
_1993_,VSS,Metal1,125.1175,133.5560,0.000000
_1992_,VSS,Metal1,129.5500,140.8535,0.000000
_1991_,VSS,Metal1,127.3575,141.3960,0.000000
_1990_,VSS,Metal1,124.1930,94.4350,0.000000
_1989_,VSS,Metal1,120.2375,109.4400,0.000000
_1988_,VSS,Metal1,117.9975,133.6000,0.000000
_1987_,VSS,Metal1,135.3865,118.0390,0.000000
_1986_,VSS,Metal1,128.0775,132.9600,0.000000
_1985_,VSS,Metal1,115.3175,132.9460,0.000000
_1984_,VSS,Metal1,113.9900,149.3415,0.000000
_1983_,VSS,Metal1,141.5465,133.7190,0.000000
_1982_,VSS,Metal1,135.3930,140.7650,0.000000
_1981_,VSS,Metal1,136.2665,133.6400,0.000000
_1980_,VSS,Metal1,134.7225,141.3960,0.000000
_1979_,VSS,Metal1,114.4300,125.7060,0.000000
_1978_,VSS,Metal1,114.5625,140.8435,0.000000
_1977_,VSS,Metal1,113.3575,141.3960,0.000000
_1976_,VSS,Metal1,140.3100,125.8215,0.000000
_1975_,VSS,Metal1,134.5800,132.9725,0.000000
_1974_,VSS,Metal1,128.0500,125.7060,0.000000
_1973_,VSS,Metal1,108.9625,133.5560,0.000000
_1972_,VSS,Metal1,132.3400,133.6150,0.000000
_1971_,VSS,Metal1,111.7625,133.5560,0.000000
_1970_,VSS,Metal1,133.6600,125.1325,0.000000
_1969_,VSS,Metal1,126.8825,125.1635,0.000000
_1968_,VSS,Metal1,123.9500,125.7060,0.000000
_1967_,VSS,Metal1,111.9000,117.3660,0.000000
_1966_,VSS,Metal1,128.6730,117.2450,0.000000
_1965_,VSS,Metal1,117.9975,125.7600,0.000000
_1964_,VSS,Metal1,119.7975,125.1060,0.000000
_1963_,VSS,Metal1,114.2565,118.0310,0.000000
_1962_,VSS,Metal1,118.3975,117.3235,0.000000
_1961_,VSS,Metal1,120.5075,117.3235,0.000000
_1960_,VSS,Metal1,110.0825,125.1635,0.000000
_1959_,VSS,Metal1,108.9625,125.7160,0.000000
_1958_,VSS,Metal1,129.9365,110.1910,0.000000
_1957_,VSS,Metal1,113.4425,110.0360,0.000000
_1956_,VSS,Metal1,119.5175,110.0360,0.000000
_1955_,VSS,Metal1,131.1665,102.2750,0.000000
_1954_,VSS,Metal1,128.4200,101.6125,0.000000
_1953_,VSS,Metal1,108.4775,101.6000,0.000000
_1952_,VSS,Metal1,109.7175,102.2535,0.000000
_1951_,VSS,Metal1,118.9100,101.6535,0.000000
_1950_,VSS,Metal1,114.0025,102.1960,0.000000
_1949_,VSS,Metal1,99.0200,101.6860,0.000000
_1948_,VSS,Metal1,112.0165,94.5110,0.000000
_1947_,VSS,Metal1,110.1400,93.7725,0.000000
_1946_,VSS,Metal1,104.4825,101.6435,0.000000
_1945_,VSS,Metal1,100.0025,102.1960,0.000000
_1944_,VSS,Metal1,116.2300,93.6980,0.000000
_1943_,VSS,Metal1,106.7225,93.8035,0.000000
_1942_,VSS,Metal1,101.6825,94.3560,0.000000
_1941_,VSS,Metal1,100.5625,86.5160,0.000008
_1940_,VSS,Metal1,134.0200,94.3875,0.000000
_1939_,VSS,Metal1,119.5230,86.6115,0.000007
_1938_,VSS,Metal1,120.1625,94.3560,0.000000
_1937_,VSS,Metal1,122.2700,93.8135,0.000000
_1936_,VSS,Metal1,112.4600,86.0060,0.000008
_1935_,VSS,Metal1,128.6730,94.4350,0.000000
_1934_,VSS,Metal1,128.9700,93.7005,0.000000
_1933_,VSS,Metal1,123.8930,86.6790,0.000007
_1932_,VSS,Metal1,129.6700,86.6215,0.000007
_1931_,VSS,Metal1,121.0865,85.8850,0.000007
_1930_,VSS,Metal1,108.9500,78.7815,0.000000
_1929_,VSS,Metal1,110.6425,86.5160,0.000008
_1928_,VSS,Metal1,131.2900,70.9415,0.000003
_1927_,VSS,Metal1,117.3500,78.7815,0.000000
_1926_,VSS,Metal1,116.8025,85.9635,0.000007
_1925_,VSS,Metal1,118.0265,77.9605,0.000000
_1924_,VSS,Metal1,127.3575,85.9635,0.000007
_1923_,VSS,Metal1,128.1130,78.0450,0.000000
_1922_,VSS,Metal1,127.8600,62.9535,0.000000
_1921_,VSS,Metal1,120.5865,70.2000,0.000004
_1920_,VSS,Metal1,114.3475,70.2835,0.000004
_1919_,VSS,Metal1,113.1430,63.1005,0.000000
_1918_,VSS,Metal1,122.4025,78.1235,0.000000
_1917_,VSS,Metal1,135.9465,70.9990,0.000003
_1916_,VSS,Metal1,124.1575,70.8800,0.000003
_1915_,VSS,Metal1,122.5975,63.0535,0.000000
_1914_,VSS,Metal1,134.4165,70.1285,0.000003
_1913_,VSS,Metal1,115.6825,70.8360,0.000004
_1912_,VSS,Metal1,120.7225,70.8360,0.000004
_1911_,VSS,Metal1,139.3130,63.0750,0.000000
_1910_,VSS,Metal1,139.7300,55.1450,0.000391
_1909_,VSS,Metal1,132.2000,55.1910,0.000390
_1908_,VSS,Metal1,126.9575,55.2000,0.000387
_1907_,VSS,Metal1,128.6730,54.5250,0.000387
_1906_,VSS,Metal1,122.4600,55.1875,0.000367
_1905_,VSS,Metal1,135.2825,62.9960,0.000000
_1904_,VSS,Metal1,115.1225,62.4435,0.000000
_1903_,VSS,Metal1,139.6200,70.8950,0.000003
_1902_,VSS,Metal1,108.9625,62.9960,0.000000
_1901_,VSS,Metal1,137.7765,54.4485,0.000391
_1900_,VSS,Metal1,127.3575,62.4435,0.000000
_1899_,VSS,Metal1,119.4130,55.3190,0.000361
_1898_,VSS,Metal1,119.6025,62.4435,0.000000
_1897_,VSS,Metal1,137.0665,62.2805,0.000000
_1896_,VSS,Metal1,139.7625,47.3160,0.000001
_1895_,VSS,Metal1,133.2965,46.6085,0.000001
_1894_,VSS,Metal1,134.2925,62.4435,0.000000
_1893_,VSS,Metal1,133.1000,47.3475,0.000001
_1892_,VSS,Metal1,120.7975,38.8800,0.000001
_1891_,VSS,Metal1,122.2065,46.6850,0.000001
_1890_,VSS,Metal1,137.9975,47.3160,0.000001
_1889_,VSS,Metal1,122.4025,54.6035,0.000367
_1888_,VSS,Metal1,127.5465,47.4790,0.000001
_1887_,VSS,Metal1,131.6165,38.7685,0.000001
_1886_,VSS,Metal1,118.4825,15.9560,0.000042
_1885_,VSS,Metal1,141.3575,31.6360,0.000007
_1884_,VSS,Metal1,118.2930,46.6005,0.000001
_1883_,VSS,Metal1,146.9575,39.4760,0.000001
_1882_,VSS,Metal1,132.1765,30.9285,0.000007
_1881_,VSS,Metal1,135.9175,31.6800,0.000007
_1880_,VSS,Metal1,162.0775,15.9560,0.000027
_1879_,VSS,Metal1,131.5000,15.9775,0.000031
_1878_,VSS,Metal1,140.3225,23.7960,0.001638
_1877_,VSS,Metal1,122.9625,15.9560,0.000039
_1876_,VSS,Metal1,113.5465,23.9590,0.001636
_1875_,VSS,Metal1,147.2965,16.1110,0.000028
_1874_,VSS,Metal1,193.9975,15.9560,0.000025
_1873_,VSS,Metal1,126.7975,15.9560,0.000035
_1872_,VSS,Metal1,185.2265,211.2405,0.000000
_1871_,VSS,Metal1,171.3365,211.2990,0.000000
_1870_,VSS,Metal1,181.5665,211.3250,0.000000
_1869_,VSS,Metal1,163.8100,211.4150,0.000000
_1868_,VSS,Metal1,167.7500,203.4580,0.000000
_1867_,VSS,Metal1,158.8600,203.5325,0.000000
_1866_,VSS,Metal1,147.1530,211.3250,0.000000
_1865_,VSS,Metal1,153.3400,211.3825,0.000000
_1864_,VSS,Metal1,160.1365,195.6190,0.000000
_1863_,VSS,Metal1,187.2200,196.3075,0.000000
_1862_,VSS,Metal1,176.3465,211.3065,0.000000
_1861_,VSS,Metal1,193.8930,196.4390,0.000000
_1860_,VSS,Metal1,193.6330,195.6450,0.000000
_1859_,VSS,Metal1,170.2165,195.6190,0.000000
_1858_,VSS,Metal1,153.7500,203.4580,0.000000
_1857_,VSS,Metal1,153.1900,195.6180,0.000000
_1856_,VSS,Metal1,171.6700,187.7780,0.000000
_1855_,VSS,Metal1,157.5400,172.1725,0.000000
_1854_,VSS,Metal1,187.2200,180.6275,0.000000
_1853_,VSS,Metal1,176.5800,149.2950,0.000000
_1852_,VSS,Metal1,146.9575,164.9160,0.000000
_1851_,VSS,Metal1,162.6375,172.7560,0.000000
_1850_,VSS,Metal1,166.7530,179.9650,0.000000
_1849_,VSS,Metal1,154.1075,180.0435,0.000000
_1848_,VSS,Metal1,190.2665,196.4390,0.000000
_1847_,VSS,Metal1,166.1865,187.7205,0.000000
_1846_,VSS,Metal1,143.1225,211.4035,0.000000
_1845_,VSS,Metal1,156.6665,211.2405,0.000000
_1844_,VSS,Metal1,155.1365,187.7285,0.000000
_1843_,VSS,Metal1,142.0025,180.5960,0.000000
_1842_,VSS,Metal1,153.6100,172.8590,0.000000
_1841_,VSS,Metal1,158.3530,172.8350,0.000000
_1840_,VSS,Metal1,159.9100,179.9380,0.000000
_1839_,VSS,Metal1,161.4065,172.1250,0.000000
_1838_,VSS,Metal1,142.0025,172.7560,0.000000
_1837_,VSS,Metal1,170.6200,172.1725,0.000000
_1836_,VSS,Metal1,166.3730,172.1065,0.000000
_1835_,VSS,Metal1,162.7800,156.4650,0.000000
_1834_,VSS,Metal1,156.6130,164.2800,0.000000
_1833_,VSS,Metal1,151.3330,164.2005,0.000000
_1832_,VSS,Metal1,148.1500,172.8615,0.000000
_1831_,VSS,Metal1,148.8265,172.0405,0.000000
_1830_,VSS,Metal1,160.4700,165.0215,0.000000
_1829_,VSS,Metal1,150.9500,165.0215,0.000000
_1828_,VSS,Metal1,152.7465,172.0405,0.000000
_1827_,VSS,Metal1,156.4775,164.9160,0.000000
_1826_,VSS,Metal1,161.1530,164.2850,0.000000
_1825_,VSS,Metal1,168.2900,164.3750,0.000000
_1824_,VSS,Metal1,153.6900,157.1815,0.000000
_1823_,VSS,Metal1,148.2665,157.2390,0.000000
_1822_,VSS,Metal1,157.6825,157.0760,0.000000
_1821_,VSS,Metal1,161.1000,157.1075,0.000000
_1820_,VSS,Metal1,170.1130,149.3150,0.000000
_1819_,VSS,Metal1,155.1600,148.6485,0.000000
_1818_,VSS,Metal1,164.7130,149.3050,0.000000
_1817_,VSS,Metal1,171.3765,141.5510,0.000000
_1816_,VSS,Metal1,172.6065,148.6050,0.000000
_1815_,VSS,Metal1,163.2825,141.3960,0.000000
_1814_,VSS,Metal1,155.5465,141.5590,0.000000
_1813_,VSS,Metal1,151.5225,148.6835,0.000000
_1812_,VSS,Metal1,167.5730,148.5205,0.000000
_1811_,VSS,Metal1,168.8700,156.4180,0.000000
_1810_,VSS,Metal1,172.8600,109.4525,0.000000
_1809_,VSS,Metal1,174.0265,149.3990,0.000000
_1808_,VSS,Metal1,168.7400,117.8335,0.000000
_1807_,VSS,Metal1,168.9930,109.4050,0.000000
_1806_,VSS,Metal1,176.0200,117.9075,0.000000
_1805_,VSS,Metal1,171.2330,133.6350,0.000000
_1804_,VSS,Metal1,172.9130,101.5650,0.000000
_1803_,VSS,Metal1,167.2775,102.2400,0.000000
_1802_,VSS,Metal1,167.8375,117.2800,0.000000
_1801_,VSS,Metal1,168.5175,110.0935,0.000000
_1800_,VSS,Metal1,160.1175,109.4260,0.000000
_1799_,VSS,Metal1,166.1575,125.1200,0.000000
_1798_,VSS,Metal1,168.6025,125.7735,0.000000
_1797_,VSS,Metal1,156.5500,149.3415,0.000000
_1796_,VSS,Metal1,159.4665,156.3605,0.000000
_1795_,VSS,Metal1,160.4825,148.6835,0.000000
_1794_,VSS,Metal1,185.1225,133.5560,0.000000
_1793_,VSS,Metal1,179.8600,132.9825,0.000000
_1792_,VSS,Metal1,178.5400,133.5135,0.000000
_1791_,VSS,Metal1,176.2665,132.8405,0.000000
_1790_,VSS,Metal1,168.3225,140.8435,0.000000
_1789_,VSS,Metal1,167.3065,133.7190,0.000000
_1788_,VSS,Metal1,165.5225,140.8435,0.000000
_1787_,VSS,Metal1,167.3065,132.8405,0.000000
_1786_,VSS,Metal1,176.9765,125.0085,0.000000
_1785_,VSS,Metal1,179.7830,125.8205,0.000000
_1784_,VSS,Metal1,189.5175,125.7160,0.000000
_1783_,VSS,Metal1,174.2930,125.8790,0.000000
_1782_,VSS,Metal1,170.0025,133.0035,0.000000
_1781_,VSS,Metal1,186.0530,125.8790,0.000000
_1780_,VSS,Metal1,180.6900,117.8660,0.000000
_1779_,VSS,Metal1,159.3625,125.1635,0.000000
_1778_,VSS,Metal1,154.3225,109.4835,0.000000
_1777_,VSS,Metal1,186.9325,102.1960,0.000000
_1776_,VSS,Metal1,177.8300,117.2180,0.000000
_1775_,VSS,Metal1,182.2375,110.0360,0.000000
_1774_,VSS,Metal1,160.9100,117.3335,0.000000
_1773_,VSS,Metal1,153.7625,117.3235,0.000000
_1772_,VSS,Metal1,157.5975,117.3235,0.000000
_1771_,VSS,Metal1,179.5100,102.3015,0.000000
_1770_,VSS,Metal1,174.6125,110.0360,0.000000
_1769_,VSS,Metal1,173.4200,102.2275,0.000000
_1768_,VSS,Metal1,177.1975,101.6435,0.000000
_1767_,VSS,Metal1,162.3000,94.3775,0.000000
_1766_,VSS,Metal1,170.9265,94.4350,0.000000
_1765_,VSS,Metal1,159.4200,93.7725,0.000000
_1764_,VSS,Metal1,154.6675,101.6435,0.000000
_1763_,VSS,Metal1,160.3225,102.2400,0.000000
_1762_,VSS,Metal1,161.2375,101.5860,0.000000
_1761_,VSS,Metal1,178.2700,110.0260,0.000000
_1760_,VSS,Metal1,153.2025,102.1960,0.000000
_1759_,VSS,Metal1,150.4025,102.1960,0.000000
_1758_,VSS,Metal1,173.6165,93.6485,0.000000
_1757_,VSS,Metal1,166.5575,93.8035,0.000000
_1756_,VSS,Metal1,162.0775,85.9635,0.000006
_1755_,VSS,Metal1,156.1065,93.6405,0.000000
_1754_,VSS,Metal1,178.4600,109.4525,0.000000
_1753_,VSS,Metal1,179.5100,94.4615,0.000000
_1752_,VSS,Metal1,190.0775,102.1960,0.000000
_1751_,VSS,Metal1,152.0825,94.3560,0.000000
_1750_,VSS,Metal1,151.5225,101.6435,0.000000
_1749_,VSS,Metal1,166.1930,94.4350,0.000000
_1748_,VSS,Metal1,156.4300,94.3460,0.000000
_1747_,VSS,Metal1,174.9575,94.3560,0.000000
_1746_,VSS,Metal1,158.3800,85.9425,0.000007
_1745_,VSS,Metal1,161.2375,78.0660,0.000000
_1744_,VSS,Metal1,171.9365,77.9685,0.000000
_1743_,VSS,Metal1,167.8200,101.6125,0.000000
_1742_,VSS,Metal1,152.6425,85.9635,0.000007
_1741_,VSS,Metal1,149.8425,85.9635,0.000007
_1740_,VSS,Metal1,187.8500,78.7815,0.000000
_1739_,VSS,Metal1,192.8775,78.6760,0.000000
_1738_,VSS,Metal1,150.9625,78.1235,0.000000
_1737_,VSS,Metal1,154.7300,78.0205,0.000000
_1736_,VSS,Metal1,163.8425,102.1960,0.000000
_1735_,VSS,Metal1,156.9265,70.9150,0.000003
_1734_,VSS,Metal1,175.4600,62.9535,0.000000
_1733_,VSS,Metal1,161.4065,62.3650,0.000000
_1732_,VSS,Metal1,153.0600,70.8675,0.000003
_1731_,VSS,Metal1,200.7175,78.1235,0.000000
_1730_,VSS,Metal1,181.3065,63.1590,0.000000
_1729_,VSS,Metal1,160.5575,70.8800,0.000003
_1728_,VSS,Metal1,169.1625,63.0535,0.000000
_1727_,VSS,Metal1,190.9430,55.3110,0.000461
_1726_,VSS,Metal1,148.1625,70.8360,0.000003
_1725_,VSS,Metal1,161.7065,70.1205,0.000003
_1724_,VSS,Metal1,205.7575,70.2835,0.000003
_1723_,VSS,Metal1,205.9530,62.3650,0.000000
_1722_,VSS,Metal1,190.6700,62.9850,0.000000
_1721_,VSS,Metal1,180.6365,39.5715,0.000001
_1720_,VSS,Metal1,177.9175,47.3600,0.000001
_1719_,VSS,Metal1,205.7575,54.6035,0.000508
_1718_,VSS,Metal1,149.6465,47.3950,0.000001
_1717_,VSS,Metal1,172.9400,47.2735,0.000001
_1716_,VSS,Metal1,173.9165,39.5715,0.000001
_1715_,VSS,Metal1,208.5575,70.2835,0.000003
_1714_,VSS,Metal1,206.2600,70.8950,0.000003
_1713_,VSS,Metal1,145.9225,62.9960,0.000000
_1712_,VSS,Metal1,150.4025,39.4760,0.000001
_1711_,VSS,Metal1,190.9430,39.6310,0.000001
_1710_,VSS,Metal1,198.0025,55.1560,0.000466
_1709_,VSS,Metal1,208.5575,54.6035,0.000508
_1708_,VSS,Metal1,220.8775,54.6035,0.000508
_1707_,VSS,Metal1,176.4165,31.7910,0.000006
_1706_,VSS,Metal1,185.4675,47.3160,0.000001
_1705_,VSS,Metal1,192.8200,31.6675,0.000006
_1704_,VSS,Metal1,166.7175,31.6800,0.000006
_1703_,VSS,Metal1,161.4065,31.0050,0.000006
_1702_,VSS,Metal1,205.7575,38.9235,0.000001
_1701_,VSS,Metal1,199.0375,39.4760,0.000001
_1700_,VSS,Metal1,185.9030,16.1110,0.000025
_1699_,VSS,Metal1,192.8775,23.7960,0.001653
_1698_,VSS,Metal1,200.1575,15.9560,0.000025
_1697_,VSS,Metal1,161.9730,46.6005,0.000001
_1696_,VSS,Metal1,199.6825,23.2435,0.001659
_1695_,VSS,Metal1,171.9030,16.1110,0.000026
_1694_,VSS,Metal1,159.9975,38.8800,0.000001
_1693_,VSS,Metal1,204.7225,15.9560,0.000025
_1692_,VSS,Metal1,186.0200,31.6575,0.000006
_1691_,VSS,Metal1,202.9575,15.9560,0.000025
_1690_,VSS,Metal1,205.7575,31.0835,0.000006
_1689_,VSS,Metal1,161.9730,23.0805,0.001638
_1688_,VSS,Metal1,192.6230,23.0885,0.001653
_1687_,VSS,Metal1,207.5225,15.9560,0.000025
_1686_,VSS,Metal1,204.7225,23.2435,0.001659
_1685_,VSS,Metal1,204.7225,211.4035,0.000000
_1684_,VSS,Metal1,200.0200,211.3825,0.000000
_1683_,VSS,Metal1,204.1625,204.1160,0.000000
_1682_,VSS,Metal1,191.2500,211.4150,0.000000
_1681_,VSS,Metal1,194.6300,203.4580,0.000000
_1680_,VSS,Metal1,199.7400,203.5325,0.000000
_1679_,VSS,Metal1,206.7730,203.4005,0.000000
_1678_,VSS,Metal1,210.6865,203.4850,0.000000
_1677_,VSS,Metal1,199.5300,195.6205,0.000000
_1676_,VSS,Metal1,208.5575,204.1160,0.000000
_1675_,VSS,Metal1,211.0200,195.7025,0.000000
_1674_,VSS,Metal1,206.3175,195.7235,0.000000
_1673_,VSS,Metal1,210.7400,187.8525,0.000000
_1672_,VSS,Metal1,199.1100,196.3815,0.000000
_1671_,VSS,Metal1,215.8500,188.5415,0.000000
_1670_,VSS,Metal1,211.2530,204.2790,0.000000
_1669_,VSS,Metal1,206.8900,188.5415,0.000000
_1668_,VSS,Metal1,198.6730,172.8350,0.000000
_1667_,VSS,Metal1,197.4425,172.2035,0.000000
_1666_,VSS,Metal1,194.6425,172.2035,0.000000
_1665_,VSS,Metal1,194.2400,172.8275,0.000000
_1664_,VSS,Metal1,197.9900,187.7780,0.000000
_1663_,VSS,Metal1,204.7225,187.8835,0.000000
_1662_,VSS,Metal1,196.5430,179.8885,0.000000
_1661_,VSS,Metal1,190.5700,180.6990,0.000000
_1660_,VSS,Metal1,190.7225,164.9160,0.000000
_1659_,VSS,Metal1,196.6865,180.6750,0.000000
_1658_,VSS,Metal1,207.4500,179.9380,0.000000
_1657_,VSS,Metal1,187.3500,172.8615,0.000000
_1656_,VSS,Metal1,187.7330,165.0790,0.000000
_1655_,VSS,Metal1,209.0600,156.4925,0.000000
_1654_,VSS,Metal1,216.1830,164.2590,0.000000
_1653_,VSS,Metal1,218.3465,157.1730,0.000000
_1652_,VSS,Metal1,219.3500,156.4205,0.000000
_1651_,VSS,Metal1,212.7265,157.1450,0.000000
_1650_,VSS,Metal1,209.1300,172.0980,0.000000
_1649_,VSS,Metal1,207.6330,164.2850,0.000000
_1648_,VSS,Metal1,215.8500,172.0980,0.000000
_1647_,VSS,Metal1,212.3730,164.2005,0.000000
_1646_,VSS,Metal1,219.8425,172.2035,0.000000
_1645_,VSS,Metal1,206.3900,157.1815,0.000000
_1644_,VSS,Metal1,198.5500,164.2580,0.000000
_1643_,VSS,Metal1,199.1100,165.0215,0.000000
_1642_,VSS,Metal1,193.8930,164.2005,0.000000
_1641_,VSS,Metal1,215.0000,156.4885,0.000000
_1640_,VSS,Metal1,205.0675,148.6835,0.000000
_1639_,VSS,Metal1,209.7625,149.2360,0.000000
_1638_,VSS,Metal1,205.4200,149.1935,0.000000
_1637_,VSS,Metal1,196.0165,141.5510,0.000000
_1636_,VSS,Metal1,200.0900,148.5805,0.000000
_1635_,VSS,Metal1,200.2425,156.5235,0.000000
_1634_,VSS,Metal1,200.6065,140.7650,0.000000
_1633_,VSS,Metal1,207.4500,140.7380,0.000000
_1632_,VSS,Metal1,210.6865,148.6050,0.000000
_1631_,VSS,Metal1,219.1500,125.7060,0.000000
_1630_,VSS,Metal1,218.2730,109.4050,0.000000
_1629_,VSS,Metal1,217.9475,101.6435,0.000000
_1628_,VSS,Metal1,212.6375,109.4400,0.000000
_1627_,VSS,Metal1,211.5175,110.0800,0.000000
_1626_,VSS,Metal1,219.7575,117.3235,0.000000
_1625_,VSS,Metal1,209.3400,125.2060,0.000000
_1624_,VSS,Metal1,195.1700,156.5350,0.000000
_1623_,VSS,Metal1,196.4265,140.6805,0.000000
_1622_,VSS,Metal1,209.7100,133.0150,0.000000
_1621_,VSS,Metal1,211.2465,117.2450,0.000000
_1620_,VSS,Metal1,212.5300,125.7050,0.000000
_1619_,VSS,Metal1,200.8025,133.5560,0.000000
_1618_,VSS,Metal1,206.5130,117.2450,0.000000
_1617_,VSS,Metal1,215.4100,117.3335,0.000000
_1616_,VSS,Metal1,217.1530,110.1150,0.000000
_1615_,VSS,Metal1,206.7400,109.4625,0.000000
_1614_,VSS,Metal1,209.7625,94.3560,0.000000
_1613_,VSS,Metal1,221.0200,110.0950,0.000000
_1612_,VSS,Metal1,197.3630,102.2915,0.000000
_1611_,VSS,Metal1,215.3300,117.8650,0.000000
_1610_,VSS,Metal1,205.6530,125.0005,0.000000
_1609_,VSS,Metal1,210.5430,101.4885,0.000000
_1608_,VSS,Metal1,205.9000,94.3875,0.000000
_1607_,VSS,Metal1,216.4030,93.7080,0.000000
_1606_,VSS,Metal1,220.8775,93.8035,0.000000
_1605_,VSS,Metal1,215.4200,78.7075,0.000000
_1604_,VSS,Metal1,218.7800,86.5750,0.000006
_1603_,VSS,Metal1,216.0865,85.8950,0.000006
_1602_,VSS,Metal1,213.8200,78.1660,0.000000
_1601_,VSS,Metal1,209.9000,86.0060,0.000006
_1600_,VSS,Metal1,211.2900,93.7005,0.000000
_1599_,VSS,Metal1,220.8775,85.9635,0.000006
_1598_,VSS,Metal1,209.1230,78.0280,0.000000
_1597_,VSS,Metal1,214.7965,86.6115,0.000006
_1596_,VSS,Metal1,220.8775,46.7635,0.000001
_1595_,VSS,Metal1,212.1130,54.5250,0.000508
_1594_,VSS,Metal1,210.6865,38.8450,0.000001
_1593_,VSS,Metal1,219.3865,63.1590,0.000000
_1592_,VSS,Metal1,217.9475,62.4435,0.000000
_1591_,VSS,Metal1,216.6400,46.6925,0.000001
_1590_,VSS,Metal1,215.3565,38.8280,0.000001
_1589_,VSS,Metal1,205.6900,46.6605,0.000001
_1588_,VSS,Metal1,210.8030,46.6680,0.000001
_1587_,VSS,Metal1,216.9100,54.6135,0.000508
_1586_,VSS,Metal1,215.2830,63.0915,0.000000
_1585_,VSS,Metal1,209.8665,62.2805,0.000000
_1584_,VSS,Metal1,214.1630,62.3480,0.000000
_1583_,VSS,Metal1,209.2600,31.0525,0.000006
_1582_,VSS,Metal1,214.3800,31.1260,0.000006
_1581_,VSS,Metal1,211.6565,23.1390,0.001659
_1580_,VSS,Metal1,216.4030,31.7315,0.000006
_1579_,VSS,Metal1,198.5625,101.6435,0.000000
_1578_,VSS,Metal1,193.0665,102.3590,0.000000
_1577_,VSS,Metal1,205.6900,110.1390,0.000000
_1576_,VSS,Metal1,200.8025,102.1960,0.000000
_1575_,VSS,Metal1,8.7225,204.1160,0.000000
_1574_,VSS,Metal1,13.5130,204.1850,0.000000
_1573_,VSS,Metal1,13.2600,211.3725,0.000000
_1572_,VSS,Metal1,10.7730,196.4390,0.000000
_1571_,VSS,Metal1,17.7865,204.2790,0.000000
_1570_,VSS,Metal1,18.7175,196.2760,0.000000
_1569_,VSS,Metal1,14.4330,196.3550,0.000000
_1568_,VSS,Metal1,13.6900,188.5415,0.000000
_1567_,VSS,Metal1,10.2130,180.7590,0.000000
_1566_,VSS,Metal1,18.5875,180.5960,0.000000
_1565_,VSS,Metal1,14.0800,180.6675,0.000000
_1564_,VSS,Metal1,13.8730,179.9650,0.000000
_1563_,VSS,Metal1,12.0100,172.8615,0.000000
_1562_,VSS,Metal1,18.6130,165.0790,0.000000
_1561_,VSS,Metal1,12.9225,157.1335,0.000000
_1560_,VSS,Metal1,14.9865,165.0790,0.000000
_1559_,VSS,Metal1,11.6265,165.0790,0.000000
_1558_,VSS,Metal1,12.3625,149.2935,0.000000
_1557_,VSS,Metal1,18.9130,157.1550,0.000000
_1556_,VSS,Metal1,15.2465,141.4750,0.000000
_1555_,VSS,Metal1,17.1700,133.5460,0.000000
_1554_,VSS,Metal1,10.7665,141.4750,0.000000
_1553_,VSS,Metal1,12.0100,133.6615,0.000000
_1552_,VSS,Metal1,20.0330,110.1150,0.000000
_1551_,VSS,Metal1,16.1975,102.2535,0.000000
_1550_,VSS,Metal1,15.6375,110.0935,0.000000
_1549_,VSS,Metal1,9.9465,110.1990,0.000000
_1548_,VSS,Metal1,16.1065,117.1605,0.000000
_1547_,VSS,Metal1,11.8025,117.9335,0.000000
_1546_,VSS,Metal1,17.2330,125.7950,0.000000
_1545_,VSS,Metal1,17.7930,117.9550,0.000000
_1544_,VSS,Metal1,12.5100,117.3335,0.000000
_1543_,VSS,Metal1,22.2730,117.9550,0.000000
_1542_,VSS,Metal1,11.5100,125.8215,0.000000
_1541_,VSS,Metal1,10.2130,109.3205,0.000000
_1540_,VSS,Metal1,16.8425,94.4135,0.000000
_1539_,VSS,Metal1,10.7730,102.3590,0.000000
_1538_,VSS,Metal1,11.3330,86.6790,0.000012
_1537_,VSS,Metal1,15.1625,86.5735,0.000012
_1536_,VSS,Metal1,12.1930,94.4350,0.000000
_1535_,VSS,Metal1,11.0730,85.8850,0.000012
_1534_,VSS,Metal1,15.4900,85.9735,0.000012
_1533_,VSS,Metal1,14.4330,78.7550,0.000000
_1532_,VSS,Metal1,12.0700,70.9415,0.000005
_1531_,VSS,Metal1,9.6530,63.1590,0.000001
_1530_,VSS,Metal1,24.5865,70.9330,0.000005
_1529_,VSS,Metal1,29.8065,78.7550,0.000000
_1528_,VSS,Metal1,23.2100,63.1015,0.000001
_1527_,VSS,Metal1,29.9700,54.6150,0.000186
_1526_,VSS,Metal1,30.4025,62.4000,0.000001
_1525_,VSS,Metal1,31.3175,55.2135,0.000186
_1524_,VSS,Metal1,22.1300,39.4650,0.000002
_1523_,VSS,Metal1,11.8675,47.3160,0.000002
_1522_,VSS,Metal1,22.7100,31.7415,0.000007
_1521_,VSS,Metal1,8.7225,47.3160,0.000002
_1520_,VSS,Metal1,36.1100,15.9450,0.000075
_1519_,VSS,Metal1,48.7625,31.6935,0.000008
_1518_,VSS,Metal1,22.1300,23.7850,0.001197
_1517_,VSS,Metal1,29.2275,70.2835,0.000005
_1516_,VSS,Metal1,20.4825,85.9635,0.000012
_1515_,VSS,Metal1,47.8375,211.4035,0.000000
_1514_,VSS,Metal1,41.6200,211.3725,0.000000
_1513_,VSS,Metal1,40.7800,204.1375,0.000000
_1512_,VSS,Metal1,52.3300,211.2980,0.000000
_1511_,VSS,Metal1,52.9100,203.5750,0.000000
_1510_,VSS,Metal1,36.1625,211.4035,0.000000
_1509_,VSS,Metal1,33.2300,211.4135,0.000000
_1508_,VSS,Metal1,34.6125,196.2760,0.000000
_1507_,VSS,Metal1,39.8865,195.6450,0.000000
_1506_,VSS,Metal1,36.5800,196.3350,0.000000
_1505_,VSS,Metal1,30.2930,195.6265,0.000000
_1504_,VSS,Metal1,43.4425,195.7235,0.000000
_1503_,VSS,Metal1,41.9000,196.2975,0.000000
_1502_,VSS,Metal1,32.3000,188.4675,0.000000
_1501_,VSS,Metal1,35.1530,195.6450,0.000000
_1500_,VSS,Metal1,28.8825,204.1160,0.000000
_1499_,VSS,Metal1,33.2300,204.1060,0.000000
_1498_,VSS,Metal1,24.4025,204.1160,0.000000
_1497_,VSS,Metal1,23.6900,196.3790,0.000000
_1496_,VSS,Metal1,45.9365,188.5910,0.000000
_1495_,VSS,Metal1,41.6775,187.8835,0.000000
_1494_,VSS,Metal1,29.8700,196.2660,0.000000
_1493_,VSS,Metal1,28.9865,188.5990,0.000000
_1492_,VSS,Metal1,43.4425,187.8835,0.000000
_1491_,VSS,Metal1,38.5130,180.6750,0.000000
_1490_,VSS,Metal1,37.8425,187.8835,0.000000
_1489_,VSS,Metal1,31.5500,187.8935,0.000000
_1488_,VSS,Metal1,23.6275,180.5960,0.000000
_1487_,VSS,Metal1,36.2200,172.7875,0.000000
_1486_,VSS,Metal1,29.6375,179.9860,0.000000
_1485_,VSS,Metal1,38.0965,179.8885,0.000000
_1484_,VSS,Metal1,31.7400,172.7875,0.000000
_1483_,VSS,Metal1,36.1625,188.4360,0.000000
_1482_,VSS,Metal1,30.0700,180.6990,0.000000
_1481_,VSS,Metal1,42.3100,172.0980,0.000000
_1480_,VSS,Metal1,23.8425,180.0435,0.000000
_1479_,VSS,Metal1,21.0425,180.0435,0.000000
_1478_,VSS,Metal1,23.6900,172.8590,0.000000
_1477_,VSS,Metal1,37.3400,164.3325,0.000000
_1476_,VSS,Metal1,49.1530,164.2850,0.000000
_1475_,VSS,Metal1,29.7875,172.2035,0.000000
_1474_,VSS,Metal1,31.2800,164.9875,0.000000
_1473_,VSS,Metal1,22.5000,164.9375,0.000000
_1472_,VSS,Metal1,22.7975,157.1200,0.000000
_1471_,VSS,Metal1,37.0865,172.1250,0.000000
_1470_,VSS,Metal1,34.3400,164.3050,0.000000
_1469_,VSS,Metal1,39.7065,156.4265,0.000000
_1468_,VSS,Metal1,41.1175,172.7560,0.000000
_1467_,VSS,Metal1,35.0300,157.1815,0.000000
_1466_,VSS,Metal1,29.3575,172.7560,0.000000
_1465_,VSS,Metal1,29.9900,164.2580,0.000000
_1464_,VSS,Metal1,19.9225,172.7560,0.000000
_1463_,VSS,Metal1,32.7700,156.5350,0.000000
_1462_,VSS,Metal1,36.8600,149.2575,0.000000
_1461_,VSS,Metal1,22.7100,149.3415,0.000000
_1460_,VSS,Metal1,17.6825,149.2360,0.000000
_1459_,VSS,Metal1,29.5800,149.1935,0.000000
_1458_,VSS,Metal1,30.0025,157.0760,0.000000
_1457_,VSS,Metal1,40.6300,140.7380,0.000000
_1456_,VSS,Metal1,27.7625,156.5235,0.000000
_1455_,VSS,Metal1,24.4025,133.5560,0.000000
_1454_,VSS,Metal1,19.2100,141.4990,0.000000
_1453_,VSS,Metal1,35.1530,140.7650,0.000000
_1452_,VSS,Metal1,50.1500,156.4180,0.000000
_1451_,VSS,Metal1,40.7530,148.6050,0.000000
_1450_,VSS,Metal1,42.3225,156.5235,0.000000
_1449_,VSS,Metal1,35.6025,148.6835,0.000000
_1448_,VSS,Metal1,23.6900,141.4990,0.000000
_1447_,VSS,Metal1,35.0425,187.8835,0.000000
_1446_,VSS,Metal1,42.7500,164.3735,0.000000
_1445_,VSS,Metal1,37.8425,117.3235,0.000000
_1444_,VSS,Metal1,32.6300,110.1875,0.000000
_1443_,VSS,Metal1,34.8465,132.9250,0.000000
_1442_,VSS,Metal1,30.0600,140.8125,0.000000
_1441_,VSS,Metal1,36.0200,117.9075,0.000000
_1440_,VSS,Metal1,48.5575,117.2800,0.000000
_1439_,VSS,Metal1,27.6200,132.9450,0.000000
_1438_,VSS,Metal1,37.1975,125.7160,0.000000
_1437_,VSS,Metal1,40.6300,133.6615,0.000000
_1436_,VSS,Metal1,38.9625,133.0035,0.000000
_1435_,VSS,Metal1,31.1100,133.6615,0.000000
_1434_,VSS,Metal1,35.6025,133.5560,0.000000
_1433_,VSS,Metal1,30.6665,132.8405,0.000000
_1432_,VSS,Metal1,51.2300,133.0150,0.000000
_1431_,VSS,Metal1,36.5000,125.1425,0.000000
_1430_,VSS,Metal1,43.7800,125.2060,0.000000
_1429_,VSS,Metal1,39.4375,117.8760,0.000000
_1428_,VSS,Metal1,45.0375,117.3235,0.000000
_1427_,VSS,Metal1,31.6700,125.8215,0.000000
_1426_,VSS,Metal1,30.5625,125.1635,0.000000
_1425_,VSS,Metal1,50.2240,118.0240,0.000000
_1424_,VSS,Metal1,54.4465,117.2450,0.000000
_1423_,VSS,Metal1,43.4425,117.8760,0.000000
_1422_,VSS,Metal1,49.6700,125.0605,0.000000
_1421_,VSS,Metal1,43.9700,110.0250,0.000000
_1420_,VSS,Metal1,38.5130,110.1150,0.000000
_1419_,VSS,Metal1,55.7625,102.1960,0.000000
_1418_,VSS,Metal1,53.0300,110.1390,0.000000
_1417_,VSS,Metal1,57.4425,110.0360,0.000000
_1416_,VSS,Metal1,38.9625,109.4835,0.000000
_1415_,VSS,Metal1,34.2865,102.2750,0.000000
_1414_,VSS,Metal1,25.4375,102.1960,0.000000
_1413_,VSS,Metal1,31.8200,94.3775,0.000000
_1412_,VSS,Metal1,35.6025,109.4835,0.000000
_1411_,VSS,Metal1,33.1730,109.3205,0.000000
_1410_,VSS,Metal1,38.3175,102.1960,0.000000
_1409_,VSS,Metal1,35.1465,94.5190,0.000000
_1408_,VSS,Metal1,29.5800,101.6860,0.000000
_1407_,VSS,Metal1,39.2165,101.4885,0.000000
_1406_,VSS,Metal1,21.6025,102.1960,0.000000
_1405_,VSS,Metal1,50.0200,93.7725,0.000000
_1404_,VSS,Metal1,37.3440,93.6560,0.000000
_1403_,VSS,Metal1,49.6025,101.6435,0.000000
_1402_,VSS,Metal1,29.8700,102.1860,0.000000
_1401_,VSS,Metal1,41.3065,86.6790,0.000010
_1400_,VSS,Metal1,36.5265,86.5950,0.000010
_1399_,VSS,Metal1,30.0025,93.8035,0.000000
_1398_,VSS,Metal1,31.2600,86.5375,0.000010
_1397_,VSS,Metal1,27.6200,93.7450,0.000000
_1396_,VSS,Metal1,29.5175,85.9200,0.000010
_1395_,VSS,Metal1,33.6165,77.9685,0.000000
_1394_,VSS,Metal1,26.0825,85.9635,0.000011
_1393_,VSS,Metal1,23.6900,86.6190,0.000011
_1392_,VSS,Metal1,44.4775,85.9635,0.000010
_1391_,VSS,Metal1,33.6165,70.9910,0.000005
_1390_,VSS,Metal1,39.8675,85.9635,0.000010
_1389_,VSS,Metal1,23.6900,78.7790,0.000000
_1388_,VSS,Metal1,23.2825,85.9635,0.000011
_1387_,VSS,Metal1,33.9800,62.4125,0.000001
_1386_,VSS,Metal1,17.4865,63.0750,0.000001
_1385_,VSS,Metal1,20.9575,70.8360,0.000005
_1384_,VSS,Metal1,38.5400,63.0175,0.000001
_1383_,VSS,Metal1,44.6925,70.2835,0.000005
_1382_,VSS,Metal1,23.9530,47.3950,0.000002
_1381_,VSS,Metal1,43.2200,54.6460,0.000334
_1380_,VSS,Metal1,43.0665,78.0265,0.000000
_1379_,VSS,Metal1,38.5400,70.3260,0.000005
_1378_,VSS,Metal1,53.2165,77.9685,0.000000
_1377_,VSS,Metal1,20.9575,78.6760,0.000000
_1376_,VSS,Metal1,34.3500,70.2935,0.000005
_1375_,VSS,Metal1,53.8865,70.2050,0.000005
_1374_,VSS,Metal1,54.8965,47.4710,0.000002
_1373_,VSS,Metal1,43.8065,62.3650,0.000001
_1372_,VSS,Metal1,32.3530,63.0750,0.000001
_1371_,VSS,Metal1,49.5965,46.6680,0.000002
_1370_,VSS,Metal1,39.3900,62.4535,0.000001
_1369_,VSS,Metal1,48.8900,70.1805,0.000005
_1368_,VSS,Metal1,54.8965,39.6310,0.000001
_1367_,VSS,Metal1,19.9225,86.5160,0.000012
_1366_,VSS,Metal1,48.8530,38.7605,0.000002
_1365_,VSS,Metal1,28.3225,62.9960,0.000001
_1364_,VSS,Metal1,56.5765,38.7685,0.000001
_1363_,VSS,Metal1,64.2925,47.3160,0.000002
_1362_,VSS,Metal1,37.1300,54.5005,0.000334
_1361_,VSS,Metal1,48.9575,102.1960,0.000000
_1360_,VSS,Metal1,61.4730,70.9150,0.000005
_1359_,VSS,Metal1,49.7130,31.0050,0.000008
_1358_,VSS,Metal1,17.1225,70.8360,0.000005
_1357_,VSS,Metal1,51.9800,62.4225,0.000001
_1356_,VSS,Metal1,55.1700,46.7750,0.000002
_1355_,VSS,Metal1,50.1500,54.4980,0.000334
_1354_,VSS,Metal1,50.8265,85.8005,0.000010
_1353_,VSS,Metal1,39.5225,94.3560,0.000000
_1352_,VSS,Metal1,112.4330,31.7150,0.000007
_1351_,VSS,Metal1,58.8165,31.7910,0.000008
_1350_,VSS,Metal1,67.2230,16.0605,0.000070
_1349_,VSS,Metal1,25.4375,94.3560,0.000000
_1348_,VSS,Metal1,43.0200,15.9775,0.000074
_1347_,VSS,Metal1,9.6530,31.7990,0.000007
_1346_,VSS,Metal1,111.8100,15.9460,0.000045
_1345_,VSS,Metal1,56.9440,30.9360,0.000008
_1344_,VSS,Metal1,67.5225,39.4760,0.000001
_1343_,VSS,Metal1,21.6025,94.3560,0.000000
_1342_,VSS,Metal1,78.5330,204.2790,0.000000
_1341_,VSS,Metal1,82.1400,211.3450,0.000000
_1340_,VSS,Metal1,73.7400,211.3725,0.000000
_1339_,VSS,Metal1,69.9200,204.1875,0.000000
_1338_,VSS,Metal1,69.8730,211.3250,0.000000
_1337_,VSS,Metal1,61.8900,203.5750,0.000000
_1336_,VSS,Metal1,61.4100,211.4135,0.000000
_1335_,VSS,Metal1,70.4600,196.2975,0.000000
_1334_,VSS,Metal1,85.9175,211.4035,0.000000
_1333_,VSS,Metal1,88.3000,211.3450,0.000000
_1332_,VSS,Metal1,73.9730,204.2130,0.000000
_1331_,VSS,Metal1,78.7225,211.4035,0.000000
_1330_,VSS,Metal1,72.2800,195.6885,0.000000
_1329_,VSS,Metal1,69.8730,188.5150,0.000000
_1328_,VSS,Metal1,75.2775,196.2760,0.000000
_1327_,VSS,Metal1,79.1400,196.3075,0.000000
_1326_,VSS,Metal1,82.0100,195.6180,0.000000
_1325_,VSS,Metal1,64.0775,204.1160,0.000000
_1324_,VSS,Metal1,78.4165,188.5910,0.000000
_1323_,VSS,Metal1,81.9975,187.8835,0.000000
_1322_,VSS,Metal1,63.4700,188.4260,0.000000
_1321_,VSS,Metal1,76.8530,180.7590,0.000000
_1320_,VSS,Metal1,68.7000,180.6275,0.000000
_1319_,VSS,Metal1,68.4465,195.6450,0.000000
_1318_,VSS,Metal1,59.1225,188.4360,0.000000
_1317_,VSS,Metal1,63.4700,187.8935,0.000000
_1316_,VSS,Metal1,57.2275,187.8835,0.000000
_1315_,VSS,Metal1,54.5000,187.8250,0.000000
_1314_,VSS,Metal1,61.1475,180.5960,0.000000
_1313_,VSS,Metal1,75.2160,187.7360,0.000000
_1312_,VSS,Metal1,56.3225,188.4360,0.000000
_1311_,VSS,Metal1,56.1700,179.9405,0.000000
_1310_,VSS,Metal1,63.9665,179.9650,0.000000
_1309_,VSS,Metal1,70.2500,172.8615,0.000000
_1308_,VSS,Metal1,74.9065,172.9190,0.000000
_1307_,VSS,Metal1,61.2300,172.2135,0.000000
_1306_,VSS,Metal1,62.8530,172.9190,0.000000
_1305_,VSS,Metal1,62.3400,156.4925,0.000000
_1304_,VSS,Metal1,65.6465,164.2850,0.000000
_1303_,VSS,Metal1,62.8275,164.9160,0.000000
_1302_,VSS,Metal1,62.2400,157.1475,0.000000
_1301_,VSS,Metal1,51.6275,172.2035,0.000000
_1300_,VSS,Metal1,65.1975,172.2035,0.000000
_1299_,VSS,Metal1,56.6675,156.5235,0.000000
_1298_,VSS,Metal1,67.1200,156.4525,0.000000
_1297_,VSS,Metal1,60.4375,164.3060,0.000000
_1296_,VSS,Metal1,73.9365,164.2085,0.000000
_1295_,VSS,Metal1,83.6200,164.3325,0.000000
_1294_,VSS,Metal1,59.6825,180.0435,0.000000
_1293_,VSS,Metal1,56.9500,172.1005,0.000000
_1292_,VSS,Metal1,76.4700,157.1815,0.000000
_1291_,VSS,Metal1,73.4865,156.4450,0.000000
_1290_,VSS,Metal1,73.5500,149.2260,0.000000
_1289_,VSS,Metal1,68.7530,149.3150,0.000000
_1288_,VSS,Metal1,78.6375,172.7560,0.000000
_1287_,VSS,Metal1,49.5175,172.2035,0.000000
_1286_,VSS,Metal1,53.9300,164.2605,0.000000
_1285_,VSS,Metal1,78.7100,156.4180,0.000000
_1284_,VSS,Metal1,62.4100,149.3415,0.000000
_1283_,VSS,Metal1,45.0375,148.6835,0.000000
_1282_,VSS,Metal1,59.2265,141.5590,0.000000
_1281_,VSS,Metal1,98.7975,149.2360,0.000000
_1280_,VSS,Metal1,77.0300,148.5780,0.000000
_1279_,VSS,Metal1,83.2025,156.5235,0.000000
_1278_,VSS,Metal1,71.8600,117.9075,0.000000
_1277_,VSS,Metal1,63.1530,132.9250,0.000000
_1276_,VSS,Metal1,68.1575,110.0800,0.000000
_1275_,VSS,Metal1,61.6425,110.0935,0.000000
_1274_,VSS,Metal1,69.6200,125.7475,0.000000
_1273_,VSS,Metal1,73.7930,109.4050,0.000000
_1272_,VSS,Metal1,73.2600,133.0460,0.000000
_1271_,VSS,Metal1,63.1530,117.9550,0.000000
_1270_,VSS,Metal1,56.3225,133.0035,0.000000
_1269_,VSS,Metal1,69.0700,102.1860,0.000000
_1268_,VSS,Metal1,72.0600,94.3875,0.000000
_1267_,VSS,Metal1,68.5630,109.3880,0.000000
_1266_,VSS,Metal1,79.3575,140.8000,0.000000
_1265_,VSS,Metal1,68.9225,133.6135,0.000000
_1264_,VSS,Metal1,68.7530,132.9250,0.000000
_1263_,VSS,Metal1,75.2830,133.6515,0.000000
_1262_,VSS,Metal1,70.8100,148.5780,0.000000
_1261_,VSS,Metal1,88.1575,164.3635,0.000000
_1260_,VSS,Metal1,87.1225,148.6835,0.000000
_1259_,VSS,Metal1,87.7400,132.9725,0.000000
_1258_,VSS,Metal1,80.2065,125.7950,0.000000
_1257_,VSS,Metal1,92.6375,148.6835,0.000000
_1256_,VSS,Metal1,82.7000,133.5875,0.000000
_1255_,VSS,Metal1,59.1225,133.0035,0.000000
_1254_,VSS,Metal1,45.0375,133.0035,0.000000
_1253_,VSS,Metal1,63.6700,141.4990,0.000000
_1252_,VSS,Metal1,63.7065,125.8790,0.000000
_1251_,VSS,Metal1,89.9100,140.7380,0.000000
_1250_,VSS,Metal1,79.2825,133.5560,0.000000
_1249_,VSS,Metal1,82.5575,148.6835,0.000000
_1248_,VSS,Metal1,81.0300,132.9005,0.000000
_1247_,VSS,Metal1,75.1665,125.0850,0.000000
_1246_,VSS,Metal1,76.3975,125.7160,0.000000
_1245_,VSS,Metal1,75.4100,117.8660,0.000000
_1244_,VSS,Metal1,72.5625,125.7160,0.000000
_1243_,VSS,Metal1,80.1225,117.9335,0.000000
_1242_,VSS,Metal1,91.2630,125.8710,0.000000
_1241_,VSS,Metal1,87.1225,109.4835,0.000000
_1240_,VSS,Metal1,81.1000,109.4625,0.000000
_1239_,VSS,Metal1,83.6775,125.1635,0.000000
_1238_,VSS,Metal1,79.9100,125.0605,0.000000
_1237_,VSS,Metal1,78.9765,110.1910,0.000000
_1236_,VSS,Metal1,79.1975,102.1960,0.000000
_1235_,VSS,Metal1,88.0900,117.2205,0.000000
_1234_,VSS,Metal1,74.3000,102.2275,0.000000
_1233_,VSS,Metal1,68.1575,101.6000,0.000000
_1232_,VSS,Metal1,58.7465,101.5465,0.000000
_1231_,VSS,Metal1,56.4600,93.8460,0.000000
_1230_,VSS,Metal1,68.6425,94.3560,0.000000
_1229_,VSS,Metal1,64.6375,101.6435,0.000000
_1228_,VSS,Metal1,77.8565,101.4885,0.000000
_1227_,VSS,Metal1,75.3625,86.5160,0.000008
_1226_,VSS,Metal1,68.5575,86.5160,0.000008
_1225_,VSS,Metal1,53.9500,101.6535,0.000000
_1224_,VSS,Metal1,60.0900,102.2990,0.000000
_1223_,VSS,Metal1,77.2965,93.6485,0.000000
_1222_,VSS,Metal1,63.6025,102.1960,0.000000
_1221_,VSS,Metal1,71.3575,86.5160,0.000008
_1220_,VSS,Metal1,62.5300,94.3460,0.000000
_1219_,VSS,Metal1,77.6700,94.4590,0.000000
_1218_,VSS,Metal1,69.0065,93.7250,0.000000
_1217_,VSS,Metal1,67.3800,117.9350,0.000000
_1216_,VSS,Metal1,52.4025,93.8035,0.000000
_1215_,VSS,Metal1,60.3800,85.9425,0.000010
_1214_,VSS,Metal1,65.4400,85.8925,0.000010
_1213_,VSS,Metal1,76.1765,85.8085,0.000008
_1212_,VSS,Metal1,55.6775,85.9635,0.000010
_1211_,VSS,Metal1,61.7700,93.7005,0.000000
_1210_,VSS,Metal1,63.4065,78.7550,0.000000
_1209_,VSS,Metal1,70.8100,78.7815,0.000000
_1208_,VSS,Metal1,63.9730,86.6790,0.000010
_1207_,VSS,Metal1,68.4530,63.1590,0.000001
_1206_,VSS,Metal1,63.6500,78.1335,0.000000
_1205_,VSS,Metal1,83.9000,63.0175,0.000000
_1204_,VSS,Metal1,76.0330,54.5250,0.000345
_1203_,VSS,Metal1,79.1400,39.5075,0.000001
_1202_,VSS,Metal1,67.5225,55.1560,0.000335
_1201_,VSS,Metal1,99.9175,70.8360,0.000004
_1200_,VSS,Metal1,63.6700,63.0990,0.000001
_1199_,VSS,Metal1,81.0300,16.0590,0.000061
_1198_,VSS,Metal1,75.4375,47.3600,0.000002
_1197_,VSS,Metal1,78.4425,62.3860,0.000001
_1196_,VSS,Metal1,83.6025,70.2400,0.000004
_1195_,VSS,Metal1,95.3700,54.5005,0.000345
_1194_,VSS,Metal1,90.4765,78.0280,0.000000
_1193_,VSS,Metal1,91.2375,70.2260,0.000004
_1192_,VSS,Metal1,73.6700,63.1015,0.000001
_1191_,VSS,Metal1,78.1625,62.9960,0.000001
_1190_,VSS,Metal1,71.5100,70.9390,0.000005
_1189_,VSS,Metal1,92.0900,62.3380,0.000000
_1188_,VSS,Metal1,87.4675,85.9635,0.000008
_1187_,VSS,Metal1,77.6500,70.2935,0.000004
_1186_,VSS,Metal1,84.2375,62.4435,0.000000
_1185_,VSS,Metal1,82.4900,46.6605,0.000001
_1184_,VSS,Metal1,99.5530,55.2350,0.000350
_1183_,VSS,Metal1,81.5165,47.4115,0.000001
_1182_,VSS,Metal1,81.5100,54.4980,0.000345
_1181_,VSS,Metal1,69.7500,47.4215,0.000002
_1180_,VSS,Metal1,63.9730,39.6390,0.000001
_1179_,VSS,Metal1,103.8375,55.1560,0.000361
_1178_,VSS,Metal1,89.9100,54.4980,0.000345
_1177_,VSS,Metal1,101.6825,70.8360,0.000004
_1176_,VSS,Metal1,72.5500,39.5815,0.000001
_1175_,VSS,Metal1,25.4375,55.1560,0.000169
_1174_,VSS,Metal1,88.3530,46.6850,0.000001
_1173_,VSS,Metal1,112.7400,46.7325,0.000001
_1172_,VSS,Metal1,79.1400,46.7050,0.000001
_1171_,VSS,Metal1,83.1965,39.5715,0.000001
_1170_,VSS,Metal1,92.4165,38.7685,0.000001
_1169_,VSS,Metal1,54.4900,16.0590,0.000074
_1168_,VSS,Metal1,111.5730,55.3190,0.000361
_1167_,VSS,Metal1,107.9530,31.7150,0.000007
_1166_,VSS,Metal1,99.5465,54.4405,0.000350
_1165_,VSS,Metal1,83.2025,38.9235,0.000001
_1164_,VSS,Metal1,93.5430,16.0605,0.000054
_1163_,VSS,Metal1,107.3865,55.3190,0.000361
_1162_,VSS,Metal1,108.8200,23.8275,0.001627
_1161_,VSS,Metal1,87.4600,15.9775,0.000058
_1160_,VSS,Metal1,116.9065,23.9590,0.001636
_1159_,VSS,Metal1,98.9300,15.9460,0.000051
_1158_,VSS,Metal1,68.4530,23.9590,0.001584
_1157_,VSS,Metal1,98.5430,23.9510,0.001612
_1156_,VSS,Metal1,116.0530,16.1190,0.000043
_1155_,VSS,Metal1,155.9175,15.9560,0.000028
_1154_,VSS,Metal1,115.0375,55.1560,0.000361
_1153_,VSS,Metal1,74.7500,15.9450,0.000065
_1152_,VSS,Metal1,21.5700,15.9450,0.000087
_1151_,VSS,Metal1,28.3975,16.0000,0.000075
_1150_,VSS,Metal1,13.7300,23.7850,0.001197
_1149_,VSS,Metal1,16.3475,39.4760,0.000002
_1148_,VSS,Metal1,14.3100,31.7415,0.000007
_1147_,VSS,Metal1,10.4025,78.6760,0.000000
_1146_,VSS,Metal1,19.6425,55.2135,0.000169
_1145_,VSS,Metal1,12.4275,62.9960,0.000001
_1144_,VSS,Metal1,9.7575,23.7960,0.001197
_1143_,VSS,Metal1,8.5800,94.4150,0.000000
_1142_,VSS,Metal1,100.4200,211.3450,0.000000
_1141_,VSS,Metal1,103.2200,204.1750,0.000000
_1140_,VSS,Metal1,83.6200,187.8250,0.000000
_1139_,VSS,Metal1,106.0200,179.9850,0.000000
_1138_,VSS,Metal1,100.4200,180.6550,0.000000
_1137_,VSS,Metal1,126.1800,172.1450,0.000000
_1136_,VSS,Metal1,100.4200,157.1350,0.000000
_1135_,VSS,Metal1,114.9800,141.4550,0.000000
_1134_,VSS,Metal1,106.5800,125.7750,0.000000
_1133_,VSS,Metal1,106.5800,117.9350,0.000000
_1132_,VSS,Metal1,116.1000,110.0950,0.000000
_1131_,VSS,Metal1,102.6600,102.2550,0.000000
_1130_,VSS,Metal1,103.9800,86.5750,0.000008
_1129_,VSS,Metal1,126.9400,70.2250,0.000003
_1128_,VSS,Metal1,106.5800,63.0550,0.000000
_1127_,VSS,Metal1,122.2600,62.3850,0.000000
_1126_,VSS,Metal1,130.8600,47.3750,0.000001
_1125_,VSS,Metal1,128.9800,62.3850,0.000000
_1124_,VSS,Metal1,106.5800,70.8950,0.000004
_1123_,VSS,Metal1,138.5000,211.3450,0.000000
_1122_,VSS,Metal1,130.1000,203.5050,0.000000
_1121_,VSS,Metal1,166.1400,195.6650,0.000000
_1120_,VSS,Metal1,129.5400,195.6650,0.000000
_1119_,VSS,Metal1,130.1000,179.9850,0.000000
_1118_,VSS,Metal1,132.3400,179.9850,0.000000
_1117_,VSS,Metal1,142.4200,164.9750,0.000000
_1116_,VSS,Metal1,156.4200,156.4650,0.000000
_1115_,VSS,Metal1,176.2200,148.6250,0.000000
_1114_,VSS,Metal1,158.8600,141.4550,0.000000
_1113_,VSS,Metal1,151.9400,149.2950,0.000000
_1112_,VSS,Metal1,162.0200,140.7850,0.000000
_1111_,VSS,Metal1,162.0200,132.9450,0.000000
_1110_,VSS,Metal1,173.4200,132.9450,0.000000
_1109_,VSS,Metal1,174.9000,133.6150,0.000000
_1108_,VSS,Metal1,142.4200,117.9350,0.000000
_1107_,VSS,Metal1,165.5800,117.9350,0.000000
_1106_,VSS,Metal1,152.7000,109.4250,0.000000
_1105_,VSS,Metal1,148.0200,102.2550,0.000000
_1104_,VSS,Metal1,142.4200,94.4150,0.000000
_1103_,VSS,Metal1,142.4200,86.5750,0.000007
_1102_,VSS,Metal1,149.7000,94.4150,0.000000
_1101_,VSS,Metal1,147.4600,94.4150,0.000000
_1100_,VSS,Metal1,142.4200,70.8950,0.000003
_1099_,VSS,Metal1,145.7800,70.8950,0.000003
_1098_,VSS,Metal1,142.4200,63.0550,0.000000
_1097_,VSS,Metal1,185.7400,63.0550,0.000000
_1096_,VSS,Metal1,204.0200,70.8950,0.000003
_1095_,VSS,Metal1,145.7800,47.3750,0.000001
_1094_,VSS,Metal1,142.4200,47.3750,0.000001
_1093_,VSS,Metal1,164.4600,16.0150,0.000027
_1092_,VSS,Metal1,196.3800,16.0150,0.000025
_1091_,VSS,Metal1,210.9400,70.2250,0.000003
_1090_,VSS,Metal1,210.9400,16.0150,0.000025
_1089_,VSS,Metal1,219.3400,38.8650,0.000001
_1088_,VSS,Metal1,220.4600,31.6950,0.000006
_1087_,VSS,Metal1,213.1800,16.0150,0.000025
_1086_,VSS,Metal1,219.3400,31.0250,0.000006
_1085_,VSS,Metal1,218.7800,16.0150,0.000025
_1084_,VSS,Metal1,215.4200,16.0150,0.000025
_1083_,VSS,Metal1,220.4600,188.4950,0.000000
_1082_,VSS,Metal1,211.5000,188.4950,0.000000
_1081_,VSS,Metal1,212.0600,179.9850,0.000000
_1080_,VSS,Metal1,194.1400,164.9750,0.000000
_1079_,VSS,Metal1,220.2600,164.3050,0.000000
_1078_,VSS,Metal1,200.8600,172.1450,0.000000
_1077_,VSS,Metal1,193.3800,140.7850,0.000000
_1076_,VSS,Metal1,204.5800,156.4650,0.000000
_1075_,VSS,Metal1,212.0600,140.7850,0.000000
_1074_,VSS,Metal1,221.0200,117.9350,0.000000
_1073_,VSS,Metal1,221.0200,78.0650,0.000000
_1072_,VSS,Metal1,221.0200,70.8950,0.000003
_1071_,VSS,Metal1,218.7800,70.8950,0.000003
_1070_,VSS,Metal1,221.0200,86.5750,0.000006
_1069_,VSS,Metal1,215.7800,70.8950,0.000003
_1068_,VSS,Metal1,210.3800,70.8950,0.000003
_1067_,VSS,Metal1,219.9000,78.7350,0.000000
_1066_,VSS,Metal1,221.0200,16.0150,0.000025
_1065_,VSS,Metal1,212.9800,70.2250,0.000003
_1064_,VSS,Metal1,218.2200,70.2250,0.000003
_1063_,VSS,Metal1,220.4600,70.2250,0.000003
_1062_,VSS,Metal1,215.2200,70.2250,0.000003
_1061_,VSS,Metal1,206.2600,85.9050,0.000006
_1060_,VSS,Metal1,212.6200,70.8950,0.000003
_1059_,VSS,Metal1,218.7800,78.0650,0.000000
_1058_,VSS,Metal1,207.9400,93.7450,0.000000
_1057_,VSS,Metal1,201.9800,101.5850,0.000000
_1056_,VSS,Metal1,201.9800,117.2650,0.000000
_1055_,VSS,Metal1,35.1000,55.2150,0.000187
_1054_,VSS,Metal1,17.5400,78.7350,0.000000
_1053_,VSS,Metal1,91.6600,211.3450,0.000000
_1052_,VSS,Metal1,93.7000,211.3450,0.000000
_1051_,VSS,Metal1,106.5800,149.2950,0.000000
_1050_,VSS,Metal1,109.9400,141.4550,0.000000
_1049_,VSS,Metal1,106.5800,133.6150,0.000000
_1048_,VSS,Metal1,98.9400,125.7750,0.000000
_1047_,VSS,Metal1,111.0600,110.0950,0.000000
_1046_,VSS,Metal1,92.5800,101.5850,0.000000
_1045_,VSS,Metal1,95.5800,101.5850,0.000000
_1044_,VSS,Metal1,73.7400,86.5750,0.000008
_1043_,VSS,Metal1,115.7400,78.0650,0.000000
_1042_,VSS,Metal1,114.0600,70.8950,0.000004
_1041_,VSS,Metal1,117.9800,63.0550,0.000000
_1040_,VSS,Metal1,114.9800,46.7050,0.000001
_1039_,VSS,Metal1,108.2600,23.1850,0.001626
_1038_,VSS,Metal1,111.8200,70.8950,0.000004
_1037_,VSS,Metal1,158.3000,16.0150,0.000028
_1036_,VSS,Metal1,133.6600,63.0550,0.000000
_1035_,VSS,Metal1,109.5800,70.8950,0.000004
