Instance,Terminal,Layer,X location,Y location,Voltage
FILLER_49_376,VDD,Metal1,220.0265,208.3365,5.000000
FILLER_49_357,VDD,Metal1,206.9200,207.7600,5.000000
FILLER_49_339,VDD,Metal1,196.8400,207.7600,5.000000
FILLER_49_337,VDD,Metal1,196.0000,207.7600,5.000000
FILLER_49_322,VDD,Metal1,187.6000,207.7600,5.000000
FILLER_49_274,VDD,Metal1,160.4400,207.7600,5.000000
FILLER_49_271,VDD,Metal1,158.7600,207.7600,5.000000
FILLER_49_240,VDD,Metal1,141.6800,207.7600,5.000000
FILLER_49_232,VDD,Metal1,137.2000,207.7600,5.000000
FILLER_49_228,VDD,Metal1,135.9000,208.1925,5.000000
FILLER_49_212,VDD,Metal1,130.5280,208.4520,5.000000
FILLER_49_203,VDD,Metal1,120.6800,207.7600,5.000000
FILLER_49_190,VDD,Metal1,113.4000,207.7600,5.000000
FILLER_49_188,VDD,Metal1,112.5600,207.7600,5.000000
FILLER_49_172,VDD,Metal1,108.1280,208.4520,5.000000
FILLER_49_158,VDD,Metal1,97.9465,208.3365,5.000000
FILLER_49_153,VDD,Metal1,92.6800,207.7600,5.000000
FILLER_49_147,VDD,Metal1,89.6000,207.7600,5.000000
FILLER_49_125,VDD,Metal1,77.2800,207.7600,5.000000
FILLER_49_108,VDD,Metal1,67.4800,207.7600,5.000000
FILLER_49_104,VDD,Metal1,66.4600,208.1925,5.000000
FILLER_49_93,VDD,Metal1,59.0800,207.7600,5.000000
FILLER_49_91,VDD,Metal1,58.2400,207.7600,5.000000
FILLER_49_87,VDD,Metal1,56.9400,208.1925,5.000000
FILLER_49_67,VDD,Metal1,44.5200,207.7600,5.000000
FILLER_49_65,VDD,Metal1,43.6800,207.7600,5.000000
FILLER_49_56,VDD,Metal1,38.3600,207.7600,5.000000
FILLER_49_42,VDD,Metal1,30.5200,207.7600,5.000000
FILLER_49_40,VDD,Metal1,29.6800,207.7600,5.000000
FILLER_49_36,VDD,Metal1,28.3800,208.1925,5.000000
FILLER_49_33,VDD,Metal1,25.4800,207.7600,5.000000
FILLER_49_17,VDD,Metal1,21.3280,208.4520,5.000000
FILLER_49_8,VDD,Metal1,11.4800,207.7600,5.000000
FILLER_49_6,VDD,Metal1,10.6400,207.7600,5.000000
FILLER_49_2,VDD,Metal1,9.3400,208.1925,5.000000
FILLER_48_356,VDD,Metal1,206.3600,207.7600,5.000000
FILLER_48_244,VDD,Metal1,143.6400,207.7600,5.000000
FILLER_48_206,VDD,Metal1,123.5800,207.3275,5.000000
FILLER_48_170,VDD,Metal1,102.2000,207.7600,5.000000
FILLER_48_168,VDD,Metal1,101.3600,207.7600,5.000000
FILLER_48_133,VDD,Metal1,81.4800,207.7600,5.000000
FILLER_48_131,VDD,Metal1,80.6400,207.7600,5.000000
FILLER_48_104,VDD,Metal1,65.2400,207.7600,5.000000
FILLER_48_98,VDD,Metal1,61.8800,207.7600,5.000000
FILLER_48_53,VDD,Metal1,36.6800,207.7600,5.000000
FILLER_48_51,VDD,Metal1,35.8400,207.7600,5.000000
FILLER_48_37,VDD,Metal1,27.7200,207.7600,5.000000
FILLER_48_29,VDD,Metal1,23.2400,207.7600,5.000000
FILLER_48_27,VDD,Metal1,22.4000,207.7600,5.000000
FILLER_48_23,VDD,Metal1,21.1000,207.3275,5.000000
FILLER_47_352,VDD,Metal1,204.4000,199.9200,5.000000
FILLER_47_294,VDD,Metal1,171.9200,199.9200,5.000000
FILLER_47_279,VDD,Metal1,163.2400,199.9200,5.000000
FILLER_47_277,VDD,Metal1,162.4000,199.9200,5.000000
FILLER_47_218,VDD,Metal1,129.0800,199.9200,5.000000
FILLER_47_208,VDD,Metal1,123.7600,199.9200,5.000000
FILLER_47_196,VDD,Metal1,117.0400,199.9200,5.000000
FILLER_47_92,VDD,Metal1,58.5200,199.9200,5.000000
FILLER_47_88,VDD,Metal1,57.5000,200.3525,5.000000
FILLER_47_74,VDD,Metal1,48.4400,199.9200,5.000000
FILLER_47_72,VDD,Metal1,47.6000,199.9200,5.000000
FILLER_46_337,VDD,Metal1,195.7200,199.9200,5.000000
FILLER_46_210,VDD,Metal1,124.6000,199.9200,5.000000
FILLER_46_208,VDD,Metal1,123.7600,199.9200,5.000000
FILLER_46_166,VDD,Metal1,99.9600,199.9200,5.000000
FILLER_46_117,VDD,Metal1,72.8000,199.9200,5.000000
FILLER_46_103,VDD,Metal1,64.9600,199.9200,5.000000
FILLER_46_68,VDD,Metal1,45.0800,199.9200,5.000000
FILLER_46_66,VDD,Metal1,44.2400,199.9200,5.000000
FILLER_46_23,VDD,Metal1,21.1000,199.4875,5.000000
FILLER_46_2,VDD,Metal1,8.4000,199.9200,5.000000
FILLER_45_352,VDD,Metal1,204.1200,192.0800,5.000000
FILLER_45_349,VDD,Metal1,202.4400,192.0800,5.000000
FILLER_45_340,VDD,Metal1,197.4000,192.0800,5.000000
FILLER_45_338,VDD,Metal1,196.5600,192.0800,5.000000
FILLER_45_278,VDD,Metal1,162.9600,192.0800,5.000000
FILLER_45_198,VDD,Metal1,118.1600,192.0800,5.000000
FILLER_45_127,VDD,Metal1,78.1200,192.0800,5.000000
FILLER_45_125,VDD,Metal1,77.2800,192.0800,5.000000
FILLER_45_69,VDD,Metal1,45.6400,192.0800,5.000000
FILLER_45_63,VDD,Metal1,42.2800,192.0800,5.000000
FILLER_45_4,VDD,Metal1,9.2400,192.0800,5.000000
FILLER_45_2,VDD,Metal1,8.4000,192.0800,5.000000
FILLER_44_383,VDD,Metal1,221.4800,192.0800,5.000000
FILLER_44_183,VDD,Metal1,109.7600,192.0800,5.000000
FILLER_44_140,VDD,Metal1,85.4000,192.0800,5.000000
FILLER_44_107,VDD,Metal1,67.2000,192.0800,5.000000
FILLER_44_86,VDD,Metal1,55.1600,192.0800,5.000000
FILLER_44_82,VDD,Metal1,54.1400,191.6475,5.000000
FILLER_44_58,VDD,Metal1,39.4800,192.0800,5.000000
FILLER_44_56,VDD,Metal1,38.6400,192.0800,5.000000
FILLER_44_34,VDD,Metal1,26.0400,192.0800,5.000000
FILLER_44_18,VDD,Metal1,21.8880,191.3880,5.000000
FILLER_44_2,VDD,Metal1,9.3400,191.6475,5.000000
FILLER_43_367,VDD,Metal1,212.5200,184.2400,5.000000
FILLER_43_357,VDD,Metal1,207.2000,184.2400,5.000000
FILLER_43_348,VDD,Metal1,202.1600,184.2400,5.000000
FILLER_43_335,VDD,Metal1,194.6000,184.2400,5.000000
FILLER_43_288,VDD,Metal1,168.2800,184.2400,5.000000
FILLER_43_279,VDD,Metal1,163.2400,184.2400,5.000000
FILLER_43_277,VDD,Metal1,162.4000,184.2400,5.000000
FILLER_43_212,VDD,Metal1,128.1865,184.8165,5.000000
FILLER_43_197,VDD,Metal1,117.3200,184.2400,5.000000
FILLER_43_191,VDD,Metal1,113.9600,184.2400,5.000000
FILLER_43_189,VDD,Metal1,113.1200,184.2400,5.000000
FILLER_43_105,VDD,Metal1,66.0800,184.2400,5.000000
FILLER_43_95,VDD,Metal1,60.4800,184.2400,5.000000
FILLER_43_80,VDD,Metal1,53.0200,184.6725,5.000000
FILLER_43_72,VDD,Metal1,49.7865,184.8165,5.000000
FILLER_43_69,VDD,Metal1,45.6400,184.2400,5.000000
FILLER_43_48,VDD,Metal1,33.8800,184.2400,5.000000
FILLER_43_36,VDD,Metal1,28.3800,184.6725,5.000000
FILLER_42_383,VDD,Metal1,221.4800,184.2400,5.000000
FILLER_42_381,VDD,Metal1,220.6400,184.2400,5.000000
FILLER_42_377,VDD,Metal1,219.3400,183.8075,5.000000
FILLER_42_333,VDD,Metal1,193.7600,184.2400,5.000000
FILLER_42_239,VDD,Metal1,140.8400,184.2400,5.000000
FILLER_42_203,VDD,Metal1,120.9600,184.2400,5.000000
FILLER_42_179,VDD,Metal1,107.2400,184.2400,5.000000
FILLER_42_177,VDD,Metal1,106.4000,184.2400,5.000000
FILLER_42_174,VDD,Metal1,104.4400,184.2400,5.000000
FILLER_42_170,VDD,Metal1,103.4200,183.8075,5.000000
FILLER_42_162,VDD,Metal1,98.9400,183.8075,5.000000
FILLER_42_120,VDD,Metal1,74.4800,184.2400,5.000000
FILLER_42_116,VDD,Metal1,73.1800,183.8075,5.000000
FILLER_42_107,VDD,Metal1,66.9200,184.2400,5.000000
FILLER_42_104,VDD,Metal1,65.2400,184.2400,5.000000
FILLER_42_102,VDD,Metal1,64.4000,184.2400,5.000000
FILLER_42_45,VDD,Metal1,32.4800,184.2400,5.000000
FILLER_42_26,VDD,Metal1,21.8400,184.2400,5.000000
FILLER_42_2,VDD,Metal1,8.1200,184.2400,5.000000
FILLER_41_292,VDD,Metal1,170.5200,176.4000,5.000000
FILLER_41_290,VDD,Metal1,169.6800,176.4000,5.000000
FILLER_41_218,VDD,Metal1,129.0800,176.4000,5.000000
FILLER_41_216,VDD,Metal1,128.2400,176.4000,5.000000
FILLER_41_212,VDD,Metal1,126.9400,176.8325,5.000000
FILLER_41_189,VDD,Metal1,112.8400,176.4000,5.000000
FILLER_41_84,VDD,Metal1,54.0400,176.4000,5.000000
FILLER_41_80,VDD,Metal1,53.0200,176.8325,5.000000
FILLER_41_72,VDD,Metal1,49.7865,176.9765,5.000000
FILLER_41_68,VDD,Metal1,45.3600,176.4000,5.000000
FILLER_41_23,VDD,Metal1,19.8800,176.4000,5.000000
FILLER_41_21,VDD,Metal1,19.0400,176.4000,5.000000
FILLER_41_17,VDD,Metal1,17.7400,176.8325,5.000000
FILLER_41_8,VDD,Metal1,11.4800,176.4000,5.000000
FILLER_41_6,VDD,Metal1,10.6400,176.4000,5.000000
FILLER_41_2,VDD,Metal1,9.3400,176.8325,5.000000
FILLER_40_349,VDD,Metal1,202.4400,176.4000,5.000000
FILLER_40_347,VDD,Metal1,201.6000,176.4000,5.000000
FILLER_40_314,VDD,Metal1,182.8400,176.4000,5.000000
FILLER_40_239,VDD,Metal1,140.8400,176.4000,5.000000
FILLER_40_204,VDD,Metal1,121.2400,176.4000,5.000000
FILLER_40_202,VDD,Metal1,120.4000,176.4000,5.000000
FILLER_40_192,VDD,Metal1,114.8000,176.4000,5.000000
FILLER_40_184,VDD,Metal1,110.3200,176.4000,5.000000
FILLER_40_166,VDD,Metal1,99.9600,176.4000,5.000000
FILLER_40_130,VDD,Metal1,80.0800,176.4000,5.000000
FILLER_40_103,VDD,Metal1,64.9600,176.4000,5.000000
FILLER_40_21,VDD,Metal1,18.7600,176.4000,5.000000
FILLER_40_19,VDD,Metal1,17.9200,176.4000,5.000000
FILLER_40_15,VDD,Metal1,16.6200,175.9675,5.000000
FILLER_40_2,VDD,Metal1,8.1200,176.4000,5.000000
FILLER_39_354,VDD,Metal1,205.2400,168.5600,5.000000
FILLER_39_352,VDD,Metal1,204.4000,168.5600,5.000000
FILLER_39_348,VDD,Metal1,202.1600,168.5600,5.000000
FILLER_39_298,VDD,Metal1,174.1600,168.5600,5.000000
FILLER_39_257,VDD,Metal1,150.9200,168.5600,5.000000
FILLER_39_216,VDD,Metal1,127.9600,168.5600,5.000000
FILLER_39_203,VDD,Metal1,120.6800,168.5600,5.000000
FILLER_39_201,VDD,Metal1,119.8400,168.5600,5.000000
FILLER_39_197,VDD,Metal1,118.5400,168.9925,5.000000
FILLER_39_146,VDD,Metal1,88.7600,168.5600,5.000000
FILLER_39_142,VDD,Metal1,87.7400,168.9925,5.000000
FILLER_39_72,VDD,Metal1,47.3200,168.5600,5.000000
FILLER_39_46,VDD,Metal1,33.9800,168.9925,5.000000
FILLER_39_38,VDD,Metal1,28.2800,168.5600,5.000000
FILLER_39_36,VDD,Metal1,27.4400,168.5600,5.000000
FILLER_38_336,VDD,Metal1,195.4400,168.5600,5.000000
FILLER_38_326,VDD,Metal1,189.5600,168.5600,5.000000
FILLER_38_319,VDD,Metal1,185.6400,168.5600,5.000000
FILLER_38_317,VDD,Metal1,184.8000,168.5600,5.000000
FILLER_38_233,VDD,Metal1,139.9465,167.9830,5.000000
FILLER_38_190,VDD,Metal1,113.6800,168.5600,5.000000
FILLER_38_177,VDD,Metal1,106.1200,168.5600,5.000000
FILLER_38_169,VDD,Metal1,101.6400,168.5600,5.000000
FILLER_38_167,VDD,Metal1,100.8000,168.5600,5.000000
FILLER_38_160,VDD,Metal1,96.8800,168.5600,5.000000
FILLER_38_109,VDD,Metal1,68.0400,168.5600,5.000000
FILLER_38_107,VDD,Metal1,67.2000,168.5600,5.000000
FILLER_38_37,VDD,Metal1,27.7200,168.5600,5.000000
FILLER_38_24,VDD,Metal1,20.4400,168.5600,5.000000
FILLER_38_2,VDD,Metal1,9.3400,168.1275,5.000000
FILLER_37_363,VDD,Metal1,210.2800,160.7200,5.000000
FILLER_37_354,VDD,Metal1,205.2400,160.7200,5.000000
FILLER_37_352,VDD,Metal1,204.4000,160.7200,5.000000
FILLER_37_349,VDD,Metal1,202.4400,160.7200,5.000000
FILLER_37_330,VDD,Metal1,191.8000,160.7200,5.000000
FILLER_37_282,VDD,Metal1,164.9200,160.7200,5.000000
FILLER_37_254,VDD,Metal1,149.2400,160.7200,5.000000
FILLER_37_252,VDD,Metal1,148.4000,160.7200,5.000000
FILLER_37_217,VDD,Metal1,128.5200,160.7200,5.000000
FILLER_37_197,VDD,Metal1,117.3200,160.7200,5.000000
FILLER_37_185,VDD,Metal1,110.6000,160.7200,5.000000
FILLER_37_183,VDD,Metal1,109.7600,160.7200,5.000000
FILLER_37_147,VDD,Metal1,89.6000,160.7200,5.000000
FILLER_37_100,VDD,Metal1,63.0000,160.7200,5.000000
FILLER_37_80,VDD,Metal1,51.8000,160.7200,5.000000
FILLER_37_68,VDD,Metal1,45.3600,160.7200,5.000000
FILLER_36_383,VDD,Metal1,221.4800,160.7200,5.000000
FILLER_36_381,VDD,Metal1,220.6400,160.7200,5.000000
FILLER_36_249,VDD,Metal1,146.4400,160.7200,5.000000
FILLER_36_247,VDD,Metal1,145.6000,160.7200,5.000000
FILLER_36_201,VDD,Metal1,119.8400,160.7200,5.000000
FILLER_36_197,VDD,Metal1,118.5400,160.2875,5.000000
FILLER_36_165,VDD,Metal1,99.4000,160.7200,5.000000
FILLER_36_107,VDD,Metal1,67.2000,160.7200,5.000000
FILLER_36_94,VDD,Metal1,59.6400,160.7200,5.000000
FILLER_36_92,VDD,Metal1,58.8000,160.7200,5.000000
FILLER_36_57,VDD,Metal1,38.9200,160.7200,5.000000
FILLER_36_39,VDD,Metal1,28.8400,160.7200,5.000000
FILLER_36_37,VDD,Metal1,28.0000,160.7200,5.000000
FILLER_36_6,VDD,Metal1,10.3600,160.7200,5.000000
FILLER_36_2,VDD,Metal1,9.3400,160.2875,5.000000
FILLER_35_383,VDD,Metal1,221.4800,152.8800,5.000000
FILLER_35_349,VDD,Metal1,202.4400,152.8800,5.000000
FILLER_35_330,VDD,Metal1,191.8000,152.8800,5.000000
FILLER_35_282,VDD,Metal1,165.2000,152.8800,5.000000
FILLER_35_208,VDD,Metal1,123.7600,152.8800,5.000000
FILLER_35_204,VDD,Metal1,122.4600,153.3125,5.000000
FILLER_35_192,VDD,Metal1,114.8000,152.8800,5.000000
FILLER_35_188,VDD,Metal1,113.5000,153.3125,5.000000
FILLER_35_114,VDD,Metal1,70.8400,152.8800,5.000000
FILLER_35_112,VDD,Metal1,70.0000,152.8800,5.000000
FILLER_35_86,VDD,Metal1,55.1600,152.8800,5.000000
FILLER_35_84,VDD,Metal1,54.3200,152.8800,5.000000
FILLER_35_69,VDD,Metal1,45.6400,152.8800,5.000000
FILLER_35_67,VDD,Metal1,44.8000,152.8800,5.000000
FILLER_34_366,VDD,Metal1,212.2400,152.8800,5.000000
FILLER_34_314,VDD,Metal1,182.8400,152.8800,5.000000
FILLER_34_306,VDD,Metal1,180.8265,152.3030,5.000000
FILLER_34_287,VDD,Metal1,167.7200,152.8800,5.000000
FILLER_34_276,VDD,Metal1,161.5600,152.8800,5.000000
FILLER_34_274,VDD,Metal1,160.7200,152.8800,5.000000
FILLER_34_257,VDD,Metal1,150.9200,152.8800,5.000000
FILLER_34_255,VDD,Metal1,150.0800,152.8800,5.000000
FILLER_34_247,VDD,Metal1,147.7865,152.3030,5.000000
FILLER_34_210,VDD,Metal1,124.6000,152.8800,5.000000
FILLER_34_185,VDD,Metal1,110.6000,152.8800,5.000000
FILLER_34_181,VDD,Metal1,109.5800,152.4475,5.000000
FILLER_34_168,VDD,Metal1,101.0800,152.8800,5.000000
FILLER_34_166,VDD,Metal1,100.2400,152.8800,5.000000
FILLER_34_123,VDD,Metal1,77.1000,152.4475,5.000000
FILLER_34_92,VDD,Metal1,58.5200,152.8800,5.000000
FILLER_34_57,VDD,Metal1,38.9200,152.8800,5.000000
FILLER_34_17,VDD,Metal1,16.5200,152.8800,5.000000
FILLER_34_2,VDD,Metal1,9.3400,152.4475,5.000000
FILLER_33_359,VDD,Metal1,208.0400,145.0400,5.000000
FILLER_33_304,VDD,Metal1,178.4600,145.4725,5.000000
FILLER_33_290,VDD,Metal1,169.6800,145.0400,5.000000
FILLER_33_282,VDD,Metal1,165.2000,145.0400,5.000000
FILLER_33_278,VDD,Metal1,162.9600,145.0400,5.000000
FILLER_33_256,VDD,Metal1,150.3600,145.0400,5.000000
FILLER_33_254,VDD,Metal1,149.5200,145.0400,5.000000
FILLER_33_246,VDD,Metal1,147.2265,145.6165,5.000000
FILLER_33_208,VDD,Metal1,123.7600,145.0400,5.000000
FILLER_33_204,VDD,Metal1,122.4600,145.4725,5.000000
FILLER_33_189,VDD,Metal1,113.1200,145.0400,5.000000
FILLER_33_149,VDD,Metal1,90.4400,145.0400,5.000000
FILLER_33_147,VDD,Metal1,89.6000,145.0400,5.000000
FILLER_33_139,VDD,Metal1,84.8400,145.0400,5.000000
FILLER_33_137,VDD,Metal1,84.0000,145.0400,5.000000
FILLER_33_106,VDD,Metal1,66.6400,145.0400,5.000000
FILLER_33_55,VDD,Metal1,38.0800,145.0400,5.000000
FILLER_33_36,VDD,Metal1,28.3800,145.4725,5.000000
FILLER_32_325,VDD,Metal1,189.2800,145.0400,5.000000
FILLER_32_317,VDD,Metal1,186.9865,144.4630,5.000000
FILLER_32_314,VDD,Metal1,182.8400,145.0400,5.000000
FILLER_32_306,VDD,Metal1,180.8265,144.4630,5.000000
FILLER_32_277,VDD,Metal1,162.1200,145.0400,5.000000
FILLER_32_273,VDD,Metal1,161.1000,144.6075,5.000000
FILLER_32_247,VDD,Metal1,150.1280,144.3480,5.000000
FILLER_32_244,VDD,Metal1,143.6400,145.0400,5.000000
FILLER_32_240,VDD,Metal1,142.6200,144.6075,5.000000
FILLER_32_232,VDD,Metal1,139.3865,144.4630,5.000000
FILLER_32_225,VDD,Metal1,133.2800,145.0400,5.000000
FILLER_32_217,VDD,Metal1,130.9865,144.4630,5.000000
FILLER_32_211,VDD,Metal1,125.1600,145.0400,5.000000
FILLER_32_207,VDD,Metal1,124.1400,144.6075,5.000000
FILLER_32_198,VDD,Metal1,117.8800,145.0400,5.000000
FILLER_32_196,VDD,Metal1,117.0400,145.0400,5.000000
FILLER_32_181,VDD,Metal1,108.6400,145.0400,5.000000
FILLER_32_177,VDD,Metal1,107.3400,144.6075,5.000000
FILLER_32_159,VDD,Metal1,100.8480,144.3480,5.000000
FILLER_32_107,VDD,Metal1,67.2000,145.0400,5.000000
FILLER_32_90,VDD,Metal1,57.4000,145.0400,5.000000
FILLER_32_39,VDD,Metal1,28.8400,145.0400,5.000000
FILLER_32_37,VDD,Metal1,28.0000,145.0400,5.000000
FILLER_32_2,VDD,Metal1,8.1200,145.0400,5.000000
FILLER_31_296,VDD,Metal1,173.0400,137.2000,5.000000
FILLER_31_292,VDD,Metal1,171.7400,137.6325,5.000000
FILLER_31_274,VDD,Metal1,160.7200,137.2000,5.000000
FILLER_31_270,VDD,Metal1,159.4200,137.6325,5.000000
FILLER_31_234,VDD,Metal1,138.3200,137.2000,5.000000
FILLER_31_225,VDD,Metal1,133.0000,137.2000,5.000000
FILLER_31_223,VDD,Metal1,132.1600,137.2000,5.000000
FILLER_31_214,VDD,Metal1,126.8400,137.2000,5.000000
FILLER_31_212,VDD,Metal1,126.0000,137.2000,5.000000
FILLER_31_208,VDD,Metal1,123.7600,137.2000,5.000000
FILLER_31_196,VDD,Metal1,117.0400,137.2000,5.000000
FILLER_31_155,VDD,Metal1,94.0800,137.2000,5.000000
FILLER_31_142,VDD,Metal1,86.5200,137.2000,5.000000
FILLER_31_136,VDD,Metal1,84.3800,137.6325,5.000000
FILLER_31_108,VDD,Metal1,67.4800,137.2000,5.000000
FILLER_31_106,VDD,Metal1,66.6400,137.2000,5.000000
FILLER_31_69,VDD,Metal1,45.6400,137.2000,5.000000
FILLER_31_67,VDD,Metal1,44.8000,137.2000,5.000000
FILLER_31_38,VDD,Metal1,28.2800,137.2000,5.000000
FILLER_31_36,VDD,Metal1,27.4400,137.2000,5.000000
FILLER_30_344,VDD,Metal1,199.6400,137.2000,5.000000
FILLER_30_342,VDD,Metal1,198.8000,137.2000,5.000000
FILLER_30_338,VDD,Metal1,197.5000,136.7675,5.000000
FILLER_30_322,VDD,Metal1,192.1280,136.5080,5.000000
FILLER_30_313,VDD,Metal1,182.5600,137.2000,5.000000
FILLER_30_298,VDD,Metal1,173.8800,137.2000,5.000000
FILLER_30_249,VDD,Metal1,146.4400,137.2000,5.000000
FILLER_30_247,VDD,Metal1,145.6000,137.2000,5.000000
FILLER_30_244,VDD,Metal1,143.6400,137.2000,5.000000
FILLER_30_221,VDD,Metal1,131.0400,137.2000,5.000000
FILLER_30_213,VDD,Metal1,128.7465,136.6230,5.000000
FILLER_30_207,VDD,Metal1,122.9200,137.2000,5.000000
FILLER_30_205,VDD,Metal1,122.0800,137.2000,5.000000
FILLER_30_195,VDD,Metal1,116.2000,137.2000,5.000000
FILLER_30_191,VDD,Metal1,115.1800,136.7675,5.000000
FILLER_30_127,VDD,Metal1,78.1200,137.2000,5.000000
FILLER_30_104,VDD,Metal1,65.2400,137.2000,5.000000
FILLER_30_102,VDD,Metal1,64.4000,137.2000,5.000000
FILLER_30_67,VDD,Metal1,44.5200,137.2000,5.000000
FILLER_30_37,VDD,Metal1,27.7200,137.2000,5.000000
FILLER_30_29,VDD,Metal1,23.2400,137.2000,5.000000
FILLER_30_27,VDD,Metal1,22.4000,137.2000,5.000000
FILLER_30_23,VDD,Metal1,21.1000,136.7675,5.000000
FILLER_30_2,VDD,Metal1,8.1200,137.2000,5.000000
FILLER_29_354,VDD,Metal1,205.2400,129.3600,5.000000
FILLER_29_352,VDD,Metal1,204.4000,129.3600,5.000000
FILLER_29_299,VDD,Metal1,174.4400,129.3600,5.000000
FILLER_29_282,VDD,Metal1,165.2000,129.3600,5.000000
FILLER_29_274,VDD,Metal1,160.7200,129.3600,5.000000
FILLER_29_270,VDD,Metal1,159.4200,129.7925,5.000000
FILLER_29_235,VDD,Metal1,138.6000,129.3600,5.000000
FILLER_29_231,VDD,Metal1,137.5800,129.7925,5.000000
FILLER_29_212,VDD,Metal1,126.0000,129.3600,5.000000
FILLER_29_209,VDD,Metal1,124.0400,129.3600,5.000000
FILLER_29_207,VDD,Metal1,123.2000,129.3600,5.000000
FILLER_29_185,VDD,Metal1,110.8800,129.3600,5.000000
FILLER_29_150,VDD,Metal1,91.0000,129.3600,5.000000
FILLER_29_136,VDD,Metal1,84.3800,129.7925,5.000000
FILLER_29_127,VDD,Metal1,78.1200,129.3600,5.000000
FILLER_29_125,VDD,Metal1,77.2800,129.3600,5.000000
FILLER_29_105,VDD,Metal1,66.0800,129.3600,5.000000
FILLER_29_85,VDD,Metal1,54.8800,129.3600,5.000000
FILLER_29_61,VDD,Metal1,42.3800,129.7925,5.000000
FILLER_29_54,VDD,Metal1,37.5200,129.3600,5.000000
FILLER_28_383,VDD,Metal1,221.4800,129.3600,5.000000
FILLER_28_304,VDD,Metal1,177.2400,129.3600,5.000000
FILLER_28_302,VDD,Metal1,176.4000,129.3600,5.000000
FILLER_28_247,VDD,Metal1,146.5400,128.9275,5.000000
FILLER_28_229,VDD,Metal1,136.4600,128.9275,5.000000
FILLER_28_221,VDD,Metal1,133.2265,128.7830,5.000000
FILLER_28_186,VDD,Metal1,111.4400,129.3600,5.000000
FILLER_28_174,VDD,Metal1,104.4400,129.3600,5.000000
FILLER_28_166,VDD,Metal1,102.4265,128.7830,5.000000
FILLER_28_135,VDD,Metal1,83.8200,128.9275,5.000000
FILLER_28_126,VDD,Metal1,77.5600,129.3600,5.000000
FILLER_28_115,VDD,Metal1,71.4000,129.3600,5.000000
FILLER_28_98,VDD,Metal1,61.8800,129.3600,5.000000
FILLER_28_56,VDD,Metal1,40.8265,128.7830,5.000000
FILLER_28_37,VDD,Metal1,28.0000,129.3600,5.000000
FILLER_28_31,VDD,Metal1,25.5800,128.9275,5.000000
FILLER_28_23,VDD,Metal1,22.3465,128.7830,5.000000
FILLER_28_2,VDD,Metal1,8.1200,129.3600,5.000000
FILLER_27_291,VDD,Metal1,170.2400,121.5200,5.000000
FILLER_27_276,VDD,Metal1,162.7800,121.9525,5.000000
FILLER_27_236,VDD,Metal1,139.1600,121.5200,5.000000
FILLER_27_232,VDD,Metal1,138.1400,121.9525,5.000000
FILLER_27_212,VDD,Metal1,125.7200,121.5200,5.000000
FILLER_27_206,VDD,Metal1,123.5800,121.9525,5.000000
FILLER_27_194,VDD,Metal1,115.6400,121.5200,5.000000
FILLER_27_192,VDD,Metal1,114.8000,121.5200,5.000000
FILLER_27_188,VDD,Metal1,113.5000,121.9525,5.000000
FILLER_27_182,VDD,Metal1,108.9200,121.5200,5.000000
FILLER_27_146,VDD,Metal1,89.0400,121.5200,5.000000
FILLER_27_142,VDD,Metal1,87.7400,121.9525,5.000000
FILLER_27_139,VDD,Metal1,84.8400,121.5200,5.000000
FILLER_27_114,VDD,Metal1,72.0600,121.9525,5.000000
FILLER_27_46,VDD,Metal1,33.9800,121.9525,5.000000
FILLER_27_37,VDD,Metal1,28.9400,121.9525,5.000000
FILLER_27_2,VDD,Metal1,8.1200,121.5200,5.000000
FILLER_26_365,VDD,Metal1,211.6800,121.5200,5.000000
FILLER_26_329,VDD,Metal1,191.5200,121.5200,5.000000
FILLER_26_325,VDD,Metal1,190.2200,121.0875,5.000000
FILLER_26_317,VDD,Metal1,186.9865,120.9430,5.000000
FILLER_26_305,VDD,Metal1,178.0800,121.5200,5.000000
FILLER_26_233,VDD,Metal1,139.9465,120.9430,5.000000
FILLER_26_216,VDD,Metal1,127.9600,121.5200,5.000000
FILLER_26_212,VDD,Metal1,126.9400,121.0875,5.000000
FILLER_26_204,VDD,Metal1,123.7065,120.9430,5.000000
FILLER_26_140,VDD,Metal1,85.4000,121.5200,5.000000
FILLER_26_138,VDD,Metal1,84.5600,121.5200,5.000000
FILLER_26_93,VDD,Metal1,60.3000,121.0875,5.000000
FILLER_26_60,VDD,Metal1,41.8200,121.0875,5.000000
FILLER_26_45,VDD,Metal1,32.4800,121.5200,5.000000
FILLER_26_37,VDD,Metal1,30.1865,120.9430,5.000000
FILLER_26_34,VDD,Metal1,26.0400,121.5200,5.000000
FILLER_26_32,VDD,Metal1,25.2000,121.5200,5.000000
FILLER_26_4,VDD,Metal1,9.2400,121.5200,5.000000
FILLER_26_2,VDD,Metal1,8.4000,121.5200,5.000000
FILLER_25_382,VDD,Metal1,221.2000,113.6800,5.000000
FILLER_25_352,VDD,Metal1,204.1200,113.6800,5.000000
FILLER_25_298,VDD,Metal1,174.1600,113.6800,5.000000
FILLER_25_294,VDD,Metal1,172.8600,114.1125,5.000000
FILLER_25_284,VDD,Metal1,166.0400,113.6800,5.000000
FILLER_25_282,VDD,Metal1,165.2000,113.6800,5.000000
FILLER_25_279,VDD,Metal1,163.2400,113.6800,5.000000
FILLER_25_260,VDD,Metal1,152.6000,113.6800,5.000000
FILLER_25_222,VDD,Metal1,132.5400,114.1125,5.000000
FILLER_25_212,VDD,Metal1,126.0000,113.6800,5.000000
FILLER_25_208,VDD,Metal1,123.7600,113.6800,5.000000
FILLER_25_194,VDD,Metal1,115.9200,113.6800,5.000000
FILLER_25_139,VDD,Metal1,84.8400,113.6800,5.000000
FILLER_25_63,VDD,Metal1,42.5600,113.6800,5.000000
FILLER_25_59,VDD,Metal1,41.2600,114.1125,5.000000
FILLER_25_2,VDD,Metal1,9.3400,114.1125,5.000000
FILLER_24_362,VDD,Metal1,209.7200,113.6800,5.000000
FILLER_24_360,VDD,Metal1,208.8800,113.6800,5.000000
FILLER_24_317,VDD,Metal1,184.5200,113.6800,5.000000
FILLER_24_293,VDD,Metal1,171.3600,113.6800,5.000000
FILLER_24_281,VDD,Metal1,164.3600,113.6800,5.000000
FILLER_24_244,VDD,Metal1,143.6400,113.6800,5.000000
FILLER_24_240,VDD,Metal1,142.6200,113.2475,5.000000
FILLER_24_232,VDD,Metal1,139.3865,113.1030,5.000000
FILLER_24_207,VDD,Metal1,123.2000,113.6800,5.000000
FILLER_24_203,VDD,Metal1,121.9000,113.2475,5.000000
FILLER_24_177,VDD,Metal1,108.5865,113.1030,5.000000
FILLER_24_116,VDD,Metal1,72.2400,113.6800,5.000000
FILLER_24_88,VDD,Metal1,56.2800,113.6800,5.000000
FILLER_24_86,VDD,Metal1,55.4400,113.6800,5.000000
FILLER_24_74,VDD,Metal1,49.6600,113.2475,5.000000
FILLER_24_51,VDD,Metal1,35.8400,113.6800,5.000000
FILLER_24_37,VDD,Metal1,28.9400,113.2475,5.000000
FILLER_24_34,VDD,Metal1,26.0400,113.6800,5.000000
FILLER_24_32,VDD,Metal1,25.2000,113.6800,5.000000
FILLER_24_28,VDD,Metal1,23.9000,113.2475,5.000000
FILLER_24_2,VDD,Metal1,8.1200,113.6800,5.000000
FILLER_23_382,VDD,Metal1,221.2000,105.8400,5.000000
FILLER_23_364,VDD,Metal1,210.8400,105.8400,5.000000
FILLER_23_352,VDD,Metal1,204.4000,105.8400,5.000000
FILLER_23_312,VDD,Metal1,182.9400,106.2725,5.000000
FILLER_23_302,VDD,Metal1,176.4000,105.8400,5.000000
FILLER_23_282,VDD,Metal1,166.1400,106.2725,5.000000
FILLER_23_278,VDD,Metal1,162.9600,105.8400,5.000000
FILLER_23_223,VDD,Metal1,131.8800,105.8400,5.000000
FILLER_23_214,VDD,Metal1,126.8400,105.8400,5.000000
FILLER_23_212,VDD,Metal1,126.0000,105.8400,5.000000
FILLER_23_209,VDD,Metal1,124.0400,105.8400,5.000000
FILLER_23_199,VDD,Metal1,118.4400,105.8400,5.000000
FILLER_23_197,VDD,Metal1,117.6000,105.8400,5.000000
FILLER_23_189,VDD,Metal1,115.3065,106.4165,5.000000
FILLER_23_147,VDD,Metal1,91.7865,106.4165,5.000000
FILLER_23_136,VDD,Metal1,84.3800,106.2725,5.000000
FILLER_23_124,VDD,Metal1,76.7200,105.8400,5.000000
FILLER_23_115,VDD,Metal1,71.4000,105.8400,5.000000
FILLER_23_69,VDD,Metal1,45.6400,105.8400,5.000000
FILLER_23_61,VDD,Metal1,43.6265,106.4165,5.000000
FILLER_23_55,VDD,Metal1,37.8000,105.8400,5.000000
FILLER_23_43,VDD,Metal1,31.0800,105.8400,5.000000
FILLER_23_2,VDD,Metal1,8.1200,105.8400,5.000000
FILLER_22_329,VDD,Metal1,191.2400,105.8400,5.000000
FILLER_22_293,VDD,Metal1,171.3600,105.8400,5.000000
FILLER_22_277,VDD,Metal1,162.4000,105.8400,5.000000
FILLER_22_267,VDD,Metal1,156.5200,105.8400,5.000000
FILLER_22_265,VDD,Metal1,155.6800,105.8400,5.000000
FILLER_22_247,VDD,Metal1,146.5400,105.4075,5.000000
FILLER_22_244,VDD,Metal1,143.6400,105.8400,5.000000
FILLER_22_242,VDD,Metal1,142.8000,105.8400,5.000000
FILLER_22_226,VDD,Metal1,138.3680,105.1480,5.000000
FILLER_22_208,VDD,Metal1,123.7600,105.8400,5.000000
FILLER_22_204,VDD,Metal1,122.4600,105.4075,5.000000
FILLER_22_188,VDD,Metal1,112.5600,105.8400,5.000000
FILLER_22_174,VDD,Metal1,104.4400,105.8400,5.000000
FILLER_22_117,VDD,Metal1,72.5200,105.8400,5.000000
FILLER_22_115,VDD,Metal1,71.6800,105.8400,5.000000
FILLER_22_91,VDD,Metal1,57.9600,105.8400,5.000000
FILLER_22_85,VDD,Metal1,54.6000,105.8400,5.000000
FILLER_22_77,VDD,Metal1,52.5865,105.2630,5.000000
FILLER_22_70,VDD,Metal1,46.4800,105.8400,5.000000
FILLER_22_66,VDD,Metal1,45.1800,105.4075,5.000000
FILLER_22_58,VDD,Metal1,41.9465,105.2630,5.000000
FILLER_22_21,VDD,Metal1,19.9800,105.4075,5.000000
FILLER_22_2,VDD,Metal1,8.4000,105.8400,5.000000
FILLER_21_382,VDD,Metal1,221.2000,98.0000,5.000000
FILLER_21_306,VDD,Metal1,178.3600,98.0000,5.000000
FILLER_21_284,VDD,Metal1,166.0400,98.0000,5.000000
FILLER_21_282,VDD,Metal1,165.2000,98.0000,5.000000
FILLER_21_256,VDD,Metal1,150.3600,98.0000,5.000000
FILLER_21_220,VDD,Metal1,130.4800,98.0000,5.000000
FILLER_21_208,VDD,Metal1,123.7600,98.0000,5.000000
FILLER_21_204,VDD,Metal1,122.4600,98.4325,5.000000
FILLER_21_188,VDD,Metal1,114.7465,98.5765,5.000000
FILLER_21_178,VDD,Metal1,106.6800,98.0000,5.000000
FILLER_21_171,VDD,Metal1,103.0400,98.0000,5.000000
FILLER_21_160,VDD,Metal1,96.6000,98.0000,5.000000
FILLER_21_150,VDD,Metal1,91.2800,98.0000,5.000000
FILLER_21_142,VDD,Metal1,88.9865,98.5765,5.000000
FILLER_21_139,VDD,Metal1,84.8400,98.0000,5.000000
FILLER_21_105,VDD,Metal1,66.0800,98.0000,5.000000
FILLER_21_96,VDD,Metal1,61.9800,98.4325,5.000000
FILLER_21_74,VDD,Metal1,48.4400,98.0000,5.000000
FILLER_21_72,VDD,Metal1,47.6000,98.0000,5.000000
FILLER_21_36,VDD,Metal1,27.1600,98.0000,5.000000
FILLER_20_366,VDD,Metal1,212.2400,98.0000,5.000000
FILLER_20_351,VDD,Metal1,203.8400,98.0000,5.000000
FILLER_20_302,VDD,Metal1,176.1200,98.0000,5.000000
FILLER_20_249,VDD,Metal1,146.4400,98.0000,5.000000
FILLER_20_247,VDD,Metal1,145.6000,98.0000,5.000000
FILLER_20_240,VDD,Metal1,141.4000,98.0000,5.000000
FILLER_20_238,VDD,Metal1,140.5600,98.0000,5.000000
FILLER_20_230,VDD,Metal1,138.2665,97.4230,5.000000
FILLER_20_200,VDD,Metal1,119.0000,98.0000,5.000000
FILLER_20_173,VDD,Metal1,104.1600,98.0000,5.000000
FILLER_20_167,VDD,Metal1,100.5200,98.0000,5.000000
FILLER_20_132,VDD,Metal1,80.9200,98.0000,5.000000
FILLER_20_130,VDD,Metal1,80.0800,98.0000,5.000000
FILLER_20_107,VDD,Metal1,67.2000,98.0000,5.000000
FILLER_20_104,VDD,Metal1,65.2400,98.0000,5.000000
FILLER_20_56,VDD,Metal1,38.3600,98.0000,5.000000
FILLER_20_54,VDD,Metal1,37.5200,98.0000,5.000000
FILLER_20_37,VDD,Metal1,27.7200,98.0000,5.000000
FILLER_19_356,VDD,Metal1,206.6400,90.1600,5.000000
FILLER_19_352,VDD,Metal1,205.3400,90.5925,5.000000
FILLER_19_348,VDD,Metal1,202.1600,90.1600,5.000000
FILLER_19_344,VDD,Metal1,200.8600,90.5925,5.000000
FILLER_19_278,VDD,Metal1,162.9600,90.1600,5.000000
FILLER_19_263,VDD,Metal1,154.2800,90.1600,5.000000
FILLER_19_227,VDD,Metal1,134.4000,90.1600,5.000000
FILLER_19_223,VDD,Metal1,133.1000,90.5925,5.000000
FILLER_19_214,VDD,Metal1,126.8400,90.1600,5.000000
FILLER_19_212,VDD,Metal1,126.0000,90.1600,5.000000
FILLER_19_176,VDD,Metal1,105.5600,90.1600,5.000000
FILLER_19_138,VDD,Metal1,84.5600,90.1600,5.000000
FILLER_19_103,VDD,Metal1,65.9000,90.5925,5.000000
FILLER_19_45,VDD,Metal1,32.2000,90.1600,5.000000
FILLER_18_365,VDD,Metal1,211.6800,90.1600,5.000000
FILLER_18_361,VDD,Metal1,210.3800,89.7275,5.000000
FILLER_18_353,VDD,Metal1,207.1465,89.5830,5.000000
FILLER_18_317,VDD,Metal1,184.8000,90.1600,5.000000
FILLER_18_240,VDD,Metal1,141.4000,90.1600,5.000000
FILLER_18_238,VDD,Metal1,140.5600,90.1600,5.000000
FILLER_18_234,VDD,Metal1,139.2600,89.7275,5.000000
FILLER_18_226,VDD,Metal1,136.0265,89.5830,5.000000
FILLER_18_212,VDD,Metal1,126.0000,90.1600,5.000000
FILLER_18_189,VDD,Metal1,115.3065,89.5830,5.000000
FILLER_18_183,VDD,Metal1,109.4800,90.1600,5.000000
FILLER_18_181,VDD,Metal1,108.6400,90.1600,5.000000
FILLER_18_177,VDD,Metal1,107.3400,89.7275,5.000000
FILLER_18_165,VDD,Metal1,99.4000,90.1600,5.000000
FILLER_18_163,VDD,Metal1,98.5600,90.1600,5.000000
FILLER_18_128,VDD,Metal1,78.6800,90.1600,5.000000
FILLER_18_126,VDD,Metal1,77.8400,90.1600,5.000000
FILLER_18_57,VDD,Metal1,39.2000,90.1600,5.000000
FILLER_18_47,VDD,Metal1,33.6000,90.1600,5.000000
FILLER_18_4,VDD,Metal1,9.2400,90.1600,5.000000
FILLER_18_2,VDD,Metal1,8.4000,90.1600,5.000000
FILLER_17_354,VDD,Metal1,205.2400,82.3200,4.999995
FILLER_17_352,VDD,Metal1,204.4000,82.3200,4.999995
FILLER_17_279,VDD,Metal1,163.2400,82.3200,4.999995
FILLER_17_219,VDD,Metal1,129.6400,82.3200,4.999993
FILLER_17_217,VDD,Metal1,128.8000,82.3200,4.999993
FILLER_17_208,VDD,Metal1,123.7600,82.3200,4.999992
FILLER_17_149,VDD,Metal1,90.7200,82.3200,4.999992
FILLER_17_136,VDD,Metal1,84.3800,82.7525,4.999992
FILLER_17_109,VDD,Metal1,69.2600,82.7525,4.999991
FILLER_17_82,VDD,Metal1,53.2000,82.3200,4.999990
FILLER_17_72,VDD,Metal1,48.5400,82.7525,4.999990
FILLER_17_69,VDD,Metal1,45.6400,82.3200,4.999990
FILLER_17_22,VDD,Metal1,19.3200,82.3200,4.999988
FILLER_17_20,VDD,Metal1,18.4800,82.3200,4.999988
FILLER_17_2,VDD,Metal1,8.4000,82.3200,4.999988
FILLER_16_382,VDD,Metal1,221.2000,82.3200,4.999995
FILLER_16_368,VDD,Metal1,213.3600,82.3200,4.999995
FILLER_16_210,VDD,Metal1,124.6000,82.3200,4.999992
FILLER_16_208,VDD,Metal1,123.7600,82.3200,4.999992
FILLER_16_204,VDD,Metal1,122.4600,81.8875,4.999992
FILLER_16_191,VDD,Metal1,113.9600,82.3200,4.999992
FILLER_16_189,VDD,Metal1,113.1200,82.3200,4.999992
FILLER_16_174,VDD,Metal1,104.4400,82.3200,4.999992
FILLER_16_170,VDD,Metal1,103.4200,81.8875,4.999992
FILLER_16_107,VDD,Metal1,66.9200,82.3200,4.999991
FILLER_16_45,VDD,Metal1,32.4800,82.3200,4.999990
FILLER_16_4,VDD,Metal1,9.2400,82.3200,4.999988
FILLER_16_2,VDD,Metal1,8.4000,82.3200,4.999988
FILLER_15_356,VDD,Metal1,206.3600,74.4800,5.000000
FILLER_15_352,VDD,Metal1,205.3400,74.9125,5.000000
FILLER_15_348,VDD,Metal1,202.1600,74.4800,5.000000
FILLER_15_307,VDD,Metal1,179.2000,74.4800,5.000000
FILLER_15_282,VDD,Metal1,165.2000,74.4800,5.000000
FILLER_15_255,VDD,Metal1,149.8000,74.4800,5.000000
FILLER_15_212,VDD,Metal1,125.7200,74.4800,5.000000
FILLER_15_204,VDD,Metal1,121.2400,74.4800,5.000000
FILLER_15_202,VDD,Metal1,120.4000,74.4800,5.000000
FILLER_15_191,VDD,Metal1,113.9600,74.4800,5.000000
FILLER_15_156,VDD,Metal1,94.3600,74.4800,5.000000
FILLER_15_154,VDD,Metal1,93.5200,74.4800,5.000000
FILLER_15_144,VDD,Metal1,87.6400,74.4800,5.000000
FILLER_15_142,VDD,Metal1,86.8000,74.4800,5.000000
FILLER_15_97,VDD,Metal1,61.3200,74.4800,5.000000
FILLER_15_95,VDD,Metal1,60.4800,74.4800,5.000000
FILLER_15_68,VDD,Metal1,45.3600,74.4800,5.000000
FILLER_15_36,VDD,Metal1,27.1600,74.4800,5.000000
FILLER_14_371,VDD,Metal1,214.7600,74.4800,5.000000
FILLER_14_369,VDD,Metal1,213.9200,74.4800,5.000000
FILLER_14_359,VDD,Metal1,208.3200,74.4800,5.000000
FILLER_14_240,VDD,Metal1,141.4000,74.4800,5.000000
FILLER_14_234,VDD,Metal1,138.3200,74.4800,5.000000
FILLER_14_198,VDD,Metal1,119.1000,74.0475,5.000000
FILLER_14_173,VDD,Metal1,104.1600,74.4800,5.000000
FILLER_14_107,VDD,Metal1,68.1400,74.0475,5.000000
FILLER_14_104,VDD,Metal1,65.2400,74.4800,5.000000
FILLER_14_102,VDD,Metal1,64.4000,74.4800,5.000000
FILLER_14_16,VDD,Metal1,15.9600,74.4800,5.000000
FILLER_14_2,VDD,Metal1,8.4000,74.4800,5.000000
FILLER_13_383,VDD,Metal1,221.4800,66.6400,4.999997
FILLER_13_366,VDD,Metal1,211.9600,66.6400,4.999997
FILLER_13_216,VDD,Metal1,127.9600,66.6400,4.999997
FILLER_13_197,VDD,Metal1,117.6000,66.6400,4.999997
FILLER_13_155,VDD,Metal1,93.8000,66.6400,4.999997
FILLER_13_142,VDD,Metal1,86.8000,66.6400,4.999997
FILLER_13_122,VDD,Metal1,75.3200,66.6400,4.999995
FILLER_13_2,VDD,Metal1,8.4000,66.6400,4.999995
FILLER_12_383,VDD,Metal1,221.4800,66.6400,4.999997
FILLER_12_211,VDD,Metal1,125.1600,66.6400,4.999997
FILLER_12_113,VDD,Metal1,70.2800,66.6400,4.999995
FILLER_12_95,VDD,Metal1,60.4800,66.6400,4.999995
FILLER_12_60,VDD,Metal1,40.6000,66.6400,4.999995
FILLER_11_382,VDD,Metal1,221.2000,58.8000,4.999428
FILLER_11_236,VDD,Metal1,139.4400,58.8000,4.999609
FILLER_11_221,VDD,Metal1,131.0400,58.8000,4.999660
FILLER_11_209,VDD,Metal1,124.0400,58.8000,4.999715
FILLER_11_199,VDD,Metal1,118.4400,58.8000,4.999730
FILLER_11_197,VDD,Metal1,117.6000,58.8000,4.999730
FILLER_11_142,VDD,Metal1,87.7400,59.2325,4.999811
FILLER_11_72,VDD,Metal1,47.6000,58.8000,4.999812
FILLER_11_45,VDD,Metal1,32.2000,58.8000,4.999818
FILLER_10_345,VDD,Metal1,200.2000,58.8000,4.999539
FILLER_10_197,VDD,Metal1,117.3200,58.8000,4.999730
FILLER_10_195,VDD,Metal1,116.4800,58.8000,4.999731
FILLER_10_183,VDD,Metal1,109.4800,58.8000,4.999811
FILLER_10_104,VDD,Metal1,65.2400,58.8000,4.999811
FILLER_10_102,VDD,Metal1,64.4000,58.8000,4.999812
FILLER_10_18,VDD,Metal1,17.0800,58.8000,4.999824
FILLER_10_16,VDD,Metal1,16.2400,58.8000,4.999824
FILLER_10_2,VDD,Metal1,8.4000,58.8000,4.999824
FILLER_9_362,VDD,Metal1,209.7200,50.9600,4.999999
FILLER_9_222,VDD,Metal1,131.3200,50.9600,4.999999
FILLER_9_212,VDD,Metal1,126.0000,50.9600,4.999999
FILLER_9_204,VDD,Metal1,121.2400,50.9600,4.999999
FILLER_9_169,VDD,Metal1,101.6400,50.9600,4.999998
FILLER_9_142,VDD,Metal1,86.5200,50.9600,4.999998
FILLER_9_84,VDD,Metal1,54.3200,50.9600,4.999998
FILLER_9_69,VDD,Metal1,45.6400,50.9600,4.999998
FILLER_9_49,VDD,Metal1,34.7200,50.9600,4.999997
FILLER_8_314,VDD,Metal1,182.8400,50.9600,4.999999
FILLER_8_312,VDD,Metal1,182.0000,50.9600,4.999999
FILLER_8_211,VDD,Metal1,125.4400,50.9600,4.999999
FILLER_8_140,VDD,Metal1,85.4000,50.9600,4.999998
FILLER_8_138,VDD,Metal1,84.5600,50.9600,4.999998
FILLER_8_119,VDD,Metal1,73.6400,50.9600,4.999998
FILLER_8_71,VDD,Metal1,47.9800,50.5275,4.999998
FILLER_7_238,VDD,Metal1,140.5600,43.1200,4.999999
FILLER_7_214,VDD,Metal1,126.8400,43.1200,4.999999
FILLER_7_212,VDD,Metal1,126.0000,43.1200,4.999999
FILLER_6_383,VDD,Metal1,221.4800,43.1200,4.999999
FILLER_6_381,VDD,Metal1,220.6400,43.1200,4.999999
FILLER_6_345,VDD,Metal1,200.4800,43.1200,4.999999
FILLER_6_305,VDD,Metal1,177.8000,43.1200,4.999999
FILLER_6_303,VDD,Metal1,176.9600,43.1200,4.999999
FILLER_6_254,VDD,Metal1,149.2400,43.1200,4.999999
FILLER_6_252,VDD,Metal1,148.4000,43.1200,4.999999
FILLER_6_98,VDD,Metal1,61.8800,43.1200,4.999999
FILLER_6_74,VDD,Metal1,48.4400,43.1200,4.999998
FILLER_6_39,VDD,Metal1,28.8400,43.1200,4.999998
FILLER_6_37,VDD,Metal1,28.0000,43.1200,4.999998
FILLER_5_383,VDD,Metal1,221.4800,35.2800,4.999995
FILLER_5_381,VDD,Metal1,220.6400,35.2800,4.999995
FILLER_5_359,VDD,Metal1,208.0400,35.2800,4.999995
FILLER_5_357,VDD,Metal1,207.2000,35.2800,4.999995
FILLER_5_269,VDD,Metal1,157.9200,35.2800,4.999994
FILLER_5_199,VDD,Metal1,118.7200,35.2800,4.999993
FILLER_4_383,VDD,Metal1,221.4800,35.2800,4.999995
FILLER_4_369,VDD,Metal1,213.6400,35.2800,4.999995
FILLER_4_282,VDD,Metal1,164.9200,35.2800,4.999994
FILLER_4_247,VDD,Metal1,145.3200,35.2800,4.999994
FILLER_4_244,VDD,Metal1,143.6400,35.2800,4.999994
FILLER_4_242,VDD,Metal1,142.8000,35.2800,4.999994
FILLER_4_193,VDD,Metal1,115.0800,35.2800,4.999992
FILLER_4_22,VDD,Metal1,19.3200,35.2800,4.999992
FILLER_4_20,VDD,Metal1,18.4800,35.2800,4.999992
FILLER_3_383,VDD,Metal1,221.4800,27.4400,4.999422
FILLER_3_381,VDD,Metal1,220.6400,27.4400,4.999422
FILLER_3_357,VDD,Metal1,207.2000,27.4400,4.999422
FILLER_3_236,VDD,Metal1,139.4400,27.4400,4.999533
FILLER_3_212,VDD,Metal1,125.7200,27.4400,4.999534
FILLER_3_105,VDD,Metal1,65.8000,27.4400,4.999573
FILLER_3_72,VDD,Metal1,47.3200,27.4400,4.999586
FILLER_2_244,VDD,Metal1,143.6400,27.4400,4.999517
FILLER_2_242,VDD,Metal1,142.8000,27.4400,4.999519
FILLER_2_202,VDD,Metal1,120.1200,27.4400,4.999534
FILLER_2_200,VDD,Metal1,119.2800,27.4400,4.999534
FILLER_2_187,VDD,Metal1,111.7200,27.4400,4.999535
FILLER_2_185,VDD,Metal1,110.8800,27.4400,4.999535
FILLER_2_151,VDD,Metal1,91.5600,27.4400,4.999552
FILLER_2_149,VDD,Metal1,90.7200,27.4400,4.999552
FILLER_2_20,VDD,Metal1,18.4800,27.4400,4.999718
FILLER_1_359,VDD,Metal1,208.0400,19.6000,4.998502
FILLER_1_357,VDD,Metal1,207.2000,19.6000,4.998502
FILLER_1_348,VDD,Metal1,202.1600,19.6000,4.998544
FILLER_0_203,VDD,Metal1,120.6800,19.6000,4.998714
FILLER_0_169,VDD,Metal1,101.6400,19.6000,4.998753
FILLER_0_140,VDD,Metal1,85.4000,19.6000,4.998828
FILLER_0_138,VDD,Metal1,84.5600,19.6000,4.998828
FILLER_0_127,VDD,Metal1,78.1200,19.6000,4.998878
FILLER_0_20,VDD,Metal1,18.2000,19.6000,4.999109
FILLER_0_18,VDD,Metal1,17.3600,19.6000,4.999109
clkload6,VDD,Metal1,70.7100,160.1830,5.000000
clkload5,VDD,Metal1,72.5665,137.7920,5.000000
clkload4,VDD,Metal1,34.5965,183.7615,5.000000
clkload3,VDD,Metal1,31.7700,145.5765,5.000000
clkload2,VDD,Metal1,76.0100,73.9430,5.000000
clkload1,VDD,Metal1,55.6065,59.2905,4.999812
clkload0,VDD,Metal1,35.6900,82.8565,4.999990
clkbuf_3_7__f_clk,VDD,Metal1,82.1710,168.0625,5.000000
clkbuf_3_6__f_clk,VDD,Metal1,81.6110,144.5425,5.000000
clkbuf_3_5__f_clk,VDD,Metal1,47.7485,168.0625,5.000000
clkbuf_3_4__f_clk,VDD,Metal1,43.2685,144.5425,5.000000
clkbuf_3_3__f_clk,VDD,Metal1,87.7710,81.8225,4.999992
clkbuf_3_2__f_clk,VDD,Metal1,83.2910,58.3025,4.999811
clkbuf_3_1__f_clk,VDD,Metal1,47.1885,81.8225,4.999990
clkbuf_3_0__f_clk,VDD,Metal1,49.9885,58.3025,4.999812
clkbuf_0_clk,VDD,Metal1,70.4110,114.1770,5.000000
load_slew21,VDD,Metal1,208.0310,26.8330,4.999422
load_slew20,VDD,Metal1,211.3835,58.2200,4.999428
load_slew19,VDD,Metal1,175.5435,20.1800,4.998740
load_slew18,VDD,Metal1,142.9480,20.1020,4.998710
load_slew17,VDD,Metal1,97.1435,20.1800,4.998753
load_slew16,VDD,Metal1,116.7900,20.2040,4.998714
load_slew15,VDD,Metal1,195.1900,50.3555,4.999999
output14,VDD,Metal1,217.0900,192.4100,5.000000
output13,VDD,Metal1,217.0900,184.5700,5.000000
output12,VDD,Metal1,217.0900,176.7300,5.000000
output11,VDD,Metal1,217.0900,207.4300,5.000000
output10,VDD,Metal1,217.0900,152.5500,5.000000
output9,VDD,Metal1,217.0900,145.3700,5.000000
output8,VDD,Metal1,217.0900,137.5300,5.000000
output7,VDD,Metal1,217.0900,129.6900,5.000000
output6,VDD,Metal1,217.0900,121.8500,5.000000
output5,VDD,Metal1,217.0900,200.2500,5.000000
output4,VDD,Metal1,211.4900,208.0900,5.000000
output3,VDD,Metal1,217.0900,97.6700,5.000000
input2,VDD,Metal1,218.0600,20.1690,4.998486
input1,VDD,Metal1,12.1300,19.2700,4.999109
TAP_TAPCELL_ROW_49_361,VDD,Metal1,216.7200,208.4300,5.000000
TAP_TAPCELL_ROW_49_360,VDD,Metal1,197.6800,208.4300,5.000000
TAP_TAPCELL_ROW_49_359,VDD,Metal1,178.6400,208.4300,5.000000
TAP_TAPCELL_ROW_49_358,VDD,Metal1,159.6000,208.4300,5.000000
TAP_TAPCELL_ROW_49_357,VDD,Metal1,140.5600,208.4300,5.000000
TAP_TAPCELL_ROW_49_356,VDD,Metal1,121.5200,208.4300,5.000000
TAP_TAPCELL_ROW_49_355,VDD,Metal1,102.4800,208.4300,5.000000
TAP_TAPCELL_ROW_49_354,VDD,Metal1,83.4400,208.4300,5.000000
TAP_TAPCELL_ROW_49_353,VDD,Metal1,64.4000,208.4300,5.000000
TAP_TAPCELL_ROW_49_352,VDD,Metal1,45.3600,208.4300,5.000000
TAP_TAPCELL_ROW_49_351,VDD,Metal1,26.3200,208.4300,5.000000
TAP_TAPCELL_ROW_48_350,VDD,Metal1,183.6800,207.0900,5.000000
TAP_TAPCELL_ROW_48_349,VDD,Metal1,144.4800,207.0900,5.000000
TAP_TAPCELL_ROW_48_348,VDD,Metal1,105.2800,207.0900,5.000000
TAP_TAPCELL_ROW_48_347,VDD,Metal1,66.0800,207.0900,5.000000
TAP_TAPCELL_ROW_48_346,VDD,Metal1,26.8800,207.0900,5.000000
TAP_TAPCELL_ROW_47_345,VDD,Metal1,203.2800,200.5900,5.000000
TAP_TAPCELL_ROW_47_344,VDD,Metal1,164.0800,200.5900,5.000000
TAP_TAPCELL_ROW_47_343,VDD,Metal1,124.8800,200.5900,5.000000
TAP_TAPCELL_ROW_47_342,VDD,Metal1,85.6800,200.5900,5.000000
TAP_TAPCELL_ROW_47_341,VDD,Metal1,46.4800,200.5900,5.000000
TAP_TAPCELL_ROW_46_340,VDD,Metal1,183.6800,199.2500,5.000000
TAP_TAPCELL_ROW_46_339,VDD,Metal1,144.4800,199.2500,5.000000
TAP_TAPCELL_ROW_46_338,VDD,Metal1,105.2800,199.2500,5.000000
TAP_TAPCELL_ROW_46_337,VDD,Metal1,66.0800,199.2500,5.000000
TAP_TAPCELL_ROW_46_336,VDD,Metal1,26.8800,199.2500,5.000000
TAP_TAPCELL_ROW_45_335,VDD,Metal1,203.2800,192.7500,5.000000
TAP_TAPCELL_ROW_45_334,VDD,Metal1,164.0800,192.7500,5.000000
TAP_TAPCELL_ROW_45_333,VDD,Metal1,124.8800,192.7500,5.000000
TAP_TAPCELL_ROW_45_332,VDD,Metal1,85.6800,192.7500,5.000000
TAP_TAPCELL_ROW_45_331,VDD,Metal1,46.4800,192.7500,5.000000
TAP_TAPCELL_ROW_44_330,VDD,Metal1,183.6800,191.4100,5.000000
TAP_TAPCELL_ROW_44_329,VDD,Metal1,144.4800,191.4100,5.000000
TAP_TAPCELL_ROW_44_328,VDD,Metal1,105.2800,191.4100,5.000000
TAP_TAPCELL_ROW_44_327,VDD,Metal1,66.0800,191.4100,5.000000
TAP_TAPCELL_ROW_44_326,VDD,Metal1,26.8800,191.4100,5.000000
TAP_TAPCELL_ROW_43_325,VDD,Metal1,203.2800,184.9100,5.000000
TAP_TAPCELL_ROW_43_324,VDD,Metal1,164.0800,184.9100,5.000000
TAP_TAPCELL_ROW_43_323,VDD,Metal1,124.8800,184.9100,5.000000
TAP_TAPCELL_ROW_43_322,VDD,Metal1,85.6800,184.9100,5.000000
TAP_TAPCELL_ROW_43_321,VDD,Metal1,46.4800,184.9100,5.000000
TAP_TAPCELL_ROW_42_320,VDD,Metal1,183.6800,183.5700,5.000000
TAP_TAPCELL_ROW_42_319,VDD,Metal1,144.4800,183.5700,5.000000
TAP_TAPCELL_ROW_42_318,VDD,Metal1,105.2800,183.5700,5.000000
TAP_TAPCELL_ROW_42_317,VDD,Metal1,66.0800,183.5700,5.000000
TAP_TAPCELL_ROW_42_316,VDD,Metal1,26.8800,183.5700,5.000000
TAP_TAPCELL_ROW_41_315,VDD,Metal1,203.2800,177.0700,5.000000
TAP_TAPCELL_ROW_41_314,VDD,Metal1,164.0800,177.0700,5.000000
TAP_TAPCELL_ROW_41_313,VDD,Metal1,124.8800,177.0700,5.000000
TAP_TAPCELL_ROW_41_312,VDD,Metal1,85.6800,177.0700,5.000000
TAP_TAPCELL_ROW_41_311,VDD,Metal1,46.4800,177.0700,5.000000
TAP_TAPCELL_ROW_40_310,VDD,Metal1,183.6800,175.7300,5.000000
TAP_TAPCELL_ROW_40_309,VDD,Metal1,144.4800,175.7300,5.000000
TAP_TAPCELL_ROW_40_308,VDD,Metal1,105.2800,175.7300,5.000000
TAP_TAPCELL_ROW_40_307,VDD,Metal1,66.0800,175.7300,5.000000
TAP_TAPCELL_ROW_40_306,VDD,Metal1,26.8800,175.7300,5.000000
TAP_TAPCELL_ROW_39_305,VDD,Metal1,203.2800,169.2300,5.000000
TAP_TAPCELL_ROW_39_304,VDD,Metal1,164.0800,169.2300,5.000000
TAP_TAPCELL_ROW_39_303,VDD,Metal1,124.8800,169.2300,5.000000
TAP_TAPCELL_ROW_39_302,VDD,Metal1,85.6800,169.2300,5.000000
TAP_TAPCELL_ROW_39_301,VDD,Metal1,46.4800,169.2300,5.000000
TAP_TAPCELL_ROW_38_300,VDD,Metal1,183.6800,167.8900,5.000000
TAP_TAPCELL_ROW_38_299,VDD,Metal1,144.4800,167.8900,5.000000
TAP_TAPCELL_ROW_38_298,VDD,Metal1,105.2800,167.8900,5.000000
TAP_TAPCELL_ROW_38_297,VDD,Metal1,66.0800,167.8900,5.000000
TAP_TAPCELL_ROW_38_296,VDD,Metal1,26.8800,167.8900,5.000000
TAP_TAPCELL_ROW_37_295,VDD,Metal1,203.2800,161.3900,5.000000
TAP_TAPCELL_ROW_37_294,VDD,Metal1,164.0800,161.3900,5.000000
TAP_TAPCELL_ROW_37_293,VDD,Metal1,124.8800,161.3900,5.000000
TAP_TAPCELL_ROW_37_292,VDD,Metal1,85.6800,161.3900,5.000000
TAP_TAPCELL_ROW_37_291,VDD,Metal1,46.4800,161.3900,5.000000
TAP_TAPCELL_ROW_36_290,VDD,Metal1,183.6800,160.0500,5.000000
TAP_TAPCELL_ROW_36_289,VDD,Metal1,144.4800,160.0500,5.000000
TAP_TAPCELL_ROW_36_288,VDD,Metal1,105.2800,160.0500,5.000000
TAP_TAPCELL_ROW_36_287,VDD,Metal1,66.0800,160.0500,5.000000
TAP_TAPCELL_ROW_36_286,VDD,Metal1,26.8800,160.0500,5.000000
TAP_TAPCELL_ROW_35_285,VDD,Metal1,203.2800,153.5500,5.000000
TAP_TAPCELL_ROW_35_284,VDD,Metal1,164.0800,153.5500,5.000000
TAP_TAPCELL_ROW_35_283,VDD,Metal1,124.8800,153.5500,5.000000
TAP_TAPCELL_ROW_35_282,VDD,Metal1,85.6800,153.5500,5.000000
TAP_TAPCELL_ROW_35_281,VDD,Metal1,46.4800,153.5500,5.000000
TAP_TAPCELL_ROW_34_280,VDD,Metal1,183.6800,152.2100,5.000000
TAP_TAPCELL_ROW_34_279,VDD,Metal1,144.4800,152.2100,5.000000
TAP_TAPCELL_ROW_34_278,VDD,Metal1,105.2800,152.2100,5.000000
TAP_TAPCELL_ROW_34_277,VDD,Metal1,66.0800,152.2100,5.000000
TAP_TAPCELL_ROW_34_276,VDD,Metal1,26.8800,152.2100,5.000000
TAP_TAPCELL_ROW_33_275,VDD,Metal1,203.2800,145.7100,5.000000
TAP_TAPCELL_ROW_33_274,VDD,Metal1,164.0800,145.7100,5.000000
TAP_TAPCELL_ROW_33_273,VDD,Metal1,124.8800,145.7100,5.000000
TAP_TAPCELL_ROW_33_272,VDD,Metal1,85.6800,145.7100,5.000000
TAP_TAPCELL_ROW_33_271,VDD,Metal1,46.4800,145.7100,5.000000
TAP_TAPCELL_ROW_32_270,VDD,Metal1,183.6800,144.3700,5.000000
TAP_TAPCELL_ROW_32_269,VDD,Metal1,144.4800,144.3700,5.000000
TAP_TAPCELL_ROW_32_268,VDD,Metal1,105.2800,144.3700,5.000000
TAP_TAPCELL_ROW_32_267,VDD,Metal1,66.0800,144.3700,5.000000
TAP_TAPCELL_ROW_32_266,VDD,Metal1,26.8800,144.3700,5.000000
TAP_TAPCELL_ROW_31_265,VDD,Metal1,203.2800,137.8700,5.000000
TAP_TAPCELL_ROW_31_264,VDD,Metal1,164.0800,137.8700,5.000000
TAP_TAPCELL_ROW_31_263,VDD,Metal1,124.8800,137.8700,5.000000
TAP_TAPCELL_ROW_31_262,VDD,Metal1,85.6800,137.8700,5.000000
TAP_TAPCELL_ROW_31_261,VDD,Metal1,46.4800,137.8700,5.000000
TAP_TAPCELL_ROW_30_260,VDD,Metal1,183.6800,136.5300,5.000000
TAP_TAPCELL_ROW_30_259,VDD,Metal1,144.4800,136.5300,5.000000
TAP_TAPCELL_ROW_30_258,VDD,Metal1,105.2800,136.5300,5.000000
TAP_TAPCELL_ROW_30_257,VDD,Metal1,66.0800,136.5300,5.000000
TAP_TAPCELL_ROW_30_256,VDD,Metal1,26.8800,136.5300,5.000000
TAP_TAPCELL_ROW_29_255,VDD,Metal1,203.2800,130.0300,5.000000
TAP_TAPCELL_ROW_29_254,VDD,Metal1,164.0800,130.0300,5.000000
TAP_TAPCELL_ROW_29_253,VDD,Metal1,124.8800,130.0300,5.000000
TAP_TAPCELL_ROW_29_252,VDD,Metal1,85.6800,130.0300,5.000000
TAP_TAPCELL_ROW_29_251,VDD,Metal1,46.4800,130.0300,5.000000
TAP_TAPCELL_ROW_28_250,VDD,Metal1,183.6800,128.6900,5.000000
TAP_TAPCELL_ROW_28_249,VDD,Metal1,144.4800,128.6900,5.000000
TAP_TAPCELL_ROW_28_248,VDD,Metal1,105.2800,128.6900,5.000000
TAP_TAPCELL_ROW_28_247,VDD,Metal1,66.0800,128.6900,5.000000
TAP_TAPCELL_ROW_28_246,VDD,Metal1,26.8800,128.6900,5.000000
TAP_TAPCELL_ROW_27_245,VDD,Metal1,203.2800,122.1900,5.000000
TAP_TAPCELL_ROW_27_244,VDD,Metal1,164.0800,122.1900,5.000000
TAP_TAPCELL_ROW_27_243,VDD,Metal1,124.8800,122.1900,5.000000
TAP_TAPCELL_ROW_27_242,VDD,Metal1,85.6800,122.1900,5.000000
TAP_TAPCELL_ROW_27_241,VDD,Metal1,46.4800,122.1900,5.000000
TAP_TAPCELL_ROW_26_240,VDD,Metal1,183.6800,120.8500,5.000000
TAP_TAPCELL_ROW_26_239,VDD,Metal1,144.4800,120.8500,5.000000
TAP_TAPCELL_ROW_26_238,VDD,Metal1,105.2800,120.8500,5.000000
TAP_TAPCELL_ROW_26_237,VDD,Metal1,66.0800,120.8500,5.000000
TAP_TAPCELL_ROW_26_236,VDD,Metal1,26.8800,120.8500,5.000000
TAP_TAPCELL_ROW_25_235,VDD,Metal1,203.2800,114.3500,5.000000
TAP_TAPCELL_ROW_25_234,VDD,Metal1,164.0800,114.3500,5.000000
TAP_TAPCELL_ROW_25_233,VDD,Metal1,124.8800,114.3500,5.000000
TAP_TAPCELL_ROW_25_232,VDD,Metal1,85.6800,114.3500,5.000000
TAP_TAPCELL_ROW_25_231,VDD,Metal1,46.4800,114.3500,5.000000
TAP_TAPCELL_ROW_24_230,VDD,Metal1,183.6800,113.0100,5.000000
TAP_TAPCELL_ROW_24_229,VDD,Metal1,144.4800,113.0100,5.000000
TAP_TAPCELL_ROW_24_228,VDD,Metal1,105.2800,113.0100,5.000000
TAP_TAPCELL_ROW_24_227,VDD,Metal1,66.0800,113.0100,5.000000
TAP_TAPCELL_ROW_24_226,VDD,Metal1,26.8800,113.0100,5.000000
TAP_TAPCELL_ROW_23_225,VDD,Metal1,203.2800,106.5100,5.000000
TAP_TAPCELL_ROW_23_224,VDD,Metal1,164.0800,106.5100,5.000000
TAP_TAPCELL_ROW_23_223,VDD,Metal1,124.8800,106.5100,5.000000
TAP_TAPCELL_ROW_23_222,VDD,Metal1,85.6800,106.5100,5.000000
TAP_TAPCELL_ROW_23_221,VDD,Metal1,46.4800,106.5100,5.000000
TAP_TAPCELL_ROW_22_220,VDD,Metal1,183.6800,105.1700,5.000000
TAP_TAPCELL_ROW_22_219,VDD,Metal1,144.4800,105.1700,5.000000
TAP_TAPCELL_ROW_22_218,VDD,Metal1,105.2800,105.1700,5.000000
TAP_TAPCELL_ROW_22_217,VDD,Metal1,66.0800,105.1700,5.000000
TAP_TAPCELL_ROW_22_216,VDD,Metal1,26.8800,105.1700,5.000000
TAP_TAPCELL_ROW_21_215,VDD,Metal1,203.2800,98.6700,5.000000
TAP_TAPCELL_ROW_21_214,VDD,Metal1,164.0800,98.6700,5.000000
TAP_TAPCELL_ROW_21_213,VDD,Metal1,124.8800,98.6700,5.000000
TAP_TAPCELL_ROW_21_212,VDD,Metal1,85.6800,98.6700,5.000000
TAP_TAPCELL_ROW_21_211,VDD,Metal1,46.4800,98.6700,5.000000
TAP_TAPCELL_ROW_20_210,VDD,Metal1,183.6800,97.3300,5.000000
TAP_TAPCELL_ROW_20_209,VDD,Metal1,144.4800,97.3300,5.000000
TAP_TAPCELL_ROW_20_208,VDD,Metal1,105.2800,97.3300,5.000000
TAP_TAPCELL_ROW_20_207,VDD,Metal1,66.0800,97.3300,5.000000
TAP_TAPCELL_ROW_20_206,VDD,Metal1,26.8800,97.3300,5.000000
TAP_TAPCELL_ROW_19_205,VDD,Metal1,203.2800,90.8300,5.000000
TAP_TAPCELL_ROW_19_204,VDD,Metal1,164.0800,90.8300,5.000000
TAP_TAPCELL_ROW_19_203,VDD,Metal1,124.8800,90.8300,5.000000
TAP_TAPCELL_ROW_19_202,VDD,Metal1,85.6800,90.8300,5.000000
TAP_TAPCELL_ROW_19_201,VDD,Metal1,46.4800,90.8300,5.000000
TAP_TAPCELL_ROW_18_200,VDD,Metal1,183.6800,89.4900,5.000000
TAP_TAPCELL_ROW_18_199,VDD,Metal1,144.4800,89.4900,5.000000
TAP_TAPCELL_ROW_18_198,VDD,Metal1,105.2800,89.4900,5.000000
TAP_TAPCELL_ROW_18_197,VDD,Metal1,66.0800,89.4900,5.000000
TAP_TAPCELL_ROW_18_196,VDD,Metal1,26.8800,89.4900,5.000000
TAP_TAPCELL_ROW_17_195,VDD,Metal1,203.2800,82.9900,4.999995
TAP_TAPCELL_ROW_17_194,VDD,Metal1,164.0800,82.9900,4.999995
TAP_TAPCELL_ROW_17_193,VDD,Metal1,124.8800,82.9900,4.999992
TAP_TAPCELL_ROW_17_192,VDD,Metal1,85.6800,82.9900,4.999992
TAP_TAPCELL_ROW_17_191,VDD,Metal1,46.4800,82.9900,4.999990
TAP_TAPCELL_ROW_16_190,VDD,Metal1,183.6800,81.6500,4.999995
TAP_TAPCELL_ROW_16_189,VDD,Metal1,144.4800,81.6500,4.999993
TAP_TAPCELL_ROW_16_188,VDD,Metal1,105.2800,81.6500,4.999992
TAP_TAPCELL_ROW_16_187,VDD,Metal1,66.0800,81.6500,4.999990
TAP_TAPCELL_ROW_16_186,VDD,Metal1,26.8800,81.6500,4.999990
TAP_TAPCELL_ROW_15_185,VDD,Metal1,203.2800,75.1500,5.000000
TAP_TAPCELL_ROW_15_184,VDD,Metal1,164.0800,75.1500,5.000000
TAP_TAPCELL_ROW_15_183,VDD,Metal1,124.8800,75.1500,5.000000
TAP_TAPCELL_ROW_15_182,VDD,Metal1,85.6800,75.1500,5.000000
TAP_TAPCELL_ROW_15_181,VDD,Metal1,46.4800,75.1500,5.000000
TAP_TAPCELL_ROW_14_180,VDD,Metal1,183.6800,73.8100,5.000000
TAP_TAPCELL_ROW_14_179,VDD,Metal1,144.4800,73.8100,5.000000
TAP_TAPCELL_ROW_14_178,VDD,Metal1,105.2800,73.8100,5.000000
TAP_TAPCELL_ROW_14_177,VDD,Metal1,66.0800,73.8100,5.000000
TAP_TAPCELL_ROW_14_176,VDD,Metal1,26.8800,73.8100,5.000000
TAP_TAPCELL_ROW_13_175,VDD,Metal1,203.2800,67.3100,4.999997
TAP_TAPCELL_ROW_13_174,VDD,Metal1,164.0800,67.3100,4.999997
TAP_TAPCELL_ROW_13_173,VDD,Metal1,124.8800,67.3100,4.999997
TAP_TAPCELL_ROW_13_172,VDD,Metal1,85.6800,67.3100,4.999997
TAP_TAPCELL_ROW_13_171,VDD,Metal1,46.4800,67.3100,4.999995
TAP_TAPCELL_ROW_12_170,VDD,Metal1,183.6800,65.9700,4.999997
TAP_TAPCELL_ROW_12_169,VDD,Metal1,144.4800,65.9700,4.999997
TAP_TAPCELL_ROW_12_168,VDD,Metal1,105.2800,65.9700,4.999997
TAP_TAPCELL_ROW_12_167,VDD,Metal1,66.0800,65.9700,4.999995
TAP_TAPCELL_ROW_12_166,VDD,Metal1,26.8800,65.9700,4.999995
TAP_TAPCELL_ROW_11_165,VDD,Metal1,203.2800,59.4700,4.999428
TAP_TAPCELL_ROW_11_164,VDD,Metal1,164.0800,59.4700,4.999597
TAP_TAPCELL_ROW_11_163,VDD,Metal1,124.8800,59.4700,4.999715
TAP_TAPCELL_ROW_11_162,VDD,Metal1,85.6800,59.4700,4.999811
TAP_TAPCELL_ROW_11_161,VDD,Metal1,46.4800,59.4700,4.999812
TAP_TAPCELL_ROW_10_160,VDD,Metal1,183.6800,58.1300,4.999563
TAP_TAPCELL_ROW_10_159,VDD,Metal1,144.4800,58.1300,4.999605
TAP_TAPCELL_ROW_10_158,VDD,Metal1,105.2800,58.1300,4.999811
TAP_TAPCELL_ROW_10_157,VDD,Metal1,66.0800,58.1300,4.999811
TAP_TAPCELL_ROW_10_156,VDD,Metal1,26.8800,58.1300,4.999820
TAP_TAPCELL_ROW_9_155,VDD,Metal1,203.2800,51.6300,4.999999
TAP_TAPCELL_ROW_9_154,VDD,Metal1,164.0800,51.6300,4.999999
TAP_TAPCELL_ROW_9_153,VDD,Metal1,124.8800,51.6300,4.999999
TAP_TAPCELL_ROW_9_152,VDD,Metal1,85.6800,51.6300,4.999998
TAP_TAPCELL_ROW_9_151,VDD,Metal1,46.4800,51.6300,4.999998
TAP_TAPCELL_ROW_8_150,VDD,Metal1,183.6800,50.2900,4.999999
TAP_TAPCELL_ROW_8_149,VDD,Metal1,144.4800,50.2900,4.999999
TAP_TAPCELL_ROW_8_148,VDD,Metal1,105.2800,50.2900,4.999999
TAP_TAPCELL_ROW_8_147,VDD,Metal1,66.0800,50.2900,4.999998
TAP_TAPCELL_ROW_8_146,VDD,Metal1,26.8800,50.2900,4.999997
TAP_TAPCELL_ROW_7_145,VDD,Metal1,203.2800,43.7900,4.999999
TAP_TAPCELL_ROW_7_144,VDD,Metal1,164.0800,43.7900,4.999999
TAP_TAPCELL_ROW_7_143,VDD,Metal1,124.8800,43.7900,4.999999
TAP_TAPCELL_ROW_7_142,VDD,Metal1,85.6800,43.7900,4.999999
TAP_TAPCELL_ROW_7_141,VDD,Metal1,46.4800,43.7900,4.999998
TAP_TAPCELL_ROW_6_140,VDD,Metal1,183.6800,42.4500,4.999999
TAP_TAPCELL_ROW_6_139,VDD,Metal1,144.4800,42.4500,4.999999
TAP_TAPCELL_ROW_6_138,VDD,Metal1,105.2800,42.4500,4.999999
TAP_TAPCELL_ROW_6_137,VDD,Metal1,66.0800,42.4500,4.999999
TAP_TAPCELL_ROW_6_136,VDD,Metal1,26.8800,42.4500,4.999998
TAP_TAPCELL_ROW_5_135,VDD,Metal1,203.2800,35.9500,4.999995
TAP_TAPCELL_ROW_5_134,VDD,Metal1,164.0800,35.9500,4.999994
TAP_TAPCELL_ROW_5_133,VDD,Metal1,124.8800,35.9500,4.999993
TAP_TAPCELL_ROW_5_132,VDD,Metal1,85.6800,35.9500,4.999992
TAP_TAPCELL_ROW_5_131,VDD,Metal1,46.4800,35.9500,4.999992
TAP_TAPCELL_ROW_4_130,VDD,Metal1,183.6800,34.6100,4.999995
TAP_TAPCELL_ROW_4_129,VDD,Metal1,144.4800,34.6100,4.999994
TAP_TAPCELL_ROW_4_128,VDD,Metal1,105.2800,34.6100,4.999992
TAP_TAPCELL_ROW_4_127,VDD,Metal1,66.0800,34.6100,4.999992
TAP_TAPCELL_ROW_4_126,VDD,Metal1,26.8800,34.6100,4.999992
TAP_TAPCELL_ROW_3_125,VDD,Metal1,203.2800,28.1100,4.999422
TAP_TAPCELL_ROW_3_124,VDD,Metal1,164.0800,28.1100,4.999505
TAP_TAPCELL_ROW_3_123,VDD,Metal1,124.8800,28.1100,4.999534
TAP_TAPCELL_ROW_3_122,VDD,Metal1,85.6800,28.1100,4.999552
TAP_TAPCELL_ROW_3_121,VDD,Metal1,46.4800,28.1100,4.999586
TAP_TAPCELL_ROW_2_120,VDD,Metal1,183.6800,26.7700,4.999461
TAP_TAPCELL_ROW_2_119,VDD,Metal1,144.4800,26.7700,4.999517
TAP_TAPCELL_ROW_2_118,VDD,Metal1,105.2800,26.7700,4.999541
TAP_TAPCELL_ROW_2_117,VDD,Metal1,66.0800,26.7700,4.999564
TAP_TAPCELL_ROW_2_116,VDD,Metal1,26.8800,26.7700,4.999609
TAP_TAPCELL_ROW_1_115,VDD,Metal1,203.2800,20.2700,4.998544
TAP_TAPCELL_ROW_1_114,VDD,Metal1,164.0800,20.2700,4.998733
TAP_TAPCELL_ROW_1_113,VDD,Metal1,124.8800,20.2700,4.998712
TAP_TAPCELL_ROW_1_112,VDD,Metal1,85.6800,20.2700,4.998784
TAP_TAPCELL_ROW_1_111,VDD,Metal1,46.4800,20.2700,4.999022
TAP_TAPCELL_ROW_0_110,VDD,Metal1,216.7200,18.9300,4.998486
TAP_TAPCELL_ROW_0_109,VDD,Metal1,197.6800,18.9300,4.998555
TAP_TAPCELL_ROW_0_108,VDD,Metal1,178.6400,18.9300,4.998740
TAP_TAPCELL_ROW_0_107,VDD,Metal1,159.6000,18.9300,4.998710
TAP_TAPCELL_ROW_0_106,VDD,Metal1,140.5600,18.9300,4.998710
TAP_TAPCELL_ROW_0_105,VDD,Metal1,121.5200,18.9300,4.998714
TAP_TAPCELL_ROW_0_104,VDD,Metal1,102.4800,18.9300,4.998753
TAP_TAPCELL_ROW_0_103,VDD,Metal1,83.4400,18.9300,4.998878
TAP_TAPCELL_ROW_0_102,VDD,Metal1,64.4000,18.9300,4.998974
TAP_TAPCELL_ROW_0_101,VDD,Metal1,45.3600,18.9300,4.999044
TAP_TAPCELL_ROW_0_100,VDD,Metal1,26.3200,18.9300,4.999090
PHY_EDGE_ROW_49_Left_99,VDD,Metal1,7.2730,208.4315,5.000000
PHY_EDGE_ROW_48_Left_98,VDD,Metal1,7.2730,207.0880,5.000000
PHY_EDGE_ROW_47_Left_97,VDD,Metal1,7.2730,200.5915,5.000000
PHY_EDGE_ROW_46_Left_96,VDD,Metal1,7.2730,199.2480,5.000000
PHY_EDGE_ROW_45_Left_95,VDD,Metal1,7.2730,192.7515,5.000000
PHY_EDGE_ROW_44_Left_94,VDD,Metal1,7.2730,191.4080,5.000000
PHY_EDGE_ROW_43_Left_93,VDD,Metal1,7.2730,184.9115,5.000000
PHY_EDGE_ROW_42_Left_92,VDD,Metal1,7.2730,183.5680,5.000000
PHY_EDGE_ROW_41_Left_91,VDD,Metal1,7.2730,177.0715,5.000000
PHY_EDGE_ROW_40_Left_90,VDD,Metal1,7.2730,175.7280,5.000000
PHY_EDGE_ROW_39_Left_89,VDD,Metal1,7.2730,169.2315,5.000000
PHY_EDGE_ROW_38_Left_88,VDD,Metal1,7.2730,167.8880,5.000000
PHY_EDGE_ROW_37_Left_87,VDD,Metal1,7.2730,161.3915,5.000000
PHY_EDGE_ROW_36_Left_86,VDD,Metal1,7.2730,160.0480,5.000000
PHY_EDGE_ROW_35_Left_85,VDD,Metal1,7.2730,153.5515,5.000000
PHY_EDGE_ROW_34_Left_84,VDD,Metal1,7.2730,152.2080,5.000000
PHY_EDGE_ROW_33_Left_83,VDD,Metal1,7.2730,145.7115,5.000000
PHY_EDGE_ROW_32_Left_82,VDD,Metal1,7.2730,144.3680,5.000000
PHY_EDGE_ROW_31_Left_81,VDD,Metal1,7.2730,137.8715,5.000000
PHY_EDGE_ROW_30_Left_80,VDD,Metal1,7.2730,136.5280,5.000000
PHY_EDGE_ROW_29_Left_79,VDD,Metal1,7.2730,130.0315,5.000000
PHY_EDGE_ROW_28_Left_78,VDD,Metal1,7.2730,128.6880,5.000000
PHY_EDGE_ROW_27_Left_77,VDD,Metal1,7.2730,122.1915,5.000000
PHY_EDGE_ROW_26_Left_76,VDD,Metal1,7.2730,120.8480,5.000000
PHY_EDGE_ROW_25_Left_75,VDD,Metal1,7.2730,114.3515,5.000000
PHY_EDGE_ROW_24_Left_74,VDD,Metal1,7.2730,113.0080,5.000000
PHY_EDGE_ROW_23_Left_73,VDD,Metal1,7.2730,106.5115,5.000000
PHY_EDGE_ROW_22_Left_72,VDD,Metal1,7.2730,105.1680,5.000000
PHY_EDGE_ROW_21_Left_71,VDD,Metal1,7.2730,98.6715,5.000000
PHY_EDGE_ROW_20_Left_70,VDD,Metal1,7.2730,97.3280,5.000000
PHY_EDGE_ROW_19_Left_69,VDD,Metal1,7.2730,90.8315,5.000000
PHY_EDGE_ROW_18_Left_68,VDD,Metal1,7.2730,89.4880,5.000000
PHY_EDGE_ROW_17_Left_67,VDD,Metal1,7.2730,82.9915,4.999988
PHY_EDGE_ROW_16_Left_66,VDD,Metal1,7.2730,81.6480,4.999988
PHY_EDGE_ROW_15_Left_65,VDD,Metal1,7.2730,75.1515,5.000000
PHY_EDGE_ROW_14_Left_64,VDD,Metal1,7.2730,73.8080,5.000000
PHY_EDGE_ROW_13_Left_63,VDD,Metal1,7.2730,67.3115,4.999995
PHY_EDGE_ROW_12_Left_62,VDD,Metal1,7.2730,65.9680,4.999995
PHY_EDGE_ROW_11_Left_61,VDD,Metal1,7.2730,59.4715,4.999824
PHY_EDGE_ROW_10_Left_60,VDD,Metal1,7.2730,58.1280,4.999824
PHY_EDGE_ROW_9_Left_59,VDD,Metal1,7.2730,51.6315,4.999998
PHY_EDGE_ROW_8_Left_58,VDD,Metal1,7.2730,50.2880,4.999998
PHY_EDGE_ROW_7_Left_57,VDD,Metal1,7.2730,43.7915,4.999999
PHY_EDGE_ROW_6_Left_56,VDD,Metal1,7.2730,42.4480,4.999999
PHY_EDGE_ROW_5_Left_55,VDD,Metal1,7.2730,35.9515,4.999992
PHY_EDGE_ROW_4_Left_54,VDD,Metal1,7.2730,34.6080,4.999992
PHY_EDGE_ROW_3_Left_53,VDD,Metal1,7.2730,28.1115,4.999718
PHY_EDGE_ROW_2_Left_52,VDD,Metal1,7.2730,26.7680,4.999718
PHY_EDGE_ROW_1_Left_51,VDD,Metal1,7.2730,20.2715,4.999109
PHY_EDGE_ROW_0_Left_50,VDD,Metal1,7.2730,18.9280,4.999109
PHY_EDGE_ROW_49_Right_49,VDD,Metal1,222.3265,208.4315,5.000000
PHY_EDGE_ROW_48_Right_48,VDD,Metal1,222.3265,207.0880,5.000000
PHY_EDGE_ROW_47_Right_47,VDD,Metal1,222.3265,200.5915,5.000000
PHY_EDGE_ROW_46_Right_46,VDD,Metal1,222.3265,199.2480,5.000000
PHY_EDGE_ROW_45_Right_45,VDD,Metal1,222.3265,192.7515,5.000000
PHY_EDGE_ROW_44_Right_44,VDD,Metal1,222.3265,191.4080,5.000000
PHY_EDGE_ROW_43_Right_43,VDD,Metal1,222.3265,184.9115,5.000000
PHY_EDGE_ROW_42_Right_42,VDD,Metal1,222.3265,183.5680,5.000000
PHY_EDGE_ROW_41_Right_41,VDD,Metal1,222.3265,177.0715,5.000000
PHY_EDGE_ROW_40_Right_40,VDD,Metal1,222.3265,175.7280,5.000000
PHY_EDGE_ROW_39_Right_39,VDD,Metal1,222.3265,169.2315,5.000000
PHY_EDGE_ROW_38_Right_38,VDD,Metal1,222.3265,167.8880,5.000000
PHY_EDGE_ROW_37_Right_37,VDD,Metal1,222.3265,161.3915,5.000000
PHY_EDGE_ROW_36_Right_36,VDD,Metal1,222.3265,160.0480,5.000000
PHY_EDGE_ROW_35_Right_35,VDD,Metal1,222.3265,153.5515,5.000000
PHY_EDGE_ROW_34_Right_34,VDD,Metal1,222.3265,152.2080,5.000000
PHY_EDGE_ROW_33_Right_33,VDD,Metal1,222.3265,145.7115,5.000000
PHY_EDGE_ROW_32_Right_32,VDD,Metal1,222.3265,144.3680,5.000000
PHY_EDGE_ROW_31_Right_31,VDD,Metal1,222.3265,137.8715,5.000000
PHY_EDGE_ROW_30_Right_30,VDD,Metal1,222.3265,136.5280,5.000000
PHY_EDGE_ROW_29_Right_29,VDD,Metal1,222.3265,130.0315,5.000000
PHY_EDGE_ROW_28_Right_28,VDD,Metal1,222.3265,128.6880,5.000000
PHY_EDGE_ROW_27_Right_27,VDD,Metal1,222.3265,122.1915,5.000000
PHY_EDGE_ROW_26_Right_26,VDD,Metal1,222.3265,120.8480,5.000000
PHY_EDGE_ROW_25_Right_25,VDD,Metal1,222.3265,114.3515,5.000000
PHY_EDGE_ROW_24_Right_24,VDD,Metal1,222.3265,113.0080,5.000000
PHY_EDGE_ROW_23_Right_23,VDD,Metal1,222.3265,106.5115,5.000000
PHY_EDGE_ROW_22_Right_22,VDD,Metal1,222.3265,105.1680,5.000000
PHY_EDGE_ROW_21_Right_21,VDD,Metal1,222.3265,98.6715,5.000000
PHY_EDGE_ROW_20_Right_20,VDD,Metal1,222.3265,97.3280,5.000000
PHY_EDGE_ROW_19_Right_19,VDD,Metal1,222.3265,90.8315,5.000000
PHY_EDGE_ROW_18_Right_18,VDD,Metal1,222.3265,89.4880,5.000000
PHY_EDGE_ROW_17_Right_17,VDD,Metal1,222.3265,82.9915,4.999995
PHY_EDGE_ROW_16_Right_16,VDD,Metal1,222.3265,81.6480,4.999995
PHY_EDGE_ROW_15_Right_15,VDD,Metal1,222.3265,75.1515,5.000000
PHY_EDGE_ROW_14_Right_14,VDD,Metal1,222.3265,73.8080,5.000000
PHY_EDGE_ROW_13_Right_13,VDD,Metal1,222.3265,67.3115,4.999997
PHY_EDGE_ROW_12_Right_12,VDD,Metal1,222.3265,65.9680,4.999997
PHY_EDGE_ROW_11_Right_11,VDD,Metal1,222.3265,59.4715,4.999428
PHY_EDGE_ROW_10_Right_10,VDD,Metal1,222.3265,58.1280,4.999428
PHY_EDGE_ROW_9_Right_9,VDD,Metal1,222.3265,51.6315,4.999999
PHY_EDGE_ROW_8_Right_8,VDD,Metal1,222.3265,50.2880,4.999999
PHY_EDGE_ROW_7_Right_7,VDD,Metal1,222.3265,43.7915,4.999999
PHY_EDGE_ROW_6_Right_6,VDD,Metal1,222.3265,42.4480,4.999999
PHY_EDGE_ROW_5_Right_5,VDD,Metal1,222.3265,35.9515,4.999995
PHY_EDGE_ROW_4_Right_4,VDD,Metal1,222.3265,34.6080,4.999995
PHY_EDGE_ROW_3_Right_3,VDD,Metal1,222.3265,28.1115,4.999422
PHY_EDGE_ROW_2_Right_2,VDD,Metal1,222.3265,26.7680,4.999422
PHY_EDGE_ROW_1_Right_1,VDD,Metal1,222.3265,20.2715,4.998486
PHY_EDGE_ROW_0_Right_0,VDD,Metal1,222.3265,18.9280,4.998486
_2289_,VDD,Metal1,134.3760,207.2075,5.000000
_2288_,VDD,Metal1,134.9360,199.3675,5.000000
_2287_,VDD,Metal1,134.9360,191.5275,5.000000
_2286_,VDD,Metal1,131.5760,183.6875,5.000000
_2285_,VDD,Metal1,131.5760,175.8475,5.000000
_2284_,VDD,Metal1,138.2960,169.1125,5.000000
_2283_,VDD,Metal1,138.8560,161.2725,5.000000
_2282_,VDD,Metal1,135.4960,145.5925,5.000000
_2281_,VDD,Metal1,134.9360,152.3275,5.000000
_2280_,VDD,Metal1,148.9360,129.9125,5.000000
_2279_,VDD,Metal1,149.4960,122.0725,5.000000
_2278_,VDD,Metal1,143.3360,114.2325,5.000000
_2277_,VDD,Metal1,142.2160,106.3925,5.000000
_2276_,VDD,Metal1,139.9760,82.8725,4.999993
_2275_,VDD,Metal1,141.0960,98.5525,5.000000
_2274_,VDD,Metal1,140.5360,75.0325,5.000000
_2273_,VDD,Metal1,134.9360,81.7675,4.999993
_2272_,VDD,Metal1,150.0560,59.3525,4.999605
_2271_,VDD,Metal1,154.0235,58.2475,4.999605
_2270_,VDD,Metal1,151.1760,43.6725,4.999999
_2269_,VDD,Metal1,148.3760,35.8325,4.999994
_2268_,VDD,Metal1,150.0560,27.9925,4.999517
_2267_,VDD,Metal1,155.0960,26.8875,4.999517
_2266_,VDD,Metal1,174.1360,26.8875,4.999495
_2265_,VDD,Metal1,174.6960,35.8325,4.999995
_2264_,VDD,Metal1,107.4960,200.4725,5.000000
_2263_,VDD,Metal1,91.8160,207.2075,5.000000
_2262_,VDD,Metal1,96.2960,192.6325,5.000000
_2261_,VDD,Metal1,95.2235,184.7925,5.000000
_2260_,VDD,Metal1,96.2960,176.9525,5.000000
_2259_,VDD,Metal1,99.0960,169.1125,5.000000
_2258_,VDD,Metal1,100.2160,161.2725,5.000000
_2257_,VDD,Metal1,96.2960,153.4325,5.000000
_2256_,VDD,Metal1,103.5760,145.5925,5.000000
_2255_,VDD,Metal1,104.6960,137.7525,5.000000
_2254_,VDD,Metal1,101.3360,129.9125,5.000000
_2253_,VDD,Metal1,100.7760,114.2325,5.000000
_2252_,VDD,Metal1,103.5760,106.3925,5.000000
_2251_,VDD,Metal1,91.2560,97.4475,5.000000
_2250_,VDD,Metal1,96.2960,90.7125,5.000000
_2249_,VDD,Metal1,101.3360,82.8725,4.999992
_2248_,VDD,Metal1,104.6960,75.0325,5.000000
_2247_,VDD,Metal1,95.7360,66.0875,4.999997
_2246_,VDD,Metal1,105.2560,59.3525,4.999811
_2245_,VDD,Metal1,111.9760,51.5125,4.999999
_2244_,VDD,Metal1,115.8960,50.4075,4.999999
_2243_,VDD,Metal1,115.8960,42.5675,4.999999
_2242_,VDD,Metal1,115.3360,27.9925,4.999534
_2241_,VDD,Metal1,125.4160,34.7275,4.999993
_2240_,VDD,Metal1,130.4560,26.8875,4.999534
_2239_,VDD,Metal1,174.1360,207.2075,5.000000
_2238_,VDD,Metal1,181.4635,200.4725,5.000000
_2237_,VDD,Metal1,182.5360,192.6325,5.000000
_2236_,VDD,Metal1,174.1360,183.6875,5.000000
_2235_,VDD,Metal1,173.5760,175.8475,5.000000
_2234_,VDD,Metal1,184.7760,169.1125,5.000000
_2233_,VDD,Metal1,182.5360,161.2725,5.000000
_2232_,VDD,Metal1,183.6560,137.7525,5.000000
_2231_,VDD,Metal1,182.5360,153.4325,5.000000
_2230_,VDD,Metal1,193.7360,129.9125,5.000000
_2229_,VDD,Metal1,193.7360,122.0725,5.000000
_2228_,VDD,Metal1,191.4960,114.2325,5.000000
_2227_,VDD,Metal1,188.6960,98.5525,5.000000
_2226_,VDD,Metal1,190.3760,90.7125,5.000000
_2225_,VDD,Metal1,195.4160,89.6075,5.000000
_2224_,VDD,Metal1,194.2960,73.9275,5.000000
_2223_,VDD,Metal1,189.8160,75.0325,5.000000
_2222_,VDD,Metal1,193.7360,67.1925,4.999997
_2221_,VDD,Metal1,193.7360,59.3525,4.999539
_2220_,VDD,Metal1,193.7360,43.6725,4.999999
_2219_,VDD,Metal1,193.7360,35.8325,4.999995
_2218_,VDD,Metal1,173.6235,51.5125,4.999999
_2217_,VDD,Metal1,174.1360,58.2475,4.999590
_2216_,VDD,Metal1,173.0635,73.9275,5.000000
_2215_,VDD,Metal1,134.9360,42.5675,4.999999
_2214_,VDD,Metal1,155.0960,199.3675,5.000000
_2213_,VDD,Metal1,155.0960,207.2075,5.000000
_2212_,VDD,Metal1,140.5835,200.4725,5.000000
_2211_,VDD,Metal1,140.0235,192.6325,5.000000
_2210_,VDD,Metal1,139.9760,184.7925,5.000000
_2209_,VDD,Metal1,143.8960,176.9525,5.000000
_2208_,VDD,Metal1,134.9360,160.1675,5.000000
_2207_,VDD,Metal1,148.9360,137.7525,5.000000
_2206_,VDD,Metal1,146.6960,153.4325,5.000000
_2205_,VDD,Metal1,156.7760,136.6475,5.000000
_2204_,VDD,Metal1,157.3360,128.8075,5.000000
_2203_,VDD,Metal1,155.0960,120.9675,5.000000
_2202_,VDD,Metal1,154.0235,113.1275,5.000000
_2201_,VDD,Metal1,155.0960,89.6075,5.000000
_2200_,VDD,Metal1,143.9435,90.7125,5.000000
_2199_,VDD,Metal1,155.0960,81.7675,4.999993
_2198_,VDD,Metal1,150.1035,67.1925,4.999997
_2197_,VDD,Metal1,156.8235,66.0875,4.999997
_2196_,VDD,Metal1,153.4635,51.5125,4.999999
_2195_,VDD,Metal1,160.7435,50.4075,4.999999
_2194_,VDD,Metal1,162.3760,42.5675,4.999999
_2193_,VDD,Metal1,155.6560,34.7275,4.999994
_2192_,VDD,Metal1,173.6235,27.9925,4.999494
_2191_,VDD,Metal1,174.6960,43.6725,4.999999
_2190_,VDD,Metal1,193.7360,27.9925,4.999430
_2189_,VDD,Metal1,174.1360,160.1675,5.000000
_2188_,VDD,Metal1,155.0960,183.6875,5.000000
_2187_,VDD,Metal1,155.0960,191.5275,5.000000
_2186_,VDD,Metal1,174.1360,168.0075,5.000000
_2185_,VDD,Metal1,212.7760,199.3675,5.000000
_2184_,VDD,Metal1,174.1360,191.5275,5.000000
_2183_,VDD,Metal1,212.7760,175.8475,5.000000
_2182_,VDD,Metal1,212.7760,168.0075,5.000000
_2181_,VDD,Metal1,212.7760,144.4875,5.000000
_2180_,VDD,Metal1,212.7760,136.6475,5.000000
_2179_,VDD,Metal1,212.7760,105.2875,5.000000
_2178_,VDD,Metal1,193.7360,106.3925,5.000000
_2177_,VDD,Metal1,194.2960,207.2075,5.000000
_2176_,VDD,Metal1,174.1360,199.3675,5.000000
_2175_,VDD,Metal1,194.2960,191.5275,5.000000
_2174_,VDD,Metal1,185.3360,184.7925,5.000000
_2173_,VDD,Metal1,180.8560,176.9525,5.000000
_2172_,VDD,Metal1,208.8560,183.6875,5.000000
_2171_,VDD,Metal1,194.2960,160.1675,5.000000
_2170_,VDD,Metal1,189.2560,145.5925,5.000000
_2169_,VDD,Metal1,194.2960,152.3275,5.000000
_2168_,VDD,Metal1,200.4560,128.8075,5.000000
_2167_,VDD,Metal1,202.1360,120.9675,5.000000
_2166_,VDD,Metal1,194.8560,113.1275,5.000000
_2165_,VDD,Metal1,194.2960,97.4475,5.000000
_2164_,VDD,Metal1,203.8160,81.7675,4.999995
_2163_,VDD,Metal1,212.7760,50.4075,4.999999
_2162_,VDD,Metal1,203.8160,66.0875,4.999997
_2161_,VDD,Metal1,193.7360,82.8725,4.999995
_2160_,VDD,Metal1,211.0960,42.5675,4.999999
_2159_,VDD,Metal1,193.7360,51.5125,4.999999
_2158_,VDD,Metal1,174.6960,59.3525,4.999590
_2157_,VDD,Metal1,204.3760,34.7275,4.999995
_2156_,VDD,Metal1,174.6960,67.1925,4.999997
_2155_,VDD,Metal1,174.1360,81.7675,4.999995
_2154_,VDD,Metal1,174.6960,82.8725,4.999995
_2153_,VDD,Metal1,174.1360,89.6075,5.000000
_2152_,VDD,Metal1,81.2000,26.8110,4.999552
_2151_,VDD,Metal1,35.8430,43.7230,4.999998
_2150_,VDD,Metal1,35.8430,35.8830,4.999992
_2149_,VDD,Metal1,35.8430,28.0430,4.999598
_2148_,VDD,Metal1,17.9165,20.2030,4.999109
_2147_,VDD,Metal1,17.9165,28.0430,4.999718
_2146_,VDD,Metal1,17.9165,35.8830,4.999992
_2145_,VDD,Metal1,17.9165,43.7230,4.999999
_2144_,VDD,Metal1,36.9565,200.5230,5.000000
_2143_,VDD,Metal1,17.9165,200.5230,5.000000
_2142_,VDD,Metal1,19.5965,192.6830,5.000000
_2141_,VDD,Metal1,17.9165,184.8430,5.000000
_2140_,VDD,Metal1,17.9165,169.1630,5.000000
_2139_,VDD,Metal1,17.9165,161.3230,5.000000
_2138_,VDD,Metal1,17.9165,153.4830,5.000000
_2137_,VDD,Metal1,17.9165,145.6430,5.000000
_2136_,VDD,Metal1,17.9165,137.8030,5.000000
_2135_,VDD,Metal1,21.8365,106.4430,5.000000
_2134_,VDD,Metal1,17.9165,129.9630,5.000000
_2133_,VDD,Metal1,27.9965,114.2830,5.000000
_2132_,VDD,Metal1,18.4765,122.1230,5.000000
_2131_,VDD,Metal1,17.9165,98.6030,5.000000
_2130_,VDD,Metal1,17.9165,90.7630,5.000000
_2129_,VDD,Metal1,17.9165,75.0830,5.000000
_2128_,VDD,Metal1,19.0365,67.2430,4.999995
_2127_,VDD,Metal1,17.9165,59.4030,4.999824
_2126_,VDD,Metal1,17.9165,51.5630,4.999998
_2125_,VDD,Metal1,37.5165,50.3565,4.999997
_2124_,VDD,Metal1,39.1965,42.5165,4.999998
_2123_,VDD,Metal1,37.5165,34.6765,4.999992
_2122_,VDD,Metal1,37.5165,26.8365,4.999597
_2121_,VDD,Metal1,56.5565,26.8365,4.999576
_2120_,VDD,Metal1,35.8430,20.2030,4.999064
_2119_,VDD,Metal1,52.6365,207.1565,5.000000
_2118_,VDD,Metal1,55.4365,199.3165,5.000000
_2117_,VDD,Metal1,57.1165,192.6830,5.000000
_2116_,VDD,Metal1,50.9565,183.6365,5.000000
_2115_,VDD,Metal1,52.0765,175.7965,5.000000
_2114_,VDD,Metal1,49.2765,160.1165,5.000000
_2113_,VDD,Metal1,49.2765,152.2765,5.000000
_2112_,VDD,Metal1,57.1165,137.8030,5.000000
_2111_,VDD,Metal1,57.1165,145.6430,5.000000
_2110_,VDD,Metal1,52.6365,128.7565,5.000000
_2109_,VDD,Metal1,54.8765,136.5965,5.000000
_2108_,VDD,Metal1,61.5965,122.1230,5.000000
_2107_,VDD,Metal1,57.1165,106.4430,5.000000
_2106_,VDD,Metal1,51.5165,97.3965,5.000000
_2105_,VDD,Metal1,53.1965,89.5565,5.000000
_2104_,VDD,Metal1,50.3965,73.8765,5.000000
_2103_,VDD,Metal1,50.9565,66.0365,4.999995
_2102_,VDD,Metal1,66.0765,67.2430,4.999995
_2101_,VDD,Metal1,67.1965,59.4030,4.999811
_2100_,VDD,Metal1,64.9565,51.5630,4.999998
_2099_,VDD,Metal1,69.4365,43.7230,4.999999
_2098_,VDD,Metal1,73.3565,35.8830,4.999992
_2097_,VDD,Metal1,76.7165,34.6765,4.999992
_2096_,VDD,Metal1,76.1565,20.2030,4.998878
_2095_,VDD,Metal1,56.0030,20.2030,4.998974
_2094_,VDD,Metal1,76.1565,200.5230,5.000000
_2093_,VDD,Metal1,90.7165,199.3165,5.000000
_2092_,VDD,Metal1,95.7565,191.4765,5.000000
_2091_,VDD,Metal1,76.1565,177.0030,5.000000
_2090_,VDD,Metal1,76.1565,169.1630,5.000000
_2089_,VDD,Metal1,88.4765,183.6365,5.000000
_2088_,VDD,Metal1,90.7165,175.7965,5.000000
_2087_,VDD,Metal1,90.1565,160.1165,5.000000
_2086_,VDD,Metal1,87.9165,152.2765,5.000000
_2085_,VDD,Metal1,95.7565,136.5965,5.000000
_2084_,VDD,Metal1,99.6765,122.1230,5.000000
_2083_,VDD,Metal1,95.7565,120.9165,5.000000
_2082_,VDD,Metal1,95.7565,113.0765,5.000000
_2081_,VDD,Metal1,90.1565,105.2365,5.000000
_2080_,VDD,Metal1,89.0365,89.5565,5.000000
_2079_,VDD,Metal1,89.0365,73.8765,5.000000
_2078_,VDD,Metal1,76.1565,75.0830,5.000000
_2077_,VDD,Metal1,104.1565,67.2430,4.999997
_2076_,VDD,Metal1,95.7565,50.3565,4.999998
_2075_,VDD,Metal1,95.7565,42.5165,4.999999
_2074_,VDD,Metal1,100.7965,43.7230,4.999999
_2073_,VDD,Metal1,109.1965,35.8830,4.999992
_2072_,VDD,Metal1,95.2030,28.0430,4.999552
_2071_,VDD,Metal1,95.7565,34.6765,4.999992
_2070_,VDD,Metal1,76.1565,28.0430,4.999553
_2069_,VDD,Metal1,187.8400,27.0825,4.999430
_2068_,VDD,Metal1,60.2400,19.2425,4.998974
_2067_,VDD,Metal1,49.5200,19.2425,4.998974
_2066_,VDD,Metal1,12.5600,58.4425,4.999824
_2065_,VDD,Metal1,136.4000,19.2425,4.998710
_2064_,VDD,Metal1,11.7750,42.5800,4.999999
_2063_,VDD,Metal1,106.6400,19.2425,4.998753
_2062_,VDD,Metal1,18.4950,50.4200,4.999998
_2061_,VDD,Metal1,123.1000,208.1825,5.000000
_2060_,VDD,Metal1,121.3225,200.3425,5.000000
_2059_,VDD,Metal1,108.7800,207.3775,5.000000
_2058_,VDD,Metal1,118.1450,207.2200,5.000000
_2057_,VDD,Metal1,117.2800,208.1175,5.000000
_2056_,VDD,Metal1,88.5965,200.3530,5.000000
_2055_,VDD,Metal1,103.1800,199.5375,5.000000
_2054_,VDD,Metal1,108.1500,199.5475,5.000000
_2053_,VDD,Metal1,115.7225,192.5025,5.000000
_2052_,VDD,Metal1,116.3630,199.4865,5.000000
_2051_,VDD,Metal1,111.6700,207.3375,5.000000
_2050_,VDD,Metal1,126.4600,200.3425,5.000000
_2049_,VDD,Metal1,120.2600,199.5375,5.000000
_2048_,VDD,Metal1,120.5975,192.5025,5.000000
_2047_,VDD,Metal1,93.8400,200.2775,5.000000
_2046_,VDD,Metal1,108.4000,192.4375,5.000000
_2045_,VDD,Metal1,121.2800,191.7225,5.000000
_2044_,VDD,Metal1,115.8030,191.6465,5.000000
_2043_,VDD,Metal1,119.7230,184.6730,5.000000
_2042_,VDD,Metal1,123.5800,184.6750,5.000000
_2041_,VDD,Metal1,111.1500,184.8030,5.000000
_2040_,VDD,Metal1,107.5030,175.9365,5.000000
_2039_,VDD,Metal1,118.3000,176.0175,5.000000
_2038_,VDD,Metal1,110.0660,176.7900,5.000000
_2037_,VDD,Metal1,126.4600,192.5025,5.000000
_2036_,VDD,Metal1,111.3400,191.6575,5.000000
_2035_,VDD,Metal1,112.8300,199.3565,5.000000
_2034_,VDD,Metal1,106.8600,191.6575,5.000000
_2033_,VDD,Metal1,113.4730,183.7455,5.000000
_2032_,VDD,Metal1,107.8475,184.6625,5.000000
_2031_,VDD,Metal1,103.3100,167.9965,5.000000
_2030_,VDD,Metal1,115.4765,176.8330,5.000000
_2029_,VDD,Metal1,120.7200,176.7575,5.000000
_2028_,VDD,Metal1,115.7800,168.1775,5.000000
_2027_,VDD,Metal1,120.5165,144.6065,5.000000
_2026_,VDD,Metal1,118.0400,153.3175,5.000000
_2025_,VDD,Metal1,114.6830,168.9930,5.000000
_2024_,VDD,Metal1,113.1600,160.9850,5.000000
_2023_,VDD,Metal1,113.9825,160.4250,5.000000
_2022_,VDD,Metal1,123.3000,168.9825,5.000000
_2021_,VDD,Metal1,111.9000,175.9775,5.000000
_2020_,VDD,Metal1,110.4365,168.9930,5.000000
_2019_,VDD,Metal1,115.6300,184.8030,5.000000
_2018_,VDD,Metal1,102.8075,175.9775,5.000000
_2017_,VDD,Metal1,98.8300,167.9965,5.000000
_2016_,VDD,Metal1,128.7850,168.0200,5.000000
_2015_,VDD,Metal1,109.5200,168.2025,5.000000
_2014_,VDD,Metal1,134.8430,168.1265,5.000000
_2013_,VDD,Metal1,120.7200,161.0775,5.000000
_2012_,VDD,Metal1,121.8400,168.2025,5.000000
_2011_,VDD,Metal1,126.8300,161.2830,5.000000
_2010_,VDD,Metal1,135.1000,153.2625,5.000000
_2009_,VDD,Metal1,108.7465,160.1565,5.000000
_2008_,VDD,Metal1,122.1730,160.2725,5.000000
_2007_,VDD,Metal1,120.7200,152.5225,5.000000
_2006_,VDD,Metal1,115.8030,145.4730,5.000000
_2005_,VDD,Metal1,108.4000,153.2375,5.000000
_2004_,VDD,Metal1,102.3800,152.4575,5.000000
_2003_,VDD,Metal1,103.3100,160.1565,5.000000
_2002_,VDD,Metal1,129.0400,153.2375,5.000000
_2001_,VDD,Metal1,119.5700,145.6030,5.000000
_2000_,VDD,Metal1,129.2430,106.2730,5.000000
_1999_,VDD,Metal1,119.9100,137.5725,5.000000
_1998_,VDD,Metal1,131.9625,121.0975,5.000000
_1997_,VDD,Metal1,120.1460,129.7500,5.000000
_1996_,VDD,Metal1,129.8200,121.9425,5.000000
_1995_,VDD,Metal1,126.4430,105.4065,5.000000
_1994_,VDD,Metal1,117.9025,105.5450,5.000000
_1993_,VDD,Metal1,124.6100,136.6365,5.000000
_1992_,VDD,Metal1,128.8930,137.6475,5.000000
_1991_,VDD,Metal1,126.8500,144.4765,5.000000
_1990_,VDD,Metal1,125.0200,97.6175,5.000000
_1989_,VDD,Metal1,121.2660,106.2300,5.000000
_1988_,VDD,Metal1,119.0260,136.8100,5.000000
_1987_,VDD,Metal1,134.8600,121.0975,5.000000
_1986_,VDD,Metal1,129.1060,129.7500,5.000000
_1985_,VDD,Metal1,114.1100,129.7105,5.000000
_1984_,VDD,Metal1,114.0000,152.5225,5.000000
_1983_,VDD,Metal1,141.0200,136.7775,5.000000
_1982_,VDD,Metal1,136.2200,137.5825,5.000000
_1981_,VDD,Metal1,136.1200,136.9350,5.000000
_1980_,VDD,Metal1,135.2300,144.4765,5.000000
_1979_,VDD,Metal1,113.7730,128.9125,5.000000
_1978_,VDD,Metal1,115.0700,137.7630,5.000000
_1977_,VDD,Metal1,112.8500,144.4765,5.000000
_1976_,VDD,Metal1,140.3200,129.0025,5.000000
_1975_,VDD,Metal1,133.7230,129.7930,5.000000
_1974_,VDD,Metal1,128.7065,128.9125,5.000000
_1973_,VDD,Metal1,109.4700,136.6365,5.000000
_1972_,VDD,Metal1,132.3400,136.7650,5.000000
_1971_,VDD,Metal1,112.2700,136.6365,5.000000
_1970_,VDD,Metal1,134.5165,121.9530,5.000000
_1969_,VDD,Metal1,127.3900,122.0830,5.000000
_1968_,VDD,Metal1,123.2930,128.9125,5.000000
_1967_,VDD,Metal1,112.3930,114.1615,5.000000
_1966_,VDD,Metal1,129.5000,114.0625,5.000000
_1965_,VDD,Metal1,119.0260,128.9700,5.000000
_1964_,VDD,Metal1,118.5900,121.8705,5.000000
_1963_,VDD,Metal1,114.0330,121.0255,5.000000
_1962_,VDD,Metal1,117.8900,114.2430,5.000000
_1961_,VDD,Metal1,120.9430,114.1430,5.000000
_1960_,VDD,Metal1,110.5900,122.0830,5.000000
_1959_,VDD,Metal1,109.4700,128.7965,5.000000
_1958_,VDD,Metal1,129.7130,113.1855,5.000000
_1957_,VDD,Metal1,113.9500,113.1165,5.000000
_1956_,VDD,Metal1,119.0100,113.1165,5.000000
_1955_,VDD,Metal1,130.3400,105.4575,5.000000
_1954_,VDD,Metal1,127.5630,98.4330,5.000000
_1953_,VDD,Metal1,109.5060,98.3900,5.000000
_1952_,VDD,Metal1,108.5100,105.4890,5.000000
_1951_,VDD,Metal1,118.2530,98.4475,5.000000
_1950_,VDD,Metal1,114.5100,105.2765,5.000000
_1949_,VDD,Metal1,99.5130,98.4815,5.000000
_1948_,VDD,Metal1,111.7930,97.5055,5.000000
_1947_,VDD,Metal1,110.9965,90.5930,5.000000
_1946_,VDD,Metal1,104.9900,98.5630,5.000000
_1945_,VDD,Metal1,100.5100,105.2765,5.000000
_1944_,VDD,Metal1,116.2400,90.5175,5.000000
_1943_,VDD,Metal1,107.2300,90.7230,5.000000
_1942_,VDD,Metal1,102.1900,97.4365,5.000000
_1941_,VDD,Metal1,101.0700,89.5965,5.000000
_1940_,VDD,Metal1,133.1630,97.5665,5.000000
_1939_,VDD,Metal1,119.0225,89.8650,5.000000
_1938_,VDD,Metal1,120.6700,97.4365,5.000000
_1937_,VDD,Metal1,121.6130,90.6075,5.000000
_1936_,VDD,Metal1,112.9530,82.8015,4.999992
_1935_,VDD,Metal1,129.5000,97.6175,5.000000
_1934_,VDD,Metal1,129.6875,90.5825,5.000000
_1933_,VDD,Metal1,124.4200,89.7375,5.000000
_1932_,VDD,Metal1,129.6800,89.8025,5.000000
_1931_,VDD,Metal1,120.2600,82.7025,4.999992
_1930_,VDD,Metal1,108.9600,81.9625,4.999992
_1929_,VDD,Metal1,111.1500,89.5965,5.000000
_1928_,VDD,Metal1,131.2800,74.1225,5.000000
_1927_,VDD,Metal1,117.3600,81.9625,4.999992
_1926_,VDD,Metal1,117.3100,82.8830,4.999992
_1925_,VDD,Metal1,117.5000,74.9025,5.000000
_1924_,VDD,Metal1,126.8500,82.8830,4.999993
_1923_,VDD,Metal1,128.9400,74.8625,5.000000
_1922_,VDD,Metal1,127.9400,66.2025,4.999997
_1921_,VDD,Metal1,120.4400,66.9050,4.999997
_1920_,VDD,Metal1,114.7830,67.1030,4.999997
_1919_,VDD,Metal1,114.6025,66.2175,4.999997
_1918_,VDD,Metal1,122.9100,75.0430,5.000000
_1917_,VDD,Metal1,135.4200,74.0575,5.000000
_1916_,VDD,Metal1,125.1860,74.0900,5.000000
_1915_,VDD,Metal1,121.3900,66.2890,4.999997
_1914_,VDD,Metal1,134.1930,67.1340,4.999997
_1913_,VDD,Metal1,116.1900,73.9165,5.000000
_1912_,VDD,Metal1,121.2300,73.9165,5.000000
_1911_,VDD,Metal1,140.1400,66.2575,4.999997
_1910_,VDD,Metal1,139.9850,58.2600,4.999609
_1909_,VDD,Metal1,133.3865,58.2365,4.999660
_1908_,VDD,Metal1,127.9860,58.4100,4.999664
_1907_,VDD,Metal1,129.5000,51.3425,4.999999
_1906_,VDD,Metal1,123.3165,58.3665,4.999715
_1905_,VDD,Metal1,135.7900,66.0765,4.999997
_1904_,VDD,Metal1,115.6300,59.3630,4.999731
_1903_,VDD,Metal1,139.6200,74.0450,5.000000
_1902_,VDD,Metal1,109.4700,66.0765,4.999997
_1901_,VDD,Metal1,137.5530,51.4540,4.999999
_1900_,VDD,Metal1,126.8500,59.3630,4.999668
_1899_,VDD,Metal1,119.9400,58.3775,4.999717
_1898_,VDD,Metal1,120.1100,59.3630,4.999717
_1897_,VDD,Metal1,136.5400,59.2225,4.999609
_1896_,VDD,Metal1,140.2700,50.3965,4.999999
_1895_,VDD,Metal1,133.0730,43.6140,4.999999
_1894_,VDD,Metal1,133.8565,59.2630,4.999660
_1893_,VDD,Metal1,133.9565,50.5265,4.999999
_1892_,VDD,Metal1,121.8260,35.6700,4.999993
_1891_,VDD,Metal1,121.3800,43.5025,4.999999
_1890_,VDD,Metal1,137.4900,50.3965,4.999999
_1889_,VDD,Metal1,122.9100,51.5230,4.999999
_1888_,VDD,Metal1,127.0200,50.5375,4.999999
_1887_,VDD,Metal1,131.3930,35.7740,4.999993
_1886_,VDD,Metal1,118.9900,19.0365,4.998714
_1885_,VDD,Metal1,140.8500,34.7165,4.999994
_1884_,VDD,Metal1,118.8200,43.5425,4.999999
_1883_,VDD,Metal1,146.4500,42.5565,4.999999
_1882_,VDD,Metal1,131.9530,27.9340,4.999534
_1881_,VDD,Metal1,136.9460,34.8900,4.999993
_1880_,VDD,Metal1,161.5700,19.0365,4.998725
_1879_,VDD,Metal1,129.9900,19.2275,4.998710
_1878_,VDD,Metal1,140.8300,26.8765,4.999519
_1877_,VDD,Metal1,123.4700,19.0365,4.998714
_1876_,VDD,Metal1,113.0200,27.0175,4.999534
_1875_,VDD,Metal1,147.0730,19.1055,4.998710
_1874_,VDD,Metal1,193.4900,19.0365,4.998564
_1873_,VDD,Metal1,126.2900,19.0365,4.998710
_1872_,VDD,Metal1,184.7000,208.1825,5.000000
_1871_,VDD,Metal1,169.8775,208.1825,5.000000
_1870_,VDD,Metal1,180.7400,208.1425,5.000000
_1869_,VDD,Metal1,164.0650,208.3000,5.000000
_1868_,VDD,Metal1,167.7600,200.2775,5.000000
_1867_,VDD,Metal1,159.7165,200.3530,5.000000
_1866_,VDD,Metal1,147.9800,208.1425,5.000000
_1865_,VDD,Metal1,151.8300,208.1325,5.000000
_1864_,VDD,Metal1,158.6775,192.5025,5.000000
_1863_,VDD,Metal1,186.3630,199.4865,5.000000
_1862_,VDD,Metal1,176.7300,208.1825,5.000000
_1861_,VDD,Metal1,194.4200,199.4975,5.000000
_1860_,VDD,Metal1,194.4600,192.4625,5.000000
_1859_,VDD,Metal1,168.7575,192.5025,5.000000
_1858_,VDD,Metal1,153.7600,200.2775,5.000000
_1857_,VDD,Metal1,153.2000,192.4375,5.000000
_1856_,VDD,Metal1,171.6800,184.5975,5.000000
_1855_,VDD,Metal1,156.6830,168.9930,5.000000
_1854_,VDD,Metal1,186.3630,183.8065,5.000000
_1853_,VDD,Metal1,176.5800,152.4450,5.000000
_1852_,VDD,Metal1,146.4500,167.9965,5.000000
_1851_,VDD,Metal1,162.1300,175.8365,5.000000
_1850_,VDD,Metal1,167.5800,176.7825,5.000000
_1849_,VDD,Metal1,154.5430,176.8630,5.000000
_1848_,VDD,Metal1,189.7400,199.4975,5.000000
_1847_,VDD,Metal1,165.6600,184.6625,5.000000
_1846_,VDD,Metal1,143.6300,208.3230,5.000000
_1845_,VDD,Metal1,156.1400,208.1825,5.000000
_1844_,VDD,Metal1,154.9130,184.7340,5.000000
_1843_,VDD,Metal1,142.5100,183.6765,5.000000
_1842_,VDD,Metal1,154.3275,175.9775,5.000000
_1841_,VDD,Metal1,159.1800,176.0175,5.000000
_1840_,VDD,Metal1,159.9200,176.7575,5.000000
_1839_,VDD,Metal1,160.5800,168.9425,5.000000
_1838_,VDD,Metal1,142.5100,175.8365,5.000000
_1837_,VDD,Metal1,171.4765,168.9930,5.000000
_1836_,VDD,Metal1,165.9900,168.9825,5.000000
_1835_,VDD,Metal1,162.7800,153.3150,5.000000
_1834_,VDD,Metal1,156.7600,160.9850,5.000000
_1833_,VDD,Metal1,151.8600,161.1425,5.000000
_1832_,VDD,Metal1,148.1600,176.0425,5.000000
_1831_,VDD,Metal1,148.3000,168.9825,5.000000
_1830_,VDD,Metal1,160.4800,168.2025,5.000000
_1829_,VDD,Metal1,150.9600,168.2025,5.000000
_1828_,VDD,Metal1,152.2200,168.9825,5.000000
_1827_,VDD,Metal1,155.9700,167.9965,5.000000
_1826_,VDD,Metal1,161.9800,161.1025,5.000000
_1825_,VDD,Metal1,168.5450,161.2600,5.000000
_1824_,VDD,Metal1,153.6800,160.3625,5.000000
_1823_,VDD,Metal1,147.7400,160.2975,5.000000
_1822_,VDD,Metal1,158.1900,160.1565,5.000000
_1821_,VDD,Metal1,161.9565,160.2865,5.000000
_1820_,VDD,Metal1,170.9400,152.4975,5.000000
_1819_,VDD,Metal1,156.3465,145.6030,5.000000
_1818_,VDD,Metal1,164.0000,152.4575,5.000000
_1817_,VDD,Metal1,171.1530,144.5455,5.000000
_1816_,VDD,Metal1,171.7800,145.4225,5.000000
_1815_,VDD,Metal1,163.7900,144.4765,5.000000
_1814_,VDD,Metal1,155.0200,144.6175,5.000000
_1813_,VDD,Metal1,152.0300,145.6030,5.000000
_1812_,VDD,Metal1,168.1000,145.4625,5.000000
_1811_,VDD,Metal1,168.8800,153.2375,5.000000
_1810_,VDD,Metal1,173.7165,106.2730,5.000000
_1809_,VDD,Metal1,173.5000,152.4575,5.000000
_1808_,VDD,Metal1,168.8200,121.0825,5.000000
_1807_,VDD,Metal1,169.8200,106.2225,5.000000
_1806_,VDD,Metal1,175.1630,121.0865,5.000000
_1805_,VDD,Metal1,172.0600,136.8175,5.000000
_1804_,VDD,Metal1,173.7400,98.3825,5.000000
_1803_,VDD,Metal1,168.3060,105.4500,5.000000
_1802_,VDD,Metal1,168.8660,114.0700,5.000000
_1801_,VDD,Metal1,167.3100,113.3290,5.000000
_1800_,VDD,Metal1,158.9100,106.1905,5.000000
_1799_,VDD,Metal1,167.1860,121.9100,5.000000
_1798_,VDD,Metal1,169.8100,129.0090,5.000000
_1797_,VDD,Metal1,156.5600,152.5225,5.000000
_1796_,VDD,Metal1,158.9400,153.3025,5.000000
_1795_,VDD,Metal1,160.9900,145.6030,5.000000
_1794_,VDD,Metal1,185.6300,136.6365,5.000000
_1793_,VDD,Metal1,181.3700,129.7325,5.000000
_1792_,VDD,Metal1,179.0330,136.7180,5.000000
_1791_,VDD,Metal1,175.7400,129.7825,5.000000
_1790_,VDD,Metal1,168.8300,137.7630,5.000000
_1789_,VDD,Metal1,166.7800,136.7775,5.000000
_1788_,VDD,Metal1,166.0300,137.7630,5.000000
_1787_,VDD,Metal1,166.7800,129.7825,5.000000
_1786_,VDD,Metal1,176.7530,122.0140,5.000000
_1785_,VDD,Metal1,181.2425,128.9375,5.000000
_1784_,VDD,Metal1,189.0100,128.7965,5.000000
_1783_,VDD,Metal1,174.8200,128.9375,5.000000
_1782_,VDD,Metal1,170.5100,129.9230,5.000000
_1781_,VDD,Metal1,186.5800,128.9375,5.000000
_1780_,VDD,Metal1,181.3465,121.0725,5.000000
_1779_,VDD,Metal1,159.8700,122.0830,5.000000
_1778_,VDD,Metal1,154.8300,106.4030,5.000000
_1777_,VDD,Metal1,186.4965,105.3765,5.000000
_1776_,VDD,Metal1,177.8400,114.0375,5.000000
_1775_,VDD,Metal1,181.7300,113.1165,5.000000
_1774_,VDD,Metal1,160.2530,114.1275,5.000000
_1773_,VDD,Metal1,154.2700,114.2430,5.000000
_1772_,VDD,Metal1,157.0900,114.2430,5.000000
_1771_,VDD,Metal1,179.5200,105.4825,5.000000
_1770_,VDD,Metal1,174.1765,113.2165,5.000000
_1769_,VDD,Metal1,174.2765,105.4065,5.000000
_1768_,VDD,Metal1,176.6900,98.5630,5.000000
_1767_,VDD,Metal1,160.7900,97.6275,5.000000
_1766_,VDD,Metal1,170.1000,97.6175,5.000000
_1765_,VDD,Metal1,160.2765,90.5930,5.000000
_1764_,VDD,Metal1,155.1030,98.4630,5.000000
_1763_,VDD,Metal1,159.2935,105.4500,5.000000
_1762_,VDD,Metal1,160.0300,98.3505,5.000000
_1761_,VDD,Metal1,177.6130,113.2325,5.000000
_1760_,VDD,Metal1,153.7100,105.2765,5.000000
_1759_,VDD,Metal1,150.9100,105.2765,5.000000
_1758_,VDD,Metal1,173.3930,90.6540,5.000000
_1757_,VDD,Metal1,166.0500,90.7230,5.000000
_1756_,VDD,Metal1,161.5700,82.8830,4.999993
_1755_,VDD,Metal1,155.5800,90.5825,5.000000
_1754_,VDD,Metal1,179.3165,106.2730,5.000000
_1753_,VDD,Metal1,179.5200,97.6425,5.000000
_1752_,VDD,Metal1,189.5700,105.2765,5.000000
_1751_,VDD,Metal1,152.5900,97.4365,5.000000
_1750_,VDD,Metal1,152.0300,98.5630,5.000000
_1749_,VDD,Metal1,167.0200,97.6175,5.000000
_1748_,VDD,Metal1,155.7730,97.5525,5.000000
_1747_,VDD,Metal1,174.4500,97.4365,5.000000
_1746_,VDD,Metal1,156.8700,82.6925,4.999993
_1745_,VDD,Metal1,160.0300,74.8305,5.000000
_1744_,VDD,Metal1,171.7130,74.9740,5.000000
_1743_,VDD,Metal1,168.6765,98.4330,5.000000
_1742_,VDD,Metal1,153.1500,82.8830,4.999993
_1741_,VDD,Metal1,150.3500,82.8830,4.999993
_1740_,VDD,Metal1,187.8400,81.9625,4.999995
_1739_,VDD,Metal1,192.3700,81.7565,4.999995
_1738_,VDD,Metal1,151.4700,75.0430,5.000000
_1737_,VDD,Metal1,155.4475,74.9025,5.000000
_1736_,VDD,Metal1,164.3500,105.2765,5.000000
_1735_,VDD,Metal1,156.1000,74.0975,5.000000
_1734_,VDD,Metal1,175.5400,66.2025,4.999997
_1733_,VDD,Metal1,160.5800,59.1825,4.999605
_1732_,VDD,Metal1,152.2030,74.0465,5.000000
_1731_,VDD,Metal1,200.2100,75.0430,5.000000
_1730_,VDD,Metal1,180.7800,66.2175,4.999997
_1729_,VDD,Metal1,161.5860,74.0900,5.000000
_1728_,VDD,Metal1,170.3700,66.2890,4.999997
_1727_,VDD,Metal1,191.1665,58.3055,4.999539
_1726_,VDD,Metal1,148.6700,73.9165,5.000000
_1725_,VDD,Metal1,161.1800,67.0625,4.999997
_1724_,VDD,Metal1,205.2500,67.2030,4.999997
_1723_,VDD,Metal1,206.7800,59.1825,4.999428
_1722_,VDD,Metal1,190.4150,66.1000,4.999997
_1721_,VDD,Metal1,181.1375,42.8250,4.999999
_1720_,VDD,Metal1,178.9460,50.5700,4.999999
_1719_,VDD,Metal1,205.2500,51.5230,4.999999
_1718_,VDD,Metal1,148.8200,50.5775,4.999999
_1717_,VDD,Metal1,173.4330,50.4780,4.999999
_1716_,VDD,Metal1,174.4175,42.8250,4.999999
_1715_,VDD,Metal1,208.0500,67.2030,4.999997
_1714_,VDD,Metal1,206.2600,74.0450,5.000000
_1713_,VDD,Metal1,146.4300,66.0765,4.999997
_1712_,VDD,Metal1,150.9100,42.5565,4.999999
_1711_,VDD,Metal1,191.1665,42.6255,4.999999
_1710_,VDD,Metal1,198.5100,58.2365,4.999539
_1709_,VDD,Metal1,208.0500,51.5230,4.999999
_1708_,VDD,Metal1,220.3700,51.5230,4.999999
_1707_,VDD,Metal1,176.1930,34.7855,4.999995
_1706_,VDD,Metal1,185.9030,50.4965,4.999999
_1705_,VDD,Metal1,191.9630,34.8465,4.999995
_1704_,VDD,Metal1,167.7460,34.8900,4.999995
_1703_,VDD,Metal1,160.5800,27.8225,4.999517
_1702_,VDD,Metal1,205.2500,35.8430,4.999995
_1701_,VDD,Metal1,198.5300,42.5565,4.999999
_1700_,VDD,Metal1,186.1265,19.1055,4.998739
_1699_,VDD,Metal1,192.3700,26.8765,4.999430
_1698_,VDD,Metal1,199.6500,19.0365,4.998545
_1697_,VDD,Metal1,162.5000,43.5425,4.999999
_1696_,VDD,Metal1,200.1900,20.1630,4.998545
_1695_,VDD,Metal1,172.1265,19.1055,4.998740
_1694_,VDD,Metal1,161.0260,35.6700,4.999994
_1693_,VDD,Metal1,205.2300,19.0365,4.998509
_1692_,VDD,Metal1,187.5300,34.9075,4.999995
_1691_,VDD,Metal1,202.4500,19.0365,4.998544
_1690_,VDD,Metal1,205.2500,28.0030,4.999422
_1689_,VDD,Metal1,162.5000,20.0225,4.998725
_1688_,VDD,Metal1,192.8465,20.0940,4.998564
_1687_,VDD,Metal1,208.0300,19.0365,4.998502
_1686_,VDD,Metal1,205.2300,20.1630,4.998509
_1685_,VDD,Metal1,205.2300,208.3230,5.000000
_1684_,VDD,Metal1,201.5300,208.1325,5.000000
_1683_,VDD,Metal1,204.6700,207.1965,5.000000
_1682_,VDD,Metal1,191.5050,208.3000,5.000000
_1681_,VDD,Metal1,194.6400,200.2775,5.000000
_1680_,VDD,Metal1,200.5965,200.3530,5.000000
_1679_,VDD,Metal1,207.3000,200.3425,5.000000
_1678_,VDD,Metal1,209.8600,200.3025,5.000000
_1677_,VDD,Metal1,200.2475,192.5025,5.000000
_1676_,VDD,Metal1,208.0500,207.1965,5.000000
_1675_,VDD,Metal1,209.5100,192.4525,5.000000
_1674_,VDD,Metal1,205.8100,192.6430,5.000000
_1673_,VDD,Metal1,209.8830,184.6730,5.000000
_1672_,VDD,Metal1,199.1200,199.5625,5.000000
_1671_,VDD,Metal1,215.8400,191.7225,5.000000
_1670_,VDD,Metal1,211.7800,207.3375,5.000000
_1669_,VDD,Metal1,206.8800,191.7225,5.000000
_1668_,VDD,Metal1,199.5000,176.0175,5.000000
_1667_,VDD,Metal1,197.9500,169.1230,5.000000
_1666_,VDD,Metal1,195.1500,169.1230,5.000000
_1665_,VDD,Metal1,193.6400,175.9625,5.000000
_1664_,VDD,Metal1,198.0000,184.5975,5.000000
_1663_,VDD,Metal1,205.2300,184.8030,5.000000
_1662_,VDD,Metal1,196.7665,176.8940,5.000000
_1661_,VDD,Metal1,191.2875,183.8175,5.000000
_1660_,VDD,Metal1,191.2300,167.9965,5.000000
_1659_,VDD,Metal1,195.8600,183.8575,5.000000
_1658_,VDD,Metal1,207.4400,176.7575,5.000000
_1657_,VDD,Metal1,187.3600,176.0425,5.000000
_1656_,VDD,Metal1,188.2600,168.1375,5.000000
_1655_,VDD,Metal1,208.2030,153.3130,5.000000
_1654_,VDD,Metal1,217.6425,161.1425,5.000000
_1653_,VDD,Metal1,218.7300,160.2975,5.000000
_1652_,VDD,Metal1,218.6325,153.3025,5.000000
_1651_,VDD,Metal1,213.4400,160.2975,5.000000
_1650_,VDD,Metal1,209.1200,168.9175,5.000000
_1649_,VDD,Metal1,208.4600,161.1025,5.000000
_1648_,VDD,Metal1,215.8400,168.9175,5.000000
_1647_,VDD,Metal1,212.9000,161.1425,5.000000
_1646_,VDD,Metal1,220.3500,169.1230,5.000000
_1645_,VDD,Metal1,206.4000,160.3625,5.000000
_1644_,VDD,Metal1,198.5600,161.0775,5.000000
_1643_,VDD,Metal1,199.1200,168.2025,5.000000
_1642_,VDD,Metal1,194.4200,161.1425,5.000000
_1641_,VDD,Metal1,213.8130,153.4430,5.000000
_1640_,VDD,Metal1,205.5030,145.5030,5.000000
_1639_,VDD,Metal1,210.2700,152.3165,5.000000
_1638_,VDD,Metal1,205.9130,152.3980,5.000000
_1637_,VDD,Metal1,195.7930,144.5455,5.000000
_1636_,VDD,Metal1,200.8075,145.4625,5.000000
_1635_,VDD,Metal1,200.7500,153.4430,5.000000
_1634_,VDD,Metal1,199.7800,137.5825,5.000000
_1633_,VDD,Metal1,207.4400,137.5575,5.000000
_1632_,VDD,Metal1,209.8600,145.4225,5.000000
_1631_,VDD,Metal1,218.4930,128.9125,5.000000
_1630_,VDD,Metal1,219.1000,106.2225,5.000000
_1629_,VDD,Metal1,218.3830,98.4630,5.000000
_1628_,VDD,Metal1,213.6660,106.2300,5.000000
_1627_,VDD,Metal1,212.5460,113.2900,5.000000
_1626_,VDD,Metal1,219.2500,114.2430,5.000000
_1625_,VDD,Metal1,209.8330,122.0015,5.000000
_1624_,VDD,Metal1,195.4250,153.4200,5.000000
_1623_,VDD,Metal1,195.9000,137.6225,5.000000
_1622_,VDD,Metal1,209.4550,129.9000,5.000000
_1621_,VDD,Metal1,210.4200,114.0625,5.000000
_1620_,VDD,Metal1,212.7850,128.8200,5.000000
_1619_,VDD,Metal1,201.3100,136.6365,5.000000
_1618_,VDD,Metal1,207.3400,114.0625,5.000000
_1617_,VDD,Metal1,216.0665,114.1275,5.000000
_1616_,VDD,Metal1,217.9800,113.2975,5.000000
_1615_,VDD,Metal1,208.2500,106.2125,5.000000
_1614_,VDD,Metal1,210.2700,97.4365,5.000000
_1613_,VDD,Metal1,221.0200,113.2450,5.000000
_1612_,VDD,Metal1,196.8625,105.5450,5.000000
_1611_,VDD,Metal1,215.5850,120.9800,5.000000
_1610_,VDD,Metal1,206.1800,121.9425,5.000000
_1609_,VDD,Metal1,210.7665,98.4940,5.000000
_1608_,VDD,Metal1,206.7565,97.5665,5.000000
_1607_,VDD,Metal1,215.9025,90.4550,5.000000
_1606_,VDD,Metal1,220.3700,90.7230,5.000000
_1605_,VDD,Metal1,216.2765,81.8865,4.999995
_1604_,VDD,Metal1,218.7800,89.7250,5.000000
_1603_,VDD,Metal1,216.8000,82.7425,4.999995
_1602_,VDD,Metal1,214.3130,74.9615,5.000000
_1601_,VDD,Metal1,210.3930,82.8015,4.999995
_1600_,VDD,Metal1,212.0075,90.5825,5.000000
_1599_,VDD,Metal1,220.3700,82.8830,4.999995
_1598_,VDD,Metal1,208.6225,74.7750,5.000000
_1597_,VDD,Metal1,215.2975,89.8650,5.000000
_1596_,VDD,Metal1,220.3700,43.6830,4.999999
_1595_,VDD,Metal1,212.9400,51.3425,4.999999
_1594_,VDD,Metal1,209.8600,35.6625,4.999995
_1593_,VDD,Metal1,218.8600,66.2175,4.999997
_1592_,VDD,Metal1,218.3830,59.2630,4.999428
_1591_,VDD,Metal1,216.0400,43.5575,4.999999
_1590_,VDD,Metal1,215.8575,35.5750,4.999995
_1589_,VDD,Metal1,206.4075,43.5425,4.999999
_1588_,VDD,Metal1,210.3025,43.4150,4.999999
_1587_,VDD,Metal1,216.2530,51.4075,4.999999
_1586_,VDD,Metal1,214.7825,66.3450,4.999997
_1585_,VDD,Metal1,209.3400,59.2225,4.999428
_1584_,VDD,Metal1,213.6625,59.0950,4.999428
_1583_,VDD,Metal1,210.1165,27.8730,4.999422
_1582_,VDD,Metal1,214.8730,27.9215,4.999422
_1581_,VDD,Metal1,210.1975,20.0225,4.998500
_1580_,VDD,Metal1,215.9025,34.9850,4.999995
_1579_,VDD,Metal1,199.0700,98.5630,5.000000
_1578_,VDD,Metal1,192.5400,105.4175,5.000000
_1577_,VDD,Metal1,206.4075,113.2575,5.000000
_1576_,VDD,Metal1,201.3100,105.2765,5.000000
_1575_,VDD,Metal1,9.2300,207.1965,5.000000
_1574_,VDD,Metal1,12.8000,207.3375,5.000000
_1573_,VDD,Metal1,14.1165,208.1930,5.000000
_1572_,VDD,Metal1,11.3000,199.4975,5.000000
_1571_,VDD,Metal1,17.2600,207.3375,5.000000
_1570_,VDD,Metal1,18.2100,199.3565,5.000000
_1569_,VDD,Metal1,15.2600,199.5375,5.000000
_1568_,VDD,Metal1,13.6800,191.7225,5.000000
_1567_,VDD,Metal1,10.7400,183.8175,5.000000
_1566_,VDD,Metal1,19.0230,183.7765,5.000000
_1565_,VDD,Metal1,14.6800,183.8025,5.000000
_1564_,VDD,Metal1,14.7000,176.7825,5.000000
_1563_,VDD,Metal1,12.0000,176.0425,5.000000
_1562_,VDD,Metal1,19.1400,168.1375,5.000000
_1561_,VDD,Metal1,14.1300,160.3690,5.000000
_1560_,VDD,Metal1,14.4600,168.1375,5.000000
_1559_,VDD,Metal1,11.1000,168.1375,5.000000
_1558_,VDD,Metal1,13.5700,152.5290,5.000000
_1557_,VDD,Metal1,19.7400,160.3375,5.000000
_1556_,VDD,Metal1,14.4200,144.6575,5.000000
_1555_,VDD,Metal1,17.8265,136.7525,5.000000
_1554_,VDD,Metal1,9.9400,144.6575,5.000000
_1553_,VDD,Metal1,12.0000,136.8425,5.000000
_1552_,VDD,Metal1,20.8600,113.2975,5.000000
_1551_,VDD,Metal1,14.9900,105.4890,5.000000
_1550_,VDD,Metal1,14.4300,113.3290,5.000000
_1549_,VDD,Metal1,9.4200,113.2575,5.000000
_1548_,VDD,Metal1,15.5800,114.1025,5.000000
_1547_,VDD,Metal1,13.0100,121.1690,5.000000
_1546_,VDD,Metal1,18.0600,128.9775,5.000000
_1545_,VDD,Metal1,18.6200,121.1375,5.000000
_1544_,VDD,Metal1,11.8530,114.1275,5.000000
_1543_,VDD,Metal1,23.1000,121.1375,5.000000
_1542_,VDD,Metal1,11.5200,129.0025,5.000000
_1541_,VDD,Metal1,10.7400,106.2625,5.000000
_1540_,VDD,Metal1,18.0500,97.6490,5.000000
_1539_,VDD,Metal1,11.3000,105.4175,5.000000
_1538_,VDD,Metal1,11.8600,89.7375,5.000000
_1537_,VDD,Metal1,16.3700,89.8090,5.000000
_1536_,VDD,Metal1,13.0200,97.6175,5.000000
_1535_,VDD,Metal1,11.9000,82.7025,4.999988
_1534_,VDD,Metal1,16.1465,82.7675,4.999988
_1533_,VDD,Metal1,15.2600,81.9375,4.999988
_1532_,VDD,Metal1,12.0800,74.1225,5.000000
_1531_,VDD,Metal1,10.1800,66.2175,4.999995
_1530_,VDD,Metal1,24.9700,74.0575,5.000000
_1529_,VDD,Metal1,28.9800,81.9375,4.999990
_1528_,VDD,Metal1,23.2000,66.2825,4.999995
_1527_,VDD,Metal1,30.2250,51.5000,4.999997
_1526_,VDD,Metal1,29.3735,59.1900,4.999818
_1525_,VDD,Metal1,30.1100,58.4490,4.999818
_1524_,VDD,Metal1,22.3850,42.5800,4.999999
_1523_,VDD,Metal1,12.3030,50.4965,4.999998
_1522_,VDD,Metal1,22.7200,34.9225,4.999992
_1521_,VDD,Metal1,9.2300,50.3965,4.999998
_1520_,VDD,Metal1,35.8550,19.0600,4.999064
_1519_,VDD,Metal1,49.9700,34.9290,4.999991
_1518_,VDD,Metal1,22.3850,26.9000,4.999718
_1517_,VDD,Metal1,29.6630,67.1030,4.999995
_1516_,VDD,Metal1,20.9900,82.8830,4.999988
_1515_,VDD,Metal1,47.3300,208.3230,5.000000
_1514_,VDD,Metal1,40.7630,208.1930,5.000000
_1513_,VDD,Metal1,39.2700,207.3875,5.000000
_1512_,VDD,Metal1,52.3200,208.1175,5.000000
_1511_,VDD,Metal1,52.6550,200.4600,5.000000
_1510_,VDD,Metal1,36.6700,208.3230,5.000000
_1509_,VDD,Metal1,32.5730,208.2075,5.000000
_1508_,VDD,Metal1,34.1765,199.4565,5.000000
_1507_,VDD,Metal1,39.0600,192.4625,5.000000
_1506_,VDD,Metal1,36.5800,199.4850,5.000000
_1505_,VDD,Metal1,29.9100,192.5025,5.000000
_1504_,VDD,Metal1,43.9500,192.6430,5.000000
_1503_,VDD,Metal1,40.3900,199.5475,5.000000
_1502_,VDD,Metal1,33.1565,191.6465,5.000000
_1501_,VDD,Metal1,35.9800,192.4625,5.000000
_1500_,VDD,Metal1,29.3900,207.1965,5.000000
_1499_,VDD,Metal1,32.5730,207.3125,5.000000
_1498_,VDD,Metal1,24.9100,207.1965,5.000000
_1497_,VDD,Metal1,24.4075,199.4975,5.000000
_1496_,VDD,Metal1,45.7130,191.5855,5.000000
_1495_,VDD,Metal1,41.1700,184.8030,5.000000
_1494_,VDD,Metal1,29.2130,199.4725,5.000000
_1493_,VDD,Metal1,28.4600,191.6575,5.000000
_1492_,VDD,Metal1,43.9500,184.8030,5.000000
_1491_,VDD,Metal1,39.3400,183.8575,5.000000
_1490_,VDD,Metal1,38.3500,184.8030,5.000000
_1489_,VDD,Metal1,30.8930,184.6875,5.000000
_1488_,VDD,Metal1,24.0630,183.7765,5.000000
_1487_,VDD,Metal1,37.0765,175.9665,5.000000
_1486_,VDD,Metal1,28.4300,176.7505,5.000000
_1485_,VDD,Metal1,37.8730,176.8940,5.000000
_1484_,VDD,Metal1,32.5965,175.9665,5.000000
_1483_,VDD,Metal1,36.6700,191.5165,5.000000
_1482_,VDD,Metal1,29.3525,183.8175,5.000000
_1481_,VDD,Metal1,42.3200,168.9175,5.000000
_1480_,VDD,Metal1,24.3500,176.9630,5.000000
_1479_,VDD,Metal1,21.5500,176.9630,5.000000
_1478_,VDD,Metal1,24.4075,175.9775,5.000000
_1477_,VDD,Metal1,38.1965,161.1530,5.000000
_1476_,VDD,Metal1,49.9800,161.1025,5.000000
_1475_,VDD,Metal1,30.2230,169.0230,5.000000
_1474_,VDD,Metal1,30.6800,168.1225,5.000000
_1473_,VDD,Metal1,24.0100,168.1875,5.000000
_1472_,VDD,Metal1,23.8260,160.3300,5.000000
_1471_,VDD,Metal1,36.2600,168.9425,5.000000
_1470_,VDD,Metal1,34.3400,161.1550,5.000000
_1469_,VDD,Metal1,40.0900,153.3025,5.000000
_1468_,VDD,Metal1,40.6100,175.8365,5.000000
_1467_,VDD,Metal1,35.0400,160.3625,5.000000
_1466_,VDD,Metal1,28.8500,175.8365,5.000000
_1465_,VDD,Metal1,30.0000,161.0775,5.000000
_1464_,VDD,Metal1,20.4300,175.8365,5.000000
_1463_,VDD,Metal1,33.0250,153.4200,5.000000
_1462_,VDD,Metal1,35.3500,152.5075,5.000000
_1461_,VDD,Metal1,22.7200,152.5225,5.000000
_1460_,VDD,Metal1,18.1900,152.3165,5.000000
_1459_,VDD,Metal1,30.0730,152.3980,5.000000
_1458_,VDD,Metal1,30.5100,160.1565,5.000000
_1457_,VDD,Metal1,40.6400,137.5575,5.000000
_1456_,VDD,Metal1,28.2700,153.4430,5.000000
_1455_,VDD,Metal1,24.9100,136.6365,5.000000
_1454_,VDD,Metal1,19.9275,144.6175,5.000000
_1453_,VDD,Metal1,35.9800,137.5825,5.000000
_1452_,VDD,Metal1,50.1600,153.2375,5.000000
_1451_,VDD,Metal1,41.5800,145.4225,5.000000
_1450_,VDD,Metal1,42.8300,153.4430,5.000000
_1449_,VDD,Metal1,36.1100,145.6030,5.000000
_1448_,VDD,Metal1,24.4075,144.6175,5.000000
_1447_,VDD,Metal1,35.5500,184.8030,5.000000
_1446_,VDD,Metal1,42.0930,161.1675,5.000000
_1445_,VDD,Metal1,38.3500,114.2430,5.000000
_1444_,VDD,Metal1,33.6500,113.2575,5.000000
_1443_,VDD,Metal1,34.0200,129.7425,5.000000
_1442_,VDD,Metal1,30.9165,137.6330,5.000000
_1441_,VDD,Metal1,35.1630,121.0865,5.000000
_1440_,VDD,Metal1,49.5860,114.0700,5.000000
_1439_,VDD,Metal1,27.6200,129.7950,5.000000
_1438_,VDD,Metal1,36.6900,128.7965,5.000000
_1437_,VDD,Metal1,40.6400,136.8425,5.000000
_1436_,VDD,Metal1,39.4700,129.9230,5.000000
_1435_,VDD,Metal1,31.1200,136.8425,5.000000
_1434_,VDD,Metal1,36.1100,136.6365,5.000000
_1433_,VDD,Metal1,30.1400,129.7825,5.000000
_1432_,VDD,Metal1,50.9750,129.9000,5.000000
_1431_,VDD,Metal1,38.0100,121.8925,5.000000
_1430_,VDD,Metal1,43.2865,122.0015,5.000000
_1429_,VDD,Metal1,38.9300,120.9565,5.000000
_1428_,VDD,Metal1,44.5300,114.2430,5.000000
_1427_,VDD,Metal1,31.6800,129.0025,5.000000
_1426_,VDD,Metal1,31.0700,122.0830,5.000000
_1425_,VDD,Metal1,52.8480,120.9890,5.000000
_1424_,VDD,Metal1,53.6200,114.0625,5.000000
_1423_,VDD,Metal1,43.9500,120.9565,5.000000
_1422_,VDD,Metal1,48.9525,121.9425,5.000000
_1421_,VDD,Metal1,44.2250,113.1400,5.000000
_1420_,VDD,Metal1,39.3400,113.2975,5.000000
_1419_,VDD,Metal1,56.2700,105.2765,5.000000
_1418_,VDD,Metal1,52.3125,113.2575,5.000000
_1417_,VDD,Metal1,57.9500,113.1165,5.000000
_1416_,VDD,Metal1,39.4700,106.4030,5.000000
_1415_,VDD,Metal1,33.4600,105.4575,5.000000
_1414_,VDD,Metal1,24.9300,105.2765,5.000000
_1413_,VDD,Metal1,30.3100,97.6275,5.000000
_1412_,VDD,Metal1,36.1100,106.4030,5.000000
_1411_,VDD,Metal1,33.7000,106.2625,5.000000
_1410_,VDD,Metal1,37.8100,105.2765,5.000000
_1409_,VDD,Metal1,34.6200,97.5775,5.000000
_1408_,VDD,Metal1,30.0730,98.4815,5.000000
_1407_,VDD,Metal1,38.9930,98.4940,5.000000
_1406_,VDD,Metal1,22.1100,105.2765,5.000000
_1405_,VDD,Metal1,49.1630,90.5930,5.000000
_1404_,VDD,Metal1,39.9680,90.6910,5.000000
_1403_,VDD,Metal1,50.1100,98.5630,5.000000
_1402_,VDD,Metal1,29.2130,105.3925,5.000000
_1401_,VDD,Metal1,40.7800,89.7375,5.000000
_1400_,VDD,Metal1,35.7000,89.7775,5.000000
_1399_,VDD,Metal1,30.5100,90.7230,5.000000
_1398_,VDD,Metal1,29.7500,89.7875,5.000000
_1397_,VDD,Metal1,27.6200,90.5950,5.000000
_1396_,VDD,Metal1,30.5460,82.7100,4.999990
_1395_,VDD,Metal1,33.3930,74.9740,5.000000
_1394_,VDD,Metal1,26.5900,82.8830,4.999990
_1393_,VDD,Metal1,24.4075,89.7375,5.000000
_1392_,VDD,Metal1,43.9700,82.8830,4.999990
_1391_,VDD,Metal1,33.3930,73.9855,5.000000
_1390_,VDD,Metal1,40.3030,82.7830,4.999990
_1389_,VDD,Metal1,24.4075,81.8975,4.999988
_1388_,VDD,Metal1,23.7900,82.8830,4.999988
_1387_,VDD,Metal1,34.8365,59.2330,4.999812
_1386_,VDD,Metal1,16.6600,66.2575,4.999995
_1385_,VDD,Metal1,20.4500,73.9165,5.000000
_1384_,VDD,Metal1,37.0300,66.2675,4.999995
_1383_,VDD,Metal1,44.2565,67.1030,4.999995
_1382_,VDD,Metal1,24.7800,50.5775,4.999998
_1381_,VDD,Metal1,42.7265,51.4415,4.999997
_1380_,VDD,Metal1,43.4500,74.9025,5.000000
_1379_,VDD,Metal1,39.0330,67.1215,4.999995
_1378_,VDD,Metal1,52.9930,74.9740,5.000000
_1377_,VDD,Metal1,20.4500,81.7565,4.999988
_1376_,VDD,Metal1,33.6930,67.0875,4.999995
_1375_,VDD,Metal1,53.0600,67.0225,4.999995
_1374_,VDD,Metal1,54.6730,50.4655,4.999998
_1373_,VDD,Metal1,42.9800,59.1825,4.999812
_1372_,VDD,Metal1,33.1800,66.2575,4.999995
_1371_,VDD,Metal1,50.0975,43.4150,4.999998
_1370_,VDD,Metal1,38.7330,59.2475,4.999812
_1369_,VDD,Metal1,49.6075,67.0625,4.999995
_1368_,VDD,Metal1,54.6730,42.6255,4.999998
_1367_,VDD,Metal1,20.4300,89.5965,5.000000
_1366_,VDD,Metal1,49.3800,35.7025,4.999991
_1365_,VDD,Metal1,28.8300,66.0765,4.999995
_1364_,VDD,Metal1,56.3530,35.7740,4.999992
_1363_,VDD,Metal1,63.8565,50.4965,4.999998
_1362_,VDD,Metal1,37.8475,51.3825,4.999997
_1361_,VDD,Metal1,48.4500,105.2765,5.000000
_1360_,VDD,Metal1,62.3000,74.0975,5.000000
_1359_,VDD,Metal1,50.5400,27.8225,4.999576
_1358_,VDD,Metal1,17.6300,73.9165,5.000000
_1357_,VDD,Metal1,50.4700,59.1725,4.999812
_1356_,VDD,Metal1,55.4250,43.6600,4.999998
_1355_,VDD,Metal1,50.1600,51.3175,4.999998
_1354_,VDD,Metal1,50.3000,82.7425,4.999990
_1353_,VDD,Metal1,40.0300,97.4365,5.000000
_1352_,VDD,Metal1,113.2600,34.8975,4.999992
_1351_,VDD,Metal1,58.5930,34.7855,4.999992
_1350_,VDD,Metal1,68.6825,19.1775,4.998878
_1349_,VDD,Metal1,24.9300,97.4365,5.000000
_1348_,VDD,Metal1,41.5100,19.2275,4.999064
_1347_,VDD,Metal1,10.1800,34.8575,4.999992
_1346_,VDD,Metal1,112.4665,19.1525,4.998714
_1345_,VDD,Metal1,59.5680,27.9710,4.999574
_1344_,VDD,Metal1,68.0300,42.5565,4.999999
_1343_,VDD,Metal1,22.1100,97.4365,5.000000
_1342_,VDD,Metal1,79.0600,207.3375,5.000000
_1341_,VDD,Metal1,82.1400,208.1950,5.000000
_1340_,VDD,Metal1,74.5965,208.1930,5.000000
_1339_,VDD,Metal1,69.3200,207.3225,5.000000
_1338_,VDD,Metal1,70.7000,208.1425,5.000000
_1337_,VDD,Metal1,62.1450,200.4600,5.000000
_1336_,VDD,Metal1,62.0665,208.2075,5.000000
_1335_,VDD,Metal1,68.9500,199.5475,5.000000
_1334_,VDD,Metal1,85.4100,208.3230,5.000000
_1333_,VDD,Metal1,88.3000,208.1950,5.000000
_1332_,VDD,Metal1,73.5900,207.3375,5.000000
_1331_,VDD,Metal1,79.2300,208.3230,5.000000
_1330_,VDD,Metal1,73.4665,192.6430,5.000000
_1329_,VDD,Metal1,70.7000,191.6975,5.000000
_1328_,VDD,Metal1,74.7700,199.3565,5.000000
_1327_,VDD,Metal1,78.2830,199.4865,5.000000
_1326_,VDD,Metal1,82.0000,192.4375,5.000000
_1325_,VDD,Metal1,63.5700,207.1965,5.000000
_1324_,VDD,Metal1,78.1930,191.5855,5.000000
_1323_,VDD,Metal1,81.4900,184.8030,5.000000
_1322_,VDD,Metal1,62.8130,191.6325,5.000000
_1321_,VDD,Metal1,77.3800,183.8175,5.000000
_1320_,VDD,Metal1,69.5565,183.8065,5.000000
_1319_,VDD,Metal1,67.6200,192.4625,5.000000
_1318_,VDD,Metal1,59.6300,191.5165,5.000000
_1317_,VDD,Metal1,62.8130,184.6875,5.000000
_1316_,VDD,Metal1,57.6630,184.7030,5.000000
_1315_,VDD,Metal1,54.5000,184.6750,5.000000
_1314_,VDD,Metal1,61.5830,183.7765,5.000000
_1313_,VDD,Metal1,72.5920,184.7710,5.000000
_1312_,VDD,Metal1,56.8300,191.5165,5.000000
_1311_,VDD,Metal1,56.8875,176.8225,5.000000
_1310_,VDD,Metal1,63.1400,176.7825,5.000000
_1309_,VDD,Metal1,70.2400,176.0425,5.000000
_1308_,VDD,Metal1,74.3800,175.9775,5.000000
_1307_,VDD,Metal1,60.5730,169.0075,5.000000
_1306_,VDD,Metal1,63.3800,175.9775,5.000000
_1305_,VDD,Metal1,61.4830,153.3130,5.000000
_1304_,VDD,Metal1,64.8200,161.1025,5.000000
_1303_,VDD,Metal1,63.2630,168.0965,5.000000
_1302_,VDD,Metal1,62.8400,160.2825,5.000000
_1301_,VDD,Metal1,52.0630,169.0230,5.000000
_1300_,VDD,Metal1,64.6900,169.1230,5.000000
_1299_,VDD,Metal1,57.1030,153.3430,5.000000
_1298_,VDD,Metal1,66.5200,153.3175,5.000000
_1297_,VDD,Metal1,59.2300,161.0705,5.000000
_1296_,VDD,Metal1,73.7130,161.2140,5.000000
_1295_,VDD,Metal1,82.7630,161.1530,5.000000
_1294_,VDD,Metal1,60.1900,176.9630,5.000000
_1293_,VDD,Metal1,56.2325,168.9825,5.000000
_1292_,VDD,Metal1,76.4800,160.3625,5.000000
_1291_,VDD,Metal1,72.6600,153.2625,5.000000
_1290_,VDD,Metal1,72.8930,152.4325,5.000000
_1289_,VDD,Metal1,69.5800,152.4975,5.000000
_1288_,VDD,Metal1,78.1300,175.8365,5.000000
_1287_,VDD,Metal1,49.0100,169.1230,5.000000
_1286_,VDD,Metal1,54.6475,161.1425,5.000000
_1285_,VDD,Metal1,78.7200,153.2375,5.000000
_1284_,VDD,Metal1,62.4000,152.5225,5.000000
_1283_,VDD,Metal1,44.5300,145.6030,5.000000
_1282_,VDD,Metal1,58.7000,144.6175,5.000000
_1281_,VDD,Metal1,98.2900,152.3165,5.000000
_1280_,VDD,Metal1,77.0400,145.3975,5.000000
_1279_,VDD,Metal1,83.7100,153.4430,5.000000
_1278_,VDD,Metal1,71.0030,121.0865,5.000000
_1277_,VDD,Metal1,63.9800,129.7425,5.000000
_1276_,VDD,Metal1,69.1860,113.2900,5.000000
_1275_,VDD,Metal1,62.8500,113.3290,5.000000
_1274_,VDD,Metal1,68.7630,128.9265,5.000000
_1273_,VDD,Metal1,74.6200,106.2225,5.000000
_1272_,VDD,Metal1,73.7530,129.8415,5.000000
_1271_,VDD,Metal1,63.9800,121.1375,5.000000
_1270_,VDD,Metal1,56.8300,129.9230,5.000000
_1269_,VDD,Metal1,68.4130,105.3925,5.000000
_1268_,VDD,Metal1,72.9165,97.5665,5.000000
_1267_,VDD,Metal1,68.0625,106.1350,5.000000
_1266_,VDD,Metal1,80.3860,137.5900,5.000000
_1265_,VDD,Metal1,70.1300,136.8490,5.000000
_1264_,VDD,Metal1,69.5800,129.7425,5.000000
_1263_,VDD,Metal1,74.7825,136.9050,5.000000
_1262_,VDD,Metal1,70.8000,145.3975,5.000000
_1261_,VDD,Metal1,87.6500,161.2830,5.000000
_1260_,VDD,Metal1,87.6300,145.6030,5.000000
_1259_,VDD,Metal1,88.5965,129.7930,5.000000
_1258_,VDD,Metal1,79.3800,128.9775,5.000000
_1257_,VDD,Metal1,92.1300,145.6030,5.000000
_1256_,VDD,Metal1,83.5565,136.7665,5.000000
_1255_,VDD,Metal1,59.6300,129.9230,5.000000
_1254_,VDD,Metal1,44.5300,129.9230,5.000000
_1253_,VDD,Metal1,62.9525,144.6175,5.000000
_1252_,VDD,Metal1,63.1800,128.9375,5.000000
_1251_,VDD,Metal1,89.9200,137.5575,5.000000
_1250_,VDD,Metal1,79.7900,136.6365,5.000000
_1249_,VDD,Metal1,82.0500,145.6030,5.000000
_1248_,VDD,Metal1,80.3125,129.7825,5.000000
_1247_,VDD,Metal1,74.3400,121.9025,5.000000
_1246_,VDD,Metal1,75.8900,128.7965,5.000000
_1245_,VDD,Metal1,76.0665,121.0725,5.000000
_1244_,VDD,Metal1,73.0700,128.7965,5.000000
_1243_,VDD,Metal1,81.3300,121.1690,5.000000
_1242_,VDD,Metal1,91.4865,128.8655,5.000000
_1241_,VDD,Metal1,87.6300,106.4030,5.000000
_1240_,VDD,Metal1,79.5900,106.2125,5.000000
_1239_,VDD,Metal1,83.1700,122.0830,5.000000
_1238_,VDD,Metal1,79.1925,121.9425,5.000000
_1237_,VDD,Metal1,78.7530,113.1855,5.000000
_1236_,VDD,Metal1,78.6900,105.2765,5.000000
_1235_,VDD,Metal1,88.8075,114.1025,5.000000
_1234_,VDD,Metal1,75.1565,105.4065,5.000000
_1233_,VDD,Metal1,69.1860,98.3900,5.000000
_1232_,VDD,Metal1,59.1300,98.4225,5.000000
_1231_,VDD,Metal1,56.9530,90.6415,5.000000
_1230_,VDD,Metal1,69.1500,97.4365,5.000000
_1229_,VDD,Metal1,64.1300,98.5630,5.000000
_1228_,VDD,Metal1,77.6330,98.4940,5.000000
_1227_,VDD,Metal1,75.8700,89.5965,5.000000
_1226_,VDD,Metal1,68.0500,89.5965,5.000000
_1225_,VDD,Metal1,53.2930,98.4475,5.000000
_1224_,VDD,Metal1,60.8075,105.4175,5.000000
_1223_,VDD,Metal1,77.0730,90.6540,5.000000
_1222_,VDD,Metal1,64.1100,105.2765,5.000000
_1221_,VDD,Metal1,70.8500,89.5965,5.000000
_1220_,VDD,Metal1,63.1865,97.5525,5.000000
_1219_,VDD,Metal1,76.9525,97.5775,5.000000
_1218_,VDD,Metal1,68.1800,90.5425,5.000000
_1217_,VDD,Metal1,67.3800,121.0850,5.000000
_1216_,VDD,Metal1,52.9100,90.7230,5.000000
_1215_,VDD,Metal1,58.8700,82.6925,4.999990
_1214_,VDD,Metal1,64.8400,82.7575,4.999990
_1213_,VDD,Metal1,75.9530,82.8140,4.999992
_1212_,VDD,Metal1,55.1700,82.8830,4.999990
_1211_,VDD,Metal1,62.4875,90.5825,5.000000
_1210_,VDD,Metal1,62.5800,81.9375,4.999990
_1209_,VDD,Metal1,70.8000,81.9625,4.999991
_1208_,VDD,Metal1,64.5000,89.7375,5.000000
_1207_,VDD,Metal1,68.9800,66.2175,4.999995
_1206_,VDD,Metal1,64.3065,74.9275,5.000000
_1205_,VDD,Metal1,82.3900,66.2675,4.999996
_1204_,VDD,Metal1,76.8600,51.3425,4.999998
_1203_,VDD,Metal1,78.2830,42.6865,4.999999
_1202_,VDD,Metal1,68.0300,58.2365,4.999811
_1201_,VDD,Metal1,99.4100,73.9165,5.000000
_1200_,VDD,Metal1,62.9525,66.2175,4.999995
_1199_,VDD,Metal1,80.3125,19.1775,4.998878
_1198_,VDD,Metal1,76.4660,50.5700,4.999998
_1197_,VDD,Metal1,79.6500,59.1505,4.999811
_1196_,VDD,Metal1,82.5735,67.0300,4.999996
_1195_,VDD,Metal1,96.0875,51.3825,4.999998
_1194_,VDD,Metal1,90.9775,74.7750,5.000000
_1193_,VDD,Metal1,90.0300,66.9905,4.999997
_1192_,VDD,Metal1,73.6800,66.2825,4.999995
_1191_,VDD,Metal1,78.6700,66.0765,4.999995
_1190_,VDD,Metal1,70.7925,74.0575,5.000000
_1189_,VDD,Metal1,92.0800,59.1575,4.999811
_1188_,VDD,Metal1,87.9030,82.7830,4.999992
_1187_,VDD,Metal1,78.3065,67.0875,4.999995
_1186_,VDD,Metal1,83.7300,59.3630,4.999811
_1185_,VDD,Metal1,83.2075,43.5425,4.999999
_1184_,VDD,Metal1,100.3800,58.4175,4.999811
_1183_,VDD,Metal1,82.0175,50.6650,4.999998
_1182_,VDD,Metal1,81.5200,51.3175,4.999998
_1181_,VDD,Metal1,69.7600,50.6025,4.999998
_1180_,VDD,Metal1,64.5000,42.6975,4.999999
_1179_,VDD,Metal1,103.3300,58.2365,4.999811
_1178_,VDD,Metal1,89.9200,51.3175,4.999998
_1177_,VDD,Metal1,102.1900,73.9165,5.000000
_1176_,VDD,Metal1,72.5600,42.7625,4.999999
_1175_,VDD,Metal1,24.9300,58.2365,4.999824
_1174_,VDD,Metal1,89.1800,43.5025,4.999999
_1173_,VDD,Metal1,111.8830,43.5530,4.999999
_1172_,VDD,Metal1,79.1400,43.5550,4.999999
_1171_,VDD,Metal1,83.6975,42.8250,4.999999
_1170_,VDD,Metal1,92.1930,35.7740,4.999992
_1169_,VDD,Metal1,55.2075,19.1775,4.998974
_1168_,VDD,Metal1,112.1000,58.3775,4.999810
_1167_,VDD,Metal1,108.7800,34.8975,4.999992
_1166_,VDD,Metal1,99.0200,51.3825,4.999998
_1165_,VDD,Metal1,83.7100,35.8430,4.999992
_1164_,VDD,Metal1,95.0025,19.1775,4.998753
_1163_,VDD,Metal1,106.8600,58.3775,4.999811
_1162_,VDD,Metal1,107.9630,27.0065,4.999535
_1161_,VDD,Metal1,88.9700,19.2275,4.998753
_1160_,VDD,Metal1,116.3800,27.0175,4.999534
_1159_,VDD,Metal1,99.5865,19.1525,4.998753
_1158_,VDD,Metal1,68.9800,27.0175,4.999553
_1157_,VDD,Metal1,98.7665,26.9455,4.999552
_1156_,VDD,Metal1,116.5800,19.1775,4.998714
_1155_,VDD,Metal1,155.4100,19.0365,4.998710
_1154_,VDD,Metal1,114.5300,58.2365,4.999731
_1153_,VDD,Metal1,74.4950,19.0600,4.998878
_1152_,VDD,Metal1,21.8250,19.0600,4.999109
_1151_,VDD,Metal1,29.4260,19.2100,4.999067
_1150_,VDD,Metal1,13.9850,26.9000,4.999718
_1149_,VDD,Metal1,16.7830,42.6565,4.999999
_1148_,VDD,Metal1,14.3200,34.9225,4.999992
_1147_,VDD,Metal1,10.9100,81.7565,4.999988
_1146_,VDD,Metal1,20.8500,58.4490,4.999825
_1145_,VDD,Metal1,12.8630,66.1765,4.999995
_1144_,VDD,Metal1,9.2500,26.8765,4.999718
_1143_,VDD,Metal1,8.5800,97.5650,5.000000
_1142_,VDD,Metal1,100.4200,208.1950,5.000000
_1141_,VDD,Metal1,103.2200,207.3250,5.000000
_1140_,VDD,Metal1,83.6200,184.6750,5.000000
_1139_,VDD,Metal1,106.0200,176.8350,5.000000
_1138_,VDD,Metal1,100.4200,183.8050,5.000000
_1137_,VDD,Metal1,126.1800,168.9950,5.000000
_1136_,VDD,Metal1,100.4200,160.2850,5.000000
_1135_,VDD,Metal1,114.9800,144.6050,5.000000
_1134_,VDD,Metal1,106.5800,128.9250,5.000000
_1133_,VDD,Metal1,106.5800,121.0850,5.000000
_1132_,VDD,Metal1,116.1000,113.2450,5.000000
_1131_,VDD,Metal1,102.6600,105.4050,5.000000
_1130_,VDD,Metal1,103.9800,89.7250,5.000000
_1129_,VDD,Metal1,126.9400,67.0750,4.999997
_1128_,VDD,Metal1,106.5800,66.2050,4.999997
_1127_,VDD,Metal1,122.2600,59.2350,4.999715
_1126_,VDD,Metal1,130.8600,50.5250,4.999999
_1125_,VDD,Metal1,128.9800,59.2350,4.999664
_1124_,VDD,Metal1,106.5800,74.0450,5.000000
_1123_,VDD,Metal1,138.5000,208.1950,5.000000
_1122_,VDD,Metal1,130.1000,200.3550,5.000000
_1121_,VDD,Metal1,166.1400,192.5150,5.000000
_1120_,VDD,Metal1,129.5400,192.5150,5.000000
_1119_,VDD,Metal1,130.1000,176.8350,5.000000
_1118_,VDD,Metal1,132.3400,176.8350,5.000000
_1117_,VDD,Metal1,142.4200,168.1250,5.000000
_1116_,VDD,Metal1,156.4200,153.3150,5.000000
_1115_,VDD,Metal1,176.2200,145.4750,5.000000
_1114_,VDD,Metal1,158.8600,144.6050,5.000000
_1113_,VDD,Metal1,151.9400,152.4450,5.000000
_1112_,VDD,Metal1,162.0200,137.6350,5.000000
_1111_,VDD,Metal1,162.0200,129.7950,5.000000
_1110_,VDD,Metal1,173.4200,129.7950,5.000000
_1109_,VDD,Metal1,174.9000,136.7650,5.000000
_1108_,VDD,Metal1,142.4200,121.0850,5.000000
_1107_,VDD,Metal1,165.5800,121.0850,5.000000
_1106_,VDD,Metal1,152.7000,106.2750,5.000000
_1105_,VDD,Metal1,148.0200,105.4050,5.000000
_1104_,VDD,Metal1,142.4200,97.5650,5.000000
_1103_,VDD,Metal1,142.4200,89.7250,5.000000
_1102_,VDD,Metal1,149.7000,97.5650,5.000000
_1101_,VDD,Metal1,147.4600,97.5650,5.000000
_1100_,VDD,Metal1,142.4200,74.0450,5.000000
_1099_,VDD,Metal1,145.7800,74.0450,5.000000
_1098_,VDD,Metal1,142.4200,66.2050,4.999997
_1097_,VDD,Metal1,185.7400,66.2050,4.999997
_1096_,VDD,Metal1,204.0200,74.0450,5.000000
_1095_,VDD,Metal1,145.7800,50.5250,4.999999
_1094_,VDD,Metal1,142.4200,50.5250,4.999999
_1093_,VDD,Metal1,164.4600,19.1650,4.998734
_1092_,VDD,Metal1,196.3800,19.1650,4.998564
_1091_,VDD,Metal1,210.9400,67.0750,4.999997
_1090_,VDD,Metal1,210.9400,19.1650,4.998500
_1089_,VDD,Metal1,219.3400,35.7150,4.999995
_1088_,VDD,Metal1,220.4600,34.8450,4.999995
_1087_,VDD,Metal1,213.1800,19.1650,4.998499
_1086_,VDD,Metal1,219.3400,27.8750,4.999422
_1085_,VDD,Metal1,218.7800,19.1650,4.998486
_1084_,VDD,Metal1,215.4200,19.1650,4.998486
_1083_,VDD,Metal1,220.4600,191.6450,5.000000
_1082_,VDD,Metal1,211.5000,191.6450,5.000000
_1081_,VDD,Metal1,212.0600,176.8350,5.000000
_1080_,VDD,Metal1,194.1400,168.1250,5.000000
_1079_,VDD,Metal1,220.2600,161.1550,5.000000
_1078_,VDD,Metal1,200.8600,168.9950,5.000000
_1077_,VDD,Metal1,193.3800,137.6350,5.000000
_1076_,VDD,Metal1,204.5800,153.3150,5.000000
_1075_,VDD,Metal1,212.0600,137.6350,5.000000
_1074_,VDD,Metal1,221.0200,121.0850,5.000000
_1073_,VDD,Metal1,221.0200,74.9150,5.000000
_1072_,VDD,Metal1,221.0200,74.0450,5.000000
_1071_,VDD,Metal1,218.7800,74.0450,5.000000
_1070_,VDD,Metal1,221.0200,89.7250,5.000000
_1069_,VDD,Metal1,215.7800,74.0450,5.000000
_1068_,VDD,Metal1,210.3800,74.0450,5.000000
_1067_,VDD,Metal1,219.9000,81.8850,4.999995
_1066_,VDD,Metal1,221.0200,19.1650,4.998486
_1065_,VDD,Metal1,212.9800,67.0750,4.999997
_1064_,VDD,Metal1,218.2200,67.0750,4.999997
_1063_,VDD,Metal1,220.4600,67.0750,4.999997
_1062_,VDD,Metal1,215.2200,67.0750,4.999997
_1061_,VDD,Metal1,206.2600,82.7550,4.999995
_1060_,VDD,Metal1,212.6200,74.0450,5.000000
_1059_,VDD,Metal1,218.7800,74.9150,5.000000
_1058_,VDD,Metal1,207.9400,90.5950,5.000000
_1057_,VDD,Metal1,201.9800,98.4350,5.000000
_1056_,VDD,Metal1,201.9800,114.1150,5.000000
_1055_,VDD,Metal1,35.1000,58.3650,4.999812
_1054_,VDD,Metal1,17.5400,81.8850,4.999988
_1053_,VDD,Metal1,91.6600,208.1950,5.000000
_1052_,VDD,Metal1,93.7000,208.1950,5.000000
_1051_,VDD,Metal1,106.5800,152.4450,5.000000
_1050_,VDD,Metal1,109.9400,144.6050,5.000000
_1049_,VDD,Metal1,106.5800,136.7650,5.000000
_1048_,VDD,Metal1,98.9400,128.9250,5.000000
_1047_,VDD,Metal1,111.0600,113.2450,5.000000
_1046_,VDD,Metal1,92.5800,98.4350,5.000000
_1045_,VDD,Metal1,95.5800,98.4350,5.000000
_1044_,VDD,Metal1,73.7400,89.7250,5.000000
_1043_,VDD,Metal1,115.7400,74.9150,5.000000
_1042_,VDD,Metal1,114.0600,74.0450,5.000000
_1041_,VDD,Metal1,117.9800,66.2050,4.999997
_1040_,VDD,Metal1,114.9800,43.5550,4.999999
_1039_,VDD,Metal1,108.2600,20.0350,4.998734
_1038_,VDD,Metal1,111.8200,74.0450,5.000000
_1037_,VDD,Metal1,158.3000,19.1650,4.998710
_1036_,VDD,Metal1,133.6600,66.2050,4.999997
_1035_,VDD,Metal1,109.5800,74.0450,5.000000
