+ define_corners nom_tt_025C_5v00
Reading timing models for corner nom_tt_025C_5v00…
Reading cell library for the 'nom_tt_025C_5v00' corner at '/foss/pdks/gf180mcuD/libs.ref/gf180mcu_fd_sc_mcu7t5v0/lib/gf180mcu_fd_sc_mcu7t5v0__tt_025C_5v00.lib'…
Reading top-level netlist at '/foss/designs/low-power-12b-first-order-delta-sigma-adc/src/piso/runs/RUN_2026-08-25_09-54-23/52-openroad-fillinsertion/piso_12bit.nl.v'…
Linking design 'piso_12bit' from netlist…
Reading design constraints file at '/foss/designs/low-power-12b-first-order-delta-sigma-adc/src/piso/constraint.sdc'…
Warning: constraint.sdc line 8, resistance scale 1e+03 does not match library scale 1e+00.
[INFO] No information on clock propagation in input SDC file-- propagating all clocks.
Reading top-level design parasitics for the 'nom_tt_025C_5v00' corner at '/foss/designs/low-power-12b-first-order-delta-sigma-adc/src/piso/runs/RUN_2026-08-25_09-54-23/54-openroad-rcx/nom/piso_12bit.nom.spef'…
%OL_CREATE_REPORT min.rpt

===========================================================================
report_checks -path_delay min (Hold)
============================================================================
======================= nom_tt_025C_5v00 Corner ===================================

Startpoint: _74_ (rising edge-triggered flip-flop clocked by clk)
Endpoint: _75_ (rising edge-triggered flip-flop clocked by clk)
Path Group: clk
Path Type: min

Fanout         Cap        Slew       Delay        Time   Description
---------------------------------------------------------------------------------------------
                                  0.000000    0.000000   clock clk (rise edge)
                                  0.000000    0.000000   clock source latency
     1    0.027987    0.000014    0.000445    0.000445 ^ clk (in)
                                                         clk (net)
                      0.001068    0.000000    0.000445 ^ clkbuf_0_clk/I (gf180mcu_fd_sc_mcu7t5v0__clkbuf_16)
     2    0.046845    0.112143    0.224307    0.224752 ^ clkbuf_0_clk/Z (gf180mcu_fd_sc_mcu7t5v0__clkbuf_16)
                                                         clknet_0_clk (net)
                      0.112145    0.000887    0.225639 ^ clkbuf_1_0__f_clk/I (gf180mcu_fd_sc_mcu7t5v0__clkbuf_16)
     6    0.040136    0.106587    0.240360    0.465999 ^ clkbuf_1_0__f_clk/Z (gf180mcu_fd_sc_mcu7t5v0__clkbuf_16)
                                                         clknet_1_0__leaf_clk (net)
                      0.106587    0.000186    0.466185 ^ _74_/CLK (gf180mcu_fd_sc_mcu7t5v0__dffrnq_1)
     1    0.005267    0.116522    0.689721    1.155906 v _74_/Q (gf180mcu_fd_sc_mcu7t5v0__dffrnq_1)
                                                         shift_reg[8] (net)
                      0.116522    0.000058    1.155964 v _42_/I (gf180mcu_fd_sc_mcu7t5v0__clkinv_1)
     1    0.005829    0.143509    0.115943    1.271907 ^ _42_/ZN (gf180mcu_fd_sc_mcu7t5v0__clkinv_1)
                                                         _20_ (net)
                      0.143509    0.000062    1.271969 ^ _62_/A2 (gf180mcu_fd_sc_mcu7t5v0__oai21_1)
     1    0.003778    0.137235    0.128998    1.400966 v _62_/ZN (gf180mcu_fd_sc_mcu7t5v0__oai21_1)
                                                         _11_ (net)
                      0.137235    0.000038    1.401004 v _75_/D (gf180mcu_fd_sc_mcu7t5v0__dffrnq_1)
                                              1.401004   data arrival time

                                  0.000000    0.000000   clock clk (rise edge)
                                  0.000000    0.000000   clock source latency
     1    0.027987    0.000014    0.000445    0.000445 ^ clk (in)
                                                         clk (net)
                      0.001068    0.000000    0.000445 ^ clkbuf_0_clk/I (gf180mcu_fd_sc_mcu7t5v0__clkbuf_16)
     2    0.046845    0.112143    0.224307    0.224752 ^ clkbuf_0_clk/Z (gf180mcu_fd_sc_mcu7t5v0__clkbuf_16)
                                                         clknet_0_clk (net)
                      0.112145    0.000921    0.225672 ^ clkbuf_1_1__f_clk/I (gf180mcu_fd_sc_mcu7t5v0__clkbuf_16)
     7    0.037678    0.104470    0.238737    0.464409 ^ clkbuf_1_1__f_clk/Z (gf180mcu_fd_sc_mcu7t5v0__clkbuf_16)
                                                         clknet_1_1__leaf_clk (net)
                      0.104470    0.000267    0.464676 ^ _75_/CLK (gf180mcu_fd_sc_mcu7t5v0__dffrnq_1)
                                  0.250000    0.714676   clock uncertainty
                                  0.000000    0.714676   clock reconvergence pessimism
                                  0.129456    0.844132   library hold time
                                              0.844132   data required time
---------------------------------------------------------------------------------------------
                                              0.844132   data required time
                                             -1.401004   data arrival time
---------------------------------------------------------------------------------------------
                                              0.556872   slack (MET)


Startpoint: _75_ (rising edge-triggered flip-flop clocked by clk)
Endpoint: _76_ (rising edge-triggered flip-flop clocked by clk)
Path Group: clk
Path Type: min

Fanout         Cap        Slew       Delay        Time   Description
---------------------------------------------------------------------------------------------
                                  0.000000    0.000000   clock clk (rise edge)
                                  0.000000    0.000000   clock source latency
     1    0.027987    0.000014    0.000445    0.000445 ^ clk (in)
                                                         clk (net)
                      0.001068    0.000000    0.000445 ^ clkbuf_0_clk/I (gf180mcu_fd_sc_mcu7t5v0__clkbuf_16)
     2    0.046845    0.112143    0.224307    0.224752 ^ clkbuf_0_clk/Z (gf180mcu_fd_sc_mcu7t5v0__clkbuf_16)
                                                         clknet_0_clk (net)
                      0.112145    0.000921    0.225672 ^ clkbuf_1_1__f_clk/I (gf180mcu_fd_sc_mcu7t5v0__clkbuf_16)
     7    0.037678    0.104470    0.238737    0.464409 ^ clkbuf_1_1__f_clk/Z (gf180mcu_fd_sc_mcu7t5v0__clkbuf_16)
                                                         clknet_1_1__leaf_clk (net)
                      0.104470    0.000267    0.464676 ^ _75_/CLK (gf180mcu_fd_sc_mcu7t5v0__dffrnq_1)
     1    0.007213    0.133347    0.704987    1.169663 v _75_/Q (gf180mcu_fd_sc_mcu7t5v0__dffrnq_1)
                                                         shift_reg[9] (net)
                      0.133347    0.000156    1.169820 v _43_/I (gf180mcu_fd_sc_mcu7t5v0__clkinv_1)
     1    0.007765    0.171343    0.138754    1.308573 ^ _43_/ZN (gf180mcu_fd_sc_mcu7t5v0__clkinv_1)
                                                         _21_ (net)
                      0.171343    0.000171    1.308745 ^ _64_/A2 (gf180mcu_fd_sc_mcu7t5v0__oai21_1)
     1    0.003866    0.134021    0.133620    1.442365 v _64_/ZN (gf180mcu_fd_sc_mcu7t5v0__oai21_1)
                                                         _01_ (net)
                      0.134021    0.000041    1.442406 v _76_/D (gf180mcu_fd_sc_mcu7t5v0__dffrnq_1)
                                              1.442406   data arrival time

                                  0.000000    0.000000   clock clk (rise edge)
                                  0.000000    0.000000   clock source latency
     1    0.027987    0.000014    0.000445    0.000445 ^ clk (in)
                                                         clk (net)
                      0.001068    0.000000    0.000445 ^ clkbuf_0_clk/I (gf180mcu_fd_sc_mcu7t5v0__clkbuf_16)
     2    0.046845    0.112143    0.224307    0.224752 ^ clkbuf_0_clk/Z (gf180mcu_fd_sc_mcu7t5v0__clkbuf_16)
                                                         clknet_0_clk (net)
                      0.112145    0.000921    0.225672 ^ clkbuf_1_1__f_clk/I (gf180mcu_fd_sc_mcu7t5v0__clkbuf_16)
     7    0.037678    0.104470    0.238737    0.464409 ^ clkbuf_1_1__f_clk/Z (gf180mcu_fd_sc_mcu7t5v0__clkbuf_16)
                                                         clknet_1_1__leaf_clk (net)
                      0.104470    0.000107    0.464516 ^ _76_/CLK (gf180mcu_fd_sc_mcu7t5v0__dffrnq_1)
                                  0.250000    0.714516   clock uncertainty
                                  0.000000    0.714516   clock reconvergence pessimism
                                  0.130135    0.844651   library hold time
                                              0.844651   data required time
---------------------------------------------------------------------------------------------
                                              0.844651   data required time
                                             -1.442406   data arrival time
---------------------------------------------------------------------------------------------
                                              0.597754   slack (MET)


Startpoint: _73_ (rising edge-triggered flip-flop clocked by clk)
Endpoint: _74_ (rising edge-triggered flip-flop clocked by clk)
Path Group: clk
Path Type: min

Fanout         Cap        Slew       Delay        Time   Description
---------------------------------------------------------------------------------------------
                                  0.000000    0.000000   clock clk (rise edge)
                                  0.000000    0.000000   clock source latency
     1    0.027987    0.000014    0.000445    0.000445 ^ clk (in)
                                                         clk (net)
                      0.001068    0.000000    0.000445 ^ clkbuf_0_clk/I (gf180mcu_fd_sc_mcu7t5v0__clkbuf_16)
     2    0.046845    0.112143    0.224307    0.224752 ^ clkbuf_0_clk/Z (gf180mcu_fd_sc_mcu7t5v0__clkbuf_16)
                                                         clknet_0_clk (net)
                      0.112145    0.000887    0.225639 ^ clkbuf_1_0__f_clk/I (gf180mcu_fd_sc_mcu7t5v0__clkbuf_16)
     6    0.040136    0.106587    0.240360    0.465999 ^ clkbuf_1_0__f_clk/Z (gf180mcu_fd_sc_mcu7t5v0__clkbuf_16)
                                                         clknet_1_0__leaf_clk (net)
                      0.106588    0.000339    0.466338 ^ _73_/CLK (gf180mcu_fd_sc_mcu7t5v0__dffrnq_1)
     1    0.008965    0.149295    0.718788    1.185126 v _73_/Q (gf180mcu_fd_sc_mcu7t5v0__dffrnq_1)
                                                         shift_reg[7] (net)
                      0.149295    0.000218    1.185344 v _41_/I (gf180mcu_fd_sc_mcu7t5v0__clkinv_1)
     1    0.006092    0.150197    0.127242    1.312586 ^ _41_/ZN (gf180mcu_fd_sc_mcu7t5v0__clkinv_1)
                                                         _19_ (net)
                      0.150197    0.000070    1.312656 ^ _60_/A2 (gf180mcu_fd_sc_mcu7t5v0__oai21_1)
     1    0.003911    0.137517    0.131122    1.443778 v _60_/ZN (gf180mcu_fd_sc_mcu7t5v0__oai21_1)
                                                         _10_ (net)
                      0.137517    0.000042    1.443820 v _74_/D (gf180mcu_fd_sc_mcu7t5v0__dffrnq_1)
                                              1.443820   data arrival time

                                  0.000000    0.000000   clock clk (rise edge)
                                  0.000000    0.000000   clock source latency
     1    0.027987    0.000014    0.000445    0.000445 ^ clk (in)
                                                         clk (net)
                      0.001068    0.000000    0.000445 ^ clkbuf_0_clk/I (gf180mcu_fd_sc_mcu7t5v0__clkbuf_16)
     2    0.046845    0.112143    0.224307    0.224752 ^ clkbuf_0_clk/Z (gf180mcu_fd_sc_mcu7t5v0__clkbuf_16)
                                                         clknet_0_clk (net)
                      0.112145    0.000887    0.225639 ^ clkbuf_1_0__f_clk/I (gf180mcu_fd_sc_mcu7t5v0__clkbuf_16)
     6    0.040136    0.106587    0.240360    0.465999 ^ clkbuf_1_0__f_clk/Z (gf180mcu_fd_sc_mcu7t5v0__clkbuf_16)
                                                         clknet_1_0__leaf_clk (net)
                      0.106587    0.000186    0.466185 ^ _74_/CLK (gf180mcu_fd_sc_mcu7t5v0__dffrnq_1)
                                  0.250000    0.716185   clock uncertainty
                                  0.000000    0.716185   clock reconvergence pessimism
                                  0.129776    0.845961   library hold time
                                              0.845961   data required time
---------------------------------------------------------------------------------------------
                                              0.845961   data required time
                                             -1.443820   data arrival time
---------------------------------------------------------------------------------------------
                                              0.597859   slack (MET)


Startpoint: _78_ (rising edge-triggered flip-flop clocked by clk)
Endpoint: _79_ (rising edge-triggered flip-flop clocked by clk)
Path Group: clk
Path Type: min

Fanout         Cap        Slew       Delay        Time   Description
---------------------------------------------------------------------------------------------
                                  0.000000    0.000000   clock clk (rise edge)
                                  0.000000    0.000000   clock source latency
     1    0.027987    0.000014    0.000445    0.000445 ^ clk (in)
                                                         clk (net)
                      0.001068    0.000000    0.000445 ^ clkbuf_0_clk/I (gf180mcu_fd_sc_mcu7t5v0__clkbuf_16)
     2    0.046845    0.112143    0.224307    0.224752 ^ clkbuf_0_clk/Z (gf180mcu_fd_sc_mcu7t5v0__clkbuf_16)
                                                         clknet_0_clk (net)
                      0.112145    0.000887    0.225639 ^ clkbuf_1_0__f_clk/I (gf180mcu_fd_sc_mcu7t5v0__clkbuf_16)
     6    0.040136    0.106587    0.240360    0.465999 ^ clkbuf_1_0__f_clk/Z (gf180mcu_fd_sc_mcu7t5v0__clkbuf_16)
                                                         clknet_1_0__leaf_clk (net)
                      0.106588    0.000271    0.466270 ^ _78_/CLK (gf180mcu_fd_sc_mcu7t5v0__dffrnq_1)
     1    0.006222    0.124764    0.697436    1.163706 v _78_/Q (gf180mcu_fd_sc_mcu7t5v0__dffrnq_1)
                                                         shift_reg[0] (net)
                      0.124764    0.000081    1.163787 v _34_/I (gf180mcu_fd_sc_mcu7t5v0__clkinv_1)
     1    0.008138    0.176454    0.139904    1.303691 ^ _34_/ZN (gf180mcu_fd_sc_mcu7t5v0__clkinv_1)
                                                         _12_ (net)
                      0.176454    0.000188    1.303878 ^ _46_/A1 (gf180mcu_fd_sc_mcu7t5v0__oai21_1)
     1    0.007157    0.168732    0.144144    1.448023 v _46_/ZN (gf180mcu_fd_sc_mcu7t5v0__oai21_1)
                                                         _03_ (net)
                      0.168732    0.000168    1.448190 v _79_/D (gf180mcu_fd_sc_mcu7t5v0__dffrnq_1)
                                              1.448190   data arrival time

                                  0.000000    0.000000   clock clk (rise edge)
                                  0.000000    0.000000   clock source latency
     1    0.027987    0.000014    0.000445    0.000445 ^ clk (in)
                                                         clk (net)
                      0.001068    0.000000    0.000445 ^ clkbuf_0_clk/I (gf180mcu_fd_sc_mcu7t5v0__clkbuf_16)
     2    0.046845    0.112143    0.224307    0.224752 ^ clkbuf_0_clk/Z (gf180mcu_fd_sc_mcu7t5v0__clkbuf_16)
                                                         clknet_0_clk (net)
                      0.112145    0.000921    0.225672 ^ clkbuf_1_1__f_clk/I (gf180mcu_fd_sc_mcu7t5v0__clkbuf_16)
     7    0.037678    0.104470    0.238737    0.464409 ^ clkbuf_1_1__f_clk/Z (gf180mcu_fd_sc_mcu7t5v0__clkbuf_16)
                                                         clknet_1_1__leaf_clk (net)
                      0.104470    0.000278    0.464687 ^ _79_/CLK (gf180mcu_fd_sc_mcu7t5v0__dffrnq_1)
                                  0.250000    0.714687   clock uncertainty
                                  0.000000    0.714687   clock reconvergence pessimism
                                  0.122972    0.837660   library hold time
                                              0.837660   data required time
---------------------------------------------------------------------------------------------
                                              0.837660   data required time
                                             -1.448190   data arrival time
---------------------------------------------------------------------------------------------
                                              0.610531   slack (MET)


Startpoint: _68_ (rising edge-triggered flip-flop clocked by clk)
Endpoint: _69_ (rising edge-triggered flip-flop clocked by clk)
Path Group: clk
Path Type: min

Fanout         Cap        Slew       Delay        Time   Description
---------------------------------------------------------------------------------------------
                                  0.000000    0.000000   clock clk (rise edge)
                                  0.000000    0.000000   clock source latency
     1    0.027987    0.000014    0.000445    0.000445 ^ clk (in)
                                                         clk (net)
                      0.001068    0.000000    0.000445 ^ clkbuf_0_clk/I (gf180mcu_fd_sc_mcu7t5v0__clkbuf_16)
     2    0.046845    0.112143    0.224307    0.224752 ^ clkbuf_0_clk/Z (gf180mcu_fd_sc_mcu7t5v0__clkbuf_16)
                                                         clknet_0_clk (net)
                      0.112145    0.000887    0.225639 ^ clkbuf_1_0__f_clk/I (gf180mcu_fd_sc_mcu7t5v0__clkbuf_16)
     6    0.040136    0.106587    0.240360    0.465999 ^ clkbuf_1_0__f_clk/Z (gf180mcu_fd_sc_mcu7t5v0__clkbuf_16)
                                                         clknet_1_0__leaf_clk (net)
                      0.106588    0.000347    0.466346 ^ _68_/CLK (gf180mcu_fd_sc_mcu7t5v0__dffrnq_1)
     1    0.010009    0.157897    0.725828    1.192174 v _68_/Q (gf180mcu_fd_sc_mcu7t5v0__dffrnq_1)
                                                         shift_reg[2] (net)
                      0.157897    0.000182    1.192356 v _36_/I (gf180mcu_fd_sc_mcu7t5v0__clkinv_1)
     1    0.007465    0.170432    0.142544    1.334900 ^ _36_/ZN (gf180mcu_fd_sc_mcu7t5v0__clkinv_1)
                                                         _14_ (net)
                      0.170432    0.000103    1.335002 ^ _50_/A2 (gf180mcu_fd_sc_mcu7t5v0__oai21_1)
     1    0.004003    0.143533    0.134754    1.469756 v _50_/ZN (gf180mcu_fd_sc_mcu7t5v0__oai21_1)
                                                         _05_ (net)
                      0.143533    0.000042    1.469798 v _69_/D (gf180mcu_fd_sc_mcu7t5v0__dffrnq_1)
                                              1.469798   data arrival time

                                  0.000000    0.000000   clock clk (rise edge)
                                  0.000000    0.000000   clock source latency
     1    0.027987    0.000014    0.000445    0.000445 ^ clk (in)
                                                         clk (net)
                      0.001068    0.000000    0.000445 ^ clkbuf_0_clk/I (gf180mcu_fd_sc_mcu7t5v0__clkbuf_16)
     2    0.046845    0.112143    0.224307    0.224752 ^ clkbuf_0_clk/Z (gf180mcu_fd_sc_mcu7t5v0__clkbuf_16)
                                                         clknet_0_clk (net)
                      0.112145    0.000921    0.225672 ^ clkbuf_1_1__f_clk/I (gf180mcu_fd_sc_mcu7t5v0__clkbuf_16)
     7    0.037678    0.104470    0.238737    0.464409 ^ clkbuf_1_1__f_clk/Z (gf180mcu_fd_sc_mcu7t5v0__clkbuf_16)
                                                         clknet_1_1__leaf_clk (net)
                      0.104470    0.000428    0.464837 ^ _69_/CLK (gf180mcu_fd_sc_mcu7t5v0__dffrnq_1)
                                  0.250000    0.714837   clock uncertainty
                                  0.000000    0.714837   clock reconvergence pessimism
                                  0.128126    0.842963   library hold time
                                              0.842963   data required time
---------------------------------------------------------------------------------------------
                                              0.842963   data required time
                                             -1.469798   data arrival time
---------------------------------------------------------------------------------------------
                                              0.626835   slack (MET)


Startpoint: _79_ (rising edge-triggered flip-flop clocked by clk)
Endpoint: _68_ (rising edge-triggered flip-flop clocked by clk)
Path Group: clk
Path Type: min

Fanout         Cap        Slew       Delay        Time   Description
---------------------------------------------------------------------------------------------
                                  0.000000    0.000000   clock clk (rise edge)
                                  0.000000    0.000000   clock source latency
     1    0.027987    0.000014    0.000445    0.000445 ^ clk (in)
                                                         clk (net)
                      0.001068    0.000000    0.000445 ^ clkbuf_0_clk/I (gf180mcu_fd_sc_mcu7t5v0__clkbuf_16)
     2    0.046845    0.112143    0.224307    0.224752 ^ clkbuf_0_clk/Z (gf180mcu_fd_sc_mcu7t5v0__clkbuf_16)
                                                         clknet_0_clk (net)
                      0.112145    0.000921    0.225672 ^ clkbuf_1_1__f_clk/I (gf180mcu_fd_sc_mcu7t5v0__clkbuf_16)
     7    0.037678    0.104470    0.238737    0.464409 ^ clkbuf_1_1__f_clk/Z (gf180mcu_fd_sc_mcu7t5v0__clkbuf_16)
                                                         clknet_1_1__leaf_clk (net)
                      0.104470    0.000278    0.464687 ^ _79_/CLK (gf180mcu_fd_sc_mcu7t5v0__dffrnq_1)
     1    0.007916    0.139951    0.710695    1.175382 v _79_/Q (gf180mcu_fd_sc_mcu7t5v0__dffrnq_1)
                                                         shift_reg[1] (net)
                      0.139951    0.000118    1.175500 v _35_/I (gf180mcu_fd_sc_mcu7t5v0__clkinv_1)
     1    0.010245    0.209927    0.163454    1.338953 ^ _35_/ZN (gf180mcu_fd_sc_mcu7t5v0__clkinv_1)
                                                         _13_ (net)
                      0.209927    0.000264    1.339217 ^ _48_/A2 (gf180mcu_fd_sc_mcu7t5v0__oai21_1)
     1    0.003715    0.146042    0.137444    1.476662 v _48_/ZN (gf180mcu_fd_sc_mcu7t5v0__oai21_1)
                                                         _04_ (net)
                      0.146042    0.000037    1.476699 v _68_/D (gf180mcu_fd_sc_mcu7t5v0__dffrnq_1)
                                              1.476699   data arrival time

                                  0.000000    0.000000   clock clk (rise edge)
                                  0.000000    0.000000   clock source latency
     1    0.027987    0.000014    0.000445    0.000445 ^ clk (in)
                                                         clk (net)
                      0.001068    0.000000    0.000445 ^ clkbuf_0_clk/I (gf180mcu_fd_sc_mcu7t5v0__clkbuf_16)
     2    0.046845    0.112143    0.224307    0.224752 ^ clkbuf_0_clk/Z (gf180mcu_fd_sc_mcu7t5v0__clkbuf_16)
                                                         clknet_0_clk (net)
                      0.112145    0.000887    0.225639 ^ clkbuf_1_0__f_clk/I (gf180mcu_fd_sc_mcu7t5v0__clkbuf_16)
     6    0.040136    0.106587    0.240360    0.465999 ^ clkbuf_1_0__f_clk/Z (gf180mcu_fd_sc_mcu7t5v0__clkbuf_16)
                                                         clknet_1_0__leaf_clk (net)
                      0.106588    0.000347    0.466346 ^ _68_/CLK (gf180mcu_fd_sc_mcu7t5v0__dffrnq_1)
                                  0.250000    0.716346   clock uncertainty
                                  0.000000    0.716346   clock reconvergence pessimism
                                  0.127985    0.844331   library hold time
                                              0.844331   data required time
---------------------------------------------------------------------------------------------
                                              0.844331   data required time
                                             -1.476699   data arrival time
---------------------------------------------------------------------------------------------
                                              0.632368   slack (MET)


Startpoint: _70_ (rising edge-triggered flip-flop clocked by clk)
Endpoint: _71_ (rising edge-triggered flip-flop clocked by clk)
Path Group: clk
Path Type: min

Fanout         Cap        Slew       Delay        Time   Description
---------------------------------------------------------------------------------------------
                                  0.000000    0.000000   clock clk (rise edge)
                                  0.000000    0.000000   clock source latency
     1    0.027987    0.000014    0.000445    0.000445 ^ clk (in)
                                                         clk (net)
                      0.001068    0.000000    0.000445 ^ clkbuf_0_clk/I (gf180mcu_fd_sc_mcu7t5v0__clkbuf_16)
     2    0.046845    0.112143    0.224307    0.224752 ^ clkbuf_0_clk/Z (gf180mcu_fd_sc_mcu7t5v0__clkbuf_16)
                                                         clknet_0_clk (net)
                      0.112145    0.000921    0.225672 ^ clkbuf_1_1__f_clk/I (gf180mcu_fd_sc_mcu7t5v0__clkbuf_16)
     7    0.037678    0.104470    0.238737    0.464409 ^ clkbuf_1_1__f_clk/Z (gf180mcu_fd_sc_mcu7t5v0__clkbuf_16)
                                                         clknet_1_1__leaf_clk (net)
                      0.104470    0.000097    0.464506 ^ _70_/CLK (gf180mcu_fd_sc_mcu7t5v0__dffrnq_1)
     1    0.010860    0.164893    0.731084    1.195590 v _70_/Q (gf180mcu_fd_sc_mcu7t5v0__dffrnq_1)
                                                         shift_reg[4] (net)
                      0.164893    0.000291    1.195881 v _38_/I (gf180mcu_fd_sc_mcu7t5v0__clkinv_1)
     1    0.008389    0.185051    0.153209    1.349091 ^ _38_/ZN (gf180mcu_fd_sc_mcu7t5v0__clkinv_1)
                                                         _16_ (net)
                      0.185051    0.000125    1.349216 ^ _54_/A2 (gf180mcu_fd_sc_mcu7t5v0__oai21_1)
     1    0.006641    0.180011    0.161019    1.510235 v _54_/ZN (gf180mcu_fd_sc_mcu7t5v0__oai21_1)
                                                         _07_ (net)
                      0.180011    0.000157    1.510392 v _71_/D (gf180mcu_fd_sc_mcu7t5v0__dffrnq_1)
                                              1.510392   data arrival time

                                  0.000000    0.000000   clock clk (rise edge)
                                  0.000000    0.000000   clock source latency
     1    0.027987    0.000014    0.000445    0.000445 ^ clk (in)
                                                         clk (net)
                      0.001068    0.000000    0.000445 ^ clkbuf_0_clk/I (gf180mcu_fd_sc_mcu7t5v0__clkbuf_16)
     2    0.046845    0.112143    0.224307    0.224752 ^ clkbuf_0_clk/Z (gf180mcu_fd_sc_mcu7t5v0__clkbuf_16)
                                                         clknet_0_clk (net)
                      0.112145    0.000921    0.225672 ^ clkbuf_1_1__f_clk/I (gf180mcu_fd_sc_mcu7t5v0__clkbuf_16)
     7    0.037678    0.104470    0.238737    0.464409 ^ clkbuf_1_1__f_clk/Z (gf180mcu_fd_sc_mcu7t5v0__clkbuf_16)
                                                         clknet_1_1__leaf_clk (net)
                      0.104470    0.000089    0.464499 ^ _71_/CLK (gf180mcu_fd_sc_mcu7t5v0__dffrnq_1)
                                  0.250000    0.714499   clock uncertainty
                                  0.000000    0.714499   clock reconvergence pessimism
                                  0.120666    0.835165   library hold time
                                              0.835165   data required time
---------------------------------------------------------------------------------------------
                                              0.835165   data required time
                                             -1.510392   data arrival time
---------------------------------------------------------------------------------------------
                                              0.675227   slack (MET)


Startpoint: _76_ (rising edge-triggered flip-flop clocked by clk)
Endpoint: _77_ (rising edge-triggered flip-flop clocked by clk)
Path Group: clk
Path Type: min

Fanout         Cap        Slew       Delay        Time   Description
---------------------------------------------------------------------------------------------
                                  0.000000    0.000000   clock clk (rise edge)
                                  0.000000    0.000000   clock source latency
     1    0.027987    0.000014    0.000445    0.000445 ^ clk (in)
                                                         clk (net)
                      0.001068    0.000000    0.000445 ^ clkbuf_0_clk/I (gf180mcu_fd_sc_mcu7t5v0__clkbuf_16)
     2    0.046845    0.112143    0.224307    0.224752 ^ clkbuf_0_clk/Z (gf180mcu_fd_sc_mcu7t5v0__clkbuf_16)
                                                         clknet_0_clk (net)
                      0.112145    0.000921    0.225672 ^ clkbuf_1_1__f_clk/I (gf180mcu_fd_sc_mcu7t5v0__clkbuf_16)
     7    0.037678    0.104470    0.238737    0.464409 ^ clkbuf_1_1__f_clk/Z (gf180mcu_fd_sc_mcu7t5v0__clkbuf_16)
                                                         clknet_1_1__leaf_clk (net)
                      0.104470    0.000107    0.464516 ^ _76_/CLK (gf180mcu_fd_sc_mcu7t5v0__dffrnq_1)
     1    0.006681    0.128738    0.700697    1.165214 v _76_/Q (gf180mcu_fd_sc_mcu7t5v0__dffrnq_1)
                                                         shift_reg[10] (net)
                      0.128738    0.000140    1.165354 v _44_/I (gf180mcu_fd_sc_mcu7t5v0__clkinv_1)
     1    0.011918    0.236220    0.175829    1.341183 ^ _44_/ZN (gf180mcu_fd_sc_mcu7t5v0__clkinv_1)
                                                         _22_ (net)
                      0.236220    0.000326    1.341509 ^ _66_/A2 (gf180mcu_fd_sc_mcu7t5v0__oai21_1)
     1    0.007103    0.176164    0.173507    1.515017 v _66_/ZN (gf180mcu_fd_sc_mcu7t5v0__oai21_1)
                                                         _02_ (net)
                      0.176164    0.000168    1.515184 v _77_/D (gf180mcu_fd_sc_mcu7t5v0__dffrnq_1)
                                              1.515184   data arrival time

                                  0.000000    0.000000   clock clk (rise edge)
                                  0.000000    0.000000   clock source latency
     1    0.027987    0.000014    0.000445    0.000445 ^ clk (in)
                                                         clk (net)
                      0.001068    0.000000    0.000445 ^ clkbuf_0_clk/I (gf180mcu_fd_sc_mcu7t5v0__clkbuf_16)
     2    0.046845    0.112143    0.224307    0.224752 ^ clkbuf_0_clk/Z (gf180mcu_fd_sc_mcu7t5v0__clkbuf_16)
                                                         clknet_0_clk (net)
                      0.112145    0.000921    0.225672 ^ clkbuf_1_1__f_clk/I (gf180mcu_fd_sc_mcu7t5v0__clkbuf_16)
     7    0.037678    0.104470    0.238737    0.464409 ^ clkbuf_1_1__f_clk/Z (gf180mcu_fd_sc_mcu7t5v0__clkbuf_16)
                                                         clknet_1_1__leaf_clk (net)
                      0.104470    0.000131    0.464540 ^ _77_/CLK (gf180mcu_fd_sc_mcu7t5v0__dffrnq_1)
                                  0.250000    0.714540   clock uncertainty
                                  0.000000    0.714540   clock reconvergence pessimism
                                  0.121453    0.835993   library hold time
                                              0.835993   data required time
---------------------------------------------------------------------------------------------
                                              0.835993   data required time
                                             -1.515184   data arrival time
---------------------------------------------------------------------------------------------
                                              0.679191   slack (MET)


Startpoint: _72_ (rising edge-triggered flip-flop clocked by clk)
Endpoint: _73_ (rising edge-triggered flip-flop clocked by clk)
Path Group: clk
Path Type: min

Fanout         Cap        Slew       Delay        Time   Description
---------------------------------------------------------------------------------------------
                                  0.000000    0.000000   clock clk (rise edge)
                                  0.000000    0.000000   clock source latency
     1    0.027987    0.000014    0.000445    0.000445 ^ clk (in)
                                                         clk (net)
                      0.001068    0.000000    0.000445 ^ clkbuf_0_clk/I (gf180mcu_fd_sc_mcu7t5v0__clkbuf_16)
     2    0.046845    0.112143    0.224307    0.224752 ^ clkbuf_0_clk/Z (gf180mcu_fd_sc_mcu7t5v0__clkbuf_16)
                                                         clknet_0_clk (net)
                      0.112145    0.000887    0.225639 ^ clkbuf_1_0__f_clk/I (gf180mcu_fd_sc_mcu7t5v0__clkbuf_16)
     6    0.040136    0.106587    0.240360    0.465999 ^ clkbuf_1_0__f_clk/Z (gf180mcu_fd_sc_mcu7t5v0__clkbuf_16)
                                                         clknet_1_0__leaf_clk (net)
                      0.106587    0.000197    0.466196 ^ _72_/CLK (gf180mcu_fd_sc_mcu7t5v0__dffrnq_1)
     1    0.011989    0.174269    0.739098    1.205294 v _72_/Q (gf180mcu_fd_sc_mcu7t5v0__dffrnq_1)
                                                         shift_reg[6] (net)
                      0.174269    0.000354    1.205648 v _40_/I (gf180mcu_fd_sc_mcu7t5v0__clkinv_1)
     1    0.007400    0.172922    0.146200    1.351848 ^ _40_/ZN (gf180mcu_fd_sc_mcu7t5v0__clkinv_1)
                                                         _18_ (net)
                      0.172922    0.000157    1.352005 ^ _58_/A2 (gf180mcu_fd_sc_mcu7t5v0__oai21_1)
     1    0.007652    0.171423    0.168186    1.520191 v _58_/ZN (gf180mcu_fd_sc_mcu7t5v0__oai21_1)
                                                         _09_ (net)
                      0.171423    0.000187    1.520378 v _73_/D (gf180mcu_fd_sc_mcu7t5v0__dffrnq_1)
                                              1.520378   data arrival time

                                  0.000000    0.000000   clock clk (rise edge)
                                  0.000000    0.000000   clock source latency
     1    0.027987    0.000014    0.000445    0.000445 ^ clk (in)
                                                         clk (net)
                      0.001068    0.000000    0.000445 ^ clkbuf_0_clk/I (gf180mcu_fd_sc_mcu7t5v0__clkbuf_16)
     2    0.046845    0.112143    0.224307    0.224752 ^ clkbuf_0_clk/Z (gf180mcu_fd_sc_mcu7t5v0__clkbuf_16)
                                                         clknet_0_clk (net)
                      0.112145    0.000887    0.225639 ^ clkbuf_1_0__f_clk/I (gf180mcu_fd_sc_mcu7t5v0__clkbuf_16)
     6    0.040136    0.106587    0.240360    0.465999 ^ clkbuf_1_0__f_clk/Z (gf180mcu_fd_sc_mcu7t5v0__clkbuf_16)
                                                         clknet_1_0__leaf_clk (net)
                      0.106588    0.000339    0.466338 ^ _73_/CLK (gf180mcu_fd_sc_mcu7t5v0__dffrnq_1)
                                  0.250000    0.716338   clock uncertainty
                                  0.000000    0.716338   clock reconvergence pessimism
                                  0.122809    0.839147   library hold time
                                              0.839147   data required time
---------------------------------------------------------------------------------------------
                                              0.839147   data required time
                                             -1.520378   data arrival time
---------------------------------------------------------------------------------------------
                                              0.681231   slack (MET)


Startpoint: _71_ (rising edge-triggered flip-flop clocked by clk)
Endpoint: _72_ (rising edge-triggered flip-flop clocked by clk)
Path Group: clk
Path Type: min

Fanout         Cap        Slew       Delay        Time   Description
---------------------------------------------------------------------------------------------
                                  0.000000    0.000000   clock clk (rise edge)
                                  0.000000    0.000000   clock source latency
     1    0.027987    0.000014    0.000445    0.000445 ^ clk (in)
                                                         clk (net)
                      0.001068    0.000000    0.000445 ^ clkbuf_0_clk/I (gf180mcu_fd_sc_mcu7t5v0__clkbuf_16)
     2    0.046845    0.112143    0.224307    0.224752 ^ clkbuf_0_clk/Z (gf180mcu_fd_sc_mcu7t5v0__clkbuf_16)
                                                         clknet_0_clk (net)
                      0.112145    0.000921    0.225672 ^ clkbuf_1_1__f_clk/I (gf180mcu_fd_sc_mcu7t5v0__clkbuf_16)
     7    0.037678    0.104470    0.238737    0.464409 ^ clkbuf_1_1__f_clk/Z (gf180mcu_fd_sc_mcu7t5v0__clkbuf_16)
                                                         clknet_1_1__leaf_clk (net)
                      0.104470    0.000089    0.464499 ^ _71_/CLK (gf180mcu_fd_sc_mcu7t5v0__dffrnq_1)
     1    0.010259    0.159946    0.727047    1.191546 v _71_/Q (gf180mcu_fd_sc_mcu7t5v0__dffrnq_1)
                                                         shift_reg[5] (net)
                      0.159946    0.000268    1.191814 v _39_/I (gf180mcu_fd_sc_mcu7t5v0__clkinv_1)
     1    0.013881    0.269166    0.202477    1.394291 ^ _39_/ZN (gf180mcu_fd_sc_mcu7t5v0__clkinv_1)
                                                         _17_ (net)
                      0.269166    0.000430    1.394721 ^ _56_/A2 (gf180mcu_fd_sc_mcu7t5v0__oai21_1)
     1    0.010895    0.211916    0.214835    1.609556 v _56_/ZN (gf180mcu_fd_sc_mcu7t5v0__oai21_1)
                                                         _08_ (net)
                      0.211916    0.000308    1.609864 v _72_/D (gf180mcu_fd_sc_mcu7t5v0__dffrnq_1)
                                              1.609864   data arrival time

                                  0.000000    0.000000   clock clk (rise edge)
                                  0.000000    0.000000   clock source latency
     1    0.027987    0.000014    0.000445    0.000445 ^ clk (in)
                                                         clk (net)
                      0.001068    0.000000    0.000445 ^ clkbuf_0_clk/I (gf180mcu_fd_sc_mcu7t5v0__clkbuf_16)
     2    0.046845    0.112143    0.224307    0.224752 ^ clkbuf_0_clk/Z (gf180mcu_fd_sc_mcu7t5v0__clkbuf_16)
                                                         clknet_0_clk (net)
                      0.112145    0.000887    0.225639 ^ clkbuf_1_0__f_clk/I (gf180mcu_fd_sc_mcu7t5v0__clkbuf_16)
     6    0.040136    0.106587    0.240360    0.465999 ^ clkbuf_1_0__f_clk/Z (gf180mcu_fd_sc_mcu7t5v0__clkbuf_16)
                                                         clknet_1_0__leaf_clk (net)
                      0.106587    0.000197    0.466196 ^ _72_/CLK (gf180mcu_fd_sc_mcu7t5v0__dffrnq_1)
                                  0.250000    0.716196   clock uncertainty
                                  0.000000    0.716196   clock reconvergence pessimism
                                  0.114550    0.830746   library hold time
                                              0.830746   data required time
---------------------------------------------------------------------------------------------
                                              0.830746   data required time
                                             -1.609864   data arrival time
---------------------------------------------------------------------------------------------
                                              0.779118   slack (MET)


Startpoint: _69_ (rising edge-triggered flip-flop clocked by clk)
Endpoint: _70_ (rising edge-triggered flip-flop clocked by clk)
Path Group: clk
Path Type: min

Fanout         Cap        Slew       Delay        Time   Description
---------------------------------------------------------------------------------------------
                                  0.000000    0.000000   clock clk (rise edge)
                                  0.000000    0.000000   clock source latency
     1    0.027987    0.000014    0.000445    0.000445 ^ clk (in)
                                                         clk (net)
                      0.001068    0.000000    0.000445 ^ clkbuf_0_clk/I (gf180mcu_fd_sc_mcu7t5v0__clkbuf_16)
     2    0.046845    0.112143    0.224307    0.224752 ^ clkbuf_0_clk/Z (gf180mcu_fd_sc_mcu7t5v0__clkbuf_16)
                                                         clknet_0_clk (net)
                      0.112145    0.000921    0.225672 ^ clkbuf_1_1__f_clk/I (gf180mcu_fd_sc_mcu7t5v0__clkbuf_16)
     7    0.037678    0.104470    0.238737    0.464409 ^ clkbuf_1_1__f_clk/Z (gf180mcu_fd_sc_mcu7t5v0__clkbuf_16)
                                                         clknet_1_1__leaf_clk (net)
                      0.104470    0.000428    0.464837 ^ _69_/CLK (gf180mcu_fd_sc_mcu7t5v0__dffrnq_1)
     1    0.011533    0.170435    0.735594    1.200431 v _69_/Q (gf180mcu_fd_sc_mcu7t5v0__dffrnq_1)
                                                         shift_reg[3] (net)
                      0.170435    0.000322    1.200753 v _37_/I (gf180mcu_fd_sc_mcu7t5v0__clkinv_1)
     1    0.013558    0.265454    0.202477    1.403230 ^ _37_/ZN (gf180mcu_fd_sc_mcu7t5v0__clkinv_1)
                                                         _15_ (net)
                      0.265455    0.000430    1.403660 ^ _52_/A2 (gf180mcu_fd_sc_mcu7t5v0__oai21_1)
     1    0.010722    0.209988    0.212611    1.616271 v _52_/ZN (gf180mcu_fd_sc_mcu7t5v0__oai21_1)
                                                         _06_ (net)
                      0.209988    0.000330    1.616601 v _70_/D (gf180mcu_fd_sc_mcu7t5v0__dffrnq_1)
                                              1.616601   data arrival time

                                  0.000000    0.000000   clock clk (rise edge)
                                  0.000000    0.000000   clock source latency
     1    0.027987    0.000014    0.000445    0.000445 ^ clk (in)
                                                         clk (net)
                      0.001068    0.000000    0.000445 ^ clkbuf_0_clk/I (gf180mcu_fd_sc_mcu7t5v0__clkbuf_16)
     2    0.046845    0.112143    0.224307    0.224752 ^ clkbuf_0_clk/Z (gf180mcu_fd_sc_mcu7t5v0__clkbuf_16)
                                                         clknet_0_clk (net)
                      0.112145    0.000921    0.225672 ^ clkbuf_1_1__f_clk/I (gf180mcu_fd_sc_mcu7t5v0__clkbuf_16)
     7    0.037678    0.104470    0.238737    0.464409 ^ clkbuf_1_1__f_clk/Z (gf180mcu_fd_sc_mcu7t5v0__clkbuf_16)
                                                         clknet_1_1__leaf_clk (net)
                      0.104470    0.000097    0.464506 ^ _70_/CLK (gf180mcu_fd_sc_mcu7t5v0__dffrnq_1)
                                  0.250000    0.714506   clock uncertainty
                                  0.000000    0.714506   clock reconvergence pessimism
                                  0.114538    0.829044   library hold time
                                              0.829044   data required time
---------------------------------------------------------------------------------------------
                                              0.829044   data required time
                                             -1.616601   data arrival time
---------------------------------------------------------------------------------------------
                                              0.787557   slack (MET)


Startpoint: data_in[0] (input port clocked by clk)
Endpoint: _78_ (rising edge-triggered flip-flop clocked by clk)
Path Group: clk
Path Type: min

Fanout         Cap        Slew       Delay        Time   Description
---------------------------------------------------------------------------------------------
                                  0.000000    0.000000   clock clk (rise edge)
                                  0.000000    0.000000   clock network delay (propagated)
                                  1.000000    1.000000 v input external delay
     1    0.004296    0.000002    0.000038    1.000038 v data_in[0] (in)
                                                         data_in[0] (net)
                      0.000090    0.000000    1.000038 v input1/I (gf180mcu_fd_sc_mcu7t5v0__dlyb_1)
     1    0.005600    0.212909    0.948707    1.948745 v input1/Z (gf180mcu_fd_sc_mcu7t5v0__dlyb_1)
                                                         net1 (net)
                      0.212909    0.000122    1.948867 v _67_/A2 (gf180mcu_fd_sc_mcu7t5v0__and2_1)
     1    0.005742    0.128153    0.300961    2.249828 v _67_/Z (gf180mcu_fd_sc_mcu7t5v0__and2_1)
                                                         _00_ (net)
                      0.128153    0.000076    2.249904 v _78_/D (gf180mcu_fd_sc_mcu7t5v0__dffrnq_1)
                                              2.249904   data arrival time

                                  0.000000    0.000000   clock clk (rise edge)
                                  0.000000    0.000000   clock source latency
     1    0.027987    0.000014    0.000445    0.000445 ^ clk (in)
                                                         clk (net)
                      0.001068    0.000000    0.000445 ^ clkbuf_0_clk/I (gf180mcu_fd_sc_mcu7t5v0__clkbuf_16)
     2    0.046845    0.112143    0.224307    0.224752 ^ clkbuf_0_clk/Z (gf180mcu_fd_sc_mcu7t5v0__clkbuf_16)
                                                         clknet_0_clk (net)
                      0.112145    0.000887    0.225639 ^ clkbuf_1_0__f_clk/I (gf180mcu_fd_sc_mcu7t5v0__clkbuf_16)
     6    0.040136    0.106587    0.240360    0.465999 ^ clkbuf_1_0__f_clk/Z (gf180mcu_fd_sc_mcu7t5v0__clkbuf_16)
                                                         clknet_1_0__leaf_clk (net)
                      0.106588    0.000271    0.466270 ^ _78_/CLK (gf180mcu_fd_sc_mcu7t5v0__dffrnq_1)
                                  0.250000    0.716270   clock uncertainty
                                  0.000000    0.716270   clock reconvergence pessimism
                                  0.131762    0.848032   library hold time
                                              0.848032   data required time
---------------------------------------------------------------------------------------------
                                              0.848032   data required time
                                             -2.249904   data arrival time
---------------------------------------------------------------------------------------------
                                              1.401872   slack (MET)


Startpoint: rst_n (input port clocked by clk)
Endpoint: _72_ (removal check against rising-edge clock clk)
Path Group: asynchronous
Path Type: min

Fanout         Cap        Slew       Delay        Time   Description
---------------------------------------------------------------------------------------------
                                  0.000000    0.000000   clock clk (rise edge)
                                  0.000000    0.000000   clock network delay (propagated)
                                  1.000000    1.000000 ^ input external delay
     1    0.006323    0.000003    0.000077    1.000077 ^ rst_n (in)
                                                         rst_n (net)
                      0.000183    0.000000    1.000077 ^ input14/I (gf180mcu_fd_sc_mcu7t5v0__dlyb_1)
    12    0.108533    1.788694    1.819306    2.819383 ^ input14/Z (gf180mcu_fd_sc_mcu7t5v0__dlyb_1)
                                                         net14 (net)
                      1.788694    0.001476    2.820859 ^ _72_/RN (gf180mcu_fd_sc_mcu7t5v0__dffrnq_1)
                                              2.820859   data arrival time

                                  0.000000    0.000000   clock clk (rise edge)
                                  0.000000    0.000000   clock source latency
     1    0.027987    0.000014    0.000445    0.000445 ^ clk (in)
                                                         clk (net)
                      0.001068    0.000000    0.000445 ^ clkbuf_0_clk/I (gf180mcu_fd_sc_mcu7t5v0__clkbuf_16)
     2    0.046845    0.112143    0.224307    0.224752 ^ clkbuf_0_clk/Z (gf180mcu_fd_sc_mcu7t5v0__clkbuf_16)
                                                         clknet_0_clk (net)
                      0.112145    0.000887    0.225639 ^ clkbuf_1_0__f_clk/I (gf180mcu_fd_sc_mcu7t5v0__clkbuf_16)
     6    0.040136    0.106587    0.240360    0.465999 ^ clkbuf_1_0__f_clk/Z (gf180mcu_fd_sc_mcu7t5v0__clkbuf_16)
                                                         clknet_1_0__leaf_clk (net)
                      0.106587    0.000197    0.466196 ^ _72_/CLK (gf180mcu_fd_sc_mcu7t5v0__dffrnq_1)
                                  0.250000    0.716196   clock uncertainty
                                  0.000000    0.716196   clock reconvergence pessimism
                                  0.448888    1.165084   library removal time
                                              1.165084   data required time
---------------------------------------------------------------------------------------------
                                              1.165084   data required time
                                             -2.820859   data arrival time
---------------------------------------------------------------------------------------------
                                              1.655775   slack (MET)


Startpoint: rst_n (input port clocked by clk)
Endpoint: _68_ (removal check against rising-edge clock clk)
Path Group: asynchronous
Path Type: min

Fanout         Cap        Slew       Delay        Time   Description
---------------------------------------------------------------------------------------------
                                  0.000000    0.000000   clock clk (rise edge)
                                  0.000000    0.000000   clock network delay (propagated)
                                  1.000000    1.000000 ^ input external delay
     1    0.006323    0.000003    0.000077    1.000077 ^ rst_n (in)
                                                         rst_n (net)
                      0.000183    0.000000    1.000077 ^ input14/I (gf180mcu_fd_sc_mcu7t5v0__dlyb_1)
    12    0.108533    1.788694    1.819306    2.819383 ^ input14/Z (gf180mcu_fd_sc_mcu7t5v0__dlyb_1)
                                                         net14 (net)
                      1.788694    0.001708    2.821091 ^ _68_/RN (gf180mcu_fd_sc_mcu7t5v0__dffrnq_1)
                                              2.821091   data arrival time

                                  0.000000    0.000000   clock clk (rise edge)
                                  0.000000    0.000000   clock source latency
     1    0.027987    0.000014    0.000445    0.000445 ^ clk (in)
                                                         clk (net)
                      0.001068    0.000000    0.000445 ^ clkbuf_0_clk/I (gf180mcu_fd_sc_mcu7t5v0__clkbuf_16)
     2    0.046845    0.112143    0.224307    0.224752 ^ clkbuf_0_clk/Z (gf180mcu_fd_sc_mcu7t5v0__clkbuf_16)
                                                         clknet_0_clk (net)
                      0.112145    0.000887    0.225639 ^ clkbuf_1_0__f_clk/I (gf180mcu_fd_sc_mcu7t5v0__clkbuf_16)
     6    0.040136    0.106587    0.240360    0.465999 ^ clkbuf_1_0__f_clk/Z (gf180mcu_fd_sc_mcu7t5v0__clkbuf_16)
                                                         clknet_1_0__leaf_clk (net)
                      0.106588    0.000347    0.466346 ^ _68_/CLK (gf180mcu_fd_sc_mcu7t5v0__dffrnq_1)
                                  0.250000    0.716346   clock uncertainty
                                  0.000000    0.716346   clock reconvergence pessimism
                                  0.448888    1.165234   library removal time
                                              1.165234   data required time
---------------------------------------------------------------------------------------------
                                              1.165234   data required time
                                             -2.821091   data arrival time
---------------------------------------------------------------------------------------------
                                              1.655857   slack (MET)


Startpoint: rst_n (input port clocked by clk)
Endpoint: _73_ (removal check against rising-edge clock clk)
Path Group: asynchronous
Path Type: min

Fanout         Cap        Slew       Delay        Time   Description
---------------------------------------------------------------------------------------------
                                  0.000000    0.000000   clock clk (rise edge)
                                  0.000000    0.000000   clock network delay (propagated)
                                  1.000000    1.000000 ^ input external delay
     1    0.006323    0.000003    0.000077    1.000077 ^ rst_n (in)
                                                         rst_n (net)
                      0.000183    0.000000    1.000077 ^ input14/I (gf180mcu_fd_sc_mcu7t5v0__dlyb_1)
    12    0.108533    1.788694    1.819306    2.819383 ^ input14/Z (gf180mcu_fd_sc_mcu7t5v0__dlyb_1)
                                                         net14 (net)
                      1.788702    0.002182    2.821565 ^ _73_/RN (gf180mcu_fd_sc_mcu7t5v0__dffrnq_1)
                                              2.821565   data arrival time

                                  0.000000    0.000000   clock clk (rise edge)
                                  0.000000    0.000000   clock source latency
     1    0.027987    0.000014    0.000445    0.000445 ^ clk (in)
                                                         clk (net)
                      0.001068    0.000000    0.000445 ^ clkbuf_0_clk/I (gf180mcu_fd_sc_mcu7t5v0__clkbuf_16)
     2    0.046845    0.112143    0.224307    0.224752 ^ clkbuf_0_clk/Z (gf180mcu_fd_sc_mcu7t5v0__clkbuf_16)
                                                         clknet_0_clk (net)
                      0.112145    0.000887    0.225639 ^ clkbuf_1_0__f_clk/I (gf180mcu_fd_sc_mcu7t5v0__clkbuf_16)
     6    0.040136    0.106587    0.240360    0.465999 ^ clkbuf_1_0__f_clk/Z (gf180mcu_fd_sc_mcu7t5v0__clkbuf_16)
                                                         clknet_1_0__leaf_clk (net)
                      0.106588    0.000339    0.466338 ^ _73_/CLK (gf180mcu_fd_sc_mcu7t5v0__dffrnq_1)
                                  0.250000    0.716338   clock uncertainty
                                  0.000000    0.716338   clock reconvergence pessimism
                                  0.448888    1.165226   library removal time
                                              1.165226   data required time
---------------------------------------------------------------------------------------------
                                              1.165226   data required time
                                             -2.821565   data arrival time
---------------------------------------------------------------------------------------------
                                              1.656339   slack (MET)


Startpoint: rst_n (input port clocked by clk)
Endpoint: _78_ (removal check against rising-edge clock clk)
Path Group: asynchronous
Path Type: min

Fanout         Cap        Slew       Delay        Time   Description
---------------------------------------------------------------------------------------------
                                  0.000000    0.000000   clock clk (rise edge)
                                  0.000000    0.000000   clock network delay (propagated)
                                  1.000000    1.000000 ^ input external delay
     1    0.006323    0.000003    0.000077    1.000077 ^ rst_n (in)
                                                         rst_n (net)
                      0.000183    0.000000    1.000077 ^ input14/I (gf180mcu_fd_sc_mcu7t5v0__dlyb_1)
    12    0.108533    1.788694    1.819306    2.819383 ^ input14/Z (gf180mcu_fd_sc_mcu7t5v0__dlyb_1)
                                                         net14 (net)
                      1.788706    0.002673    2.822056 ^ _78_/RN (gf180mcu_fd_sc_mcu7t5v0__dffrnq_1)
                                              2.822056   data arrival time

                                  0.000000    0.000000   clock clk (rise edge)
                                  0.000000    0.000000   clock source latency
     1    0.027987    0.000014    0.000445    0.000445 ^ clk (in)
                                                         clk (net)
                      0.001068    0.000000    0.000445 ^ clkbuf_0_clk/I (gf180mcu_fd_sc_mcu7t5v0__clkbuf_16)
     2    0.046845    0.112143    0.224307    0.224752 ^ clkbuf_0_clk/Z (gf180mcu_fd_sc_mcu7t5v0__clkbuf_16)
                                                         clknet_0_clk (net)
                      0.112145    0.000887    0.225639 ^ clkbuf_1_0__f_clk/I (gf180mcu_fd_sc_mcu7t5v0__clkbuf_16)
     6    0.040136    0.106587    0.240360    0.465999 ^ clkbuf_1_0__f_clk/Z (gf180mcu_fd_sc_mcu7t5v0__clkbuf_16)
                                                         clknet_1_0__leaf_clk (net)
                      0.106588    0.000271    0.466270 ^ _78_/CLK (gf180mcu_fd_sc_mcu7t5v0__dffrnq_1)
                                  0.250000    0.716270   clock uncertainty
                                  0.000000    0.716270   clock reconvergence pessimism
                                  0.448888    1.165158   library removal time
                                              1.165158   data required time
---------------------------------------------------------------------------------------------
                                              1.165158   data required time
                                             -2.822056   data arrival time
---------------------------------------------------------------------------------------------
                                              1.656898   slack (MET)


Startpoint: rst_n (input port clocked by clk)
Endpoint: _74_ (removal check against rising-edge clock clk)
Path Group: asynchronous
Path Type: min

Fanout         Cap        Slew       Delay        Time   Description
---------------------------------------------------------------------------------------------
                                  0.000000    0.000000   clock clk (rise edge)
                                  0.000000    0.000000   clock network delay (propagated)
                                  1.000000    1.000000 ^ input external delay
     1    0.006323    0.000003    0.000077    1.000077 ^ rst_n (in)
                                                         rst_n (net)
                      0.000183    0.000000    1.000077 ^ input14/I (gf180mcu_fd_sc_mcu7t5v0__dlyb_1)
    12    0.108533    1.788694    1.819306    2.819383 ^ input14/Z (gf180mcu_fd_sc_mcu7t5v0__dlyb_1)
                                                         net14 (net)
                      1.788706    0.002638    2.822021 ^ _74_/RN (gf180mcu_fd_sc_mcu7t5v0__dffrnq_1)
                                              2.822021   data arrival time

                                  0.000000    0.000000   clock clk (rise edge)
                                  0.000000    0.000000   clock source latency
     1    0.027987    0.000014    0.000445    0.000445 ^ clk (in)
                                                         clk (net)
                      0.001068    0.000000    0.000445 ^ clkbuf_0_clk/I (gf180mcu_fd_sc_mcu7t5v0__clkbuf_16)
     2    0.046845    0.112143    0.224307    0.224752 ^ clkbuf_0_clk/Z (gf180mcu_fd_sc_mcu7t5v0__clkbuf_16)
                                                         clknet_0_clk (net)
                      0.112145    0.000887    0.225639 ^ clkbuf_1_0__f_clk/I (gf180mcu_fd_sc_mcu7t5v0__clkbuf_16)
     6    0.040136    0.106587    0.240360    0.465999 ^ clkbuf_1_0__f_clk/Z (gf180mcu_fd_sc_mcu7t5v0__clkbuf_16)
                                                         clknet_1_0__leaf_clk (net)
                      0.106587    0.000186    0.466185 ^ _74_/CLK (gf180mcu_fd_sc_mcu7t5v0__dffrnq_1)
                                  0.250000    0.716185   clock uncertainty
                                  0.000000    0.716185   clock reconvergence pessimism
                                  0.448888    1.165073   library removal time
                                              1.165073   data required time
---------------------------------------------------------------------------------------------
                                              1.165073   data required time
                                             -2.822021   data arrival time
---------------------------------------------------------------------------------------------
                                              1.656948   slack (MET)


Startpoint: rst_n (input port clocked by clk)
Endpoint: _69_ (removal check against rising-edge clock clk)
Path Group: asynchronous
Path Type: min

Fanout         Cap        Slew       Delay        Time   Description
---------------------------------------------------------------------------------------------
                                  0.000000    0.000000   clock clk (rise edge)
                                  0.000000    0.000000   clock network delay (propagated)
                                  1.000000    1.000000 ^ input external delay
     1    0.006323    0.000003    0.000077    1.000077 ^ rst_n (in)
                                                         rst_n (net)
                      0.000183    0.000000    1.000077 ^ input14/I (gf180mcu_fd_sc_mcu7t5v0__dlyb_1)
    12    0.108533    1.788694    1.819306    2.819383 ^ input14/Z (gf180mcu_fd_sc_mcu7t5v0__dlyb_1)
                                                         net14 (net)
                      1.788694    0.001378    2.820761 ^ _69_/RN (gf180mcu_fd_sc_mcu7t5v0__dffrnq_1)
                                              2.820761   data arrival time

                                  0.000000    0.000000   clock clk (rise edge)
                                  0.000000    0.000000   clock source latency
     1    0.027987    0.000014    0.000445    0.000445 ^ clk (in)
                                                         clk (net)
                      0.001068    0.000000    0.000445 ^ clkbuf_0_clk/I (gf180mcu_fd_sc_mcu7t5v0__clkbuf_16)
     2    0.046845    0.112143    0.224307    0.224752 ^ clkbuf_0_clk/Z (gf180mcu_fd_sc_mcu7t5v0__clkbuf_16)
                                                         clknet_0_clk (net)
                      0.112145    0.000921    0.225672 ^ clkbuf_1_1__f_clk/I (gf180mcu_fd_sc_mcu7t5v0__clkbuf_16)
     7    0.037678    0.104470    0.238737    0.464409 ^ clkbuf_1_1__f_clk/Z (gf180mcu_fd_sc_mcu7t5v0__clkbuf_16)
                                                         clknet_1_1__leaf_clk (net)
                      0.104470    0.000428    0.464837 ^ _69_/CLK (gf180mcu_fd_sc_mcu7t5v0__dffrnq_1)
                                  0.250000    0.714837   clock uncertainty
                                  0.000000    0.714837   clock reconvergence pessimism
                                  0.448357    1.163193   library removal time
                                              1.163193   data required time
---------------------------------------------------------------------------------------------
                                              1.163193   data required time
                                             -2.820761   data arrival time
---------------------------------------------------------------------------------------------
                                              1.657568   slack (MET)


Startpoint: rst_n (input port clocked by clk)
Endpoint: _75_ (removal check against rising-edge clock clk)
Path Group: asynchronous
Path Type: min

Fanout         Cap        Slew       Delay        Time   Description
---------------------------------------------------------------------------------------------
                                  0.000000    0.000000   clock clk (rise edge)
                                  0.000000    0.000000   clock network delay (propagated)
                                  1.000000    1.000000 ^ input external delay
     1    0.006323    0.000003    0.000077    1.000077 ^ rst_n (in)
                                                         rst_n (net)
                      0.000183    0.000000    1.000077 ^ input14/I (gf180mcu_fd_sc_mcu7t5v0__dlyb_1)
    12    0.108533    1.788694    1.819306    2.819383 ^ input14/Z (gf180mcu_fd_sc_mcu7t5v0__dlyb_1)
                                                         net14 (net)
                      1.788694    0.001614    2.820997 ^ _75_/RN (gf180mcu_fd_sc_mcu7t5v0__dffrnq_1)
                                              2.820997   data arrival time

                                  0.000000    0.000000   clock clk (rise edge)
                                  0.000000    0.000000   clock source latency
     1    0.027987    0.000014    0.000445    0.000445 ^ clk (in)
                                                         clk (net)
                      0.001068    0.000000    0.000445 ^ clkbuf_0_clk/I (gf180mcu_fd_sc_mcu7t5v0__clkbuf_16)
     2    0.046845    0.112143    0.224307    0.224752 ^ clkbuf_0_clk/Z (gf180mcu_fd_sc_mcu7t5v0__clkbuf_16)
                                                         clknet_0_clk (net)
                      0.112145    0.000921    0.225672 ^ clkbuf_1_1__f_clk/I (gf180mcu_fd_sc_mcu7t5v0__clkbuf_16)
     7    0.037678    0.104470    0.238737    0.464409 ^ clkbuf_1_1__f_clk/Z (gf180mcu_fd_sc_mcu7t5v0__clkbuf_16)
                                                         clknet_1_1__leaf_clk (net)
                      0.104470    0.000267    0.464676 ^ _75_/CLK (gf180mcu_fd_sc_mcu7t5v0__dffrnq_1)
                                  0.250000    0.714676   clock uncertainty
                                  0.000000    0.714676   clock reconvergence pessimism
                                  0.448357    1.163033   library removal time
                                              1.163033   data required time
---------------------------------------------------------------------------------------------
                                              1.163033   data required time
                                             -2.820997   data arrival time
---------------------------------------------------------------------------------------------
                                              1.657964   slack (MET)


Startpoint: rst_n (input port clocked by clk)
Endpoint: _70_ (removal check against rising-edge clock clk)
Path Group: asynchronous
Path Type: min

Fanout         Cap        Slew       Delay        Time   Description
---------------------------------------------------------------------------------------------
                                  0.000000    0.000000   clock clk (rise edge)
                                  0.000000    0.000000   clock network delay (propagated)
                                  1.000000    1.000000 ^ input external delay
     1    0.006323    0.000003    0.000077    1.000077 ^ rst_n (in)
                                                         rst_n (net)
                      0.000183    0.000000    1.000077 ^ input14/I (gf180mcu_fd_sc_mcu7t5v0__dlyb_1)
    12    0.108533    1.788694    1.819306    2.819383 ^ input14/Z (gf180mcu_fd_sc_mcu7t5v0__dlyb_1)
                                                         net14 (net)
                      1.788694    0.001472    2.820855 ^ _70_/RN (gf180mcu_fd_sc_mcu7t5v0__dffrnq_1)
                                              2.820855   data arrival time

                                  0.000000    0.000000   clock clk (rise edge)
                                  0.000000    0.000000   clock source latency
     1    0.027987    0.000014    0.000445    0.000445 ^ clk (in)
                                                         clk (net)
                      0.001068    0.000000    0.000445 ^ clkbuf_0_clk/I (gf180mcu_fd_sc_mcu7t5v0__clkbuf_16)
     2    0.046845    0.112143    0.224307    0.224752 ^ clkbuf_0_clk/Z (gf180mcu_fd_sc_mcu7t5v0__clkbuf_16)
                                                         clknet_0_clk (net)
                      0.112145    0.000921    0.225672 ^ clkbuf_1_1__f_clk/I (gf180mcu_fd_sc_mcu7t5v0__clkbuf_16)
     7    0.037678    0.104470    0.238737    0.464409 ^ clkbuf_1_1__f_clk/Z (gf180mcu_fd_sc_mcu7t5v0__clkbuf_16)
                                                         clknet_1_1__leaf_clk (net)
                      0.104470    0.000097    0.464506 ^ _70_/CLK (gf180mcu_fd_sc_mcu7t5v0__dffrnq_1)
                                  0.250000    0.714506   clock uncertainty
                                  0.000000    0.714506   clock reconvergence pessimism
                                  0.448357    1.162862   library removal time
                                              1.162862   data required time
---------------------------------------------------------------------------------------------
                                              1.162862   data required time
                                             -2.820855   data arrival time
---------------------------------------------------------------------------------------------
                                              1.657992   slack (MET)


Startpoint: rst_n (input port clocked by clk)
Endpoint: _77_ (removal check against rising-edge clock clk)
Path Group: asynchronous
Path Type: min

Fanout         Cap        Slew       Delay        Time   Description
---------------------------------------------------------------------------------------------
                                  0.000000    0.000000   clock clk (rise edge)
                                  0.000000    0.000000   clock network delay (propagated)
                                  1.000000    1.000000 ^ input external delay
     1    0.006323    0.000003    0.000077    1.000077 ^ rst_n (in)
                                                         rst_n (net)
                      0.000183    0.000000    1.000077 ^ input14/I (gf180mcu_fd_sc_mcu7t5v0__dlyb_1)
    12    0.108533    1.788694    1.819306    2.819383 ^ input14/Z (gf180mcu_fd_sc_mcu7t5v0__dlyb_1)
                                                         net14 (net)
                      1.788694    0.001514    2.820897 ^ _77_/RN (gf180mcu_fd_sc_mcu7t5v0__dffrnq_1)
                                              2.820897   data arrival time

                                  0.000000    0.000000   clock clk (rise edge)
                                  0.000000    0.000000   clock source latency
     1    0.027987    0.000014    0.000445    0.000445 ^ clk (in)
                                                         clk (net)
                      0.001068    0.000000    0.000445 ^ clkbuf_0_clk/I (gf180mcu_fd_sc_mcu7t5v0__clkbuf_16)
     2    0.046845    0.112143    0.224307    0.224752 ^ clkbuf_0_clk/Z (gf180mcu_fd_sc_mcu7t5v0__clkbuf_16)
                                                         clknet_0_clk (net)
                      0.112145    0.000921    0.225672 ^ clkbuf_1_1__f_clk/I (gf180mcu_fd_sc_mcu7t5v0__clkbuf_16)
     7    0.037678    0.104470    0.238737    0.464409 ^ clkbuf_1_1__f_clk/Z (gf180mcu_fd_sc_mcu7t5v0__clkbuf_16)
                                                         clknet_1_1__leaf_clk (net)
                      0.104470    0.000131    0.464540 ^ _77_/CLK (gf180mcu_fd_sc_mcu7t5v0__dffrnq_1)
                                  0.250000    0.714540   clock uncertainty
                                  0.000000    0.714540   clock reconvergence pessimism
                                  0.448357    1.162897   library removal time
                                              1.162897   data required time
---------------------------------------------------------------------------------------------
                                              1.162897   data required time
                                             -2.820897   data arrival time
---------------------------------------------------------------------------------------------
                                              1.658000   slack (MET)


Startpoint: rst_n (input port clocked by clk)
Endpoint: _71_ (removal check against rising-edge clock clk)
Path Group: asynchronous
Path Type: min

Fanout         Cap        Slew       Delay        Time   Description
---------------------------------------------------------------------------------------------
                                  0.000000    0.000000   clock clk (rise edge)
                                  0.000000    0.000000   clock network delay (propagated)
                                  1.000000    1.000000 ^ input external delay
     1    0.006323    0.000003    0.000077    1.000077 ^ rst_n (in)
                                                         rst_n (net)
                      0.000183    0.000000    1.000077 ^ input14/I (gf180mcu_fd_sc_mcu7t5v0__dlyb_1)
    12    0.108533    1.788694    1.819306    2.819383 ^ input14/Z (gf180mcu_fd_sc_mcu7t5v0__dlyb_1)
                                                         net14 (net)
                      1.788694    0.001514    2.820897 ^ _71_/RN (gf180mcu_fd_sc_mcu7t5v0__dffrnq_1)
                                              2.820897   data arrival time

                                  0.000000    0.000000   clock clk (rise edge)
                                  0.000000    0.000000   clock source latency
     1    0.027987    0.000014    0.000445    0.000445 ^ clk (in)
                                                         clk (net)
                      0.001068    0.000000    0.000445 ^ clkbuf_0_clk/I (gf180mcu_fd_sc_mcu7t5v0__clkbuf_16)
     2    0.046845    0.112143    0.224307    0.224752 ^ clkbuf_0_clk/Z (gf180mcu_fd_sc_mcu7t5v0__clkbuf_16)
                                                         clknet_0_clk (net)
                      0.112145    0.000921    0.225672 ^ clkbuf_1_1__f_clk/I (gf180mcu_fd_sc_mcu7t5v0__clkbuf_16)
     7    0.037678    0.104470    0.238737    0.464409 ^ clkbuf_1_1__f_clk/Z (gf180mcu_fd_sc_mcu7t5v0__clkbuf_16)
                                                         clknet_1_1__leaf_clk (net)
                      0.104470    0.000089    0.464499 ^ _71_/CLK (gf180mcu_fd_sc_mcu7t5v0__dffrnq_1)
                                  0.250000    0.714499   clock uncertainty
                                  0.000000    0.714499   clock reconvergence pessimism
                                  0.448357    1.162855   library removal time
                                              1.162855   data required time
---------------------------------------------------------------------------------------------
                                              1.162855   data required time
                                             -2.820897   data arrival time
---------------------------------------------------------------------------------------------
                                              1.658041   slack (MET)


Startpoint: rst_n (input port clocked by clk)
Endpoint: _76_ (removal check against rising-edge clock clk)
Path Group: asynchronous
Path Type: min

Fanout         Cap        Slew       Delay        Time   Description
---------------------------------------------------------------------------------------------
                                  0.000000    0.000000   clock clk (rise edge)
                                  0.000000    0.000000   clock network delay (propagated)
                                  1.000000    1.000000 ^ input external delay
     1    0.006323    0.000003    0.000077    1.000077 ^ rst_n (in)
                                                         rst_n (net)
                      0.000183    0.000000    1.000077 ^ input14/I (gf180mcu_fd_sc_mcu7t5v0__dlyb_1)
    12    0.108533    1.788694    1.819306    2.819383 ^ input14/Z (gf180mcu_fd_sc_mcu7t5v0__dlyb_1)
                                                         net14 (net)
                      1.788694    0.001604    2.820987 ^ _76_/RN (gf180mcu_fd_sc_mcu7t5v0__dffrnq_1)
                                              2.820987   data arrival time

                                  0.000000    0.000000   clock clk (rise edge)
                                  0.000000    0.000000   clock source latency
     1    0.027987    0.000014    0.000445    0.000445 ^ clk (in)
                                                         clk (net)
                      0.001068    0.000000    0.000445 ^ clkbuf_0_clk/I (gf180mcu_fd_sc_mcu7t5v0__clkbuf_16)
     2    0.046845    0.112143    0.224307    0.224752 ^ clkbuf_0_clk/Z (gf180mcu_fd_sc_mcu7t5v0__clkbuf_16)
                                                         clknet_0_clk (net)
                      0.112145    0.000921    0.225672 ^ clkbuf_1_1__f_clk/I (gf180mcu_fd_sc_mcu7t5v0__clkbuf_16)
     7    0.037678    0.104470    0.238737    0.464409 ^ clkbuf_1_1__f_clk/Z (gf180mcu_fd_sc_mcu7t5v0__clkbuf_16)
                                                         clknet_1_1__leaf_clk (net)
                      0.104470    0.000107    0.464516 ^ _76_/CLK (gf180mcu_fd_sc_mcu7t5v0__dffrnq_1)
                                  0.250000    0.714516   clock uncertainty
                                  0.000000    0.714516   clock reconvergence pessimism
                                  0.448357    1.162873   library removal time
                                              1.162873   data required time
---------------------------------------------------------------------------------------------
                                              1.162873   data required time
                                             -2.820987   data arrival time
---------------------------------------------------------------------------------------------
                                              1.658114   slack (MET)


Startpoint: rst_n (input port clocked by clk)
Endpoint: _79_ (removal check against rising-edge clock clk)
Path Group: asynchronous
Path Type: min

Fanout         Cap        Slew       Delay        Time   Description
---------------------------------------------------------------------------------------------
                                  0.000000    0.000000   clock clk (rise edge)
                                  0.000000    0.000000   clock network delay (propagated)
                                  1.000000    1.000000 ^ input external delay
     1    0.006323    0.000003    0.000077    1.000077 ^ rst_n (in)
                                                         rst_n (net)
                      0.000183    0.000000    1.000077 ^ input14/I (gf180mcu_fd_sc_mcu7t5v0__dlyb_1)
    12    0.108533    1.788694    1.819306    2.819383 ^ input14/Z (gf180mcu_fd_sc_mcu7t5v0__dlyb_1)
                                                         net14 (net)
                      1.788701    0.002021    2.821404 ^ _79_/RN (gf180mcu_fd_sc_mcu7t5v0__dffrnq_1)
                                              2.821404   data arrival time

                                  0.000000    0.000000   clock clk (rise edge)
                                  0.000000    0.000000   clock source latency
     1    0.027987    0.000014    0.000445    0.000445 ^ clk (in)
                                                         clk (net)
                      0.001068    0.000000    0.000445 ^ clkbuf_0_clk/I (gf180mcu_fd_sc_mcu7t5v0__clkbuf_16)
     2    0.046845    0.112143    0.224307    0.224752 ^ clkbuf_0_clk/Z (gf180mcu_fd_sc_mcu7t5v0__clkbuf_16)
                                                         clknet_0_clk (net)
                      0.112145    0.000921    0.225672 ^ clkbuf_1_1__f_clk/I (gf180mcu_fd_sc_mcu7t5v0__clkbuf_16)
     7    0.037678    0.104470    0.238737    0.464409 ^ clkbuf_1_1__f_clk/Z (gf180mcu_fd_sc_mcu7t5v0__clkbuf_16)
                                                         clknet_1_1__leaf_clk (net)
                      0.104470    0.000278    0.464687 ^ _79_/CLK (gf180mcu_fd_sc_mcu7t5v0__dffrnq_1)
                                  0.250000    0.714687   clock uncertainty
                                  0.000000    0.714687   clock reconvergence pessimism
                                  0.448357    1.163044   library removal time
                                              1.163044   data required time
---------------------------------------------------------------------------------------------
                                              1.163044   data required time
                                             -2.821404   data arrival time
---------------------------------------------------------------------------------------------
                                              1.658360   slack (MET)


Startpoint: _77_ (rising edge-triggered flip-flop clocked by clk)
Endpoint: serial_out (output port clocked by clk)
Path Group: clk
Path Type: min

Fanout         Cap        Slew       Delay        Time   Description
---------------------------------------------------------------------------------------------
                                  0.000000    0.000000   clock clk (rise edge)
                                  0.000000    0.000000   clock source latency
     1    0.027987    0.000014    0.000445    0.000445 ^ clk (in)
                                                         clk (net)
                      0.001068    0.000000    0.000445 ^ clkbuf_0_clk/I (gf180mcu_fd_sc_mcu7t5v0__clkbuf_16)
     2    0.046845    0.112143    0.224307    0.224752 ^ clkbuf_0_clk/Z (gf180mcu_fd_sc_mcu7t5v0__clkbuf_16)
                                                         clknet_0_clk (net)
                      0.112145    0.000921    0.225672 ^ clkbuf_1_1__f_clk/I (gf180mcu_fd_sc_mcu7t5v0__clkbuf_16)
     7    0.037678    0.104470    0.238737    0.464409 ^ clkbuf_1_1__f_clk/Z (gf180mcu_fd_sc_mcu7t5v0__clkbuf_16)
                                                         clknet_1_1__leaf_clk (net)
                      0.104470    0.000131    0.464540 ^ _77_/CLK (gf180mcu_fd_sc_mcu7t5v0__dffrnq_1)
     1    0.005685    0.120120    0.692677    1.157218 v _77_/Q (gf180mcu_fd_sc_mcu7t5v0__dffrnq_1)
                                                         net15 (net)
                      0.120120    0.000078    1.157296 v output15/I (gf180mcu_fd_sc_mcu7t5v0__dlyb_1)
     1    0.036509    0.489604    1.240033    2.397329 v output15/Z (gf180mcu_fd_sc_mcu7t5v0__dlyb_1)
                                                         serial_out (net)
                      0.489604    0.000492    2.397821 v serial_out (out)
                                              2.397821   data arrival time

                                  0.000000    0.000000   clock clk (rise edge)
                                  0.000000    0.000000   clock network delay (propagated)
                                  0.250000    0.250000   clock uncertainty
                                  0.000000    0.250000   clock reconvergence pessimism
                                 -1.000000   -0.750000   output external delay
                                             -0.750000   data required time
---------------------------------------------------------------------------------------------
                                             -0.750000   data required time
                                             -2.397821   data arrival time
---------------------------------------------------------------------------------------------
                                              3.147821   slack (MET)



%OL_END_REPORT
%OL_CREATE_REPORT max.rpt

===========================================================================
report_checks -path_delay max (Setup)
============================================================================
======================= nom_tt_025C_5v00 Corner ===================================

Startpoint: load_en (input port clocked by clk)
Endpoint: _70_ (rising edge-triggered flip-flop clocked by clk)
Path Group: clk
Path Type: max

Fanout         Cap        Slew       Delay        Time   Description
---------------------------------------------------------------------------------------------
                                  0.000000    0.000000   clock clk (rise edge)
                                  0.000000    0.000000   clock network delay (propagated)
                                 16.000000   16.000000 ^ input external delay
     1    0.004140    0.000002    0.000037   16.000038 ^ load_en (in)
                                                         load_en (net)
                      0.000086    0.000000   16.000038 ^ input13/I (gf180mcu_fd_sc_mcu7t5v0__dlyb_1)
    23    0.137067    2.248398    2.083132   18.083170 ^ input13/Z (gf180mcu_fd_sc_mcu7t5v0__dlyb_1)
                                                         net13 (net)
                      2.248423    0.004215   18.087385 ^ _51_/A1 (gf180mcu_fd_sc_mcu7t5v0__nand2_1)
     1    0.008818    0.570043    0.218163   18.305548 v _51_/ZN (gf180mcu_fd_sc_mcu7t5v0__nand2_1)
                                                         _26_ (net)
                      0.570043    0.000210   18.305758 v _52_/B (gf180mcu_fd_sc_mcu7t5v0__oai21_1)
     1    0.010722    0.608362    0.395154   18.700912 ^ _52_/ZN (gf180mcu_fd_sc_mcu7t5v0__oai21_1)
                                                         _06_ (net)
                      0.608362    0.000330   18.701242 ^ _70_/D (gf180mcu_fd_sc_mcu7t5v0__dffrnq_1)
                                             18.701242   data arrival time

                                 81.379997   81.379997   clock clk (rise edge)
                                  0.000000   81.379997   clock source latency
     1    0.027987    0.000014    0.000448   81.380447 ^ clk (in)
                                                         clk (net)
                      0.001068    0.000000   81.380447 ^ clkbuf_0_clk/I (gf180mcu_fd_sc_mcu7t5v0__clkbuf_16)
     2    0.046845    0.112143    0.224304   81.604752 ^ clkbuf_0_clk/Z (gf180mcu_fd_sc_mcu7t5v0__clkbuf_16)
                                                         clknet_0_clk (net)
                      0.112145    0.000924   81.605675 ^ clkbuf_1_1__f_clk/I (gf180mcu_fd_sc_mcu7t5v0__clkbuf_16)
     7    0.037678    0.104470    0.238735   81.844406 ^ clkbuf_1_1__f_clk/Z (gf180mcu_fd_sc_mcu7t5v0__clkbuf_16)
                                                         clknet_1_1__leaf_clk (net)
                      0.104470    0.000092   81.844498 ^ _70_/CLK (gf180mcu_fd_sc_mcu7t5v0__dffrnq_1)
                                 -0.250000   81.594505   clock uncertainty
                                  0.000000   81.594505   clock reconvergence pessimism
                                 -0.384178   81.210327   library setup time
                                             81.210327   data required time
---------------------------------------------------------------------------------------------
                                             81.210327   data required time
                                            -18.701242   data arrival time
---------------------------------------------------------------------------------------------
                                             62.509083   slack (MET)


Startpoint: load_en (input port clocked by clk)
Endpoint: _72_ (rising edge-triggered flip-flop clocked by clk)
Path Group: clk
Path Type: max

Fanout         Cap        Slew       Delay        Time   Description
---------------------------------------------------------------------------------------------
                                  0.000000    0.000000   clock clk (rise edge)
                                  0.000000    0.000000   clock network delay (propagated)
                                 16.000000   16.000000 ^ input external delay
     1    0.004140    0.000002    0.000037   16.000038 ^ load_en (in)
                                                         load_en (net)
                      0.000086    0.000000   16.000038 ^ input13/I (gf180mcu_fd_sc_mcu7t5v0__dlyb_1)
    23    0.137067    2.248398    2.083132   18.083170 ^ input13/Z (gf180mcu_fd_sc_mcu7t5v0__dlyb_1)
                                                         net13 (net)
                      2.248417    0.003716   18.086885 ^ _55_/A1 (gf180mcu_fd_sc_mcu7t5v0__nand2_1)
     1    0.008783    0.569467    0.217550   18.304436 v _55_/ZN (gf180mcu_fd_sc_mcu7t5v0__nand2_1)
                                                         _28_ (net)
                      0.569467    0.000201   18.304636 v _56_/B (gf180mcu_fd_sc_mcu7t5v0__oai21_1)
     1    0.010895    0.612562    0.396730   18.701366 ^ _56_/ZN (gf180mcu_fd_sc_mcu7t5v0__oai21_1)
                                                         _08_ (net)
                      0.612562    0.000309   18.701675 ^ _72_/D (gf180mcu_fd_sc_mcu7t5v0__dffrnq_1)
                                             18.701675   data arrival time

                                 81.379997   81.379997   clock clk (rise edge)
                                  0.000000   81.379997   clock source latency
     1    0.027987    0.000014    0.000448   81.380447 ^ clk (in)
                                                         clk (net)
                      0.001068    0.000000   81.380447 ^ clkbuf_0_clk/I (gf180mcu_fd_sc_mcu7t5v0__clkbuf_16)
     2    0.046845    0.112143    0.224304   81.604752 ^ clkbuf_0_clk/Z (gf180mcu_fd_sc_mcu7t5v0__clkbuf_16)
                                                         clknet_0_clk (net)
                      0.112145    0.000888   81.605637 ^ clkbuf_1_0__f_clk/I (gf180mcu_fd_sc_mcu7t5v0__clkbuf_16)
     6    0.040136    0.106587    0.240362   81.846001 ^ clkbuf_1_0__f_clk/Z (gf180mcu_fd_sc_mcu7t5v0__clkbuf_16)
                                                         clknet_1_0__leaf_clk (net)
                      0.106587    0.000192   81.846191 ^ _72_/CLK (gf180mcu_fd_sc_mcu7t5v0__dffrnq_1)
                                 -0.250000   81.596191   clock uncertainty
                                  0.000000   81.596191   clock reconvergence pessimism
                                 -0.384383   81.211815   library setup time
                                             81.211815   data required time
---------------------------------------------------------------------------------------------
                                             81.211815   data required time
                                            -18.701675   data arrival time
---------------------------------------------------------------------------------------------
                                             62.510136   slack (MET)


Startpoint: load_en (input port clocked by clk)
Endpoint: _71_ (rising edge-triggered flip-flop clocked by clk)
Path Group: clk
Path Type: max

Fanout         Cap        Slew       Delay        Time   Description
---------------------------------------------------------------------------------------------
                                  0.000000    0.000000   clock clk (rise edge)
                                  0.000000    0.000000   clock network delay (propagated)
                                 16.000000   16.000000 ^ input external delay
     1    0.004140    0.000002    0.000037   16.000038 ^ load_en (in)
                                                         load_en (net)
                      0.000086    0.000000   16.000038 ^ input13/I (gf180mcu_fd_sc_mcu7t5v0__dlyb_1)
    23    0.137067    2.248398    2.083132   18.083170 ^ input13/Z (gf180mcu_fd_sc_mcu7t5v0__dlyb_1)
                                                         net13 (net)
                      2.248421    0.004050   18.087219 ^ _53_/A1 (gf180mcu_fd_sc_mcu7t5v0__nand2_1)
     1    0.009924    0.588639    0.238076   18.325296 v _53_/ZN (gf180mcu_fd_sc_mcu7t5v0__nand2_1)
                                                         _27_ (net)
                      0.588639    0.000254   18.325550 v _54_/B (gf180mcu_fd_sc_mcu7t5v0__oai21_1)
     1    0.006641    0.506802    0.356785   18.682335 ^ _54_/ZN (gf180mcu_fd_sc_mcu7t5v0__oai21_1)
                                                         _07_ (net)
                      0.506802    0.000156   18.682491 ^ _71_/D (gf180mcu_fd_sc_mcu7t5v0__dffrnq_1)
                                             18.682491   data arrival time

                                 81.379997   81.379997   clock clk (rise edge)
                                  0.000000   81.379997   clock source latency
     1    0.027987    0.000014    0.000448   81.380447 ^ clk (in)
                                                         clk (net)
                      0.001068    0.000000   81.380447 ^ clkbuf_0_clk/I (gf180mcu_fd_sc_mcu7t5v0__clkbuf_16)
     2    0.046845    0.112143    0.224304   81.604752 ^ clkbuf_0_clk/Z (gf180mcu_fd_sc_mcu7t5v0__clkbuf_16)
                                                         clknet_0_clk (net)
                      0.112145    0.000924   81.605675 ^ clkbuf_1_1__f_clk/I (gf180mcu_fd_sc_mcu7t5v0__clkbuf_16)
     7    0.037678    0.104470    0.238735   81.844406 ^ clkbuf_1_1__f_clk/Z (gf180mcu_fd_sc_mcu7t5v0__clkbuf_16)
                                                         clknet_1_1__leaf_clk (net)
                      0.104470    0.000085   81.844490 ^ _71_/CLK (gf180mcu_fd_sc_mcu7t5v0__dffrnq_1)
                                 -0.250000   81.594498   clock uncertainty
                                  0.000000   81.594498   clock reconvergence pessimism
                                 -0.368652   81.225845   library setup time
                                             81.225845   data required time
---------------------------------------------------------------------------------------------
                                             81.225845   data required time
                                            -18.682491   data arrival time
---------------------------------------------------------------------------------------------
                                             62.543350   slack (MET)


Startpoint: load_en (input port clocked by clk)
Endpoint: _77_ (rising edge-triggered flip-flop clocked by clk)
Path Group: clk
Path Type: max

Fanout         Cap        Slew       Delay        Time   Description
---------------------------------------------------------------------------------------------
                                  0.000000    0.000000   clock clk (rise edge)
                                  0.000000    0.000000   clock network delay (propagated)
                                 16.000000   16.000000 ^ input external delay
     1    0.004140    0.000002    0.000037   16.000038 ^ load_en (in)
                                                         load_en (net)
                      0.000086    0.000000   16.000038 ^ input13/I (gf180mcu_fd_sc_mcu7t5v0__dlyb_1)
    23    0.137067    2.248398    2.083132   18.083170 ^ input13/Z (gf180mcu_fd_sc_mcu7t5v0__dlyb_1)
                                                         net13 (net)
                      2.248424    0.004329   18.087498 ^ _65_/A1 (gf180mcu_fd_sc_mcu7t5v0__nand2_1)
     1    0.008290    0.561163    0.208685   18.296183 v _65_/ZN (gf180mcu_fd_sc_mcu7t5v0__nand2_1)
                                                         _33_ (net)
                      0.561163    0.000128   18.296310 v _66_/B (gf180mcu_fd_sc_mcu7t5v0__oai21_1)
     1    0.007103    0.517953    0.353438   18.649750 ^ _66_/ZN (gf180mcu_fd_sc_mcu7t5v0__oai21_1)
                                                         _02_ (net)
                      0.517953    0.000167   18.649916 ^ _77_/D (gf180mcu_fd_sc_mcu7t5v0__dffrnq_1)
                                             18.649916   data arrival time

                                 81.379997   81.379997   clock clk (rise edge)
                                  0.000000   81.379997   clock source latency
     1    0.027987    0.000014    0.000448   81.380447 ^ clk (in)
                                                         clk (net)
                      0.001068    0.000000   81.380447 ^ clkbuf_0_clk/I (gf180mcu_fd_sc_mcu7t5v0__clkbuf_16)
     2    0.046845    0.112143    0.224304   81.604752 ^ clkbuf_0_clk/Z (gf180mcu_fd_sc_mcu7t5v0__clkbuf_16)
                                                         clknet_0_clk (net)
                      0.112145    0.000924   81.605675 ^ clkbuf_1_1__f_clk/I (gf180mcu_fd_sc_mcu7t5v0__clkbuf_16)
     7    0.037678    0.104470    0.238735   81.844406 ^ clkbuf_1_1__f_clk/Z (gf180mcu_fd_sc_mcu7t5v0__clkbuf_16)
                                                         clknet_1_1__leaf_clk (net)
                      0.104470    0.000128   81.844536 ^ _77_/CLK (gf180mcu_fd_sc_mcu7t5v0__dffrnq_1)
                                 -0.250000   81.594536   clock uncertainty
                                  0.000000   81.594536   clock reconvergence pessimism
                                 -0.370356   81.224182   library setup time
                                             81.224182   data required time
---------------------------------------------------------------------------------------------
                                             81.224182   data required time
                                            -18.649916   data arrival time
---------------------------------------------------------------------------------------------
                                             62.574268   slack (MET)


Startpoint: load_en (input port clocked by clk)
Endpoint: _68_ (rising edge-triggered flip-flop clocked by clk)
Path Group: clk
Path Type: max

Fanout         Cap        Slew       Delay        Time   Description
---------------------------------------------------------------------------------------------
                                  0.000000    0.000000   clock clk (rise edge)
                                  0.000000    0.000000   clock network delay (propagated)
                                 16.000000   16.000000 ^ input external delay
     1    0.004140    0.000002    0.000037   16.000038 ^ load_en (in)
                                                         load_en (net)
                      0.000086    0.000000   16.000038 ^ input13/I (gf180mcu_fd_sc_mcu7t5v0__dlyb_1)
    23    0.137067    2.248398    2.083132   18.083170 ^ input13/Z (gf180mcu_fd_sc_mcu7t5v0__dlyb_1)
                                                         net13 (net)
                      2.248418    0.003757   18.086926 ^ _47_/A1 (gf180mcu_fd_sc_mcu7t5v0__nand2_1)
     1    0.009791    0.586401    0.235682   18.322607 v _47_/ZN (gf180mcu_fd_sc_mcu7t5v0__nand2_1)
                                                         _24_ (net)
                      0.586401    0.000247   18.322855 v _48_/B (gf180mcu_fd_sc_mcu7t5v0__oai21_1)
     1    0.003715    0.433589    0.323267   18.646122 ^ _48_/ZN (gf180mcu_fd_sc_mcu7t5v0__oai21_1)
                                                         _04_ (net)
                      0.433589    0.000037   18.646158 ^ _68_/D (gf180mcu_fd_sc_mcu7t5v0__dffrnq_1)
                                             18.646158   data arrival time

                                 81.379997   81.379997   clock clk (rise edge)
                                  0.000000   81.379997   clock source latency
     1    0.027987    0.000014    0.000448   81.380447 ^ clk (in)
                                                         clk (net)
                      0.001068    0.000000   81.380447 ^ clkbuf_0_clk/I (gf180mcu_fd_sc_mcu7t5v0__clkbuf_16)
     2    0.046845    0.112143    0.224304   81.604752 ^ clkbuf_0_clk/Z (gf180mcu_fd_sc_mcu7t5v0__clkbuf_16)
                                                         clknet_0_clk (net)
                      0.112145    0.000888   81.605637 ^ clkbuf_1_0__f_clk/I (gf180mcu_fd_sc_mcu7t5v0__clkbuf_16)
     6    0.040136    0.106587    0.240362   81.846001 ^ clkbuf_1_0__f_clk/Z (gf180mcu_fd_sc_mcu7t5v0__clkbuf_16)
                                                         clknet_1_0__leaf_clk (net)
                      0.106588    0.000341   81.846336 ^ _68_/CLK (gf180mcu_fd_sc_mcu7t5v0__dffrnq_1)
                                 -0.250000   81.596344   clock uncertainty
                                  0.000000   81.596344   clock reconvergence pessimism
                                 -0.357116   81.239227   library setup time
                                             81.239227   data required time
---------------------------------------------------------------------------------------------
                                             81.239227   data required time
                                            -18.646158   data arrival time
---------------------------------------------------------------------------------------------
                                             62.593060   slack (MET)


Startpoint: _77_ (rising edge-triggered flip-flop clocked by clk)
Endpoint: serial_out (output port clocked by clk)
Path Group: clk
Path Type: max

Fanout         Cap        Slew       Delay        Time   Description
---------------------------------------------------------------------------------------------
                                  0.000000    0.000000   clock clk (rise edge)
                                  0.000000    0.000000   clock source latency
     1    0.027987    0.000014    0.000445    0.000445 ^ clk (in)
                                                         clk (net)
                      0.001068    0.000000    0.000445 ^ clkbuf_0_clk/I (gf180mcu_fd_sc_mcu7t5v0__clkbuf_16)
     2    0.046845    0.112143    0.224307    0.224752 ^ clkbuf_0_clk/Z (gf180mcu_fd_sc_mcu7t5v0__clkbuf_16)
                                                         clknet_0_clk (net)
                      0.112145    0.000921    0.225672 ^ clkbuf_1_1__f_clk/I (gf180mcu_fd_sc_mcu7t5v0__clkbuf_16)
     7    0.037678    0.104470    0.238737    0.464409 ^ clkbuf_1_1__f_clk/Z (gf180mcu_fd_sc_mcu7t5v0__clkbuf_16)
                                                         clknet_1_1__leaf_clk (net)
                      0.104470    0.000131    0.464540 ^ _77_/CLK (gf180mcu_fd_sc_mcu7t5v0__dffrnq_1)
     1    0.005685    0.184635    0.887002    1.351543 ^ _77_/Q (gf180mcu_fd_sc_mcu7t5v0__dffrnq_1)
                                                         net15 (net)
                      0.184635    0.000078    1.351621 ^ output15/I (gf180mcu_fd_sc_mcu7t5v0__dlyb_1)
     1    0.036509    0.640920    1.183228    2.534849 ^ output15/Z (gf180mcu_fd_sc_mcu7t5v0__dlyb_1)
                                                         serial_out (net)
                      0.640920    0.000492    2.535341 ^ serial_out (out)
                                              2.535341   data arrival time

                                 81.379997   81.379997   clock clk (rise edge)
                                  0.000000   81.379997   clock network delay (propagated)
                                 -0.250000   81.129997   clock uncertainty
                                  0.000000   81.129997   clock reconvergence pessimism
                                -16.000000   65.129997   output external delay
                                             65.129997   data required time
---------------------------------------------------------------------------------------------
                                             65.129997   data required time
                                             -2.535341   data arrival time
---------------------------------------------------------------------------------------------
                                             62.594654   slack (MET)


Startpoint: load_en (input port clocked by clk)
Endpoint: _69_ (rising edge-triggered flip-flop clocked by clk)
Path Group: clk
Path Type: max

Fanout         Cap        Slew       Delay        Time   Description
---------------------------------------------------------------------------------------------
                                  0.000000    0.000000   clock clk (rise edge)
                                  0.000000    0.000000   clock network delay (propagated)
                                 16.000000   16.000000 ^ input external delay
     1    0.004140    0.000002    0.000037   16.000038 ^ load_en (in)
                                                         load_en (net)
                      0.000086    0.000000   16.000038 ^ input13/I (gf180mcu_fd_sc_mcu7t5v0__dlyb_1)
    23    0.137067    2.248398    2.083132   18.083170 ^ input13/Z (gf180mcu_fd_sc_mcu7t5v0__dlyb_1)
                                                         net13 (net)
                      2.248420    0.003954   18.087124 ^ _49_/A1 (gf180mcu_fd_sc_mcu7t5v0__nand2_1)
     1    0.007718    0.551539    0.198376   18.285500 v _49_/ZN (gf180mcu_fd_sc_mcu7t5v0__nand2_1)
                                                         _25_ (net)
                      0.551539    0.000167   18.285667 v _50_/B (gf180mcu_fd_sc_mcu7t5v0__oai21_1)
     1    0.004003    0.441926    0.316511   18.602179 ^ _50_/ZN (gf180mcu_fd_sc_mcu7t5v0__oai21_1)
                                                         _05_ (net)
                      0.441926    0.000043   18.602221 ^ _69_/D (gf180mcu_fd_sc_mcu7t5v0__dffrnq_1)
                                             18.602221   data arrival time

                                 81.379997   81.379997   clock clk (rise edge)
                                  0.000000   81.379997   clock source latency
     1    0.027987    0.000014    0.000448   81.380447 ^ clk (in)
                                                         clk (net)
                      0.001068    0.000000   81.380447 ^ clkbuf_0_clk/I (gf180mcu_fd_sc_mcu7t5v0__clkbuf_16)
     2    0.046845    0.112143    0.224304   81.604752 ^ clkbuf_0_clk/Z (gf180mcu_fd_sc_mcu7t5v0__clkbuf_16)
                                                         clknet_0_clk (net)
                      0.112145    0.000924   81.605675 ^ clkbuf_1_1__f_clk/I (gf180mcu_fd_sc_mcu7t5v0__clkbuf_16)
     7    0.037678    0.104470    0.238735   81.844406 ^ clkbuf_1_1__f_clk/Z (gf180mcu_fd_sc_mcu7t5v0__clkbuf_16)
                                                         clknet_1_1__leaf_clk (net)
                      0.104470    0.000426   81.844833 ^ _69_/CLK (gf180mcu_fd_sc_mcu7t5v0__dffrnq_1)
                                 -0.250000   81.594833   clock uncertainty
                                  0.000000   81.594833   clock reconvergence pessimism
                                 -0.358733   81.236107   library setup time
                                             81.236107   data required time
---------------------------------------------------------------------------------------------
                                             81.236107   data required time
                                            -18.602221   data arrival time
---------------------------------------------------------------------------------------------
                                             62.633881   slack (MET)


Startpoint: load_en (input port clocked by clk)
Endpoint: _73_ (rising edge-triggered flip-flop clocked by clk)
Path Group: clk
Path Type: max

Fanout         Cap        Slew       Delay        Time   Description
---------------------------------------------------------------------------------------------
                                  0.000000    0.000000   clock clk (rise edge)
                                  0.000000    0.000000   clock network delay (propagated)
                                 16.000000   16.000000 ^ input external delay
     1    0.004140    0.000002    0.000037   16.000038 ^ load_en (in)
                                                         load_en (net)
                      0.000086    0.000000   16.000038 ^ input13/I (gf180mcu_fd_sc_mcu7t5v0__dlyb_1)
    23    0.137067    2.248398    2.083132   18.083170 ^ input13/Z (gf180mcu_fd_sc_mcu7t5v0__dlyb_1)
                                                         net13 (net)
                      2.248398    0.002089   18.085258 ^ _57_/A1 (gf180mcu_fd_sc_mcu7t5v0__nand2_1)
     1    0.005946    0.513092    0.158360   18.243618 v _57_/ZN (gf180mcu_fd_sc_mcu7t5v0__nand2_1)
                                                         _29_ (net)
                      0.513092    0.000068   18.243687 v _58_/B (gf180mcu_fd_sc_mcu7t5v0__oai21_1)
     1    0.007652    0.531229    0.344611   18.588297 ^ _58_/ZN (gf180mcu_fd_sc_mcu7t5v0__oai21_1)
                                                         _09_ (net)
                      0.531229    0.000187   18.588484 ^ _73_/D (gf180mcu_fd_sc_mcu7t5v0__dffrnq_1)
                                             18.588484   data arrival time

                                 81.379997   81.379997   clock clk (rise edge)
                                  0.000000   81.379997   clock source latency
     1    0.027987    0.000014    0.000448   81.380447 ^ clk (in)
                                                         clk (net)
                      0.001068    0.000000   81.380447 ^ clkbuf_0_clk/I (gf180mcu_fd_sc_mcu7t5v0__clkbuf_16)
     2    0.046845    0.112143    0.224304   81.604752 ^ clkbuf_0_clk/Z (gf180mcu_fd_sc_mcu7t5v0__clkbuf_16)
                                                         clknet_0_clk (net)
                      0.112145    0.000888   81.605637 ^ clkbuf_1_0__f_clk/I (gf180mcu_fd_sc_mcu7t5v0__clkbuf_16)
     6    0.040136    0.106587    0.240362   81.846001 ^ clkbuf_1_0__f_clk/Z (gf180mcu_fd_sc_mcu7t5v0__clkbuf_16)
                                                         clknet_1_0__leaf_clk (net)
                      0.106588    0.000334   81.846336 ^ _73_/CLK (gf180mcu_fd_sc_mcu7t5v0__dffrnq_1)
                                 -0.250000   81.596336   clock uncertainty
                                  0.000000   81.596336   clock reconvergence pessimism
                                 -0.371992   81.224342   library setup time
                                             81.224342   data required time
---------------------------------------------------------------------------------------------
                                             81.224342   data required time
                                            -18.588484   data arrival time
---------------------------------------------------------------------------------------------
                                             62.635864   slack (MET)


Startpoint: load_en (input port clocked by clk)
Endpoint: _75_ (rising edge-triggered flip-flop clocked by clk)
Path Group: clk
Path Type: max

Fanout         Cap        Slew       Delay        Time   Description
---------------------------------------------------------------------------------------------
                                  0.000000    0.000000   clock clk (rise edge)
                                  0.000000    0.000000   clock network delay (propagated)
                                 16.000000   16.000000 ^ input external delay
     1    0.004140    0.000002    0.000037   16.000038 ^ load_en (in)
                                                         load_en (net)
                      0.000086    0.000000   16.000038 ^ input13/I (gf180mcu_fd_sc_mcu7t5v0__dlyb_1)
    23    0.137067    2.248398    2.083132   18.083170 ^ input13/Z (gf180mcu_fd_sc_mcu7t5v0__dlyb_1)
                                                         net13 (net)
                      2.248425    0.004423   18.087593 ^ _61_/A1 (gf180mcu_fd_sc_mcu7t5v0__nand2_1)
     1    0.006461    0.526052    0.170189   18.257782 v _61_/ZN (gf180mcu_fd_sc_mcu7t5v0__nand2_1)
                                                         _31_ (net)
                      0.526052    0.000071   18.257853 v _62_/B (gf180mcu_fd_sc_mcu7t5v0__oai21_1)
     1    0.003778    0.435415    0.306537   18.564390 ^ _62_/ZN (gf180mcu_fd_sc_mcu7t5v0__oai21_1)
                                                         _11_ (net)
                      0.435415    0.000037   18.564426 ^ _75_/D (gf180mcu_fd_sc_mcu7t5v0__dffrnq_1)
                                             18.564426   data arrival time

                                 81.379997   81.379997   clock clk (rise edge)
                                  0.000000   81.379997   clock source latency
     1    0.027987    0.000014    0.000448   81.380447 ^ clk (in)
                                                         clk (net)
                      0.001068    0.000000   81.380447 ^ clkbuf_0_clk/I (gf180mcu_fd_sc_mcu7t5v0__clkbuf_16)
     2    0.046845    0.112143    0.224304   81.604752 ^ clkbuf_0_clk/Z (gf180mcu_fd_sc_mcu7t5v0__clkbuf_16)
                                                         clknet_0_clk (net)
                      0.112145    0.000924   81.605675 ^ clkbuf_1_1__f_clk/I (gf180mcu_fd_sc_mcu7t5v0__clkbuf_16)
     7    0.037678    0.104470    0.238735   81.844406 ^ clkbuf_1_1__f_clk/Z (gf180mcu_fd_sc_mcu7t5v0__clkbuf_16)
                                                         clknet_1_1__leaf_clk (net)
                      0.104470    0.000263   81.844673 ^ _75_/CLK (gf180mcu_fd_sc_mcu7t5v0__dffrnq_1)
                                 -0.250000   81.594673   clock uncertainty
                                  0.000000   81.594673   clock reconvergence pessimism
                                 -0.357738   81.236938   library setup time
                                             81.236938   data required time
---------------------------------------------------------------------------------------------
                                             81.236938   data required time
                                            -18.564426   data arrival time
---------------------------------------------------------------------------------------------
                                             62.672508   slack (MET)


Startpoint: load_en (input port clocked by clk)
Endpoint: _79_ (rising edge-triggered flip-flop clocked by clk)
Path Group: clk
Path Type: max

Fanout         Cap        Slew       Delay        Time   Description
---------------------------------------------------------------------------------------------
                                  0.000000    0.000000   clock clk (rise edge)
                                  0.000000    0.000000   clock network delay (propagated)
                                 16.000000   16.000000 ^ input external delay
     1    0.004140    0.000002    0.000037   16.000038 ^ load_en (in)
                                                         load_en (net)
                      0.000086    0.000000   16.000038 ^ input13/I (gf180mcu_fd_sc_mcu7t5v0__dlyb_1)
    23    0.137067    2.248398    2.083132   18.083170 ^ input13/Z (gf180mcu_fd_sc_mcu7t5v0__dlyb_1)
                                                         net13 (net)
                      2.248408    0.002727   18.085896 ^ _45_/A2 (gf180mcu_fd_sc_mcu7t5v0__nand2_1)
     1    0.008081    0.521313    0.117506   18.203402 v _45_/ZN (gf180mcu_fd_sc_mcu7t5v0__nand2_1)
                                                         _23_ (net)
                      0.521313    0.000188   18.203590 v _46_/B (gf180mcu_fd_sc_mcu7t5v0__oai21_1)
     1    0.007157    0.539933    0.341879   18.545469 ^ _46_/ZN (gf180mcu_fd_sc_mcu7t5v0__oai21_1)
                                                         _03_ (net)
                      0.539933    0.000167   18.545637 ^ _79_/D (gf180mcu_fd_sc_mcu7t5v0__dffrnq_1)
                                             18.545637   data arrival time

                                 81.379997   81.379997   clock clk (rise edge)
                                  0.000000   81.379997   clock source latency
     1    0.027987    0.000014    0.000448   81.380447 ^ clk (in)
                                                         clk (net)
                      0.001068    0.000000   81.380447 ^ clkbuf_0_clk/I (gf180mcu_fd_sc_mcu7t5v0__clkbuf_16)
     2    0.046845    0.112143    0.224304   81.604752 ^ clkbuf_0_clk/Z (gf180mcu_fd_sc_mcu7t5v0__clkbuf_16)
                                                         clknet_0_clk (net)
                      0.112145    0.000924   81.605675 ^ clkbuf_1_1__f_clk/I (gf180mcu_fd_sc_mcu7t5v0__clkbuf_16)
     7    0.037678    0.104470    0.238735   81.844406 ^ clkbuf_1_1__f_clk/Z (gf180mcu_fd_sc_mcu7t5v0__clkbuf_16)
                                                         clknet_1_1__leaf_clk (net)
                      0.104470    0.000277   81.844681 ^ _79_/CLK (gf180mcu_fd_sc_mcu7t5v0__dffrnq_1)
                                 -0.250000   81.594688   clock uncertainty
                                  0.000000   81.594688   clock reconvergence pessimism
                                 -0.373717   81.220970   library setup time
                                             81.220970   data required time
---------------------------------------------------------------------------------------------
                                             81.220970   data required time
                                            -18.545637   data arrival time
---------------------------------------------------------------------------------------------
                                             62.675335   slack (MET)


Startpoint: load_en (input port clocked by clk)
Endpoint: _74_ (rising edge-triggered flip-flop clocked by clk)
Path Group: clk
Path Type: max

Fanout         Cap        Slew       Delay        Time   Description
---------------------------------------------------------------------------------------------
                                  0.000000    0.000000   clock clk (rise edge)
                                  0.000000    0.000000   clock network delay (propagated)
                                 16.000000   16.000000 ^ input external delay
     1    0.004140    0.000002    0.000037   16.000038 ^ load_en (in)
                                                         load_en (net)
                      0.000086    0.000000   16.000038 ^ input13/I (gf180mcu_fd_sc_mcu7t5v0__dlyb_1)
    23    0.137067    2.248398    2.083132   18.083170 ^ input13/Z (gf180mcu_fd_sc_mcu7t5v0__dlyb_1)
                                                         net13 (net)
                      2.248398    0.002052   18.085220 ^ _59_/A1 (gf180mcu_fd_sc_mcu7t5v0__nand2_1)
     1    0.005898    0.511868    0.157243   18.242464 v _59_/ZN (gf180mcu_fd_sc_mcu7t5v0__nand2_1)
                                                         _30_ (net)
                      0.511868    0.000062   18.242527 v _60_/B (gf180mcu_fd_sc_mcu7t5v0__oai21_1)
     1    0.003911    0.439283    0.303944   18.546471 ^ _60_/ZN (gf180mcu_fd_sc_mcu7t5v0__oai21_1)
                                                         _10_ (net)
                      0.439283    0.000041   18.546511 ^ _74_/D (gf180mcu_fd_sc_mcu7t5v0__dffrnq_1)
                                             18.546511   data arrival time

                                 81.379997   81.379997   clock clk (rise edge)
                                  0.000000   81.379997   clock source latency
     1    0.027987    0.000014    0.000448   81.380447 ^ clk (in)
                                                         clk (net)
                      0.001068    0.000000   81.380447 ^ clkbuf_0_clk/I (gf180mcu_fd_sc_mcu7t5v0__clkbuf_16)
     2    0.046845    0.112143    0.224304   81.604752 ^ clkbuf_0_clk/Z (gf180mcu_fd_sc_mcu7t5v0__clkbuf_16)
                                                         clknet_0_clk (net)
                      0.112145    0.000888   81.605637 ^ clkbuf_1_0__f_clk/I (gf180mcu_fd_sc_mcu7t5v0__clkbuf_16)
     6    0.040136    0.106587    0.240362   81.846001 ^ clkbuf_1_0__f_clk/Z (gf180mcu_fd_sc_mcu7t5v0__clkbuf_16)
                                                         clknet_1_0__leaf_clk (net)
                      0.106587    0.000185   81.846184 ^ _74_/CLK (gf180mcu_fd_sc_mcu7t5v0__dffrnq_1)
                                 -0.250000   81.596184   clock uncertainty
                                  0.000000   81.596184   clock reconvergence pessimism
                                 -0.357984   81.238197   library setup time
                                             81.238197   data required time
---------------------------------------------------------------------------------------------
                                             81.238197   data required time
                                            -18.546511   data arrival time
---------------------------------------------------------------------------------------------
                                             62.691692   slack (MET)


Startpoint: load_en (input port clocked by clk)
Endpoint: _76_ (rising edge-triggered flip-flop clocked by clk)
Path Group: clk
Path Type: max

Fanout         Cap        Slew       Delay        Time   Description
---------------------------------------------------------------------------------------------
                                  0.000000    0.000000   clock clk (rise edge)
                                  0.000000    0.000000   clock network delay (propagated)
                                 16.000000   16.000000 ^ input external delay
     1    0.004140    0.000002    0.000037   16.000038 ^ load_en (in)
                                                         load_en (net)
                      0.000086    0.000000   16.000038 ^ input13/I (gf180mcu_fd_sc_mcu7t5v0__dlyb_1)
    23    0.137067    2.248398    2.083132   18.083170 ^ input13/Z (gf180mcu_fd_sc_mcu7t5v0__dlyb_1)
                                                         net13 (net)
                      2.248426    0.004476   18.087646 ^ _63_/A1 (gf180mcu_fd_sc_mcu7t5v0__nand2_1)
     1    0.004929    0.487482    0.134973   18.222618 v _63_/ZN (gf180mcu_fd_sc_mcu7t5v0__nand2_1)
                                                         _32_ (net)
                      0.487482    0.000046   18.222664 v _64_/B (gf180mcu_fd_sc_mcu7t5v0__oai21_1)
     1    0.003866    0.437979    0.296362   18.519028 ^ _64_/ZN (gf180mcu_fd_sc_mcu7t5v0__oai21_1)
                                                         _01_ (net)
                      0.437979    0.000041   18.519068 ^ _76_/D (gf180mcu_fd_sc_mcu7t5v0__dffrnq_1)
                                             18.519068   data arrival time

                                 81.379997   81.379997   clock clk (rise edge)
                                  0.000000   81.379997   clock source latency
     1    0.027987    0.000014    0.000448   81.380447 ^ clk (in)
                                                         clk (net)
                      0.001068    0.000000   81.380447 ^ clkbuf_0_clk/I (gf180mcu_fd_sc_mcu7t5v0__clkbuf_16)
     2    0.046845    0.112143    0.224304   81.604752 ^ clkbuf_0_clk/Z (gf180mcu_fd_sc_mcu7t5v0__clkbuf_16)
                                                         clknet_0_clk (net)
                      0.112145    0.000924   81.605675 ^ clkbuf_1_1__f_clk/I (gf180mcu_fd_sc_mcu7t5v0__clkbuf_16)
     7    0.037678    0.104470    0.238735   81.844406 ^ clkbuf_1_1__f_clk/Z (gf180mcu_fd_sc_mcu7t5v0__clkbuf_16)
                                                         clknet_1_1__leaf_clk (net)
                      0.104470    0.000107   81.844513 ^ _76_/CLK (gf180mcu_fd_sc_mcu7t5v0__dffrnq_1)
                                 -0.250000   81.594513   clock uncertainty
                                  0.000000   81.594513   clock reconvergence pessimism
                                 -0.358130   81.236389   library setup time
                                             81.236389   data required time
---------------------------------------------------------------------------------------------
                                             81.236389   data required time
                                            -18.519068   data arrival time
---------------------------------------------------------------------------------------------
                                             62.717319   slack (MET)


Startpoint: load_en (input port clocked by clk)
Endpoint: _78_ (rising edge-triggered flip-flop clocked by clk)
Path Group: clk
Path Type: max

Fanout         Cap        Slew       Delay        Time   Description
---------------------------------------------------------------------------------------------
                                  0.000000    0.000000   clock clk (rise edge)
                                  0.000000    0.000000   clock network delay (propagated)
                                 16.000000   16.000000 ^ input external delay
     1    0.004140    0.000002    0.000037   16.000038 ^ load_en (in)
                                                         load_en (net)
                      0.000086    0.000000   16.000038 ^ input13/I (gf180mcu_fd_sc_mcu7t5v0__dlyb_1)
    23    0.137067    2.248398    2.083132   18.083170 ^ input13/Z (gf180mcu_fd_sc_mcu7t5v0__dlyb_1)
                                                         net13 (net)
                      2.248415    0.003475   18.086643 ^ _67_/A1 (gf180mcu_fd_sc_mcu7t5v0__and2_1)
     1    0.005742    0.204937    0.444087   18.530731 ^ _67_/Z (gf180mcu_fd_sc_mcu7t5v0__and2_1)
                                                         _00_ (net)
                      0.204937    0.000076   18.530807 ^ _78_/D (gf180mcu_fd_sc_mcu7t5v0__dffrnq_1)
                                             18.530807   data arrival time

                                 81.379997   81.379997   clock clk (rise edge)
                                  0.000000   81.379997   clock source latency
     1    0.027987    0.000014    0.000448   81.380447 ^ clk (in)
                                                         clk (net)
                      0.001068    0.000000   81.380447 ^ clkbuf_0_clk/I (gf180mcu_fd_sc_mcu7t5v0__clkbuf_16)
     2    0.046845    0.112143    0.224304   81.604752 ^ clkbuf_0_clk/Z (gf180mcu_fd_sc_mcu7t5v0__clkbuf_16)
                                                         clknet_0_clk (net)
                      0.112145    0.000888   81.605637 ^ clkbuf_1_0__f_clk/I (gf180mcu_fd_sc_mcu7t5v0__clkbuf_16)
     6    0.040136    0.106587    0.240362   81.846001 ^ clkbuf_1_0__f_clk/Z (gf180mcu_fd_sc_mcu7t5v0__clkbuf_16)
                                                         clknet_1_0__leaf_clk (net)
                      0.106588    0.000270   81.846268 ^ _78_/CLK (gf180mcu_fd_sc_mcu7t5v0__dffrnq_1)
                                 -0.250000   81.596275   clock uncertainty
                                  0.000000   81.596275   clock reconvergence pessimism
                                 -0.317137   81.279137   library setup time
                                             81.279137   data required time
---------------------------------------------------------------------------------------------
                                             81.279137   data required time
                                            -18.530807   data arrival time
---------------------------------------------------------------------------------------------
                                             62.748329   slack (MET)


Startpoint: rst_n (input port clocked by clk)
Endpoint: _79_ (recovery check against rising-edge clock clk)
Path Group: asynchronous
Path Type: max

Fanout         Cap        Slew       Delay        Time   Description
---------------------------------------------------------------------------------------------
                                  0.000000    0.000000   clock clk (rise edge)
                                  0.000000    0.000000   clock network delay (propagated)
                                 16.000000   16.000000 ^ input external delay
     1    0.006323    0.000003    0.000076   16.000076 ^ rst_n (in)
                                                         rst_n (net)
                      0.000183    0.000000   16.000076 ^ input14/I (gf180mcu_fd_sc_mcu7t5v0__dlyb_1)
    12    0.108533    1.788694    1.819306   17.819382 ^ input14/Z (gf180mcu_fd_sc_mcu7t5v0__dlyb_1)
                                                         net14 (net)
                      1.788701    0.002020   17.821402 ^ _79_/RN (gf180mcu_fd_sc_mcu7t5v0__dffrnq_1)
                                             17.821402   data arrival time

                                 81.379997   81.379997   clock clk (rise edge)
                                  0.000000   81.379997   clock source latency
     1    0.027987    0.000014    0.000448   81.380447 ^ clk (in)
                                                         clk (net)
                      0.001068    0.000000   81.380447 ^ clkbuf_0_clk/I (gf180mcu_fd_sc_mcu7t5v0__clkbuf_16)
     2    0.046845    0.112143    0.224304   81.604752 ^ clkbuf_0_clk/Z (gf180mcu_fd_sc_mcu7t5v0__clkbuf_16)
                                                         clknet_0_clk (net)
                      0.112145    0.000924   81.605675 ^ clkbuf_1_1__f_clk/I (gf180mcu_fd_sc_mcu7t5v0__clkbuf_16)
     7    0.037678    0.104470    0.238735   81.844406 ^ clkbuf_1_1__f_clk/Z (gf180mcu_fd_sc_mcu7t5v0__clkbuf_16)
                                                         clknet_1_1__leaf_clk (net)
                      0.104470    0.000277   81.844681 ^ _79_/CLK (gf180mcu_fd_sc_mcu7t5v0__dffrnq_1)
                                 -0.250000   81.594688   clock uncertainty
                                  0.000000   81.594688   clock reconvergence pessimism
                                 -0.235657   81.359032   library recovery time
                                             81.359032   data required time
---------------------------------------------------------------------------------------------
                                             81.359032   data required time
                                            -17.821402   data arrival time
---------------------------------------------------------------------------------------------
                                             63.537628   slack (MET)


Startpoint: rst_n (input port clocked by clk)
Endpoint: _76_ (recovery check against rising-edge clock clk)
Path Group: asynchronous
Path Type: max

Fanout         Cap        Slew       Delay        Time   Description
---------------------------------------------------------------------------------------------
                                  0.000000    0.000000   clock clk (rise edge)
                                  0.000000    0.000000   clock network delay (propagated)
                                 16.000000   16.000000 ^ input external delay
     1    0.006323    0.000003    0.000076   16.000076 ^ rst_n (in)
                                                         rst_n (net)
                      0.000183    0.000000   16.000076 ^ input14/I (gf180mcu_fd_sc_mcu7t5v0__dlyb_1)
    12    0.108533    1.788694    1.819306   17.819382 ^ input14/Z (gf180mcu_fd_sc_mcu7t5v0__dlyb_1)
                                                         net14 (net)
                      1.788694    0.001604   17.820986 ^ _76_/RN (gf180mcu_fd_sc_mcu7t5v0__dffrnq_1)
                                             17.820986   data arrival time

                                 81.379997   81.379997   clock clk (rise edge)
                                  0.000000   81.379997   clock source latency
     1    0.027987    0.000014    0.000448   81.380447 ^ clk (in)
                                                         clk (net)
                      0.001068    0.000000   81.380447 ^ clkbuf_0_clk/I (gf180mcu_fd_sc_mcu7t5v0__clkbuf_16)
     2    0.046845    0.112143    0.224304   81.604752 ^ clkbuf_0_clk/Z (gf180mcu_fd_sc_mcu7t5v0__clkbuf_16)
                                                         clknet_0_clk (net)
                      0.112145    0.000924   81.605675 ^ clkbuf_1_1__f_clk/I (gf180mcu_fd_sc_mcu7t5v0__clkbuf_16)
     7    0.037678    0.104470    0.238735   81.844406 ^ clkbuf_1_1__f_clk/Z (gf180mcu_fd_sc_mcu7t5v0__clkbuf_16)
                                                         clknet_1_1__leaf_clk (net)
                      0.104470    0.000107   81.844513 ^ _76_/CLK (gf180mcu_fd_sc_mcu7t5v0__dffrnq_1)
                                 -0.250000   81.594513   clock uncertainty
                                  0.000000   81.594513   clock reconvergence pessimism
                                 -0.235655   81.358864   library recovery time
                                             81.358864   data required time
---------------------------------------------------------------------------------------------
                                             81.358864   data required time
                                            -17.820986   data arrival time
---------------------------------------------------------------------------------------------
                                             63.537876   slack (MET)


Startpoint: rst_n (input port clocked by clk)
Endpoint: _70_ (recovery check against rising-edge clock clk)
Path Group: asynchronous
Path Type: max

Fanout         Cap        Slew       Delay        Time   Description
---------------------------------------------------------------------------------------------
                                  0.000000    0.000000   clock clk (rise edge)
                                  0.000000    0.000000   clock network delay (propagated)
                                 16.000000   16.000000 ^ input external delay
     1    0.006323    0.000003    0.000076   16.000076 ^ rst_n (in)
                                                         rst_n (net)
                      0.000183    0.000000   16.000076 ^ input14/I (gf180mcu_fd_sc_mcu7t5v0__dlyb_1)
    12    0.108533    1.788694    1.819306   17.819382 ^ input14/Z (gf180mcu_fd_sc_mcu7t5v0__dlyb_1)
                                                         net14 (net)
                      1.788694    0.001473   17.820854 ^ _70_/RN (gf180mcu_fd_sc_mcu7t5v0__dffrnq_1)
                                             17.820854   data arrival time

                                 81.379997   81.379997   clock clk (rise edge)
                                  0.000000   81.379997   clock source latency
     1    0.027987    0.000014    0.000448   81.380447 ^ clk (in)
                                                         clk (net)
                      0.001068    0.000000   81.380447 ^ clkbuf_0_clk/I (gf180mcu_fd_sc_mcu7t5v0__clkbuf_16)
     2    0.046845    0.112143    0.224304   81.604752 ^ clkbuf_0_clk/Z (gf180mcu_fd_sc_mcu7t5v0__clkbuf_16)
                                                         clknet_0_clk (net)
                      0.112145    0.000924   81.605675 ^ clkbuf_1_1__f_clk/I (gf180mcu_fd_sc_mcu7t5v0__clkbuf_16)
     7    0.037678    0.104470    0.238735   81.844406 ^ clkbuf_1_1__f_clk/Z (gf180mcu_fd_sc_mcu7t5v0__clkbuf_16)
                                                         clknet_1_1__leaf_clk (net)
                      0.104470    0.000092   81.844498 ^ _70_/CLK (gf180mcu_fd_sc_mcu7t5v0__dffrnq_1)
                                 -0.250000   81.594505   clock uncertainty
                                  0.000000   81.594505   clock reconvergence pessimism
                                 -0.235655   81.358849   library recovery time
                                             81.358849   data required time
---------------------------------------------------------------------------------------------
                                             81.358849   data required time
                                            -17.820854   data arrival time
---------------------------------------------------------------------------------------------
                                             63.537998   slack (MET)


Startpoint: rst_n (input port clocked by clk)
Endpoint: _71_ (recovery check against rising-edge clock clk)
Path Group: asynchronous
Path Type: max

Fanout         Cap        Slew       Delay        Time   Description
---------------------------------------------------------------------------------------------
                                  0.000000    0.000000   clock clk (rise edge)
                                  0.000000    0.000000   clock network delay (propagated)
                                 16.000000   16.000000 ^ input external delay
     1    0.006323    0.000003    0.000076   16.000076 ^ rst_n (in)
                                                         rst_n (net)
                      0.000183    0.000000   16.000076 ^ input14/I (gf180mcu_fd_sc_mcu7t5v0__dlyb_1)
    12    0.108533    1.788694    1.819306   17.819382 ^ input14/Z (gf180mcu_fd_sc_mcu7t5v0__dlyb_1)
                                                         net14 (net)
                      1.788694    0.001513   17.820896 ^ _71_/RN (gf180mcu_fd_sc_mcu7t5v0__dffrnq_1)
                                             17.820896   data arrival time

                                 81.379997   81.379997   clock clk (rise edge)
                                  0.000000   81.379997   clock source latency
     1    0.027987    0.000014    0.000448   81.380447 ^ clk (in)
                                                         clk (net)
                      0.001068    0.000000   81.380447 ^ clkbuf_0_clk/I (gf180mcu_fd_sc_mcu7t5v0__clkbuf_16)
     2    0.046845    0.112143    0.224304   81.604752 ^ clkbuf_0_clk/Z (gf180mcu_fd_sc_mcu7t5v0__clkbuf_16)
                                                         clknet_0_clk (net)
                      0.112145    0.000924   81.605675 ^ clkbuf_1_1__f_clk/I (gf180mcu_fd_sc_mcu7t5v0__clkbuf_16)
     7    0.037678    0.104470    0.238735   81.844406 ^ clkbuf_1_1__f_clk/Z (gf180mcu_fd_sc_mcu7t5v0__clkbuf_16)
                                                         clknet_1_1__leaf_clk (net)
                      0.104470    0.000085   81.844490 ^ _71_/CLK (gf180mcu_fd_sc_mcu7t5v0__dffrnq_1)
                                 -0.250000   81.594498   clock uncertainty
                                  0.000000   81.594498   clock reconvergence pessimism
                                 -0.235655   81.358841   library recovery time
                                             81.358841   data required time
---------------------------------------------------------------------------------------------
                                             81.358841   data required time
                                            -17.820896   data arrival time
---------------------------------------------------------------------------------------------
                                             63.537949   slack (MET)


Startpoint: rst_n (input port clocked by clk)
Endpoint: _75_ (recovery check against rising-edge clock clk)
Path Group: asynchronous
Path Type: max

Fanout         Cap        Slew       Delay        Time   Description
---------------------------------------------------------------------------------------------
                                  0.000000    0.000000   clock clk (rise edge)
                                  0.000000    0.000000   clock network delay (propagated)
                                 16.000000   16.000000 ^ input external delay
     1    0.006323    0.000003    0.000076   16.000076 ^ rst_n (in)
                                                         rst_n (net)
                      0.000183    0.000000   16.000076 ^ input14/I (gf180mcu_fd_sc_mcu7t5v0__dlyb_1)
    12    0.108533    1.788694    1.819306   17.819382 ^ input14/Z (gf180mcu_fd_sc_mcu7t5v0__dlyb_1)
                                                         net14 (net)
                      1.788694    0.001615   17.820997 ^ _75_/RN (gf180mcu_fd_sc_mcu7t5v0__dffrnq_1)
                                             17.820997   data arrival time

                                 81.379997   81.379997   clock clk (rise edge)
                                  0.000000   81.379997   clock source latency
     1    0.027987    0.000014    0.000448   81.380447 ^ clk (in)
                                                         clk (net)
                      0.001068    0.000000   81.380447 ^ clkbuf_0_clk/I (gf180mcu_fd_sc_mcu7t5v0__clkbuf_16)
     2    0.046845    0.112143    0.224304   81.604752 ^ clkbuf_0_clk/Z (gf180mcu_fd_sc_mcu7t5v0__clkbuf_16)
                                                         clknet_0_clk (net)
                      0.112145    0.000924   81.605675 ^ clkbuf_1_1__f_clk/I (gf180mcu_fd_sc_mcu7t5v0__clkbuf_16)
     7    0.037678    0.104470    0.238735   81.844406 ^ clkbuf_1_1__f_clk/Z (gf180mcu_fd_sc_mcu7t5v0__clkbuf_16)
                                                         clknet_1_1__leaf_clk (net)
                      0.104470    0.000263   81.844673 ^ _75_/CLK (gf180mcu_fd_sc_mcu7t5v0__dffrnq_1)
                                 -0.250000   81.594673   clock uncertainty
                                  0.000000   81.594673   clock reconvergence pessimism
                                 -0.235655   81.359024   library recovery time
                                             81.359024   data required time
---------------------------------------------------------------------------------------------
                                             81.359024   data required time
                                            -17.820997   data arrival time
---------------------------------------------------------------------------------------------
                                             63.538025   slack (MET)


Startpoint: rst_n (input port clocked by clk)
Endpoint: _77_ (recovery check against rising-edge clock clk)
Path Group: asynchronous
Path Type: max

Fanout         Cap        Slew       Delay        Time   Description
---------------------------------------------------------------------------------------------
                                  0.000000    0.000000   clock clk (rise edge)
                                  0.000000    0.000000   clock network delay (propagated)
                                 16.000000   16.000000 ^ input external delay
     1    0.006323    0.000003    0.000076   16.000076 ^ rst_n (in)
                                                         rst_n (net)
                      0.000183    0.000000   16.000076 ^ input14/I (gf180mcu_fd_sc_mcu7t5v0__dlyb_1)
    12    0.108533    1.788694    1.819306   17.819382 ^ input14/Z (gf180mcu_fd_sc_mcu7t5v0__dlyb_1)
                                                         net14 (net)
                      1.788694    0.001513   17.820896 ^ _77_/RN (gf180mcu_fd_sc_mcu7t5v0__dffrnq_1)
                                             17.820896   data arrival time

                                 81.379997   81.379997   clock clk (rise edge)
                                  0.000000   81.379997   clock source latency
     1    0.027987    0.000014    0.000448   81.380447 ^ clk (in)
                                                         clk (net)
                      0.001068    0.000000   81.380447 ^ clkbuf_0_clk/I (gf180mcu_fd_sc_mcu7t5v0__clkbuf_16)
     2    0.046845    0.112143    0.224304   81.604752 ^ clkbuf_0_clk/Z (gf180mcu_fd_sc_mcu7t5v0__clkbuf_16)
                                                         clknet_0_clk (net)
                      0.112145    0.000924   81.605675 ^ clkbuf_1_1__f_clk/I (gf180mcu_fd_sc_mcu7t5v0__clkbuf_16)
     7    0.037678    0.104470    0.238735   81.844406 ^ clkbuf_1_1__f_clk/Z (gf180mcu_fd_sc_mcu7t5v0__clkbuf_16)
                                                         clknet_1_1__leaf_clk (net)
                      0.104470    0.000128   81.844536 ^ _77_/CLK (gf180mcu_fd_sc_mcu7t5v0__dffrnq_1)
                                 -0.250000   81.594536   clock uncertainty
                                  0.000000   81.594536   clock reconvergence pessimism
                                 -0.235655   81.358887   library recovery time
                                             81.358887   data required time
---------------------------------------------------------------------------------------------
                                             81.358887   data required time
                                            -17.820896   data arrival time
---------------------------------------------------------------------------------------------
                                             63.537991   slack (MET)


Startpoint: rst_n (input port clocked by clk)
Endpoint: _69_ (recovery check against rising-edge clock clk)
Path Group: asynchronous
Path Type: max

Fanout         Cap        Slew       Delay        Time   Description
---------------------------------------------------------------------------------------------
                                  0.000000    0.000000   clock clk (rise edge)
                                  0.000000    0.000000   clock network delay (propagated)
                                 16.000000   16.000000 ^ input external delay
     1    0.006323    0.000003    0.000076   16.000076 ^ rst_n (in)
                                                         rst_n (net)
                      0.000183    0.000000   16.000076 ^ input14/I (gf180mcu_fd_sc_mcu7t5v0__dlyb_1)
    12    0.108533    1.788694    1.819306   17.819382 ^ input14/Z (gf180mcu_fd_sc_mcu7t5v0__dlyb_1)
                                                         net14 (net)
                      1.788694    0.001378   17.820761 ^ _69_/RN (gf180mcu_fd_sc_mcu7t5v0__dffrnq_1)
                                             17.820761   data arrival time

                                 81.379997   81.379997   clock clk (rise edge)
                                  0.000000   81.379997   clock source latency
     1    0.027987    0.000014    0.000448   81.380447 ^ clk (in)
                                                         clk (net)
                      0.001068    0.000000   81.380447 ^ clkbuf_0_clk/I (gf180mcu_fd_sc_mcu7t5v0__clkbuf_16)
     2    0.046845    0.112143    0.224304   81.604752 ^ clkbuf_0_clk/Z (gf180mcu_fd_sc_mcu7t5v0__clkbuf_16)
                                                         clknet_0_clk (net)
                      0.112145    0.000924   81.605675 ^ clkbuf_1_1__f_clk/I (gf180mcu_fd_sc_mcu7t5v0__clkbuf_16)
     7    0.037678    0.104470    0.238735   81.844406 ^ clkbuf_1_1__f_clk/Z (gf180mcu_fd_sc_mcu7t5v0__clkbuf_16)
                                                         clknet_1_1__leaf_clk (net)
                      0.104470    0.000426   81.844833 ^ _69_/CLK (gf180mcu_fd_sc_mcu7t5v0__dffrnq_1)
                                 -0.250000   81.594833   clock uncertainty
                                  0.000000   81.594833   clock reconvergence pessimism
                                 -0.235654   81.359184   library recovery time
                                             81.359184   data required time
---------------------------------------------------------------------------------------------
                                             81.359184   data required time
                                            -17.820761   data arrival time
---------------------------------------------------------------------------------------------
                                             63.538425   slack (MET)


Startpoint: rst_n (input port clocked by clk)
Endpoint: _74_ (recovery check against rising-edge clock clk)
Path Group: asynchronous
Path Type: max

Fanout         Cap        Slew       Delay        Time   Description
---------------------------------------------------------------------------------------------
                                  0.000000    0.000000   clock clk (rise edge)
                                  0.000000    0.000000   clock network delay (propagated)
                                 16.000000   16.000000 ^ input external delay
     1    0.006323    0.000003    0.000076   16.000076 ^ rst_n (in)
                                                         rst_n (net)
                      0.000183    0.000000   16.000076 ^ input14/I (gf180mcu_fd_sc_mcu7t5v0__dlyb_1)
    12    0.108533    1.788694    1.819306   17.819382 ^ input14/Z (gf180mcu_fd_sc_mcu7t5v0__dlyb_1)
                                                         net14 (net)
                      1.788706    0.002638   17.822020 ^ _74_/RN (gf180mcu_fd_sc_mcu7t5v0__dffrnq_1)
                                             17.822020   data arrival time

                                 81.379997   81.379997   clock clk (rise edge)
                                  0.000000   81.379997   clock source latency
     1    0.027987    0.000014    0.000448   81.380447 ^ clk (in)
                                                         clk (net)
                      0.001068    0.000000   81.380447 ^ clkbuf_0_clk/I (gf180mcu_fd_sc_mcu7t5v0__clkbuf_16)
     2    0.046845    0.112143    0.224304   81.604752 ^ clkbuf_0_clk/Z (gf180mcu_fd_sc_mcu7t5v0__clkbuf_16)
                                                         clknet_0_clk (net)
                      0.112145    0.000888   81.605637 ^ clkbuf_1_0__f_clk/I (gf180mcu_fd_sc_mcu7t5v0__clkbuf_16)
     6    0.040136    0.106587    0.240362   81.846001 ^ clkbuf_1_0__f_clk/Z (gf180mcu_fd_sc_mcu7t5v0__clkbuf_16)
                                                         clknet_1_0__leaf_clk (net)
                      0.106587    0.000185   81.846184 ^ _74_/CLK (gf180mcu_fd_sc_mcu7t5v0__dffrnq_1)
                                 -0.250000   81.596184   clock uncertainty
                                  0.000000   81.596184   clock reconvergence pessimism
                                 -0.235250   81.360931   library recovery time
                                             81.360931   data required time
---------------------------------------------------------------------------------------------
                                             81.360931   data required time
                                            -17.822020   data arrival time
---------------------------------------------------------------------------------------------
                                             63.538914   slack (MET)


Startpoint: rst_n (input port clocked by clk)
Endpoint: _78_ (recovery check against rising-edge clock clk)
Path Group: asynchronous
Path Type: max

Fanout         Cap        Slew       Delay        Time   Description
---------------------------------------------------------------------------------------------
                                  0.000000    0.000000   clock clk (rise edge)
                                  0.000000    0.000000   clock network delay (propagated)
                                 16.000000   16.000000 ^ input external delay
     1    0.006323    0.000003    0.000076   16.000076 ^ rst_n (in)
                                                         rst_n (net)
                      0.000183    0.000000   16.000076 ^ input14/I (gf180mcu_fd_sc_mcu7t5v0__dlyb_1)
    12    0.108533    1.788694    1.819306   17.819382 ^ input14/Z (gf180mcu_fd_sc_mcu7t5v0__dlyb_1)
                                                         net14 (net)
                      1.788706    0.002673   17.822056 ^ _78_/RN (gf180mcu_fd_sc_mcu7t5v0__dffrnq_1)
                                             17.822056   data arrival time

                                 81.379997   81.379997   clock clk (rise edge)
                                  0.000000   81.379997   clock source latency
     1    0.027987    0.000014    0.000448   81.380447 ^ clk (in)
                                                         clk (net)
                      0.001068    0.000000   81.380447 ^ clkbuf_0_clk/I (gf180mcu_fd_sc_mcu7t5v0__clkbuf_16)
     2    0.046845    0.112143    0.224304   81.604752 ^ clkbuf_0_clk/Z (gf180mcu_fd_sc_mcu7t5v0__clkbuf_16)
                                                         clknet_0_clk (net)
                      0.112145    0.000888   81.605637 ^ clkbuf_1_0__f_clk/I (gf180mcu_fd_sc_mcu7t5v0__clkbuf_16)
     6    0.040136    0.106587    0.240362   81.846001 ^ clkbuf_1_0__f_clk/Z (gf180mcu_fd_sc_mcu7t5v0__clkbuf_16)
                                                         clknet_1_0__leaf_clk (net)
                      0.106588    0.000270   81.846268 ^ _78_/CLK (gf180mcu_fd_sc_mcu7t5v0__dffrnq_1)
                                 -0.250000   81.596275   clock uncertainty
                                  0.000000   81.596275   clock reconvergence pessimism
                                 -0.235250   81.361015   library recovery time
                                             81.361015   data required time
---------------------------------------------------------------------------------------------
                                             81.361015   data required time
                                            -17.822056   data arrival time
---------------------------------------------------------------------------------------------
                                             63.538963   slack (MET)


Startpoint: rst_n (input port clocked by clk)
Endpoint: _73_ (recovery check against rising-edge clock clk)
Path Group: asynchronous
Path Type: max

Fanout         Cap        Slew       Delay        Time   Description
---------------------------------------------------------------------------------------------
                                  0.000000    0.000000   clock clk (rise edge)
                                  0.000000    0.000000   clock network delay (propagated)
                                 16.000000   16.000000 ^ input external delay
     1    0.006323    0.000003    0.000076   16.000076 ^ rst_n (in)
                                                         rst_n (net)
                      0.000183    0.000000   16.000076 ^ input14/I (gf180mcu_fd_sc_mcu7t5v0__dlyb_1)
    12    0.108533    1.788694    1.819306   17.819382 ^ input14/Z (gf180mcu_fd_sc_mcu7t5v0__dlyb_1)
                                                         net14 (net)
                      1.788702    0.002181   17.821564 ^ _73_/RN (gf180mcu_fd_sc_mcu7t5v0__dffrnq_1)
                                             17.821564   data arrival time

                                 81.379997   81.379997   clock clk (rise edge)
                                  0.000000   81.379997   clock source latency
     1    0.027987    0.000014    0.000448   81.380447 ^ clk (in)
                                                         clk (net)
                      0.001068    0.000000   81.380447 ^ clkbuf_0_clk/I (gf180mcu_fd_sc_mcu7t5v0__clkbuf_16)
     2    0.046845    0.112143    0.224304   81.604752 ^ clkbuf_0_clk/Z (gf180mcu_fd_sc_mcu7t5v0__clkbuf_16)
                                                         clknet_0_clk (net)
                      0.112145    0.000888   81.605637 ^ clkbuf_1_0__f_clk/I (gf180mcu_fd_sc_mcu7t5v0__clkbuf_16)
     6    0.040136    0.106587    0.240362   81.846001 ^ clkbuf_1_0__f_clk/Z (gf180mcu_fd_sc_mcu7t5v0__clkbuf_16)
                                                         clknet_1_0__leaf_clk (net)
                      0.106588    0.000334   81.846336 ^ _73_/CLK (gf180mcu_fd_sc_mcu7t5v0__dffrnq_1)
                                 -0.250000   81.596336   clock uncertainty
                                  0.000000   81.596336   clock reconvergence pessimism
                                 -0.235249   81.361092   library recovery time
                                             81.361092   data required time
---------------------------------------------------------------------------------------------
                                             81.361092   data required time
                                            -17.821564   data arrival time
---------------------------------------------------------------------------------------------
                                             63.539524   slack (MET)


Startpoint: rst_n (input port clocked by clk)
Endpoint: _68_ (recovery check against rising-edge clock clk)
Path Group: asynchronous
Path Type: max

Fanout         Cap        Slew       Delay        Time   Description
---------------------------------------------------------------------------------------------
                                  0.000000    0.000000   clock clk (rise edge)
                                  0.000000    0.000000   clock network delay (propagated)
                                 16.000000   16.000000 ^ input external delay
     1    0.006323    0.000003    0.000076   16.000076 ^ rst_n (in)
                                                         rst_n (net)
                      0.000183    0.000000   16.000076 ^ input14/I (gf180mcu_fd_sc_mcu7t5v0__dlyb_1)
    12    0.108533    1.788694    1.819306   17.819382 ^ input14/Z (gf180mcu_fd_sc_mcu7t5v0__dlyb_1)
                                                         net14 (net)
                      1.788694    0.001707   17.821089 ^ _68_/RN (gf180mcu_fd_sc_mcu7t5v0__dffrnq_1)
                                             17.821089   data arrival time

                                 81.379997   81.379997   clock clk (rise edge)
                                  0.000000   81.379997   clock source latency
     1    0.027987    0.000014    0.000448   81.380447 ^ clk (in)
                                                         clk (net)
                      0.001068    0.000000   81.380447 ^ clkbuf_0_clk/I (gf180mcu_fd_sc_mcu7t5v0__clkbuf_16)
     2    0.046845    0.112143    0.224304   81.604752 ^ clkbuf_0_clk/Z (gf180mcu_fd_sc_mcu7t5v0__clkbuf_16)
                                                         clknet_0_clk (net)
                      0.112145    0.000888   81.605637 ^ clkbuf_1_0__f_clk/I (gf180mcu_fd_sc_mcu7t5v0__clkbuf_16)
     6    0.040136    0.106587    0.240362   81.846001 ^ clkbuf_1_0__f_clk/Z (gf180mcu_fd_sc_mcu7t5v0__clkbuf_16)
                                                         clknet_1_0__leaf_clk (net)
                      0.106588    0.000341   81.846336 ^ _68_/CLK (gf180mcu_fd_sc_mcu7t5v0__dffrnq_1)
                                 -0.250000   81.596344   clock uncertainty
                                  0.000000   81.596344   clock reconvergence pessimism
                                 -0.235245   81.361099   library recovery time
                                             81.361099   data required time
---------------------------------------------------------------------------------------------
                                             81.361099   data required time
                                            -17.821089   data arrival time
---------------------------------------------------------------------------------------------
                                             63.540009   slack (MET)


Startpoint: rst_n (input port clocked by clk)
Endpoint: _72_ (recovery check against rising-edge clock clk)
Path Group: asynchronous
Path Type: max

Fanout         Cap        Slew       Delay        Time   Description
---------------------------------------------------------------------------------------------
                                  0.000000    0.000000   clock clk (rise edge)
                                  0.000000    0.000000   clock network delay (propagated)
                                 16.000000   16.000000 ^ input external delay
     1    0.006323    0.000003    0.000076   16.000076 ^ rst_n (in)
                                                         rst_n (net)
                      0.000183    0.000000   16.000076 ^ input14/I (gf180mcu_fd_sc_mcu7t5v0__dlyb_1)
    12    0.108533    1.788694    1.819306   17.819382 ^ input14/Z (gf180mcu_fd_sc_mcu7t5v0__dlyb_1)
                                                         net14 (net)
                      1.788694    0.001476   17.820858 ^ _72_/RN (gf180mcu_fd_sc_mcu7t5v0__dffrnq_1)
                                             17.820858   data arrival time

                                 81.379997   81.379997   clock clk (rise edge)
                                  0.000000   81.379997   clock source latency
     1    0.027987    0.000014    0.000448   81.380447 ^ clk (in)
                                                         clk (net)
                      0.001068    0.000000   81.380447 ^ clkbuf_0_clk/I (gf180mcu_fd_sc_mcu7t5v0__clkbuf_16)
     2    0.046845    0.112143    0.224304   81.604752 ^ clkbuf_0_clk/Z (gf180mcu_fd_sc_mcu7t5v0__clkbuf_16)
                                                         clknet_0_clk (net)
                      0.112145    0.000888   81.605637 ^ clkbuf_1_0__f_clk/I (gf180mcu_fd_sc_mcu7t5v0__clkbuf_16)
     6    0.040136    0.106587    0.240362   81.846001 ^ clkbuf_1_0__f_clk/Z (gf180mcu_fd_sc_mcu7t5v0__clkbuf_16)
                                                         clknet_1_0__leaf_clk (net)
                      0.106587    0.000192   81.846191 ^ _72_/CLK (gf180mcu_fd_sc_mcu7t5v0__dffrnq_1)
                                 -0.250000   81.596191   clock uncertainty
                                  0.000000   81.596191   clock reconvergence pessimism
                                 -0.235246   81.360947   library recovery time
                                             81.360947   data required time
---------------------------------------------------------------------------------------------
                                             81.360947   data required time
                                            -17.820858   data arrival time
---------------------------------------------------------------------------------------------
                                             63.540089   slack (MET)



%OL_END_REPORT
%OL_CREATE_REPORT checks.rpt

===========================================================================
report_checks -unconstrained
===========================================================================
======================= nom_tt_025C_5v00 Corner ===================================

Startpoint: rst_n (input port clocked by clk)
Endpoint: _79_ (recovery check against rising-edge clock clk)
Path Group: asynchronous
Path Type: max

Fanout         Cap        Slew       Delay        Time   Description
---------------------------------------------------------------------------------------------
                                  0.000000    0.000000   clock clk (rise edge)
                                  0.000000    0.000000   clock network delay (propagated)
                                 16.000000   16.000000 ^ input external delay
     1    0.006323    0.000003    0.000076   16.000076 ^ rst_n (in)
                                                         rst_n (net)
                      0.000183    0.000000   16.000076 ^ input14/I (gf180mcu_fd_sc_mcu7t5v0__dlyb_1)
    12    0.108533    1.788694    1.819306   17.819382 ^ input14/Z (gf180mcu_fd_sc_mcu7t5v0__dlyb_1)
                                                         net14 (net)
                      1.788701    0.002020   17.821402 ^ _79_/RN (gf180mcu_fd_sc_mcu7t5v0__dffrnq_1)
                                             17.821402   data arrival time

                                 81.379997   81.379997   clock clk (rise edge)
                                  0.000000   81.379997   clock source latency
     1    0.027987    0.000014    0.000448   81.380447 ^ clk (in)
                                                         clk (net)
                      0.001068    0.000000   81.380447 ^ clkbuf_0_clk/I (gf180mcu_fd_sc_mcu7t5v0__clkbuf_16)
     2    0.046845    0.112143    0.224304   81.604752 ^ clkbuf_0_clk/Z (gf180mcu_fd_sc_mcu7t5v0__clkbuf_16)
                                                         clknet_0_clk (net)
                      0.112145    0.000924   81.605675 ^ clkbuf_1_1__f_clk/I (gf180mcu_fd_sc_mcu7t5v0__clkbuf_16)
     7    0.037678    0.104470    0.238735   81.844406 ^ clkbuf_1_1__f_clk/Z (gf180mcu_fd_sc_mcu7t5v0__clkbuf_16)
                                                         clknet_1_1__leaf_clk (net)
                      0.104470    0.000277   81.844681 ^ _79_/CLK (gf180mcu_fd_sc_mcu7t5v0__dffrnq_1)
                                 -0.250000   81.594688   clock uncertainty
                                  0.000000   81.594688   clock reconvergence pessimism
                                 -0.235657   81.359032   library recovery time
                                             81.359032   data required time
---------------------------------------------------------------------------------------------
                                             81.359032   data required time
                                            -17.821402   data arrival time
---------------------------------------------------------------------------------------------
                                             63.537628   slack (MET)


Startpoint: load_en (input port clocked by clk)
Endpoint: _70_ (rising edge-triggered flip-flop clocked by clk)
Path Group: clk
Path Type: max

Fanout         Cap        Slew       Delay        Time   Description
---------------------------------------------------------------------------------------------
                                  0.000000    0.000000   clock clk (rise edge)
                                  0.000000    0.000000   clock network delay (propagated)
                                 16.000000   16.000000 ^ input external delay
     1    0.004140    0.000002    0.000037   16.000038 ^ load_en (in)
                                                         load_en (net)
                      0.000086    0.000000   16.000038 ^ input13/I (gf180mcu_fd_sc_mcu7t5v0__dlyb_1)
    23    0.137067    2.248398    2.083132   18.083170 ^ input13/Z (gf180mcu_fd_sc_mcu7t5v0__dlyb_1)
                                                         net13 (net)
                      2.248423    0.004215   18.087385 ^ _51_/A1 (gf180mcu_fd_sc_mcu7t5v0__nand2_1)
     1    0.008818    0.570043    0.218163   18.305548 v _51_/ZN (gf180mcu_fd_sc_mcu7t5v0__nand2_1)
                                                         _26_ (net)
                      0.570043    0.000210   18.305758 v _52_/B (gf180mcu_fd_sc_mcu7t5v0__oai21_1)
     1    0.010722    0.608362    0.395154   18.700912 ^ _52_/ZN (gf180mcu_fd_sc_mcu7t5v0__oai21_1)
                                                         _06_ (net)
                      0.608362    0.000330   18.701242 ^ _70_/D (gf180mcu_fd_sc_mcu7t5v0__dffrnq_1)
                                             18.701242   data arrival time

                                 81.379997   81.379997   clock clk (rise edge)
                                  0.000000   81.379997   clock source latency
     1    0.027987    0.000014    0.000448   81.380447 ^ clk (in)
                                                         clk (net)
                      0.001068    0.000000   81.380447 ^ clkbuf_0_clk/I (gf180mcu_fd_sc_mcu7t5v0__clkbuf_16)
     2    0.046845    0.112143    0.224304   81.604752 ^ clkbuf_0_clk/Z (gf180mcu_fd_sc_mcu7t5v0__clkbuf_16)
                                                         clknet_0_clk (net)
                      0.112145    0.000924   81.605675 ^ clkbuf_1_1__f_clk/I (gf180mcu_fd_sc_mcu7t5v0__clkbuf_16)
     7    0.037678    0.104470    0.238735   81.844406 ^ clkbuf_1_1__f_clk/Z (gf180mcu_fd_sc_mcu7t5v0__clkbuf_16)
                                                         clknet_1_1__leaf_clk (net)
                      0.104470    0.000092   81.844498 ^ _70_/CLK (gf180mcu_fd_sc_mcu7t5v0__dffrnq_1)
                                 -0.250000   81.594505   clock uncertainty
                                  0.000000   81.594505   clock reconvergence pessimism
                                 -0.384178   81.210327   library setup time
                                             81.210327   data required time
---------------------------------------------------------------------------------------------
                                             81.210327   data required time
                                            -18.701242   data arrival time
---------------------------------------------------------------------------------------------
                                             62.509083   slack (MET)




===========================================================================
report_checks --slack_max -0.01
============================================================================
======================= nom_tt_025C_5v00 Corner ===================================

No paths found.


===========================================================================
 report_check_types -max_slew -max_cap -max_fanout -violators
============================================================================
======================= nom_tt_025C_5v00 Corner ===================================



===========================================================================
report_parasitic_annotation -report_unannotated
============================================================================
Found 1 unannotated drivers.
 clkload0/ZN
Found 0 partially unannotated drivers.

===========================================================================
max slew violation count 0
%OL_METRIC_I design__max_slew_violation__count__corner:nom_tt_025C_5v00 0
max fanout violation count 0
%OL_METRIC_I design__max_fanout_violation__count__corner:nom_tt_025C_5v00 0
max cap violation count 0
%OL_METRIC_I design__max_cap_violation__count__corner:nom_tt_025C_5v00 0
============================================================================

===========================================================================
check_setup -verbose -unconstrained_endpoints -multiple_clock -no_clock -no_input_delay -loops -generated_clocks
===========================================================================
%OL_END_REPORT
%OL_CREATE_REPORT power.rpt

===========================================================================
 report_power
============================================================================
======================= nom_tt_025C_5v00 Corner ===================================

Group                    Internal    Switching      Leakage        Total
                            Power        Power        Power        Power (Watts)
------------------------------------------------------------------------
Sequential           1.032356e-04 2.624869e-06 5.552644e-09 1.058661e-04  36.0%
Combinational        1.441288e-05 1.182442e-05 5.623431e-09 2.624293e-05   8.9%
Clock                1.237440e-04 3.829525e-05 5.955352e-09 1.620452e-04  55.1%
Macro                0.000000e+00 0.000000e+00 0.000000e+00 0.000000e+00   0.0%
Pad                  0.000000e+00 0.000000e+00 0.000000e+00 0.000000e+00   0.0%
------------------------------------------------------------------------
Total                2.413925e-04 5.274454e-05 1.713142e-08 2.941542e-04 100.0%
                            82.1%        17.9%         0.0%
%OL_METRIC_F power__internal__total 0.00024139246670529246
%OL_METRIC_F power__switching__total 5.274454451864585e-5
%OL_METRIC_F power__leakage__total 1.7131421614635656e-8
%OL_METRIC_F power__total 0.00029415416065603495

%OL_END_REPORT
%OL_CREATE_REPORT skew.min.rpt

===========================================================================
Clock Skew (Hold)
============================================================================
%OL_METRIC_F clock__skew__worst_hold__corner:nom_tt_025C_5v00 -0.25169778085284894
======================= nom_tt_025C_5v00 Corner ===================================

Clock clk
0.464499 source latency _71_/CLK ^
-0.466196 target latency _72_/CLK ^
-0.250000 clock uncertainty
0.000000 CRPR
--------------
-0.251698 hold skew

%OL_END_REPORT
%OL_CREATE_REPORT skew.max.rpt

===========================================================================
Clock Skew (Setup)
============================================================================
%OL_METRIC_F clock__skew__worst_setup__corner:nom_tt_025C_5v00 0.2515826784775156
======================= nom_tt_025C_5v00 Corner ===================================

Clock clk
0.466270 source latency _78_/CLK ^
-0.464687 target latency _79_/CLK ^
0.250000 clock uncertainty
0.000000 CRPR
--------------
0.251583 setup skew

%OL_END_REPORT
%OL_CREATE_REPORT ws.min.rpt

===========================================================================
Worst Slack (Hold)
============================================================================
%OL_METRIC_F timing__hold__ws__corner:nom_tt_025C_5v00 0.5568720087121424
nom_tt_025C_5v00: 0.5568720087121424
%OL_END_REPORT
%OL_CREATE_REPORT ws.max.rpt

===========================================================================
Worst Slack (Setup)
============================================================================
%OL_METRIC_F timing__setup__ws__corner:nom_tt_025C_5v00 62.50908234624327
nom_tt_025C_5v00: 62.50908234624327
%OL_END_REPORT
%OL_CREATE_REPORT tns.min.rpt

===========================================================================
Total Negative Slack (Hold)
============================================================================
%OL_METRIC_F timing__hold__tns__corner:nom_tt_025C_5v00 0.0
nom_tt_025C_5v00: 0.0
%OL_END_REPORT
%OL_CREATE_REPORT tns.max.rpt

===========================================================================
Total Negative Slack (Setup)
============================================================================
%OL_METRIC_F timing__setup__tns__corner:nom_tt_025C_5v00 0.0
nom_tt_025C_5v00: 0.0
%OL_END_REPORT
%OL_CREATE_REPORT wns.min.rpt

===========================================================================
Worst Negative Slack (Hold)
============================================================================
%OL_METRIC_F timing__hold__wns__corner:nom_tt_025C_5v00 0
nom_tt_025C_5v00: 0
%OL_END_REPORT
%OL_CREATE_REPORT wns.max.rpt

===========================================================================
Worst Negative Slack (Setup)
============================================================================
%OL_METRIC_F timing__setup__wns__corner:nom_tt_025C_5v00 0.0
nom_tt_025C_5v00: 0.0
%OL_END_REPORT
%OL_CREATE_REPORT violator_list.rpt

===========================================================================
Violator List
============================================================================
%OL_METRIC_I timing__hold_vio__count__corner:nom_tt_025C_5v00 0
%OL_METRIC_F timing__hold_r2r__ws__corner:nom_tt_025C_5v00 0.556872
%OL_METRIC_I timing__hold_r2r_vio__count__corner:nom_tt_025C_5v00 0
%OL_METRIC_I timing__setup_vio__count__corner:nom_tt_025C_5v00 0
%OL_METRIC_F timing__setup_r2r__ws__corner:nom_tt_025C_5v00 inf
%OL_METRIC_I timing__setup_r2r_vio__count__corner:nom_tt_025C_5v00 0
%OL_END_REPORT
%OL_CREATE_REPORT unpropagated.rpt
%OL_END_REPORT
%OL_CREATE_REPORT clock.rpt
Clock: clk
Sources: clk 
Generated: no
Virtual: yes
Propagated: no
Period: 81.379997

===========================================================================
report_clock_properties
============================================================================
Clock                   Period          Waveform
----------------------------------------------------
clk                  81.379997    0.000000 40.689999

===========================================================================
report_clock_latency
============================================================================
Clock clk
rise -> rise
    min     max
0.000000 0.000000 source latency
0.464499         network latency _71_/CLK
        0.466346 network latency _68_/CLK
---------------
0.464499 0.466346 latency
        0.001847 skew

fall -> fall
    min     max
0.000000 0.000000 source latency
0.452925         network latency _71_/CLK
        0.454921 network latency _68_/CLK
---------------
0.452925 0.454921 latency
        0.001997 skew



===========================================================================
report_clock_min_period
============================================================================
clk period_min = 2.15 fmax = 466.15
%OL_END_REPORT
Writing SDF files for all corners…
Removing Clock latencies before writing libs…
Writing timing models for all corners…
Writing timing models for the nom_tt_025C_5v00 corner to /foss/designs/low-power-12b-first-order-delta-sigma-adc/src/piso/runs/RUN_2026-08-25_09-54-23/55-openroad-stapostpnr/nom_tt_025C_5v00/piso_12bit__nom_tt_025C_5v00.lib…
