Reading timing models for corner nom_tt_025C_5v00…
Reading timing library for the 'nom_tt_025C_5v00' corner at '/foss/pdks/gf180mcuD/libs.ref/gf180mcu_fd_sc_mcu7t5v0/lib/gf180mcu_fd_sc_mcu7t5v0__tt_025C_5v00.lib'…
Reading OpenROAD database at '/foss/designs/low-power-12b-first-order-delta-sigma-adc/src/clock/runs/RUN_2026-08-17_02-21-49/42-openroad-repairantennas/1-openroad-diodeinsertion/andig_clock.odb'…
Reading design constraints file at '/foss/designs/low-power-12b-first-order-delta-sigma-adc/src/clock/constraint.sdc'…
[WARNING STA-0345] resistance scale 1e+03 does not match library scale 1e+00.
[INFO] No information on clock propagation in input SDC file-- propagating all clocks.
%OL_CREATE_REPORT min.rpt

===========================================================================
report_checks -path_delay min (Hold)
============================================================================
======================= nom_tt_025C_5v00 Corner ===================================

Startpoint: _33_ (rising edge-triggered flip-flop clocked by in_clk)
Endpoint: _33_ (rising edge-triggered flip-flop clocked by in_clk)
Path Group: in_clk
Path Type: min

Fanout         Cap        Slew       Delay        Time   Description
---------------------------------------------------------------------------------------------
                                  0.000000    0.000000   clock in_clk (rise edge)
                                  0.000000    0.000000   clock source latency
     1    0.029520    0.000015    0.000676    0.000676 ^ in_clk (in)
                                                         in_clk (net)
                      0.001631    0.000000    0.000676 ^ clkbuf_0_in_clk/I (gf180mcu_fd_sc_mcu7t5v0__clkbuf_16)
     2    0.049304    0.114245    0.225939    0.226615 ^ clkbuf_0_in_clk/Z (gf180mcu_fd_sc_mcu7t5v0__clkbuf_16)
                                                         clknet_0_in_clk (net)
                      0.114249    0.001184    0.227799 ^ clkbuf_1_1__f_in_clk/I (gf180mcu_fd_sc_mcu7t5v0__clkbuf_16)
     3    0.015126    0.083931    0.222064    0.449863 ^ clkbuf_1_1__f_in_clk/Z (gf180mcu_fd_sc_mcu7t5v0__clkbuf_16)
                                                         clknet_1_1__leaf_in_clk (net)
                      0.083931    0.000172    0.450035 ^ _33_/CLK (gf180mcu_fd_sc_mcu7t5v0__dffrnq_1)
     2    0.009286    0.151976    0.716489    1.166523 v _33_/Q (gf180mcu_fd_sc_mcu7t5v0__dffrnq_1)
                                                         net5 (net)
                      0.151976    0.000077    1.166601 v _17_/I (gf180mcu_fd_sc_mcu7t5v0__clkinv_1)
     1    0.007511    0.169828    0.141396    1.307997 ^ _17_/ZN (gf180mcu_fd_sc_mcu7t5v0__clkinv_1)
                                                         _07_ (net)
                      0.169828    0.000173    1.308170 ^ _30_/A1 (gf180mcu_fd_sc_mcu7t5v0__aoi21_1)
     1    0.005190    0.144242    0.124298    1.432468 v _30_/ZN (gf180mcu_fd_sc_mcu7t5v0__aoi21_1)
                                                         _05_ (net)
                      0.144242    0.000114    1.432582 v _33_/D (gf180mcu_fd_sc_mcu7t5v0__dffrnq_1)
                                              1.432582   data arrival time

                                  0.000000    0.000000   clock in_clk (rise edge)
                                  0.000000    0.000000   clock source latency
     1    0.029520    0.000015    0.000676    0.000676 ^ in_clk (in)
                                                         in_clk (net)
                      0.001631    0.000000    0.000676 ^ clkbuf_0_in_clk/I (gf180mcu_fd_sc_mcu7t5v0__clkbuf_16)
     2    0.049304    0.114245    0.225939    0.226615 ^ clkbuf_0_in_clk/Z (gf180mcu_fd_sc_mcu7t5v0__clkbuf_16)
                                                         clknet_0_in_clk (net)
                      0.114249    0.001184    0.227799 ^ clkbuf_1_1__f_in_clk/I (gf180mcu_fd_sc_mcu7t5v0__clkbuf_16)
     3    0.015126    0.083931    0.222064    0.449863 ^ clkbuf_1_1__f_in_clk/Z (gf180mcu_fd_sc_mcu7t5v0__clkbuf_16)
                                                         clknet_1_1__leaf_in_clk (net)
                      0.083931    0.000172    0.450035 ^ _33_/CLK (gf180mcu_fd_sc_mcu7t5v0__dffrnq_1)
                                  0.200000    0.650035   clock uncertainty
                                  0.000000    0.650035   clock reconvergence pessimism
                                  0.124356    0.774391   library hold time
                                              0.774391   data required time
---------------------------------------------------------------------------------------------
                                              0.774391   data required time
                                             -1.432582   data arrival time
---------------------------------------------------------------------------------------------
                                              0.658191   slack (MET)


Startpoint: _32_ (rising edge-triggered flip-flop clocked by in_clk)
Endpoint: _32_ (rising edge-triggered flip-flop clocked by in_clk)
Path Group: in_clk
Path Type: min

Fanout         Cap        Slew       Delay        Time   Description
---------------------------------------------------------------------------------------------
                                  0.000000    0.000000   clock in_clk (rise edge)
                                  0.000000    0.000000   clock source latency
     1    0.029520    0.000015    0.000676    0.000676 ^ in_clk (in)
                                                         in_clk (net)
                      0.001631    0.000000    0.000676 ^ clkbuf_0_in_clk/I (gf180mcu_fd_sc_mcu7t5v0__clkbuf_16)
     2    0.049304    0.114245    0.225939    0.226615 ^ clkbuf_0_in_clk/Z (gf180mcu_fd_sc_mcu7t5v0__clkbuf_16)
                                                         clknet_0_in_clk (net)
                      0.114249    0.001184    0.227799 ^ clkbuf_1_1__f_in_clk/I (gf180mcu_fd_sc_mcu7t5v0__clkbuf_16)
     3    0.015126    0.083931    0.222064    0.449863 ^ clkbuf_1_1__f_in_clk/Z (gf180mcu_fd_sc_mcu7t5v0__clkbuf_16)
                                                         clknet_1_1__leaf_in_clk (net)
                      0.083931    0.000156    0.450019 ^ _32_/CLK (gf180mcu_fd_sc_mcu7t5v0__dffrnq_1)
     2    0.008614    0.146443    0.711966    1.161985 v _32_/Q (gf180mcu_fd_sc_mcu7t5v0__dffrnq_1)
                                                         net3 (net)
                      0.146443    0.000073    1.162058 v _16_/I (gf180mcu_fd_sc_mcu7t5v0__clkinv_1)
     2    0.010624    0.216415    0.168781    1.330839 ^ _16_/ZN (gf180mcu_fd_sc_mcu7t5v0__clkinv_1)
                                                         net4 (net)
                      0.216415    0.000174    1.331013 ^ _29_/B1 (gf180mcu_fd_sc_mcu7t5v0__aoi22_1)
     1    0.004442    0.136760    0.163422    1.494435 v _29_/ZN (gf180mcu_fd_sc_mcu7t5v0__aoi22_1)
                                                         _04_ (net)
                      0.136760    0.000089    1.494524 v _32_/D (gf180mcu_fd_sc_mcu7t5v0__dffrnq_1)
                                              1.494524   data arrival time

                                  0.000000    0.000000   clock in_clk (rise edge)
                                  0.000000    0.000000   clock source latency
     1    0.029520    0.000015    0.000676    0.000676 ^ in_clk (in)
                                                         in_clk (net)
                      0.001631    0.000000    0.000676 ^ clkbuf_0_in_clk/I (gf180mcu_fd_sc_mcu7t5v0__clkbuf_16)
     2    0.049304    0.114245    0.225939    0.226615 ^ clkbuf_0_in_clk/Z (gf180mcu_fd_sc_mcu7t5v0__clkbuf_16)
                                                         clknet_0_in_clk (net)
                      0.114249    0.001184    0.227799 ^ clkbuf_1_1__f_in_clk/I (gf180mcu_fd_sc_mcu7t5v0__clkbuf_16)
     3    0.015126    0.083931    0.222064    0.449863 ^ clkbuf_1_1__f_in_clk/Z (gf180mcu_fd_sc_mcu7t5v0__clkbuf_16)
                                                         clknet_1_1__leaf_in_clk (net)
                      0.083931    0.000156    0.450019 ^ _32_/CLK (gf180mcu_fd_sc_mcu7t5v0__dffrnq_1)
                                  0.200000    0.650019   clock uncertainty
                                  0.000000    0.650019   clock reconvergence pessimism
                                  0.125873    0.775892   library hold time
                                              0.775892   data required time
---------------------------------------------------------------------------------------------
                                              0.775892   data required time
                                             -1.494524   data arrival time
---------------------------------------------------------------------------------------------
                                              0.718632   slack (MET)


Startpoint: rst (input port clocked by in_clk)
Endpoint: _35_ (removal check against rising-edge clock in_clk)
Path Group: asynchronous
Path Type: min

Fanout         Cap        Slew       Delay        Time   Description
---------------------------------------------------------------------------------------------
                                  0.000000    0.000000   clock in_clk (rise edge)
                                  0.000000    0.000000   clock network delay (propagated)
                                  0.500000    0.500000 ^ input external delay
     1    0.003960    0.000002    0.000052    0.500052 ^ rst (in)
                                                         rst (net)
                      0.000124    0.000000    0.500052 ^ input1/I (gf180mcu_fd_sc_mcu7t5v0__dlyb_1)
     6    0.053757    0.913215    1.313081    1.813133 ^ input1/Z (gf180mcu_fd_sc_mcu7t5v0__dlyb_1)
                                                         net1 (net)
                      0.913215    0.000821    1.813954 ^ _35_/RN (gf180mcu_fd_sc_mcu7t5v0__dffrnq_1)
                                              1.813954   data arrival time

                                  0.000000    0.000000   clock in_clk (rise edge)
                                  0.000000    0.000000   clock source latency
     1    0.029520    0.000015    0.000676    0.000676 ^ in_clk (in)
                                                         in_clk (net)
                      0.001631    0.000000    0.000676 ^ clkbuf_0_in_clk/I (gf180mcu_fd_sc_mcu7t5v0__clkbuf_16)
     2    0.049304    0.114245    0.225939    0.226615 ^ clkbuf_0_in_clk/Z (gf180mcu_fd_sc_mcu7t5v0__clkbuf_16)
                                                         clknet_0_in_clk (net)
                      0.114249    0.001196    0.227811 ^ clkbuf_1_0__f_in_clk/I (gf180mcu_fd_sc_mcu7t5v0__clkbuf_16)
     4    0.020226    0.088648    0.226321    0.454133 ^ clkbuf_1_0__f_in_clk/Z (gf180mcu_fd_sc_mcu7t5v0__clkbuf_16)
                                                         clknet_1_0__leaf_in_clk (net)
                      0.088648    0.000279    0.454412 ^ _35_/CLK (gf180mcu_fd_sc_mcu7t5v0__dffrnq_1)
                                  0.200000    0.654412   clock uncertainty
                                  0.000000    0.654412   clock reconvergence pessimism
                                  0.402201    1.056613   library removal time
                                              1.056613   data required time
---------------------------------------------------------------------------------------------
                                              1.056613   data required time
                                             -1.813954   data arrival time
---------------------------------------------------------------------------------------------
                                              0.757341   slack (MET)


Startpoint: rst (input port clocked by in_clk)
Endpoint: _36_ (removal check against rising-edge clock in_clk)
Path Group: asynchronous
Path Type: min

Fanout         Cap        Slew       Delay        Time   Description
---------------------------------------------------------------------------------------------
                                  0.000000    0.000000   clock in_clk (rise edge)
                                  0.000000    0.000000   clock network delay (propagated)
                                  0.500000    0.500000 ^ input external delay
     1    0.003960    0.000002    0.000052    0.500052 ^ rst (in)
                                                         rst (net)
                      0.000124    0.000000    0.500052 ^ input1/I (gf180mcu_fd_sc_mcu7t5v0__dlyb_1)
     6    0.053757    0.913215    1.313081    1.813133 ^ input1/Z (gf180mcu_fd_sc_mcu7t5v0__dlyb_1)
                                                         net1 (net)
                      0.913218    0.000935    1.814068 ^ _36_/RN (gf180mcu_fd_sc_mcu7t5v0__dffrnq_1)
                                              1.814068   data arrival time

                                  0.000000    0.000000   clock in_clk (rise edge)
                                  0.000000    0.000000   clock source latency
     1    0.029520    0.000015    0.000676    0.000676 ^ in_clk (in)
                                                         in_clk (net)
                      0.001631    0.000000    0.000676 ^ clkbuf_0_in_clk/I (gf180mcu_fd_sc_mcu7t5v0__clkbuf_16)
     2    0.049304    0.114245    0.225939    0.226615 ^ clkbuf_0_in_clk/Z (gf180mcu_fd_sc_mcu7t5v0__clkbuf_16)
                                                         clknet_0_in_clk (net)
                      0.114249    0.001196    0.227811 ^ clkbuf_1_0__f_in_clk/I (gf180mcu_fd_sc_mcu7t5v0__clkbuf_16)
     4    0.020226    0.088648    0.226321    0.454133 ^ clkbuf_1_0__f_in_clk/Z (gf180mcu_fd_sc_mcu7t5v0__clkbuf_16)
                                                         clknet_1_0__leaf_in_clk (net)
                      0.088648    0.000266    0.454399 ^ _36_/CLK (gf180mcu_fd_sc_mcu7t5v0__dffrnq_1)
                                  0.200000    0.654399   clock uncertainty
                                  0.000000    0.654399   clock reconvergence pessimism
                                  0.402201    1.056599   library removal time
                                              1.056599   data required time
---------------------------------------------------------------------------------------------
                                              1.056599   data required time
                                             -1.814068   data arrival time
---------------------------------------------------------------------------------------------
                                              0.757468   slack (MET)


Startpoint: rst (input port clocked by in_clk)
Endpoint: _34_ (removal check against rising-edge clock in_clk)
Path Group: asynchronous
Path Type: min

Fanout         Cap        Slew       Delay        Time   Description
---------------------------------------------------------------------------------------------
                                  0.000000    0.000000   clock in_clk (rise edge)
                                  0.000000    0.000000   clock network delay (propagated)
                                  0.500000    0.500000 ^ input external delay
     1    0.003960    0.000002    0.000052    0.500052 ^ rst (in)
                                                         rst (net)
                      0.000124    0.000000    0.500052 ^ input1/I (gf180mcu_fd_sc_mcu7t5v0__dlyb_1)
     6    0.053757    0.913215    1.313081    1.813133 ^ input1/Z (gf180mcu_fd_sc_mcu7t5v0__dlyb_1)
                                                         net1 (net)
                      0.913218    0.000957    1.814090 ^ _34_/RN (gf180mcu_fd_sc_mcu7t5v0__dffrnq_1)
                                              1.814090   data arrival time

                                  0.000000    0.000000   clock in_clk (rise edge)
                                  0.000000    0.000000   clock source latency
     1    0.029520    0.000015    0.000676    0.000676 ^ in_clk (in)
                                                         in_clk (net)
                      0.001631    0.000000    0.000676 ^ clkbuf_0_in_clk/I (gf180mcu_fd_sc_mcu7t5v0__clkbuf_16)
     2    0.049304    0.114245    0.225939    0.226615 ^ clkbuf_0_in_clk/Z (gf180mcu_fd_sc_mcu7t5v0__clkbuf_16)
                                                         clknet_0_in_clk (net)
                      0.114249    0.001196    0.227811 ^ clkbuf_1_0__f_in_clk/I (gf180mcu_fd_sc_mcu7t5v0__clkbuf_16)
     4    0.020226    0.088648    0.226321    0.454133 ^ clkbuf_1_0__f_in_clk/Z (gf180mcu_fd_sc_mcu7t5v0__clkbuf_16)
                                                         clknet_1_0__leaf_in_clk (net)
                      0.088648    0.000205    0.454338 ^ _34_/CLK (gf180mcu_fd_sc_mcu7t5v0__dffrnq_1)
                                  0.200000    0.654338   clock uncertainty
                                  0.000000    0.654338   clock reconvergence pessimism
                                  0.402201    1.056539   library removal time
                                              1.056539   data required time
---------------------------------------------------------------------------------------------
                                              1.056539   data required time
                                             -1.814090   data arrival time
---------------------------------------------------------------------------------------------
                                              0.757552   slack (MET)


Startpoint: rst (input port clocked by in_clk)
Endpoint: _33_ (removal check against rising-edge clock in_clk)
Path Group: asynchronous
Path Type: min

Fanout         Cap        Slew       Delay        Time   Description
---------------------------------------------------------------------------------------------
                                  0.000000    0.000000   clock in_clk (rise edge)
                                  0.000000    0.000000   clock network delay (propagated)
                                  0.500000    0.500000 ^ input external delay
     1    0.003960    0.000002    0.000052    0.500052 ^ rst (in)
                                                         rst (net)
                      0.000124    0.000000    0.500052 ^ input1/I (gf180mcu_fd_sc_mcu7t5v0__dlyb_1)
     6    0.053757    0.913215    1.313081    1.813133 ^ input1/Z (gf180mcu_fd_sc_mcu7t5v0__dlyb_1)
                                                         net1 (net)
                      0.913215    0.000738    1.813871 ^ _33_/RN (gf180mcu_fd_sc_mcu7t5v0__dffrnq_1)
                                              1.813871   data arrival time

                                  0.000000    0.000000   clock in_clk (rise edge)
                                  0.000000    0.000000   clock source latency
     1    0.029520    0.000015    0.000676    0.000676 ^ in_clk (in)
                                                         in_clk (net)
                      0.001631    0.000000    0.000676 ^ clkbuf_0_in_clk/I (gf180mcu_fd_sc_mcu7t5v0__clkbuf_16)
     2    0.049304    0.114245    0.225939    0.226615 ^ clkbuf_0_in_clk/Z (gf180mcu_fd_sc_mcu7t5v0__clkbuf_16)
                                                         clknet_0_in_clk (net)
                      0.114249    0.001184    0.227799 ^ clkbuf_1_1__f_in_clk/I (gf180mcu_fd_sc_mcu7t5v0__clkbuf_16)
     3    0.015126    0.083931    0.222064    0.449863 ^ clkbuf_1_1__f_in_clk/Z (gf180mcu_fd_sc_mcu7t5v0__clkbuf_16)
                                                         clknet_1_1__leaf_in_clk (net)
                      0.083931    0.000172    0.450035 ^ _33_/CLK (gf180mcu_fd_sc_mcu7t5v0__dffrnq_1)
                                  0.200000    0.650035   clock uncertainty
                                  0.000000    0.650035   clock reconvergence pessimism
                                  0.401298    1.051333   library removal time
                                              1.051333   data required time
---------------------------------------------------------------------------------------------
                                              1.051333   data required time
                                             -1.813871   data arrival time
---------------------------------------------------------------------------------------------
                                              0.762538   slack (MET)


Startpoint: rst (input port clocked by in_clk)
Endpoint: _32_ (removal check against rising-edge clock in_clk)
Path Group: asynchronous
Path Type: min

Fanout         Cap        Slew       Delay        Time   Description
---------------------------------------------------------------------------------------------
                                  0.000000    0.000000   clock in_clk (rise edge)
                                  0.000000    0.000000   clock network delay (propagated)
                                  0.500000    0.500000 ^ input external delay
     1    0.003960    0.000002    0.000052    0.500052 ^ rst (in)
                                                         rst (net)
                      0.000124    0.000000    0.500052 ^ input1/I (gf180mcu_fd_sc_mcu7t5v0__dlyb_1)
     6    0.053757    0.913215    1.313081    1.813133 ^ input1/Z (gf180mcu_fd_sc_mcu7t5v0__dlyb_1)
                                                         net1 (net)
                      0.913215    0.000779    1.813912 ^ _32_/RN (gf180mcu_fd_sc_mcu7t5v0__dffrnq_1)
                                              1.813912   data arrival time

                                  0.000000    0.000000   clock in_clk (rise edge)
                                  0.000000    0.000000   clock source latency
     1    0.029520    0.000015    0.000676    0.000676 ^ in_clk (in)
                                                         in_clk (net)
                      0.001631    0.000000    0.000676 ^ clkbuf_0_in_clk/I (gf180mcu_fd_sc_mcu7t5v0__clkbuf_16)
     2    0.049304    0.114245    0.225939    0.226615 ^ clkbuf_0_in_clk/Z (gf180mcu_fd_sc_mcu7t5v0__clkbuf_16)
                                                         clknet_0_in_clk (net)
                      0.114249    0.001184    0.227799 ^ clkbuf_1_1__f_in_clk/I (gf180mcu_fd_sc_mcu7t5v0__clkbuf_16)
     3    0.015126    0.083931    0.222064    0.449863 ^ clkbuf_1_1__f_in_clk/Z (gf180mcu_fd_sc_mcu7t5v0__clkbuf_16)
                                                         clknet_1_1__leaf_in_clk (net)
                      0.083931    0.000156    0.450019 ^ _32_/CLK (gf180mcu_fd_sc_mcu7t5v0__dffrnq_1)
                                  0.200000    0.650019   clock uncertainty
                                  0.000000    0.650019   clock reconvergence pessimism
                                  0.401298    1.051317   library removal time
                                              1.051317   data required time
---------------------------------------------------------------------------------------------
                                              1.051317   data required time
                                             -1.813912   data arrival time
---------------------------------------------------------------------------------------------
                                              0.762595   slack (MET)


Startpoint: _31_ (rising edge-triggered flip-flop clocked by in_clk)
Endpoint: _31_ (rising edge-triggered flip-flop clocked by in_clk)
Path Group: in_clk
Path Type: min

Fanout         Cap        Slew       Delay        Time   Description
---------------------------------------------------------------------------------------------
                                  0.000000    0.000000   clock in_clk (rise edge)
                                  0.000000    0.000000   clock source latency
     1    0.029520    0.000015    0.000676    0.000676 ^ in_clk (in)
                                                         in_clk (net)
                      0.001631    0.000000    0.000676 ^ clkbuf_0_in_clk/I (gf180mcu_fd_sc_mcu7t5v0__clkbuf_16)
     2    0.049304    0.114245    0.225939    0.226615 ^ clkbuf_0_in_clk/Z (gf180mcu_fd_sc_mcu7t5v0__clkbuf_16)
                                                         clknet_0_in_clk (net)
                      0.114249    0.001184    0.227799 ^ clkbuf_1_1__f_in_clk/I (gf180mcu_fd_sc_mcu7t5v0__clkbuf_16)
     3    0.015126    0.083931    0.222064    0.449863 ^ clkbuf_1_1__f_in_clk/Z (gf180mcu_fd_sc_mcu7t5v0__clkbuf_16)
                                                         clknet_1_1__leaf_in_clk (net)
                      0.083931    0.000196    0.450059 ^ _31_/CLK (gf180mcu_fd_sc_mcu7t5v0__dffsnq_1)
     2    0.009610    0.167975    0.794909    1.244968 v _31_/Q (gf180mcu_fd_sc_mcu7t5v0__dffsnq_1)
                                                         net2 (net)
                      0.167975    0.000206    1.245174 v _26_/A3 (gf180mcu_fd_sc_mcu7t5v0__nand3_1)
     1    0.006095    0.277657    0.222538    1.467712 ^ _26_/ZN (gf180mcu_fd_sc_mcu7t5v0__nand3_1)
                                                         _13_ (net)
                      0.277657    0.000125    1.467837 ^ _27_/B (gf180mcu_fd_sc_mcu7t5v0__oai21_1)
     1    0.004101    0.150503    0.133094    1.600931 v _27_/ZN (gf180mcu_fd_sc_mcu7t5v0__oai21_1)
                                                         _03_ (net)
                      0.150503    0.000050    1.600981 v _31_/D (gf180mcu_fd_sc_mcu7t5v0__dffsnq_1)
                                              1.600981   data arrival time

                                  0.000000    0.000000   clock in_clk (rise edge)
                                  0.000000    0.000000   clock source latency
     1    0.029520    0.000015    0.000676    0.000676 ^ in_clk (in)
                                                         in_clk (net)
                      0.001631    0.000000    0.000676 ^ clkbuf_0_in_clk/I (gf180mcu_fd_sc_mcu7t5v0__clkbuf_16)
     2    0.049304    0.114245    0.225939    0.226615 ^ clkbuf_0_in_clk/Z (gf180mcu_fd_sc_mcu7t5v0__clkbuf_16)
                                                         clknet_0_in_clk (net)
                      0.114249    0.001184    0.227799 ^ clkbuf_1_1__f_in_clk/I (gf180mcu_fd_sc_mcu7t5v0__clkbuf_16)
     3    0.015126    0.083931    0.222064    0.449863 ^ clkbuf_1_1__f_in_clk/Z (gf180mcu_fd_sc_mcu7t5v0__clkbuf_16)
                                                         clknet_1_1__leaf_in_clk (net)
                      0.083931    0.000196    0.450059 ^ _31_/CLK (gf180mcu_fd_sc_mcu7t5v0__dffsnq_1)
                                  0.200000    0.650059   clock uncertainty
                                  0.000000    0.650059   clock reconvergence pessimism
                                  0.018997    0.669056   library hold time
                                              0.669056   data required time
---------------------------------------------------------------------------------------------
                                              0.669056   data required time
                                             -1.600981   data arrival time
---------------------------------------------------------------------------------------------
                                              0.931925   slack (MET)


Startpoint: _34_ (rising edge-triggered flip-flop clocked by in_clk)
Endpoint: _34_ (rising edge-triggered flip-flop clocked by in_clk)
Path Group: in_clk
Path Type: min

Fanout         Cap        Slew       Delay        Time   Description
---------------------------------------------------------------------------------------------
                                  0.000000    0.000000   clock in_clk (rise edge)
                                  0.000000    0.000000   clock source latency
     1    0.029520    0.000015    0.000676    0.000676 ^ in_clk (in)
                                                         in_clk (net)
                      0.001631    0.000000    0.000676 ^ clkbuf_0_in_clk/I (gf180mcu_fd_sc_mcu7t5v0__clkbuf_16)
     2    0.049304    0.114245    0.225939    0.226615 ^ clkbuf_0_in_clk/Z (gf180mcu_fd_sc_mcu7t5v0__clkbuf_16)
                                                         clknet_0_in_clk (net)
                      0.114249    0.001196    0.227811 ^ clkbuf_1_0__f_in_clk/I (gf180mcu_fd_sc_mcu7t5v0__clkbuf_16)
     4    0.020226    0.088648    0.226321    0.454133 ^ clkbuf_1_0__f_in_clk/Z (gf180mcu_fd_sc_mcu7t5v0__clkbuf_16)
                                                         clknet_1_0__leaf_in_clk (net)
                      0.088648    0.000205    0.454338 ^ _34_/CLK (gf180mcu_fd_sc_mcu7t5v0__dffrnq_1)
     6    0.032199    0.349403    0.863393    1.317730 v _34_/Q (gf180mcu_fd_sc_mcu7t5v0__dffrnq_1)
                                                         counter[0] (net)
                      0.349403    0.000415    1.318145 v _19_/B (gf180mcu_fd_sc_mcu7t5v0__aoi21_1)
     1    0.003421    0.247742    0.216242    1.534387 ^ _19_/ZN (gf180mcu_fd_sc_mcu7t5v0__aoi21_1)
                                                         _00_ (net)
                      0.247742    0.000034    1.534421 ^ _34_/D (gf180mcu_fd_sc_mcu7t5v0__dffrnq_1)
                                              1.534421   data arrival time

                                  0.000000    0.000000   clock in_clk (rise edge)
                                  0.000000    0.000000   clock source latency
     1    0.029520    0.000015    0.000676    0.000676 ^ in_clk (in)
                                                         in_clk (net)
                      0.001631    0.000000    0.000676 ^ clkbuf_0_in_clk/I (gf180mcu_fd_sc_mcu7t5v0__clkbuf_16)
     2    0.049304    0.114245    0.225939    0.226615 ^ clkbuf_0_in_clk/Z (gf180mcu_fd_sc_mcu7t5v0__clkbuf_16)
                                                         clknet_0_in_clk (net)
                      0.114249    0.001196    0.227811 ^ clkbuf_1_0__f_in_clk/I (gf180mcu_fd_sc_mcu7t5v0__clkbuf_16)
     4    0.020226    0.088648    0.226321    0.454133 ^ clkbuf_1_0__f_in_clk/Z (gf180mcu_fd_sc_mcu7t5v0__clkbuf_16)
                                                         clknet_1_0__leaf_in_clk (net)
                      0.088648    0.000205    0.454338 ^ _34_/CLK (gf180mcu_fd_sc_mcu7t5v0__dffrnq_1)
                                  0.200000    0.654338   clock uncertainty
                                  0.000000    0.654338   clock reconvergence pessimism
                                 -0.117849    0.536488   library hold time
                                              0.536488   data required time
---------------------------------------------------------------------------------------------
                                              0.536488   data required time
                                             -1.534421   data arrival time
---------------------------------------------------------------------------------------------
                                              0.997933   slack (MET)


Startpoint: rst (input port clocked by in_clk)
Endpoint: _31_ (removal check against rising-edge clock in_clk)
Path Group: asynchronous
Path Type: min

Fanout         Cap        Slew       Delay        Time   Description
---------------------------------------------------------------------------------------------
                                  0.000000    0.000000   clock in_clk (rise edge)
                                  0.000000    0.000000   clock network delay (propagated)
                                  0.500000    0.500000 ^ input external delay
     1    0.003960    0.000002    0.000052    0.500052 ^ rst (in)
                                                         rst (net)
                      0.000124    0.000000    0.500052 ^ input1/I (gf180mcu_fd_sc_mcu7t5v0__dlyb_1)
     6    0.053757    0.913215    1.313081    1.813133 ^ input1/Z (gf180mcu_fd_sc_mcu7t5v0__dlyb_1)
                                                         net1 (net)
                      0.913215    0.000786    1.813919 ^ _31_/SETN (gf180mcu_fd_sc_mcu7t5v0__dffsnq_1)
                                              1.813919   data arrival time

                                  0.000000    0.000000   clock in_clk (rise edge)
                                  0.000000    0.000000   clock source latency
     1    0.029520    0.000015    0.000676    0.000676 ^ in_clk (in)
                                                         in_clk (net)
                      0.001631    0.000000    0.000676 ^ clkbuf_0_in_clk/I (gf180mcu_fd_sc_mcu7t5v0__clkbuf_16)
     2    0.049304    0.114245    0.225939    0.226615 ^ clkbuf_0_in_clk/Z (gf180mcu_fd_sc_mcu7t5v0__clkbuf_16)
                                                         clknet_0_in_clk (net)
                      0.114249    0.001184    0.227799 ^ clkbuf_1_1__f_in_clk/I (gf180mcu_fd_sc_mcu7t5v0__clkbuf_16)
     3    0.015126    0.083931    0.222064    0.449863 ^ clkbuf_1_1__f_in_clk/Z (gf180mcu_fd_sc_mcu7t5v0__clkbuf_16)
                                                         clknet_1_1__leaf_in_clk (net)
                      0.083931    0.000196    0.450059 ^ _31_/CLK (gf180mcu_fd_sc_mcu7t5v0__dffsnq_1)
                                  0.200000    0.650059   clock uncertainty
                                  0.000000    0.650059   clock reconvergence pessimism
                                  0.113915    0.763974   library removal time
                                              0.763974   data required time
---------------------------------------------------------------------------------------------
                                              0.763974   data required time
                                             -1.813919   data arrival time
---------------------------------------------------------------------------------------------
                                              1.049945   slack (MET)


Startpoint: _36_ (rising edge-triggered flip-flop clocked by in_clk)
Endpoint: _36_ (rising edge-triggered flip-flop clocked by in_clk)
Path Group: in_clk
Path Type: min

Fanout         Cap        Slew       Delay        Time   Description
---------------------------------------------------------------------------------------------
                                  0.000000    0.000000   clock in_clk (rise edge)
                                  0.000000    0.000000   clock source latency
     1    0.029520    0.000015    0.000676    0.000676 ^ in_clk (in)
                                                         in_clk (net)
                      0.001631    0.000000    0.000676 ^ clkbuf_0_in_clk/I (gf180mcu_fd_sc_mcu7t5v0__clkbuf_16)
     2    0.049304    0.114245    0.225939    0.226615 ^ clkbuf_0_in_clk/Z (gf180mcu_fd_sc_mcu7t5v0__clkbuf_16)
                                                         clknet_0_in_clk (net)
                      0.114249    0.001196    0.227811 ^ clkbuf_1_0__f_in_clk/I (gf180mcu_fd_sc_mcu7t5v0__clkbuf_16)
     4    0.020226    0.088648    0.226321    0.454133 ^ clkbuf_1_0__f_in_clk/Z (gf180mcu_fd_sc_mcu7t5v0__clkbuf_16)
                                                         clknet_1_0__leaf_in_clk (net)
                      0.088648    0.000266    0.454399 ^ _36_/CLK (gf180mcu_fd_sc_mcu7t5v0__dffrnq_1)
     8    0.049867    0.511973    0.968450    1.422848 v _36_/Q (gf180mcu_fd_sc_mcu7t5v0__dffrnq_1)
                                                         counter[2] (net)
                      0.511980    0.001056    1.423904 v _25_/S (gf180mcu_fd_sc_mcu7t5v0__mux2_2)
     1    0.006069    0.126492    0.421753    1.845657 v _25_/Z (gf180mcu_fd_sc_mcu7t5v0__mux2_2)
                                                         _02_ (net)
                      0.126492    0.000130    1.845788 v _36_/D (gf180mcu_fd_sc_mcu7t5v0__dffrnq_1)
                                              1.845788   data arrival time

                                  0.000000    0.000000   clock in_clk (rise edge)
                                  0.000000    0.000000   clock source latency
     1    0.029520    0.000015    0.000676    0.000676 ^ in_clk (in)
                                                         in_clk (net)
                      0.001631    0.000000    0.000676 ^ clkbuf_0_in_clk/I (gf180mcu_fd_sc_mcu7t5v0__clkbuf_16)
     2    0.049304    0.114245    0.225939    0.226615 ^ clkbuf_0_in_clk/Z (gf180mcu_fd_sc_mcu7t5v0__clkbuf_16)
                                                         clknet_0_in_clk (net)
                      0.114249    0.001196    0.227811 ^ clkbuf_1_0__f_in_clk/I (gf180mcu_fd_sc_mcu7t5v0__clkbuf_16)
     4    0.020226    0.088648    0.226321    0.454133 ^ clkbuf_1_0__f_in_clk/Z (gf180mcu_fd_sc_mcu7t5v0__clkbuf_16)
                                                         clknet_1_0__leaf_in_clk (net)
                      0.088648    0.000266    0.454399 ^ _36_/CLK (gf180mcu_fd_sc_mcu7t5v0__dffrnq_1)
                                  0.200000    0.654399   clock uncertainty
                                  0.000000    0.654399   clock reconvergence pessimism
                                  0.128817    0.783216   library hold time
                                              0.783216   data required time
---------------------------------------------------------------------------------------------
                                              0.783216   data required time
                                             -1.845788   data arrival time
---------------------------------------------------------------------------------------------
                                              1.062572   slack (MET)


Startpoint: _34_ (rising edge-triggered flip-flop clocked by in_clk)
Endpoint: _35_ (rising edge-triggered flip-flop clocked by in_clk)
Path Group: in_clk
Path Type: min

Fanout         Cap        Slew       Delay        Time   Description
---------------------------------------------------------------------------------------------
                                  0.000000    0.000000   clock in_clk (rise edge)
                                  0.000000    0.000000   clock source latency
     1    0.029520    0.000015    0.000676    0.000676 ^ in_clk (in)
                                                         in_clk (net)
                      0.001631    0.000000    0.000676 ^ clkbuf_0_in_clk/I (gf180mcu_fd_sc_mcu7t5v0__clkbuf_16)
     2    0.049304    0.114245    0.225939    0.226615 ^ clkbuf_0_in_clk/Z (gf180mcu_fd_sc_mcu7t5v0__clkbuf_16)
                                                         clknet_0_in_clk (net)
                      0.114249    0.001196    0.227811 ^ clkbuf_1_0__f_in_clk/I (gf180mcu_fd_sc_mcu7t5v0__clkbuf_16)
     4    0.020226    0.088648    0.226321    0.454133 ^ clkbuf_1_0__f_in_clk/Z (gf180mcu_fd_sc_mcu7t5v0__clkbuf_16)
                                                         clknet_1_0__leaf_in_clk (net)
                      0.088648    0.000205    0.454338 ^ _34_/CLK (gf180mcu_fd_sc_mcu7t5v0__dffrnq_1)
     6    0.032199    0.349403    0.863393    1.317730 v _34_/Q (gf180mcu_fd_sc_mcu7t5v0__dffrnq_1)
                                                         counter[0] (net)
                      0.349404    0.000498    1.318228 v _23_/A1 (gf180mcu_fd_sc_mcu7t5v0__nor2_1)
     2    0.010414    0.434744    0.334967    1.653195 ^ _23_/ZN (gf180mcu_fd_sc_mcu7t5v0__nor2_1)
                                                         _12_ (net)
                      0.434744    0.000093    1.653288 ^ _24_/A3 (gf180mcu_fd_sc_mcu7t5v0__nor3_1)
     1    0.003422    0.179633    0.198738    1.852027 v _24_/ZN (gf180mcu_fd_sc_mcu7t5v0__nor3_1)
                                                         _01_ (net)
                      0.179633    0.000034    1.852060 v _35_/D (gf180mcu_fd_sc_mcu7t5v0__dffrnq_1)
                                              1.852060   data arrival time

                                  0.000000    0.000000   clock in_clk (rise edge)
                                  0.000000    0.000000   clock source latency
     1    0.029520    0.000015    0.000676    0.000676 ^ in_clk (in)
                                                         in_clk (net)
                      0.001631    0.000000    0.000676 ^ clkbuf_0_in_clk/I (gf180mcu_fd_sc_mcu7t5v0__clkbuf_16)
     2    0.049304    0.114245    0.225939    0.226615 ^ clkbuf_0_in_clk/Z (gf180mcu_fd_sc_mcu7t5v0__clkbuf_16)
                                                         clknet_0_in_clk (net)
                      0.114249    0.001196    0.227811 ^ clkbuf_1_0__f_in_clk/I (gf180mcu_fd_sc_mcu7t5v0__clkbuf_16)
     4    0.020226    0.088648    0.226321    0.454133 ^ clkbuf_1_0__f_in_clk/Z (gf180mcu_fd_sc_mcu7t5v0__clkbuf_16)
                                                         clknet_1_0__leaf_in_clk (net)
                      0.088648    0.000279    0.454412 ^ _35_/CLK (gf180mcu_fd_sc_mcu7t5v0__dffrnq_1)
                                  0.200000    0.654412   clock uncertainty
                                  0.000000    0.654412   clock reconvergence pessimism
                                  0.117827    0.772239   library hold time
                                              0.772239   data required time
---------------------------------------------------------------------------------------------
                                              0.772239   data required time
                                             -1.852060   data arrival time
---------------------------------------------------------------------------------------------
                                              1.079821   slack (MET)


Startpoint: _32_ (rising edge-triggered flip-flop clocked by in_clk)
Endpoint: out_clk2 (output port clocked by in_clk)
Path Group: in_clk
Path Type: min

Fanout         Cap        Slew       Delay        Time   Description
---------------------------------------------------------------------------------------------
                                  0.000000    0.000000   clock in_clk (rise edge)
                                  0.000000    0.000000   clock source latency
     1    0.029520    0.000015    0.000676    0.000676 ^ in_clk (in)
                                                         in_clk (net)
                      0.001631    0.000000    0.000676 ^ clkbuf_0_in_clk/I (gf180mcu_fd_sc_mcu7t5v0__clkbuf_16)
     2    0.049304    0.114245    0.225939    0.226615 ^ clkbuf_0_in_clk/Z (gf180mcu_fd_sc_mcu7t5v0__clkbuf_16)
                                                         clknet_0_in_clk (net)
                      0.114249    0.001184    0.227799 ^ clkbuf_1_1__f_in_clk/I (gf180mcu_fd_sc_mcu7t5v0__clkbuf_16)
     3    0.015126    0.083931    0.222064    0.449863 ^ clkbuf_1_1__f_in_clk/Z (gf180mcu_fd_sc_mcu7t5v0__clkbuf_16)
                                                         clknet_1_1__leaf_in_clk (net)
                      0.083931    0.000156    0.450019 ^ _32_/CLK (gf180mcu_fd_sc_mcu7t5v0__dffrnq_1)
     2    0.008614    0.146443    0.711966    1.161985 v _32_/Q (gf180mcu_fd_sc_mcu7t5v0__dffrnq_1)
                                                         net3 (net)
                      0.146443    0.000105    1.162090 v output3/I (gf180mcu_fd_sc_mcu7t5v0__dlyb_1)
     1    0.036421    0.488695    1.246918    2.409008 v output3/Z (gf180mcu_fd_sc_mcu7t5v0__dlyb_1)
                                                         out_clk2 (net)
                      0.488695    0.000849    2.409857 v out_clk2 (out)
                                              2.409857   data arrival time

                                  0.000000    0.000000   clock in_clk (rise edge)
                                  0.000000    0.000000   clock network delay (propagated)
                                  0.200000    0.200000   clock uncertainty
                                  0.000000    0.200000   clock reconvergence pessimism
                                 -0.500000   -0.300000   output external delay
                                             -0.300000   data required time
---------------------------------------------------------------------------------------------
                                             -0.300000   data required time
                                             -2.409857   data arrival time
---------------------------------------------------------------------------------------------
                                              2.709857   slack (MET)


Startpoint: _33_ (rising edge-triggered flip-flop clocked by in_clk)
Endpoint: out_clk_cic (output port clocked by in_clk)
Path Group: in_clk
Path Type: min

Fanout         Cap        Slew       Delay        Time   Description
---------------------------------------------------------------------------------------------
                                  0.000000    0.000000   clock in_clk (rise edge)
                                  0.000000    0.000000   clock source latency
     1    0.029520    0.000015    0.000676    0.000676 ^ in_clk (in)
                                                         in_clk (net)
                      0.001631    0.000000    0.000676 ^ clkbuf_0_in_clk/I (gf180mcu_fd_sc_mcu7t5v0__clkbuf_16)
     2    0.049304    0.114245    0.225939    0.226615 ^ clkbuf_0_in_clk/Z (gf180mcu_fd_sc_mcu7t5v0__clkbuf_16)
                                                         clknet_0_in_clk (net)
                      0.114249    0.001184    0.227799 ^ clkbuf_1_1__f_in_clk/I (gf180mcu_fd_sc_mcu7t5v0__clkbuf_16)
     3    0.015126    0.083931    0.222064    0.449863 ^ clkbuf_1_1__f_in_clk/Z (gf180mcu_fd_sc_mcu7t5v0__clkbuf_16)
                                                         clknet_1_1__leaf_in_clk (net)
                      0.083931    0.000172    0.450035 ^ _33_/CLK (gf180mcu_fd_sc_mcu7t5v0__dffrnq_1)
     2    0.009286    0.151976    0.716489    1.166523 v _33_/Q (gf180mcu_fd_sc_mcu7t5v0__dffrnq_1)
                                                         net5 (net)
                      0.151976    0.000129    1.166652 v output5/I (gf180mcu_fd_sc_mcu7t5v0__dlyb_1)
     1    0.036586    0.490450    1.250120    2.416772 v output5/Z (gf180mcu_fd_sc_mcu7t5v0__dlyb_1)
                                                         out_clk_cic (net)
                      0.490450    0.000880    2.417653 v out_clk_cic (out)
                                              2.417653   data arrival time

                                  0.000000    0.000000   clock in_clk (rise edge)
                                  0.000000    0.000000   clock network delay (propagated)
                                  0.200000    0.200000   clock uncertainty
                                  0.000000    0.200000   clock reconvergence pessimism
                                 -0.500000   -0.300000   output external delay
                                             -0.300000   data required time
---------------------------------------------------------------------------------------------
                                             -0.300000   data required time
                                             -2.417653   data arrival time
---------------------------------------------------------------------------------------------
                                              2.717653   slack (MET)


Startpoint: _31_ (rising edge-triggered flip-flop clocked by in_clk)
Endpoint: out_clk1 (output port clocked by in_clk)
Path Group: in_clk
Path Type: min

Fanout         Cap        Slew       Delay        Time   Description
---------------------------------------------------------------------------------------------
                                  0.000000    0.000000   clock in_clk (rise edge)
                                  0.000000    0.000000   clock source latency
     1    0.029520    0.000015    0.000676    0.000676 ^ in_clk (in)
                                                         in_clk (net)
                      0.001631    0.000000    0.000676 ^ clkbuf_0_in_clk/I (gf180mcu_fd_sc_mcu7t5v0__clkbuf_16)
     2    0.049304    0.114245    0.225939    0.226615 ^ clkbuf_0_in_clk/Z (gf180mcu_fd_sc_mcu7t5v0__clkbuf_16)
                                                         clknet_0_in_clk (net)
                      0.114249    0.001184    0.227799 ^ clkbuf_1_1__f_in_clk/I (gf180mcu_fd_sc_mcu7t5v0__clkbuf_16)
     3    0.015126    0.083931    0.222064    0.449863 ^ clkbuf_1_1__f_in_clk/Z (gf180mcu_fd_sc_mcu7t5v0__clkbuf_16)
                                                         clknet_1_1__leaf_in_clk (net)
                      0.083931    0.000196    0.450059 ^ _31_/CLK (gf180mcu_fd_sc_mcu7t5v0__dffsnq_1)
     2    0.009610    0.221316    0.791392    1.241452 ^ _31_/Q (gf180mcu_fd_sc_mcu7t5v0__dffsnq_1)
                                                         net2 (net)
                      0.221316    0.000205    1.241656 ^ output2/I (gf180mcu_fd_sc_mcu7t5v0__dlyb_1)
     1    0.036945    0.647945    1.191146    2.432802 ^ output2/Z (gf180mcu_fd_sc_mcu7t5v0__dlyb_1)
                                                         out_clk1 (net)
                      0.647945    0.000613    2.433415 ^ out_clk1 (out)
                                              2.433415   data arrival time

                                  0.000000    0.000000   clock in_clk (rise edge)
                                  0.000000    0.000000   clock network delay (propagated)
                                  0.200000    0.200000   clock uncertainty
                                  0.000000    0.200000   clock reconvergence pessimism
                                 -0.500000   -0.300000   output external delay
                                             -0.300000   data required time
---------------------------------------------------------------------------------------------
                                             -0.300000   data required time
                                             -2.433415   data arrival time
---------------------------------------------------------------------------------------------
                                              2.733415   slack (MET)


Startpoint: _32_ (rising edge-triggered flip-flop clocked by in_clk)
Endpoint: out_clk2B (output port clocked by in_clk)
Path Group: in_clk
Path Type: min

Fanout         Cap        Slew       Delay        Time   Description
---------------------------------------------------------------------------------------------
                                  0.000000    0.000000   clock in_clk (rise edge)
                                  0.000000    0.000000   clock source latency
     1    0.029520    0.000015    0.000676    0.000676 ^ in_clk (in)
                                                         in_clk (net)
                      0.001631    0.000000    0.000676 ^ clkbuf_0_in_clk/I (gf180mcu_fd_sc_mcu7t5v0__clkbuf_16)
     2    0.049304    0.114245    0.225939    0.226615 ^ clkbuf_0_in_clk/Z (gf180mcu_fd_sc_mcu7t5v0__clkbuf_16)
                                                         clknet_0_in_clk (net)
                      0.114249    0.001184    0.227799 ^ clkbuf_1_1__f_in_clk/I (gf180mcu_fd_sc_mcu7t5v0__clkbuf_16)
     3    0.015126    0.083931    0.222064    0.449863 ^ clkbuf_1_1__f_in_clk/Z (gf180mcu_fd_sc_mcu7t5v0__clkbuf_16)
                                                         clknet_1_1__leaf_in_clk (net)
                      0.083931    0.000156    0.450019 ^ _32_/CLK (gf180mcu_fd_sc_mcu7t5v0__dffrnq_1)
     2    0.008614    0.146443    0.711966    1.161985 v _32_/Q (gf180mcu_fd_sc_mcu7t5v0__dffrnq_1)
                                                         net3 (net)
                      0.146443    0.000073    1.162058 v _16_/I (gf180mcu_fd_sc_mcu7t5v0__clkinv_1)
     2    0.010624    0.216415    0.168781    1.330839 ^ _16_/ZN (gf180mcu_fd_sc_mcu7t5v0__clkinv_1)
                                                         net4 (net)
                      0.216415    0.000091    1.330929 ^ output4/I (gf180mcu_fd_sc_mcu7t5v0__dlyb_1)
     1    0.037054    0.649636    1.191615    2.522545 ^ output4/Z (gf180mcu_fd_sc_mcu7t5v0__dlyb_1)
                                                         out_clk2B (net)
                      0.649636    0.000622    2.523167 ^ out_clk2B (out)
                                              2.523167   data arrival time

                                  0.000000    0.000000   clock in_clk (rise edge)
                                  0.000000    0.000000   clock network delay (propagated)
                                  0.200000    0.200000   clock uncertainty
                                  0.000000    0.200000   clock reconvergence pessimism
                                 -0.500000   -0.300000   output external delay
                                             -0.300000   data required time
---------------------------------------------------------------------------------------------
                                             -0.300000   data required time
                                             -2.523167   data arrival time
---------------------------------------------------------------------------------------------
                                              2.823167   slack (MET)



%OL_END_REPORT
%OL_CREATE_REPORT max.rpt

===========================================================================
report_checks -path_delay max (Setup)
============================================================================
======================= nom_tt_025C_5v00 Corner ===================================

Startpoint: _32_ (rising edge-triggered flip-flop clocked by in_clk)
Endpoint: out_clk2B (output port clocked by in_clk)
Path Group: in_clk
Path Type: max

Fanout         Cap        Slew       Delay        Time   Description
---------------------------------------------------------------------------------------------
                                  0.000000    0.000000   clock in_clk (rise edge)
                                  0.000000    0.000000   clock source latency
     1    0.029520    0.000015    0.000676    0.000676 ^ in_clk (in)
                                                         in_clk (net)
                      0.001631    0.000000    0.000676 ^ clkbuf_0_in_clk/I (gf180mcu_fd_sc_mcu7t5v0__clkbuf_16)
     2    0.049304    0.114245    0.225939    0.226615 ^ clkbuf_0_in_clk/Z (gf180mcu_fd_sc_mcu7t5v0__clkbuf_16)
                                                         clknet_0_in_clk (net)
                      0.114249    0.001184    0.227799 ^ clkbuf_1_1__f_in_clk/I (gf180mcu_fd_sc_mcu7t5v0__clkbuf_16)
     3    0.015126    0.083931    0.222064    0.449863 ^ clkbuf_1_1__f_in_clk/Z (gf180mcu_fd_sc_mcu7t5v0__clkbuf_16)
                                                         clknet_1_1__leaf_in_clk (net)
                      0.083931    0.000156    0.450019 ^ _32_/CLK (gf180mcu_fd_sc_mcu7t5v0__dffrnq_1)
     2    0.008614    0.228079    0.914780    1.364799 ^ _32_/Q (gf180mcu_fd_sc_mcu7t5v0__dffrnq_1)
                                                         net3 (net)
                      0.228079    0.000073    1.364871 ^ _16_/I (gf180mcu_fd_sc_mcu7t5v0__clkinv_1)
     2    0.010624    0.219107    0.186198    1.551069 v _16_/ZN (gf180mcu_fd_sc_mcu7t5v0__clkinv_1)
                                                         net4 (net)
                      0.219107    0.000091    1.551160 v output4/I (gf180mcu_fd_sc_mcu7t5v0__dlyb_1)
     1    0.037054    0.494283    1.277578    2.828738 v output4/Z (gf180mcu_fd_sc_mcu7t5v0__dlyb_1)
                                                         out_clk2B (net)
                      0.494283    0.000622    2.829360 v out_clk2B (out)
                                              2.829360   data arrival time

                                 13.563000   13.563000   clock in_clk (rise edge)
                                  0.000000   13.563000   clock network delay (propagated)
                                 -0.200000   13.363000   clock uncertainty
                                  0.000000   13.363000   clock reconvergence pessimism
                                 -2.500000   10.863000   output external delay
                                             10.863000   data required time
---------------------------------------------------------------------------------------------
                                             10.863000   data required time
                                             -2.829360   data arrival time
---------------------------------------------------------------------------------------------
                                              8.033640   slack (MET)


Startpoint: _33_ (rising edge-triggered flip-flop clocked by in_clk)
Endpoint: out_clk_cic (output port clocked by in_clk)
Path Group: in_clk
Path Type: max

Fanout         Cap        Slew       Delay        Time   Description
---------------------------------------------------------------------------------------------
                                  0.000000    0.000000   clock in_clk (rise edge)
                                  0.000000    0.000000   clock source latency
     1    0.029520    0.000015    0.000676    0.000676 ^ in_clk (in)
                                                         in_clk (net)
                      0.001631    0.000000    0.000676 ^ clkbuf_0_in_clk/I (gf180mcu_fd_sc_mcu7t5v0__clkbuf_16)
     2    0.049304    0.114245    0.225939    0.226615 ^ clkbuf_0_in_clk/Z (gf180mcu_fd_sc_mcu7t5v0__clkbuf_16)
                                                         clknet_0_in_clk (net)
                      0.114249    0.001184    0.227799 ^ clkbuf_1_1__f_in_clk/I (gf180mcu_fd_sc_mcu7t5v0__clkbuf_16)
     3    0.015126    0.083931    0.222064    0.449863 ^ clkbuf_1_1__f_in_clk/Z (gf180mcu_fd_sc_mcu7t5v0__clkbuf_16)
                                                         clknet_1_1__leaf_in_clk (net)
                      0.083931    0.000172    0.450035 ^ _33_/CLK (gf180mcu_fd_sc_mcu7t5v0__dffrnq_1)
     2    0.009286    0.237946    0.921424    1.371459 ^ _33_/Q (gf180mcu_fd_sc_mcu7t5v0__dffrnq_1)
                                                         net5 (net)
                      0.237946    0.000129    1.371587 ^ output5/I (gf180mcu_fd_sc_mcu7t5v0__dlyb_1)
     1    0.036586    0.642289    1.189450    2.561037 ^ output5/Z (gf180mcu_fd_sc_mcu7t5v0__dlyb_1)
                                                         out_clk_cic (net)
                      0.642293    0.000880    2.561918 ^ out_clk_cic (out)
                                              2.561918   data arrival time

                                 13.563000   13.563000   clock in_clk (rise edge)
                                  0.000000   13.563000   clock network delay (propagated)
                                 -0.200000   13.363000   clock uncertainty
                                  0.000000   13.363000   clock reconvergence pessimism
                                 -2.500000   10.863000   output external delay
                                             10.863000   data required time
---------------------------------------------------------------------------------------------
                                             10.863000   data required time
                                             -2.561918   data arrival time
---------------------------------------------------------------------------------------------
                                              8.301082   slack (MET)


Startpoint: _32_ (rising edge-triggered flip-flop clocked by in_clk)
Endpoint: out_clk2 (output port clocked by in_clk)
Path Group: in_clk
Path Type: max

Fanout         Cap        Slew       Delay        Time   Description
---------------------------------------------------------------------------------------------
                                  0.000000    0.000000   clock in_clk (rise edge)
                                  0.000000    0.000000   clock source latency
     1    0.029520    0.000015    0.000676    0.000676 ^ in_clk (in)
                                                         in_clk (net)
                      0.001631    0.000000    0.000676 ^ clkbuf_0_in_clk/I (gf180mcu_fd_sc_mcu7t5v0__clkbuf_16)
     2    0.049304    0.114245    0.225939    0.226615 ^ clkbuf_0_in_clk/Z (gf180mcu_fd_sc_mcu7t5v0__clkbuf_16)
                                                         clknet_0_in_clk (net)
                      0.114249    0.001184    0.227799 ^ clkbuf_1_1__f_in_clk/I (gf180mcu_fd_sc_mcu7t5v0__clkbuf_16)
     3    0.015126    0.083931    0.222064    0.449863 ^ clkbuf_1_1__f_in_clk/Z (gf180mcu_fd_sc_mcu7t5v0__clkbuf_16)
                                                         clknet_1_1__leaf_in_clk (net)
                      0.083931    0.000156    0.450019 ^ _32_/CLK (gf180mcu_fd_sc_mcu7t5v0__dffrnq_1)
     2    0.008614    0.228079    0.914780    1.364799 ^ _32_/Q (gf180mcu_fd_sc_mcu7t5v0__dffrnq_1)
                                                         net3 (net)
                      0.228079    0.000105    1.364904 ^ output3/I (gf180mcu_fd_sc_mcu7t5v0__dlyb_1)
     1    0.036421    0.639690    1.186883    2.551787 ^ output3/Z (gf180mcu_fd_sc_mcu7t5v0__dlyb_1)
                                                         out_clk2 (net)
                      0.639694    0.000849    2.552636 ^ out_clk2 (out)
                                              2.552636   data arrival time

                                 13.563000   13.563000   clock in_clk (rise edge)
                                  0.000000   13.563000   clock network delay (propagated)
                                 -0.200000   13.363000   clock uncertainty
                                  0.000000   13.363000   clock reconvergence pessimism
                                 -2.500000   10.863000   output external delay
                                             10.863000   data required time
---------------------------------------------------------------------------------------------
                                             10.863000   data required time
                                             -2.552636   data arrival time
---------------------------------------------------------------------------------------------
                                              8.310364   slack (MET)


Startpoint: _31_ (rising edge-triggered flip-flop clocked by in_clk)
Endpoint: out_clk1 (output port clocked by in_clk)
Path Group: in_clk
Path Type: max

Fanout         Cap        Slew       Delay        Time   Description
---------------------------------------------------------------------------------------------
                                  0.000000    0.000000   clock in_clk (rise edge)
                                  0.000000    0.000000   clock source latency
     1    0.029520    0.000015    0.000676    0.000676 ^ in_clk (in)
                                                         in_clk (net)
                      0.001631    0.000000    0.000676 ^ clkbuf_0_in_clk/I (gf180mcu_fd_sc_mcu7t5v0__clkbuf_16)
     2    0.049304    0.114245    0.225939    0.226615 ^ clkbuf_0_in_clk/Z (gf180mcu_fd_sc_mcu7t5v0__clkbuf_16)
                                                         clknet_0_in_clk (net)
                      0.114249    0.001184    0.227799 ^ clkbuf_1_1__f_in_clk/I (gf180mcu_fd_sc_mcu7t5v0__clkbuf_16)
     3    0.015126    0.083931    0.222064    0.449863 ^ clkbuf_1_1__f_in_clk/Z (gf180mcu_fd_sc_mcu7t5v0__clkbuf_16)
                                                         clknet_1_1__leaf_in_clk (net)
                      0.083931    0.000196    0.450059 ^ _31_/CLK (gf180mcu_fd_sc_mcu7t5v0__dffsnq_1)
     2    0.009610    0.167975    0.794909    1.244968 v _31_/Q (gf180mcu_fd_sc_mcu7t5v0__dffsnq_1)
                                                         net2 (net)
                      0.167975    0.000205    1.245173 v output2/I (gf180mcu_fd_sc_mcu7t5v0__dlyb_1)
     1    0.036945    0.493485    1.258522    2.503695 v output2/Z (gf180mcu_fd_sc_mcu7t5v0__dlyb_1)
                                                         out_clk1 (net)
                      0.493485    0.000613    2.504308 v out_clk1 (out)
                                              2.504308   data arrival time

                                 13.563000   13.563000   clock in_clk (rise edge)
                                  0.000000   13.563000   clock network delay (propagated)
                                 -0.200000   13.363000   clock uncertainty
                                  0.000000   13.363000   clock reconvergence pessimism
                                 -2.500000   10.863000   output external delay
                                             10.863000   data required time
---------------------------------------------------------------------------------------------
                                             10.863000   data required time
                                             -2.504308   data arrival time
---------------------------------------------------------------------------------------------
                                              8.358692   slack (MET)


Startpoint: rst (input port clocked by in_clk)
Endpoint: _31_ (recovery check against rising-edge clock in_clk)
Path Group: asynchronous
Path Type: max

Fanout         Cap        Slew       Delay        Time   Description
---------------------------------------------------------------------------------------------
                                  0.000000    0.000000   clock in_clk (rise edge)
                                  0.000000    0.000000   clock network delay (propagated)
                                  2.000000    2.000000 ^ input external delay
     1    0.003960    0.000002    0.000052    2.000052 ^ rst (in)
                                                         rst (net)
                      0.000124    0.000000    2.000052 ^ input1/I (gf180mcu_fd_sc_mcu7t5v0__dlyb_1)
     6    0.053757    0.913215    1.313081    3.313133 ^ input1/Z (gf180mcu_fd_sc_mcu7t5v0__dlyb_1)
                                                         net1 (net)
                      0.913215    0.000786    3.313919 ^ _31_/SETN (gf180mcu_fd_sc_mcu7t5v0__dffsnq_1)
                                              3.313919   data arrival time

                                 13.563000   13.563000   clock in_clk (rise edge)
                                  0.000000   13.563000   clock source latency
     1    0.029520    0.000015    0.000676   13.563676 ^ in_clk (in)
                                                         in_clk (net)
                      0.001631    0.000000   13.563676 ^ clkbuf_0_in_clk/I (gf180mcu_fd_sc_mcu7t5v0__clkbuf_16)
     2    0.049304    0.114245    0.225939   13.789616 ^ clkbuf_0_in_clk/Z (gf180mcu_fd_sc_mcu7t5v0__clkbuf_16)
                                                         clknet_0_in_clk (net)
                      0.114249    0.001184   13.790799 ^ clkbuf_1_1__f_in_clk/I (gf180mcu_fd_sc_mcu7t5v0__clkbuf_16)
     3    0.015126    0.083931    0.222063   14.012862 ^ clkbuf_1_1__f_in_clk/Z (gf180mcu_fd_sc_mcu7t5v0__clkbuf_16)
                                                         clknet_1_1__leaf_in_clk (net)
                      0.083931    0.000196   14.013059 ^ _31_/CLK (gf180mcu_fd_sc_mcu7t5v0__dffsnq_1)
                                 -0.200000   13.813059   clock uncertainty
                                  0.000000   13.813059   clock reconvergence pessimism
                                 -0.117844   13.695215   library recovery time
                                             13.695215   data required time
---------------------------------------------------------------------------------------------
                                             13.695215   data required time
                                             -3.313919   data arrival time
---------------------------------------------------------------------------------------------
                                             10.381296   slack (MET)


Startpoint: rst (input port clocked by in_clk)
Endpoint: _32_ (recovery check against rising-edge clock in_clk)
Path Group: asynchronous
Path Type: max

Fanout         Cap        Slew       Delay        Time   Description
---------------------------------------------------------------------------------------------
                                  0.000000    0.000000   clock in_clk (rise edge)
                                  0.000000    0.000000   clock network delay (propagated)
                                  2.000000    2.000000 ^ input external delay
     1    0.003960    0.000002    0.000052    2.000052 ^ rst (in)
                                                         rst (net)
                      0.000124    0.000000    2.000052 ^ input1/I (gf180mcu_fd_sc_mcu7t5v0__dlyb_1)
     6    0.053757    0.913215    1.313081    3.313133 ^ input1/Z (gf180mcu_fd_sc_mcu7t5v0__dlyb_1)
                                                         net1 (net)
                      0.913215    0.000779    3.313912 ^ _32_/RN (gf180mcu_fd_sc_mcu7t5v0__dffrnq_1)
                                              3.313912   data arrival time

                                 13.563000   13.563000   clock in_clk (rise edge)
                                  0.000000   13.563000   clock source latency
     1    0.029520    0.000015    0.000676   13.563676 ^ in_clk (in)
                                                         in_clk (net)
                      0.001631    0.000000   13.563676 ^ clkbuf_0_in_clk/I (gf180mcu_fd_sc_mcu7t5v0__clkbuf_16)
     2    0.049304    0.114245    0.225939   13.789616 ^ clkbuf_0_in_clk/Z (gf180mcu_fd_sc_mcu7t5v0__clkbuf_16)
                                                         clknet_0_in_clk (net)
                      0.114249    0.001184   13.790799 ^ clkbuf_1_1__f_in_clk/I (gf180mcu_fd_sc_mcu7t5v0__clkbuf_16)
     3    0.015126    0.083931    0.222063   14.012862 ^ clkbuf_1_1__f_in_clk/Z (gf180mcu_fd_sc_mcu7t5v0__clkbuf_16)
                                                         clknet_1_1__leaf_in_clk (net)
                      0.083931    0.000156   14.013019 ^ _32_/CLK (gf180mcu_fd_sc_mcu7t5v0__dffrnq_1)
                                 -0.200000   13.813019   clock uncertainty
                                  0.000000   13.813019   clock reconvergence pessimism
                                  0.078941   13.891960   library recovery time
                                             13.891960   data required time
---------------------------------------------------------------------------------------------
                                             13.891960   data required time
                                             -3.313912   data arrival time
---------------------------------------------------------------------------------------------
                                             10.578048   slack (MET)


Startpoint: rst (input port clocked by in_clk)
Endpoint: _33_ (recovery check against rising-edge clock in_clk)
Path Group: asynchronous
Path Type: max

Fanout         Cap        Slew       Delay        Time   Description
---------------------------------------------------------------------------------------------
                                  0.000000    0.000000   clock in_clk (rise edge)
                                  0.000000    0.000000   clock network delay (propagated)
                                  2.000000    2.000000 ^ input external delay
     1    0.003960    0.000002    0.000052    2.000052 ^ rst (in)
                                                         rst (net)
                      0.000124    0.000000    2.000052 ^ input1/I (gf180mcu_fd_sc_mcu7t5v0__dlyb_1)
     6    0.053757    0.913215    1.313081    3.313133 ^ input1/Z (gf180mcu_fd_sc_mcu7t5v0__dlyb_1)
                                                         net1 (net)
                      0.913215    0.000738    3.313871 ^ _33_/RN (gf180mcu_fd_sc_mcu7t5v0__dffrnq_1)
                                              3.313871   data arrival time

                                 13.563000   13.563000   clock in_clk (rise edge)
                                  0.000000   13.563000   clock source latency
     1    0.029520    0.000015    0.000676   13.563676 ^ in_clk (in)
                                                         in_clk (net)
                      0.001631    0.000000   13.563676 ^ clkbuf_0_in_clk/I (gf180mcu_fd_sc_mcu7t5v0__clkbuf_16)
     2    0.049304    0.114245    0.225939   13.789616 ^ clkbuf_0_in_clk/Z (gf180mcu_fd_sc_mcu7t5v0__clkbuf_16)
                                                         clknet_0_in_clk (net)
                      0.114249    0.001184   13.790799 ^ clkbuf_1_1__f_in_clk/I (gf180mcu_fd_sc_mcu7t5v0__clkbuf_16)
     3    0.015126    0.083931    0.222063   14.012862 ^ clkbuf_1_1__f_in_clk/Z (gf180mcu_fd_sc_mcu7t5v0__clkbuf_16)
                                                         clknet_1_1__leaf_in_clk (net)
                      0.083931    0.000172   14.013035 ^ _33_/CLK (gf180mcu_fd_sc_mcu7t5v0__dffrnq_1)
                                 -0.200000   13.813035   clock uncertainty
                                  0.000000   13.813035   clock reconvergence pessimism
                                  0.078941   13.891976   library recovery time
                                             13.891976   data required time
---------------------------------------------------------------------------------------------
                                             13.891976   data required time
                                             -3.313871   data arrival time
---------------------------------------------------------------------------------------------
                                             10.578105   slack (MET)


Startpoint: rst (input port clocked by in_clk)
Endpoint: _34_ (recovery check against rising-edge clock in_clk)
Path Group: asynchronous
Path Type: max

Fanout         Cap        Slew       Delay        Time   Description
---------------------------------------------------------------------------------------------
                                  0.000000    0.000000   clock in_clk (rise edge)
                                  0.000000    0.000000   clock network delay (propagated)
                                  2.000000    2.000000 ^ input external delay
     1    0.003960    0.000002    0.000052    2.000052 ^ rst (in)
                                                         rst (net)
                      0.000124    0.000000    2.000052 ^ input1/I (gf180mcu_fd_sc_mcu7t5v0__dlyb_1)
     6    0.053757    0.913215    1.313081    3.313133 ^ input1/Z (gf180mcu_fd_sc_mcu7t5v0__dlyb_1)
                                                         net1 (net)
                      0.913218    0.000957    3.314090 ^ _34_/RN (gf180mcu_fd_sc_mcu7t5v0__dffrnq_1)
                                              3.314090   data arrival time

                                 13.563000   13.563000   clock in_clk (rise edge)
                                  0.000000   13.563000   clock source latency
     1    0.029520    0.000015    0.000676   13.563676 ^ in_clk (in)
                                                         in_clk (net)
                      0.001631    0.000000   13.563676 ^ clkbuf_0_in_clk/I (gf180mcu_fd_sc_mcu7t5v0__clkbuf_16)
     2    0.049304    0.114245    0.225939   13.789616 ^ clkbuf_0_in_clk/Z (gf180mcu_fd_sc_mcu7t5v0__clkbuf_16)
                                                         clknet_0_in_clk (net)
                      0.114249    0.001196   13.790812 ^ clkbuf_1_0__f_in_clk/I (gf180mcu_fd_sc_mcu7t5v0__clkbuf_16)
     4    0.020226    0.088648    0.226321   14.017133 ^ clkbuf_1_0__f_in_clk/Z (gf180mcu_fd_sc_mcu7t5v0__clkbuf_16)
                                                         clknet_1_0__leaf_in_clk (net)
                      0.088648    0.000205   14.017338 ^ _34_/CLK (gf180mcu_fd_sc_mcu7t5v0__dffrnq_1)
                                 -0.200000   13.817338   clock uncertainty
                                  0.000000   13.817338   clock reconvergence pessimism
                                  0.079587   13.896925   library recovery time
                                             13.896925   data required time
---------------------------------------------------------------------------------------------
                                             13.896925   data required time
                                             -3.314090   data arrival time
---------------------------------------------------------------------------------------------
                                             10.582834   slack (MET)


Startpoint: rst (input port clocked by in_clk)
Endpoint: _36_ (recovery check against rising-edge clock in_clk)
Path Group: asynchronous
Path Type: max

Fanout         Cap        Slew       Delay        Time   Description
---------------------------------------------------------------------------------------------
                                  0.000000    0.000000   clock in_clk (rise edge)
                                  0.000000    0.000000   clock network delay (propagated)
                                  2.000000    2.000000 ^ input external delay
     1    0.003960    0.000002    0.000052    2.000052 ^ rst (in)
                                                         rst (net)
                      0.000124    0.000000    2.000052 ^ input1/I (gf180mcu_fd_sc_mcu7t5v0__dlyb_1)
     6    0.053757    0.913215    1.313081    3.313133 ^ input1/Z (gf180mcu_fd_sc_mcu7t5v0__dlyb_1)
                                                         net1 (net)
                      0.913218    0.000935    3.314068 ^ _36_/RN (gf180mcu_fd_sc_mcu7t5v0__dffrnq_1)
                                              3.314068   data arrival time

                                 13.563000   13.563000   clock in_clk (rise edge)
                                  0.000000   13.563000   clock source latency
     1    0.029520    0.000015    0.000676   13.563676 ^ in_clk (in)
                                                         in_clk (net)
                      0.001631    0.000000   13.563676 ^ clkbuf_0_in_clk/I (gf180mcu_fd_sc_mcu7t5v0__clkbuf_16)
     2    0.049304    0.114245    0.225939   13.789616 ^ clkbuf_0_in_clk/Z (gf180mcu_fd_sc_mcu7t5v0__clkbuf_16)
                                                         clknet_0_in_clk (net)
                      0.114249    0.001196   13.790812 ^ clkbuf_1_0__f_in_clk/I (gf180mcu_fd_sc_mcu7t5v0__clkbuf_16)
     4    0.020226    0.088648    0.226321   14.017133 ^ clkbuf_1_0__f_in_clk/Z (gf180mcu_fd_sc_mcu7t5v0__clkbuf_16)
                                                         clknet_1_0__leaf_in_clk (net)
                      0.088648    0.000266   14.017398 ^ _36_/CLK (gf180mcu_fd_sc_mcu7t5v0__dffrnq_1)
                                 -0.200000   13.817398   clock uncertainty
                                  0.000000   13.817398   clock reconvergence pessimism
                                  0.079587   13.896985   library recovery time
                                             13.896985   data required time
---------------------------------------------------------------------------------------------
                                             13.896985   data required time
                                             -3.314068   data arrival time
---------------------------------------------------------------------------------------------
                                             10.582917   slack (MET)


Startpoint: rst (input port clocked by in_clk)
Endpoint: _35_ (recovery check against rising-edge clock in_clk)
Path Group: asynchronous
Path Type: max

Fanout         Cap        Slew       Delay        Time   Description
---------------------------------------------------------------------------------------------
                                  0.000000    0.000000   clock in_clk (rise edge)
                                  0.000000    0.000000   clock network delay (propagated)
                                  2.000000    2.000000 ^ input external delay
     1    0.003960    0.000002    0.000052    2.000052 ^ rst (in)
                                                         rst (net)
                      0.000124    0.000000    2.000052 ^ input1/I (gf180mcu_fd_sc_mcu7t5v0__dlyb_1)
     6    0.053757    0.913215    1.313081    3.313133 ^ input1/Z (gf180mcu_fd_sc_mcu7t5v0__dlyb_1)
                                                         net1 (net)
                      0.913215    0.000821    3.313954 ^ _35_/RN (gf180mcu_fd_sc_mcu7t5v0__dffrnq_1)
                                              3.313954   data arrival time

                                 13.563000   13.563000   clock in_clk (rise edge)
                                  0.000000   13.563000   clock source latency
     1    0.029520    0.000015    0.000676   13.563676 ^ in_clk (in)
                                                         in_clk (net)
                      0.001631    0.000000   13.563676 ^ clkbuf_0_in_clk/I (gf180mcu_fd_sc_mcu7t5v0__clkbuf_16)
     2    0.049304    0.114245    0.225939   13.789616 ^ clkbuf_0_in_clk/Z (gf180mcu_fd_sc_mcu7t5v0__clkbuf_16)
                                                         clknet_0_in_clk (net)
                      0.114249    0.001196   13.790812 ^ clkbuf_1_0__f_in_clk/I (gf180mcu_fd_sc_mcu7t5v0__clkbuf_16)
     4    0.020226    0.088648    0.226321   14.017133 ^ clkbuf_1_0__f_in_clk/Z (gf180mcu_fd_sc_mcu7t5v0__clkbuf_16)
                                                         clknet_1_0__leaf_in_clk (net)
                      0.088648    0.000279   14.017411 ^ _35_/CLK (gf180mcu_fd_sc_mcu7t5v0__dffrnq_1)
                                 -0.200000   13.817411   clock uncertainty
                                  0.000000   13.817411   clock reconvergence pessimism
                                  0.079588   13.896999   library recovery time
                                             13.896999   data required time
---------------------------------------------------------------------------------------------
                                             13.896999   data required time
                                             -3.313954   data arrival time
---------------------------------------------------------------------------------------------
                                             10.583046   slack (MET)


Startpoint: _36_ (rising edge-triggered flip-flop clocked by in_clk)
Endpoint: _33_ (rising edge-triggered flip-flop clocked by in_clk)
Path Group: in_clk
Path Type: max

Fanout         Cap        Slew       Delay        Time   Description
---------------------------------------------------------------------------------------------
                                  0.000000    0.000000   clock in_clk (rise edge)
                                  0.000000    0.000000   clock source latency
     1    0.029520    0.000015    0.000676    0.000676 ^ in_clk (in)
                                                         in_clk (net)
                      0.001631    0.000000    0.000676 ^ clkbuf_0_in_clk/I (gf180mcu_fd_sc_mcu7t5v0__clkbuf_16)
     2    0.049304    0.114245    0.225939    0.226615 ^ clkbuf_0_in_clk/Z (gf180mcu_fd_sc_mcu7t5v0__clkbuf_16)
                                                         clknet_0_in_clk (net)
                      0.114249    0.001196    0.227811 ^ clkbuf_1_0__f_in_clk/I (gf180mcu_fd_sc_mcu7t5v0__clkbuf_16)
     4    0.020226    0.088648    0.226321    0.454133 ^ clkbuf_1_0__f_in_clk/Z (gf180mcu_fd_sc_mcu7t5v0__clkbuf_16)
                                                         clknet_1_0__leaf_in_clk (net)
                      0.088648    0.000266    0.454399 ^ _36_/CLK (gf180mcu_fd_sc_mcu7t5v0__dffrnq_1)
     8    0.049867    0.855587    1.304996    1.759395 ^ _36_/Q (gf180mcu_fd_sc_mcu7t5v0__dffrnq_1)
                                                         counter[2] (net)
                      0.855591    0.001132    1.760527 ^ _22_/B (gf180mcu_fd_sc_mcu7t5v0__aoi21_1)
     1    0.005133    0.407709    0.277171    2.037698 v _22_/ZN (gf180mcu_fd_sc_mcu7t5v0__aoi21_1)
                                                         _11_ (net)
                      0.407709    0.000061    2.037759 v _30_/B (gf180mcu_fd_sc_mcu7t5v0__aoi21_1)
     1    0.005190    0.367423    0.317324    2.355083 ^ _30_/ZN (gf180mcu_fd_sc_mcu7t5v0__aoi21_1)
                                                         _05_ (net)
                      0.367423    0.000114    2.355197 ^ _33_/D (gf180mcu_fd_sc_mcu7t5v0__dffrnq_1)
                                              2.355197   data arrival time

                                 13.563000   13.563000   clock in_clk (rise edge)
                                  0.000000   13.563000   clock source latency
     1    0.029520    0.000015    0.000676   13.563676 ^ in_clk (in)
                                                         in_clk (net)
                      0.001631    0.000000   13.563676 ^ clkbuf_0_in_clk/I (gf180mcu_fd_sc_mcu7t5v0__clkbuf_16)
     2    0.049304    0.114245    0.225939   13.789616 ^ clkbuf_0_in_clk/Z (gf180mcu_fd_sc_mcu7t5v0__clkbuf_16)
                                                         clknet_0_in_clk (net)
                      0.114249    0.001184   13.790799 ^ clkbuf_1_1__f_in_clk/I (gf180mcu_fd_sc_mcu7t5v0__clkbuf_16)
     3    0.015126    0.083931    0.222063   14.012862 ^ clkbuf_1_1__f_in_clk/Z (gf180mcu_fd_sc_mcu7t5v0__clkbuf_16)
                                                         clknet_1_1__leaf_in_clk (net)
                      0.083931    0.000172   14.013035 ^ _33_/CLK (gf180mcu_fd_sc_mcu7t5v0__dffrnq_1)
                                 -0.200000   13.813035   clock uncertainty
                                  0.000000   13.813035   clock reconvergence pessimism
                                 -0.350317   13.462718   library setup time
                                             13.462718   data required time
---------------------------------------------------------------------------------------------
                                             13.462718   data required time
                                             -2.355197   data arrival time
---------------------------------------------------------------------------------------------
                                             11.107521   slack (MET)


Startpoint: _35_ (rising edge-triggered flip-flop clocked by in_clk)
Endpoint: _36_ (rising edge-triggered flip-flop clocked by in_clk)
Path Group: in_clk
Path Type: max

Fanout         Cap        Slew       Delay        Time   Description
---------------------------------------------------------------------------------------------
                                  0.000000    0.000000   clock in_clk (rise edge)
                                  0.000000    0.000000   clock source latency
     1    0.029520    0.000015    0.000676    0.000676 ^ in_clk (in)
                                                         in_clk (net)
                      0.001631    0.000000    0.000676 ^ clkbuf_0_in_clk/I (gf180mcu_fd_sc_mcu7t5v0__clkbuf_16)
     2    0.049304    0.114245    0.225939    0.226615 ^ clkbuf_0_in_clk/Z (gf180mcu_fd_sc_mcu7t5v0__clkbuf_16)
                                                         clknet_0_in_clk (net)
                      0.114249    0.001196    0.227811 ^ clkbuf_1_0__f_in_clk/I (gf180mcu_fd_sc_mcu7t5v0__clkbuf_16)
     4    0.020226    0.088648    0.226321    0.454133 ^ clkbuf_1_0__f_in_clk/Z (gf180mcu_fd_sc_mcu7t5v0__clkbuf_16)
                                                         clknet_1_0__leaf_in_clk (net)
                      0.088648    0.000279    0.454412 ^ _35_/CLK (gf180mcu_fd_sc_mcu7t5v0__dffrnq_1)
     8    0.041050    0.717145    1.223868    1.678280 ^ _35_/Q (gf180mcu_fd_sc_mcu7t5v0__dffrnq_1)
                                                         counter[1] (net)
                      0.717145    0.000486    1.678765 ^ _20_/A2 (gf180mcu_fd_sc_mcu7t5v0__and2_1)
     2    0.011216    0.255177    0.389687    2.068453 ^ _20_/Z (gf180mcu_fd_sc_mcu7t5v0__and2_1)
                                                         _09_ (net)
                      0.255177    0.000217    2.068670 ^ _25_/I0 (gf180mcu_fd_sc_mcu7t5v0__mux2_2)
     1    0.006069    0.125485    0.284705    2.353375 ^ _25_/Z (gf180mcu_fd_sc_mcu7t5v0__mux2_2)
                                                         _02_ (net)
                      0.125485    0.000130    2.353505 ^ _36_/D (gf180mcu_fd_sc_mcu7t5v0__dffrnq_1)
                                              2.353505   data arrival time

                                 13.563000   13.563000   clock in_clk (rise edge)
                                  0.000000   13.563000   clock source latency
     1    0.029520    0.000015    0.000676   13.563676 ^ in_clk (in)
                                                         in_clk (net)
                      0.001631    0.000000   13.563676 ^ clkbuf_0_in_clk/I (gf180mcu_fd_sc_mcu7t5v0__clkbuf_16)
     2    0.049304    0.114245    0.225939   13.789616 ^ clkbuf_0_in_clk/Z (gf180mcu_fd_sc_mcu7t5v0__clkbuf_16)
                                                         clknet_0_in_clk (net)
                      0.114249    0.001196   13.790812 ^ clkbuf_1_0__f_in_clk/I (gf180mcu_fd_sc_mcu7t5v0__clkbuf_16)
     4    0.020226    0.088648    0.226321   14.017133 ^ clkbuf_1_0__f_in_clk/Z (gf180mcu_fd_sc_mcu7t5v0__clkbuf_16)
                                                         clknet_1_0__leaf_in_clk (net)
                      0.088648    0.000266   14.017398 ^ _36_/CLK (gf180mcu_fd_sc_mcu7t5v0__dffrnq_1)
                                 -0.200000   13.817398   clock uncertainty
                                  0.000000   13.817398   clock reconvergence pessimism
                                 -0.306121   13.511277   library setup time
                                             13.511277   data required time
---------------------------------------------------------------------------------------------
                                             13.511277   data required time
                                             -2.353505   data arrival time
---------------------------------------------------------------------------------------------
                                             11.157772   slack (MET)


Startpoint: _35_ (rising edge-triggered flip-flop clocked by in_clk)
Endpoint: _35_ (rising edge-triggered flip-flop clocked by in_clk)
Path Group: in_clk
Path Type: max

Fanout         Cap        Slew       Delay        Time   Description
---------------------------------------------------------------------------------------------
                                  0.000000    0.000000   clock in_clk (rise edge)
                                  0.000000    0.000000   clock source latency
     1    0.029520    0.000015    0.000676    0.000676 ^ in_clk (in)
                                                         in_clk (net)
                      0.001631    0.000000    0.000676 ^ clkbuf_0_in_clk/I (gf180mcu_fd_sc_mcu7t5v0__clkbuf_16)
     2    0.049304    0.114245    0.225939    0.226615 ^ clkbuf_0_in_clk/Z (gf180mcu_fd_sc_mcu7t5v0__clkbuf_16)
                                                         clknet_0_in_clk (net)
                      0.114249    0.001196    0.227811 ^ clkbuf_1_0__f_in_clk/I (gf180mcu_fd_sc_mcu7t5v0__clkbuf_16)
     4    0.020226    0.088648    0.226321    0.454133 ^ clkbuf_1_0__f_in_clk/Z (gf180mcu_fd_sc_mcu7t5v0__clkbuf_16)
                                                         clknet_1_0__leaf_in_clk (net)
                      0.088648    0.000279    0.454412 ^ _35_/CLK (gf180mcu_fd_sc_mcu7t5v0__dffrnq_1)
     8    0.041050    0.717145    1.223868    1.678280 ^ _35_/Q (gf180mcu_fd_sc_mcu7t5v0__dffrnq_1)
                                                         counter[1] (net)
                      0.717145    0.000554    1.678833 ^ _23_/A2 (gf180mcu_fd_sc_mcu7t5v0__nor2_1)
     2    0.010414    0.350033    0.256825    1.935659 v _23_/ZN (gf180mcu_fd_sc_mcu7t5v0__nor2_1)
                                                         _12_ (net)
                      0.350033    0.000093    1.935752 v _24_/A3 (gf180mcu_fd_sc_mcu7t5v0__nor3_1)
     1    0.003422    0.386297    0.304065    2.239817 ^ _24_/ZN (gf180mcu_fd_sc_mcu7t5v0__nor3_1)
                                                         _01_ (net)
                      0.386297    0.000034    2.239850 ^ _35_/D (gf180mcu_fd_sc_mcu7t5v0__dffrnq_1)
                                              2.239850   data arrival time

                                 13.563000   13.563000   clock in_clk (rise edge)
                                  0.000000   13.563000   clock source latency
     1    0.029520    0.000015    0.000676   13.563676 ^ in_clk (in)
                                                         in_clk (net)
                      0.001631    0.000000   13.563676 ^ clkbuf_0_in_clk/I (gf180mcu_fd_sc_mcu7t5v0__clkbuf_16)
     2    0.049304    0.114245    0.225939   13.789616 ^ clkbuf_0_in_clk/Z (gf180mcu_fd_sc_mcu7t5v0__clkbuf_16)
                                                         clknet_0_in_clk (net)
                      0.114249    0.001196   13.790812 ^ clkbuf_1_0__f_in_clk/I (gf180mcu_fd_sc_mcu7t5v0__clkbuf_16)
     4    0.020226    0.088648    0.226321   14.017133 ^ clkbuf_1_0__f_in_clk/Z (gf180mcu_fd_sc_mcu7t5v0__clkbuf_16)
                                                         clknet_1_0__leaf_in_clk (net)
                      0.088648    0.000279   14.017411 ^ _35_/CLK (gf180mcu_fd_sc_mcu7t5v0__dffrnq_1)
                                 -0.200000   13.817411   clock uncertainty
                                  0.000000   13.817411   clock reconvergence pessimism
                                 -0.352595   13.464817   library setup time
                                             13.464817   data required time
---------------------------------------------------------------------------------------------
                                             13.464817   data required time
                                             -2.239850   data arrival time
---------------------------------------------------------------------------------------------
                                             11.224967   slack (MET)


Startpoint: _36_ (rising edge-triggered flip-flop clocked by in_clk)
Endpoint: _32_ (rising edge-triggered flip-flop clocked by in_clk)
Path Group: in_clk
Path Type: max

Fanout         Cap        Slew       Delay        Time   Description
---------------------------------------------------------------------------------------------
                                  0.000000    0.000000   clock in_clk (rise edge)
                                  0.000000    0.000000   clock source latency
     1    0.029520    0.000015    0.000676    0.000676 ^ in_clk (in)
                                                         in_clk (net)
                      0.001631    0.000000    0.000676 ^ clkbuf_0_in_clk/I (gf180mcu_fd_sc_mcu7t5v0__clkbuf_16)
     2    0.049304    0.114245    0.225939    0.226615 ^ clkbuf_0_in_clk/Z (gf180mcu_fd_sc_mcu7t5v0__clkbuf_16)
                                                         clknet_0_in_clk (net)
                      0.114249    0.001196    0.227811 ^ clkbuf_1_0__f_in_clk/I (gf180mcu_fd_sc_mcu7t5v0__clkbuf_16)
     4    0.020226    0.088648    0.226321    0.454133 ^ clkbuf_1_0__f_in_clk/Z (gf180mcu_fd_sc_mcu7t5v0__clkbuf_16)
                                                         clknet_1_0__leaf_in_clk (net)
                      0.088648    0.000266    0.454399 ^ _36_/CLK (gf180mcu_fd_sc_mcu7t5v0__dffrnq_1)
     8    0.049867    0.855587    1.304996    1.759395 ^ _36_/Q (gf180mcu_fd_sc_mcu7t5v0__dffrnq_1)
                                                         counter[2] (net)
                      0.855591    0.001084    1.760478 ^ _18_/A1 (gf180mcu_fd_sc_mcu7t5v0__and2_1)
     2    0.011081    0.255779    0.435733    2.196212 ^ _18_/Z (gf180mcu_fd_sc_mcu7t5v0__and2_1)
                                                         _08_ (net)
                      0.255779    0.000100    2.196312 ^ _29_/B2 (gf180mcu_fd_sc_mcu7t5v0__aoi22_1)
     1    0.004442    0.245290    0.184535    2.380847 v _29_/ZN (gf180mcu_fd_sc_mcu7t5v0__aoi22_1)
                                                         _04_ (net)
                      0.245290    0.000089    2.380936 v _32_/D (gf180mcu_fd_sc_mcu7t5v0__dffrnq_1)
                                              2.380936   data arrival time

                                 13.563000   13.563000   clock in_clk (rise edge)
                                  0.000000   13.563000   clock source latency
     1    0.029520    0.000015    0.000676   13.563676 ^ in_clk (in)
                                                         in_clk (net)
                      0.001631    0.000000   13.563676 ^ clkbuf_0_in_clk/I (gf180mcu_fd_sc_mcu7t5v0__clkbuf_16)
     2    0.049304    0.114245    0.225939   13.789616 ^ clkbuf_0_in_clk/Z (gf180mcu_fd_sc_mcu7t5v0__clkbuf_16)
                                                         clknet_0_in_clk (net)
                      0.114249    0.001184   13.790799 ^ clkbuf_1_1__f_in_clk/I (gf180mcu_fd_sc_mcu7t5v0__clkbuf_16)
     3    0.015126    0.083931    0.222063   14.012862 ^ clkbuf_1_1__f_in_clk/Z (gf180mcu_fd_sc_mcu7t5v0__clkbuf_16)
                                                         clknet_1_1__leaf_in_clk (net)
                      0.083931    0.000156   14.013019 ^ _32_/CLK (gf180mcu_fd_sc_mcu7t5v0__dffrnq_1)
                                 -0.200000   13.813019   clock uncertainty
                                  0.000000   13.813019   clock reconvergence pessimism
                                 -0.179687   13.633331   library setup time
                                             13.633331   data required time
---------------------------------------------------------------------------------------------
                                             13.633331   data required time
                                             -2.380936   data arrival time
---------------------------------------------------------------------------------------------
                                             11.252395   slack (MET)


Startpoint: _36_ (rising edge-triggered flip-flop clocked by in_clk)
Endpoint: _31_ (rising edge-triggered flip-flop clocked by in_clk)
Path Group: in_clk
Path Type: max

Fanout         Cap        Slew       Delay        Time   Description
---------------------------------------------------------------------------------------------
                                  0.000000    0.000000   clock in_clk (rise edge)
                                  0.000000    0.000000   clock source latency
     1    0.029520    0.000015    0.000676    0.000676 ^ in_clk (in)
                                                         in_clk (net)
                      0.001631    0.000000    0.000676 ^ clkbuf_0_in_clk/I (gf180mcu_fd_sc_mcu7t5v0__clkbuf_16)
     2    0.049304    0.114245    0.225939    0.226615 ^ clkbuf_0_in_clk/Z (gf180mcu_fd_sc_mcu7t5v0__clkbuf_16)
                                                         clknet_0_in_clk (net)
                      0.114249    0.001196    0.227811 ^ clkbuf_1_0__f_in_clk/I (gf180mcu_fd_sc_mcu7t5v0__clkbuf_16)
     4    0.020226    0.088648    0.226321    0.454133 ^ clkbuf_1_0__f_in_clk/Z (gf180mcu_fd_sc_mcu7t5v0__clkbuf_16)
                                                         clknet_1_0__leaf_in_clk (net)
                      0.088648    0.000266    0.454399 ^ _36_/CLK (gf180mcu_fd_sc_mcu7t5v0__dffrnq_1)
     8    0.049867    0.855587    1.304996    1.759395 ^ _36_/Q (gf180mcu_fd_sc_mcu7t5v0__dffrnq_1)
                                                         counter[2] (net)
                      0.855592    0.001223    1.760617 ^ _26_/A1 (gf180mcu_fd_sc_mcu7t5v0__nand3_1)
     1    0.006095    0.350692    0.228490    1.989108 v _26_/ZN (gf180mcu_fd_sc_mcu7t5v0__nand3_1)
                                                         _13_ (net)
                      0.350692    0.000125    1.989233 v _27_/B (gf180mcu_fd_sc_mcu7t5v0__oai21_1)
     1    0.004101    0.306467    0.259138    2.248370 ^ _27_/ZN (gf180mcu_fd_sc_mcu7t5v0__oai21_1)
                                                         _03_ (net)
                      0.306467    0.000050    2.248421 ^ _31_/D (gf180mcu_fd_sc_mcu7t5v0__dffsnq_1)
                                              2.248421   data arrival time

                                 13.563000   13.563000   clock in_clk (rise edge)
                                  0.000000   13.563000   clock source latency
     1    0.029520    0.000015    0.000676   13.563676 ^ in_clk (in)
                                                         in_clk (net)
                      0.001631    0.000000   13.563676 ^ clkbuf_0_in_clk/I (gf180mcu_fd_sc_mcu7t5v0__clkbuf_16)
     2    0.049304    0.114245    0.225939   13.789616 ^ clkbuf_0_in_clk/Z (gf180mcu_fd_sc_mcu7t5v0__clkbuf_16)
                                                         clknet_0_in_clk (net)
                      0.114249    0.001184   13.790799 ^ clkbuf_1_1__f_in_clk/I (gf180mcu_fd_sc_mcu7t5v0__clkbuf_16)
     3    0.015126    0.083931    0.222063   14.012862 ^ clkbuf_1_1__f_in_clk/Z (gf180mcu_fd_sc_mcu7t5v0__clkbuf_16)
                                                         clknet_1_1__leaf_in_clk (net)
                      0.083931    0.000196   14.013059 ^ _31_/CLK (gf180mcu_fd_sc_mcu7t5v0__dffsnq_1)
                                 -0.200000   13.813059   clock uncertainty
                                  0.000000   13.813059   clock reconvergence pessimism
                                 -0.264708   13.548351   library setup time
                                             13.548351   data required time
---------------------------------------------------------------------------------------------
                                             13.548351   data required time
                                             -2.248421   data arrival time
---------------------------------------------------------------------------------------------
                                             11.299931   slack (MET)


Startpoint: _36_ (rising edge-triggered flip-flop clocked by in_clk)
Endpoint: _34_ (rising edge-triggered flip-flop clocked by in_clk)
Path Group: in_clk
Path Type: max

Fanout         Cap        Slew       Delay        Time   Description
---------------------------------------------------------------------------------------------
                                  0.000000    0.000000   clock in_clk (rise edge)
                                  0.000000    0.000000   clock source latency
     1    0.029520    0.000015    0.000676    0.000676 ^ in_clk (in)
                                                         in_clk (net)
                      0.001631    0.000000    0.000676 ^ clkbuf_0_in_clk/I (gf180mcu_fd_sc_mcu7t5v0__clkbuf_16)
     2    0.049304    0.114245    0.225939    0.226615 ^ clkbuf_0_in_clk/Z (gf180mcu_fd_sc_mcu7t5v0__clkbuf_16)
                                                         clknet_0_in_clk (net)
                      0.114249    0.001196    0.227811 ^ clkbuf_1_0__f_in_clk/I (gf180mcu_fd_sc_mcu7t5v0__clkbuf_16)
     4    0.020226    0.088648    0.226321    0.454133 ^ clkbuf_1_0__f_in_clk/Z (gf180mcu_fd_sc_mcu7t5v0__clkbuf_16)
                                                         clknet_1_0__leaf_in_clk (net)
                      0.088648    0.000266    0.454399 ^ _36_/CLK (gf180mcu_fd_sc_mcu7t5v0__dffrnq_1)
     8    0.049867    0.855587    1.304996    1.759395 ^ _36_/Q (gf180mcu_fd_sc_mcu7t5v0__dffrnq_1)
                                                         counter[2] (net)
                      0.855590    0.001002    1.760397 ^ _19_/A1 (gf180mcu_fd_sc_mcu7t5v0__aoi21_1)
     1    0.003421    0.315194    0.115077    1.875474 v _19_/ZN (gf180mcu_fd_sc_mcu7t5v0__aoi21_1)
                                                         _00_ (net)
                      0.315194    0.000034    1.875508 v _34_/D (gf180mcu_fd_sc_mcu7t5v0__dffrnq_1)
                                              1.875508   data arrival time

                                 13.563000   13.563000   clock in_clk (rise edge)
                                  0.000000   13.563000   clock source latency
     1    0.029520    0.000015    0.000676   13.563676 ^ in_clk (in)
                                                         in_clk (net)
                      0.001631    0.000000   13.563676 ^ clkbuf_0_in_clk/I (gf180mcu_fd_sc_mcu7t5v0__clkbuf_16)
     2    0.049304    0.114245    0.225939   13.789616 ^ clkbuf_0_in_clk/Z (gf180mcu_fd_sc_mcu7t5v0__clkbuf_16)
                                                         clknet_0_in_clk (net)
                      0.114249    0.001196   13.790812 ^ clkbuf_1_0__f_in_clk/I (gf180mcu_fd_sc_mcu7t5v0__clkbuf_16)
     4    0.020226    0.088648    0.226321   14.017133 ^ clkbuf_1_0__f_in_clk/Z (gf180mcu_fd_sc_mcu7t5v0__clkbuf_16)
                                                         clknet_1_0__leaf_in_clk (net)
                      0.088648    0.000205   14.017338 ^ _34_/CLK (gf180mcu_fd_sc_mcu7t5v0__dffrnq_1)
                                 -0.200000   13.817338   clock uncertainty
                                  0.000000   13.817338   clock reconvergence pessimism
                                 -0.198792   13.618546   library setup time
                                             13.618546   data required time
---------------------------------------------------------------------------------------------
                                             13.618546   data required time
                                             -1.875508   data arrival time
---------------------------------------------------------------------------------------------
                                             11.743037   slack (MET)



%OL_END_REPORT
%OL_CREATE_REPORT checks.rpt

===========================================================================
report_checks -unconstrained
===========================================================================
======================= nom_tt_025C_5v00 Corner ===================================

Startpoint: rst (input port clocked by in_clk)
Endpoint: _31_ (recovery check against rising-edge clock in_clk)
Path Group: asynchronous
Path Type: max

Fanout         Cap        Slew       Delay        Time   Description
---------------------------------------------------------------------------------------------
                                  0.000000    0.000000   clock in_clk (rise edge)
                                  0.000000    0.000000   clock network delay (propagated)
                                  2.000000    2.000000 ^ input external delay
     1    0.003960    0.000002    0.000052    2.000052 ^ rst (in)
                                                         rst (net)
                      0.000124    0.000000    2.000052 ^ input1/I (gf180mcu_fd_sc_mcu7t5v0__dlyb_1)
     6    0.053757    0.913215    1.313081    3.313133 ^ input1/Z (gf180mcu_fd_sc_mcu7t5v0__dlyb_1)
                                                         net1 (net)
                      0.913215    0.000786    3.313919 ^ _31_/SETN (gf180mcu_fd_sc_mcu7t5v0__dffsnq_1)
                                              3.313919   data arrival time

                                 13.563000   13.563000   clock in_clk (rise edge)
                                  0.000000   13.563000   clock source latency
     1    0.029520    0.000015    0.000676   13.563676 ^ in_clk (in)
                                                         in_clk (net)
                      0.001631    0.000000   13.563676 ^ clkbuf_0_in_clk/I (gf180mcu_fd_sc_mcu7t5v0__clkbuf_16)
     2    0.049304    0.114245    0.225939   13.789616 ^ clkbuf_0_in_clk/Z (gf180mcu_fd_sc_mcu7t5v0__clkbuf_16)
                                                         clknet_0_in_clk (net)
                      0.114249    0.001184   13.790799 ^ clkbuf_1_1__f_in_clk/I (gf180mcu_fd_sc_mcu7t5v0__clkbuf_16)
     3    0.015126    0.083931    0.222063   14.012862 ^ clkbuf_1_1__f_in_clk/Z (gf180mcu_fd_sc_mcu7t5v0__clkbuf_16)
                                                         clknet_1_1__leaf_in_clk (net)
                      0.083931    0.000196   14.013059 ^ _31_/CLK (gf180mcu_fd_sc_mcu7t5v0__dffsnq_1)
                                 -0.200000   13.813059   clock uncertainty
                                  0.000000   13.813059   clock reconvergence pessimism
                                 -0.117844   13.695215   library recovery time
                                             13.695215   data required time
---------------------------------------------------------------------------------------------
                                             13.695215   data required time
                                             -3.313919   data arrival time
---------------------------------------------------------------------------------------------
                                             10.381296   slack (MET)


Startpoint: _32_ (rising edge-triggered flip-flop clocked by in_clk)
Endpoint: out_clk2B (output port clocked by in_clk)
Path Group: in_clk
Path Type: max

Fanout         Cap        Slew       Delay        Time   Description
---------------------------------------------------------------------------------------------
                                  0.000000    0.000000   clock in_clk (rise edge)
                                  0.000000    0.000000   clock source latency
     1    0.029520    0.000015    0.000676    0.000676 ^ in_clk (in)
                                                         in_clk (net)
                      0.001631    0.000000    0.000676 ^ clkbuf_0_in_clk/I (gf180mcu_fd_sc_mcu7t5v0__clkbuf_16)
     2    0.049304    0.114245    0.225939    0.226615 ^ clkbuf_0_in_clk/Z (gf180mcu_fd_sc_mcu7t5v0__clkbuf_16)
                                                         clknet_0_in_clk (net)
                      0.114249    0.001184    0.227799 ^ clkbuf_1_1__f_in_clk/I (gf180mcu_fd_sc_mcu7t5v0__clkbuf_16)
     3    0.015126    0.083931    0.222064    0.449863 ^ clkbuf_1_1__f_in_clk/Z (gf180mcu_fd_sc_mcu7t5v0__clkbuf_16)
                                                         clknet_1_1__leaf_in_clk (net)
                      0.083931    0.000156    0.450019 ^ _32_/CLK (gf180mcu_fd_sc_mcu7t5v0__dffrnq_1)
     2    0.008614    0.228079    0.914780    1.364799 ^ _32_/Q (gf180mcu_fd_sc_mcu7t5v0__dffrnq_1)
                                                         net3 (net)
                      0.228079    0.000073    1.364871 ^ _16_/I (gf180mcu_fd_sc_mcu7t5v0__clkinv_1)
     2    0.010624    0.219107    0.186198    1.551069 v _16_/ZN (gf180mcu_fd_sc_mcu7t5v0__clkinv_1)
                                                         net4 (net)
                      0.219107    0.000091    1.551160 v output4/I (gf180mcu_fd_sc_mcu7t5v0__dlyb_1)
     1    0.037054    0.494283    1.277578    2.828738 v output4/Z (gf180mcu_fd_sc_mcu7t5v0__dlyb_1)
                                                         out_clk2B (net)
                      0.494283    0.000622    2.829360 v out_clk2B (out)
                                              2.829360   data arrival time

                                 13.563000   13.563000   clock in_clk (rise edge)
                                  0.000000   13.563000   clock network delay (propagated)
                                 -0.200000   13.363000   clock uncertainty
                                  0.000000   13.363000   clock reconvergence pessimism
                                 -2.500000   10.863000   output external delay
                                             10.863000   data required time
---------------------------------------------------------------------------------------------
                                             10.863000   data required time
                                             -2.829360   data arrival time
---------------------------------------------------------------------------------------------
                                              8.033640   slack (MET)




===========================================================================
report_checks --slack_max -0.01
============================================================================
======================= nom_tt_025C_5v00 Corner ===================================

No paths found.


===========================================================================
 report_check_types -max_slew -max_cap -max_fanout -violators
============================================================================
======================= nom_tt_025C_5v00 Corner ===================================



===========================================================================
report_parasitic_annotation -report_unannotated
============================================================================
Found 1 unannotated drivers.
 clkload0/Z
Found 0 partially unannotated drivers.

===========================================================================
max slew violation count 0
Writing metric design__max_slew_violation__count__corner:nom_tt_025C_5v00: 0
max fanout violation count 0
Writing metric design__max_fanout_violation__count__corner:nom_tt_025C_5v00: 0
max cap violation count 0
Writing metric design__max_cap_violation__count__corner:nom_tt_025C_5v00: 0
============================================================================

===========================================================================
check_setup -verbose -unconstrained_endpoints -multiple_clock -no_clock -no_input_delay -loops -generated_clocks
===========================================================================
%OL_END_REPORT
%OL_CREATE_REPORT power.rpt

===========================================================================
 report_power
============================================================================
======================= nom_tt_025C_5v00 Corner ===================================

Group                    Internal    Switching      Leakage        Total
                            Power        Power        Power        Power (Watts)
------------------------------------------------------------------------
Sequential           2.730855e-04 0.000000e+00 2.816607e-09 2.730883e-04  22.6%
Combinational        2.428270e-06 4.954422e-06 2.531933e-09 7.385224e-06   0.6%
Clock                7.732064e-04 1.560422e-04 5.682283e-09 9.292543e-04  76.8%
Macro                0.000000e+00 0.000000e+00 0.000000e+00 0.000000e+00   0.0%
Pad                  0.000000e+00 0.000000e+00 0.000000e+00 0.000000e+00   0.0%
------------------------------------------------------------------------
Total                1.048720e-03 1.609966e-04 1.103082e-08 1.209728e-03 100.0%
                            86.7%        13.3%         0.0%
Writing metric power__internal__total: 0.001048720208927989
Writing metric power__switching__total: 0.00016099662752822042
Writing metric power__leakage__total: 1.1030823365842934e-8
Writing metric power__total: 0.001209727837704122

%OL_END_REPORT
%OL_CREATE_REPORT skew.min.rpt

===========================================================================
Clock Skew (Hold)
============================================================================
Writing metric clock__skew__worst_hold__corner:nom_tt_025C_5v00: -0.20007412959345075
======================= nom_tt_025C_5v00 Corner ===================================

Clock in_clk
0.454338 source latency _34_/CLK ^
-0.454412 target latency _35_/CLK ^
-0.200000 clock uncertainty
0.000000 CRPR
--------------
-0.200074 hold skew

%OL_END_REPORT
%OL_CREATE_REPORT skew.max.rpt

===========================================================================
Clock Skew (Setup)
============================================================================
Writing metric clock__skew__worst_setup__corner:nom_tt_025C_5v00: 0.2043929250369621
======================= nom_tt_025C_5v00 Corner ===================================

Clock in_clk
0.454412 source latency _35_/CLK ^
-0.450019 target latency _32_/CLK ^
0.200000 clock uncertainty
0.000000 CRPR
--------------
0.204393 setup skew

%OL_END_REPORT
%OL_CREATE_REPORT ws.min.rpt

===========================================================================
Worst Slack (Hold)
============================================================================
Writing metric timing__hold__ws__corner:nom_tt_025C_5v00: 0.6581910203160827
nom_tt_025C_5v00: 0.6581910203160827
%OL_END_REPORT
%OL_CREATE_REPORT ws.max.rpt

===========================================================================
Worst Slack (Setup)
============================================================================
Writing metric timing__setup__ws__corner:nom_tt_025C_5v00: 8.03363975859754
nom_tt_025C_5v00: 8.03363975859754
%OL_END_REPORT
%OL_CREATE_REPORT tns.min.rpt

===========================================================================
Total Negative Slack (Hold)
============================================================================
Writing metric timing__hold__tns__corner:nom_tt_025C_5v00: 0.0
nom_tt_025C_5v00: 0.0
%OL_END_REPORT
%OL_CREATE_REPORT tns.max.rpt

===========================================================================
Total Negative Slack (Setup)
============================================================================
Writing metric timing__setup__tns__corner:nom_tt_025C_5v00: 0.0
nom_tt_025C_5v00: 0.0
%OL_END_REPORT
%OL_CREATE_REPORT wns.min.rpt

===========================================================================
Worst Negative Slack (Hold)
============================================================================
Writing metric timing__hold__wns__corner:nom_tt_025C_5v00: 0
nom_tt_025C_5v00: 0
%OL_END_REPORT
%OL_CREATE_REPORT wns.max.rpt

===========================================================================
Worst Negative Slack (Setup)
============================================================================
Writing metric timing__setup__wns__corner:nom_tt_025C_5v00: 0.0
nom_tt_025C_5v00: 0.0
%OL_END_REPORT
%OL_CREATE_REPORT violator_list.rpt

===========================================================================
Violator List
============================================================================
Writing metric timing__hold_vio__count__corner:nom_tt_025C_5v00: 0
Writing metric timing__hold_r2r__ws__corner:nom_tt_025C_5v00: 0.658191
Writing metric timing__hold_r2r_vio__count__corner:nom_tt_025C_5v00: 0
Writing metric timing__setup_vio__count__corner:nom_tt_025C_5v00: 0
Writing metric timing__setup_r2r__ws__corner:nom_tt_025C_5v00: 11.107521
Writing metric timing__setup_r2r_vio__count__corner:nom_tt_025C_5v00: 0
%OL_END_REPORT
%OL_CREATE_REPORT unpropagated.rpt
%OL_END_REPORT
%OL_CREATE_REPORT clock.rpt
Clock: in_clk
Sources: in_clk 
Generated: no
Virtual: yes
Propagated: no
Period: 13.563000

===========================================================================
report_clock_properties
============================================================================
Clock                   Period          Waveform
----------------------------------------------------
in_clk               13.563000    0.000000  6.781500

===========================================================================
report_clock_latency
============================================================================
Clock in_clk
rise -> rise
    min     max
0.000000 0.000000 source latency
0.450019         network latency _32_/CLK
        0.454412 network latency _35_/CLK
---------------
0.450019 0.454412 latency
        0.004393 skew

fall -> fall
    min     max
0.000000 0.000000 source latency
0.437340         network latency _32_/CLK
        0.442073 network latency _35_/CLK
---------------
0.437340 0.442073 latency
        0.004733 skew



===========================================================================
report_clock_min_period
============================================================================
in_clk period_min = 2.46 fmax = 407.25
%OL_END_REPORT
